Time,MATLAB_RPM_1,MATLAB_RPM_2
0,0,0
0.01,0.013909524800117,0
0.02,0.0131168325679132,0
0.03,0.0123966396209085,0
0.04,0.011855036055459,0
0.05,0.0108552815802459,0
0.06,0.00995542871515308,0
0.07,0.00914267817284536,1.3877787807722e-16
0.08,0.00868420515650559,0.1
0.09,0.00736362024413464,0.1
0.1,0.00649919736430654,0.1
0.11,0.00531907455336861,0.1
0.12,0.00363615292247071,0.1
0.13,0.00195044347757564,0.1
0.14,0.000686528222784892,0.1
0.15,-5.01598727662092e-06,0.1
0.16,-0.000257739669889503,0.1
0.17,-0.000265622614287683,0.1
0.18,-0.000180840540491514,0.2
0.19,-8.99587975732105e-05,0.2
0.2,-2.6833307623162e-05,0.2
0.21,5.24458826044414e-06,0.2
0.22,1.5312973841837e-05,0.2
0.23,1.39617589128618e-05,0.2
0.24,8.8559625307396e-06,0.2
0.25,4.05448918438947e-06,0.2
0.26,9.49920338290769e-07,0.2
0.27,-5.05639633207802e-07,0.200000000000144
0.28,-8.74144944781481e-07,26.0999999999999
0.29,4.56366794117911,26.1
0.3,6.18736292462342,26.1
0.31,9.16617369253021,26.1
0.32,13.5929161429486,26.1
0.33,17.588268182388,26.1
0.34,21.3697519214765,26.1
0.35,24.6726599150993,26.1
0.36,25.2478835090678,26.1
0.37,31.7501671318963,26.1
0.38,37.6382009829495,29.2
0.39,41.5566718905538,29.2
0.4,46.5434108338372,29.2
0.41,51.3282058540047,29.2
0.42,56.670363647904,29.2
0.43,62.0891601598142,29.2
0.44,67.9442324242249,29.2
0.45,73.4565799454198,29.2
0.46,79.4082048270704,29.2
0.47,85.4790594488893,29.2000000000001
0.48,91.3172384790068,51.1
0.49,97.5023794507217,51.1
0.5,103.95180257867,51.1
0.51,110.777652955939,51.1
0.52,116.423692796883,51.1
0.53,123.438997667123,51.1
0.54,129.794174493366,51.1
0.55,136.401271647314,51.1
0.56,143.190407089552,51.1
0.57,149.519573128504,51.1000000000004
0.58,156.40884839173,88.6
0.59,162.926092912277,88.6
0.6,169.564306417629,88.6
0.61,175.413166795704,88.6
0.62,182.226139201851,88.6
0.63,188.165658707117,88.6
0.64,194.113447177558,88.6
0.65,199.960885276442,88.6
0.66,205.639492544636,88.6
0.67,211.119076806152,88.6000000000004
0.68,216.585611488545,122.9
0.69,221.643599369481,122.9
0.7,226.832616191904,122.9
0.71,231.872769024935,122.9
0.72,236.759147007853,122.9
0.73,241.76852490083,122.9
0.74,246.894862986699,122.9
0.75,251.51874245062,122.9
0.76,256.704257585887,122.9
0.77,261.406863566517,122.9
0.78,266.093663831696,158
0.79,270.808326244039,158
0.8,275.614378696235,158
0.81,279.926864112677,158
0.82,283.907432028687,158
0.83,287.872738246438,158
0.84,291.590556478262,158
0.85,295.277302754661,158
0.86,298.599968739376,158
0.87,301.644089573523,158
0.88,304.34569259704,187
0.89,307.170940357468,187
0.9,309.562684652844,187
0.91,311.981883284758,187
0.92,314.174211195093,187
0.93,316.359557469156,187
0.94,318.479886054311,187
0.95,320.332189441504,187
0.96,322.104892886031,187
0.97,323.941408579834,187
0.98,325.377553819104,208.7
0.99,326.78047744059,208.7
1,328.135834454185,208.7
1.01,329.586288960944,208.7
1.02,331.087908337317,208.7
1.03,332.299804866293,208.7
1.04,333.965924655702,208.7
1.05,335.491895535486,208.7
1.06,337.016001366176,208.7
1.07,338.534862420865,208.7
1.08,340.151814569305,227.8
1.09,341.62354312588,227.8
1.1,343.000590057665,227.8
1.11,344.450422718462,227.8
1.12,346.078406650601,227.8
1.13,347.481545493337,227.8
1.14,348.988938797412,227.8
1.15,350.549920299717,227.8
1.16,351.947655663228,227.8
1.17,353.557541569701,227.8
1.18,355.10724772691,248.3
1.19,356.528416495525,248.3
1.2,358.2100666299,248.3
1.21,359.582787230697,248.3
1.22,361.119111535645,248.3
1.23,362.637977004295,248.3
1.24,364.002700072809,248.3
1.25,365.563232844261,248.3
1.26,367.182133245894,248.3
1.27,368.572944715556,248.3
1.28,370.023848213847,264
1.29,371.553172588675,264
1.3,373.187248562424,264
1.31,374.614041721814,264
1.32,376.219125524269,264
1.33,377.791848530706,264
1.34,379.085138225157,264
1.35,380.755811350125,264
1.36,382.142069498449,264
1.37,383.837524133672,264.000000000001
1.38,385.208901813551,286.3
1.39,386.906930919145,286.3
1.4,388.279052947157,286.3
1.41,389.819666137388,286.3
1.42,391.298089076703,286.3
1.43,392.921505616176,286.3
1.44,394.473874276259,286.3
1.45,395.938015938698,286.3
1.46,397.354118578936,286.3
1.47,398.836016523702,286.3
1.48,400.347253321603,298.7
1.49,401.988729921583,298.7
1.5,403.359559739852,298.7
1.51,404.947641141162,298.7
1.52,406.319259917792,298.7
1.53,407.763538103352,298.7
1.54,409.190501716248,298.7
1.55,410.578931644933,298.7
1.56,412.022437677566,298.7
1.57,413.418443637558,298.700000000001
1.58,414.859817617827,320.7
1.59,416.409201185606,320.7
1.6,417.658147163084,320.7
1.61,419.085666732179,320.7
1.62,420.538052766345,320.7
1.63,422.04537182082,320.7
1.64,423.325627720064,320.7
1.65,424.982483870143,320.7
1.66,426.328837139629,320.7
1.67,427.87819433564,320.7
1.68,429.302910677117,334.6
1.69,430.652174598394,334.6
1.7,432.101312338461,334.6
1.71,433.5706099289,334.6
1.72,435.163289119078,334.6
1.73,436.622957732894,334.6
1.74,438.133441475671,334.6
1.75,439.680781949143,334.6
1.76,441.456848294637,334.6
1.77,443.155888587334,334.6
1.78,444.958797861216,354.5
1.79,446.492061411528,354.5
1.8,448.20643744825,354.5
1.81,449.978040943529,354.5
1.82,451.491332998367,354.5
1.83,453.290165729956,354.5
1.84,454.843509920207,354.5
1.85,456.357211870959,354.5
1.86,458.102955304695,354.5
1.87,459.944641271535,354.5
1.88,461.384988888709,373.1
1.89,463.206357898174,373.1
1.9,464.767910559747,373.1
1.91,466.605909122027,373.1
1.92,468.35298961015,373.1
1.93,470.312892889945,373.1
1.94,472.451629935266,373.1
1.95,474.470028311881,373.1
1.96,476.410690309815,373.1
1.97,478.661971571256,373.1
1.98,480.926873066288,390.8
1.99,483.159467418889,390.8
2,485.450071670882,390.8
2.01,487.722732559664,390.8
2.02,490.001837852363,390.8
2.03,492.378044889411,390.8
2.04,494.423739522245,390.8
2.05,496.780459075156,390.8
2.06,499.024021229147,390.8
2.07,500.984262445426,390.8
2.08,503.119557693138,410.4
2.09,505.434325944731,410.4
2.1,507.542454422449,410.4
2.11,509.950836833294,410.4
2.12,512.580958878853,410.4
2.13,514.913555457794,410.4
2.14,517.46837038707,410.4
2.15,520.238580535199,410.4
2.16,523.043973671602,410.4
2.17,526.00454216682,410.4
2.18,529.266297890836,431.699999999999
2.19,532.379113045825,431.7
2.2,535.573956811949,431.7
2.21,538.828778722456,431.7
2.22,542.078488271045,431.7
2.23,545.489021509453,431.7
2.24,548.665478682555,431.7
2.25,552.309056396657,431.7
2.26,555.925674384204,431.7
2.27,559.421689096742,431.7
2.28,562.812617754749,454.7
2.29,566.664320300804,454.7
2.3,570.251095114095,454.7
2.31,573.905522371196,454.7
2.32,577.705567546672,454.7
2.33,581.821390092973,454.7
2.34,585.804743590911,454.7
2.35,589.800971090738,454.7
2.36,594.083913877785,454.7
2.37,598.163174608205,454.7
2.38,602.498417779624,487
2.39,606.86665911563,487
2.4,611.571066072852,487
2.41,616.263213011581,487
2.42,621.024505842249,487
2.43,625.973528142938,487
2.44,630.984933908507,487
2.45,636.322243888658,487
2.46,641.523258521251,487
2.47,646.8784316229,487.000000000001
2.48,652.315340062761,520.6
2.49,658.002302478429,520.6
2.5,663.900811340654,520.6
2.51,669.686967478433,520.6
2.52,675.326535727229,520.6
2.53,681.083342823161,520.6
2.54,686.823566825277,520.6
2.55,692.885122468543,520.6
2.56,698.744116603967,520.6
2.57,704.582424719097,520.6
2.58,710.545173829672,558
2.59,716.661218929384,558
2.6,722.590322402937,558
2.61,728.66247275154,558
2.62,734.790690221468,558
2.63,740.567122545795,558
2.64,746.409153784124,558
2.65,752.57880603884,558
2.66,758.555170847559,558
2.67,764.472605478618,558
2.68,770.265417456146,596.399999999998
2.69,776.270938052196,596.4
2.7,782.444088698145,596.4
2.71,788.674606925048,596.4
2.72,794.948236345066,596.4
2.73,801.279255612227,596.4
2.74,807.790565625488,596.4
2.75,814.028273929418,596.4
2.76,820.450011921042,596.4
2.77,827.246826007739,596.4
2.78,833.902755373636,642.3
2.79,840.820976163033,642.3
2.8,847.810442260224,642.3
2.81,854.788042146061,642.3
2.82,861.69064567143,642.3
2.83,868.684625944554,642.3
2.84,875.815734892004,642.3
2.85,882.975358993692,642.3
2.86,890.33896501842,642.3
2.87,897.253942543043,642.300000000002
2.88,904.787051026416,683.5
2.89,911.847901554914,683.5
2.9,919.265874175459,683.5
2.91,926.6484830318,683.5
2.92,933.865692417771,683.5
2.93,941.244613941596,683.5
2.94,948.980257519609,683.5
2.95,956.749613523859,683.5
2.96,964.449296387749,683.5
2.97,972.204250928308,683.500000000002
2.98,980.13389965268,732.9
2.99,987.864443051967,732.9
3,995.835138212271,732.9
3.01,1004.04124324957,732.9
3.02,1012.04214100835,732.9
3.03,1019.86701595338,732.9
3.04,1027.74665259928,732.9
3.05,1035.73327541998,732.9
3.06,1043.56695431483,732.9
3.07,1051.48427537578,732.900000000002
3.08,1059.2566554522,785.2
3.09,1067.45083997876,785.2
3.1,1075.30700579083,785.2
3.11,1083.20078924906,785.2
3.12,1090.92460939891,785.2
3.13,1098.65444191755,785.2
3.14,1106.21798964974,785.2
3.15,1113.8736716077,785.2
3.16,1121.35118990965,785.2
3.17,1129.28600973656,785.2
3.18,1136.88810490136,838.099999999998
3.19,1144.72438281131,838.1
3.2,1152.27209527922,838.1
3.21,1159.85353680618,838.1
3.22,1167.62717243242,838.1
3.23,1175.16434164566,838.1
3.24,1182.67703660955,838.1
3.25,1190.38113052786,838.1
3.26,1197.73142290346,838.1
3.27,1205.37873186502,838.1
3.28,1212.69829948047,888.3
3.29,1220.17370096982,888.3
3.3,1227.58322163052,888.3
3.31,1234.84876488856,888.3
3.32,1242.1997313962,888.3
3.33,1249.59543124242,888.3
3.34,1256.89565662302,888.3
3.35,1264.12724287302,888.3
3.36,1271.37765349876,888.3
3.37,1278.61092893472,888.300000000002
3.38,1285.71152973587,927.2
3.39,1292.92792239525,927.2
3.4,1300.24754793029,927.2
3.41,1307.61358591572,927.2
3.42,1314.88309555388,927.2
3.43,1322.09063553513,927.2
3.44,1329.56219970406,927.2
3.45,1336.96694518674,927.2
3.46,1344.41786295363,927.2
3.47,1351.9438590443,927.200000000002
3.48,1359.59152859926,978.9
3.49,1367.1337761668,978.9
3.5,1374.80038787426,978.9
3.51,1382.48890624129,978.9
3.52,1390.20973651935,978.9
3.53,1398.16460404905,978.9
3.54,1406.17427726272,978.9
3.55,1413.97306050659,978.9
3.56,1422.07671779724,978.9
3.57,1430.13548973714,978.900000000003
3.58,1438.41950126831,1046.5
3.59,1446.75687695514,1046.5
3.6,1455.00420536411,1046.5
3.61,1463.20252808333,1046.5
3.62,1471.68734631701,1046.5
3.63,1479.81362898053,1046.5
3.64,1488.13682477375,1046.5
3.65,1496.21443814321,1046.5
3.66,1504.60647575281,1046.5
3.67,1512.9134315305,1046.5
3.68,1520.91422864208,1096.1
3.69,1529.04772365722,1096.1
3.7,1537.12794826276,1096.1
3.71,1545.31640452945,1096.1
3.72,1553.69012389722,1096.1
3.73,1561.79381710527,1096.1
3.74,1570.2235903448,1096.1
3.75,1578.4391220032,1096.1
3.76,1586.55937938302,1096.1
3.77,1594.80868350225,1096.1
3.78,1603.22417612054,1188.4
3.79,1611.60393832623,1188.4
3.8,1619.94115867565,1188.4
3.81,1628.22526288497,1188.4
3.82,1636.63581433561,1188.4
3.83,1645.01931605661,1188.4
3.84,1653.31648215725,1188.4
3.85,1661.64446001961,1188.4
3.86,1669.88264201189,1188.4
3.87,1678.18908190938,1188.4
3.88,1686.36428161897,1237.4
3.89,1694.68496737519,1237.4
3.9,1703.06331655442,1237.4
3.91,1711.09529668188,1237.4
3.92,1719.44094969415,1237.4
3.93,1727.53738531452,1237.4
3.94,1735.66330856222,1237.4
3.95,1743.87624400103,1237.4
3.96,1751.8122356025,1237.4
3.97,1759.96076296951,1237.4
3.98,1767.63860543329,1268.6
3.99,1775.50374525877,1268.6
4,1783.56143281142,1268.6
4.01,1791.59604007365,1268.6
4.02,1799.88922996027,1268.6
4.03,1807.99065423662,1268.6
4.04,1815.82834842125,1268.6
4.05,1823.94108281582,1268.6
4.06,1832.21560775051,1268.6
4.07,1840.57294082323,1268.6
4.08,1848.84288991162,1304.8
4.09,1857.20997718179,1304.8
4.1,1865.66401572482,1304.8
4.11,1874.39932455013,1304.8
4.12,1883.13214864963,1304.8
4.13,1892.55688345453,1304.8
4.14,1901.501363481,1304.8
4.15,1910.91711922717,1304.8
4.16,1920.50475022075,1304.8
4.17,1930.07426069203,1304.8
4.18,1940.14315846536,1367.1
4.19,1950.23956048903,1367.1
4.2,1959.98334980884,1367.1
4.21,1970.13443423911,1367.1
4.22,1980.1623180731,1367.1
4.23,1990.24853457446,1367.1
4.24,1999.95271783226,1367.1
4.25,2009.92823253485,1367.1
4.26,2019.78695021948,1367.1
4.27,2029.63360117415,1367.10000000001
4.28,2039.4183315494,1438.9
4.29,2049.12796480907,1438.9
4.3,2059.06679977163,1438.9
4.31,2068.57983165721,1438.9
4.32,2077.97934921854,1438.9
4.33,2087.23565381303,1438.9
4.34,2096.5888569302,1438.9
4.35,2105.89159851671,1438.9
4.36,2114.8564599323,1438.9
4.37,2123.50677785857,1438.9
4.38,2132.27250205221,1506.8
4.39,2141.02317843929,1506.8
4.4,2149.92910697046,1506.8
4.41,2158.70543454433,1506.8
4.42,2167.46735136107,1506.8
4.43,2175.79233325625,1506.8
4.44,2184.43074968502,1506.8
4.45,2193.04444774794,1506.8
4.46,2201.85269039549,1506.8
4.47,2210.38243621918,1506.8
4.48,2218.56793382563,1565.69999999999
4.49,2226.85574418944,1565.7
4.5,2235.26952513073,1565.7
4.51,2243.74277480631,1565.7
4.52,2252.16654237774,1565.7
4.53,2260.5663601608,1565.7
4.54,2268.83771685053,1565.7
4.55,2277.33969353456,1565.7
4.56,2285.62106174968,1565.7
4.57,2294.07916315668,1565.7
4.58,2302.2128315657,1615.2
4.59,2310.40959218538,1615.2
4.6,2318.47609777317,1615.2
4.61,2326.70384152274,1615.2
4.62,2334.70863646842,1615.2
4.63,2342.46082550689,1615.2
4.64,2350.46590884091,1615.2
4.65,2358.5171166628,1615.2
4.66,2366.36165713465,1615.2
4.67,2374.19835138843,1615.2
4.68,2382.11559441374,1684.1
4.69,2389.83069015503,1684.1
4.7,2397.5651911946,1684.1
4.71,2405.09355137483,1684.1
4.72,2412.76910344379,1684.1
4.73,2420.36958226019,1684.1
4.74,2428.29411952594,1684.1
4.75,2436.0278293384,1684.1
4.76,2443.51992221504,1684.1
4.77,2450.93632637622,1684.10000000001
4.78,2458.36424463476,1750.19999999999
4.79,2466.07760278546,1750.2
4.8,2473.47390473699,1750.2
4.81,2481.05148604549,1750.2
4.82,2488.46374049438,1750.2
4.83,2496.17993850924,1750.2
4.84,2503.42548635337,1750.2
4.85,2510.78911459253,1750.2
4.86,2518.30249248307,1750.2
4.87,2525.87483212974,1750.2
4.88,2533.43729454195,1784.6
4.89,2540.49530332235,1784.6
4.9,2548.19749700524,1784.6
4.91,2555.83680230609,1784.6
4.92,2563.55093112193,1784.6
4.93,2571.21805784958,1784.6
4.94,2579.44988999565,1784.6
4.95,2587.5032905152,1784.6
4.96,2595.95218237856,1784.6
4.97,2603.6138293352,1784.6
4.98,2612.04614183032,1851.79999999999
4.99,2620.35305819891,1851.8
5,2628.8135953532,1851.8
5.01,2637.18926125815,1851.8
5.02,2646.31355191197,1851.8
5.03,2654.40672635737,1851.8
5.04,2662.51714947946,1851.8
5.05,2671.33530728189,1851.8
5.06,2679.48781399947,1851.8
5.07,2688.37875447006,1851.80000000001
5.08,2696.63792322863,1933.2
5.09,2705.51869705118,1933.2
5.1,2713.76050573058,1933.2
5.11,2721.70827757888,1933.2
5.12,2729.8767203725,1933.2
5.13,2738.19097893493,1933.2
5.14,2746.55166714122,1933.2
5.15,2754.69872007499,1933.2
5.16,2762.51535554483,1933.2
5.17,2770.6169929753,1933.2
5.18,2778.55267872076,2000.6
5.19,2786.77979931723,2000.6
5.2,2794.87567504501,2000.6
5.21,2803.3608911609,2000.6
5.22,2811.57262478005,2000.6
5.23,2818.89331755613,2000.6
5.24,2827.1011402277,2000.6
5.25,2834.99537613569,2000.6
5.26,2843.44078406316,2000.6
5.27,2850.29007870819,2000.60000000001
5.28,2858.68754065291,2058.59999999999
5.29,2866.27105340121,2058.6
5.3,2874.28958855496,2058.6
5.31,2882.52062327097,2058.6
5.32,2890.3855718393,2058.6
5.33,2898.05574803829,2058.6
5.34,2905.68679730383,2058.6
5.35,2913.62069706151,2058.6
5.36,2921.27955279849,2058.6
5.37,2929.38891412839,2058.6
5.38,2937.39530004671,2132.2
5.39,2945.47769358381,2132.2
5.4,2954.05783454964,2132.2
5.41,2962.7240085446,2132.2
5.42,2971.8933254633,2132.2
5.43,2981.19872082506,2132.2
5.44,2990.75167161369,2132.2
5.45,3001.08838754672,2132.2
5.46,3011.59725267521,2132.2
5.47,3022.05772952799,2132.2
5.48,3033.16107314069,2206.49999999999
5.49,3045.27603530794,2206.5
5.5,3056.35654699825,2206.5
5.51,3068.16648188178,2206.5
5.52,3079.34208639598,2206.5
5.53,3089.49518634335,2206.5
5.54,3102.09172924425,2206.5
5.55,3115.65092700568,2206.5
5.56,3129.63068938145,2206.5
5.57,3143.63115345199,2206.50000000001
5.58,3158.73633892381,2303.6
5.59,3172.92243176414,2303.6
5.6,3187.45550185701,2303.6
5.61,3203.05838554205,2303.6
5.62,3217.71379140174,2303.6
5.63,3233.13643232463,2303.6
5.64,3249.48436593914,2303.6
5.65,3265.50273576939,2303.6
5.66,3281.71225513553,2303.6
5.67,3298.06525967859,2303.6
5.68,3314.44346650729,2407.7
5.69,3330.84398399129,2407.7
5.7,3345.2927524957,2407.7
5.71,3358.71084027431,2407.7
5.72,3370.15151606832,2407.7
5.73,3379.52798445195,2407.7
5.74,3387.67073046488,2407.7
5.75,3394.02844638116,2407.7
5.76,3398.19721454669,2407.7
5.77,3401.84696769792,2407.70000000001
5.78,3402.75576972409,2509.69999999999
5.79,3402.6609295067,2509.7
5.8,3401.23398519041,2509.7
5.81,3399.01035990016,2509.7
5.82,3396.25610021655,2509.7
5.83,3392.36650104754,2509.7
5.84,3387.68735209417,2509.7
5.85,3382.16505347348,2509.7
5.86,3375.47028854311,2509.7
5.87,3368.91850676078,2509.7
5.88,3360.65845185024,2401.9
5.89,3351.81687943962,2401.9
5.9,3342.55140359827,2401.9
5.91,3333.88090858237,2401.9
5.92,3324.77458086196,2401.9
5.93,3315.93540656979,2401.9
5.94,3307.2320079388,2401.9
5.95,3298.23357991077,2401.9
5.96,3289.24728252044,2401.9
5.97,3280.80699781171,2401.9
5.98,3272.01048856034,2442.6
5.99,3263.0561115868,2442.6
6,3255.06244750901,2442.6
6.01,3247.25867498052,2442.6
6.02,3238.24751452356,2442.6
6.03,3229.97068072141,2442.6
6.04,3222.66333428725,2442.6
6.05,3215.37687927074,2442.6
6.06,3208.76990613299,2442.6
6.07,3202.79160898585,2442.6
6.08,3195.86618909983,2429.2
6.09,3189.79806881974,2429.2
6.1,3183.36530886868,2429.2
6.11,3176.02943661186,2429.2
6.12,3167.73974872629,2429.2
6.13,3158.89190579931,2429.2
6.14,3149.81746399433,2429.2
6.15,3142.1183061387,2429.2
6.16,3135.51181781761,2429.2
6.17,3128.63527919239,2429.2
6.18,3121.60352360323,2409.9
6.19,3113.95224989741,2409.9
6.2,3106.10970896116,2409.9
6.21,3098.03835928162,2409.9
6.22,3090.22208474623,2409.9
6.23,3082.86119652269,2409.9
6.24,3075.55542674317,2409.9
6.25,3068.67172641543,2409.9
6.26,3061.29007715311,2409.9
6.27,3053.55637217801,2409.9
6.28,3046.0693524883,2358.6
6.29,3039.36880809705,2358.6
6.3,3031.96460656414,2358.6
6.31,3024.58378084439,2358.6
6.32,3017.49073613467,2358.6
6.33,3010.54268988151,2358.6
6.34,3003.25006287338,2358.6
6.35,2995.58260515047,2358.6
6.36,2989.69140185244,2358.6
6.37,2983.227248114,2358.6
6.38,2975.66487191854,2294.6
6.39,2968.54076863493,2294.6
6.4,2961.18349652563,2294.6
6.41,2954.77998658983,2294.6
6.42,2948.3855402975,2294.6
6.43,2942.4841991288,2294.6
6.44,2935.25375075089,2294.6
6.45,2927.88399582134,2294.6
6.46,2921.37961363614,2294.6
6.47,2914.82746506918,2294.6
6.48,2908.12603720531,2223.50000000001
6.49,2901.0370759281,2223.5
6.5,2894.38951115509,2223.5
6.51,2887.5169135977,2223.5
6.52,2880.77867414455,2223.5
6.53,2874.02182322911,2223.5
6.54,2867.1166495902,2223.5
6.55,2860.39674553437,2223.5
6.56,2854.38303063222,2223.5
6.57,2847.09680658067,2223.49999999999
6.58,2840.38252398017,2128.9
6.59,2833.94520777886,2128.9
6.6,2827.63661172102,2128.9
6.61,2820.88759232049,2128.9
6.62,2814.60818361632,2128.9
6.63,2808.21181873883,2128.9
6.64,2801.92255382245,2128.9
6.65,2795.63791941343,2128.9
6.66,2789.27461235412,2128.9
6.67,2783.12269477393,2128.9
6.68,2776.25476110791,2053
6.69,2769.9636241366,2053
6.7,2763.98484135286,2053
6.71,2757.37012499156,2053
6.72,2751.08947843575,2053
6.73,2745.00400216557,2053
6.74,2738.8225890685,2053
6.75,2732.77282987472,2053
6.76,2726.49545439054,2053
6.77,2720.07091557363,2052.99999999999
6.78,2714.09992220264,1982.20000000001
6.79,2708.08972464306,1982.2
6.8,2702.23096307939,1982.2
6.81,2696.15194973809,1982.2
6.82,2690.60147138338,1982.2
6.83,2684.47599948415,1982.2
6.84,2678.72923988557,1982.2
6.85,2672.50300975249,1982.2
6.86,2666.52569731574,1982.2
6.87,2660.49260702528,1982.2
6.88,2654.77782701699,1914.8
6.89,2649.25083380508,1914.8
6.9,2643.68529363638,1914.8
6.91,2637.88514331169,1914.8
6.92,2632.37908627627,1914.8
6.93,2626.8450987174,1914.8
6.94,2620.9946637459,1914.8
6.95,2615.37753664752,1914.8
6.96,2609.6855867151,1914.8
6.97,2604.23278028413,1914.8
6.98,2598.42445081415,1827.90000000001
6.99,2592.87029442128,1827.9
7,2587.24634880505,1827.9
7.01,2582.14501483791,1827.9
7.02,2576.58469721231,1827.9
7.03,2571.24521524237,1827.9
7.04,2565.81346816633,1827.9
7.05,2560.41581475115,1827.9
7.06,2554.94744905804,1827.9
7.07,2549.63929525685,1827.9
7.08,2544.33122855939,1791.2
7.09,2538.76740981507,1791.2
7.1,2533.41115062517,1791.2
7.11,2528.0386586548,1791.2
7.12,2522.74721413882,1791.2
7.13,2517.66422364621,1791.2
7.14,2512.50773898166,1791.2
7.15,2507.31709552893,1791.2
7.16,2502.0613250252,1791.2
7.17,2496.80232924345,1791.2
7.18,2491.7313467965,1742.6
7.19,2486.54671774289,1742.6
7.2,2481.31766972053,1742.6
7.21,2476.30147922784,1742.6
7.22,2471.32388850068,1742.6
7.23,2466.51045470125,1742.6
7.24,2461.24483011668,1742.6
7.25,2456.2332120662,1742.6
7.26,2451.26513559148,1742.6
7.27,2446.21665082706,1742.59999999999
7.28,2441.44664523143,1684.70000000001
7.29,2436.56367385502,1684.7
7.3,2431.59150268656,1684.7
7.31,2426.68727802115,1684.7
7.32,2421.86446198222,1684.7
7.33,2417.05325919581,1684.7
7.34,2412.26814476517,1684.7
7.35,2407.44468315898,1684.7
7.36,2402.60908277291,1684.7
7.37,2397.72381943367,1684.7
7.38,2393.09669736365,1670.1
7.39,2388.29085401645,1670.1
7.4,2383.49406278323,1670.1
7.41,2378.89729184739,1670.1
7.42,2374.10726195079,1670.1
7.43,2369.41346910956,1670.1
7.44,2364.7804122888,1670.1
7.45,2360.18150573117,1670.1
7.46,2355.54774103885,1670.1
7.47,2350.80524950338,1670.1
7.48,2346.29864702795,1650.5
7.49,2341.88020779312,1650.5
7.5,2337.25423151892,1650.5
7.51,2332.66217887209,1650.5
7.52,2328.01478760759,1650.5
7.53,2323.58752115557,1650.5
7.54,2319.20312892366,1650.5
7.55,2314.68594586222,1650.5
7.56,2310.20264680752,1650.5
7.57,2305.50336526062,1650.5
7.58,2301.12755340626,1635.3
7.59,2296.96402377335,1635.3
7.6,2292.48544315228,1635.3
7.61,2288.19850393787,1635.3
7.62,2284.06656697048,1635.3
7.63,2279.73173464223,1635.3
7.64,2275.54405150045,1635.3
7.65,2271.26251671471,1635.3
7.66,2266.99930812716,1635.3
7.67,2262.77376624175,1635.3
7.68,2258.74715411916,1645.6
7.69,2254.56345862131,1645.6
7.7,2250.50158248092,1645.6
7.71,2246.38254713862,1645.6
7.72,2242.28936927723,1645.6
7.73,2238.14018172444,1645.6
7.74,2234.38468474299,1645.6
7.75,2230.42943147569,1645.6
7.76,2226.38292871509,1645.6
7.77,2222.31329787662,1645.6
7.78,2218.42324919529,1619.6
7.79,2214.62225812106,1619.6
7.8,2210.72161631149,1619.6
7.81,2206.82882870087,1619.6
7.82,2202.69694938458,1619.6
7.83,2198.87863515373,1619.6
7.84,2195.15318120874,1619.6
7.85,2191.15114503747,1619.6
7.86,2187.5111815161,1619.6
7.87,2183.53216257049,1619.6
7.88,2179.69144489561,1629.1
7.89,2175.87434596095,1629.1
7.9,2172.13837795897,1629.1
7.91,2168.4785060948,1629.1
7.92,2164.6332704355,1629.1
7.93,2160.77900020209,1629.1
7.94,2156.95701167099,1629.1
7.95,2153.20404328864,1629.1
7.96,2149.58518915686,1629.1
7.97,2145.6652941853,1629.1
7.98,2142.05611948234,1613.1
7.99,2138.18871317812,1613.1
8,2134.65300455782,1613.1
8.01,2130.97350161325,1613.1
8.02,2127.26976745646,1613.1
8.03,2123.76583170807,1613.1
8.04,2120.2844762837,1613.1
8.05,2116.55377039946,1613.1
8.06,2113.27155667866,1613.1
8.07,2110.00655045058,1613.1
8.08,2106.43478774048,1566.3
8.09,2103.08940445816,1566.3
8.1,2100.10790091385,1566.3
8.11,2096.9423885582,1566.3
8.12,2093.76285755434,1566.3
8.13,2090.69222980458,1566.3
8.14,2087.58752273901,1566.3
8.15,2084.64133866041,1566.3
8.16,2081.97635415448,1566.3
8.17,2079.11381745159,1566.3
8.18,2076.38946540141,1568.7
8.19,2073.80914556834,1568.7
8.2,2071.13704978394,1568.7
8.21,2068.48410894177,1568.7
8.22,2066.00937621704,1568.7
8.23,2063.64590685784,1568.7
8.24,2061.26045790333,1568.7
8.25,2058.76897348691,1568.7
8.26,2056.37482041107,1568.7
8.27,2053.82763562827,1568.7
8.28,2051.5609507303,1605.8
8.29,2049.35836085968,1605.8
8.3,2047.1029993908,1605.8
8.31,2044.82492904344,1605.8
8.32,2042.39038971815,1605.8
8.33,2040.07909796036,1605.8
8.34,2037.71319887579,1605.8
8.35,2035.352900437,1605.8
8.36,2033.44370638909,1605.8
8.37,2031.10804201075,1605.80000000001
8.38,2028.54600704073,1643.49999999999
8.39,2026.21254655664,1643.5
8.4,2024.24050822276,1643.5
8.41,2022.32263645682,1643.5
8.42,2020.23261793916,1643.5
8.43,2018.67993768718,1643.5
8.44,2017.1823669803,1643.5
8.45,2015.62245014897,1643.5
8.46,2014.4721558986,1643.5
8.47,2013.60092962625,1643.5
8.48,2012.50855042111,1665.3
8.49,2011.8766297943,1665.3
8.5,2011.48641512988,1665.3
8.51,2010.77427293676,1665.3
8.52,2010.21329932316,1665.3
8.53,2009.88036211331,1665.3
8.54,2009.63867190127,1665.3
8.55,2008.96740045214,1665.3
8.56,2008.73863731152,1665.3
8.57,2008.46300064488,1665.3
8.58,2008.26691633598,1648.9
8.59,2008.20330416271,1648.9
8.6,2008.06359182626,1648.9
8.61,2007.85808031243,1648.9
8.62,2007.71134333274,1648.9
8.63,2007.61731391904,1648.9
8.64,2007.67355723211,1648.9
8.65,2007.63992008221,1648.9
8.66,2007.49293897694,1648.9
8.67,2007.40990370235,1648.9
8.68,2007.82208973484,1756.9
8.69,2008.18124010825,1756.9
8.7,2008.3341092728,1756.9
8.71,2008.468776641,1756.9
8.72,2008.74739210274,1756.9
8.73,2009.42457062475,1756.9
8.74,2009.9286414406,1756.9
8.75,2010.70059473014,1756.9
8.76,2011.47668066579,1756.9
8.77,2012.56142926191,1756.9
8.78,2013.37644823526,1800.8
8.79,2014.65167552929,1800.8
8.8,2015.66764661352,1800.8
8.81,2017.19405524902,1800.8
8.82,2018.72138895219,1800.8
8.83,2020.33815921833,1800.8
8.84,2022.3439129325,1800.8
8.85,2024.60920070392,1800.8
8.86,2026.7461835554,1800.8
8.87,2029.2740137095,1800.80000000002
8.88,2032.00614722328,1914.09999999998
8.89,2034.82237385543,1914.1
8.9,2037.65914515626,1914.1
8.91,2040.48755102101,1914.1
8.92,2043.44580976134,1914.1
8.93,2046.45369640182,1914.1
8.94,2049.70088114151,1914.1
8.95,2052.4433185404,1914.1
8.96,2055.63392706332,1914.1
8.97,2058.74647965619,1914.09999999999
8.98,2061.69993420094,1841.3
8.99,2065.00103873527,1841.3
9,2068.00176316119,1841.3
9.01,2071.04018881141,1841.3
9.02,2074.07371901185,1841.3
9.03,2077.03380458207,1841.3
9.04,2080.23135096356,1841.3
9.05,2083.39838182211,1841.3
9.06,2086.6091342745,1841.3
9.07,2089.71198330872,1841.3
9.08,2093.04210583317,1733.5
9.09,2096.17731307737,1733.5
9.1,2099.5611111201,1733.5
9.11,2103.04122579883,1733.5
9.12,2106.89512857843,1733.5
9.13,2110.86655258144,1733.5
9.14,2115.14435415724,1733.5
9.15,2119.55834074854,1733.5
9.16,2124.0019515693,1733.5
9.17,2129.03354162415,1733.5
9.18,2134.23457769116,1720.6
9.19,2139.42096113365,1720.6
9.2,2144.85772646534,1720.6
9.21,2150.11787285213,1720.6
9.22,2155.54660205528,1720.6
9.23,2160.76481973184,1720.6
9.24,2165.83496218717,1720.6
9.25,2171.12893708569,1720.6
9.26,2176.46083858001,1720.6
9.27,2181.64745436624,1720.6
9.28,2186.60665879906,1716.9
9.29,2191.75027091067,1716.9
9.3,2197.12171136082,1716.9
9.31,2203.00659535322,1716.9
9.32,2209.44221930339,1716.9
9.33,2216.16990894932,1716.9
9.34,2223.51941697388,1716.9
9.35,2231.21519383958,1716.9
9.36,2239.30968213491,1716.9
9.37,2247.9848091182,1716.9
9.38,2257.19383995891,1734.1
9.39,2266.5530261775,1734.1
9.4,2276.71054255005,1734.1
9.41,2287.05814541462,1734.1
9.42,2297.8811314018,1734.1
9.43,2308.76080790567,1734.1
9.44,2319.95707690813,1734.1
9.45,2331.45940227546,1734.1
9.46,2343.43024552062,1734.1
9.47,2355.56209065489,1734.10000000001
9.48,2367.97986970498,1781.8
9.49,2380.82576383899,1781.8
9.5,2393.6802586048,1781.8
9.51,2406.82538973565,1781.8
9.52,2420.29712116937,1781.8
9.53,2433.79179573964,1781.8
9.54,2448.00890367992,1781.8
9.55,2461.81175812075,1781.8
9.56,2475.927334278,1781.8
9.57,2490.2508741512,1781.8
9.58,2504.59049171643,1871.4
9.59,2518.91775499834,1871.4
9.6,2533.79000587555,1871.4
9.61,2549.2787093601,1871.4
9.62,2564.4379376522,1871.4
9.63,2580.39012105711,1871.4
9.64,2596.86627550015,1871.4
9.65,2613.74813944789,1871.4
9.66,2630.44412580079,1871.4
9.67,2647.56150973987,1871.4
9.68,2664.87107562038,1996.2
9.69,2682.47134450164,1996.2
9.7,2700.33616536753,1996.2
9.71,2717.22762572694,1996.2
9.72,2733.86699769166,1996.2
9.73,2750.62326891522,1996.2
9.74,2766.63480638808,1996.2
9.75,2783.43782745118,1996.2
9.76,2799.45038833979,1996.2
9.77,2816.90797568369,1996.2
9.78,2834.01634741794,2103.9
9.79,2850.24981669573,2103.9
9.8,2866.69312280113,2103.9
9.81,2882.96179612647,2103.9
9.82,2899.68181661654,2103.9
9.83,2916.77920181981,2103.9
9.84,2934.45754615075,2103.9
9.85,2951.61584199511,2103.9
9.86,2967.87534283968,2103.9
9.87,2983.41606099676,2103.90000000002
9.88,2998.49312125297,2196.29999999998
9.89,3015.15815209179,2196.3
9.9,3033.05521987787,2196.3
9.91,3050.73628074572,2196.3
9.92,3068.29275568447,2196.3
9.93,3087.14111163157,2196.3
9.94,3104.55092012224,2196.3
9.95,3123.03929760277,2196.3
9.96,3140.63117319303,2196.3
9.97,3157.88618354123,2196.30000000002
9.98,3175.23751076669,2328.9
9.99,3193.0216530621,2328.9
10,3209.70148033295,2328.9
10.01,3227.71657948655,2328.9
10.02,3245.13184201464,2328.9
10.03,3262.51249544706,2328.9
10.04,3279.57079000844,2328.9
10.05,3297.42168157863,2328.9
10.06,3314.36572719182,2328.9
10.07,3331.31604862051,2328.9
10.08,3348.50697627744,2344.4
10.09,3366.20729780784,2344.4
10.1,3383.82302045497,2344.4
10.11,3401.53678548035,2344.4
10.12,3419.23903078584,2344.4
10.13,3437.58685044143,2344.4
10.14,3455.83400315336,2344.4
10.15,3474.16110451137,2344.4
10.16,3492.29494852163,2344.4
10.17,3511.52376024632,2344.4
10.18,3531.12600143534,2409.4
10.19,3550.79821309475,2409.4
10.2,3570.78702021429,2409.4
10.21,3590.3071512075,2409.4
10.22,3610.06497694888,2409.4
10.23,3629.34448993934,2409.4
10.24,3648.55161024018,2409.4
10.25,3667.51802088616,2409.4
10.26,3686.47351983213,2409.4
10.27,3705.32411637413,2409.4
10.28,3724.27978097814,2616.5
10.29,3743.25702947177,2616.5
10.3,3761.77938707845,2616.5
10.31,3780.70677236705,2616.5
10.32,3799.42890053171,2616.5
10.33,3817.87777038485,2616.5
10.34,3836.50484324056,2616.5
10.35,3854.82131956953,2616.5
10.36,3872.92645336769,2616.5
10.37,3891.31084910732,2616.50000000003
10.38,3909.35082144498,2770.19999999997
10.39,3927.37167872666,2770.2
10.4,3945.48494078778,2770.2
10.41,3963.28080085236,2770.2
10.42,3980.87334369444,2770.2
10.43,3998.5399935467,2770.2
10.44,4015.90832064317,2770.2
10.45,4033.63156546926,2770.2
10.46,4050.60027625581,2770.2
10.47,4067.85717418693,2770.20000000002
10.48,4084.85872269272,2909.39999999998
10.49,4101.77951872996,2909.4
10.5,4118.57587089215,2909.4
10.51,4134.88284041675,2909.4
10.52,4151.32247456858,2909.4
10.53,4167.54687450776,2909.4
10.54,4183.68212083712,2909.4
10.55,4199.7702459429,2909.4
10.56,4215.8678999412,2909.4
10.57,4232.06042315628,2909.4
10.58,4248.14673357736,3016.1
10.59,4264.37538939553,3016.1
10.6,4280.61701670142,3016.1
10.61,4296.64373046458,3016.1
10.62,4312.51504019927,3016.1
10.63,4328.16697730131,3016.1
10.64,4344.02832906723,3016.1
10.65,4359.45713398842,3016.1
10.66,4375.05325092399,3016.1
10.67,4390.22546084033,3016.1
10.68,4405.59176644769,3080.3
10.69,4420.87913171492,3080.3
10.7,4436.21010815545,3080.3
10.71,4450.96231153395,3080.3
10.72,4465.6777562373,3080.3
10.73,4480.17158685405,3080.3
10.74,4494.58842152842,3080.3
10.75,4508.71593964186,3080.3
10.76,4522.47939807221,3080.3
10.77,4536.12614654477,3080.3
10.78,4549.77460637917,3092.5
10.79,4563.67565761173,3092.5
10.8,4576.95694908542,3092.5
10.81,4590.33168454418,3092.5
10.82,4603.46421089378,3092.5
10.83,4616.61067458469,3092.5
10.84,4629.94575473241,3092.5
10.85,4643.12939608574,3092.5
10.86,4656.0654361443,3092.5
10.87,4669.18829848407,3092.50000000002
10.88,4682.06477581727,3208.39999999998
10.89,4695.04631943829,3208.4
10.9,4708.03494800426,3208.4
10.91,4720.82687523297,3208.4
10.92,4733.67963001381,3208.4
10.93,4746.79943745558,3208.4
10.94,4759.90898991078,3208.4
10.95,4772.64488389731,3208.4
10.96,4785.49959017735,3208.4
10.97,4799.03161449953,3208.40000000003
10.98,4811.99281190094,3367.99999999997
10.99,4824.95218432742,3368
11,4837.89900141003,3368
11.01,4850.89648605614,3368
11.02,4863.95778698914,3368
11.03,4877.02441533365,3368
11.04,4889.83519731128,3368
11.05,4902.44865067861,3368
11.06,4915.32393270062,3368
11.07,4928.10141701493,3368
11.08,4940.6918729252,3511.8
11.09,4953.24228938612,3511.8
11.1,4966.14149198296,3511.8
11.11,4978.42632192013,3511.8
11.12,4990.96723844177,3511.8
11.13,5003.21299266959,3511.8
11.14,5015.26021341975,3511.8
11.15,5027.52475319089,3511.8
11.16,5039.62559206975,3511.8
11.17,5051.63124814131,3511.8
11.18,5063.57490851425,3579.1
11.19,5075.53232858521,3579.1
11.2,5087.22289961786,3579.1
11.21,5098.94512621234,3579.1
11.22,5110.66718918355,3579.1
11.23,5122.10090274462,3579.1
11.24,5133.39267593958,3579.1
11.25,5144.92651258744,3579.1
11.26,5156.27271150378,3579.1
11.27,5167.68361014176,3579.1
11.28,5178.54816275815,3668
11.29,5189.55113913348,3668
11.3,5200.78494557191,3668
11.31,5211.70846168991,3668
11.32,5222.60070831582,3668
11.33,5233.29954552384,3668
11.34,5243.72423113406,3668
11.35,5254.45866634106,3668
11.36,5264.53713347791,3668
11.37,5275.08956901737,3668.00000000002
11.38,5285.73983287742,3773.79999999998
11.39,5295.791718391,3773.8
11.4,5305.59137684486,3773.8
11.41,5315.43960568919,3773.8
11.42,5325.66714732261,3773.8
11.43,5335.81086289449,3773.8
11.44,5345.74289209519,3773.8
11.45,5354.97576088566,3773.8
11.46,5364.69664679173,3773.8
11.47,5374.03743278222,3773.80000000003
11.48,5383.21322909729,3922.09999999997
11.49,5392.69802163267,3922.1
11.5,5401.92403182782,3922.1
11.51,5411.55529577092,3922.1
11.52,5420.84214579544,3922.1
11.53,5429.96433325397,3922.1
11.54,5439.16709761348,3922.1
11.55,5447.90518678238,3922.1
11.56,5457.00091108669,3922.1
11.57,5465.06258599737,3922.1
11.58,5473.63493607787,4136.6
11.59,5482.30729456133,4136.6
11.6,5490.98928280535,4136.6
11.61,5499.16651661351,4136.6
11.62,5507.52779544274,4136.6
11.63,5515.577210944,4136.6
11.64,5523.59002160321,4136.6
11.65,5531.63504919547,4136.6
11.66,5539.34521891522,4136.6
11.67,5546.9290550427,4136.6
11.68,5554.27009646131,4305.7
11.69,5561.34202165579,4305.7
11.7,5568.03188756904,4305.7
11.71,5574.94417801551,4305.7
11.72,5582.02754627438,4305.7
11.73,5589.00363239214,4305.7
11.74,5595.14540670005,4305.7
11.75,5601.74206033946,4305.7
11.76,5608.03720985311,4305.7
11.77,5614.07003674278,4305.7
11.78,5620.3022207505,4298.2
11.79,5626.42896738603,4298.2
11.8,5630.48857991449,4298.2
11.81,5633.23538399453,4298.2
11.82,5634.55361056574,4298.2
11.83,5634.22662728214,4298.2
11.84,5633.19563057735,4298.2
11.85,5630.23207043572,4298.2
11.86,5626.05725572141,4298.2
11.87,5619.9052443019,4298.2
11.88,5612.58218638221,4293.8
11.89,5603.71247776542,4293.8
11.9,5593.83985963495,4293.8
11.91,5582.31257683737,4293.8
11.92,5569.61777222175,4293.8
11.93,5555.63842599155,4293.8
11.94,5539.96154060552,4293.8
11.95,5522.34324802466,4293.8
11.96,5503.72200687838,4293.8
11.97,5483.93150286453,4293.79999999999
11.98,5462.80345637938,4241.50000000001
11.99,5440.41088291079,4241.5
12,5418.04749641279,4241.5
12.01,5395.68452935288,4241.5
12.02,5373.57115701785,4241.5
12.03,5351.53367496243,4241.5
12.04,5329.41374506381,4241.5
12.05,5307.91607833647,4241.5
12.06,5286.4281876866,4241.5
12.07,5264.83880433823,4241.5
12.08,5243.62583621874,4212.9
12.09,5222.55553581117,4212.9
12.1,5201.62620431166,4212.9
12.11,5181.04601323408,4212.9
12.12,5160.61680664319,4212.9
12.13,5140.51480815718,4212.9
12.14,5120.24145838372,4212.9
12.15,5100.0841085413,4212.9
12.16,5080.08687963734,4212.9
12.17,5060.24824776717,4212.9
12.18,5040.59555769488,4128.2
12.19,5021.13823472452,4128.2
12.2,5001.74414135295,4128.2
12.21,4982.49530073841,4128.2
12.22,4963.43537526914,4128.2
12.23,4944.39635450653,4128.2
12.24,4925.81539271042,4128.2
12.25,4907.2599579491,4128.2
12.26,4888.74250841439,4128.2
12.27,4870.23677997892,4128.2
12.28,4851.87005130687,4080.7
12.29,4833.81577807954,4080.7
12.3,4815.84688971998,4080.7
12.31,4798.17015027175,4080.7
12.32,4780.36137874388,4080.7
12.33,4762.64645316385,4080.7
12.34,4745.14387444461,4080.7
12.35,4727.91570277195,4080.7
12.36,4710.52908769356,4080.7
12.37,4693.49918093104,4080.69999999998
12.38,4676.51440057297,3966.00000000002
12.39,4659.85726925174,3966
12.4,4643.02157352501,3966
12.41,4626.12314833755,3966
12.42,4609.7697160102,3966
12.43,4592.97711750472,3966
12.44,4576.80373316299,3966
12.45,4560.42410492491,3966
12.46,4544.58539445867,3966
12.47,4528.66009172289,3965.99999999998
12.48,4512.76024140681,3861.40000000002
12.49,4497.0725448682,3861.4
12.5,4481.42760524102,3861.4
12.51,4465.66113449205,3861.4
12.52,4450.47966785865,3861.4
12.53,4434.46342246303,3861.4
12.54,4419.75113082483,3861.4
12.55,4404.60424572375,3861.4
12.56,4389.52947825718,3861.4
12.57,4374.80048177376,3861.4
12.58,4360.02446244816,3669.6
12.59,4345.3731272066,3669.6
12.6,4330.88021101349,3669.6
12.61,4316.46738759871,3669.6
12.62,4301.72697894401,3669.6
12.63,4287.59489523291,3669.6
12.64,4273.03389468478,3669.6
12.65,4258.79979177335,3669.6
12.66,4244.72574435414,3669.6
12.67,4230.86290963813,3669.6
12.68,4216.93143796771,3571.6
12.69,4202.86364106524,3571.6
12.7,4189.01548881476,3571.6
12.71,4175.43431819889,3571.6
12.72,4161.86834927199,3571.6
12.73,4148.363394674,3571.6
12.74,4134.78177233694,3571.6
12.75,4121.44724238781,3571.6
12.76,4108.21430001476,3571.6
12.77,4095.02587798184,3571.6
12.78,4081.97703862758,3482
12.79,4068.78983112255,3482
12.8,4055.85016619926,3482
12.81,4042.87087405754,3482
12.82,4030.17620239487,3482
12.83,4017.42690857012,3482
12.84,4004.92940567243,3482
12.85,3992.22750959724,3482
12.86,3979.96027901606,3482
12.87,3967.55999107906,3481.99999999999
12.88,3955.16211295821,3399.40000000001
12.89,3942.86513933169,3399.4
12.9,3930.64443197121,3399.4
12.91,3918.55195557493,3399.4
12.92,3906.30000750099,3399.4
12.93,3894.60973571237,3399.4
12.94,3882.65456615288,3399.4
12.95,3870.91260323517,3399.4
12.96,3859.07265911429,3399.4
12.97,3847.2965326052,3399.39999999998
12.98,3835.75748273794,3294.20000000002
12.99,3824.10536083065,3294.2
13,3812.76857367246,3294.2
13.01,3801.44975696651,3294.2
13.02,3789.96291394312,3294.2
13.03,3778.58767667579,3294.2
13.04,3767.46811688644,3294.2
13.05,3756.1525537704,3294.2
13.06,3744.82821327191,3294.2
13.07,3734.03848560485,3294.2
13.08,3723.08827187822,3250.9
13.09,3712.64526527648,3250.9
13.1,3701.82959785304,3250.9
13.11,3691.2201709712,3250.9
13.12,3680.42446089515,3250.9
13.13,3669.58576649249,3250.9
13.14,3658.96018293398,3250.9
13.15,3648.56152752912,3250.9
13.16,3637.83903828453,3250.9
13.17,3627.43130434542,3250.9
13.18,3616.90611393025,3239.5
13.19,3606.47410883038,3239.5
13.2,3596.00563832641,3239.5
13.21,3585.67094027249,3239.5
13.22,3575.8464985843,3239.5
13.23,3565.41757218436,3239.5
13.24,3555.52123447882,3239.5
13.25,3545.36101450235,3239.5
13.26,3535.11890061316,3239.5
13.27,3525.10460609782,3239.5
13.28,3515.57003708837,3173.2
13.29,3506.06408298915,3173.2
13.3,3495.95261488592,3173.2
13.31,3486.09615120055,3173.2
13.32,3476.67441569744,3173.2
13.33,3466.94573704838,3173.2
13.34,3457.05611871606,3173.2
13.35,3447.66593876317,3173.2
13.36,3438.30464449201,3173.2
13.37,3428.8995123949,3173.2
13.38,3419.76937055884,3177.7
13.39,3410.43012496472,3177.7
13.4,3401.0803118905,3177.7
13.41,3392.08526916608,3177.7
13.42,3382.34444093887,3177.7
13.43,3373.58806383592,3177.7
13.44,3364.73257332024,3177.7
13.45,3356.22827588454,3177.7
13.46,3347.19878611801,3177.7
13.47,3338.39786587132,3177.70000000001
13.48,3329.78176137001,3207.8
13.49,3321.625937039,3207.8
13.5,3312.82165173305,3207.8
13.51,3304.42766599863,3207.8
13.52,3296.54998026885,3207.8
13.53,3288.37444317469,3207.8
13.54,3281.6127666658,3207.8
13.55,3274.08126037336,3207.8
13.56,3267.02502029811,3207.8
13.57,3259.90403887108,3207.8
13.58,3252.97426497404,3228.4
13.59,3246.35612510828,3228.4
13.6,3239.44364756337,3228.4
13.61,3233.13687899503,3228.4
13.62,3227.07866662161,3228.4
13.63,3222.12272866706,3228.4
13.64,3217.01520126502,3228.4
13.65,3212.9991995487,3228.4
13.66,3208.93264071325,3228.4
13.67,3203.05701692529,3228.4
13.68,3195.61171376044,3216.1
13.69,3190.44400275393,3216.1
13.7,3185.4930323109,3216.1
13.71,3179.99244985197,3216.1
13.72,3173.32815709987,3216.1
13.73,3166.2099714473,3216.1
13.74,3158.95625134115,3216.1
13.75,3151.14165668141,3216.1
13.76,3144.15221297098,3216.1
13.77,3137.84950453442,3216.1
13.78,3131.05821371709,3224.2
13.79,3123.59559968745,3224.2
13.8,3115.26066639111,3224.2
13.81,3107.82131647203,3224.2
13.82,3100.13630637204,3224.2
13.83,3092.81000668546,3224.2
13.84,3085.25389851565,3224.2
13.85,3077.9458598262,3224.2
13.86,3070.8824310417,3224.2
13.87,3064.18968954991,3224.19999999999
13.88,3056.62733320202,3195.30000000001
13.89,3049.18441574428,3195.3
13.9,3041.53006667378,3195.3
13.91,3034.80749300563,3195.3
13.92,3026.71557787139,3195.3
13.93,3018.89703037382,3195.3
13.94,3011.84682399175,3195.3
13.95,3005.13228846809,3195.3
13.96,2998.35426140575,3195.3
13.97,2991.16046543131,3195.29999999998
13.98,2984.19928077264,3064.50000000002
13.99,2977.67196947101,3064.5
14,2970.75728955211,3064.5
14.01,2964.04000053244,3064.5
14.02,2958.11654068606,3064.5
14.03,2950.78931176262,3064.5
14.04,2944.08719134914,3064.5
14.05,2937.33125990129,3064.5
14.06,2930.44602178238,3064.5
14.07,2922.94616333928,3064.49999999998
14.08,2916.21869076758,2957.1
14.09,2909.79157253972,2957.1
14.1,2903.16535228709,2957.1
14.11,2896.43285513639,2957.1
14.12,2889.68885861192,2957.1
14.13,2882.86072059693,2957.1
14.14,2875.9878856923,2957.1
14.15,2869.05517820381,2957.1
14.16,2862.60873230689,2957.1
14.17,2855.07423543593,2957.1
14.18,2848.5805182283,2929.1
14.19,2842.59186368551,2929.1
14.2,2836.3070933139,2929.1
14.21,2829.87974684057,2929.1
14.22,2823.38316957091,2929.1
14.23,2816.95523798091,2929.1
14.24,2810.87392119127,2929.1
14.25,2804.80356267647,2929.1
14.26,2798.66978257832,2929.1
14.27,2792.93166613782,2929.1
14.28,2787.73063020157,2889.1
14.29,2781.87463798063,2889.1
14.3,2776.29243105876,2889.1
14.31,2770.65069947223,2889.1
14.32,2765.52583260133,2889.1
14.33,2760.248347626,2889.1
14.34,2754.76060496635,2889.1
14.35,2749.4018412868,2889.1
14.36,2743.76558362172,2889.1
14.37,2738.76965777196,2889.10000000001
14.38,2733.50862445875,2923.29999999999
14.39,2728.6370063549,2923.3
14.4,2724.01294587737,2923.3
14.41,2718.63853452375,2923.3
14.42,2713.09148168445,2923.3
14.43,2707.52603583491,2923.3
14.44,2702.1108956472,2923.3
14.45,2696.91024236553,2923.3
14.46,2691.361421704,2923.3
14.47,2685.83168021751,2923.30000000001
14.48,2680.37344544914,2963.89999999999
14.49,2674.91589035601,2963.9
14.5,2669.43543577195,2963.9
14.51,2664.37519639917,2963.9
14.52,2658.99602742176,2963.9
14.53,2653.82556768906,2963.9
14.54,2648.94908410891,2963.9
14.55,2644.00266451878,2963.9
14.56,2639.47438452316,2963.9
14.57,2634.47572521482,2963.9
14.58,2629.907802841,2975.4
14.59,2625.37597130629,2975.4
14.6,2620.85495524202,2975.4
14.61,2616.40712095554,2975.4
14.62,2612.4342368431,2975.4
14.63,2608.15885233374,2975.4
14.64,2604.20006866945,2975.4
14.65,2600.18630145929,2975.4
14.66,2596.62241627091,2975.4
14.67,2593.22031488209,2975.4
14.68,2589.88920811547,2946.3
14.69,2586.52645432351,2946.3
14.7,2583.37350916143,2946.3
14.71,2580.37971320956,2946.3
14.72,2577.33934499265,2946.3
14.73,2574.28479069767,2946.3
14.74,2571.51723877647,2946.3
14.75,2568.55007817722,2946.3
14.76,2565.77230881339,2946.3
14.77,2563.0837282693,2946.3
14.78,2560.20745833436,2941.4
14.79,2557.69343929414,2941.4
14.8,2555.14130351922,2941.4
14.81,2552.38632215648,2941.4
14.82,2549.06542978637,2941.4
14.83,2545.73690276165,2941.4
14.84,2542.06118121691,2941.4
14.85,2538.67263305944,2941.4
14.86,2534.70917865889,2941.4
14.87,2530.81212540946,2941.4
14.88,2526.53408955449,2963.5
14.89,2522.04649355803,2963.5
14.9,2517.43009711846,2963.5
14.91,2512.50111439265,2963.5
14.92,2508.13072993584,2963.5
14.93,2503.50878641829,2963.5
14.94,2499.23365852019,2963.5
14.95,2494.5141585226,2963.5
14.96,2489.72052789359,2963.5
14.97,2484.94854062495,2963.5
14.98,2480.53167961946,2952.9
14.99,2475.98057886115,2952.9
15,2471.52683302394,2952.9
15.01,2467.20560071864,2952.9
15.02,2462.477095485,2952.9
15.03,2458.140606616,2952.9
15.04,2453.61728098511,2952.9
15.05,2449.02258770383,2952.9
15.06,2444.69416336673,2952.9
15.07,2440.50322348694,2952.9
15.08,2436.00263948812,2942.4
15.09,2431.55528368598,2942.4
15.1,2427.29049717377,2942.4
15.11,2423.10277481421,2942.4
15.12,2418.89894377146,2942.4
15.13,2414.39512243703,2942.4
15.14,2410.31715973887,2942.4
15.15,2406.11923863602,2942.4
15.16,2402.32541806842,2942.4
15.17,2398.13671139642,2942.4
15.18,2394.38895517971,2948.5
15.19,2390.4419577564,2948.5
15.2,2386.5263308906,2948.5
15.21,2382.72016409094,2948.5
15.22,2378.80140957335,2948.5
15.23,2375.13104372415,2948.5
15.24,2371.59986813662,2948.5
15.25,2368.12758290762,2948.5
15.26,2364.6968897273,2948.5
15.27,2361.60584136675,2948.5
15.28,2358.21855064577,2949.1
15.29,2355.24221831305,2949.1
15.3,2352.06036240327,2949.1
15.31,2348.94673842477,2949.1
15.32,2346.05139676916,2949.1
15.33,2343.18172024905,2949.1
15.34,2340.42766140301,2949.1
15.35,2337.31571329217,2949.1
15.36,2334.52401992736,2949.1
15.37,2331.92132210853,2949.10000000001
15.38,2329.22840658137,3018.09999999999
15.39,2326.44634119663,3018.1
15.4,2323.78326459422,3018.1
15.41,2321.02748903363,3018.1
15.42,2318.07571512289,3018.1
15.43,2315.11940544331,3018.1
15.44,2312.08474528197,3018.1
15.45,2308.75621280292,3018.1
15.46,2305.70061355247,3018.1
15.47,2302.49223515258,3018.09999999999
15.48,2298.96499022258,2977.70000000001
15.49,2295.63210826765,2977.7
15.5,2292.15265580111,2977.7
15.51,2288.84572452063,2977.7
15.52,2285.69477380004,2977.7
15.53,2282.73817958393,2977.7
15.54,2279.8043631062,2977.7
15.55,2277.05616910996,2977.7
15.56,2274.14834855475,2977.7
15.57,2271.57620941868,2977.7
15.58,2269.0225445136,2949.8
15.59,2266.57032933504,2949.8
15.6,2264.0255183597,2949.8
15.61,2261.6380873305,2949.8
15.62,2259.28039769058,2949.8
15.63,2256.85869329041,2949.8
15.64,2254.44669659191,2949.8
15.65,2252.19885825004,2949.8
15.66,2249.71177004408,2949.8
15.67,2247.45118272031,2949.8
15.68,2245.20869012954,2990.4
15.69,2242.93165190507,2990.4
15.7,2240.6827639874,2990.4
15.71,2238.46421150546,2990.4
15.72,2236.29304931965,2990.4
15.73,2234.18033983722,2990.4
15.74,2231.97980249628,2990.4
15.75,2229.80209996145,2990.4
15.76,2227.52704868421,2990.4
15.77,2225.32915387052,2990.4
15.78,2223.07579442977,3047.7
15.79,2220.9793813777,3047.7
15.8,2219.09204589217,3047.7
15.81,2217.08112914237,3047.7
15.82,2215.45523644286,3047.7
15.83,2213.81732421278,3047.7
15.84,2212.16469288099,3047.7
15.85,2210.7905788811,3047.7
15.86,2209.54564560313,3047.7
15.87,2208.69808748444,3047.7
15.88,2207.73138209634,3033
15.89,2207.21073157558,3033
15.9,2206.45930201557,3033
15.91,2206.11233881894,3033
15.92,2205.42441348506,3033
15.93,2205.39085287698,3033
15.94,2205.1160328914,3033
15.95,2205.09356856236,3033
15.96,2205.27814603711,3033
15.97,2205.17866095891,3033
15.98,2205.60655578491,3057.6
15.99,2205.91165871256,3057.6
16,2206.18102991773,3057.6
16.01,2206.82229702867,3057.6
16.02,2206.91810977651,3057.6
16.03,2207.4418605564,3057.6
16.04,2207.87924193604,3057.6
16.05,2208.33580026497,3057.6
16.06,2209.03397600405,3057.6
16.07,2209.2302122215,3057.6
16.08,2209.77033117017,3128
16.09,2210.38101604892,3128
16.1,2210.91687873017,3128
16.11,2211.43445838538,3128
16.12,2212.24907322831,3128
16.13,2213.01054357132,3128
16.14,2214.13152449219,3128
16.15,2214.72373101822,3128
16.16,2215.72554914542,3128
16.17,2216.7710744379,3127.99999999996
16.18,2217.71111224453,3028.6
16.19,2218.83336823523,3028.6
16.2,2219.69069553909,3028.6
16.21,2220.65127699943,3028.6
16.22,2221.31427716296,3028.6
16.23,2222.25637153191,3028.6
16.24,2222.89252842102,3028.6
16.25,2223.37636700882,3028.6
16.26,2223.53906269998,3028.6
16.27,2223.27732262491,3028.6
16.28,2222.89889052732,2992.20000000001
16.29,2222.5159416458,2992.2
16.3,2222.23232208397,2992.2
16.31,2222.08192129465,2992.2
16.32,2221.81644076662,2992.2
16.33,2221.61394874288,2992.2
16.34,2221.49819059119,2992.2
16.35,2221.16388235521,2992.2
16.36,2221.16897795732,2992.2
16.37,2220.95505462499,2992.2
16.38,2220.52934256274,3003.9
16.39,2220.5238989608,3003.9
16.4,2220.56080697249,3003.9
16.41,2220.60290427132,3003.9
16.42,2221.04737216664,3003.9
16.43,2221.67749381955,3003.9
16.44,2222.26726704565,3003.9
16.45,2223.20591546033,3003.9
16.46,2224.17026272396,3003.9
16.47,2225.46289098179,3003.9
16.48,2226.63080091893,3058.5
16.49,2227.99499183658,3058.5
16.5,2229.59970100108,3058.5
16.51,2231.11463234113,3058.5
16.52,2232.648007706,3058.5
16.53,2233.94701713949,3058.5
16.54,2235.41071141927,3058.5
16.55,2236.9277810836,3058.5
16.56,2238.10349497352,3058.5
16.57,2239.46744224137,3058.5
16.58,2240.65769743963,3058
16.59,2241.96827497178,3058
16.6,2243.15556777672,3058
16.61,2244.31596699618,3058
16.62,2245.48908838718,3058
16.63,2246.62317962262,3058
16.64,2247.98394226708,3058
16.65,2249.1734234545,3058
16.66,2250.47982952347,3058
16.67,2251.3292432964,3058.00000000004
16.68,2252.50181996304,3168.8
16.69,2253.54535973233,3168.8
16.7,2254.75677081977,3168.8
16.71,2255.93905925281,3168.8
16.72,2257.47166584661,3168.8
16.73,2258.98367512323,3168.8
16.74,2260.56549787922,3168.8
16.75,2262.29498935048,3168.8
16.76,2263.91112576358,3168.8
16.77,2265.48340687951,3168.8
16.78,2267.32705805521,3237.89999999998
16.79,2269.2969299533,3237.9
16.8,2271.29866187894,3237.9
16.81,2273.32899378644,3237.9
16.82,2275.41569949174,3237.9
16.83,2277.79549055359,3237.9
16.84,2280.21461383792,3237.9
16.85,2282.40993140147,3237.9
16.86,2284.83115632684,3237.9
16.87,2287.362313055,3237.9
16.88,2289.87861622803,3176
16.89,2292.38792187169,3176
16.9,2295.00787892929,3176
16.91,2297.64839817447,3176
16.92,2300.54475758319,3176
16.93,2303.11012600722,3176
16.94,2305.97724425755,3176
16.95,2308.88796361969,3176
16.96,2311.51619651013,3176
16.97,2314.47572056803,3176
16.98,2316.85415599696,3182.4
16.99,2319.60365853319,3182.4
17,2322.33366579605,3182.4
17.01,2325.17251483737,3182.4
17.02,2328.1288794348,3182.4
17.03,2330.83181158828,3182.4
17.04,2333.44518601728,3182.4
17.05,2336.62806979024,3182.4
17.06,2339.27913887744,3182.4
17.07,2341.89954356906,3182.4
17.08,2344.39234876236,3174.1
17.09,2347.06189439171,3174.1
17.1,2349.94867522418,3174.1
17.11,2352.5396081021,3174.1
17.12,2355.36658043361,3174.1
17.13,2358.29862687925,3174.1
17.14,2361.10901578706,3174.1
17.15,2364.13973545493,3174.1
17.16,2366.97920663672,3174.1
17.17,2370.14773388064,3174.1
17.18,2373.15727622238,3178.8
17.19,2376.42315606964,3178.8
17.2,2379.29162728469,3178.8
17.21,2382.38470818657,3178.8
17.22,2384.87392857516,3178.8
17.23,2387.34067253941,3178.8
17.24,2389.42387896269,3178.8
17.25,2391.23485119162,3178.8
17.26,2393.05711283163,3178.8
17.27,2394.75233187015,3178.8
17.28,2396.28749188713,3202.19999999999
17.29,2397.64748697829,3202.2
17.3,2398.9322244025,3202.2
17.31,2399.83951953742,3202.2
17.32,2400.65564983782,3202.2
17.33,2401.55945119234,3202.2
17.34,2402.06459942535,3202.2
17.35,2402.60752458698,3202.2
17.36,2403.08194398135,3202.2
17.37,2403.19530529354,3202.20000000001
17.38,2403.25873174766,3220.1
17.39,2403.1981429534,3220.1
17.4,2402.8033883588,3220.1
17.41,2402.35495374384,3220.1
17.42,2401.68444262968,3220.1
17.43,2400.69013777799,3220.1
17.44,2399.48424810434,3220.1
17.45,2397.63482641763,3220.1
17.46,2395.82121863853,3220.1
17.47,2393.70625974936,3220.1
17.48,2391.19017092442,3237
17.49,2388.59007135852,3237
17.5,2385.48272127448,3237
17.51,2382.70007342946,3237
17.52,2379.11166340496,3237
17.53,2375.82444209377,3237
17.54,2372.50953724223,3237
17.55,2368.54993572095,3237
17.56,2364.53109561328,3237
17.57,2360.29114997969,3237
17.58,2356.08294650474,3228.5
17.59,2351.71512739308,3228.5
17.6,2347.07851147434,3228.5
17.61,2342.67902339558,3228.5
17.62,2338.17454179782,3228.5
17.63,2333.5432790716,3228.5
17.64,2329.04806349834,3228.5
17.65,2324.62394834974,3228.5
17.66,2320.13370052551,3228.5
17.67,2315.63451898303,3228.49999999999
17.68,2311.20003787351,3211.1
17.69,2306.83426971388,3211.1
17.7,2302.31696388074,3211.1
17.71,2297.83801112709,3211.1
17.72,2293.44969590567,3211.1
17.73,2289.27895930348,3211.1
17.74,2284.90273944761,3211.1
17.75,2280.58554781658,3211.1
17.76,2276.32918876304,3211.1
17.77,2272.03727405624,3211.1
17.78,2267.73192876969,3145.90000000002
17.79,2263.46630969581,3145.9
17.8,2259.09996417382,3145.9
17.81,2254.93882633108,3145.9
17.82,2250.75267675325,3145.9
17.83,2246.3800688629,3145.9
17.84,2242.24592591627,3145.9
17.85,2238.08070661869,3145.9
17.86,2233.67875518435,3145.9
17.87,2229.70560720972,3145.89999999999
17.88,2225.41563710777,3116
17.89,2221.22145515037,3116
17.9,2217.02999852791,3116
17.91,2212.96183397685,3116
17.92,2209.01174323654,3116
17.93,2204.93769022901,3116
17.94,2200.85185256869,3116
17.95,2196.88786841285,3116
17.96,2192.65670341524,3116
17.97,2188.56556226132,3116
17.98,2184.62080913931,3082.3
17.99,2180.49638241206,3082.3
18,2176.60269818531,3082.3
18.01,2172.65935858049,3082.3
18.02,2168.6590633704,3082.3
18.03,2164.73507203426,3082.3
18.04,2160.73944186026,3082.3
18.05,2156.81134288189,3082.3
18.06,2152.72580630155,3082.3
18.07,2148.97192862095,3082.3
18.08,2144.96659447902,3043.6
18.09,2141.02242670239,3043.6
18.1,2137.10184141627,3043.6
18.11,2133.50681202492,3043.6
18.12,2129.73537880938,3043.6
18.13,2125.75653400054,3043.6
18.14,2121.93532547653,3043.6
18.15,2118.20058602928,3043.6
18.16,2114.18196269563,3043.6
18.17,2110.54789440701,3043.59999999999
18.18,2106.67469509625,3017.2
18.19,2102.99958409508,3017.2
18.2,2099.41492457225,3017.2
18.21,2095.55657539848,3017.2
18.22,2091.72020972673,3017.2
18.23,2088.09881301242,3017.2
18.24,2084.56493036026,3017.2
18.25,2080.88374311192,3017.2
18.26,2077.38968344283,3017.2
18.27,2073.79101674948,3017.2
18.28,2070.05222603397,3001.50000000001
18.29,2066.31712002888,3001.5
18.3,2062.81731166972,3001.5
18.31,2059.2321549678,3001.5
18.32,2055.60831049282,3001.5
18.33,2052.19205803374,3001.5
18.34,2048.50704872823,3001.5
18.35,2044.84929842754,3001.5
18.36,2041.17149549973,3001.5
18.37,2037.64278668575,3001.5
18.38,2034.23471842723,2988.3
18.39,2030.85338158443,2988.3
18.4,2027.31412084317,2988.3
18.41,2023.94911784858,2988.3
18.42,2020.28228454272,2988.3
18.43,2016.7732512074,2988.3
18.44,2013.38788713431,2988.3
18.45,2010.02762327726,2988.3
18.46,2006.25657039966,2988.3
18.47,2002.99501273633,2988.3
18.48,1999.48583740531,2933.7
18.49,1995.96098856772,2933.7
18.5,1992.71244897242,2933.7
18.51,1989.30185116559,2933.7
18.52,1986.05499505812,2933.7
18.53,1982.71592206452,2933.7
18.54,1979.20578742416,2933.7
18.55,1975.93772787001,2933.7
18.56,1972.68761889064,2933.7
18.57,1969.34114834421,2933.7
18.58,1966.03103691896,2892.8
18.59,1962.91365068659,2892.8
18.6,1959.66884722808,2892.8
18.61,1956.43626681007,2892.8
18.62,1953.23618054706,2892.8
18.63,1949.78589777847,2892.8
18.64,1946.61397059526,2892.8
18.65,1943.55280571725,2892.8
18.66,1940.38021035134,2892.8
18.67,1937.2456438391,2892.80000000001
18.68,1934.1530083069,2926.3
18.69,1930.99343437876,2926.3
18.7,1927.82928215328,2926.3
18.71,1925.11310132981,2926.3
18.72,1922.24935283595,2926.3
18.73,1919.58421364194,2926.3
18.74,1916.97432942635,2926.3
18.75,1914.61128341463,2926.3
18.76,1912.35396725102,2926.3
18.77,1910.27349083515,2926.3
18.78,1908.3041479197,2909.70000000001
18.79,1906.54789294773,2909.7
18.8,1904.86544002597,2909.7
18.81,1903.49570252363,2909.7
18.82,1902.14240830471,2909.7
18.83,1901.36095151163,2909.7
18.84,1901.02893512718,2909.7
18.85,1900.94617264411,2909.7
18.86,1900.9386807477,2909.7
18.87,1901.35722271188,2909.70000000001
18.88,1902.06282652496,2937.6
18.89,1902.90947189033,2937.6
18.9,1903.94337756099,2937.6
18.91,1905.07428067991,2937.6
18.92,1905.98625357121,2937.6
18.93,1907.12158801219,2937.6
18.94,1907.98659681432,2937.6
18.95,1909.145291959,2937.6
18.96,1910.38581121591,2937.6
18.97,1911.46161883565,2937.6
18.98,1912.59279078779,3016
18.99,1913.64915275952,3016
19,1914.65914441151,3016
19.01,1915.50626786172,3016
19.02,1916.5030648589,3016
19.03,1917.52500276154,3016
19.04,1918.30062822427,3016
19.05,1919.20063751228,3016
19.06,1919.94680803658,3016
19.07,1920.41397829482,3016
19.08,1921.05537236624,3118.3
19.09,1921.42931848837,3118.3
19.1,1921.85767678106,3118.3
19.11,1922.37152827741,3118.3
19.12,1922.46138845373,3118.3
19.13,1922.71521886758,3118.3
19.14,1922.74010301645,3118.3
19.15,1922.79230433777,3118.3
19.16,1922.7825906273,3118.3
19.17,1922.37069234189,3118.29999999995
19.18,1921.97137573249,2988.6
19.19,1921.72937449987,2988.6
19.2,1921.19403092566,2988.6
19.21,1920.93519670389,2988.6
19.22,1920.62601444742,2988.6
19.23,1920.30145618321,2988.6
19.24,1919.98741076475,2988.6
19.25,1919.84132733745,2988.6
19.26,1919.74582087371,2988.6
19.27,1919.42970262374,2988.6
19.28,1919.62923800932,2919.70000000002
19.29,1919.74217800146,2919.7
19.3,1919.57966621105,2919.7
19.31,1919.36626427642,2919.7
19.32,1919.14232804299,2919.7
19.33,1918.65810932642,2919.7
19.34,1918.27515554025,2919.7
19.35,1917.74479363491,2919.7
19.36,1917.35345810494,2919.7
19.37,1916.75111908124,2919.7
19.38,1915.91808183727,2919.8
19.39,1915.1278241975,2919.8
19.4,1914.33762621416,2919.8
19.41,1913.14496694468,2919.8
19.42,1912.06045983927,2919.8
19.43,1910.67161733171,2919.8
19.44,1908.79174432774,2919.8
19.45,1907.29667011298,2919.8
19.46,1905.23769375281,2919.8
19.47,1902.93726287733,2919.8
19.48,1900.58988775797,2922.1
19.49,1898.26136832522,2922.1
19.5,1895.77606428568,2922.1
19.51,1893.18376491915,2922.1
19.52,1890.55397678223,2922.1
19.53,1887.82160637672,2922.1
19.54,1885.22673011403,2922.1
19.55,1882.42056812486,2922.1
19.56,1879.82862121806,2922.1
19.57,1876.84500625493,2922.1
19.58,1873.93376405254,2906.5
19.59,1871.29624594008,2906.5
19.6,1868.33390457197,2906.5
19.61,1865.40617032336,2906.5
19.62,1862.62531408266,2906.5
19.63,1859.58884892733,2906.5
19.64,1856.70342421325,2906.5
19.65,1853.88237425756,2906.5
19.66,1850.81641316792,2906.5
19.67,1847.91489760275,2906.49999999999
19.68,1845.10049780968,2884.7
19.69,1842.29058453183,2884.7
19.7,1839.29150439782,2884.7
19.71,1836.30929391353,2884.7
19.72,1833.25174505818,2884.7
19.73,1830.42277256528,2884.7
19.74,1827.48689377975,2884.7
19.75,1824.46239660277,2884.7
19.76,1821.67149029903,2884.7
19.77,1818.85609847556,2884.7
19.78,1816.01710787889,2870.10000000001
19.79,1813.20040503338,2870.1
19.8,1810.30691670031,2870.1
19.81,1807.59173815106,2870.1
19.82,1804.96286715544,2870.1
19.83,1802.15746896797,2870.1
19.84,1799.40517195293,2870.1
19.85,1797.06570895301,2870.1
19.86,1794.58370139418,2870.1
19.87,1792.12487061843,2870.09999999999
19.88,1789.57753475371,2846.4
19.89,1787.2867016968,2846.4
19.9,1784.96938752341,2846.4
19.91,1783.17947271636,2846.4
19.92,1781.30309530558,2846.4
19.93,1779.62123675969,2846.4
19.94,1777.98726699179,2846.4
19.95,1776.69454122761,2846.4
19.96,1775.51873910243,2846.4
19.97,1774.46801759752,2846.4
19.98,1773.67051263415,2848.8
19.99,1772.98449481426,2848.8
20,1772.40343024302,2848.8
20.01,1772.00435487572,2848.8
20.02,1771.65780469964,2848.8
20.03,1771.57300927633,2848.8
20.04,1771.31264511066,2848.8
20.05,1771.18161620584,2848.8
20.06,1771.00992299644,2848.8
20.07,1770.84800249851,2848.8
20.08,1770.74453159728,2857.6
20.09,1771.07803151802,2857.6
20.1,1771.40997712927,2857.6
20.11,1771.90060629728,2857.6
20.12,1772.62207638235,2857.6
20.13,1773.74727165738,2857.6
20.14,1775.0637260881,2857.6
20.15,1776.49637224821,2857.6
20.16,1778.22415338837,2857.6
20.17,1779.96780195105,2857.60000000001
20.18,1782.14379899019,2880.6
20.19,1784.58712261645,2880.6
20.2,1787.04121338535,2880.6
20.21,1789.60102989025,2880.6
20.22,1791.99538965812,2880.6
20.23,1794.61410404507,2880.6
20.24,1796.96959239906,2880.6
20.25,1799.59028465718,2880.6
20.26,1802.06304093689,2880.6
20.27,1804.80532754143,2880.6
20.28,1807.26827675233,2909.49999999999
20.29,1809.8864915167,2909.5
20.3,1812.50232541035,2909.5
20.31,1815.12660079161,2909.5
20.32,1817.77334659715,2909.5
20.33,1820.23919910756,2909.5
20.34,1823.02698818797,2909.5
20.35,1825.74368741362,2909.5
20.36,1828.35241009185,2909.5
20.37,1830.87553221495,2909.50000000004
20.38,1833.50766599419,3010.8
20.39,1836.11719959761,3010.8
20.4,1838.55638058266,3010.8
20.41,1841.24495687065,3010.8
20.42,1843.72797756114,3010.8
20.43,1846.34784752787,3010.8
20.44,1848.70014290864,3010.8
20.45,1851.31692713115,3010.8
20.46,1853.91035445958,3010.8
20.47,1856.39926222756,3010.8
20.48,1858.84916470113,3084.3
20.49,1861.39684431582,3084.3
20.5,1863.9727542891,3084.3
20.51,1866.44194310658,3084.3
20.52,1868.91120865484,3084.3
20.53,1871.37069996632,3084.3
20.54,1874.16118232833,3084.3
20.55,1876.71101369722,3084.3
20.56,1879.36038480257,3084.3
20.57,1881.79180909656,3084.3
20.58,1884.45551557766,3141.2
20.59,1887.05954358078,3141.2
20.6,1889.54550628707,3141.2
20.61,1892.25836435172,3141.2
20.62,1894.84308240551,3141.2
20.63,1897.33575765543,3141.2
20.64,1899.87146182278,3141.2
20.65,1902.43170279616,3141.2
20.66,1904.75533179116,3141.2
20.67,1907.45144613802,3141.19999999999
20.68,1909.83836770183,3101.8
20.69,1912.2771898868,3101.8
20.7,1915.09369482315,3101.8
20.71,1918.53554249406,3101.8
20.72,1922.12780637171,3101.8
20.73,1926.20936858251,3101.8
20.74,1930.90808891923,3101.8
20.75,1935.72193289149,3101.8
20.76,1941.2986493216,3101.8
20.77,1947.03251528409,3101.8
20.78,1953.35789247327,3114.7
20.79,1959.90181203295,3114.7
20.8,1966.87844062044,3114.7
20.81,1973.62207523652,3114.7
20.82,1980.79864337754,3114.7
20.83,1988.32062602537,3114.7
20.84,1995.40078842838,3114.7
20.85,2002.81524681384,3114.7
20.86,2010.58865659037,3114.7
20.87,2018.24729036405,3114.70000000008
20.88,2025.99313584459,3339.3
20.89,2034.19315375894,3339.3
20.9,2041.86360054347,3339.3
20.91,2049.34678364792,3339.3
20.92,2056.56600936796,3339.3
20.93,2063.05839076668,3339.3
20.94,2069.24981145709,3339.3
20.95,2074.72211759573,3339.3
20.96,2080.24422318341,3339.3
20.97,2085.40464288465,3339.3
20.98,2090.08193767938,3257.4
20.99,2094.47253562137,3257.4
21,2098.68406587921,3257.4
21.01,2102.84390248278,3257.4
21.02,2106.66545148505,3257.4
21.03,2110.72809981492,3257.4
21.04,2114.9181952075,3257.4
21.05,2119.09936962093,3257.4
21.06,2123.35699447979,3257.4
21.07,2127.40366102274,3257.4
21.08,2131.70379440926,3067.5
21.09,2135.83046743836,3067.5
21.1,2140.02827594285,3067.5
21.11,2144.56504290295,3067.5
21.12,2149.04952477674,3067.5
21.13,2153.67291019536,3067.5
21.14,2158.5052515492,3067.5
21.15,2163.1012160386,3067.5
21.16,2167.82847864227,3067.5
21.17,2172.94650971403,3067.5
21.18,2178.00123392657,3077.1
21.19,2183.36756506599,3077.1
21.2,2188.27706851376,3077.1
21.21,2193.49551436545,3077.1
21.22,2198.23266131187,3077.1
21.23,2203.07860108591,3077.1
21.24,2207.67889059836,3077.1
21.25,2211.95360368245,3077.1
21.26,2216.31633039004,3077.1
21.27,2220.64690239381,3077.1
21.28,2224.65027017752,3140.79999999998
21.29,2228.50894561683,3140.8
21.3,2232.38014807702,3140.8
21.31,2236.61526345346,3140.8
21.32,2240.84875184267,3140.8
21.33,2245.28062057757,3140.8
21.34,2249.9303154647,3140.8
21.35,2254.66357568054,3140.8
21.36,2259.47493895301,3140.8
21.37,2264.45785336624,3140.8
21.38,2269.61161926051,3135.6
21.39,2274.92226395604,3135.6
21.4,2280.55657572964,3135.6
21.41,2286.51745728562,3135.6
21.42,2292.81071907091,3135.6
21.43,2299.48776606167,3135.6
21.44,2306.4432365075,3135.6
21.45,2313.73698149088,3135.6
21.46,2321.70082294302,3135.6
21.47,2329.91570468945,3135.6
21.48,2338.38254729221,3178.6
21.49,2347.41566460766,3178.6
21.5,2356.34387701273,3178.6
21.51,2365.39557312997,3178.6
21.52,2374.64282215006,3178.6
21.53,2383.97486723656,3178.6
21.54,2393.53276205264,3178.6
21.55,2403.02815401413,3178.6
21.56,2412.92766958935,3178.6
21.57,2422.42128712699,3178.6
21.58,2432.24553759509,3252.3
21.59,2442.51861823731,3252.3
21.6,2453.03867174969,3252.3
21.61,2463.57885659887,3252.3
21.62,2474.37443854058,3252.3
21.63,2485.4624765732,3252.3
21.64,2496.86428965443,3252.3
21.65,2508.97738318299,3252.3
21.66,2520.82888560847,3252.3
21.67,2532.83709758568,3252.30000000002
21.68,2545.60333602749,3295.1
21.69,2558.49150454293,3295.1
21.7,2571.25385454937,3295.1
21.71,2584.48013088329,3295.1
21.72,2598.0723250799,3295.1
21.73,2611.8528886324,3295.1
21.74,2625.80344814724,3295.1
21.75,2639.49283950282,3295.1
21.76,2653.72727727459,3295.1
21.77,2667.5083399507,3295.1
21.78,2681.89754725841,3374.89999999997
21.79,2697.05703845963,3374.9
21.8,2711.81228611732,3374.9
21.81,2726.62203271689,3374.9
21.82,2741.69067453729,3374.9
21.83,2756.69418399361,3374.9
21.84,2771.0081150224,3374.9
21.85,2785.14189971209,3374.9
21.86,2799.32699646574,3374.9
21.87,2814.66460730873,3374.90000000005
21.88,2829.67920896434,3518.1
21.89,2844.87418546776,3518.1
21.9,2860.79764592288,3518.1
21.91,2875.55887261174,3518.1
21.92,2890.29266438697,3518.1
21.93,2905.78613363981,3518.1
21.94,2921.20867542256,3518.1
21.95,2936.28518486864,3518.1
21.96,2951.553660164,3518.1
21.97,2967.16925324048,3518.1
21.98,2981.75743427332,3546.6
21.99,2996.41437723441,3546.6
22,3012.01911312685,3546.6
22.01,3026.04285587832,3546.6
22.02,3040.0201043428,3546.6
22.03,3052.96006022332,3546.6
22.04,3066.77387466366,3546.6
22.05,3080.39841451021,3546.6
22.06,3096.06483692267,3546.6
22.07,3111.52310406557,3546.6
22.08,3126.05902003174,3626.5
22.09,3140.51725558772,3626.5
22.1,3155.07690258132,3626.5
22.11,3168.50768340526,3626.5
22.12,3183.77445739156,3626.5
22.13,3197.79109768234,3626.5
22.14,3211.39235340789,3626.5
22.15,3225.22670007618,3626.5
22.16,3239.33888604158,3626.5
22.17,3252.98273555818,3626.5000000001
22.18,3266.69494830697,3920.4
22.19,3280.47481888078,3920.4
22.2,3293.36046297207,3920.4
22.21,3306.59856181404,3920.4
22.22,3319.65548188917,3920.4
22.23,3332.9286133334,3920.4
22.24,3346.1211468678,3920.4
22.25,3359.13655240825,3920.4
22.26,3372.13942431976,3920.4
22.27,3384.90327762292,3920.4
22.28,3398.04446362212,4081.79999999994
22.29,3410.7112378705,4081.8
22.3,3423.27270340017,4081.8
22.31,3436.4619056822,4081.8
22.32,3449.1392325307,4081.8
22.33,3462.52515763967,4081.8
22.34,3475.84525690922,4081.8
22.35,3489.30976771077,4081.8
22.36,3502.72103999619,4081.8
22.37,3516.32031785003,4081.80000000006
22.38,3530.32038351604,4240.9
22.39,3543.72059088592,4240.9
22.4,3557.56166508292,4240.9
22.41,3571.21428583891,4240.9
22.42,3584.51616900899,4240.9
22.43,3597.84630582923,4240.9
22.44,3611.62090862215,4240.9
22.45,3625.41446409053,4240.9
22.46,3639.0363336967,4240.9
22.47,3652.10762155548,4240.9
22.48,3665.59755243487,4532.6
22.49,3678.81434668992,4532.6
22.5,3692.63022557674,4532.6
22.51,3706.32380920061,4532.6
22.52,3720.0531879902,4532.6
22.53,3733.83993936872,4532.6
22.54,3747.85412973401,4532.6
22.55,3761.96496401377,4532.6
22.56,3776.11057879468,4532.6
22.57,3790.30407499835,4532.6
22.58,3804.62506123183,4794
22.59,3818.97640969656,4794
22.6,3833.84582852468,4794
22.61,3848.90607434531,4794
22.62,3864.56332421018,4794
22.63,3880.48940990709,4794
22.64,3896.88223112839,4794
22.65,3913.79101549228,4794
22.66,3931.59387007242,4794
22.67,3948.83750519698,4794.00000000007
22.68,3966.97742652465,4983.1
22.69,3984.91131799502,4983.1
22.7,4003.29598616958,4983.1
22.71,4021.60282990782,4983.1
22.72,4039.84067157977,4983.1
22.73,4057.88937824961,4983.1
22.74,4075.97090547816,4983.1
22.75,4094.0688620257,4983.1
22.76,4111.93681094268,4983.1
22.77,4129.60203259086,4983.1
22.78,4147.37552658927,5077.19999999997
22.79,4164.96387231648,5077.2
22.8,4181.58342692668,5077.2
22.81,4196.37266093244,5077.2
22.82,4210.29839036856,5077.2
22.83,4222.58074846863,5077.2
22.84,4233.62485434501,5077.2
22.85,4243.08596420045,5077.2
22.86,4250.78130327562,5077.2
22.87,4257.4000564609,5077.19999999982
22.88,4262.44351419908,4554.5
22.89,4266.34349460422,4554.5
22.9,4270.13256769665,4554.5
22.91,4273.33096226306,4554.5
22.92,4276.57900927625,4554.5
22.93,4279.56192232914,4554.5
22.94,4282.17422328946,4554.5
22.95,4285.14189217105,4554.5
22.96,4287.66257491919,4554.5
22.97,4289.51985056945,4554.5
22.98,4291.30559126613,4183.5
22.99,4293.03724676815,4183.5
23,4294.92666195896,4183.5
23.01,4296.73183750448,4183.5
23.02,4298.34082973975,4183.5
23.03,4300.0820360766,4183.5
23.04,4301.71358535645,4183.5
23.05,4303.242070359,4183.5
23.06,4304.51712919537,4183.5
23.07,4306.09589919343,4183.5
23.08,4307.26110329697,4127.2
23.09,4308.09926907432,4127.2
23.1,4307.88707451208,4127.2
23.11,4306.06976804937,4127.2
23.12,4302.56634602059,4127.2
23.13,4297.82862878908,4127.2
23.14,4291.44553678047,4127.2
23.15,4283.67326665326,4127.2
23.16,4273.99998621405,4127.2
23.17,4263.04023751622,4127.19999999998
23.18,4250.67976519443,4078.6
23.19,4237.50710587686,4078.6
23.2,4223.592967775,4078.6
23.21,4209.54740084399,4078.6
23.22,4195.364610978,4078.6
23.23,4181.50312222078,4078.6
23.24,4168.11652679319,4078.6
23.25,4154.48284914999,4078.6
23.26,4140.98123235437,4078.6
23.27,4127.63983755629,4078.6
23.28,4114.51511941651,3949.80000000005
23.29,4101.26757263714,3949.8
23.3,4087.89419047317,3949.8
23.31,4074.8832868033,3949.8
23.32,4061.93132715047,3949.8
23.33,4049.01067436842,3949.8
23.34,4036.13585951064,3949.8
23.35,4023.32649075836,3949.8
23.36,4010.74211078949,3949.8
23.37,3998.38842152168,3949.79999999993
23.38,3985.93935242356,3753.1
23.39,3973.2467995684,3753.1
23.4,3960.78279372305,3753.1
23.41,3948.60914011321,3753.1
23.42,3936.38571134019,3753.1
23.43,3924.18297891347,3753.1
23.44,3911.90286835187,3753.1
23.45,3899.84588373928,3753.1
23.46,3888.15572754655,3753.1
23.47,3876.22917439303,3753.1
23.48,3864.61875553448,3476.1
23.49,3852.54167785406,3476.1
23.5,3841.13891310395,3476.1
23.51,3829.58482221003,3476.1
23.52,3817.83403452984,3476.1
23.53,3806.32296212492,3476.1
23.54,3794.90572287479,3476.1
23.55,3783.61513491608,3476.1
23.56,3772.43880832002,3476.1
23.57,3761.38589711182,3476.1
23.58,3750.18172820733,3318.2
23.59,3739.62584707433,3318.2
23.6,3728.7795421536,3318.2
23.61,3717.84472517216,3318.2
23.62,3707.02246749699,3318.2
23.63,3696.09279812128,3318.2
23.64,3685.16071475418,3318.2
23.65,3674.57070724149,3318.2
23.66,3663.67104969305,3318.2
23.67,3653.30567267062,3318.19999999995
23.68,3642.45585677194,3188.1
23.69,3631.89861073554,3188.1
23.7,3621.706023368,3188.1
23.71,3611.24574158263,3188.1
23.72,3600.93833535945,3188.1
23.73,3590.67862489151,3188.1
23.74,3580.24970631555,3188.1
23.75,3570.18786046003,3188.1
23.76,3559.97906681183,3188.1
23.77,3549.93439443933,3188.1
23.78,3539.75361390429,3063.90000000004
23.79,3529.76631201689,3063.9
23.8,3520.06132331867,3063.9
23.81,3510.43871039129,3063.9
23.82,3500.8283758877,3063.9
23.83,3490.93796335216,3063.9
23.84,3481.0656128618,3063.9
23.85,3471.07410123622,3063.9
23.86,3461.76254847091,3063.9
23.87,3452.21228037158,3063.89999999998
23.88,3442.7195432049,2995.1
23.89,3433.14005708155,2995.1
23.9,3423.89676353969,2995.1
23.91,3414.48054784248,2995.1
23.92,3405.73800794877,2995.1
23.93,3396.08233729438,2995.1
23.94,3386.4910065459,2995.1
23.95,3377.36024489326,2995.1
23.96,3368.33977309952,2995.1
23.97,3359.14806051189,2995.1
23.98,3350.1401763069,2920.6
23.99,3341.23261027901,2920.6
24,3331.61175834441,2920.6
24.01,3322.60713436127,2920.6
24.02,3313.64529338814,2920.6
24.03,3305.39955999148,2920.6
24.04,3296.35692142381,2920.6
24.05,3287.68471714383,2920.6
24.06,3278.69972126132,2920.6
24.07,3270.9230118914,2920.6
24.08,3262.79174457652,2839.8
24.09,3254.36018617877,2839.8
24.1,3245.28549354846,2839.8
24.11,3237.28039398021,2839.8
24.12,3229.50364294714,2839.8
24.13,3221.56304777924,2839.8
24.14,3214.04047024495,2839.8
24.15,3206.73873477926,2839.8
24.16,3201.15996273507,2839.8
24.17,3195.96375363086,2839.79999999998
24.18,3190.0719428291,2780.6
24.19,3182.71328917424,2780.6
24.2,3174.6275917659,2780.6
24.21,3166.21396280139,2780.6
24.22,3155.70906827217,2780.6
24.23,3146.29293468136,2780.6
24.24,3139.6341285494,2780.6
24.25,3133.41277309478,2780.6
24.26,3127.18952962973,2780.6
24.27,3120.34755957611,2780.6
24.28,3112.81843949994,2744.10000000001
24.29,3105.13089165622,2744.1
24.3,3097.00788372931,2744.1
24.31,3089.40358197037,2744.1
24.32,3081.93883186745,2744.1
24.33,3073.82221048518,2744.1
24.34,3066.53854050035,2744.1
24.35,3059.26759711975,2744.1
24.36,3052.47577284115,2744.1
24.37,3045.23063910067,2744.09999999999
24.38,3037.58611768404,2721.5
24.39,3030.5409400372,2721.5
24.4,3023.4496999987,2721.5
24.41,3016.69439050923,2721.5
24.42,3009.54966232283,2721.5
24.43,3002.45371707461,2721.5
24.44,2994.48814789519,2721.5
24.45,2988.74876460634,2721.5
24.46,2982.82356095793,2721.5
24.47,2975.89044323033,2721.5
24.48,2968.27262031733,2698.3
24.49,2961.35150427323,2698.3
24.5,2954.9208025739,2698.3
24.51,2947.90613053551,2698.3
24.52,2941.3596302509,2698.3
24.53,2934.94827755216,2698.3
24.54,2928.04718306522,2698.3
24.55,2921.05442911398,2698.3
24.56,2914.24663784755,2698.3
24.57,2907.69794864232,2698.3
24.58,2901.09890730152,2658.8
24.59,2894.03463082799,2658.8
24.6,2887.1036081846,2658.8
24.61,2880.08848563091,2658.8
24.62,2873.65107240335,2658.8
24.63,2866.81438563487,2658.8
24.64,2860.4490555125,2658.8
24.65,2855.03483328643,2658.8
24.66,2847.39029326797,2658.8
24.67,2840.76017258417,2658.79999999998
24.68,2833.98801866196,2608.3
24.69,2826.92994090463,2608.3
24.7,2820.81557866898,2608.3
24.71,2814.60329789307,2608.3
24.72,2808.5733345769,2608.3
24.73,2802.19460860442,2608.3
24.74,2795.6570231135,2608.3
24.75,2789.93179786678,2608.3
24.76,2784.06864062483,2608.3
24.77,2778.27995947468,2608.3
24.78,2772.40444443919,2628.19999999999
24.79,2766.67542477139,2628.2
24.8,2760.69572742172,2628.2
24.81,2754.95390278222,2628.2
24.82,2748.94366907479,2628.2
24.83,2743.0748596819,2628.2
24.84,2737.18818288918,2628.2
24.85,2731.31698494567,2628.2
24.86,2725.84528494805,2628.2
24.87,2719.95639050503,2628.2
24.88,2713.78838986228,2615
24.89,2707.79072557629,2615
24.9,2701.83185430855,2615
24.91,2695.93904364675,2615
24.92,2689.6202236853,2615
24.93,2683.87597957377,2615
24.94,2677.95800185666,2615
24.95,2672.14746015126,2615
24.96,2665.87610511337,2615
24.97,2659.99084057372,2615
24.98,2654.38427610208,2554.8
24.99,2648.68275943801,2554.8
25,2643.01648229427,2554.8
25.01,2637.15382187983,2554.8
25.02,2631.20423231599,2554.8
25.03,2625.42972145017,2554.8
25.04,2619.8743390252,2554.8
25.05,2614.19935264784,2554.8
25.06,2609.06404542052,2554.8
25.07,2603.43182101556,2554.8
25.08,2597.73636832364,2529.7
25.09,2592.33805110803,2529.7
25.1,2587.15046791398,2529.7
25.11,2581.94016548719,2529.7
25.12,2576.3329623414,2529.7
25.13,2571.11507903439,2529.7
25.14,2566.14019922587,2529.7
25.15,2561.37277657525,2529.7
25.16,2556.79901217394,2529.7
25.17,2552.10408149011,2529.69999999999
25.18,2547.59499428988,2495.5
25.19,2543.24895744577,2495.5
25.2,2538.89100894229,2495.5
25.21,2534.16815392965,2495.5
25.22,2530.62922674299,2495.5
25.23,2526.79050378443,2495.5
25.24,2523.17491382906,2495.5
25.25,2519.65447274821,2495.5
25.26,2516.52999128108,2495.5
25.27,2513.49360124134,2495.5
25.28,2510.56084800511,2519.99999999999
25.29,2507.8092749759,2520
25.3,2504.69390232066,2520
25.31,2501.58611995869,2520
25.32,2498.1850116185,2520
25.33,2495.24295463501,2520
25.34,2491.7941922081,2520
25.35,2488.2657000654,2520
25.36,2484.53690286354,2520
25.37,2480.55305124179,2519.99999999999
25.38,2476.70352381192,2504
25.39,2472.67587632709,2504
25.4,2468.08772740571,2504
25.41,2463.9453090405,2504
25.42,2459.95343605876,2504
25.43,2455.91110254034,2504
25.44,2451.70687647167,2504
25.45,2447.44410685605,2504
25.46,2442.8534054785,2504
25.47,2438.43530975964,2504
25.48,2434.22586309738,2510.7
25.49,2429.74277962022,2510.7
25.5,2425.40940642788,2510.7
25.51,2420.76633323191,2510.7
25.52,2416.311528293,2510.7
25.53,2411.69375113765,2510.7
25.54,2407.28841743774,2510.7
25.55,2402.51437942639,2510.7
25.56,2397.70520103155,2510.7
25.57,2393.14320208272,2510.7
25.58,2388.38578019758,2488.4
25.59,2383.61917933521,2488.4
25.6,2379.14626147598,2488.4
25.61,2374.51927059667,2488.4
25.62,2369.75405961215,2488.4
25.63,2365.03381642896,2488.4
25.64,2360.40372269923,2488.4
25.65,2355.65060509185,2488.4
25.66,2351.07568825982,2488.4
25.67,2346.49357639357,2488.39999999998
25.68,2342.20751729331,2431.1
25.69,2337.69577654458,2431.1
25.7,2333.09229766042,2431.1
25.71,2328.43917894968,2431.1
25.72,2323.91726475452,2431.1
25.73,2319.37938637465,2431.1
25.74,2314.95169914851,2431.1
25.75,2310.57792047819,2431.1
25.76,2306.32755135528,2431.1
25.77,2301.76732686915,2431.1
25.78,2297.40620197164,2418.8
25.79,2292.93994945234,2418.8
25.8,2288.72216741428,2418.8
25.81,2284.40719536993,2418.8
25.82,2280.02737962656,2418.8
25.83,2275.68929202419,2418.8
25.84,2271.42998954077,2418.8
25.85,2267.16018637424,2418.8
25.86,2262.83974414164,2418.8
25.87,2258.62218904245,2418.8
25.88,2254.33148540882,2421.2
25.89,2250.11781789659,2421.2
25.9,2245.88242061401,2421.2
25.91,2241.7735403384,2421.2
25.92,2237.4596594065,2421.2
25.93,2233.42483073788,2421.2
25.94,2229.14477025856,2421.2
25.95,2225.10518136703,2421.2
25.96,2220.89837799472,2421.2
25.97,2216.85121511591,2421.2
25.98,2212.70439201694,2383.4
25.99,2208.68427491505,2383.4
26,2204.72407711356,2383.4
26.01,2200.76002328104,2383.4
26.02,2196.83745930071,2383.4
26.03,2193.05893892156,2383.4
26.04,2189.38507759303,2383.4
26.05,2186.01694507846,2383.4
26.06,2182.4640429205,2383.4
26.07,2178.98260996778,2383.4
26.08,2175.956406246,2370.8
26.09,2172.86600672777,2370.8
26.1,2169.76852414631,2370.8
26.11,2166.60367977208,2370.8
26.12,2163.411056221,2370.8
26.13,2159.99535936008,2370.8
26.14,2156.27960502744,2370.8
26.15,2152.89604617695,2370.8
26.16,2149.14935579302,2370.8
26.17,2145.73487521451,2370.8
26.18,2142.04281441367,2361.1
26.19,2138.30925641814,2361.1
26.2,2134.56006604081,2361.1
26.21,2130.6553758439,2361.1
26.22,2127.02783790255,2361.1
26.23,2123.3685215348,2361.1
26.24,2119.47783816074,2361.1
26.25,2116.04521410545,2361.1
26.26,2112.40713300561,2361.1
26.27,2108.66770846161,2361.1
26.28,2105.22162286806,2341.40000000001
26.29,2101.68556086731,2341.4
26.3,2098.63218343946,2341.4
26.31,2095.56532118624,2341.4
26.32,2092.1257467845,2341.4
26.33,2089.25748922244,2341.4
26.34,2086.30185349559,2341.4
26.35,2083.46880419046,2341.4
26.36,2080.80822124613,2341.4
26.37,2078.23708712217,2341.4
26.38,2075.76844610635,2336
26.39,2073.61506143381,2336
26.4,2071.55800285741,2336
26.41,2070.17931286352,2336
26.42,2069.2930744755,2336
26.43,2068.86648158701,2336
26.44,2068.68516277861,2336
26.45,2069.26983654055,2336
26.46,2070.15930224564,2336
26.47,2071.4463873753,2336
26.48,2073.52494476738,2349.1
26.49,2075.63525009631,2349.1
26.5,2077.89072263208,2349.1
26.51,2080.53205621676,2349.1
26.52,2082.80243576392,2349.1
26.53,2085.3888496353,2349.1
26.54,2087.9505241956,2349.1
26.55,2090.33803372615,2349.1
26.56,2092.96187708167,2349.1
26.57,2095.60343881967,2349.1
26.58,2098.11364222583,2399.4
26.59,2100.46802003499,2399.4
26.6,2103.16435894037,2399.4
26.61,2105.82510895677,2399.4
26.62,2108.50800752528,2399.4
26.63,2110.97843480912,2399.4
26.64,2113.39146777758,2399.4
26.65,2115.6395936872,2399.4
26.66,2118.3900960164,2399.4
26.67,2120.88665824245,2399.39999999999
26.68,2123.41698416337,2369.8
26.69,2126.13651897331,2369.8
26.7,2128.65958266639,2369.8
26.71,2131.13195354472,2369.8
26.72,2133.49935481988,2369.8
26.73,2135.99827322057,2369.8
26.74,2138.61593330671,2369.8
26.75,2140.97224510783,2369.8
26.76,2143.63414960231,2369.8
26.77,2145.97463681917,2369.8
26.78,2148.55317443002,2392.79999999999
26.79,2151.3162235919,2392.8
26.8,2153.94066812161,2392.8
26.81,2156.27700790055,2392.8
26.82,2158.92230363904,2392.8
26.83,2161.3771669348,2392.8
26.84,2163.93564931763,2392.8
26.85,2166.60031830986,2392.8
26.86,2169.10875549669,2392.8
26.87,2171.40887315912,2392.8
26.88,2173.81124546854,2389.2
26.89,2176.42882556747,2389.2
26.9,2178.96421666084,2389.2
26.91,2181.27465337201,2389.2
26.92,2183.63074909332,2389.2
26.93,2186.31567539023,2389.2
26.94,2189.12749783117,2389.2
26.95,2191.7287367426,2389.2
26.96,2194.66101415402,2389.2
26.97,2197.02685280707,2389.2
26.98,2200.09101783248,2409.1
26.99,2202.82514220421,2409.1
27,2206.13928895464,2409.1
27.01,2209.43223259275,2409.1
27.02,2212.90324888306,2409.1
27.03,2216.64833452289,2409.1
27.04,2220.61059310682,2409.1
27.05,2224.71954723448,2409.1
27.06,2229.11773713736,2409.1
27.07,2233.72094565997,2409.1
27.08,2238.66062480662,2459.3
27.09,2243.71720098891,2459.3
27.1,2248.6462419918,2459.3
27.11,2253.67712555194,2459.3
27.12,2258.12269000503,2459.3
27.13,2262.55328279507,2459.3
27.14,2266.66571222198,2459.3
27.15,2270.74609087007,2459.3
27.16,2274.36104422129,2459.3
27.17,2277.9530039637,2459.30000000002
27.18,2281.20455296168,2522.3
27.19,2284.26424804553,2522.3
27.2,2287.49339990935,2522.3
27.21,2290.53722301808,2522.3
27.22,2293.2596959428,2522.3
27.23,2295.87831376793,2522.3
27.24,2298.23589721803,2522.3
27.25,2300.68146743559,2522.3
27.26,2302.64711942923,2522.3
27.27,2304.7030858582,2522.3
27.28,2306.55384521304,2554.09999999999
27.29,2308.25053973906,2554.1
27.3,2309.73746626369,2554.1
27.31,2310.61026948563,2554.1
27.32,2311.37874959985,2554.1
27.33,2311.7165075887,2554.1
27.34,2312.11181244567,2554.1
27.35,2311.93969640864,2554.1
27.36,2311.38815879472,2554.1
27.37,2310.6383263685,2554.09999999999
27.38,2309.42276011478,2529.1
27.39,2308.4526125957,2529.1
27.4,2306.93682026505,2529.1
27.41,2305.04037577239,2529.1
27.42,2303.37391996049,2529.1
27.43,2301.59585758087,2529.1
27.44,2299.80508562563,2529.1
27.45,2297.93284801271,2529.1
27.46,2296.22477794311,2529.1
27.47,2294.33198126437,2529.1
27.48,2292.40141649974,2492.6
27.49,2290.33921314915,2492.6
27.5,2288.30471762272,2492.6
27.51,2286.30033256513,2492.6
27.52,2284.2272009364,2492.6
27.53,2282.03432294065,2492.6
27.54,2279.94879976961,2492.6
27.55,2277.76688686203,2492.6
27.56,2275.72893959625,2492.6
27.57,2273.51427250777,2492.6
27.58,2271.44008320255,2473.2
27.59,2269.18138968499,2473.2
27.6,2266.82989255832,2473.2
27.61,2264.42456206407,2473.2
27.62,2261.82765722198,2473.2
27.63,2259.08154485641,2473.2
27.64,2256.21881973876,2473.2
27.65,2253.07968055134,2473.2
27.66,2249.96839160445,2473.2
27.67,2246.32608727731,2473.20000000001
27.68,2242.57880683629,2488.4
27.69,2238.69738297697,2488.4
27.7,2234.92500428844,2488.4
27.71,2231.04258777922,2488.4
27.72,2227.03736935096,2488.4
27.73,2223.22725800005,2488.4
27.74,2219.34197429371,2488.4
27.75,2215.48941949049,2488.4
27.76,2211.30921174629,2488.4
27.77,2207.28602306471,2488.4
27.78,2203.28843715921,2423.40000000002
27.79,2198.99880906537,2423.4
27.8,2195.09399797922,2423.4
27.81,2191.12617389185,2423.4
27.82,2187.55957106214,2423.4
27.83,2183.91730698739,2423.4
27.84,2180.72329598045,2423.4
27.85,2177.27313777874,2423.4
27.86,2173.82274084054,2423.4
27.87,2170.51589486346,2423.39999999999
27.88,2167.39665301453,2398.5
27.89,2164.40341649712,2398.5
27.9,2161.35166051441,2398.5
27.91,2158.49408831476,2398.5
27.92,2155.57161825053,2398.5
27.93,2152.87165509268,2398.5
27.94,2150.03547605792,2398.5
27.95,2147.42318127129,2398.5
27.96,2144.9276405816,2398.5
27.97,2142.49561691969,2398.5
27.98,2140.19030370448,2399.2
27.99,2138.12074918581,2399.2
28,2136.23956096721,2399.2
28.01,2134.93505946053,2399.2
28.02,2133.94705210793,2399.2
28.03,2133.65770859456,2399.2
28.04,2133.52966117855,2399.2
28.05,2134.37291053914,2399.2
28.06,2135.19997135211,2399.2
28.07,2136.99632131966,2399.2
28.08,2139.04562782588,2399.1
28.09,2141.44970546877,2399.1
28.1,2144.5307095286,2399.1
28.11,2147.87413735734,2399.1
28.12,2151.86793527487,2399.1
28.13,2156.08181965955,2399.1
28.14,2160.81527162096,2399.1
28.15,2165.76969824681,2399.1
28.16,2170.89476904651,2399.1
28.17,2176.12792185171,2399.10000000003
28.18,2182.24429553691,2470.8
28.19,2188.56024121409,2470.8
28.2,2194.98221898083,2470.8
28.21,2201.47424481822,2470.8
28.22,2208.06405218256,2470.8
28.23,2214.81233982054,2470.8
28.24,2221.73468826512,2470.8
28.25,2228.55514978896,2470.8
28.26,2235.52811858469,2470.8
28.27,2242.40651229178,2470.8
28.28,2249.63198115449,2498.89999999999
28.29,2256.81830224856,2498.9
28.3,2264.02355050831,2498.9
28.31,2271.17332828123,2498.9
28.32,2278.49728798131,2498.9
28.33,2285.63151031104,2498.9
28.34,2292.81412813179,2498.9
28.35,2300.07025711324,2498.9
28.36,2306.81612438823,2498.9
28.37,2313.73189452852,2498.90000000001
28.38,2320.68896288375,2527.2
28.39,2327.75570702206,2527.2
28.4,2334.34568424722,2527.2
28.41,2341.24408112433,2527.2
28.42,2348.08541456347,2527.2
28.43,2354.23181151163,2527.2
28.44,2360.77214526379,2527.2
28.45,2367.03304023909,2527.2
28.46,2373.29246899044,2527.2
28.47,2379.33421685312,2527.2
28.48,2385.10586356591,2561.9
28.49,2391.08701772084,2561.9
28.5,2396.95258127541,2561.9
28.51,2402.69245761433,2561.9
28.52,2408.25027398436,2561.9
28.53,2413.83100064966,2561.9
28.54,2419.45293606915,2561.9
28.55,2425.12352388139,2561.9
28.56,2430.56559934164,2561.9
28.57,2435.82043285014,2561.9
28.58,2441.28464894411,2552.6
28.59,2446.6029207475,2552.6
28.6,2452.23909041127,2552.6
28.61,2458.21303015033,2552.6
28.62,2464.27662046136,2552.6
28.63,2470.93411058246,2552.6
28.64,2477.81738548958,2552.6
28.65,2485.02133854607,2552.6
28.66,2492.6487986607,2552.6
28.67,2499.22995916598,2552.60000000003
28.68,2507.26107601018,2625.2
28.69,2515.67507860367,2625.2
28.7,2524.19626709584,2625.2
28.71,2532.2976517502,2625.2
28.72,2540.44261975994,2625.2
28.73,2548.8271835592,2625.2
28.74,2557.1686755603,2625.2
28.75,2565.2685839523,2625.2
28.76,2573.74942938935,2625.2
28.77,2581.70942866058,2625.2
28.78,2589.65176172326,2678.99999999998
28.79,2597.7300948708,2679
28.8,2605.56996873958,2679
28.81,2613.53631877859,2679
28.82,2621.38589284859,2679
28.83,2629.26817758635,2679
28.84,2636.76415289548,2679
28.85,2644.75026879024,2679
28.86,2651.92007030464,2679
28.87,2658.89508824559,2679.00000000002
28.88,2666.44542147156,2737.3
28.89,2673.26628387884,2737.3
28.9,2680.15067472692,2737.3
28.91,2687.19471704004,2737.3
28.92,2694.29711888938,2737.3
28.93,2701.29447333018,2737.3
28.94,2708.51801478285,2737.3
28.95,2715.41812196183,2737.3
28.96,2723.13382517102,2737.3
28.97,2730.13823491359,2737.3
28.98,2737.06353080261,2796.2
28.99,2744.52035132088,2796.2
29,2751.85403320361,2796.2
29.01,2759.16855244251,2796.2
29.02,2766.4524987484,2796.2
29.03,2773.78805986178,2796.2
29.04,2781.32323324785,2796.2
29.05,2788.77980397729,2796.2
29.06,2796.53865313216,2796.2
29.07,2804.17905387504,2796.2
29.08,2811.81454542089,2906.9
29.09,2819.04327906405,2906.9
29.1,2826.78291638203,2906.9
29.11,2835.39567884229,2906.9
29.12,2843.56400025022,2906.9
29.13,2851.07310638642,2906.9
29.14,2858.76629434344,2906.9
29.15,2865.36246402385,2906.9
29.16,2871.53034926121,2906.9
29.17,2878.36614672108,2906.90000000001
29.18,2885.82494815692,2936.3
29.19,2893.51222497103,2936.3
29.2,2901.20718196914,2936.3
29.21,2908.13059333582,2936.3
29.22,2915.245743299,2936.3
29.23,2921.34807271444,2936.3
29.24,2928.68513531595,2936.3
29.25,2935.03237277952,2936.3
29.26,2941.47626673093,2936.3
29.27,2947.78840842469,2936.3
29.28,2954.0597688592,2928.5
29.29,2960.61290269441,2928.5
29.3,2967.37596543136,2928.5
29.31,2972.76736123614,2928.5
29.32,2978.50383920517,2928.5
29.33,2984.7474871307,2928.5
29.34,2991.11552283326,2928.5
29.35,2997.47325132317,2928.5
29.36,3003.94074705777,2928.5
29.37,3010.81166747949,2928.49999999996
29.38,3017.69956589767,2829.9
29.39,3024.45598271342,2829.9
29.4,3031.21221404569,2829.9
29.41,3037.4705602484,2829.9
29.42,3043.85997043778,2829.9
29.43,3051.84246599721,2829.9
29.44,3059.89657723084,2829.9
29.45,3066.52430125062,2829.9
29.46,3072.46289993044,2829.9
29.47,3079.97430757744,2829.9
29.48,3085.8952469826,2791.9
29.49,3089.76010078803,2791.9
29.5,3094.53821593031,2791.9
29.51,3100.27858237918,2791.9
29.52,3107.06557742036,2791.9
29.53,3114.8688676461,2791.9
29.54,3121.06869799889,2791.9
29.55,3128.55905365065,2791.9
29.56,3136.28630986551,2791.9
29.57,3143.38202547782,2791.9
29.58,3150.40327770612,2826.3
29.59,3156.54497877324,2826.3
29.6,3162.03709389821,2826.3
29.61,3166.03703092304,2826.3
29.62,3170.6986722239,2826.3
29.63,3176.76617390262,2826.3
29.64,3183.96424665651,2826.3
29.65,3191.6181017998,2826.3
29.66,3198.25698512331,2826.3
29.67,3205.38078167574,2826.30000000003
29.68,3214.51354959484,2896
29.69,3222.53881529825,2896
29.7,3230.61443262196,2896
29.71,3239.0265321648,2896
29.72,3248.2029634825,2896
29.73,3256.55829981999,2896
29.74,3266.29803574325,2896
29.75,3275.22170389256,2896
29.76,3285.45896481208,2896
29.77,3296.11305262723,2896
29.78,3305.87653602297,2954.69999999998
29.79,3316.3135003836,2954.7
29.8,3326.62760103373,2954.7
29.81,3338.20157583355,2954.7
29.82,3348.35293714657,2954.7
29.83,3358.69005852931,2954.7
29.84,3369.25583550408,2954.7
29.85,3379.98567798671,2954.7
29.86,3390.28874478868,2954.7
29.87,3400.58565065057,2954.70000000003
29.88,3411.31501447322,3028.5
29.89,3421.759962786,3028.5
29.9,3431.99167448833,3028.5
29.91,3441.81376355165,3028.5
29.92,3451.89149141827,3028.5
29.93,3461.08857827019,3028.5
29.94,3470.67907009278,3028.5
29.95,3479.53064208329,3028.5
29.96,3488.0257957508,3028.5
29.97,3496.43154039595,3028.5
29.98,3504.75676266939,3144.69999999996
29.99,3513.07964874654,3144.7
30,3521.06883672601,3144.7
30.01,3528.68533892029,3144.7
30.02,3536.33207503815,3144.7
30.03,3544.19781776012,3144.7
30.04,3551.9038260355,3144.7
30.05,3559.84943330993,3144.7
30.06,3567.5052993876,3144.7
30.07,3574.65905554014,3144.7
30.08,3582.57208926792,3276.9
30.09,3589.9370951194,3276.9
30.1,3597.21227341419,3276.9
30.11,3604.30965797014,3276.9
30.12,3611.44591637982,3276.9
30.13,3618.65430474119,3276.9
30.14,3625.498398458,3276.9
30.15,3632.65825378305,3276.9
30.16,3639.30279221777,3276.9
30.17,3646.10760862964,3276.90000000001
30.18,3652.98610481052,3299.3
30.19,3658.97525482127,3299.3
30.2,3665.44616843915,3299.3
30.21,3671.57895587386,3299.3
30.22,3677.68759934568,3299.3
30.23,3683.4486799587,3299.3
30.24,3689.32561742545,3299.3
30.25,3694.67604632013,3299.3
30.26,3699.90196219613,3299.3
30.27,3705.12827437202,3299.3
30.28,3709.9691270743,3379.79999999997
30.29,3714.73935824727,3379.8
30.3,3719.37723038095,3379.8
30.31,3723.68447759751,3379.8
30.32,3728.15519722577,3379.8
30.33,3732.5344173171,3379.8
30.34,3736.67253339005,3379.8
30.35,3740.85636072637,3379.8
30.36,3744.32677738856,3379.8
30.37,3748.29214498325,3379.80000000002
30.38,3751.53991965288,3439.6
30.39,3754.52158933623,3439.6
30.4,3757.85668635354,3439.6
30.41,3761.06507784891,3439.6
30.42,3764.41163701885,3439.6
30.43,3767.87827285281,3439.6
30.44,3770.76407993922,3439.6
30.45,3773.81140572276,3439.6
30.46,3776.95527183431,3439.6
30.47,3780.01348629717,3439.6
30.48,3783.1751619335,3436.6
30.49,3786.06655257012,3436.6
30.5,3789.18209465832,3436.6
30.51,3792.27478917549,3436.6
30.52,3795.46730387165,3436.6
30.53,3798.92363302509,3436.6
30.54,3802.25067634153,3436.6
30.55,3805.70022482357,3436.6
30.56,3809.34655851871,3436.6
30.57,3813.27644091616,3436.6
30.58,3816.81098037618,3480.6
30.59,3820.39384402631,3480.6
30.6,3824.81994480661,3480.6
30.61,3829.12960726549,3480.6
30.62,3833.52061939792,3480.6
30.63,3838.46932618959,3480.6
30.64,3843.40287063724,3480.6
30.65,3848.33670067542,3480.6
30.66,3853.42010416085,3480.6
30.67,3858.99906288,3480.60000000002
30.68,3864.59987393231,3537.1
30.69,3870.65759453557,3537.1
30.7,3876.28688306048,3537.1
30.71,3881.91644302883,3537.1
30.72,3887.09696525681,3537.1
30.73,3892.0685451583,3537.1
30.74,3896.99376422335,3537.1
30.75,3901.47745372889,3537.1
30.76,3905.89819391126,3537.1
30.77,3910.02914867228,3537.1
30.78,3913.98061533796,3583.69999999998
30.79,3917.26238216087,3583.7
30.8,3921.27136896736,3583.7
30.81,3924.85844603049,3583.7
30.82,3928.81813010115,3583.7
30.83,3932.31986135838,3583.7
30.84,3935.73643648489,3583.7
30.85,3939.19168967646,3583.7
30.86,3942.40631663748,3583.7
30.87,3945.81135728431,3583.70000000004
30.88,3949.31876953894,3704.9
30.89,3952.29456091208,3704.9
30.9,3955.1549731083,3704.9
30.91,3957.60635923824,3704.9
30.92,3959.69602962384,3704.9
30.93,3961.07028199677,3704.9
30.94,3962.23383323202,3704.9
30.95,3962.9831393265,3704.9
30.96,3963.1638384194,3704.9
30.97,3962.8745990794,3704.9
30.98,3962.25724261847,3705.4
30.99,3961.13277231718,3705.4
31,3959.10024436643,3705.4
31.01,3956.12114562283,3705.4
31.02,3952.28163505168,3705.4
31.03,3947.24644091506,3705.4
31.04,3941.11475713523,3705.4
31.05,3933.71600395097,3705.4
31.06,3925.5198887949,3705.4
31.07,3916.4056951972,3705.4
31.08,3906.39080679501,3774.9
31.09,3895.61862153109,3774.9
31.1,3884.3492892097,3774.9
31.11,3873.16598383238,3774.9
31.12,3861.87918085677,3774.9
31.13,3850.5380465396,3774.9
31.14,3839.31063759606,3774.9
31.15,3827.86409946148,3774.9
31.16,3816.54942483266,3774.9
31.17,3805.54778302809,3774.89999999993
31.18,3794.4211124693,3584.6
31.19,3782.88826231786,3584.6
31.2,3771.8972862428,3584.6
31.21,3760.50221441113,3584.6
31.22,3749.39666549177,3584.6
31.23,3738.4092771055,3584.6
31.24,3727.40703913433,3584.6
31.25,3716.69652753229,3584.6
31.26,3705.89745287959,3584.6
31.27,3694.83523710262,3584.6
31.28,3684.2425214488,3391.90000000007
31.29,3673.75016924397,3391.9
31.3,3663.01126431576,3391.9
31.31,3652.4679939183,3391.9
31.32,3641.69562598058,3391.9
31.33,3631.30077239012,3391.9
31.34,3620.73362040138,3391.9
31.35,3610.14309140963,3391.9
31.36,3599.95835849912,3391.9
31.37,3589.40869124186,3391.89999999998
31.38,3579.75965688404,3323.2
31.39,3569.39661712779,3323.2
31.4,3559.20544096928,3323.2
31.41,3548.84306372829,3323.2
31.42,3539.10555861882,3323.2
31.43,3529.33488496943,3323.2
31.44,3519.27165557748,3323.2
31.45,3509.49888945563,3323.2
31.46,3499.75223634881,3323.2
31.47,3489.83694170744,3323.19999999999
31.48,3480.32647926411,3285.90000000001
31.49,3470.47188838752,3285.9
31.5,3461.03422703251,3285.9
31.51,3451.23489977963,3285.9
31.52,3441.92509266299,3285.9
31.53,3432.42816902245,3285.9
31.54,3423.32611558988,3285.9
31.55,3413.77080296691,3285.9
31.56,3404.36903810283,3285.9
31.57,3395.09181288881,3285.9
31.58,3385.7785972199,3180.9
31.59,3376.45442165086,3180.9
31.6,3367.41378902783,3180.9
31.61,3358.41845909815,3180.9
31.62,3348.891732834,3180.9
31.63,3340.37645659691,3180.9
31.64,3330.81767445273,3180.9
31.65,3322.53053438289,3180.9
31.66,3313.44288016964,3180.9
31.67,3304.65105600646,3180.89999999992
31.68,3295.8086291742,2966.4
31.69,3286.48498113379,2966.4
31.7,3278.46986653594,2966.4
31.71,3269.66406170573,2966.4
31.72,3261.32850275723,2966.4
31.73,3253.23400958483,2966.4
31.74,3244.53178764282,2966.4
31.75,3236.20418690102,2966.4
31.76,3228.2829553648,2966.4
31.77,3220.76964877225,2966.4
31.78,3213.65441813897,2968.4
31.79,3207.4800812984,2968.4
31.8,3201.26480961749,2968.4
31.81,3197.04063080723,2968.4
31.82,3190.58417685372,2968.4
31.83,3183.22803013508,2968.4
31.84,3176.03150955829,2968.4
31.85,3167.66193127867,2968.4
31.86,3159.51539797389,2968.4
31.87,3152.31797155375,2968.39999999995
31.88,3145.38232438197,2838.1
31.89,3139.38171143109,2838.1
31.9,3133.68690816048,2838.1
31.91,3127.4082214916,2838.1
31.92,3121.20511403038,2838.1
31.93,3115.0643149892,2838.1
31.94,3109.82888358347,2838.1
31.95,3104.71612997845,2838.1
31.96,3099.77257536458,2838.1
31.97,3095.64968117071,2838.10000000002
31.98,3090.37073994967,2892.09999999998
31.99,3085.74430622424,2892.1
32,3082.01583210252,2892.1
32.01,3078.03656159174,2892.1
32.02,3075.38307159434,2892.1
32.03,3072.50854603899,2892.1
32.04,3068.4940327555,2892.1
32.05,3064.72786755091,2892.1
32.06,3060.39657516259,2892.1
32.07,3055.89977223114,2892.1
32.08,3053.08973156316,3010
32.09,3049.54928307448,3010
32.1,3045.29188172044,3010
32.11,3041.24088186719,3010
32.12,3038.59462104151,3010
32.13,3035.61465355568,3010
32.14,3032.38864956987,3010
32.15,3028.93652940163,3010
32.16,3025.79919068382,3010
32.17,3022.49351387323,3010
32.18,3019.48469314575,3054.5
32.19,3016.16879208275,3054.5
32.2,3013.46941258331,3054.5
32.21,3010.95708943853,3054.5
32.22,3009.15233829548,3054.5
32.23,3006.99693940419,3054.5
32.24,3005.38900930436,3054.5
32.25,3003.72878533947,3054.5
32.26,3002.75679885912,3054.5
32.27,3002.16086953874,3054.50000000001
32.28,3001.84094567655,3067.8
32.29,3002.14928823389,3067.8
32.3,3002.38286195341,3067.8
32.31,3001.40265277835,3067.8
32.32,3001.7998972499,3067.8
32.33,3001.71125825935,3067.8
32.34,3000.71058676412,3067.8
32.35,2998.85195256854,3067.8
32.36,2996.57987793489,3067.8
32.37,2992.53920803342,3067.8
32.38,2989.86003021929,3115.29999999997
32.39,2987.22778503846,3115.3
32.4,2984.62478263488,3115.3
32.41,2982.21983710948,3115.3
32.42,2979.00421171667,3115.3
32.43,2975.43352975028,3115.3
32.44,2972.62985165828,3115.3
32.45,2969.53630872449,3115.3
32.46,2966.90495987269,3115.3
32.47,2963.96914679314,3115.3
32.48,2960.51794006891,3189.1
32.49,2958.29348686624,3189.1
32.5,2955.22152860175,3189.1
32.51,2952.42129916765,3189.1
32.52,2949.43647572175,3189.1
32.53,2946.62611730097,3189.1
32.54,2943.73417768227,3189.1
32.55,2940.8381544911,3189.1
32.56,2938.14965937992,3189.1
32.57,2935.1303055001,3189.1
32.58,2931.91752707271,3126
32.59,2929.60669821365,3126
32.6,2926.68741505532,3126
32.61,2923.3609894653,3126
32.62,2920.28173997422,3126
32.63,2917.45246602568,3126
32.64,2914.66346792836,3126
32.65,2911.95373319199,3126
32.66,2908.76590637212,3126
32.67,2906.07926698266,3126
32.68,2903.48338533809,3111
32.69,2900.47940062458,3111
32.7,2897.58696828694,3111
32.71,2894.45626259685,3111
32.72,2891.39475639425,3111
32.73,2888.56959086238,3111
32.74,2885.48880920268,3111
32.75,2882.45563925721,3111
32.76,2879.14372766145,3111
32.77,2875.8776724566,3111
32.78,2872.89149807234,3113.5
32.79,2869.59290451438,3113.5
32.8,2866.11551343506,3113.5
32.81,2862.73079985873,3113.5
32.82,2859.59308919122,3113.5
32.83,2855.18578001766,3113.5
32.84,2851.81675968144,3113.5
32.85,2849.0138066951,3113.5
32.86,2845.85662527239,3113.5
32.87,2842.44324137616,3113.5
32.88,2838.56107130594,3069.00000000003
32.89,2834.75552144452,3069
32.9,2831.06576254353,3069
32.91,2827.31378776336,3069
32.92,2823.91415387631,3069
32.93,2820.019207329,3069
32.94,2816.26403988181,3069
32.95,2812.65866257794,3069
32.96,2808.94877928094,3069
32.97,2804.98919439839,3069
32.98,2800.64157802348,2981.9
32.99,2796.69317764403,2981.9
33,2793.05977866457,2981.9
33.01,2789.6683945068,2981.9
33.02,2785.66106359994,2981.9
33.03,2781.63225028698,2981.9
33.04,2778.24167141188,2981.9
33.05,2774.89664993504,2981.9
33.06,2771.23073805817,2981.9
33.07,2768.00400197205,2981.9
33.08,2764.49799486931,2964.3
33.09,2761.43396860249,2964.3
33.1,2757.88284859732,2964.3
33.11,2755.0792694357,2964.3
33.12,2751.62211340708,2964.3
33.13,2748.12263246038,2964.3
33.14,2745.28322625341,2964.3
33.15,2742.04304330433,2964.3
33.16,2738.9949396113,2964.3
33.17,2735.88791831104,2964.3
33.18,2732.72465554634,2971.5
33.19,2729.12322459142,2971.5
33.2,2726.46976933648,2971.5
33.21,2723.38451334533,2971.5
33.22,2720.04065330122,2971.5
33.23,2716.50429916309,2971.5
33.24,2713.03123837071,2971.5
33.25,2709.89084046362,2971.5
33.26,2706.36957123201,2971.5
33.27,2702.88926346997,2971.50000000001
33.28,2699.79298080426,2985.8
33.29,2696.95857313552,2985.8
33.3,2693.73308652687,2985.8
33.31,2690.08537360409,2985.8
33.32,2686.5028988925,2985.8
33.33,2683.32820749273,2985.8
33.34,2679.95387952456,2985.8
33.35,2676.57334331115,2985.8
33.36,2673.44874246704,2985.8
33.37,2670.01294722129,2985.8
33.38,2666.86171116066,3001.09999999999
33.39,2663.51588604228,3001.1
33.4,2660.89394719056,3001.1
33.41,2658.41625966619,3001.1
33.42,2656.12719745306,3001.1
33.43,2654.39346011905,3001.1
33.44,2652.8543758688,3001.1
33.45,2652.19184184531,3001.1
33.46,2651.81570820324,3001.1
33.47,2651.63094953637,3001.1
33.48,2652.1546641611,3010
33.49,2652.91832361986,3010
33.5,2654.22277007432,3010
33.51,2655.95316860828,3010
33.52,2657.95383919874,3010
33.53,2660.10227380548,3010
33.54,2662.95400572107,3010
33.55,2666.4585169259,3010
33.56,2670.14978219905,3010
33.57,2674.22952654052,3010
33.58,2678.33049061706,3054.4
33.59,2683.21600408492,3054.4
33.6,2688.38800440081,3054.4
33.61,2693.63018352579,3054.4
33.62,2698.82262262703,3054.4
33.63,2704.69580868974,3054.4
33.64,2710.67607777378,3054.4
33.65,2717.0721821759,3054.4
33.66,2723.62383282391,3054.4
33.67,2730.07720977167,3054.4
33.68,2737.11798717013,3135.9
33.69,2743.79263196496,3135.9
33.7,2751.28280930705,3135.9
33.71,2758.53267174372,3135.9
33.72,2766.44470037625,3135.9
33.73,2773.97793966171,3135.9
33.74,2782.01668824979,3135.9
33.75,2790.00417810394,3135.9
33.76,2798.01993358184,3135.9
33.77,2805.59607756785,3135.90000000007
33.78,2813.22209892155,3237.1
33.79,2821.15543063624,3237.1
33.8,2829.11470113884,3237.1
33.81,2837.24024688057,3237.1
33.82,2844.98804546997,3237.1
33.83,2851.6724638229,3237.1
33.84,2859.85139673427,3237.1
33.85,2866.54069605159,3237.1
33.86,2871.98768728041,3237.1
33.87,2877.9321978078,3237.1
33.88,2884.01792812577,3256.99999999999
33.89,2890.1627774559,3257
33.9,2896.32077021275,3257
33.91,2901.22183582965,3257
33.92,2906.10162825594,3257
33.93,2911.41564846547,3257
33.94,2916.83524092088,3257
33.95,2922.19674742939,3257
33.96,2927.53559970322,3257
33.97,2932.04670488132,3257
33.98,2936.49374357985,3240
33.99,2941.3818106466,3240
34,2946.85727564149,3240
34.01,2951.37585957401,3240
34.02,2955.76739344167,3240
34.03,2960.57979771701,3240
34.04,2965.77176115808,3240
34.05,2970.5505512545,3240
34.06,2975.27985169023,3240
34.07,2979.97078500163,3240
34.08,2985.15167647001,3253.8
34.09,2990.93057224391,3253.8
34.1,2996.37364252764,3253.8
34.11,3001.81147026994,3253.8
34.12,3006.78469283572,3253.8
34.13,3011.07461475185,3253.8
34.14,3016.36393706425,3253.8
34.15,3021.8073499667,3253.8
34.16,3027.45289244294,3253.8
34.17,3033.26138102224,3253.8
34.18,3039.91307918051,3306.3
34.19,3045.52408471793,3306.3
34.2,3051.44005036077,3306.3
34.21,3056.83214015625,3306.3
34.22,3062.04163993062,3306.3
34.23,3068.08554107373,3306.3
34.24,3073.21552119483,3306.3
34.25,3079.29591358912,3306.3
34.26,3084.0899354974,3306.3
34.27,3088.07369645916,3306.30000000012
34.28,3092.29783211579,3475.4
34.29,3096.44504487257,3475.4
34.3,3101.16431921194,3475.4
34.31,3106.543477661,3475.4
34.32,3111.64501419628,3475.4
34.33,3117.28115044461,3475.4
34.34,3122.42194041205,3475.4
34.35,3126.76821320735,3475.4
34.36,3131.41892263629,3475.4
34.37,3137.00754696325,3475.4
34.38,3142.60182991651,3588.89999999992
34.39,3147.29306119931,3588.9
34.4,3151.90525460473,3588.9
34.41,3156.6364804312,3588.9
34.42,3161.71857565228,3588.9
34.43,3165.27403848732,3588.9
34.44,3169.64314728887,3588.9
34.45,3173.53471115395,3588.9
34.46,3177.6029671005,3588.9
34.47,3183.17952783586,3588.9
34.48,3189.14347776099,3586.9
34.49,3194.94997760561,3586.9
34.5,3201.09703085509,3586.9
34.51,3207.02845265411,3586.9
34.52,3214.08466552781,3586.9
34.53,3220.85621354543,3586.9
34.54,3227.70245459132,3586.9
34.55,3234.17509523493,3586.9
34.56,3241.25253794222,3586.9
34.57,3247.7065231109,3586.9
34.58,3255.04381997638,3675.3
34.59,3262.23178191014,3675.3
34.6,3268.51821757646,3675.3
34.61,3275.9619563609,3675.3
34.62,3282.35887696501,3675.3
34.63,3289.10813324183,3675.3
34.64,3295.11818821383,3675.3
34.65,3301.06964846555,3675.3
34.66,3307.16174124212,3675.3
34.67,3312.76869053483,3675.3
34.68,3318.48062855448,3714.1
34.69,3324.31596879122,3714.1
34.7,3329.35912008172,3714.1
34.71,3335.38146764762,3714.1
34.72,3340.05354457637,3714.1
34.73,3344.98124145413,3714.1
34.74,3349.98473034691,3714.1
34.75,3354.52610364508,3714.1
34.76,3359.79509676481,3714.1
34.77,3365.20547119709,3714.1
34.78,3369.27561600732,3709.1
34.79,3373.5788585282,3709.1
34.8,3378.58286496597,3709.1
34.81,3382.78931234695,3709.1
34.82,3386.79545047791,3709.1
34.83,3390.74717768505,3709.1
34.84,3394.79929613416,3709.1
34.85,3398.95023001005,3709.1
34.86,3402.4221134851,3709.1
34.87,3405.90349817474,3709.1
34.88,3409.62706149955,3670.60000000003
34.89,3413.14247857055,3670.6
34.9,3416.23575270953,3670.6
34.91,3419.64448245814,3670.6
34.92,3423.03398256527,3670.6
34.93,3426.51617358973,3670.6
34.94,3429.33750214408,3670.6
34.95,3431.58760304768,3670.6
34.96,3434.97835618602,3670.6
34.97,3437.76354579851,3670.6
34.98,3440.87462952141,3693.6
34.99,3443.76956970022,3693.6
35,3446.30060521846,3693.6
35.01,3448.72646568582,3693.6
35.02,3450.6853077289,3693.6
35.03,3452.37087406066,3693.6
35.04,3453.81563958661,3693.6
35.05,3455.36908373977,3693.6
35.06,3456.31904124078,3693.6
35.07,3456.92662516126,3693.6
35.08,3457.34899586694,3729.4
35.09,3457.98996804738,3729.4
35.1,3457.83604179887,3729.4
35.11,3457.64393093928,3729.4
35.12,3456.8980176885,3729.4
35.13,3456.50140144566,3729.4
35.14,3455.50094800766,3729.4
35.15,3454.20134714203,3729.4
35.16,3452.52837937398,3729.4
35.17,3450.49604467742,3729.4
35.18,3448.60371965876,3802.1
35.19,3446.57056158819,3802.1
35.2,3444.44303903747,3802.1
35.21,3441.91339496576,3802.1
35.22,3439.24215044841,3802.1
35.23,3437.00019590981,3802.1
35.24,3434.45729260986,3802.1
35.25,3431.48071763891,3802.1
35.26,3428.62983515222,3802.1
35.27,3425.24097508958,3802.10000000004
35.28,3422.1933566993,3859.3
35.29,3418.71753757435,3859.3
35.3,3415.37351468731,3859.3
35.31,3411.68499018436,3859.3
35.32,3408.19665581315,3859.3
35.33,3404.60565945636,3859.3
35.34,3401.04833193139,3859.3
35.35,3397.29184401764,3859.3
35.36,3393.43076380016,3859.3
35.37,3389.4699560927,3859.3
35.38,3385.92438642987,3805.70000000004
35.39,3381.7529321526,3805.7
35.4,3377.52150826185,3805.7
35.41,3373.74795308787,3805.7
35.42,3370.2739034687,3805.7
35.43,3366.07419476157,3805.7
35.44,3362.23247650417,3805.7
35.45,3359.31959604924,3805.7
35.46,3355.4998546813,3805.7
35.47,3352.4704946107,3805.7
35.48,3349.25447465064,3828.8
35.49,3345.82620256356,3828.8
35.5,3343.09069500262,3828.8
35.51,3340.8617938608,3828.8
35.52,3338.72307626144,3828.8
35.53,3336.33287281311,3828.8
35.54,3335.41724117248,3828.8
35.55,3334.58003662089,3828.8
35.56,3333.3563351737,3828.8
35.57,3334.33411793173,3828.8
35.58,3335.16887607905,3808.4
35.59,3335.60555066284,3808.4
35.6,3335.80394516497,3808.4
35.61,3336.95459490258,3808.4
35.62,3338.63767077078,3808.4
35.63,3340.2151308764,3808.4
35.64,3341.37405813718,3808.4
35.65,3343.35310335908,3808.4
35.66,3344.8843004267,3808.4
35.67,3347.33385291366,3808.4
35.68,3349.47463440598,3874.2
35.69,3352.20385312826,3874.2
35.7,3354.82473592442,3874.2
35.71,3357.15370056414,3874.2
35.72,3358.86859911129,3874.2
35.73,3360.62739132218,3874.2
35.74,3362.28007795925,3874.2
35.75,3363.85141446322,3874.2
35.76,3364.67229027034,3874.2
35.77,3366.3339512682,3874.20000000005
35.78,3367.16651803123,3946.8
35.79,3367.96132904386,3946.8
35.8,3368.05166797156,3946.8
35.81,3367.83999395826,3946.8
35.82,3367.69991864312,3946.8
35.83,3366.13035492083,3946.8
35.84,3364.80826492409,3946.8
35.85,3363.18820464096,3946.8
35.86,3360.56250096459,3946.8
35.87,3357.98305496577,3946.8
35.88,3353.91221352924,3879.50000000005
35.89,3350.73653231473,3879.5
35.9,3346.73628038728,3879.5
35.91,3342.82383785426,3879.5
35.92,3338.71992984511,3879.5
35.93,3333.89096782951,3879.5
35.94,3331.42590149743,3879.5
35.95,3327.016914231,3879.5
35.96,3322.72122341627,3879.5
35.97,3319.30023763485,3879.5
35.98,3315.50265462383,3972.5
35.99,3311.65741527319,3972.5
36,3308.17595744004,3972.5
36.01,3304.26369374239,3972.5
36.02,3301.84462157529,3972.5
36.03,3298.96591579731,3972.5
36.04,3296.27099570984,3972.5
36.05,3294.03438396713,3972.5
36.06,3292.62507986587,3972.5
36.07,3290.45633527206,3972.5
36.08,3289.48931160396,3902.6
36.09,3288.56923183562,3902.6
36.1,3287.8121154216,3902.6
36.11,3287.87011638847,3902.6
36.12,3287.99719390269,3902.6
36.13,3289.70972435737,3902.6
36.14,3290.61565104839,3902.6
36.15,3292.54546865303,3902.6
36.16,3294.74617634759,3902.6
36.17,3297.3985795085,3902.6
36.18,3300.62782983152,3947.7
36.19,3304.12707946162,3947.7
36.2,3308.07518410522,3947.7
36.21,3311.64242392168,3947.7
36.22,3315.97950029716,3947.7
36.23,3320.16406717446,3947.7
36.24,3324.88972317691,3947.7
36.25,3329.66758943239,3947.7
36.26,3334.83741997852,3947.7
36.27,3339.28520520442,3947.7000000001
36.28,3344.36946188487,4083.5
36.29,3349.21513074249,4083.5
36.3,3354.7930618618,4083.5
36.31,3358.89603704036,4083.5
36.32,3363.89469248459,4083.5
36.33,3367.92924476229,4083.5
36.34,3371.13256401384,4083.5
36.35,3374.90069949513,4083.5
36.36,3378.47068151913,4083.5
36.37,3380.17771144592,4083.5
36.38,3382.0291716545,4220.9999999999
36.39,3384.79356274823,4221
36.4,3385.7117802949,4221
36.41,3387.78805209516,4221
36.42,3388.39828477562,4221
36.43,3390.02597827837,4221
36.44,3390.5292394705,4221
36.45,3390.69509020215,4221
36.46,3391.15916338899,4221
36.47,3391.90842566344,4221
36.48,3391.67561392193,4327.9
36.49,3390.81264780171,4327.9
36.5,3390.79343149812,4327.9
36.51,3390.2112174023,4327.9
36.52,3390.23204951738,4327.9
36.53,3390.41688194882,4327.9
36.54,3390.62629102737,4327.9
36.55,3390.78624148756,4327.9
36.56,3390.83173507813,4327.9
36.57,3391.52786026502,4327.9
36.58,3392.67159136607,4261.6
36.59,3392.73694369471,4261.6
36.6,3394.02641794758,4261.6
36.61,3394.15154311325,4261.6
36.62,3396.2305221482,4261.6
36.63,3396.92799054011,4261.6
36.64,3397.71452940727,4261.6
36.65,3399.30878109324,4261.6
36.66,3400.24588234258,4261.6
36.67,3401.69280129409,4261.6
36.68,3403.17189118921,4217.7
36.69,3405.05797016626,4217.7
36.7,3406.80766146098,4217.7
36.71,3408.99692015985,4217.7
36.72,3410.9442835793,4217.7
36.73,3412.73500577839,4217.7
36.74,3415.88606961615,4217.7
36.75,3418.63423929789,4217.7
36.76,3421.30576494179,4217.7
36.77,3424.28362361109,4217.70000000004
36.78,3427.88749310258,4277.1
36.79,3431.16274013448,4277.1
36.8,3434.8861407157,4277.1
36.81,3438.76715684009,4277.1
36.82,3443.3616521002,4277.1
36.83,3448.2254178172,4277.1
36.84,3453.11091052331,4277.1
36.85,3458.17833019665,4277.1
36.86,3464.34841090046,4277.1
36.87,3470.33905850969,4277.1
36.88,3476.50332717776,4364.59999999994
36.89,3482.80571479415,4364.6
36.9,3488.58916649128,4364.6
36.91,3494.97153451821,4364.6
36.92,3501.20260005794,4364.6
36.93,3506.9143669409,4364.6
36.94,3512.62099462691,4364.6
36.95,3518.1677697404,4364.6
36.96,3523.99226917345,4364.6
36.97,3529.15347145273,4364.6
36.98,3534.22794044099,4502.1
36.99,3539.19540711738,4502.1
37,3544.67514480987,4502.1
37.01,3549.90584232081,4502.1
37.02,3555.29917048508,4502.1
37.03,3561.00421369207,4502.1
37.04,3566.52580237737,4502.1
37.05,3571.54928835702,4502.1
37.06,3577.47435923117,4502.1
37.07,3583.72124836427,4502.1
37.08,3589.7046529017,4600.3
37.09,3594.81955214386,4600.3
37.1,3600.56693881637,4600.3
37.11,3606.28465178688,4600.3
37.12,3611.65178679004,4600.3
37.13,3616.96340942269,4600.3
37.14,3622.1571805538,4600.3
37.15,3627.13022737805,4600.3
37.16,3632.53672673106,4600.3
37.17,3637.41312166222,4600.3
37.18,3641.99478088629,4458.6
37.19,3646.43417105895,4458.6
37.2,3650.77145295344,4458.6
37.21,3654.91612178136,4458.6
37.22,3659.05449094275,4458.6
37.23,3663.44673724184,4458.6
37.24,3667.54836930502,4458.6
37.25,3672.16647764508,4458.6
37.26,3676.27329423616,4458.6
37.27,3680.62700637383,4458.60000000009
37.28,3684.85787969281,4587.3
37.29,3688.95767004649,4587.3
37.3,3692.82913836963,4587.3
37.31,3696.96889249815,4587.3
37.32,3701.32295227874,4587.3
37.33,3705.42990229819,4587.3
37.34,3709.68061643728,4587.3
37.35,3713.63648155322,4587.3
37.36,3717.95826468238,4587.3
37.37,3722.33403711413,4587.3
37.38,3726.64653091358,4670.69999999994
37.39,3731.30616917545,4670.7
37.4,3736.02996922346,4670.7
37.41,3740.82383166689,4670.7
37.42,3745.5312192695,4670.7
37.43,3750.26306814298,4670.7
37.44,3755.13590533009,4670.7
37.45,3760.06336044167,4670.7
37.46,3764.98326499724,4670.7
37.47,3770.26787435114,4670.7
37.48,3775.42388198794,4672.5
37.49,3780.81472165609,4672.5
37.5,3785.7022697651,4672.5
37.51,3790.3954594808,4672.5
37.52,3794.55840076285,4672.5
37.53,3798.7576778603,4672.5
37.54,3802.18964821026,4672.5
37.55,3805.47878527202,4672.5
37.56,3808.74947874909,4672.5
37.57,3810.93734314921,4672.5
37.58,3812.72444820318,4532.5
37.59,3814.80867734895,4532.5
37.6,3816.48978625018,4532.5
37.61,3818.30383077818,4532.5
37.62,3819.79803308704,4532.5
37.63,3821.5830453049,4532.5
37.64,3822.86708344062,4532.5
37.65,3823.67266750098,4532.5
37.66,3824.66061998296,4532.5
37.67,3825.51472470642,4532.5
37.68,3825.89451676167,4826.7
37.69,3826.37219574334,4826.7
37.7,3825.95727766657,4826.7
37.71,3825.22543666192,4826.7
37.72,3823.45942414647,4826.7
37.73,3821.01178604855,4826.7
37.74,3818.02789746117,4826.7
37.75,3813.9670518081,4826.7
37.76,3809.57229211965,4826.7
37.77,3803.82463625442,4826.70000000006
37.78,3797.34348993795,4904.9
37.79,3790.47598919739,4904.9
37.8,3782.94972689388,4904.9
37.81,3775.57417398359,4904.9
37.82,3767.39051066741,4904.9
37.83,3758.93170388785,4904.9
37.84,3749.70349166855,4904.9
37.85,3740.56405340049,4904.9
37.86,3731.0936591639,4904.9
37.87,3721.02469530618,4904.9
37.88,3710.41374751978,4481.6000000003
37.89,3699.73586487668,4481.6
37.9,3689.11662961488,4481.6
37.91,3678.37474612315,4481.6
37.92,3667.5895995059,4481.6
37.93,3656.90544755908,4481.6
37.94,3646.26350920506,4481.6
37.95,3635.73049366272,4481.6
37.96,3625.2983957598,4481.6
37.97,3614.92039614941,4481.6
37.98,3604.54481215166,3996.8
37.99,3594.24990889681,3996.8
38,3583.80322555242,3996.8
38.01,3574.04362060816,3996.8
38.02,3563.7085314091,3996.8
38.03,3553.63411011837,3996.8
38.04,3543.53529975883,3996.8
38.05,3533.38361445928,3996.8
38.06,3523.81129560425,3996.8
38.07,3513.81898069868,3996.8
38.08,3504.08041928774,3587.4
38.09,3494.0279604787,3587.4
38.1,3484.30030527723,3587.4
38.11,3474.58614872396,3587.4
38.12,3465.10574851621,3587.4
38.13,3455.46275764941,3587.4
38.14,3445.85512644442,3587.4
38.15,3436.62484036011,3587.4
38.16,3427.3832215943,3587.4
38.17,3417.89168940469,3587.4
38.18,3408.76546522962,3655.1
38.19,3398.85211747211,3655.1
38.2,3389.66368338277,3655.1
38.21,3380.87421618812,3655.1
38.22,3371.52837469118,3655.1
38.23,3361.93640078443,3655.1
38.24,3353.47164212854,3655.1
38.25,3343.81077211172,3655.1
38.26,3334.75924771486,3655.1
38.27,3326.04805454066,3655.09999999984
38.28,3317.37608325503,3434.5
38.29,3308.74205515567,3434.5
38.3,3299.61791175593,3434.5
38.31,3290.95907492727,3434.5
38.32,3282.31624862721,3434.5
38.33,3274.07848618381,3434.5
38.34,3265.04352226024,3434.5
38.35,3256.55414656241,3434.5
38.36,3248.12545880937,3434.5
38.37,3238.90292359561,3434.5
38.38,3231.06324904959,3074.50000000026
38.39,3224.16176203395,3074.5
38.4,3217.6703812548,3074.5
38.41,3211.60685101539,3074.5
38.42,3205.73707366764,3074.5
38.43,3197.79347308814,3074.5
38.44,3190.85835867557,3074.5
38.45,3183.25731290444,3074.5
38.46,3175.6240280248,3074.5
38.47,3168.60356372942,3074.5
38.48,3161.28292710494,2753.5
38.49,3152.73539493449,2753.5
38.5,3143.88175605286,2753.5
38.51,3136.10963357962,2753.5
38.52,3128.87218347632,2753.5
38.53,3121.88277131088,2753.5
38.54,3114.56642588278,2753.5
38.55,3107.87947590974,2753.5
38.56,3099.87396919457,2753.5
38.57,3091.98037563211,2753.5
38.58,3084.05559688003,2444.6
38.59,3076.60742415326,2444.6
38.6,3069.68691731532,2444.6
38.61,3062.76881196919,2444.6
38.62,3056.06501929075,2444.6
38.63,3048.55605792454,2444.6
38.64,3040.30214708384,2444.6
38.65,3032.50253910593,2444.6
38.66,3025.2402840878,2444.6
38.67,3018.29749502899,2444.6
38.68,3011.21311741906,2396.7
38.69,3004.20766082697,2396.7
38.7,2995.95328992897,2396.7
38.71,2990.04394036684,2396.7
38.72,2983.75479927796,2396.7
38.73,2977.36650790449,2396.7
38.74,2969.60420627945,2396.7
38.75,2962.79979605277,2396.7
38.76,2956.08004744235,2396.7
38.77,2949.81982984607,2396.69999999983
38.78,2942.81474331488,2156.6
38.79,2936.47802092772,2156.6
38.8,2929.71715148168,2156.6
38.81,2922.44994313207,2156.6
38.82,2916.27094464571,2156.6
38.83,2909.78961913095,2156.6
38.84,2903.73347096398,2156.6
38.85,2896.87017913166,2156.6
38.86,2890.9189945924,2156.6
38.87,2884.63186845396,2156.6
38.88,2878.55117748732,2051.00000000007
38.89,2872.36714501239,2051
38.9,2866.61246857713,2051
38.91,2861.66604360132,2051
38.92,2856.78162297274,2051
38.93,2852.07346437097,2051
38.94,2847.55227923351,2051
38.95,2843.50680437368,2051
38.96,2839.25808936642,2051
38.97,2835.61782452934,2051
38.98,2832.02596094385,2252.5
38.99,2828.68042414416,2252.5
39,2825.43040974276,2252.5
39.01,2822.67852510286,2252.5
39.02,2820.32629446653,2252.5
39.03,2817.95888859909,2252.5
39.04,2816.15760276513,2252.5
39.05,2814.35649485956,2252.5
39.06,2812.31953630597,2252.5
39.07,2810.88306518522,2252.5
39.08,2808.86279078765,2509.1
39.09,2807.45205740886,2509.1
39.1,2806.43765125415,2509.1
39.11,2805.2102016006,2509.1
39.12,2804.2650240636,2509.1
39.13,2803.11871530672,2509.1
39.14,2802.09805922071,2509.1
39.15,2801.26271420547,2509.1
39.16,2800.36386115021,2509.1
39.17,2799.5076665192,2509.1
39.18,2798.92665774845,2864.3
39.19,2797.97554530273,2864.3
39.2,2797.5679146278,2864.3
39.21,2796.51983645082,2864.3
39.22,2795.98660106181,2864.3
39.23,2795.6650959572,2864.3
39.24,2795.11999155911,2864.3
39.25,2794.50601886618,2864.3
39.26,2793.95120176752,2864.3
39.27,2793.72539665167,2864.3000000002
39.28,2792.82128398324,3145.2
39.29,2792.85684463073,3145.2
39.3,2792.70147399284,3145.2
39.31,2791.95905620506,3145.2
39.32,2791.58253956338,3145.2
39.33,2791.34146989105,3145.2
39.34,2790.68678793042,3145.2
39.35,2791.15251319159,3145.2
39.36,2791.44938329819,3145.2
39.37,2791.17662799325,3145.2
39.38,2790.35111796641,3352.99999999985
39.39,2790.33798562823,3353
39.4,2790.2144970824,3353
39.41,2790.77007036407,3353
39.42,2790.61435707558,3353
39.43,2790.7718308184,3353
39.44,2790.55696363039,3353
39.45,2790.59448169977,3353
39.46,2790.55680544542,3353
39.47,2790.59591218198,3353
39.48,2790.44669512646,3410.1
39.49,2790.02660274088,3410.1
39.5,2789.84390137336,3410.1
39.51,2789.9041774742,3410.1
39.52,2789.35757474869,3410.1
39.53,2788.28539369706,3410.1
39.54,2786.97095377992,3410.1
39.55,2786.45862268095,3410.1
39.56,2785.31369692796,3410.1
39.57,2784.51219014915,3410.1
39.58,2783.02495594936,3237.8
39.59,2781.40804394404,3237.8
39.6,2779.92382778158,3237.8
39.61,2779.10639558851,3237.8
39.62,2778.48298394606,3237.8
39.63,2777.9848259938,3237.8
39.64,2777.72107045887,3237.8
39.65,2777.80903065,3237.8
39.66,2778.12704465447,3237.8
39.67,2778.63010031861,3237.8
39.68,2779.57181348994,3176.4
39.69,2780.81689028961,3176.4
39.7,2781.67883944656,3176.4
39.71,2782.63954304677,3176.4
39.72,2782.99740200669,3176.4
39.73,2783.89332875351,3176.4
39.74,2783.84697963371,3176.4
39.75,2783.63445124549,3176.4
39.76,2783.0959067639,3176.4
39.77,2782.69210382649,3176.39999999999
39.78,2781.8228533909,3157.9
39.79,2781.36451772609,3157.9
39.8,2779.89101761178,3157.9
39.81,2779.05817318781,3157.9
39.82,2778.03947618084,3157.9
39.83,2776.87956786636,3157.9
39.84,2775.36306913626,3157.9
39.85,2774.48935312686,3157.9
39.86,2772.89185417775,3157.9
39.87,2771.25001250221,3157.9
39.88,2769.62586850618,3153.8
39.89,2768.1221733788,3153.8
39.9,2765.98819187729,3153.8
39.91,2764.82977153673,3153.8
39.92,2763.34239052414,3153.8
39.93,2761.27502762166,3153.8
39.94,2759.63712338076,3153.8
39.95,2758.40844898576,3153.8
39.96,2756.64921408027,3153.8
39.97,2755.25587085633,3153.8
39.98,2753.59145062907,3182.8
39.99,2751.76156781126,3182.8
40,2749.99653747058,3182.8
40.01,2748.23534195093,3182.8
40.02,2746.51662515953,3182.8
40.03,2744.89788041902,3182.8
40.04,2743.51701738008,3182.8
40.05,2742.00638142657,3182.8
40.06,2740.22858630758,3182.8
40.07,2738.84958414204,3182.8
40.08,2737.41012357738,3238.9
40.09,2735.28009542865,3238.9
40.1,2733.22551755307,3238.9
40.11,2731.47366374996,3238.9
40.12,2729.87148639122,3238.9
40.13,2728.26698558766,3238.9
40.14,2726.91986629095,3238.9
40.15,2725.5175638479,3238.9
40.16,2724.09067958039,3238.9
40.17,2722.61757794305,3238.9
40.18,2720.59856437945,3257.4
40.19,2718.07084857148,3257.4
40.2,2716.38124282342,3257.4
40.21,2715.00155815341,3257.4
40.22,2713.37897536693,3257.4
40.23,2711.91767058254,3257.4
40.24,2710.6595246635,3257.4
40.25,2709.05798714387,3257.4
40.26,2707.6566593448,3257.4
40.27,2706.54654613437,3257.39999999997
40.28,2705.66966127517,3220.4
40.29,2704.59959620747,3220.4
40.3,2703.60797650007,3220.4
40.31,2702.79877142515,3220.4
40.32,2701.71520873112,3220.4
40.33,2700.44839087941,3220.4
40.34,2699.52462775699,3220.4
40.35,2698.24596497466,3220.4
40.36,2697.43376519619,3220.4
40.37,2696.49823028242,3220.4
40.38,2695.8692953274,3307.99999999994
40.39,2694.87201052526,3308
40.4,2693.77401563219,3308
40.41,2692.38055302696,3308
40.42,2691.30808709648,3308
40.43,2690.05766941344,3308
40.44,2688.64332252256,3308
40.45,2687.08964237677,3308
40.46,2685.24457793016,3308
40.47,2683.3857085093,3308
40.48,2681.75244864108,3413.6
40.49,2679.64898111918,3413.6
40.5,2677.54985943627,3413.6
40.51,2675.79607059699,3413.6
40.52,2673.47012802461,3413.6
40.53,2671.62747102774,3413.6
40.54,2669.07761390568,3413.6
40.55,2666.79689111328,3413.6
40.56,2664.23351028929,3413.6
40.57,2661.82287129095,3413.6
40.58,2659.28180946489,3384
40.59,2657.05347055391,3384
40.6,2654.52814212521,3384
40.61,2652.36735355205,3384
40.62,2649.94957677877,3384
40.63,2647.5356289718,3384
40.64,2645.35890248028,3384
40.65,2643.14095809097,3384
40.66,2640.7769109726,3384
40.67,2638.48882817933,3384
40.68,2636.58332860004,3399
40.69,2633.99241453278,3399
40.7,2631.76909380658,3399
40.71,2629.6433558102,3399
40.72,2627.09710286225,3399
40.73,2625.16228847114,3399
40.74,2623.24061840252,3399
40.75,2620.91077074927,3399
40.76,2618.70525451257,3399
40.77,2616.19277802109,3398.99999999999
40.78,2614.0134943629,3387.6
40.79,2611.80616816548,3387.6
40.8,2609.613814563,3387.6
40.81,2607.36990745467,3387.6
40.82,2605.10307062318,3387.6
40.83,2603.13034309565,3387.6
40.84,2601.21378636597,3387.6
40.85,2598.86560672866,3387.6
40.86,2596.40595880075,3387.6
40.87,2594.4668264578,3387.6
40.88,2592.22015461843,3340.50000000003
40.89,2590.17557160906,3340.5
40.9,2588.00696890942,3340.5
40.91,2585.83238625483,3340.5
40.92,2583.87700666876,3340.5
40.93,2582.06382007387,3340.5
40.94,2579.98954736819,3340.5
40.95,2577.90850138429,3340.5
40.96,2575.84218560746,3340.5
40.97,2573.79819763573,3340.5
40.98,2571.69739409073,3322.6
40.99,2569.75088452092,3322.6
41,2567.53364318595,3322.6
41.01,2565.67829842159,3322.6
41.02,2563.69650113243,3322.6
41.03,2561.60579287288,3322.6
41.04,2559.69119109005,3322.6
41.05,2557.57882493195,3322.6
41.06,2555.46213548747,3322.6
41.07,2553.38178245017,3322.6
41.08,2551.19593125671,3308.5
41.09,2549.12714171083,3308.5
41.1,2547.67028422866,3308.5
41.11,2546.04909865629,3308.5
41.12,2544.30578646615,3308.5
41.13,2542.29926338773,3308.5
41.14,2540.73195258093,3308.5
41.15,2538.86485922579,3308.5
41.16,2537.60192829202,3308.5
41.17,2536.14883238961,3308.5
41.18,2534.57371431365,3314
41.19,2533.50095826547,3314
41.2,2532.17509098009,3314
41.21,2530.69014967636,3314
41.22,2529.68409872146,3314
41.23,2528.18797923023,3314
41.24,2526.61030165134,3314
41.25,2525.3452739832,3314
41.26,2523.80741335344,3314
41.27,2522.53978553664,3314.00000000005
41.28,2521.00900403212,3385.6
41.29,2519.59166576899,3385.6
41.3,2518.07463500146,3385.6
41.31,2516.75524304155,3385.6
41.32,2515.26243622468,3385.6
41.33,2513.84683268323,3385.6
41.34,2512.20336998717,3385.6
41.35,2510.81624429149,3385.6
41.36,2509.27643675456,3385.6
41.37,2507.81476720443,3385.6
41.38,2506.22354598679,3355.40000000002
41.39,2504.90608982624,3355.4
41.4,2503.57083617269,3355.4
41.41,2502.16533104305,3355.4
41.42,2501.04824955559,3355.4
41.43,2499.54237688545,3355.4
41.44,2498.26037031172,3355.4
41.45,2496.97499567846,3355.4
41.46,2495.7897234265,3355.4
41.47,2494.62027518215,3355.4
41.48,2493.51624946468,3413.4
41.49,2492.74514240362,3413.4
41.5,2491.46199146993,3413.4
41.51,2490.38543906285,3413.4
41.52,2489.60992041089,3413.4
41.53,2488.64318252981,3413.4
41.54,2488.24001803947,3413.4
41.55,2487.5532259494,3413.4
41.56,2486.63092654011,3413.4
41.57,2486.24321210691,3413.4
41.58,2485.73275519071,3510
41.59,2485.20639385845,3510
41.6,2484.90762480141,3510
41.61,2484.62848142698,3510
41.62,2484.1318644492,3510
41.63,2483.52424524145,3510
41.64,2483.14035617957,3510
41.65,2482.91784980389,3510
41.66,2482.80131141454,3510
41.67,2482.31114178729,3509.99999999997
41.68,2481.90773930351,3461.9
41.69,2481.64865077964,3461.9
41.7,2481.32811835657,3461.9
41.71,2480.93341037894,3461.9
41.72,2480.82578571141,3461.9
41.73,2480.36056548834,3461.9
41.74,2479.95828710225,3461.9
41.75,2479.60669049519,3461.9
41.76,2479.32077487082,3461.9
41.77,2478.82699934108,3461.90000000002
41.78,2478.42347533382,3493.5
41.79,2478.05360821291,3493.5
41.8,2477.45394395337,3493.5
41.81,2477.27440282678,3493.5
41.82,2477.4446265305,3493.5
41.83,2477.2496537996,3493.5
41.84,2477.55392696072,3493.5
41.85,2477.8719519404,3493.5
41.86,2478.32365506724,3493.5
41.87,2478.67009073096,3493.5
41.88,2479.22475769055,3651.29999999989
41.89,2479.91570112275,3651.3
41.9,2480.73450634655,3651.3
41.91,2481.62189584158,3651.3
41.92,2482.59193921377,3651.3
41.93,2483.44276207766,3651.3
41.94,2484.54440881343,3651.3
41.95,2485.79129041252,3651.3
41.96,2487.04142171744,3651.3
41.97,2488.4385580708,3651.3
41.98,2489.69639626519,3520.2
41.99,2490.93571640885,3520.2
42,2492.44519771061,3520.2
42.01,2493.72874508122,3520.2
42.02,2495.32621178245,3520.2
42.03,2496.59066043071,3520.2
42.04,2498.09420669697,3520.2
42.05,2499.39417324077,3520.2
42.06,2500.78911346703,3520.2
42.07,2502.06539575043,3520.2
42.08,2503.32592660509,3534.3
42.09,2504.70782872092,3534.3
42.1,2506.13099636306,3534.3
42.11,2507.54319797161,3534.3
42.12,2509.0532037778,3534.3
42.13,2510.44191421884,3534.3
42.14,2512.04892481507,3534.3
42.15,2513.79083904657,3534.3
42.16,2515.38868448072,3534.3
42.17,2517.37763899903,3534.30000000013
42.18,2518.9957231762,3713.1
42.19,2520.9596149034,3713.1
42.2,2522.5998446583,3713.1
42.21,2524.57258778109,3713.1
42.22,2526.57128874733,3713.1
42.23,2528.48364782049,3713.1
42.24,2530.39819119792,3713.1
42.25,2532.64386970759,3713.1
42.26,2534.55564831605,3713.1
42.27,2536.75384230403,3713.09999999986
42.28,2539.02450534832,3510.9
42.29,2541.56394608291,3510.9
42.3,2543.5131384038,3510.9
42.31,2545.80052130068,3510.9
42.32,2548.02961641042,3510.9
42.33,2550.39987790902,3510.9
42.34,2552.85966591845,3510.9
42.35,2555.23598049213,3510.9
42.36,2557.43919452922,3510.9
42.37,2559.68281922283,3510.9
42.38,2562.07258779304,3505.6
42.39,2564.24522397157,3505.6
42.4,2566.541612384,3505.6
42.41,2568.67475442955,3505.6
42.42,2570.54987164292,3505.6
42.43,2572.32292639317,3505.6
42.44,2574.20498525359,3505.6
42.45,2575.58338738522,3505.6
42.46,2577.34880680517,3505.6
42.47,2578.75842830114,3505.6
42.48,2580.13938158067,3733.2
42.49,2581.62986314785,3733.2
42.5,2582.35292406721,3733.2
42.51,2583.30579788495,3733.2
42.52,2584.34708975788,3733.2
42.53,2585.42895886892,3733.2
42.54,2586.38937360522,3733.2
42.55,2586.81832899597,3733.2
42.56,2587.19210721838,3733.2
42.57,2587.71608528293,3733.2
42.58,2588.2594901125,3519.9
42.59,2588.81935077047,3519.9
42.6,2589.07280226097,3519.9
42.61,2589.5386906926,3519.9
42.62,2589.98900040814,3519.9
42.63,2590.2434598256,3519.9
42.64,2590.56034320179,3519.9
42.65,2590.89963951372,3519.9
42.66,2591.03254095139,3519.9
42.67,2591.17759746411,3519.89999999997
42.68,2591.15346848401,3478.3
42.69,2591.75338034607,3478.3
42.7,2592.36473510248,3478.3
42.71,2592.68225633676,3478.3
42.72,2593.40642808169,3478.3
42.73,2594.43473701714,3478.3
42.74,2595.40834542797,3478.3
42.75,2596.70685978461,3478.3
42.76,2597.88860060394,3478.3
42.77,2599.45103187092,3478.3
42.78,2601.19332525223,3478.7
42.79,2603.096766352,3478.7
42.8,2604.99976827225,3478.7
42.81,2606.79525617069,3478.7
42.82,2608.80636550854,3478.7
42.83,2610.81771243271,3478.7
42.84,2612.72764967728,3478.7
42.85,2614.86776621973,3478.7
42.86,2617.13669481365,3478.7
42.87,2618.98733501915,3478.7
42.88,2621.01064643375,3509.29999999998
42.89,2623.33008224387,3509.3
42.9,2625.08860414577,3509.3
42.91,2626.21630868359,3509.3
42.92,2626.9704209109,3509.3
42.93,2626.97540565982,3509.3
42.94,2626.81580483143,3509.3
42.95,2625.53417684407,3509.3
42.96,2623.83839719777,3509.3
42.97,2621.49196477551,3509.3
42.98,2618.75013148942,3530.9
42.99,2615.49194461762,3530.9
43,2611.70715713272,3530.9
43.01,2608.20078540555,3530.9
43.02,2604.47902588414,3530.9
43.03,2600.30741058924,3530.9
43.04,2596.29047631545,3530.9
43.05,2591.96850872639,3530.9
43.06,2587.54620682225,3530.9
43.07,2583.21934236199,3530.9
43.08,2578.60831238351,3535.2
43.09,2573.87655920915,3535.2
43.1,2569.14088496787,3535.2
43.11,2564.00586131414,3535.2
43.12,2559.17436274449,3535.2
43.13,2554.28883957395,3535.2
43.14,2549.3810645004,3535.2
43.15,2544.77150533689,3535.2
43.16,2540.204941794,3535.2
43.17,2535.44006438598,3535.2
43.18,2530.76642401027,3529.8
43.19,2526.00850858728,3529.8
43.2,2521.19297246448,3529.8
43.21,2516.39389851599,3529.8
43.22,2511.44794041567,3529.8
43.23,2506.50240927582,3529.8
43.24,2501.84698908722,3529.8
43.25,2496.78890009323,3529.8
43.26,2491.79927469189,3529.8
43.27,2486.78059423854,3529.79999999998
43.28,2481.88409169997,3504.8
43.29,2476.39537150352,3504.8
43.3,2471.44876261128,3504.8
43.31,2466.51951494462,3504.8
43.32,2461.44488517919,3504.8
43.33,2456.57295753671,3504.8
43.34,2451.73633691491,3504.8
43.35,2446.69374779792,3504.8
43.36,2441.64080643273,3504.8
43.37,2436.72273074757,3504.8
43.38,2431.87918449047,3491.50000000001
43.39,2427.06481160446,3491.5
43.4,2421.92989354063,3491.5
43.41,2417.02871012963,3491.5
43.42,2412.36913494386,3491.5
43.43,2407.59956430644,3491.5
43.44,2402.729102786,3491.5
43.45,2397.86191485107,3491.5
43.46,2393.17225768295,3491.5
43.47,2388.39499952946,3491.5
43.48,2383.37573409746,3409.1
43.49,2378.82288966726,3409.1
43.5,2373.92825648928,3409.1
43.51,2369.23577296864,3409.1
43.52,2364.68128773175,3409.1
43.53,2360.23629305985,3409.1
43.54,2355.53115915703,3409.1
43.55,2351.09718753702,3409.1
43.56,2346.56577286101,3409.1
43.57,2342.02499526375,3409.1
43.58,2337.40375119621,3363.6
43.59,2333.00221910275,3363.6
43.6,2328.52219656339,3363.6
43.61,2323.85896783929,3363.6
43.62,2319.1812947138,3363.6
43.63,2314.794411102,3363.6
43.64,2310.58538101776,3363.6
43.65,2306.19488289915,3363.6
43.66,2301.64404424159,3363.6
43.67,2297.23584646124,3363.59999999995
43.68,2292.77556191367,3297.5
43.69,2288.49267355226,3297.5
43.7,2284.21611660736,3297.5
43.71,2279.87094461845,3297.5
43.72,2275.61992419737,3297.5
43.73,2271.30416508121,3297.5
43.74,2267.03073306881,3297.5
43.75,2262.75114425608,3297.5
43.76,2258.48034057353,3297.5
43.77,2254.23760489007,3297.49999999995
43.78,2250.05609609603,3222.5
43.79,2245.84767420761,3222.5
43.8,2241.61009793374,3222.5
43.81,2237.36022087501,3222.5
43.82,2233.18554897602,3222.5
43.83,2228.99671043054,3222.5
43.84,2224.75487408535,3222.5
43.85,2220.56944269703,3222.5
43.86,2216.56172264118,3222.5
43.87,2212.54154276953,3222.5
43.88,2208.41476130604,3150.30000000005
43.89,2204.12149422634,3150.3
43.9,2200.18586138302,3150.3
43.91,2196.23037715546,3150.3
43.92,2191.90156239157,3150.3
43.93,2187.98379753454,3150.3
43.94,2183.97162058436,3150.3
43.95,2180.05307490471,3150.3
43.96,2175.99591364981,3150.3
43.97,2172.01980967251,3150.3
43.98,2168.16631491154,3104.9
43.99,2164.26856508629,3104.9
44,2160.1298712462,3104.9
44.01,2156.09539541179,3104.9
44.02,2152.05891724454,3104.9
44.03,2148.30439437946,3104.9
44.04,2144.38575071111,3104.9
44.05,2140.78951899229,3104.9
44.06,2136.90460262625,3104.9
44.07,2132.98248343182,3104.9
44.08,2129.16993452658,3042.6
44.09,2125.219924055,3042.6
44.1,2121.45046808254,3042.6
44.11,2117.62528529293,3042.6
44.12,2113.86546271269,3042.6
44.13,2109.97757431922,3042.6
44.14,2106.75124587043,3042.6
44.15,2102.72437749953,3042.6
44.16,2099.46411173057,3042.6
44.17,2096.27351779602,3042.59999999999
44.18,2092.89416850386,3033.5
44.19,2089.50383161905,3033.5
44.2,2086.18248876174,3033.5
44.21,2082.87849962132,3033.5
44.22,2079.79515605377,3033.5
44.23,2076.34567046947,3033.5
44.24,2073.34333181503,3033.5
44.25,2070.20431113704,3033.5
44.26,2066.88525135975,3033.5
44.27,2063.55407037598,3033.50000000001
44.28,2060.38103632362,3051.1
44.29,2057.22868969886,3051.1
44.3,2053.97895760698,3051.1
44.31,2050.69206302911,3051.1
44.32,2047.55680590294,3051.1
44.33,2044.66857419916,3051.1
44.34,2041.61590028965,3051.1
44.35,2038.36998382731,3051.1
44.36,2035.61452155178,3051.1
44.37,2032.55022566321,3051.1
44.38,2029.5505207404,3038.70000000001
44.39,2026.45672141061,3038.7
44.4,2023.58744255083,3038.7
44.41,2020.78347544785,3038.7
44.42,2018.05853458314,3038.7
44.43,2015.1690305351,3038.7
44.44,2012.51950270968,3038.7
44.45,2009.69104365842,3038.7
44.46,2007.13916420629,3038.7
44.47,2004.57937476201,3038.7
44.48,2002.11079940377,3048.2
44.49,1999.85825485801,3048.2
44.5,1997.57834827709,3048.2
44.51,1995.24984787766,3048.2
44.52,1992.90445997013,3048.2
44.53,1990.64700678596,3048.2
44.54,1988.45706994278,3048.2
44.55,1986.34747011232,3048.2
44.56,1984.18566020914,3048.2
44.57,1982.21536130439,3048.2
44.58,1980.1801811691,3127.7
44.59,1978.23165255814,3127.7
44.6,1976.21390255177,3127.7
44.61,1974.06237204001,3127.7
44.62,1972.06169988579,3127.7
44.63,1969.87132160634,3127.7
44.64,1967.65490913616,3127.7
44.65,1965.44425130102,3127.7
44.66,1963.13839244011,3127.7
44.67,1960.76778874718,3127.69999999997
44.68,1958.45528531509,3091.1
44.69,1955.87745831086,3091.1
44.7,1953.22345448756,3091.1
44.71,1950.72248430117,3091.1
44.72,1947.96279320175,3091.1
44.73,1945.02724279226,3091.1
44.74,1942.2774679083,3091.1
44.75,1939.60992851471,3091.1
44.76,1936.53829446185,3091.1
44.77,1933.34952541175,3091.09999999992
44.78,1930.36378199172,2983.9
44.79,1927.29471147758,2983.9
44.8,1924.05952012552,2983.9
44.81,1920.90886212578,2983.9
44.82,1917.57759989272,2983.9
44.83,1914.43137675972,2983.9
44.84,1911.37410682576,2983.9
44.85,1908.06574550714,2983.9
44.86,1905.10522974766,2983.9
44.87,1902.11082342298,2983.9
44.88,1899.0373103876,2940.70000000003
44.89,1895.87220240173,2940.7
44.9,1892.68647346791,2940.7
44.91,1889.69854346403,2940.7
44.92,1886.50512652838,2940.7
44.93,1883.42096112678,2940.7
44.94,1880.43606157613,2940.7
44.95,1877.38574272312,2940.7
44.96,1874.34618282492,2940.7
44.97,1871.41061245794,2940.7
44.98,1868.49856250871,2900.8
44.99,1865.41025931311,2900.8
45,1862.45258621864,2900.8
45.01,1859.30775978615,2900.8
45.02,1856.32005814276,2900.8
45.03,1853.28784726418,2900.8
45.04,1850.41307644633,2900.8
45.05,1847.34428622441,2900.8
45.06,1844.37926711709,2900.8
45.07,1841.47655731724,2900.8
45.08,1838.65381971042,2882.5
45.09,1835.57342328798,2882.5
45.1,1832.76752504182,2882.5
45.11,1830.07662811618,2882.5
45.12,1827.63309597961,2882.5
45.13,1825.24058509181,2882.5
45.14,1823.12369944735,2882.5
45.15,1820.91171975163,2882.5
45.16,1818.9747470042,2882.5
45.17,1817.26976914552,2882.50000000002
45.18,1815.51823679266,2909.4
45.19,1814.00029466311,2909.4
45.2,1812.47976594961,2909.4
45.21,1811.0042453404,2909.4
45.22,1809.50077602005,2909.4
45.23,1807.8524683336,2909.4
45.24,1806.35927306473,2909.4
45.25,1804.6462319233,2909.4
45.26,1803.04104529382,2909.4
45.27,1801.41959793823,2909.39999999998
45.28,1799.67646559432,2886
45.29,1798.05071907887,2886
45.3,1796.43720256654,2886
45.31,1794.85222637787,2886
45.32,1793.47204365442,2886
45.33,1791.97238102057,2886
45.34,1790.56915599095,2886
45.35,1789.54979516028,2886
45.36,1788.56039707983,2886
45.37,1787.42161693878,2886
45.38,1786.75308933195,2881.3
45.39,1785.68875161221,2881.3
45.4,1785.04784166328,2881.3
45.41,1784.30343426167,2881.3
45.42,1783.94725333757,2881.3
45.43,1783.75062579095,2881.3
45.44,1783.87013487294,2881.3
45.45,1784.1983051069,2881.3
45.46,1784.66945880497,2881.3
45.47,1785.21683056075,2881.3
45.48,1785.98484508143,2890.4
45.49,1787.04231015685,2890.4
45.5,1787.90665939937,2890.4
45.51,1788.98833551941,2890.4
45.52,1789.78142874928,2890.4
45.53,1790.88021817502,2890.4
45.54,1791.97664632062,2890.4
45.55,1792.99433988895,2890.4
45.56,1793.87733099073,2890.4
45.57,1795.03367159479,2890.4
45.58,1795.87475347283,2890.4
45.59,1796.71926573495,2890.4
45.6,1797.85296587482,2890.4
45.61,1798.73763738277,2890.4
45.62,1799.76046285767,2890.4
45.63,1800.75562215225,2890.4
45.64,1801.5328151842,2890.4
45.65,1802.35236601657,2890.4
45.66,1803.27091458116,2890.4
45.67,1804.11057637852,2890.40000000001
45.68,1804.87013238008,2899.2
45.69,1805.54377518432,2899.2
45.7,1806.28363371887,2899.2
45.71,1807.03882462176,2899.2
45.72,1807.91558896836,2899.2
45.73,1808.70668799867,2899.2
45.74,1809.67595957166,2899.2
45.75,1810.31741129735,2899.2
45.76,1811.07897383909,2899.2
45.77,1812.12855451387,2899.20000000001
45.78,1812.76363901086,2917.7
45.79,1813.71643096048,2917.7
45.8,1814.46326579083,2917.7
45.81,1815.22166194598,2917.7
45.82,1815.5887104347,2917.7
45.83,1816.06332041298,2917.7
45.84,1816.69814717191,2917.7
45.85,1816.80781788152,2917.7
45.86,1816.9106825622,2917.7
45.87,1817.36044780227,2917.7
45.88,1817.40721718743,2987.89999999995
45.89,1817.03001493235,2987.9
45.9,1816.99638195477,2987.9
45.91,1816.95300310758,2987.9
45.92,1816.60542860609,2987.9
45.93,1816.00180036761,2987.9
45.94,1815.3982436568,2987.9
45.95,1815.13309720192,2987.9
45.96,1814.53841320827,2987.9
45.97,1813.69143701772,2987.9
45.98,1813.11132113377,3047.5
45.99,1812.29663527717,3047.5
46,1811.47770841477,3047.5
46.01,1810.78390111095,3047.5
46.02,1809.82143313403,3047.5
46.03,1808.93049669689,3047.5
46.04,1808.05080610952,3047.5
46.05,1807.3412909999,3047.5
46.06,1806.60867921086,3047.5
46.07,1805.64073727635,3047.5
46.08,1804.67303953196,3100
46.09,1803.85179086379,3100
46.1,1803.02723609272,3100
46.11,1802.65902195125,3100
46.12,1802.25243536577,3100
46.13,1802.16307759965,3100
46.14,1802.00138021649,3100
46.15,1802.14865104103,3100
46.16,1802.54671759344,3100
46.17,1803.04985776419,3099.99999999996
46.18,1803.52721004692,3042.6
46.19,1804.28415913597,3042.6
46.2,1805.48020506764,3042.6
46.21,1806.91971879819,3042.6
46.22,1808.57418181926,3042.6
46.23,1810.49604745367,3042.6
46.24,1812.70597319441,3042.6
46.25,1815.20329236088,3042.6
46.26,1818.03175472157,3042.6
46.27,1821.21746437615,3042.60000000001
46.28,1824.68943931053,3053.3
46.29,1828.20562144427,3053.3
46.3,1831.95991205919,3053.3
46.31,1835.91708949483,3053.3
46.32,1839.74133707607,3053.3
46.33,1844.02080466525,3053.3
46.34,1848.06841352201,3053.3
46.35,1851.94946093795,3053.3
46.36,1856.23118146358,3053.3
46.37,1860.43376867361,3053.3
46.38,1864.74121057159,3164.29999999992
46.39,1868.84845871177,3164.3
46.4,1873.23205160079,3164.3
46.41,1877.8059255622,3164.3
46.42,1882.1170818343,3164.3
46.43,1886.24853786772,3164.3
46.44,1890.8034848305,3164.3
46.45,1895.48316637102,3164.3
46.46,1900.15752882979,3164.3
46.47,1904.85100331389,3164.3
46.48,1909.42320775075,3033.6
46.49,1914.0392584342,3033.6
46.5,1919.07058462285,3033.6
46.51,1924.44273954842,3033.6
46.52,1930.40016247108,3033.6
46.53,1936.54032239893,3033.6
46.54,1942.99126789658,3033.6
46.55,1949.6564293961,3033.6
46.56,1957.08582513329,3033.6
46.57,1964.63237028628,3033.6
46.58,1972.55166574833,2992.5
46.59,1981.00836038812,2992.5
46.6,1989.82618845605,2992.5
46.61,1999.17747909379,2992.5
46.62,2008.69849726611,2992.5
46.63,2018.62733294557,2992.5
46.64,2029.24743141527,2992.5
46.65,2040.55583854546,2992.5
46.66,2051.91396123579,2992.5
46.67,2063.99306279169,2992.50000000006
46.68,2076.02433412965,3074.3
46.69,2088.84662517817,3074.3
46.7,2101.75248137856,3074.3
46.71,2114.553369633,3074.3
46.72,2127.30292898184,3074.3
46.73,2140.11481295654,3074.3
46.74,2153.1204381739,3074.3
46.75,2165.85841271842,3074.3
46.76,2178.49749214333,3074.3
46.77,2191.02699882663,3074.30000000009
46.78,2203.48965929806,3199.7
46.79,2215.97923799749,3199.7
46.8,2228.47182119073,3199.7
46.81,2240.62476553975,3199.7
46.82,2252.58794442735,3199.7
46.83,2264.44418226119,3199.7
46.84,2276.46340689147,3199.7
46.85,2287.76257278345,3199.7
46.86,2299.32532293084,3199.7
46.87,2310.80755386612,3199.7
46.88,2321.88679610239,3232.09999999998
46.89,2332.74312244609,3232.1
46.9,2343.7843019229,3232.1
46.91,2355.0709524651,3232.1
46.92,2366.08458563798,3232.1
46.93,2377.37470642311,3232.1
46.94,2388.9522472126,3232.1
46.95,2400.18453935879,3232.1
46.96,2411.96055445329,3232.1
46.97,2423.51321445497,3232.1
46.98,2435.5405321007,3291
46.99,2447.45071876905,3291
47,2459.69805830393,3291
47.01,2471.54201202069,3291
47.02,2484.19816910045,3291
47.03,2496.73281451451,3291
47.04,2509.40236356974,3291
47.05,2522.32687706476,3291
47.06,2535.15535121512,3291
47.07,2547.9947875496,3291
47.08,2561.61069787159,3347.2
47.09,2575.05354537618,3347.2
47.1,2588.44418712699,3347.2
47.11,2601.831149368,3347.2
47.12,2615.15970262979,3347.2
47.13,2628.91633220194,3347.2
47.14,2642.58766035823,3347.2
47.15,2656.66623158948,3347.2
47.16,2670.60393682819,3347.2
47.17,2684.64862494272,3347.20000000004
47.18,2698.37453974227,3402.5
47.19,2712.73956446808,3402.5
47.2,2726.5973754894,3402.5
47.21,2740.52414744901,3402.5
47.22,2754.41846474802,3402.5
47.23,2768.76193045161,3402.5
47.24,2781.82185641961,3402.5
47.25,2796.15724964779,3402.5
47.26,2809.41825324042,3402.5
47.27,2823.18124339081,3402.50000000005
47.28,2836.53010855651,3470.1
47.29,2850.31256281989,3470.1
47.3,2864.14615491384,3470.1
47.31,2877.0140401368,3470.1
47.32,2890.4971781427,3470.1
47.33,2903.94717211079,3470.1
47.34,2917.0600761339,3470.1
47.35,2929.9783726072,3470.1
47.36,2942.9831091238,3470.1
47.37,2956.20233701495,3470.1
47.38,2969.6595884934,3471.3
47.39,2982.02290869162,3471.3
47.4,2993.62103872155,3471.3
47.41,3004.81629803401,3471.3
47.42,3017.20083789752,3471.3
47.43,3029.46367469244,3471.3
47.44,3040.98147210446,3471.3
47.45,3053.01825364243,3471.3
47.46,3065.71258309536,3471.3
47.47,3077.94075644542,3471.3
47.48,3088.76490394533,3592.3
47.49,3098.86823587048,3592.3
47.5,3109.46866449096,3592.3
47.51,3121.39553036044,3592.3
47.52,3134.36628663472,3592.3
47.53,3146.29835531891,3592.3
47.54,3158.82326941661,3592.3
47.55,3171.72628837077,3592.3
47.56,3184.7833250592,3592.3
47.57,3197.96757345622,3592.3
47.58,3211.20646439568,3746.3
47.59,3224.04225361831,3746.3
47.6,3236.40126211664,3746.3
47.61,3250.006600673,3746.3
47.62,3262.4386923963,3746.3
47.63,3274.96736018561,3746.3
47.64,3287.71372675533,3746.3
47.65,3299.51869609638,3746.3
47.66,3311.67328413811,3746.3
47.67,3323.77998772034,3746.3000000002
47.68,3336.00719964996,4031.6
47.69,3348.08790656471,4031.6
47.7,3359.79103787596,4031.6
47.71,3371.7292689308,4031.6
47.72,3383.50402167185,4031.6
47.73,3395.48176040947,4031.6
47.74,3407.66904560598,4031.6
47.75,3418.77279272201,4031.6
47.76,3430.42489321184,4031.6
47.77,3441.85428136152,4031.60000000011
47.78,3453.89750797197,4181.8
47.79,3465.57762983417,4181.8
47.8,3477.27463718043,4181.8
47.81,3489.16163642378,4181.8
47.82,3501.25409011363,4181.8
47.83,3513.36565743746,4181.8
47.84,3525.60420619415,4181.8
47.85,3538.27565197893,4181.8
47.86,3550.7334659141,4181.8
47.87,3563.25099949856,4181.80000000005
47.88,3575.97847038982,4250.39999999995
47.89,3588.85455050882,4250.4
47.9,3601.37508753284,4250.4
47.91,3613.63086054451,4250.4
47.92,3626.00422199454,4250.4
47.93,3638.28491327125,4250.4
47.94,3650.1160208175,4250.4
47.95,3662.30528694527,4250.4
47.96,3674.40602793718,4250.4
47.97,3686.36509979331,4250.4
47.98,3698.09297150679,4296.2
47.99,3709.62340494464,4296.2
48,3720.74339847257,4296.2
48.01,3731.84285684927,4296.2
48.02,3742.49785549092,4296.2
48.03,3753.0441427476,4296.2
48.04,3763.19611168609,4296.2
48.05,3772.76483995785,4296.2
48.06,3782.13131177717,4296.2
48.07,3791.46577968064,4296.2
48.08,3800.88913438201,4550.5
48.09,3809.73040483103,4550.5
48.1,3818.57705684333,4550.5
48.11,3827.60353900276,4550.5
48.12,3836.57628530607,4550.5
48.13,3845.65376932664,4550.5
48.14,3854.83712757021,4550.5
48.15,3864.29372676442,4550.5
48.16,3873.60472600847,4550.5
48.17,3883.39513728864,4550.50000000007
48.18,3892.94295740056,4653.9
48.19,3902.69501596744,4653.9
48.2,3912.54128773309,4653.9
48.21,3922.38033492462,4653.9
48.22,3932.44131326721,4653.9
48.23,3942.39903995942,4653.9
48.24,3952.76489230584,4653.9
48.25,3962.99127240975,4653.9
48.26,3973.6119731721,4653.9
48.27,3983.77565189178,4653.89999999975
48.28,3994.29256141052,4296
48.29,4005.48569173648,4296
48.3,4016.27581187856,4296
48.31,4027.3883706604,4296
48.32,4039.08832109633,4296
48.33,4051.13693349887,4296
48.34,4063.68470931508,4296
48.35,4076.62633301533,4296
48.36,4089.78349348992,4296
48.37,4103.36514586029,4295.99999999995
48.38,4117.24911674731,4219.10000000005
48.39,4131.38328258374,4219.1
48.4,4145.12055187371,4219.1
48.41,4159.06070678825,4219.1
48.42,4173.19929387199,4219.1
48.43,4187.11179754679,4219.1
48.44,4201.00438393718,4219.1
48.45,4214.929255406,4219.1
48.46,4228.49767225025,4219.1
48.47,4241.7700709875,4219.1
48.48,4255.28758136117,4252.8
48.49,4268.22614094219,4252.8
48.5,4279.19630718974,4252.8
48.51,4287.26557561164,4252.8
48.52,4292.57147722973,4252.8
48.53,4294.87470767127,4252.8
48.54,4294.74189365437,4252.8
48.55,4291.80909896571,4252.8
48.56,4286.58948976346,4252.8
48.57,4278.49044717851,4252.8
48.58,4267.91402278783,4364.5
48.59,4255.27635415595,4364.5
48.6,4241.88434368006,4364.5
48.61,4228.452337743,4364.5
48.62,4214.96553342327,4364.5
48.63,4201.08650289381,4364.5
48.64,4187.60096234698,4364.5
48.65,4174.14957814742,4364.5
48.66,4161.04075109833,4364.5
48.67,4147.56242778433,4364.49999999993
48.68,4134.11436050278,4271.5
48.69,4120.77814034823,4271.5
48.7,4107.35627148013,4271.5
48.71,4094.17727389917,4271.5
48.72,4081.1658370276,4271.5
48.73,4068.10384451694,4271.5
48.74,4055.26088702382,4271.5
48.75,4042.41476351024,4271.5
48.76,4029.62974895579,4271.5
48.77,4016.93563279327,4271.49999999994
48.78,4004.23648822768,4190
48.79,3992.07225027995,4190
48.8,3979.66791756173,4190
48.81,3967.08415682725,4190
48.82,3954.52338690956,4190
48.83,3942.23333006921,4190
48.84,3929.84377419436,4190
48.85,3917.89173206573,4190
48.86,3905.85624014783,4190
48.87,3893.86968242531,4189.99999999992
48.88,3881.98149521831,4083.00000000008
48.89,3870.09181974982,4083
48.9,3858.59845979887,4083
48.91,3846.73604844994,4083
48.92,3835.14459545098,4083
48.93,3823.59461987106,4083
48.94,3811.81425320707,4083
48.95,3800.66363434399,4083
48.96,3789.20979691345,4083
48.97,3778.07011909169,4083
48.98,3767.04972902514,3914.4
48.99,3755.99157911392,3914.4
49,3744.40010702585,3914.4
49.01,3733.3872832131,3914.4
49.02,3722.60972818473,3914.4
49.03,3711.96571821932,3914.4
49.04,3701.13556723767,3914.4
49.05,3690.33692112279,3914.4
49.06,3679.86897469706,3914.4
49.07,3668.98549005494,3914.4
49.08,3658.31850106312,3787.1
49.09,3647.9043731904,3787.1
49.1,3636.95269460981,3787.1
49.11,3626.58534980711,3787.1
49.12,3616.41333504746,3787.1
49.13,3605.93292035445,3787.1
49.14,3595.68455364098,3787.1
49.15,3585.22454168116,3787.1
49.16,3575.22996340632,3787.1
49.17,3565.03623041668,3787.09999999988
49.18,3554.8314117594,3620.7
49.19,3544.76643422344,3620.7
49.2,3535.02414429667,3620.7
49.21,3525.3919128176,3620.7
49.22,3515.46943619486,3620.7
49.23,3505.58859450266,3620.7
49.24,3495.54294551701,3620.7
49.25,3485.64148488696,3620.7
49.26,3475.83191410029,3620.7
49.27,3466.08950133412,3620.69999999995
49.28,3456.95187796175,3556.6
49.29,3447.04320192782,3556.6
49.3,3437.40857193246,3556.6
49.31,3427.7071031325,3556.6
49.32,3418.59712091672,3556.6
49.33,3409.49861078581,3556.6
49.34,3400.26731568788,3556.6
49.35,3391.42404195609,3556.6
49.36,3381.84459946386,3556.6
49.37,3372.29833390127,3556.59999999996
49.38,3363.68899775303,3507.00000000003
49.39,3354.34308051275,3507
49.4,3345.87672957784,3507
49.41,3336.16728154768,3507
49.42,3327.18502625177,3507
49.43,3318.35321803683,3507
49.44,3309.77645185775,3507
49.45,3301.25155135211,3507
49.46,3291.82751794139,3507
49.47,3282.85646125317,3507
49.48,3274.65204653285,3403.8
49.49,3265.93241426296,3403.8
49.5,3257.83691565369,3403.8
49.51,3250.30172336634,3403.8
49.52,3241.23838497573,3403.8
49.53,3232.90149315248,3403.8
49.54,3224.33536080959,3403.8
49.55,3217.02118923348,3403.8
49.56,3210.55428852448,3403.8
49.57,3204.17145563511,3403.8
49.58,3197.28614393656,3292.2
49.59,3191.72832757263,3292.2
49.6,3185.41824638064,3292.2
49.61,3178.77679971381,3292.2
49.62,3171.09086189568,3292.2
49.63,3162.454932249,3292.2
49.64,3154.38679971863,3292.2
49.65,3146.39043719938,3292.2
49.66,3138.67433123956,3292.2
49.67,3131.22508608793,3292.19999999989
49.68,3123.68264158138,3136.6
49.69,3114.85363418224,3136.6
49.7,3107.13600988404,3136.6
49.71,3100.53445891263,3136.6
49.72,3092.54511896129,3136.6
49.73,3084.03289721594,3136.6
49.74,3076.02802747477,3136.6
49.75,3070.62772283938,3136.6
49.76,3064.05210765889,3136.6
49.77,3056.71598031865,3136.59999999994
49.78,3049.04211253173,3056.8
49.79,3041.94585833876,3056.8
49.8,3034.35370358879,3056.8
49.81,3026.58555198709,3056.8
49.82,3019.27905224296,3056.8
49.83,3012.1641382594,3056.8
49.84,3004.94431755167,3056.8
49.85,2998.48159720468,3056.8
49.86,2992.12495208218,3056.8
49.87,2985.01337509414,3056.7999999999
49.88,2978.42494890599,2910.3000000001
49.89,2970.72064730682,2910.3
49.9,2964.12671778876,2910.3
49.91,2956.92278445716,2910.3
49.92,2950.43865017458,2910.3
49.93,2944.09069610158,2910.3
49.94,2937.24440709441,2910.3
49.95,2930.73262308479,2910.3
49.96,2924.29015374602,2910.3
49.97,2916.80739101915,2910.3
49.98,2910.15484651104,2873.4
49.99,2903.58779354351,2873.4
50,2896.6175399066,2873.4
50.01,2889.50615482179,2873.4
50.02,2882.58426333468,2873.4
50.03,2876.18429959633,2873.4
50.04,2869.17334186247,2873.4
50.05,2862.09700361323,2873.4
50.06,2855.97870304367,2873.4
50.07,2849.68166064074,2873.4
50.08,2842.70985753012,2841.3
50.09,2836.05505166234,2841.3
50.1,2829.60315587728,2841.3
50.11,2822.4874133616,2841.3
50.12,2816.10622374325,2841.3
50.13,2809.41332902044,2841.3
50.14,2803.2441524255,2841.3
50.15,2797.0652321817,2841.3
50.16,2790.82956877725,2841.3
50.17,2784.25736173344,2841.29999999993
50.18,2777.99760921725,2745.8
50.19,2771.89040007833,2745.8
50.2,2765.40908663694,2745.8
50.21,2759.38641100831,2745.8
50.22,2753.19367406908,2745.8
50.23,2746.91054853943,2745.8
50.24,2740.36281297594,2745.8
50.25,2734.13504188132,2745.8
50.26,2728.15990293281,2745.8
50.27,2722.4254137716,2745.79999999993
50.28,2716.18038791328,2651.2
50.29,2710.12446874093,2651.2
50.3,2704.14305631566,2651.2
50.31,2698.05723641557,2651.2
50.32,2692.21046423383,2651.2
50.33,2686.43534315882,2651.2
50.34,2680.05174203661,2651.2
50.35,2674.42354656132,2651.2
50.36,2668.37310054614,2651.2
50.37,2662.62141966659,2651.19999999997
50.38,2656.784567323,2602.50000000003
50.39,2651.16452436521,2602.5
50.4,2645.22760435444,2602.5
50.41,2639.65771263508,2602.5
50.42,2633.62689205369,2602.5
50.43,2628.08402809552,2602.5
50.44,2622.4947536251,2602.5
50.45,2617.05209805883,2602.5
50.46,2611.65769477028,2602.5
50.47,2605.71534018556,2602.5
50.48,2600.15992197433,2539
50.49,2594.51201010309,2539
50.5,2589.01562317037,2539
50.51,2583.60478573426,2539
50.52,2578.06908504518,2539
50.53,2573.0099722523,2539
50.54,2567.75078309352,2539
50.55,2562.1122446195,2539
50.56,2556.94659844201,2539
50.57,2551.63145774371,2539
50.58,2546.47665059077,2502.7
50.59,2541.20916588004,2502.7
50.6,2536.17692950814,2502.7
50.61,2531.06767715603,2502.7
50.62,2526.10310395125,2502.7
50.63,2521.09294726466,2502.7
50.64,2516.30239386245,2502.7
50.65,2511.59702414289,2502.7
50.66,2506.38069849359,2502.7
50.67,2501.80918806783,2502.69999999997
50.68,2497.02518985171,2462
50.69,2492.44465962497,2462
50.7,2487.79507727566,2462
50.71,2483.3490336363,2462
50.72,2479.47084393361,2462
50.73,2475.51342831675,2462
50.74,2472.03062049941,2462
50.75,2468.54704747641,2462
50.76,2465.53393653647,2462
50.77,2462.57323938998,2462.00000000001
50.78,2460.13092775344,2472.3
50.79,2457.60132077092,2472.3
50.8,2455.22477728571,2472.3
50.81,2452.87281629593,2472.3
50.82,2450.62702705082,2472.3
50.83,2448.40138205407,2472.3
50.84,2446.36612734626,2472.3
50.85,2444.48281592579,2472.3
50.86,2442.39308614965,2472.3
50.87,2440.57107296184,2472.3
50.88,2438.68236005977,2469.2
50.89,2436.89454101626,2469.2
50.9,2435.50637912958,2469.2
50.91,2433.61259838919,2469.2
50.92,2432.20476081014,2469.2
50.93,2430.75393236214,2469.2
50.94,2429.20607862266,2469.2
50.95,2427.79315952722,2469.2
50.96,2426.21155979908,2469.2
50.97,2425.08775304664,2469.2
50.98,2423.76540106663,2496.6
50.99,2422.37435623236,2496.6
51,2421.25700664563,2496.6
51.01,2420.06748362396,2496.6
51.02,2418.90863893472,2496.6
51.03,2417.18524756249,2496.6
51.04,2415.43514457242,2496.6
51.05,2413.90112302219,2496.6
51.06,2412.24889110869,2496.6
51.07,2410.65777640842,2496.6
51.08,2409.17051232408,2475
51.09,2406.84437261553,2475
51.1,2404.62327759844,2475
51.11,2402.46760035034,2475
51.12,2399.7645441194,2475
51.13,2397.03108215917,2475
51.14,2394.01994225773,2475
51.15,2390.55312323174,2475
51.16,2386.59795592419,2475
51.17,2382.68707665455,2474.99999999999
51.18,2378.28165663554,2455.7
51.19,2373.41090794643,2455.7
51.2,2368.6662092895,2455.7
51.21,2363.96238764452,2455.7
51.22,2359.51733995837,2455.7
51.23,2354.92682163842,2455.7
51.24,2350.29163958338,2455.7
51.25,2345.67369106128,2455.7
51.26,2341.05026169137,2455.7
51.27,2336.56273432713,2455.69999999996
51.28,2332.17615419563,2395.5
51.29,2327.56608728019,2395.5
51.3,2323.2866961231,2395.5
51.31,2318.89950898374,2395.5
51.32,2314.77071484477,2395.5
51.33,2310.43250205053,2395.5
51.34,2306.40242461556,2395.5
51.35,2302.42347128032,2395.5
51.36,2298.59814357628,2395.5
51.37,2294.79714142448,2395.49999999995
51.38,2291.06689985173,2331.40000000005
51.39,2287.59762299469,2331.4
51.4,2284.5268155015,2331.4
51.41,2282.08935570072,2331.4
51.42,2279.95242410123,2331.4
51.43,2278.3266484684,2331.4
51.44,2277.33112690667,2331.4
51.45,2277.13279632628,2331.4
51.46,2277.13905674295,2331.4
51.47,2277.7881969142,2331.4
51.48,2279.00141036039,2366.5
51.49,2280.66277542902,2366.5
51.5,2282.55921739155,2366.5
51.51,2284.3775825462,2366.5
51.52,2286.87101660977,2366.5
51.53,2289.19448683407,2366.5
51.54,2291.57440360984,2366.5
51.55,2293.69627256725,2366.5
51.56,2296.02271451741,2366.5
51.57,2298.36955846019,2366.5
51.58,2300.93864084967,2444.2
51.59,2303.4473700354,2444.2
51.6,2305.94660842375,2444.2
51.61,2308.64966679977,2444.2
51.62,2311.22951849759,2444.2
51.63,2313.67391599993,2444.2
51.64,2316.34238493745,2444.2
51.65,2318.80265573913,2444.2
51.66,2321.15986873271,2444.2
51.67,2323.57322849706,2444.20000000004
51.68,2326.10758389665,2495.4
51.69,2328.75598032685,2495.4
51.7,2331.30427797215,2495.4
51.71,2333.64796128182,2495.4
51.72,2336.06230813291,2495.4
51.73,2338.25643274822,2495.4
51.74,2340.45309190711,2495.4
51.75,2342.78546336568,2495.4
51.76,2345.00525231952,2495.4
51.77,2347.06063964281,2495.39999999999
51.78,2349.28566811316,2478.3
51.79,2351.61354451858,2478.3
51.8,2353.54427786854,2478.3
51.81,2355.790442973,2478.3
51.82,2358.17613017326,2478.3
51.83,2360.44369908443,2478.3
51.84,2362.74267420618,2478.3
51.85,2364.86045883602,2478.3
51.86,2366.87035246871,2478.3
51.87,2369.46985628764,2478.29999999998
51.88,2371.61842312505,2448.20000000002
51.89,2374.14919111235,2448.2
51.9,2376.29263514012,2448.2
51.91,2378.5524716676,2448.2
51.92,2380.60307492509,2448.2
51.93,2382.84988737865,2448.2
51.94,2385.0029114503,2448.2
51.95,2386.92808723874,2448.2
51.96,2388.8725530286,2448.2
51.97,2390.89825318405,2448.2
51.98,2392.85843273622,2420.4
51.99,2394.77480273835,2420.4
52,2396.68102159376,2420.4
52.01,2398.80957062128,2420.4
52.02,2400.66106630218,2420.4
52.03,2402.61462072994,2420.4
52.04,2404.65739816725,2420.4
52.05,2406.81497942572,2420.4
52.06,2408.86926011501,2420.4
52.07,2410.76100058887,2420.4
52.08,2413.00542393106,2440.6
52.09,2415.30945950402,2440.6
52.1,2417.54286399503,2440.6
52.11,2419.70638730537,2440.6
52.12,2422.06956896494,2440.6
52.13,2424.40102825618,2440.6
52.14,2426.95266553892,2440.6
52.15,2429.30897261458,2440.6
52.16,2431.64521944808,2440.6
52.17,2434.34374216513,2440.60000000002
52.18,2436.94332295726,2469
52.19,2439.3801890108,2469
52.2,2441.95294481045,2469
52.21,2444.24270623158,2469
52.22,2446.68067886645,2469
52.23,2448.94576182434,2469
52.24,2451.10695579407,2469
52.25,2453.07118940358,2469
52.26,2455.24568671184,2469
52.27,2457.12740838493,2469.00000000003
52.28,2458.89286706415,2506.3
52.29,2460.63611139994,2506.3
52.3,2462.24714692649,2506.3
52.31,2463.71633009621,2506.3
52.32,2465.20082720893,2506.3
52.33,2466.5313396197,2506.3
52.34,2467.91837459298,2506.3
52.35,2469.03957335356,2506.3
52.36,2470.15166147818,2506.3
52.37,2470.87932967282,2506.30000000003
52.38,2471.98428128769,2547.39999999997
52.39,2472.48645912435,2547.4
52.4,2473.05900111578,2547.4
52.41,2473.4848853337,2547.4
52.42,2473.79279363219,2547.4
52.43,2473.68654465928,2547.4
52.44,2473.68059750367,2547.4
52.45,2473.54758159331,2547.4
52.46,2472.63593031106,2547.4
52.47,2471.96893691648,2547.4
52.48,2471.33027581503,2538.8
52.49,2470.42599584782,2538.8
52.5,2469.0031969591,2538.8
52.51,2467.28638261189,2538.8
52.52,2464.79354953848,2538.8
52.53,2462.33897643684,2538.8
52.54,2459.40791706312,2538.8
52.55,2456.19158547527,2538.8
52.56,2452.58354424313,2538.8
52.57,2448.39081425903,2538.8
52.58,2444.39862467546,2535.7
52.59,2439.63194521697,2535.7
52.6,2434.91559572471,2535.7
52.61,2430.0355839681,2535.7
52.62,2425.04529728709,2535.7
52.63,2420.47454868098,2535.7
52.64,2415.98734492372,2535.7
52.65,2411.0966915004,2535.7
52.66,2406.45906831007,2535.7
52.67,2401.71748922048,2535.69999999997
52.68,2397.15759193021,2496.2
52.69,2392.72038784969,2496.2
52.7,2387.9317893105,2496.2
52.71,2383.79909095904,2496.2
52.72,2379.47481136936,2496.2
52.73,2375.53144808874,2496.2
52.74,2372.0772686015,2496.2
52.75,2368.61489211473,2496.2
52.76,2365.26026371618,2496.2
52.77,2361.81965391882,2496.19999999998
52.78,2358.65491669925,2472.9
52.79,2355.68865343181,2472.9
52.8,2352.75990951049,2472.9
52.81,2349.9609380616,2472.9
52.82,2347.58256509551,2472.9
52.83,2344.95927214531,2472.9
52.84,2342.61645305416,2472.9
52.85,2340.19315810909,2472.9
52.86,2338.09586787519,2472.9
52.87,2335.9097454467,2472.90000000002
52.88,2333.95451345642,2497.79999999998
52.89,2331.83840671633,2497.8
52.9,2330.03660150746,2497.8
52.91,2328.31864093598,2497.8
52.92,2327.1823747575,2497.8
52.93,2326.20131692721,2497.8
52.94,2325.37615323048,2497.8
52.95,2324.75981722304,2497.8
52.96,2324.13824278085,2497.8
52.97,2323.82658810367,2497.8
52.98,2323.55216334968,2494.2
52.99,2323.88107921488,2494.2
53,2324.16159067034,2494.2
53.01,2324.67782647658,2494.2
53.02,2325.36379026675,2494.2
53.03,2326.16878329954,2494.2
53.04,2327.16409176932,2494.2
53.05,2328.56986374159,2494.2
53.06,2330.15058181175,2494.2
53.07,2331.96040207773,2494.2
53.08,2333.61480054379,2528.9
53.09,2335.58584195751,2528.9
53.1,2337.72689213005,2528.9
53.11,2339.73370442065,2528.9
53.12,2341.58152474964,2528.9
53.13,2343.40253730245,2528.9
53.14,2345.14303383024,2528.9
53.15,2346.89280847514,2528.9
53.16,2348.68258688942,2528.9
53.17,2350.16045892656,2528.90000000003
53.18,2352.0405283207,2567.3
53.19,2353.48506389902,2567.3
53.2,2355.00102778573,2567.3
53.21,2356.40742099656,2567.3
53.22,2357.54064183662,2567.3
53.23,2358.54537043547,2567.3
53.24,2359.41949366169,2567.3
53.25,2360.35466315297,2567.3
53.26,2360.96762971687,2567.3
53.27,2361.55143323142,2567.29999999997
53.28,2362.23372397482,2522.7
53.29,2362.6860432396,2522.7
53.3,2362.96023558871,2522.7
53.31,2363.61257711668,2522.7
53.32,2364.08017960189,2522.7
53.33,2364.74240384639,2522.7
53.34,2365.38053772759,2522.7
53.35,2365.88047714832,2522.7
53.36,2366.70879184403,2522.7
53.37,2367.87824519969,2522.7
53.38,2369.07735332686,2524.3
53.39,2370.24848143046,2524.3
53.4,2371.47914922508,2524.3
53.41,2373.15120499612,2524.3
53.42,2375.02245281716,2524.3
53.43,2377.36945019093,2524.3
53.44,2380.02875600659,2524.3
53.45,2382.93603535414,2524.3
53.46,2386.09781588176,2524.3
53.47,2389.46689565639,2524.3
53.48,2393.37621808812,2534.6
53.49,2397.64924183841,2534.6
53.5,2401.80589948183,2534.6
53.51,2406.06745906797,2534.6
53.52,2410.59064596964,2534.6
53.53,2415.31600437369,2534.6
53.54,2419.90718733287,2534.6
53.55,2424.94275397617,2534.6
53.56,2429.92271968487,2534.6
53.57,2434.98581441554,2534.6
53.58,2440.1709045672,2552.1
53.59,2445.23047279011,2552.1
53.6,2450.42566968314,2552.1
53.61,2456.20649390282,2552.1
53.62,2461.55631214883,2552.1
53.63,2467.06036578939,2552.1
53.64,2472.63118454526,2552.1
53.65,2478.33962699151,2552.1
53.66,2483.8550075571,2552.1
53.67,2489.72122663643,2552.10000000004
53.68,2495.32981479286,2612.4
53.69,2500.71079790393,2612.4
53.7,2506.29914064937,2612.4
53.71,2511.47796106087,2612.4
53.72,2516.74548832432,2612.4
53.73,2521.64824206441,2612.4
53.74,2526.34673462321,2612.4
53.75,2530.83392032106,2612.4
53.76,2535.22558789933,2612.4
53.77,2539.06796254,2612.39999999999
53.78,2542.90372841794,2594.00000000001
53.79,2546.65569086134,2594
53.8,2550.24005996006,2594
53.81,2554.69289747909,2594
53.82,2558.78474932594,2594
53.83,2562.52056907183,2594
53.84,2567.32569117266,2594
53.85,2571.57303684491,2594
53.86,2576.30053012293,2594
53.87,2581.21056647382,2594.00000000004
53.88,2586.66318465686,2644.89999999996
53.89,2592.3318247573,2644.9
53.9,2597.60409648903,2644.9
53.91,2602.93618137741,2644.9
53.92,2608.87546469687,2644.9
53.93,2614.61100508798,2644.9
53.94,2620.73232542237,2644.9
53.95,2627.3785215671,2644.9
53.96,2633.7288647258,2644.9
53.97,2640.43584624346,2644.9
53.98,2647.58438824303,2691.2
53.99,2654.63250322364,2691.2
54,2661.79934711763,2691.2
54.01,2668.66997326706,2691.2
54.02,2675.34265623451,2691.2
54.03,2682.38639043095,2691.2
54.04,2689.16800112702,2691.2
54.05,2695.74062977284,2691.2
54.06,2702.35559796064,2691.2
54.07,2708.83106088556,2691.2
54.08,2715.62777870262,2729.7
54.09,2722.32186668631,2729.7
54.1,2729.32562703536,2729.7
54.11,2736.12237949882,2729.7
54.12,2743.66041473584,2729.7
54.13,2750.88426557036,2729.7
54.14,2757.98988135041,2729.7
54.15,2765.42457578259,2729.7
54.16,2774.37101544885,2729.7
54.17,2782.35455163267,2729.70000000005
54.18,2790.56076467587,2805.8
54.19,2798.97471096091,2805.8
54.2,2807.58208427489,2805.8
54.21,2815.99943538155,2805.8
54.22,2824.36560987199,2805.8
54.23,2833.04058913917,2805.8
54.24,2841.33014553654,2805.8
54.25,2850.46718858332,2805.8
54.26,2858.15211062087,2805.8
54.27,2865.30010464505,2805.80000000002
54.28,2872.36657836958,2834.19999999998
54.29,2880.11929413262,2834.2
54.3,2888.27529135648,2834.2
54.31,2896.67480939794,2834.2
54.32,2904.76618629382,2834.2
54.33,2912.6428247761,2834.2
54.34,2919.74969970809,2834.2
54.35,2927.19893101586,2834.2
54.36,2934.57480414584,2834.2
54.37,2941.22706762867,2834.20000000008
54.38,2948.65831154224,2942.59999999992
54.39,2955.82701908985,2942.6
54.4,2963.30388735549,2942.6
54.41,2970.05979802145,2942.6
54.42,2976.62282329919,2942.6
54.43,2983.07411308942,2942.6
54.44,2989.79037860044,2942.6
54.45,2997.04236224989,2942.6
54.46,3003.75669245276,2942.6
54.47,3010.79237613904,2942.6
54.48,3017.09494862741,2962.9
54.49,3023.78032456272,2962.9
54.5,3030.53218804638,2962.9
54.51,3037.21641859673,2962.9
54.52,3043.94715924011,2962.9
54.53,3051.04727605948,2962.9
54.54,3057.52629419674,2962.9
54.55,3064.26893219969,2962.9
54.56,3070.70525435153,2962.9
54.57,3076.6904201102,2962.9
54.58,3082.79013844014,2908.9
54.59,3087.36411135095,2908.9
54.6,3091.87959723814,2908.9
54.61,3097.30309847528,2908.9
54.62,3103.17699292802,2908.9
54.63,3109.97150354357,2908.9
54.64,3117.47152042137,2908.9
54.65,3124.57006877236,2908.9
54.66,3130.78156153463,2908.9
54.67,3137.55944644637,2908.89999999998
54.68,3143.85957640202,2883.9
54.69,3150.01049439146,2883.9
54.7,3156.52468323435,2883.9
54.71,3162.78193886877,2883.9
54.72,3168.62027195217,2883.9
54.73,3175.24138770683,2883.9
54.74,3182.8138626304,2883.9
54.75,3190.74077752436,2883.9
54.76,3198.63759867014,2883.9
54.77,3206.45189442168,2883.90000000001
54.78,3214.85205852721,2894.29999999999
54.79,3223.52303621458,2894.3
54.8,3232.30791779373,2894.3
54.81,3240.94079191873,2894.3
54.82,3249.42034852911,2894.3
54.83,3257.90104294966,2894.3
54.84,3266.38972885918,2894.3
54.85,3275.1342951359,2894.3
54.86,3284.02194209921,2894.3
54.87,3292.20923506353,2894.30000000005
54.88,3300.69259101464,2961.09999999995
54.89,3309.97399107869,2961.1
54.9,3319.12622667837,2961.1
54.91,3327.975352445,2961.1
54.92,3337.09397582179,2961.1
54.93,3347.09596278297,2961.1
54.94,3357.73228165115,2961.1
54.95,3368.17364142674,2961.1
54.96,3378.22601603332,2961.1
54.97,3389.49082648871,2961.1
54.98,3400.22937357775,3012.6
54.99,3411.58817268466,3012.6
55,3422.88214641013,3012.6
55.01,3434.2574641988,3012.6
55.02,3446.05230205216,3012.6
55.03,3457.89102200114,3012.6
55.04,3469.61965895288,3012.6
55.05,3481.51690081628,3012.6
55.06,3493.64778471339,3012.6
55.07,3505.852590398,3012.6
55.08,3518.38378431823,3116.3
55.09,3530.84140097523,3116.3
55.1,3543.1931555596,3116.3
55.11,3554.96299436436,3116.3
55.12,3566.64044360623,3116.3
55.13,3577.91936677752,3116.3
55.14,3589.63389482162,3116.3
55.15,3600.65332338379,3116.3
55.16,3611.42603438754,3116.3
55.17,3621.98691589373,3116.30000000007
55.18,3632.40642180714,3220.2
55.19,3642.52954640004,3220.2
55.2,3651.76780876685,3220.2
55.21,3660.9379676623,3220.2
55.22,3669.65070738983,3220.2
55.23,3678.17669165934,3220.2
55.24,3686.83914167175,3220.2
55.25,3695.08006388296,3220.2
55.26,3702.58869248428,3220.2
55.27,3710.24405165582,3220.20000000007
55.28,3717.03816885652,3316.19999999993
55.29,3723.91057412704,3316.2
55.3,3731.01329725695,3316.2
55.31,3737.78445208683,3316.2
55.32,3744.69832578847,3316.2
55.33,3752.25739230976,3316.2
55.34,3759.16183769468,3316.2
55.35,3766.26893303822,3316.2
55.36,3773.64984704687,3316.2
55.37,3780.90020735145,3316.20000000003
55.38,3788.36597043588,3361.09999999997
55.39,3796.07551984749,3361.1
55.4,3803.45314916661,3361.1
55.41,3810.97620991013,3361.1
55.42,3818.59379419508,3361.1
55.43,3826.03837858619,3361.1
55.44,3833.4150030926,3361.1
55.45,3840.80050707702,3361.1
55.46,3848.55521755791,3361.1
55.47,3855.83253467696,3361.1
55.48,3863.2124162846,3449.3
55.49,3870.75909168449,3449.3
55.5,3877.69882409731,3449.3
55.51,3884.82553636335,3449.3
55.52,3892.0010631742,3449.3
55.53,3898.88483737214,3449.3
55.54,3905.89369865041,3449.3
55.55,3912.57760183014,3449.3
55.56,3919.2524695411,3449.3
55.57,3926.13871337376,3449.3
55.58,3932.75117059813,3545.6
55.59,3939.16994473666,3545.6
55.6,3945.35852362642,3545.6
55.61,3951.76696453449,3545.6
55.62,3957.6475493427,3545.6
55.63,3963.46114114264,3545.6
55.64,3969.28531047871,3545.6
55.65,3974.49786951541,3545.6
55.66,3979.8334580408,3545.6
55.67,3984.61311073589,3545.60000000004
55.68,3989.43553139392,3599.4
55.69,3994.05848965347,3599.4
55.7,3998.83002129706,3599.4
55.71,4003.08270766194,3599.4
55.72,4007.12449518957,3599.4
55.73,4011.62929852569,3599.4
55.74,4015.60668517605,3599.4
55.75,4019.67562388268,3599.4
55.76,4023.49290748809,3599.4
55.77,4027.08451053558,3599.40000000006
55.78,4030.67003213744,3682.49999999994
55.79,4034.03648340302,3682.5
55.8,4037.54035390284,3682.5
55.81,4041.39197150975,3682.5
55.82,4044.96350145671,3682.5
55.83,4048.81043694129,3682.5
55.84,4052.74735961305,3682.5
55.85,4056.95004629437,3682.5
55.86,4061.04672930107,3682.5
55.87,4065.34742454799,3682.50000000004
55.88,4069.57144743993,3738.29999999996
55.89,4074.05982777686,3738.3
55.9,4078.41001805044,3738.3
55.91,4082.82737046348,3738.3
55.92,4087.22688778567,3738.3
55.93,4091.90067800103,3738.3
55.94,4096.40904482971,3738.3
55.95,4100.96730477176,3738.3
55.96,4105.32145003906,3738.3
55.97,4109.70600308663,3738.3
55.98,4114.14706222974,3795.8
55.99,4118.52949109874,3795.8
56,4122.56698164721,3795.8
56.01,4126.06518049885,3795.8
56.02,4129.06788916766,3795.8
56.03,4131.64099378967,3795.8
56.04,4133.95192152485,3795.8
56.05,4135.68803913937,3795.8
56.06,4136.80196721546,3795.8
56.07,4137.71375069376,3795.8
56.08,4137.72242622329,3828.3
56.09,4137.65131570378,3828.3
56.1,4137.02740970365,3828.3
56.11,4135.16703430151,3828.3
56.12,4132.68336044908,3828.3
56.13,4129.4747764732,3828.3
56.14,4125.59321413528,3828.3
56.15,4121.06421880677,3828.3
56.16,4115.71086594147,3828.3
56.17,4109.70213870871,3828.3
56.18,4102.96634305852,3830
56.19,4095.64067039267,3830
56.2,4087.62554701548,3830
56.21,4079.05279013572,3830
56.22,4069.97394972564,3830
56.23,4060.56511877281,3830
56.24,4050.43774091985,3830
56.25,4040.01162910085,3830
56.26,4029.08528618522,3830
56.27,4017.47538038375,3829.99999999998
56.28,4005.56023078402,3803.10000000002
56.29,3993.35144540521,3803.1
56.3,3980.76797083043,3803.1
56.31,3968.17927157449,3803.1
56.32,3955.90057168247,3803.1
56.33,3943.79868243405,3803.1
56.34,3931.63323454257,3803.1
56.35,3919.66049935003,3803.1
56.36,3907.48264504507,3803.1
56.37,3895.56383472302,3803.09999999983
56.38,3883.58578345078,3562.60000000017
56.39,3871.86821886055,3562.6
56.4,3860.07961591887,3562.6
56.41,3848.31252003185,3562.6
56.42,3836.67887331103,3562.6
56.43,3825.10155328959,3562.6
56.44,3813.68921382935,3562.6
56.45,3802.37849173989,3562.6
56.46,3790.99600238443,3562.6
56.47,3779.73110257036,3562.6
56.48,3768.32216267374,3366.1
56.49,3757.2720864342,3366.1
56.5,3745.91476527611,3366.1
56.51,3735.10007908945,3366.1
56.52,3724.27356619601,3366.1
56.53,3713.45829828773,3366.1
56.54,3702.64980361572,3366.1
56.55,3692.04883433496,3366.1
56.56,3681.34559359122,3366.1
56.57,3670.62474090039,3366.1
56.58,3659.94587887756,3300.9
56.59,3649.22369949336,3300.9
56.6,3638.31997806397,3300.9
56.61,3628.06526023958,3300.9
56.62,3617.58882469678,3300.9
56.63,3607.15505919375,3300.9
56.64,3597.06883104475,3300.9
56.65,3586.54500874968,3300.9
56.66,3576.35161106579,3300.9
56.67,3566.28645899509,3300.89999999995
56.68,3556.18203406828,3230.4
56.69,3545.90680128787,3230.4
56.7,3536.04513399104,3230.4
56.71,3526.0398075565,3230.4
56.72,3516.27835216058,3230.4
56.73,3506.70401504961,3230.4
56.74,3496.89586777455,3230.4
56.75,3486.91595874121,3230.4
56.76,3477.21352473795,3230.4
56.77,3467.574114445,3230.39999999995
56.78,3457.88648038782,3162.70000000005
56.79,3448.34204345692,3162.7
56.8,3439.3042914928,3162.7
56.81,3429.15496575448,3162.7
56.82,3419.87056425787,3162.7
56.83,3410.66152162604,3162.7
56.84,3401.62778513016,3162.7
56.85,3392.32510615893,3162.7
56.86,3382.44036640591,3162.7
56.87,3374.13145888219,3162.69999999994
56.88,3364.96836559826,3077.20000000006
56.89,3355.91980756855,3077.2
56.9,3347.03092049221,3077.2
56.91,3337.63634074557,3077.2
56.92,3327.62179323131,3077.2
56.93,3319.76138076698,3077.2
56.94,3311.46216135238,3077.2
56.95,3302.8912032844,3077.2
56.96,3294.31590793216,3077.2
56.97,3285.36032805169,3077.2
56.98,3277.4381328037,3145.8
56.99,3269.48277292406,3145.8
57,3261.3100364944,3145.8
57.01,3253.57813720461,3145.8
57.02,3245.50643662317,3145.8
57.03,3237.31607492336,3145.8
57.04,3230.23622265847,3145.8
57.05,3222.91796070107,3145.8
57.06,3216.31164810017,3145.8
57.07,3210.46989391186,3145.8
57.08,3205.545882309,3100.4
57.09,3200.52719114419,3100.4
57.1,3196.48629947904,3100.4
57.11,3190.69023076379,3100.4
57.12,3183.79819502878,3100.4
57.13,3176.23330036565,3100.4
57.14,3168.33483418633,3100.4
57.15,3161.05832040127,3100.4
57.16,3153.26176927853,3100.4
57.17,3146.32465425614,3100.40000000004
57.18,3139.63409437901,3155.2
57.19,3133.46785893788,3155.2
57.2,3127.79504732218,3155.2
57.21,3121.35592959866,3155.2
57.22,3114.98983284914,3155.2
57.23,3108.84749892955,3155.2
57.24,3102.39275651839,3155.2
57.25,3095.58416567431,3155.2
57.26,3088.97396505295,3155.2
57.27,3082.68677840551,3155.20000000003
57.28,3076.77773535686,3200.29999999997
57.29,3071.64134517396,3200.3
57.3,3064.6153231742,3200.3
57.31,3058.30319835534,3200.3
57.32,3051.96628706982,3200.3
57.33,3045.3881639328,3200.3
57.34,3038.95629263591,3200.3
57.35,3032.24500049133,3200.3
57.36,3027.02899671648,3200.3
57.37,3021.25595457753,3200.30000000001
57.38,3014.93888654582,3218.59999999999
57.39,3008.88059580186,3218.6
57.4,3002.93527382729,3218.6
57.41,2996.56745996898,3218.6
57.42,2991.97338705241,3218.6
57.43,2986.34574675564,3218.6
57.44,2980.77344340554,3218.6
57.45,2974.19769390884,3218.6
57.46,2968.0731735328,3218.6
57.47,2961.2814544008,3218.6
57.48,2955.338473621,3206.3
57.49,2951.39591669466,3206.3
57.5,2946.00581284528,3206.3
57.51,2940.52292623031,3206.3
57.52,2935.00503192811,3206.3
57.53,2929.38545502354,3206.3
57.54,2923.1573268912,3206.3
57.55,2917.70366588406,3206.3
57.56,2911.52968441038,3206.3
57.57,2906.03008406527,3206.3
57.58,2900.08876024744,3269.8
57.59,2894.34435312812,3269.8
57.6,2888.80669602657,3269.8
57.61,2882.78346133838,3269.8
57.62,2877.43421845227,3269.8
57.63,2872.39805518243,3269.8
57.64,2867.06537631683,3269.8
57.65,2861.85497843131,3269.8
57.66,2857.06421340546,3269.8
57.67,2852.30115515195,3269.79999999999
57.68,2847.26029633567,3259.7
57.69,2842.50888398766,3259.7
57.7,2837.75157266922,3259.7
57.71,2833.03967490253,3259.7
57.72,2829.01127875338,3259.7
57.73,2825.20527963945,3259.7
57.74,2820.97810342454,3259.7
57.75,2817.43376714859,3259.7
57.76,2814.42748301426,3259.7
57.77,2811.51032809318,3259.69999999998
57.78,2808.25977437241,3234.90000000002
57.79,2805.50258152939,3234.9
57.8,2803.23470380293,3234.9
57.81,2801.24835386723,3234.9
57.82,2799.23245792885,3234.9
57.83,2797.88925948073,3234.9
57.84,2796.62970815806,3234.9
57.85,2796.27027171057,3234.9
57.86,2796.09337648878,3234.9
57.87,2796.34388841845,3234.90000000003
57.88,2796.37062376115,3277.69999999997
57.89,2797.23539991742,3277.7
57.9,2798.08312231119,3277.7
57.91,2799.40125423326,3277.7
57.92,2800.97838944445,3277.7
57.93,2802.94786432976,3277.7
57.94,2804.89335266957,3277.7
57.95,2807.00286145366,3277.7
57.96,2809.53831325096,3277.7
57.97,2812.71805955911,3277.7
57.98,2815.96074687544,3346.4
57.99,2819.59983798337,3346.4
58,2822.91846236377,3346.4
58.01,2826.13702950591,3346.4
58.02,2830.46148567901,3346.4
58.03,2834.94370222549,3346.4
58.04,2839.60662925277,3346.4
58.05,2844.20484113876,3346.4
58.06,2849.23000204258,3346.4
58.07,2853.20378633501,3346.4
58.08,2858.93593384181,3240.8
58.09,2863.69214313593,3240.8
58.1,2868.52221633832,3240.8
58.11,2873.53462090751,3240.8
58.12,2879.40380780573,3240.8
58.13,2885.03145517049,3240.8
58.14,2890.59811446276,3240.8
58.15,2895.90649149762,3240.8
58.16,2902.33003602958,3240.8
58.17,2909.00055027421,3240.79999999991
58.18,2915.94941595786,3120.4
58.19,2922.47573524924,3120.4
58.2,2929.30272637228,3120.4
58.21,2935.11617640676,3120.4
58.22,2940.96383514236,3120.4
58.23,2947.52858125535,3120.4
58.24,2953.87337413712,3120.4
58.25,2960.24668834788,3120.4
58.26,2966.12668599567,3120.4
58.27,2971.42516961078,3120.40000000004
58.28,2977.10250149326,3170.69999999996
58.29,2983.47661975005,3170.7
58.3,2988.63884275693,3170.7
58.31,2995.09849160946,3170.7
58.32,3000.09566897757,3170.7
58.33,3005.28510130764,3170.7
58.34,3010.57496112994,3170.7
58.35,3016.38846897657,3170.7
58.36,3022.34434601762,3170.7
58.37,3027.66559702545,3170.70000000005
58.38,3032.60157250936,3238.29999999995
58.39,3038.79302181482,3238.3
58.4,3044.00730437617,3238.3
58.41,3048.87106561532,3238.3
58.42,3053.64134035692,3238.3
58.43,3059.33531035126,3238.3
58.44,3064.44963840027,3238.3
58.45,3069.96912708946,3238.3
58.46,3075.69924308467,3238.3
58.47,3080.90073366399,3238.3
58.48,3084.47967585752,3297.7
58.49,3088.82745954525,3297.7
58.5,3093.24690791776,3297.7
58.51,3098.35901186697,3297.7
58.52,3105.04672807638,3297.7
58.53,3110.92600237187,3297.7
58.54,3117.19724465536,3297.7
58.55,3122.85889220103,3297.7
58.56,3127.22937728883,3297.7
58.57,3131.96221314331,3297.7
58.58,3138.18995086736,3331.9
58.59,3144.59508365372,3331.9
58.6,3150.46307686568,3331.9
58.61,3157.22952197216,3331.9
58.62,3164.37756376953,3331.9
58.63,3169.31108103329,3331.9
58.64,3174.38657492616,3331.9
58.65,3178.79187947876,3331.9
58.66,3182.67786183661,3331.9
58.67,3186.67618163526,3331.90000000001
58.68,3191.2182822882,3345.4
58.69,3196.65278959132,3345.4
58.7,3201.2775559865,3345.4
58.71,3206.41534924298,3345.4
58.72,3211.99797596273,3345.4
58.73,3217.93725173694,3345.4
58.74,3222.69182700821,3345.4
58.75,3227.95533763073,3345.4
58.76,3233.43372963836,3345.4
58.77,3238.3772014319,3345.40000000001
58.78,3243.08910548195,3360.69999999999
58.79,3248.34886744646,3360.7
58.8,3252.67529976122,3360.7
58.81,3257.41824728796,3360.7
58.82,3262.30487655095,3360.7
58.83,3267.32956577901,3360.7
58.84,3272.05409275498,3360.7
58.85,3276.91720463229,3360.7
58.86,3281.62028644579,3360.7
58.87,3286.9397600121,3360.70000000004
58.88,3290.75380829022,3412.59999999996
58.89,3295.80843664102,3412.6
58.9,3299.98169105455,3412.6
58.91,3303.14719444487,3412.6
58.92,3305.46746331903,3412.6
58.93,3307.70003442965,3412.6
58.94,3308.80846814609,3412.6
58.95,3309.33158114565,3412.6
58.96,3308.85663744915,3412.6
58.97,3308.08604690569,3412.6
58.98,3306.60519605832,3450.3
58.99,3304.30298477161,3450.3
59,3302.08378172405,3450.3
59.01,3299.49657582827,3450.3
59.02,3296.69261034992,3450.3
59.03,3293.79123250245,3450.3
59.04,3291.54060501972,3450.3
59.05,3288.446172943,3450.3
59.06,3286.26488275403,3450.3
59.07,3283.84161901676,3450.3
59.08,3281.06362991308,3404.3
59.09,3278.00325441395,3404.3
59.1,3275.17792621297,3404.3
59.11,3272.18153866668,3404.3
59.12,3268.8981869761,3404.3
59.13,3265.55016390518,3404.3
59.14,3262.06920868581,3404.3
59.15,3258.10561518629,3404.3
59.16,3254.13006501474,3404.3
59.17,3250.3524099694,3404.29999999999
59.18,3246.57155274772,3393.3
59.19,3243.85751400867,3393.3
59.2,3241.59266034125,3393.3
59.21,3239.3871105936,3393.3
59.22,3237.17908583418,3393.3
59.23,3233.57673632292,3393.3
59.24,3229.14710878989,3393.3
59.25,3224.49741798179,3393.3
59.26,3219.970721779,3393.3
59.27,3216.09816940697,3393.29999999997
59.28,3212.548364157,3347.20000000003
59.29,3208.97575272147,3347.2
59.3,3205.61688696454,3347.2
59.31,3202.02172173764,3347.2
59.32,3198.60771021052,3347.2
59.33,3195.91256658651,3347.2
59.34,3194.25544763723,3347.2
59.35,3191.98332774587,3347.2
59.36,3189.28530002854,3347.2
59.37,3186.25791139794,3347.20000000004
59.38,3183.75605818707,3398.89999999996
59.39,3182.01859674132,3398.9
59.4,3180.08454470906,3398.9
59.41,3177.95422111071,3398.9
59.42,3176.33984951409,3398.9
59.43,3174.62930014221,3398.9
59.44,3172.33504752159,3398.9
59.45,3169.74611109856,3398.9
59.46,3166.82024705658,3398.9
59.47,3164.13419444122,3398.9
59.48,3161.39605804191,3533.8
59.49,3158.03364480387,3533.8
59.5,3154.578181664,3533.8
59.51,3152.81822558191,3533.8
59.52,3151.56965910128,3533.8
59.53,3150.09102352677,3533.8
59.54,3148.0195230571,3533.8
59.55,3145.96404098964,3533.8
59.56,3144.07201360239,3533.8
59.57,3142.07790658646,3533.8
59.58,3140.67117527131,3482.3
59.59,3138.94891907389,3482.3
59.6,3137.73148394214,3482.3
59.61,3137.21328963042,3482.3
59.62,3136.68431006271,3482.3
59.63,3136.32686296686,3482.3
59.64,3136.65600636891,3482.3
59.65,3137.46632300862,3482.3
59.66,3138.17992225106,3482.3
59.67,3139.50715744718,3482.30000000001
59.68,3141.39053848199,3497.7
59.69,3143.43231714731,3497.7
59.7,3145.49884487046,3497.7
59.71,3148.09315287434,3497.7
59.72,3150.86489492599,3497.7
59.73,3153.61661111864,3497.7
59.74,3157.85379139238,3497.7
59.75,3162.09176645761,3497.7
59.76,3165.36976748404,3497.7
59.77,3168.58347731854,3497.69999999999
59.78,3171.7034575617,3485.00000000001
59.79,3174.923125485,3485
59.8,3177.9202402194,3485
59.81,3181.15022821849,3485
59.82,3183.78227532103,3485
59.83,3186.45473226527,3485
59.84,3189.02101221089,3485
59.85,3191.70257608308,3485
59.86,3194.57741611786,3485
59.87,3197.45336342637,3485.00000000003
59.88,3200.10186133977,3522.59999999997
59.89,3202.71092555077,3522.6
59.9,3203.92187287036,3522.6
59.91,3203.3075341182,3522.6
59.92,3202.83927076497,3522.6
59.93,3202.74897407219,3522.6
59.94,3202.74235872287,3522.6
59.95,3202.73934912449,3522.6
59.96,3202.73315901282,3522.6
59.97,3203.2435672148,3522.6
59.98,3203.81470979033,3539.3
59.99,3204.41489548209,3539.3
60,3205.18477789883,3539.3
60.01,3206.29414862509,3539.3
60.02,3207.24568065287,3539.3
60.03,3208.29557984264,3539.3
60.04,3209.38281640825,3539.3
60.05,3209.97125292446,3539.3
60.06,3210.24208068775,3539.3
60.07,3209.96511148533,3539.3
60.08,3210.42533974332,3521.6
60.09,3210.70664613854,3521.6
60.1,3210.94367314562,3521.6
60.11,3211.42555796722,3521.6
60.12,3211.45952978803,3521.6
60.13,3212.06962347788,3521.6
60.14,3212.09524801926,3521.6
60.15,3212.92026466282,3521.6
60.16,3213.04925177721,3521.6
60.17,3213.13157402602,3521.6
60.18,3213.53036113082,3521.1
60.19,3214.19764106646,3521.1
60.2,3214.35554920984,3521.1
60.21,3214.38416884896,3521.1
60.22,3214.00293539017,3521.1
60.23,3213.18572503495,3521.1
60.24,3211.38443417224,3521.1
60.25,3209.19887154037,3521.1
60.26,3206.18607199812,3521.1
60.27,3201.84312900255,3521.10000000002
60.28,3197.70226064538,3546.99999999998
60.29,3194.6861205445,3547
60.3,3190.29380272242,3547
60.31,3185.19874154537,3547
60.32,3179.70740233978,3547
60.33,3174.09178504794,3547
60.34,3167.77338863369,3547
60.35,3162.47353939272,3547
60.36,3155.74703335211,3547
60.37,3150.16971330831,3547.00000000001
60.38,3144.33991349277,3557.49999999999
60.39,3137.89818451126,3557.5
60.4,3131.36937329411,3557.5
60.41,3125.02686126783,3557.5
60.42,3118.66441733296,3557.5
60.43,3112.16940848216,3557.5
60.44,3107.66383411097,3557.5
60.45,3102.53166403804,3557.5
60.46,3096.47617200729,3557.5
60.47,3091.34247733331,3557.5
60.48,3087.0143274102,3523.6
60.49,3083.45150541972,3523.6
60.5,3080.01165546108,3523.6
60.51,3077.65208458416,3523.6
60.52,3072.30459366767,3523.6
60.53,3067.60582591266,3523.6
60.54,3063.3381540174,3523.6
60.55,3059.89604715609,3523.6
60.56,3056.12859502512,3523.6
60.57,3051.58753856446,3523.6
60.58,3047.23883009942,3535.7
60.59,3042.97823386094,3535.7
60.6,3039.43196580076,3535.7
60.61,3036.50238025985,3535.7
60.62,3033.14189408357,3535.7
60.63,3029.96746493307,3535.7
60.64,3026.57724861218,3535.7
60.65,3023.32204734015,3535.7
60.66,3020.46653877186,3535.7
60.67,3017.83934435983,3535.70000000001
60.68,3015.64552604557,3547.7
60.69,3013.56466578518,3547.7
60.7,3011.88167301601,3547.7
60.71,3010.22924069588,3547.7
60.72,3008.3414151264,3547.7
60.73,3006.98700611513,3547.7
60.74,3006.16519339977,3547.7
60.75,3004.85665564873,3547.7
60.76,3003.97513195292,3547.7
60.77,3003.48917638698,3547.70000000001
60.78,3003.62882615468,3557.59999999999
60.79,3002.56867827237,3557.6
60.8,3002.42525525781,3557.6
60.81,3002.10979538543,3557.6
60.82,3002.52545174845,3557.6
60.83,3002.45191491513,3557.6
60.84,3002.51736660635,3557.6
60.85,3002.51048241927,3557.6
60.86,3002.71572319658,3557.6
60.87,3002.65353066959,3557.60000000008
60.88,3002.79548413527,3663.29999999993
60.89,3002.57012751861,3663.3
60.9,3002.89290833291,3663.3
60.91,3002.45080690633,3663.3
60.92,3002.7155250121,3663.3
60.93,3002.19832585235,3663.3
60.94,3002.1153331723,3663.3
60.95,3002.00199566085,3663.3
60.96,3000.86821445141,3663.3
60.97,3000.90871569824,3663.3
60.98,3001.44524327497,3644.5
60.99,3001.20776634068,3644.5
61,2999.3955077383,3644.5
61.01,2997.60304428273,3644.5
61.02,2996.36329492737,3644.5
61.03,2995.09583559411,3644.5
61.04,2993.59956230747,3644.5
61.05,2992.61103593109,3644.5
61.06,2991.10110122679,3644.5
61.07,2989.85391578171,3644.5
61.08,2988.8429683728,3599.1
61.09,2987.37821058288,3599.1
61.1,2985.93624421258,3599.1
61.11,2984.75622071398,3599.1
61.12,2983.64824990962,3599.1
61.13,2981.92846633112,3599.1
61.14,2980.74795375352,3599.1
61.15,2978.85418035263,3599.1
61.16,2977.26166152281,3599.1
61.17,2975.80135340147,3599.09999999998
61.18,2973.77071505705,3565.2
61.19,2972.61907924586,3565.2
61.2,2970.83626697439,3565.2
61.21,2969.33994141013,3565.2
61.22,2968.64967241356,3565.2
61.23,2967.67823579963,3565.2
61.24,2967.28447958539,3565.2
61.25,2966.69181596189,3565.2
61.26,2966.70320064866,3565.2
61.27,2966.96041447732,3565.19999999999
61.28,2967.54819498033,3550.70000000001
61.29,2968.29527704773,3550.7
61.3,2968.95679823375,3550.7
61.31,2969.53366989389,3550.7
61.32,2970.4201009041,3550.7
61.33,2971.35755382796,3550.7
61.34,2972.70807252334,3550.7
61.35,2973.76795495243,3550.7
61.36,2974.98110091715,3550.7
61.37,2976.08467094664,3550.70000000011
61.38,2977.01467641609,3704.69999999989
61.39,2978.30469007122,3704.7
61.4,2979.57116725362,3704.7
61.41,2980.45251418405,3704.7
61.42,2981.2062839336,3704.7
61.43,2981.29543311775,3704.7
61.44,2981.32417900472,3704.7
61.45,2981.48664563432,3704.7
61.46,2981.40563659838,3704.7
61.47,2981.11423771402,3704.7
61.48,2980.30000961021,3920.3
61.49,2979.51261805598,3920.3
61.5,2978.4746913554,3920.3
61.51,2977.38888689537,3920.3
61.52,2976.41000728234,3920.3
61.53,2975.24394991283,3920.3
61.54,2974.31461915217,3920.3
61.55,2972.72576033358,3920.3
61.56,2971.81160206794,3920.3
61.57,2970.80800861595,3920.3
61.58,2969.8573792849,3841.8
61.59,2968.64359552178,3841.8
61.6,2967.57046673474,3841.8
61.61,2967.158516364,3841.8
61.62,2967.25357539884,3841.8
61.63,2968.28528130781,3841.8
61.64,2969.66347628196,3841.8
61.65,2971.76772501488,3841.8
61.66,2974.33336890171,3841.8
61.67,2976.89105815943,3841.8
61.68,2980.75813644548,3846.8
61.69,2985.2472473319,3846.8
61.7,2990.29664615867,3846.8
61.71,2995.96177633016,3846.8
61.72,3000.3720391542,3846.8
61.73,3005.11199499446,3846.8
61.74,3010.53292371063,3846.8
61.75,3016.96708320929,3846.8
61.76,3023.09126318974,3846.8
61.77,3029.70974485801,3846.80000000005
61.78,3036.01463745291,3909.99999999996
61.79,3042.78946817918,3910
61.8,3049.60309614492,3910
61.81,3056.03280904742,3910
61.82,3063.45424322474,3910
61.83,3070.16145478221,3910
61.84,3074.82349671987,3910
61.85,3079.99162627774,3910
61.86,3083.89027815818,3910
61.87,3088.86122078193,3910.00000000009
61.88,3093.59583456131,4030.09999999991
61.89,3098.80933276898,4030.1
61.9,3104.04287634528,4030.1
61.91,3109.27129920282,4030.1
61.92,3114.26085227371,4030.1
61.93,3118.72061676395,4030.1
61.94,3122.21722793904,4030.1
61.95,3125.61411982322,4030.1
61.96,3129.47942572503,4030.1
61.97,3133.45407669032,4030.1
61.98,3137.25308192603,4195.6
61.99,3141.02661941049,4195.6
62,3145.48537481372,4195.6
62.01,3149.65372010659,4195.6
62.02,3153.97600572988,4195.6
62.03,3157.96789437979,4195.6
62.04,3160.79859439837,4195.6
62.05,3164.33518204252,4195.6
62.06,3168.316504132,4195.6
62.07,3172.67937906726,4195.6
62.08,3176.92499295532,4046.9
62.09,3181.20756450025,4046.9
62.1,3185.69654686744,4046.9
62.11,3191.33442372886,4046.9
62.12,3196.60869476891,4046.9
62.13,3202.30084371561,4046.9
62.14,3208.03531277358,4046.9
62.15,3214.5141639519,4046.9
62.16,3220.70142825925,4046.9
62.17,3226.21831085029,4046.89999999991
62.18,3232.13561039256,3925
62.19,3238.62402997261,3925
62.2,3244.22112744436,3925
62.21,3250.38346751088,3925
62.22,3255.15366876312,3925
62.23,3260.43445252144,3925
62.24,3265.58811292454,3925
62.25,3270.54791117629,3925
62.26,3275.91829942025,3925
62.27,3280.44349987447,3924.99999999997
62.28,3284.94252513898,3876.10000000003
62.29,3289.49728679968,3876.1
62.3,3293.09029282737,3876.1
62.31,3297.78134378601,3876.1
62.32,3302.14431934061,3876.1
62.33,3305.87072667943,3876.1
62.34,3310.0388422278,3876.1
62.35,3314.27013070855,3876.1
62.36,3318.15331150397,3876.1
62.37,3321.93603976954,3876.10000000001
62.38,3326.18379469742,3887.79999999999
62.39,3330.22773044971,3887.8
62.4,3334.54185773128,3887.8
62.41,3338.2094752352,3887.8
62.42,3341.9953082492,3887.8
62.43,3346.2841189615,3887.8
62.44,3350.76391840143,3887.8
62.45,3355.52685897848,3887.8
62.46,3360.32720114966,3887.8
62.47,3365.16086417475,3887.8
62.48,3370.38065224673,3918.2
62.49,3376.28222930439,3918.2
62.5,3381.14093149847,3918.2
62.51,3387.26789737865,3918.2
62.52,3392.51997603308,3918.2
62.53,3398.27107594626,3918.2
62.54,3404.02203204325,3918.2
62.55,3410.2625300413,3918.2
62.56,3415.05566409295,3918.2
62.57,3421.52326811619,3918.2
62.58,3427.61852697471,4004.3
62.59,3433.65774495209,4004.3
62.6,3439.46439048944,4004.3
62.61,3445.05583440082,4004.3
62.62,3450.73622341603,4004.3
62.63,3456.77658781288,4004.3
62.64,3462.40218494997,4004.3
62.65,3468.09660305143,4004.3
62.66,3473.83931442221,4004.3
62.67,3479.05909380677,4004.30000000008
62.68,3483.85340239621,4110.2
62.69,3489.38562468823,4110.2
62.7,3494.33637022155,4110.2
62.71,3499.05773888224,4110.2
62.72,3503.65276469838,4110.2
62.73,3507.48672184466,4110.2
62.74,3511.69398872556,4110.2
62.75,3515.5230169401,4110.2
62.76,3518.64348851486,4110.2
62.77,3521.56170523827,4110.20000000008
62.78,3524.34395371027,4223.49999999992
62.79,3527.16223934437,4223.5
62.8,3529.79874987783,4223.5
62.81,3532.18734997965,4223.5
62.82,3534.64118178917,4223.5
62.83,3537.04666470154,4223.5
62.84,3539.52616978391,4223.5
62.85,3542.14628697099,4223.5
62.86,3544.13098089407,4223.5
62.87,3546.64333499524,4223.49999999994
62.88,3549.1770688357,4145.00000000006
62.89,3551.42520675854,4145
62.9,3553.81551273573,4145
62.91,3555.77207230708,4145
62.92,3558.20978142398,4145
62.93,3560.74533273578,4145
62.94,3562.88715076223,4145
62.95,3565.37790983289,4145
62.96,3567.52025202438,4145
62.97,3569.98346467846,4145
62.98,3572.38187127902,4160
62.99,3574.626964455,4160
63,3576.80601576422,4160
63.01,3578.53742436211,4160
63.02,3579.60604541406,4160
63.03,3579.95843560584,4160
63.04,3580.15742732367,4160
63.05,3580.00387755961,4160
63.06,3579.12004032597,4160
63.07,3577.93862257017,4160
63.08,3576.40645818548,4166.9
63.09,3573.80707902807,4166.9
63.1,3570.92399363627,4166.9
63.11,3567.39955944057,4166.9
63.12,3562.81428537637,4166.9
63.13,3558.20665241831,4166.9
63.14,3552.05880660722,4166.9
63.15,3545.52910601002,4166.9
63.16,3537.73661752237,4166.9
63.17,3529.68174486795,4166.90000000003
63.18,3520.90696356094,4202.9
63.19,3511.70794360837,4202.9
63.2,3502.0793831236,4202.9
63.21,3492.05227912549,4202.9
63.22,3482.60290614876,4202.9
63.23,3472.50326798122,4202.9
63.24,3463.18726747933,4202.9
63.25,3453.80163842747,4202.9
63.26,3444.11910189176,4202.9
63.27,3434.65881199286,4202.89999999992
63.28,3425.53945058751,4085.00000000008
63.29,3415.99973958731,4085
63.3,3406.54813826487,4085
63.31,3396.86941929986,4085
63.32,3387.5271927212,4085
63.33,3378.75422462743,4085
63.34,3370.03200986637,4085
63.35,3360.51303974755,4085
63.36,3351.38016125228,4085
63.37,3342.17938820608,4084.99999999984
63.38,3333.18500696436,3860.40000000016
63.39,3324.45882079729,3860.4
63.4,3315.23124142543,3860.4
63.41,3305.9434409662,3860.4
63.42,3297.6601904936,3860.4
63.43,3288.86448743342,3860.4
63.44,3280.33226886797,3860.4
63.45,3271.91527102715,3860.4
63.46,3263.31465449987,3860.4
63.47,3254.67850538749,3860.4
63.48,3245.70830016746,3582.4
63.49,3237.47446514443,3582.4
63.5,3229.63156697043,3582.4
63.51,3222.16364497271,3582.4
63.52,3215.44512212149,3582.4
63.53,3209.15834510866,3582.4
63.54,3203.14437635328,3582.4
63.55,3197.60324022513,3582.4
63.56,3190.98801346731,3582.4
63.57,3184.08114853818,3582.4
63.58,3175.8729659167,3382.4
63.59,3167.21548814473,3382.4
63.6,3159.24454961604,3382.4
63.61,3151.20714881976,3382.4
63.62,3142.40342899544,3382.4
63.63,3134.58760227521,3382.4
63.64,3127.63305584323,3382.4
63.65,3120.34952563425,3382.4
63.66,3113.79721820981,3382.4
63.67,3106.1640300555,3382.39999999984
63.68,3098.17975970799,3157.1
63.69,3090.46013329407,3157.1
63.7,3082.21359025662,3157.1
63.71,3074.92636992275,3157.1
63.72,3068.02074316902,3157.1
63.73,3060.73648073089,3157.1
63.74,3053.30610873439,3157.1
63.75,3045.81780101354,3157.1
63.76,3038.66647694214,3157.1
63.77,3031.60155309445,3157.09999999981
63.78,3024.62228902689,2895.90000000019
63.79,3017.07039203008,2895.9
63.8,3010.0470032613,2895.9
63.81,3003.31673077531,2895.9
63.82,2996.77026013825,2895.9
63.83,2989.80004208433,2895.9
63.84,2982.38472431109,2895.9
63.85,2975.34546828937,2895.9
63.86,2968.28695155123,2895.9
63.87,2962.05507223125,2895.89999999995
63.88,2954.82708917831,2825.70000000005
63.89,2948.72687520636,2825.7
63.9,2941.84009974446,2825.7
63.91,2935.34416411052,2825.7
63.92,2928.05782208515,2825.7
63.93,2921.23315541555,2825.7
63.94,2914.32170282806,2825.7
63.95,2907.76124045348,2825.7
63.96,2900.9534226529,2825.7
63.97,2894.04880827977,2825.7
63.98,2887.11139117086,2864.8
63.99,2880.43095439339,2864.8
64,2873.31228004622,2864.8
64.01,2866.96253419591,2864.8
64.02,2860.39050158353,2864.8
64.03,2853.86877842736,2864.8
64.04,2847.73223235861,2864.8
64.05,2840.20821282557,2864.8
64.06,2833.68125811633,2864.8
64.07,2827.20410333395,2864.80000000046
64.08,2820.78430317046,3185.1
64.09,2814.48350852521,3185.1
64.1,2808.18332065632,3185.1
64.11,2801.42825651968,3185.1
64.12,2795.28290981763,3185.1
64.13,2789.04926378609,3185.1
64.14,2783.19175285228,3185.1
64.15,2777.03839202186,3185.1
64.16,2771.29942029784,3185.1
64.17,2765.40076515483,3185.1
64.18,2759.36910820599,3222.19999999995
64.19,2753.65655101461,3222.2
64.2,2748.02008179253,3222.2
64.21,2742.43081978661,3222.2
64.22,2737.06374731225,3222.2
64.23,2731.34521745697,3222.2
64.24,2726.20797656227,3222.2
64.25,2721.16128451694,3222.2
64.26,2715.67313712768,3222.2
64.27,2710.51945483209,3222.2
64.28,2704.95065641457,3283.7
64.29,2699.61570493511,3283.7
64.3,2693.94619245335,3283.7
64.31,2688.45596039168,3283.7
64.32,2683.07288528332,3283.7
64.33,2677.64692319315,3283.7
64.34,2672.37733837093,3283.7
64.35,2666.64099399268,3283.7
64.36,2660.89231439129,3283.7
64.37,2655.42123482638,3283.7
64.38,2649.93909293096,3281.3
64.39,2644.37093538048,3281.3
64.4,2638.7950660085,3281.3
64.41,2633.6509553912,3281.3
64.42,2628.44716991429,3281.3
64.43,2623.5345453855,3281.3
64.44,2618.24472394142,3281.3
64.45,2613.48279967384,3281.3
64.46,2608.46452932839,3281.3
64.47,2603.65424066544,3281.3
64.48,2598.83804804668,3264.1
64.49,2594.31134141287,3264.1
64.5,2589.84736786068,3264.1
64.51,2585.47007992238,3264.1
64.52,2581.47046970308,3264.1
64.53,2577.22680771354,3264.1
64.54,2573.45976710099,3264.1
64.55,2569.8332702265,3264.1
64.56,2565.97835374694,3264.1
64.57,2562.24079517278,3264.10000000007
64.58,2558.70897353682,3310.9
64.59,2555.12168713014,3310.9
64.6,2552.00384383214,3310.9
64.61,2548.50668831956,3310.9
64.62,2545.49245652338,3310.9
64.63,2541.85486327695,3310.9
64.64,2538.47924728501,3310.9
64.65,2535.47416813154,3310.9
64.66,2532.20971032322,3310.9
64.67,2528.9624051991,3310.9
64.68,2525.81286995687,3370.29999999992
64.69,2522.67239179204,3370.3
64.7,2519.28658915704,3370.3
64.71,2515.94024518786,3370.3
64.72,2512.45179091202,3370.3
64.73,2508.82976207525,3370.3
64.74,2505.24554603593,3370.3
64.75,2501.36273150665,3370.3
64.76,2497.19269123144,3370.3
64.77,2493.57078945868,3370.3
64.78,2489.50441780373,3347.2
64.79,2485.20349671237,3347.2
64.8,2481.01076240586,3347.2
64.81,2476.67542447869,3347.2
64.82,2472.25456889834,3347.2
64.83,2467.9963153465,3347.2
64.84,2463.15012442171,3347.2
64.85,2458.76462316018,3347.2
64.86,2454.16373596822,3347.2
64.87,2449.3027418202,3347.19999999988
64.88,2444.64759762771,3262.2
64.89,2439.74912325051,3262.2
64.9,2435.00939721041,3262.2
64.91,2430.67144182523,3262.2
64.92,2426.27717602286,3262.2
64.93,2421.84443837354,3262.2
64.94,2417.32097749457,3262.2
64.95,2413.4207886041,3262.2
64.96,2409.40819434555,3262.2
64.97,2405.35542670122,3262.2
64.98,2401.55307909492,3205.6
64.99,2397.55440843427,3205.6
65,2393.99329684426,3205.6
65.01,2390.39302794949,3205.6
65.02,2386.73176411175,3205.6
65.03,2382.99218757666,3205.6
65.04,2379.3064833041,3205.6
65.05,2375.7290343657,3205.6
65.06,2372.2072610051,3205.6
65.07,2368.71708078198,3205.60000000002
65.08,2365.17009001517,3216.1
65.09,2361.61477548861,3216.1
65.1,2358.18928315846,3216.1
65.11,2354.8520297083,3216.1
65.12,2351.55245071644,3216.1
65.13,2348.58521364457,3216.1
65.14,2345.33842374834,3216.1
65.15,2342.32273889686,3216.1
65.16,2339.31682685548,3216.1
65.17,2336.82881906001,3216.1
65.18,2333.94505895522,3237.89999999997
65.19,2331.3059223492,3237.9
65.2,2328.6710268592,3237.9
65.21,2326.27027829352,3237.9
65.22,2323.5537868994,3237.9
65.23,2321.06394004017,3237.9
65.24,2318.73550011843,3237.9
65.25,2316.53338929122,3237.9
65.26,2314.34664960258,3237.9
65.27,2312.01016872045,3237.9
65.28,2309.74335867362,3315.3
65.29,2307.4299065018,3315.3
65.3,2305.16492459047,3315.3
65.31,2303.2862126126,3315.3
65.32,2301.45106426298,3315.3
65.33,2299.99603357825,3315.3
65.34,2298.42830693328,3315.3
65.35,2297.16556609318,3315.3
65.36,2295.7682602245,3315.3
65.37,2294.75141132115,3315.30000000003
65.38,2293.82122289599,3340
65.39,2292.9175591581,3340
65.4,2292.0720936702,3340
65.41,2290.81917112285,3340
65.42,2289.46497494215,3340
65.43,2287.98724584525,3340
65.44,2286.07950028934,3340
65.45,2284.25524786506,3340
65.46,2281.98609601604,3340
65.47,2279.57309649418,3340
65.48,2277.08756694787,3340.8
65.49,2274.36117384238,3340.8
65.5,2271.54462646539,3340.8
65.51,2268.6056367937,3340.8
65.52,2265.99642596591,3340.8
65.53,2263.22141897959,3340.8
65.54,2260.63508305485,3340.8
65.55,2258.15719139546,3340.8
65.56,2255.61918618462,3340.8
65.57,2253.13418934224,3340.79999999995
65.58,2250.75663205158,3303.6
65.59,2248.48990023584,3303.6
65.6,2246.34422382631,3303.6
65.61,2244.15865947733,3303.6
65.62,2242.15011170272,3303.6
65.63,2240.27061458649,3303.6
65.64,2238.73385656932,3303.6
65.65,2237.31330679177,3303.6
65.66,2236.03451512622,3303.6
65.67,2234.88607998574,3303.6
65.68,2233.99486336743,3317.69999999998
65.69,2233.19615864977,3317.7
65.7,2232.55484690998,3317.7
65.71,2232.01238388819,3317.7
65.72,2231.52673121843,3317.7
65.73,2231.0663488744,3317.7
65.74,2230.78189317648,3317.7
65.75,2230.65234349151,3317.7
65.76,2230.48203505386,3317.7
65.77,2230.59503655618,3317.7
65.78,2230.91883658779,3337.1
65.79,2230.99672799839,3337.1
65.8,2231.2643006852,3337.1
65.81,2231.57719668155,3337.1
65.82,2231.97748828956,3337.1
65.83,2232.3299829905,3337.1
65.84,2232.64413750262,3337.1
65.85,2233.06330044491,3337.1
65.86,2233.3065440879,3337.1
65.87,2233.85020716862,3337.10000000002
65.88,2234.23126905658,3354.3
65.89,2234.63528498138,3354.3
65.9,2235.21283427352,3354.3
65.91,2235.53175833171,3354.3
65.92,2236.00912631553,3354.3
65.93,2236.52781495336,3354.3
65.94,2236.73663657317,3354.3
65.95,2237.24845015454,3354.3
65.96,2237.75195101256,3354.3
65.97,2237.93848393808,3354.3
65.98,2238.50762588976,3409
65.99,2239.05130785526,3409
66,2239.58451097473,3409
66.01,2240.16709353558,3409
66.02,2240.79230904699,3409
66.03,2241.7210767701,3409
66.04,2242.61101737947,3409
66.05,2243.56792361559,3409
66.06,2244.51486510999,3409
66.07,2245.66825717647,3409.00000000011
66.08,2246.95363942203,3483.1
66.09,2248.12667258368,3483.1
66.1,2249.66720657688,3483.1
66.11,2251.03111181214,3483.1
66.12,2252.20285629352,3483.1
66.13,2253.60251787493,3483.1
66.14,2254.9851199214,3483.1
66.15,2256.40117544794,3483.1
66.16,2257.84853688867,3483.1
66.17,2259.32708646649,3483.1
66.18,2260.85606066433,3426.00000000008
66.19,2262.35990037501,3426
66.2,2263.81090710546,3426
66.21,2265.28010609949,3426
66.22,2266.57206805391,3426
66.23,2267.90277839224,3426
66.24,2269.44733901435,3426
66.25,2270.88185276419,3426
66.26,2272.33002528687,3426
66.27,2273.81925095418,3426
66.28,2275.42158419795,3433.5
66.29,2276.89560865447,3433.5
66.3,2278.36426014078,3433.5
66.31,2279.63271228725,3433.5
66.32,2280.94198330511,3433.5
66.33,2282.30439547408,3433.5
66.34,2283.57160220892,3433.5
66.35,2284.98548460445,3433.5
66.36,2286.32441148389,3433.5
66.37,2287.80409275643,3433.5
66.38,2289.14425350495,3436.9
66.39,2290.65662490722,3436.9
66.4,2292.03391545647,3436.9
66.41,2293.41116437235,3436.9
66.42,2294.78251190155,3436.9
66.43,2295.9590994543,3436.9
66.44,2296.97117506151,3436.9
66.45,2298.20296985961,3436.9
66.46,2299.48354127154,3436.9
66.47,2300.53793371264,3436.9
66.48,2301.58152830052,3415.3
66.49,2302.58779521018,3415.3
66.5,2303.48356183415,3415.3
66.51,2304.26581268407,3415.3
66.52,2304.92060344121,3415.3
66.53,2305.57374609945,3415.3
66.54,2306.08001066546,3415.3
66.55,2306.58655789836,3415.3
66.56,2306.71796122977,3415.3
66.57,2306.91708951211,3415.30000000001
66.58,2307.29301424457,3425.7
66.59,2307.62816593689,3425.7
66.6,2307.5304040131,3425.7
66.61,2307.52960340681,3425.7
66.62,2307.69870003597,3425.7
66.63,2307.77227762306,3425.7
66.64,2307.91426886901,3425.7
66.65,2308.39590501708,3425.7
66.66,2308.74847890612,3425.7
66.67,2308.56491253653,3425.7
66.68,2308.5651394738,3401.00000000004
66.69,2308.96577180416,3401
66.7,2309.177938694,3401
66.71,2309.51590808336,3401
66.72,2309.94349739313,3401
66.73,2309.96335743656,3401
66.74,2310.39595572924,3401
66.75,2310.76225703657,3401
66.76,2311.10968447555,3401
66.77,2311.21769514341,3401
66.78,2311.48652577673,3503.5
66.79,2311.54480240117,3503.5
66.8,2311.82936810025,3503.5
66.81,2312.2476386006,3503.5
66.82,2312.47597084811,3503.5
66.83,2312.73699164361,3503.5
66.84,2313.13714958944,3503.5
66.85,2313.62902144285,3503.5
66.86,2314.30246905497,3503.5
66.87,2314.77571047751,3503.50000000012
66.88,2315.35786663303,3586.2
66.89,2315.76789427595,3586.2
66.9,2316.40946739481,3586.2
66.91,2317.19882808652,3586.2
66.92,2317.52923643647,3586.2
66.93,2318.23032419218,3586.2
66.94,2318.92621190408,3586.2
66.95,2319.65349677699,3586.2
66.96,2320.33760264684,3586.2
66.97,2321.07633754846,3586.2
66.98,2321.61019498586,3597.7
66.99,2322.20997192268,3597.7
67,2322.93912633167,3597.7
67.01,2323.74040978485,3597.7
67.02,2324.40060782723,3597.7
67.03,2325.05185762515,3597.7
67.04,2325.75119278491,3597.7
67.05,2326.48588198365,3597.7
67.06,2327.1057027925,3597.7
67.07,2327.85830780691,3597.70000000011
67.08,2328.62500731195,3677.4
67.09,2329.59397832553,3677.4
67.1,2330.70044689667,3677.4
67.11,2331.75180201106,3677.4
67.12,2333.11009517806,3677.4
67.13,2334.57461560681,3677.4
67.14,2336.25905792478,3677.4
67.15,2338.30775599228,3677.4
67.16,2340.30183046356,3677.4
67.17,2342.86979823045,3677.4
67.18,2345.52896672877,3800.49999999982
67.19,2348.37233118072,3800.5
67.2,2351.0734348853,3800.5
67.21,2353.73568465607,3800.5
67.22,2355.97987040824,3800.5
67.23,2357.87797054688,3800.5
67.24,2359.79300798558,3800.5
67.25,2361.66572154852,3800.5
67.26,2363.09718360967,3800.5
67.27,2364.59484875665,3800.5
67.28,2365.92986114292,3691.3
67.29,2366.99111281631,3691.3
67.3,2367.97160648569,3691.3
67.31,2368.90073054097,3691.3
67.32,2369.74349796258,3691.3
67.33,2370.34685011114,3691.3
67.34,2370.94265279721,3691.3
67.35,2371.54345747202,3691.3
67.36,2372.0442077775,3691.3
67.37,2372.34587825127,3691.30000000028
67.38,2372.84376788568,3887.4
67.39,2372.76353009845,3887.4
67.4,2372.79698197828,3887.4
67.41,2372.98062747302,3887.4
67.42,2373.28626656556,3887.4
67.43,2373.30054714589,3887.4
67.44,2373.17590959583,3887.4
67.45,2373.29894193289,3887.4
67.46,2373.45234099142,3887.4
67.47,2373.2432128462,3887.4
67.48,2373.21067886499,3872.3
67.49,2373.28947273659,3872.3
67.5,2373.21107925977,3872.3
67.51,2373.10838473638,3872.3
67.52,2373.134806602,3872.3
67.53,2373.10156851124,3872.3
67.54,2373.05491754499,3872.3
67.55,2372.88971247714,3872.3
67.56,2373.0412505364,3872.3
67.57,2372.85559171877,3872.29999999957
67.58,2372.69760570425,3567.6
67.59,2372.59609815954,3567.6
67.6,2372.57045549898,3567.6
67.61,2372.29633347245,3567.6
67.62,2372.29742138472,3567.6
67.63,2372.50892796599,3567.6
67.64,2372.79334170871,3567.6
67.65,2372.9245651856,3567.6
67.66,2372.96890970576,3567.6
67.67,2373.29452397352,3567.6
67.68,2373.53171357642,3635.0999999999
67.69,2373.75358195773,3635.1
67.7,2374.25509524223,3635.1
67.71,2374.69643591847,3635.1
67.72,2375.01133907909,3635.1
67.73,2375.28887912347,3635.1
67.74,2375.68031965297,3635.1
67.75,2376.12261808532,3635.1
67.76,2376.60065049617,3635.1
67.77,2376.87930734957,3635.1
67.78,2377.29210740877,3732.4
67.79,2377.80718124878,3732.4
67.8,2378.14380651943,3732.4
67.81,2378.68323981312,3732.4
67.82,2379.10004371785,3732.4
67.83,2379.30996763032,3732.4
67.84,2379.63404749602,3732.4
67.85,2379.82500249338,3732.4
67.86,2379.66801231618,3732.4
67.87,2379.68290491105,3732.39999999966
67.88,2379.89575597171,3490.8
67.89,2379.76847749066,3490.8
67.9,2379.63200451322,3490.8
67.91,2379.7014188239,3490.8
67.92,2379.76108456762,3490.8
67.93,2379.88130861834,3490.8
67.94,2379.77928487984,3490.8
67.95,2379.44780278377,3490.8
67.96,2379.45075444255,3490.8
67.97,2379.54034454855,3490.8
67.98,2379.66775738055,3431.9
67.99,2379.77646933147,3431.9
68,2379.80591983031,3431.9
68.01,2379.88388064163,3431.9
68.02,2380.12229698917,3431.9
68.03,2380.0996404296,3431.9
68.04,2379.99406158855,3431.9
68.05,2380.0283698907,3431.9
68.06,2379.97447070298,3431.9
68.07,2379.78061608325,3431.90000000001
68.08,2379.73141321955,3438.6
68.09,2379.47578933332,3438.6
68.1,2379.26864020015,3438.6
68.11,2378.61937779373,3438.6
68.12,2377.8822371062,3438.6
68.13,2377.46254689258,3438.6
68.14,2376.97297457269,3438.6
68.15,2375.83657400717,3438.6
68.16,2375.01465989908,3438.6
68.17,2373.98171093464,3438.6
68.18,2373.00231531752,3454.99999999998
68.19,2371.514473513,3455
68.2,2369.90869191363,3455
68.21,2367.97940922229,3455
68.22,2365.8402428711,3455
68.23,2363.32504789219,3455
68.24,2360.67911878422,3455
68.25,2357.2105208376,3455
68.26,2353.74827772152,3455
68.27,2350.03271445718,3455
68.28,2345.87511459688,3446.8
68.29,2341.47372394495,3446.8
68.3,2336.94006523609,3446.8
68.31,2332.41657975066,3446.8
68.32,2327.92064957334,3446.8
68.33,2323.60375133088,3446.8
68.34,2319.17311457039,3446.8
68.35,2314.52687563952,3446.8
68.36,2310.10568375758,3446.8
68.37,2306.08771203942,3446.79999999995
68.38,2301.47886975245,3408.1
68.39,2296.9526821776,3408.1
68.4,2292.50019171818,3408.1
68.41,2288.14568628962,3408.1
68.42,2283.87032390556,3408.1
68.43,2279.54353398048,3408.1
68.44,2275.33780107956,3408.1
68.45,2271.06228902227,3408.1
68.46,2266.58708448971,3408.1
68.47,2262.33409753323,3408.1
68.48,2258.08061710047,3373.3
68.49,2253.81859717297,3373.3
68.5,2249.67767172845,3373.3
68.51,2245.46098675585,3373.3
68.52,2241.22165816854,3373.3
68.53,2237.08269115303,3373.3
68.54,2232.93500126585,3373.3
68.55,2228.67871867785,3373.3
68.56,2224.54699033806,3373.3
68.57,2220.74423374443,3373.29999999992
68.58,2216.4550690225,3319.8
68.59,2212.19802598316,3319.8
68.6,2208.08266151235,3319.8
68.61,2204.12501600737,3319.8
68.62,2199.9504284104,3319.8
68.63,2195.78060595174,3319.8
68.64,2191.82025769191,3319.8
68.65,2187.57455422782,3319.8
68.66,2183.30505496417,3319.8
68.67,2179.58188832683,3319.8
68.68,2175.8999472743,3250.2000000001
68.69,2171.83447435997,3250.2
68.7,2167.78494355684,3250.2
68.71,2163.46769706812,3250.2
68.72,2159.59379858607,3250.2
68.73,2155.67011989956,3250.2
68.74,2151.99241337009,3250.2
68.75,2147.93499561324,3250.2
68.76,2143.9942442561,3250.2
68.77,2140.02475543322,3250.2
68.78,2136.23533921737,3168
68.79,2132.45526805034,3168
68.8,2128.57132355481,3168
68.81,2124.91704304914,3168
68.82,2121.18148413653,3168
68.83,2117.52938073384,3168
68.84,2113.77086512066,3168
68.85,2109.68261133858,3168
68.86,2105.91550135976,3168
68.87,2102.00725830031,3167.99999999991
68.88,2098.31025213155,3103
68.89,2094.77481231605,3103
68.9,2091.2592720414,3103
68.91,2087.53740324258,3103
68.92,2083.92072086204,3103
68.93,2080.05662029055,3103
68.94,2076.57712976848,3103
68.95,2072.97050307529,3103
68.96,2069.13612233267,3103
68.97,2065.60253786087,3103
68.98,2061.92837970553,3030.5
68.99,2058.31596457178,3030.5
69,2054.83594257116,3030.5
69.01,2051.183948338,3030.5
69.02,2047.60501758193,3030.5
69.03,2044.07721469372,3030.5
69.04,2040.61979380813,3030.5
69.05,2037.02782108562,3030.5
69.06,2033.58462156082,3030.5
69.07,2029.99333913324,3030.49999999996
69.08,2026.4980967329,3002
69.09,2023.01724740817,3002
69.1,2019.55534582647,3002
69.11,2015.98993000339,3002
69.12,2012.54831890673,3002
69.13,2009.10477737201,3002
69.14,2005.49453997264,3002
69.15,2002.29165093702,3002
69.16,1998.83072179789,3002
69.17,1995.61827851271,3002
69.18,1992.1577295455,2992.60000000001
69.19,1988.74670178595,2992.6
69.2,1985.20344530546,2992.6
69.21,1981.96140083275,2992.6
69.22,1978.63802342725,2992.6
69.23,1975.28083359578,2992.6
69.24,1971.97113746391,2992.6
69.25,1968.51462215701,2992.6
69.26,1965.34717363985,2992.6
69.27,1961.9801337949,2992.6
69.28,1958.63511797804,2973.4
69.29,1955.31614815927,2973.4
69.3,1951.96829091823,2973.4
69.31,1948.66757953412,2973.4
69.32,1945.33119617182,2973.4
69.33,1942.28967270147,2973.4
69.34,1938.94444165582,2973.4
69.35,1935.61720480577,2973.4
69.36,1932.51510469256,2973.4
69.37,1929.42830409044,2973.39999999988
69.38,1926.26914534269,2891.9
69.39,1922.9349176988,2891.9
69.4,1919.73745097767,2891.9
69.41,1916.78066618491,2891.9
69.42,1913.62355999797,2891.9
69.43,1910.3421791442,2891.9
69.44,1907.28335728615,2891.9
69.45,1903.91603741115,2891.9
69.46,1900.76800752426,2891.9
69.47,1897.75443281726,2891.9
69.48,1894.65773106237,2777.50000000016
69.49,1891.58478844721,2777.5
69.5,1888.57326879851,2777.5
69.51,1885.66348280063,2777.5
69.52,1882.61000247867,2777.5
69.53,1879.71595561258,2777.5
69.54,1876.73955927015,2777.5
69.55,1874.17044487075,2777.5
69.56,1871.53741780774,2777.5
69.57,1868.45835842821,2777.49999999994
69.58,1865.82227358813,2738.9
69.59,1863.13609299087,2738.9
69.6,1861.04131693522,2738.9
69.61,1858.93541220838,2738.9
69.62,1857.52288616006,2738.9
69.63,1856.41920292459,2738.9
69.64,1855.93563399356,2738.9
69.65,1855.60681614758,2738.9
69.66,1855.55812965632,2738.9
69.67,1856.04792574315,2738.9
69.68,1857.11690402844,2730.80000000001
69.69,1858.54509700622,2730.8
69.7,1860.37475767856,2730.8
69.71,1862.2898838546,2730.8
69.72,1864.07014498688,2730.8
69.73,1866.52714019648,2730.8
69.74,1869.03666107928,2730.8
69.75,1871.88005383977,2730.8
69.76,1875.01067538136,2730.8
69.77,1878.41497223446,2730.8
69.78,1881.94561639802,2878
69.79,1885.64366001151,2878
69.8,1889.52041913179,2878
69.81,1893.20887832623,2878
69.82,1897.07389306268,2878
69.83,1900.75820218282,2878
69.84,1904.71020088217,2878
69.85,1908.7467985302,2878
69.86,1912.24007346968,2878
69.87,1915.98682706713,2878.00000000015
69.88,1919.61117302055,2986.2
69.89,1923.18626348392,2986.2
69.9,1926.95654568483,2986.2
69.91,1930.77592891301,2986.2
69.92,1934.51094732139,2986.2
69.93,1938.28142310343,2986.2
69.94,1941.95234066488,2986.2
69.95,1945.57029201152,2986.2
69.96,1949.11930403217,2986.2
69.97,1952.79954686741,2986.2
69.98,1956.3100496012,3113.89999999982
69.99,1959.64764213712,3113.9
70,1963.4785441979,3113.9
70.01,1966.93935949828,3113.9
70.02,1970.31206780236,3113.9
70.03,1973.44241237723,3113.9
70.04,1976.64255289447,3113.9
70.05,1979.81670122891,3113.9
70.06,1983.02368714748,3113.9
70.07,1986.1041827762,3113.89999999972
70.08,1989.08848827181,2920.6
70.09,1991.94825807718,2920.6
70.1,1994.5926437228,2920.6
70.11,1996.82855661434,2920.6
70.12,1998.93746653933,2920.6
70.13,2000.54776359154,2920.6
70.14,2001.76459259446,2920.6
70.15,2002.20345928032,2920.6
70.16,2002.61032620148,2920.6
70.17,2002.42999637332,2920.6
70.18,2002.02539505311,2885.60000000005
70.19,2001.32866504848,2885.6
70.2,2000.5171731982,2885.6
70.21,1999.72838649793,2885.6
70.22,1999.2881848152,2885.6
70.23,1998.56090776714,2885.6
70.24,1998.08631538386,2885.6
70.25,1997.76546844399,2885.6
70.26,1997.56626718006,2885.6
70.27,1997.37593338267,2885.6
70.28,1997.33296130275,2882.4
70.29,1997.39105132805,2882.4
70.3,1997.29487510208,2882.4
70.31,1997.42764571037,2882.4
70.32,1997.44940313785,2882.4
70.33,1997.75162115878,2882.4
70.34,1997.94682522367,2882.4
70.35,1997.86653249626,2882.4
70.36,1997.76695468551,2882.4
70.37,1997.63309778737,2882.40000000002
70.38,1997.92984174555,2894.4
70.39,1998.11827109434,2894.4
70.4,1998.22156886441,2894.4
70.41,1998.1070626767,2894.4
70.42,1998.1723407112,2894.4
70.43,1998.64080295577,2894.4
70.44,1998.84048259565,2894.4
70.45,1998.92202968334,2894.4
70.46,1999.19517069229,2894.4
70.47,1999.25018904145,2894.4
70.48,1999.60906904711,2908.79999999998
70.49,2000.11137374231,2908.8
70.5,2000.56814533595,2908.8
70.51,2000.72251227592,2908.8
70.52,2000.4967944767,2908.8
70.53,2001.05009173057,2908.8
70.54,2001.71672405914,2908.8
70.55,2001.92244434519,2908.8
70.56,2001.81270391855,2908.8
70.57,2002.05903326168,2908.80000000001
70.58,2002.35235562582,2914.4
70.59,2002.17721378625,2914.4
70.6,2002.3780548766,2914.4
70.61,2002.70019322217,2914.4
70.62,2003.06445186923,2914.4
70.63,2003.55830711893,2914.4
70.64,2004.01395031947,2914.4
70.65,2004.6561248485,2914.4
70.66,2005.27949653583,2914.4
70.67,2006.04502068325,2914.4
70.68,2006.94594679649,2945.49999999996
70.69,2007.80338410956,2945.5
70.7,2008.72303164655,2945.5
70.71,2009.90806319133,2945.5
70.72,2011.14506003603,2945.5
70.73,2012.39685915958,2945.5
70.74,2013.70427709702,2945.5
70.75,2015.19075691669,2945.5
70.76,2016.71025071504,2945.5
70.77,2018.39834259345,2945.5
70.78,2020.18819382167,2943.1
70.79,2021.98522121061,2943.1
70.8,2023.76651671323,2943.1
70.81,2025.23680130777,2943.1
70.82,2026.7835535765,2943.1
70.83,2027.95321912655,2943.1
70.84,2029.18667476694,2943.1
70.85,2030.00562396664,2943.1
70.86,2030.703213633,2943.1
70.87,2031.36417061354,2943.10000000001
70.88,2031.92566703538,2949.7
70.89,2032.16719093862,2949.7
70.9,2032.25141676263,2949.7
70.91,2032.50663704559,2949.7
70.92,2032.24813423657,2949.7
70.93,2031.68516728498,2949.7
70.94,2031.34383427678,2949.7
70.95,2030.75556972624,2949.7
70.96,2029.83045374365,2949.7
70.97,2028.86436625687,2949.7
70.98,2027.88910675856,2956.99999999999
70.99,2026.3809464891,2957
71,2025.1866340169,2957
71.01,2023.89112151649,2957
71.02,2022.57239721575,2957
71.03,2021.15803885609,2957
71.04,2019.80875665363,2957
71.05,2018.84591568625,2957
71.06,2017.78454450964,2957
71.07,2016.34894423604,2957.00000000002
71.08,2015.06309329968,2969.3
71.09,2013.90803883059,2969.3
71.1,2012.82645226356,2969.3
71.11,2011.99633785372,2969.3
71.12,2010.9923420902,2969.3
71.13,2010.19101290449,2969.3
71.14,2009.64584838253,2969.3
71.15,2009.19176606854,2969.3
71.16,2008.74465424272,2969.3
71.17,2008.39532770318,2969.3
71.18,2008.14210765277,2979.19999999999
71.19,2008.2313636888,2979.2
71.2,2008.19954100455,2979.2
71.21,2008.25471927671,2979.2
71.22,2008.12784598689,2979.2
71.23,2007.96756773757,2979.2
71.24,2008.19980857608,2979.2
71.25,2008.46465888623,2979.2
71.26,2008.49510189363,2979.2
71.27,2008.65385683081,2979.2
71.28,2009.12972853686,3061.4
71.29,2009.1686326846,3061.4
71.3,2009.58093570672,3061.4
71.31,2009.98029765252,3061.4
71.32,2010.69238608577,3061.4
71.33,2011.55488453106,3061.4
71.34,2012.44520535852,3061.4
71.35,2013.69714972497,3061.4
71.36,2014.86518143157,3061.4
71.37,2016.27289343379,3061.40000000009
71.38,2017.93718852548,3125.6
71.39,2019.64210755849,3125.6
71.4,2021.44968882381,3125.6
71.41,2023.28074276899,3125.6
71.42,2025.59377052838,3125.6
71.43,2027.98849371007,3125.6
71.44,2030.74550788653,3125.6
71.45,2033.91087565727,3125.6
71.46,2036.87201550163,3125.6
71.47,2039.99899171868,3125.6
71.48,2043.32040022084,3169.09999999994
71.49,2046.78418595768,3169.1
71.5,2050.39283534034,3169.1
71.51,2054.09760937285,3169.1
71.52,2057.58662218757,3169.1
71.53,2060.99908477149,3169.1
71.54,2064.36920089413,3169.1
71.55,2067.60956434095,3169.1
71.56,2071.05180170011,3169.1
71.57,2074.20042052777,3169.09999999996
71.58,2077.24730596458,3137.5
71.59,2080.42817341916,3137.5
71.6,2083.74676924385,3137.5
71.61,2087.04839625781,3137.5
71.62,2090.2620527236,3137.5
71.63,2093.52821709884,3137.5
71.64,2096.44090881607,3137.5
71.65,2099.62897357632,3137.5
71.66,2102.5379735286,3137.5
71.67,2105.75627922185,3137.5
71.68,2108.75705703252,3129.70000000001
71.69,2111.84960140841,3129.7
71.7,2114.68561538108,3129.7
71.71,2117.5054593814,3129.7
71.72,2120.3107094193,3129.7
71.73,2123.27403326689,3129.7
71.74,2125.85457105841,3129.7
71.75,2128.43620664115,3129.7
71.76,2130.58288783174,3129.7
71.77,2132.82532773217,3129.7
71.78,2134.97509367511,3213.3
71.79,2137.05106560836,3213.3
71.8,2138.6896372198,3213.3
71.81,2140.28862469136,3213.3
71.82,2141.79551929035,3213.3
71.83,2143.37482315318,3213.3
71.84,2144.44725809576,3213.3
71.85,2145.2794604647,3213.3
71.86,2146.23831595287,3213.3
71.87,2146.74386468496,3213.29999999986
71.88,2147.20135189019,3114.3
71.89,2147.47342193773,3114.3
71.9,2148.13075555363,3114.3
71.91,2148.73200327648,3114.3
71.92,2149.44653192828,3114.3
71.93,2150.47055033594,3114.3
71.94,2151.49656477197,3114.3
71.95,2152.91413504365,3114.3
71.96,2154.32336516979,3114.3
71.97,2155.87568862144,3114.3
71.98,2157.66620018515,3116.7
71.99,2159.73796289451,3116.7
72,2162.02554452321,3116.7
72.01,2164.42618981504,3116.7
72.02,2166.96229522019,3116.7
72.03,2169.85338637662,3116.7
72.04,2173.38389909229,3116.7
72.05,2176.82686461839,3116.7
72.06,2180.82167184622,3116.7
72.07,2184.59528006625,3116.70000000004
72.08,2188.82748056596,3146.5
72.09,2193.37339449776,3146.5
72.1,2197.97345519862,3146.5
72.11,2202.84050761844,3146.5
72.12,2207.80679334797,3146.5
72.13,2212.95488738158,3146.5
72.14,2218.22249054394,3146.5
72.15,2223.54232301089,3146.5
72.16,2228.89345697759,3146.5
72.17,2234.52236947382,3146.5
72.18,2240.04598846404,3204.79999999992
72.19,2245.9274952436,3204.8
72.2,2251.69582413802,3204.8
72.21,2257.58841071271,3204.8
72.22,2263.47521468258,3204.8
72.23,2269.2384149042,3204.8
72.24,2275.14944727587,3204.8
72.25,2281.11010394203,3204.8
72.26,2286.7893324734,3204.8
72.27,2292.58153153877,3204.8
72.28,2298.25095713058,3250.5
72.29,2304.27227076329,3250.5
72.3,2309.53472862022,3250.5
72.31,2315.71869946108,3250.5
72.32,2321.31211919832,3250.5
72.33,2326.90500962001,3250.5
72.34,2332.67297757554,3250.5
72.35,2338.46131070283,3250.5
72.36,2344.2581133165,3250.5
72.37,2349.96859865525,3250.50000000005
72.38,2355.62907771035,3285.9
72.39,2361.18256908338,3285.9
72.4,2366.96046386204,3285.9
72.41,2372.87893871782,3285.9
72.42,2378.9726155527,3285.9
72.43,2384.89897196539,3285.9
72.44,2390.91673229835,3285.9
72.45,2396.96606065152,3285.9
72.46,2403.29416061394,3285.9
72.47,2409.65327105472,3285.9
72.48,2415.96643568745,3331.19999999994
72.49,2422.38605798292,3331.2
72.5,2428.64530785967,3331.2
72.51,2435.36280842051,3331.2
72.52,2442.10587997339,3331.2
72.53,2448.50983801306,3331.2
72.54,2454.7382362841,3331.2
72.55,2461.01171435507,3331.2
72.56,2467.00839717107,3331.2
72.57,2473.47755142161,3331.2
72.58,2479.66654689595,3333
72.59,2485.98377408669,3333
72.6,2492.48100998087,3333
72.61,2498.5328215823,3333
72.62,2504.9430273607,3333
72.63,2510.83425176628,3333
72.64,2517.14650667178,3333
72.65,2523.77139655989,3333
72.66,2530.13020956451,3333
72.67,2536.38866518914,3333
72.68,2542.388917639,3354.09999999997
72.69,2548.72936543699,3354.1
72.7,2555.25284907382,3354.1
72.71,2561.91841966504,3354.1
72.72,2568.36018848454,3354.1
72.73,2575.43952238734,3354.1
72.74,2582.43153937097,3354.1
72.75,2589.37178735758,3354.1
72.76,2597.18965668698,3354.1
72.77,2604.80979929247,3354.1
72.78,2612.56697494875,3399.9
72.79,2620.61509116497,3399.9
72.8,2628.46166077343,3399.9
72.81,2636.67179326507,3399.9
72.82,2645.44881683317,3399.9
72.83,2654.28732456379,3399.9
72.84,2663.86676746252,3399.9
72.85,2673.6549960977,3399.9
72.86,2683.10097233107,3399.9
72.87,2693.4204551217,3399.90000000013
72.88,2703.2717187677,3490
72.89,2713.97376750728,3490
72.9,2724.46808711829,3490
72.91,2734.69005201887,3490
72.92,2745.05255947106,3490
72.93,2755.02423953909,3490
72.94,2765.7804166453,3490
72.95,2775.97134077936,3490
72.96,2786.39855592217,3490
72.97,2796.85462885417,3490
72.98,2806.44559139334,3654.99999999977
72.99,2816.42432667516,3655
73,2826.50977531767,3655
73.01,2836.62523870734,3655
73.02,2846.37257262532,3655
73.03,2856.42161193162,3655
73.04,2863.73215247654,3655
73.05,2871.5943957119,3655
73.06,2880.37323643874,3655
73.07,2889.68289213276,3655.00000000018
73.08,2899.18182123421,3783.6
73.09,2907.767566178,3783.6
73.1,2916.57164632102,3783.6
73.11,2925.51568713407,3783.6
73.12,2934.15071876689,3783.6
73.13,2942.91927617342,3783.6
73.14,2951.70498183958,3783.6
73.15,2960.60646546419,3783.6
73.16,2968.9025589294,3783.6
73.17,2977.97431170173,3783.6
73.18,2986.91294419324,3844.59999999991
73.19,2995.85253651061,3844.6
73.2,3004.73281135308,3844.6
73.21,3013.48379178384,3844.6
73.22,3021.90486626346,3844.6
73.23,3030.85075044621,3844.6
73.24,3040.63573804527,3844.6
73.25,3050.5228551228,3844.6
73.26,3059.78774467093,3844.6
73.27,3068.47564944316,3844.6
73.28,3077.6926675701,3814.1
73.29,3086.52258243227,3814.1
73.3,3094.33972181344,3814.1
73.31,3102.52040533124,3814.1
73.32,3111.47942970649,3814.1
73.33,3121.55246261245,3814.1
73.34,3131.20524605078,3814.1
73.35,3141.54187192458,3814.1
73.36,3152.60592076327,3814.1
73.37,3163.34122936412,3814.10000000007
73.38,3173.20506562639,3864.6
73.39,3183.80409192155,3864.6
73.4,3194.94353488681,3864.6
73.41,3204.97821754826,3864.6
73.42,3217.44929839778,3864.6
73.43,3229.46432866386,3864.6
73.44,3241.73617450157,3864.6
73.45,3254.32725515383,3864.6
73.46,3266.44643355429,3864.6
73.47,3279.59846081346,3864.6
73.48,3293.26857645118,4130.49999999962
73.49,3306.36313546847,4130.5
73.5,3320.14953140535,4130.5
73.51,3332.971695593,4130.5
73.52,3346.53698646361,4130.5
73.53,3359.53286389238,4130.5
73.54,3372.06453057681,4130.5
73.55,3385.08363924762,4130.5
73.56,3397.33550195878,4130.5
73.57,3409.86253025054,4130.5
73.58,3422.34251144846,4129.9
73.59,3434.70377053394,4129.9
73.6,3446.46616472277,4129.9
73.61,3457.75604894543,4129.9
73.62,3468.82512431102,4129.9
73.63,3479.50765308956,4129.9
73.64,3489.37355941558,4129.9
73.65,3499.28180840985,4129.9
73.66,3508.93645196044,4129.9
73.67,3517.97052759655,4129.9
73.68,3526.75405308939,4082.60000000007
73.69,3534.95105173986,4082.6
73.7,3543.48445366383,4082.6
73.71,3551.99667773941,4082.6
73.72,3560.37989447313,4082.6
73.73,3568.91443805914,4082.6
73.74,3577.60843627457,4082.6
73.75,3586.39854075163,4082.6
73.76,3594.89314402277,4082.6
73.77,3603.48075739413,4082.6
73.78,3612.24117195592,4065.2
73.79,3621.36409800582,4065.2
73.8,3630.67197443289,4065.2
73.81,3640.29598934773,4065.2
73.82,3649.82258330775,4065.2
73.83,3659.39600239159,4065.2
73.84,3668.96383949916,4065.2
73.85,3678.91205921987,4065.2
73.86,3689.43077826991,4065.2
73.87,3699.86864704817,4065.20000000001
73.88,3711.06701193051,4074.8
73.89,3722.34945252413,4074.8
73.9,3733.49353877209,4074.8
73.91,3743.64611258466,4074.8
73.92,3753.58715729969,4074.8
73.93,3762.95303777152,4074.8
73.94,3771.77757455815,4074.8
73.95,3779.86312447535,4074.8
73.96,3787.72110071841,4074.8
73.97,3795.07716096835,4074.8
73.98,3801.87873025757,4153.79999999989
73.99,3808.21250594233,4153.8
74,3812.84139062353,4153.8
74.01,3816.01411405396,4153.8
74.02,3816.83178002153,4153.8
74.03,3816.25873997986,4153.8
74.04,3814.05122836254,4153.8
74.05,3810.01733936007,4153.8
74.06,3804.6203240534,4153.8
74.07,3797.07564175208,4153.80000000003
74.08,3787.71015093337,4176.4
74.09,3777.11204398999,4176.4
74.1,3765.97995824478,4176.4
74.11,3754.80578432148,4176.4
74.12,3743.32787808185,4176.4
74.13,3732.2582899585,4176.4
74.14,3721.33692473636,4176.4
74.15,3710.66228199576,4176.4
74.16,3700.25268984947,4176.4
74.17,3689.60011331521,4176.4
74.18,3678.88175306115,3997.90000000025
74.19,3668.15105996153,3997.9
74.2,3657.38349127734,3997.9
74.21,3646.7797247745,3997.9
74.22,3636.16225371175,3997.9
74.23,3625.83068571668,3997.9
74.24,3615.32940148462,3997.9
74.25,3604.96259613072,3997.9
74.26,3594.63671998519,3997.9
74.27,3584.57324623886,3997.9
74.28,3574.40765816293,3641.2
74.29,3564.26207885591,3641.2
74.3,3554.03264360167,3641.2
74.31,3543.85916869699,3641.2
74.32,3533.91780597785,3641.2
74.33,3524.28488235791,3641.2
74.34,3514.51435029187,3641.2
74.35,3504.65684758495,3641.2
74.36,3494.7268667764,3641.2
74.37,3485.17088711127,3641.19999999884
74.38,3475.51106167432,2827.5
74.39,3465.86260717899,2827.5
74.4,3456.27944664486,2827.5
74.41,3446.51031050139,2827.5
74.42,3436.91438466973,2827.5
74.43,3427.57427940071,2827.5
74.44,3418.48186902195,2827.5
74.45,3408.99334391838,2827.5
74.46,3399.82499710457,2827.5
74.47,3390.76107243552,2827.5
74.48,3381.16696799408,2867.09999999994
74.49,3372.05174356799,2867.1
74.5,3362.98723886862,2867.1
74.51,3353.45132461498,2867.1
74.52,3344.74189837793,2867.1
74.53,3335.44408506818,2867.1
74.54,3327.07514783663,2867.1
74.55,3317.62411289209,2867.1
74.56,3308.54548854183,2867.1
74.57,3299.90085842681,2867.10000000026
74.58,3291.25248399449,3048.2
74.59,3282.69728766609,3048.2
74.6,3273.89465882778,3048.2
74.61,3265.63013550086,3048.2
74.62,3257.27029751357,3048.2
74.63,3248.19672788623,3048.2
74.64,3240.26028933611,3048.2
74.65,3232.80069241208,3048.2
74.66,3224.9695219602,3048.2
74.67,3216.48845212099,3048.2
74.68,3209.18878715955,3111.49999999991
74.69,3202.53924341858,3111.5
74.7,3198.19805059018,3111.5
74.71,3192.3015181399,3111.5
74.72,3186.05663457459,3111.5
74.73,3178.54475188696,3111.5
74.74,3170.63924908601,3111.5
74.75,3162.31981240965,3111.5
74.76,3153.61597107794,3111.5
74.77,3145.04681869648,3111.5
74.78,3137.06489526426,3140.8
74.79,3130.48489854724,3140.8
74.8,3124.12439464374,3140.8
74.81,3116.88228197407,3140.8
74.82,3109.23978327203,3140.8
74.83,3101.7340171869,3140.8
74.84,3094.13079921434,3140.8
74.85,3086.72348257686,3140.8
74.86,3079.33556332351,3140.8
74.87,3072.17601076741,3140.80000000011
74.88,3064.63923226101,3219.1
74.89,3057.16204527753,3219.1
74.9,3050.16718107404,3219.1
74.91,3043.27554789823,3219.1
74.92,3037.08211835628,3219.1
74.93,3029.42646223003,3219.1
74.94,3021.78762604709,3219.1
74.95,3014.26505161744,3219.1
74.96,3007.17196237544,3219.1
74.97,2999.72727178244,3219.1
74.98,2992.42479128445,3185.70000000005
74.99,2985.27264162036,3185.7
75,2978.41186437403,3185.7
75.01,2972.13635997554,3185.7
75.02,2965.18500250492,3185.7
75.03,2958.80720573186,3185.7
75.04,2952.35254042462,3185.7
75.05,2945.40242257144,3185.7
75.06,2938.65323823703,3185.7
75.07,2932.3870071775,3185.69999999993
75.08,2924.61473993033,3138.9
75.09,2917.99334952339,3138.9
75.1,2911.41578747352,3138.9
75.11,2904.66960919457,3138.9
75.12,2897.87795345181,3138.9
75.13,2891.07579543698,3138.9
75.14,2884.49476560924,3138.9
75.15,2877.70219536113,3138.9
75.16,2870.7719271289,3138.9
75.17,2863.88553394418,3138.9
75.18,2857.07052298584,3094.40000000006
75.19,2850.31004329327,3094.4
75.2,2844.03038952217,3094.4
75.21,2837.60199938596,3094.4
75.22,2831.11952949075,3094.4
75.23,2824.46996277641,3094.4
75.24,2818.00898744748,3094.4
75.25,2811.79362568178,3094.4
75.26,2805.51592239998,3094.4
75.27,2799.05663682763,3094.4
75.28,2792.37031919886,3030.9
75.29,2786.12353834732,3030.9
75.3,2779.37194651852,3030.9
75.31,2772.97552726712,3030.9
75.32,2766.55421560116,3030.9
75.33,2760.4467996292,3030.9
75.34,2754.15727180346,3030.9
75.35,2747.88834036151,3030.9
75.36,2741.90546270772,3030.9
75.37,2735.99908914957,3030.89999999987
75.38,2729.5297481393,2940.1
75.39,2723.31785491115,2940.1
75.4,2717.08317927725,2940.1
75.41,2711.08842807911,2940.1
75.42,2705.30520699896,2940.1
75.43,2699.23780905822,2940.1
75.44,2693.57621380448,2940.1
75.45,2687.69042273872,2940.1
75.46,2681.77149382591,2940.1
75.47,2676.06475908342,2940.1
75.48,2669.87371458525,2863.20000000011
75.49,2663.69488621084,2863.2
75.5,2657.94773498906,2863.2
75.51,2652.20768139045,2863.2
75.52,2646.37955572556,2863.2
75.53,2640.86127424654,2863.2
75.54,2635.07267648235,2863.2
75.55,2629.20539038941,2863.2
75.56,2623.49878527492,2863.2
75.57,2617.94548494491,2863.19999999996
75.58,2612.5254697549,2832.4
75.59,2606.51734469899,2832.4
75.6,2601.10233085355,2832.4
75.61,2595.45452684463,2832.4
75.62,2590.07881240686,2832.4
75.63,2584.38180002028,2832.4
75.64,2579.13069410017,2832.4
75.65,2573.70766105542,2832.4
75.66,2568.4801898534,2832.4
75.67,2562.79421098913,2832.4
75.68,2557.59199391578,2743.40000000013
75.69,2552.24634060157,2743.4
75.7,2546.96847162827,2743.4
75.71,2541.6216462252,2743.4
75.72,2536.24444336908,2743.4
75.73,2530.94102022062,2743.4
75.74,2525.49866254593,2743.4
75.75,2520.29884188331,2743.4
75.76,2515.0600027692,2743.4
75.77,2509.92205709397,2743.4
75.78,2504.75339252072,2701.8
75.79,2499.53466309693,2701.8
75.8,2494.29733609976,2701.8
75.81,2489.13121111214,2701.8
75.82,2484.02908636592,2701.8
75.83,2478.93839221947,2701.8
75.84,2473.66491944963,2701.8
75.85,2468.83412278346,2701.8
75.86,2463.91784124558,2701.8
75.87,2458.77221323028,2701.79999999994
75.88,2453.82280756308,2661.7
75.89,2448.77597155841,2661.7
75.9,2443.92919805266,2661.7
75.91,2439.10904074433,2661.7
75.92,2434.13824173437,2661.7
75.93,2428.94731770079,2661.7
75.94,2424.29783489772,2661.7
75.95,2419.31123077828,2661.7
75.96,2414.66082170869,2661.7
75.97,2409.8238950275,2661.7
75.98,2404.8829658922,2609.70000000007
75.99,2400.11933466181,2609.7
76,2395.47337510346,2609.7
76.01,2390.80337141208,2609.7
76.02,2386.03532199858,2609.7
76.03,2381.35805063078,2609.7
76.04,2376.51597340866,2609.7
76.05,2371.83502072032,2609.7
76.06,2367.31901656454,2609.7
76.07,2362.76646655521,2609.69999999993
76.08,2357.83296149864,2561.4
76.09,2353.51652543932,2561.4
76.1,2349.21933348026,2561.4
76.11,2345.13937612926,2561.4
76.12,2341.39974985853,2561.4
76.13,2338.14873415768,2561.4
76.14,2335.10887874208,2561.4
76.15,2332.49503959559,2561.4
76.16,2329.96863048412,2561.4
76.17,2327.84710510941,2561.4
76.18,2326.21530072121,2524.20000000005
76.19,2324.64664802431,2524.2
76.2,2323.46823462647,2524.2
76.21,2321.77070828174,2524.2
76.22,2319.92536610914,2524.2
76.23,2317.91162818672,2524.2
76.24,2315.5607700333,2524.2
76.25,2313.14098798881,2524.2
76.26,2310.58173894292,2524.2
76.27,2307.83928928416,2524.2
76.28,2304.63749033953,2565.2
76.29,2301.43842967745,2565.2
76.3,2298.25729639075,2565.2
76.31,2294.66027002389,2565.2
76.32,2291.04567471394,2565.2
76.33,2287.46064313134,2565.2
76.34,2283.87919813459,2565.2
76.35,2280.06690072748,2565.2
76.36,2276.08910644795,2565.2
76.37,2272.02057361388,2565.19999999993
76.38,2267.91188947905,2518.8
76.39,2263.70957586322,2518.8
76.4,2259.34367615439,2518.8
76.41,2255.14741222518,2518.8
76.42,2250.94136747731,2518.8
76.43,2246.73419383157,2518.8
76.44,2242.5344428006,2518.8
76.45,2238.34235061357,2518.8
76.46,2233.87641028847,2518.8
76.47,2229.91988000906,2518.8
76.48,2225.85187027883,2437.60000000012
76.49,2221.72688623404,2437.6
76.5,2217.49119146707,2437.6
76.51,2213.48187346635,2437.6
76.52,2209.36896339268,2437.6
76.53,2205.3130676002,2437.6
76.54,2201.26011945482,2437.6
76.55,2197.26418762124,2437.6
76.56,2193.19344423826,2437.6
76.57,2189.31227410895,2437.6
76.58,2185.30658628281,2436
76.59,2181.62714725711,2436
76.6,2178.00311785704,2436
76.61,2174.12765215629,2436
76.62,2170.36396717525,2436
76.63,2166.63903293181,2436
76.64,2163.19857843257,2436
76.65,2159.81783958778,2436
76.66,2156.17801721444,2436
76.67,2152.7961948953,2436
76.68,2149.79783683603,2425.30000000001
76.69,2147.00272242582,2425.3
76.7,2143.95612711006,2425.3
76.71,2140.92719125894,2425.3
76.72,2138.16636321283,2425.3
76.73,2135.23262572174,2425.3
76.74,2132.04811107764,2425.3
76.75,2129.09843422414,2425.3
76.76,2126.16449263034,2425.3
76.77,2123.31654706975,2425.3
76.78,2120.29851149132,2410.2
76.79,2117.58849211517,2410.2
76.8,2114.88152516154,2410.2
76.81,2111.93384587435,2410.2
76.82,2109.27486328836,2410.2
76.83,2106.04236545738,2410.2
76.84,2102.72954441833,2410.2
76.85,2100.01522210832,2410.2
76.86,2097.41834091864,2410.2
76.87,2094.57168022344,2410.20000000002
76.88,2091.67458257496,2426.3
76.89,2088.92774254212,2426.3
76.9,2085.96225236585,2426.3
76.91,2083.07914631768,2426.3
76.92,2080.21953511809,2426.3
76.93,2077.43405072401,2426.3
76.94,2074.41291231007,2426.3
76.95,2071.67482260121,2426.3
76.96,2068.71544223341,2426.3
76.97,2065.94375546286,2426.3
76.98,2063.30578051337,2386.50000000006
76.99,2060.60226468453,2386.5
77,2057.91137765755,2386.5
77.01,2055.76485289751,2386.5
77.02,2053.6837955404,2386.5
77.03,2051.88495038196,2386.5
77.04,2050.3759456943,2386.5
77.05,2049.09603172139,2386.5
77.06,2048.09538319482,2386.5
77.07,2047.3662530562,2386.5
77.08,2046.80256067437,2389.3
77.09,2046.49103401999,2389.3
77.1,2046.22939073067,2389.3
77.11,2046.00517284092,2389.3
77.12,2045.39106781666,2389.3
77.13,2044.83031564244,2389.3
77.14,2043.93417878741,2389.3
77.15,2043.38780126469,2389.3
77.16,2042.67604718036,2389.3
77.17,2041.67843360251,2389.3
77.18,2040.68941382211,2396.09999999999
77.19,2039.38172117786,2396.1
77.2,2037.96983618598,2396.1
77.21,2036.49520440998,2396.1
77.22,2034.90550717143,2396.1
77.23,2033.07893158345,2396.1
77.24,2031.14354129305,2396.1
77.25,2029.01210511317,2396.1
77.26,2026.99511478041,2396.1
77.27,2024.7443248567,2396.1
77.28,2022.04228301087,2384.3
77.29,2019.49848497999,2384.3
77.3,2016.95529715466,2384.3
77.31,2014.6044526051,2384.3
77.32,2012.13300359645,2384.3
77.33,2009.61891614493,2384.3
77.34,2007.43787022599,2384.3
77.35,2005.20414844223,2384.3
77.36,2003.31171683136,2384.3
77.37,2001.34531480012,2384.29999999998
77.38,1999.76638036406,2368.7
77.39,1998.07069385504,2368.7
77.4,1996.22461200879,2368.7
77.41,1994.90035706308,2368.7
77.42,1993.70412643981,2368.7
77.43,1992.96973179883,2368.7
77.44,1992.2445224865,2368.7
77.45,1991.70330411628,2368.7
77.46,1991.38210087828,2368.7
77.47,1991.269486975,2368.7
77.48,1991.48973412963,2357.50000000002
77.49,1991.8857487624,2357.5
77.5,1992.57838504257,2357.5
77.51,1993.40476963042,2357.5
77.52,1994.32106960204,2357.5
77.53,1995.86945323049,2357.5
77.54,1997.57164973311,2357.5
77.55,1999.48477452145,2357.5
77.56,2001.41915934594,2357.5
77.57,2003.85451403744,2357.50000000006
77.58,2006.41736200884,2402
77.59,2009.40594623754,2402
77.6,2012.31070307595,2402
77.61,2014.83399625891,2402
77.62,2017.52274855054,2402
77.63,2019.88611013654,2402
77.64,2022.04526396329,2402
77.65,2024.0610771459,2402
77.66,2025.83196275808,2402
77.67,2027.54792527238,2402
77.68,2029.23747507467,2393.40000000001
77.69,2030.36547658067,2393.4
77.7,2031.85735470007,2393.4
77.71,2033.61305236864,2393.4
77.72,2035.19186449941,2393.4
77.73,2036.61238592209,2393.4
77.74,2038.6847877417,2393.4
77.75,2040.83207040064,2393.4
77.76,2043.2288648517,2393.4
77.77,2045.56463373264,2393.4
77.78,2048.22058149653,2398.7
77.79,2050.95687058169,2398.7
77.8,2053.93125151135,2398.7
77.81,2056.69001392424,2398.7
77.82,2059.79183832433,2398.7
77.83,2062.49394157753,2398.7
77.84,2065.2688302247,2398.7
77.85,2068.41906913506,2398.7
77.86,2071.32258528101,2398.7
77.87,2074.26341134365,2398.70000000005
77.88,2077.24115343049,2431.8
77.89,2080.31506791775,2431.8
77.9,2083.3942769293,2431.8
77.91,2086.34529126654,2431.8
77.92,2089.15617943259,2431.8
77.93,2092.16017635291,2431.8
77.94,2094.78872077808,2431.8
77.95,2097.59741035446,2431.8
77.96,2099.98487714008,2431.8
77.97,2102.55329758246,2431.8
77.98,2104.67999335375,2441.69999999999
77.99,2107.07863065284,2441.7
78,2109.17910206206,2441.7
78.01,2111.49413874215,2441.7
78.02,2113.67398695152,2441.7
78.03,2116.00502536719,2441.7
78.04,2118.14314084267,2441.7
78.05,2120.29826274784,2441.7
78.06,2122.27957452774,2441.7
78.07,2124.36904588301,2441.70000000002
78.08,2126.31959165409,2458.4
78.09,2128.32456282129,2458.4
78.1,2130.25802688968,2458.4
78.11,2131.94134328697,2458.4
78.12,2133.5399469213,2458.4
78.13,2135.24209625634,2458.4
78.14,2136.57589039779,2458.4
78.15,2137.799728429,2458.4
78.16,2138.80735858188,2458.4
78.17,2139.77068220127,2458.4
78.18,2140.7274671738,2467.69999999999
78.19,2141.51447830431,2467.7
78.2,2142.30296780332,2467.7
78.21,2143.09745687147,2467.7
78.22,2144.02407532148,2467.7
78.23,2144.81128949156,2467.7
78.24,2145.24225718872,2467.7
78.25,2146.19806980747,2467.7
78.26,2147.19721745776,2467.7
78.27,2148.04488789949,2467.7
78.28,2148.97359473578,2477.2
78.29,2149.98540745923,2477.2
78.3,2151.20017768123,2477.2
78.31,2152.61026015874,2477.2
78.32,2154.1477479818,2477.2
78.33,2155.72423705743,2477.2
78.34,2157.94795740879,2477.2
78.35,2160.17579493577,2477.2
78.36,2162.39186382871,2477.2
78.37,2164.86051536836,2477.20000000006
78.38,2167.60894757165,2519.1
78.39,2170.7428134875,2519.1
78.4,2173.58011408576,2519.1
78.41,2176.263243698,2519.1
78.42,2178.79990720924,2519.1
78.43,2181.86391808075,2519.1
78.44,2184.41572962331,2519.1
78.45,2187.10735522695,2519.1
78.46,2189.57819653503,2519.1
78.47,2192.1572889423,2519.1
78.48,2194.47317255299,2514.20000000001
78.49,2196.65404413659,2514.2
78.5,2199.10700947919,2514.2
78.51,2201.19475565724,2514.2
78.52,2203.55946619575,2514.2
78.53,2205.88866978112,2514.2
78.54,2208.11769073877,2514.2
78.55,2210.18156997371,2514.2
78.56,2212.16445976601,2514.2
78.57,2214.42778609767,2514.19999999997
78.58,2216.49440980231,2492.5
78.59,2218.41550671106,2492.5
78.6,2220.64204231609,2492.5
78.61,2222.7358477711,2492.5
78.62,2224.30232626552,2492.5
78.63,2225.73833050139,2492.5
78.64,2227.1102636223,2492.5
78.65,2228.05567141042,2492.5
78.66,2229.27502362273,2492.5
78.67,2230.08616193577,2492.5
78.68,2230.88252249192,2502.39999999999
78.69,2231.72851912431,2502.4
78.7,2232.28774229345,2502.4
78.71,2232.49806056969,2502.4
78.72,2232.596743051,2502.4
78.73,2232.63762708316,2502.4
78.74,2232.44676706847,2502.4
78.75,2231.98578869659,2502.4
78.76,2231.21528995186,2502.4
78.77,2230.52469266291,2502.4
78.78,2229.48217138087,2519.4
78.79,2228.44473299603,2519.4
78.8,2227.2273145616,2519.4
78.81,2226.15721785127,2519.4
78.82,2225.02917208663,2519.4
78.83,2224.06571965004,2519.4
78.84,2222.75159406197,2519.4
78.85,2221.5389010706,2519.4
78.86,2220.48894799897,2519.4
78.87,2219.44111872398,2519.39999999999
78.88,2218.33623384894,2511.9
78.89,2217.45122353093,2511.9
78.9,2216.81450643379,2511.9
78.91,2216.48049382938,2511.9
78.92,2216.52888945862,2511.9
78.93,2216.72131670414,2511.9
78.94,2217.32980890746,2511.9
78.95,2218.19609250346,2511.9
78.96,2219.70830861911,2511.9
78.97,2221.2048663907,2511.9
78.98,2223.06960495163,2552.79999999994
78.99,2225.65424502451,2552.8
79,2227.84791028849,2552.8
79.01,2229.97325960662,2552.8
79.02,2231.99661258564,2552.8
79.03,2233.90004842655,2552.8
79.04,2235.63503472256,2552.8
79.05,2237.19733255836,2552.8
79.06,2238.91252666258,2552.8
79.07,2240.16842045001,2552.79999999996
79.08,2241.23864198267,2521.2
79.09,2242.44630701412,2521.2
79.1,2243.53479539716,2521.2
79.11,2244.8545910522,2521.2
79.12,2246.04470479465,2521.2
79.13,2247.41686149818,2521.2
79.14,2248.97096017338,2521.2
79.15,2250.5206668123,2521.2
79.16,2252.16325056737,2521.2
79.17,2253.86424197553,2521.2
79.18,2255.824611227,2528.89999999999
79.19,2257.86073776505,2528.9
79.2,2260.01148389596,2528.9
79.21,2262.42744948754,2528.9
79.22,2264.59579582328,2528.9
79.23,2267.2440727356,2528.9
79.24,2270.15562156876,2528.9
79.25,2273.28647562782,2528.9
79.26,2276.65065076062,2528.9
79.27,2279.97814787302,2528.9
79.28,2283.71115809313,2533.1
79.29,2287.53041545886,2533.1
79.3,2291.2595694439,2533.1
79.31,2295.10656039429,2533.1
79.32,2298.8420170662,2533.1
79.33,2302.90607863685,2533.1
79.34,2306.7591620429,2533.1
79.35,2310.69933989123,2533.1
79.36,2314.70382894129,2533.1
79.37,2318.78428592053,2533.10000000001
79.38,2323.16310784709,2542.8
79.39,2327.27843926817,2542.8
79.4,2331.58512839161,2542.8
79.41,2335.53165104028,2542.8
79.42,2339.66064290829,2542.8
79.43,2343.71767062707,2542.8
79.44,2347.75943347897,2542.8
79.45,2351.54147607863,2542.8
79.46,2355.7535155672,2542.8
79.47,2359.58331376985,2542.8
79.48,2363.8516942476,2588.09999999994
79.49,2367.96654048473,2588.1
79.5,2371.64594402841,2588.1
79.51,2375.51847529884,2588.1
79.52,2379.24977528258,2588.1
79.53,2383.12612307614,2588.1
79.54,2386.50763453977,2588.1
79.55,2390.10597676494,2588.1
79.56,2393.44984309909,2588.1
79.57,2397.08746358476,2588.09999999996
79.58,2400.60888387267,2562.9
79.59,2403.893778868,2562.9
79.6,2407.23252948874,2562.9
79.61,2411.04208399887,2562.9
79.62,2415.11317840666,2562.9
79.63,2419.34172926893,2562.9
79.64,2423.44277258945,2562.9
79.65,2428.03192636937,2562.9
79.66,2432.74752707056,2562.9
79.67,2437.72809584689,2562.9
79.68,2443.00088616672,2624.79999999991
79.69,2448.16261501159,2624.8
79.7,2453.48879328361,2624.8
79.71,2459.15115304267,2624.8
79.72,2464.60130639789,2624.8
79.73,2470.18909577482,2624.8
79.74,2475.80387349774,2624.8
79.75,2481.5316596676,2624.8
79.76,2487.71144314509,2624.8
79.77,2493.24489742264,2624.8
79.78,2498.80627517349,2662.5
79.79,2504.49018793834,2662.5
79.8,2510.40190371004,2662.5
79.81,2516.32893265949,2662.5
79.82,2521.79177699246,2662.5
79.83,2527.37981367863,2662.5
79.84,2533.07002367363,2662.5
79.85,2538.56476663094,2662.5
79.86,2544.28159803084,2662.5
79.87,2549.61463527453,2662.50000000006
79.88,2554.82849381509,2705
79.89,2560.79881267349,2705
79.9,2566.47368399856,2705
79.91,2572.40618886111,2705
79.92,2578.17468770932,2705
79.93,2584.27073698176,2705
79.94,2590.60682368535,2705
79.95,2597.01051145282,2705
79.96,2603.66802487762,2705
79.97,2610.4981709777,2705
79.98,2617.79984403525,2727.19999999997
79.99,2624.63225878607,2727.2
80,2631.96679072475,2727.2
80.01,2639.43628137897,2727.2
80.02,2646.86072075095,2727.2
80.03,2653.96553328332,2727.2
80.04,2660.8691172749,2727.2
80.05,2668.03497403577,2727.2
80.06,2674.78919785452,2727.2
80.07,2682.07599375519,2727.20000000016
80.08,2688.96195573242,2842.3
80.09,2695.47560256453,2842.3
80.1,2702.27091088505,2842.3
80.11,2709.6724777623,2842.3
80.12,2716.58490845784,2842.3
80.13,2723.28049034627,2842.3
80.14,2730.95580125755,2842.3
80.15,2737.7587597947,2842.3
80.16,2744.77490895002,2842.3
80.17,2751.9881651463,2842.3
80.18,2758.99185466164,2837.90000000001
80.19,2766.26357855876,2837.9
80.2,2774.13439760197,2837.9
80.21,2780.77621673306,2837.9
80.22,2787.89763109999,2837.9
80.23,2795.40761322535,2837.9
80.24,2801.97435338199,2837.9
80.25,2808.67649480211,2837.9
80.26,2815.14151257343,2837.9
80.27,2821.76598087575,2837.9
80.28,2828.08667414951,2858.3
80.29,2834.03661291046,2858.3
80.3,2840.9272507174,2858.3
80.31,2847.04685349024,2858.3
80.32,2852.8721872127,2858.3
80.33,2858.70024996457,2858.3
80.34,2863.8387087383,2858.3
80.35,2869.85583841738,2858.3
80.36,2875.50141031877,2858.3
80.37,2881.14904754395,2858.29999999992
80.38,2886.30832643838,2798.6
80.39,2891.09924844434,2798.6
80.4,2895.95702085619,2798.6
80.41,2901.70366982687,2798.6
80.42,2907.30551759412,2798.6
80.43,2912.80631752573,2798.6
80.44,2917.75998525124,2798.6
80.45,2922.96711099204,2798.6
80.46,2928.77796872833,2798.6
80.47,2933.60864486583,2798.6
80.48,2938.86858193522,2797.5
80.49,2944.20595625724,2797.5
80.5,2949.85618426563,2797.5
80.51,2955.15948939275,2797.5
80.52,2960.62621055469,2797.5
80.53,2966.08397694215,2797.5
80.54,2972.52461090896,2797.5
80.55,2978.52887902447,2797.5
80.56,2985.39664323375,2797.5
80.57,2991.64745665853,2797.50000000007
80.58,2997.53589875941,2849.5
80.59,3003.27805382176,2849.5
80.6,3009.95525911106,2849.5
80.61,3016.5074732169,2849.5
80.62,3022.5922305126,2849.5
80.63,3028.36117438591,2849.5
80.64,3034.33237724669,2849.5
80.65,3041.18363071069,2849.5
80.66,3047.57304427589,2849.5
80.67,3053.57401871672,2849.5
80.68,3059.86124613788,2914.79999999991
80.69,3065.43415502668,2914.8
80.7,3072.59592875784,2914.8
80.71,3077.269216612,2914.8
80.72,3080.96748967344,2914.8
80.73,3085.68259400727,2914.8
80.74,3090.92229968182,2914.8
80.75,3096.98759274926,2914.8
80.76,3102.90568476682,2914.8
80.77,3108.92061145766,2914.8
80.78,3114.5194607704,2961
80.79,3120.71331613376,2961
80.8,3125.76340512593,2961
80.81,3131.79383148186,2961
80.82,3137.92760367142,2961
80.83,3144.39053930587,2961
80.84,3150.84960063748,2961
80.85,3157.09693008443,2961
80.86,3163.12693132599,2961
80.87,3167.9957012983,2961.00000000011
80.88,3172.58659122227,3036.8
80.89,3178.82051344253,3036.8
80.9,3185.52778540889,3036.8
80.91,3192.53224806964,3036.8
80.92,3200.05820959333,3036.8
80.93,3207.11637217876,3036.8
80.94,3213.69975781173,3036.8
80.95,3220.91461164104,3036.8
80.96,3228.72140769678,3036.8
80.97,3235.82466308845,3036.8
80.98,3243.04160403251,3095.89999999992
80.99,3250.41617390765,3095.9
81,3257.47018081751,3095.9
81.01,3264.22567986242,3095.9
81.02,3270.46196604969,3095.9
81.03,3277.56630634101,3095.9
81.04,3284.04072882441,3095.9
81.05,3291.0878948791,3095.9
81.06,3296.57511407518,3095.9
81.07,3303.46331367714,3095.90000000017
81.08,3309.59551372155,3215.6
81.09,3315.53473218436,3215.6
81.1,3321.94298147531,3215.6
81.11,3328.13770290777,3215.6
81.12,3332.83169937941,3215.6
81.13,3339.67129051678,3215.6
81.14,3345.70050701422,3215.6
81.15,3351.62772286819,3215.6
81.16,3357.82911249046,3215.6
81.17,3363.99780297969,3215.6
81.18,3369.69883992225,3228.39999999998
81.19,3375.46829295056,3228.4
81.2,3381.50618361444,3228.4
81.21,3386.96486785052,3228.4
81.22,3393.03093532574,3228.4
81.23,3399.2950124989,3228.4
81.24,3404.9722706179,3228.4
81.25,3410.50482786618,3228.4
81.26,3415.97878607899,3228.4
81.27,3421.44638271313,3228.4
81.28,3427.54293005731,3341.9
81.29,3432.85891199906,3341.9
81.3,3438.06095606234,3341.9
81.31,3443.4732180277,3341.9
81.32,3448.97916854674,3341.9
81.33,3454.0219446005,3341.9
81.34,3459.05928799889,3341.9
81.35,3463.7505297645,3341.9
81.36,3468.22216738705,3341.9
81.37,3473.16873013749,3341.90000000009
81.38,3477.74264850002,3405.8
81.39,3482.63154892138,3405.8
81.4,3485.99531114863,3405.8
81.41,3490.71903366421,3405.8
81.42,3495.7002656541,3405.8
81.43,3501.08340348461,3405.8
81.44,3506.65686987242,3405.8
81.45,3512.49344523019,3405.8
81.46,3518.65492662744,3405.8
81.47,3524.64653255891,3405.8
81.48,3530.93223710752,3445.89999999994
81.49,3537.67327261264,3445.9
81.5,3545.02932229367,3445.9
81.51,3552.07390764335,3445.9
81.52,3559.12867170468,3445.9
81.53,3566.46415486651,3445.9
81.54,3574.21679027031,3445.9
81.55,3580.92479998108,3445.9
81.56,3588.20316586399,3445.9
81.57,3595.71007066388,3445.90000000004
81.58,3603.09412826195,3470.8
81.59,3610.49792718372,3470.8
81.6,3618.02128025041,3470.8
81.61,3625.04916249056,3470.8
81.62,3631.5974894163,3470.8
81.63,3638.43731697806,3470.8
81.64,3644.05616686932,3470.8
81.65,3650.26593703616,3470.8
81.66,3655.53873356778,3470.8
81.67,3660.75724526556,3470.8
81.68,3665.63981175253,3511.89999999994
81.69,3670.44454592275,3511.9
81.7,3675.16115521418,3511.9
81.71,3678.88897398385,3511.9
81.72,3682.59869799437,3511.9
81.73,3685.82182190784,3511.9
81.74,3688.67307442551,3511.9
81.75,3691.43056268503,3511.9
81.76,3692.8510825508,3511.9
81.77,3694.74415164913,3511.9
81.78,3696.04192339473,3589.3
81.79,3697.09001176349,3589.3
81.8,3698.6722369018,3589.3
81.81,3700.16568674684,3589.3
81.82,3701.85772824916,3589.3
81.83,3703.60446084665,3589.3
81.84,3705.83663722984,3589.3
81.85,3707.73732723682,3589.3
81.86,3710.47649174569,3589.3
81.87,3713.24946162975,3589.30000000013
81.88,3716.398058734,3682.9
81.89,3719.1741959407,3682.9
81.9,3721.05408865506,3682.9
81.91,3721.66056300829,3682.9
81.92,3720.91922830482,3682.9
81.93,3718.95749962107,3682.9
81.94,3715.65321031937,3682.9
81.95,3711.12519812267,3682.9
81.96,3705.16255575913,3682.9
81.97,3697.81026894594,3682.9
81.98,3689.60352745624,3686.59999999999
81.99,3680.31284677788,3686.6
82,3670.53394185469,3686.6
82.01,3660.36057302518,3686.6
82.02,3650.51561463176,3686.6
82.03,3640.6619143911,3686.6
82.04,3630.35659468858,3686.6
82.05,3620.65135784266,3686.6
82.06,3610.36883635622,3686.6
82.07,3600.09308747739,3686.59999999973
82.08,3589.84844482032,3495.9
82.09,3579.53689397532,3495.9
82.1,3569.61557874412,3495.9
82.11,3559.56384054949,3495.9
82.12,3549.37607450411,3495.9
82.13,3539.21402114546,3495.9
82.14,3529.53717335973,3495.9
82.15,3519.90459479405,3495.9
82.16,3510.40920851299,3495.9
82.17,3500.62916472794,3495.9
82.18,3490.41398772456,3394.20000000014
82.19,3480.46434204672,3394.2
82.2,3470.79023859443,3394.2
82.21,3461.16719756759,3394.2
82.22,3451.5542398221,3394.2
82.23,3442.43588700332,3394.2
82.24,3432.58696740045,3394.2
82.25,3423.55964964689,3394.2
82.26,3413.78156032811,3394.2
82.27,3404.93046794987,3394.2
82.28,3395.11426811344,3309.6
82.29,3386.17973148167,3309.6
82.3,3376.53354979107,3309.6
82.31,3367.42550627109,3309.6
82.32,3358.48854168543,3309.6
82.33,3349.77704480061,3309.6
82.34,3340.56523516964,3309.6
82.35,3331.35749512601,3309.6
82.36,3322.26679031262,3309.6
82.37,3313.52925420577,3309.59999999985
82.38,3304.32504134262,3203.2
82.39,3295.98932159442,3203.2
82.4,3286.83655842834,3203.2
82.41,3278.57088673192,3203.2
82.42,3270.09159679372,3203.2
82.43,3261.51549419143,3203.2
82.44,3253.04834639963,3203.2
82.45,3244.56983325511,3203.2
82.46,3235.96400401379,3203.2
82.47,3228.66426714712,3203.2
82.48,3221.07439687719,3222.69999999997
82.49,3214.19937238146,3222.7
82.5,3207.52512664937,3222.7
82.51,3202.05341420301,3222.7
82.52,3195.69523851934,3222.7
82.53,3189.25240726,3222.7
82.54,3181.73841057028,3222.7
82.55,3173.45397635546,3222.7
82.56,3164.63979033946,3222.7
82.57,3156.69170834599,3222.69999999994
82.58,3149.14337939954,3183.3
82.59,3141.7529468794,3183.3
82.6,3134.5518997641,3183.3
82.61,3127.11470090381,3183.3
82.62,3119.00136371069,3183.3
82.63,3111.30405924476,3183.3
82.64,3103.7644407734,3183.3
82.65,3096.22335840822,3183.3
82.66,3088.74568634455,3183.3
82.67,3081.37239207208,3183.3
82.68,3072.13106503583,3110.7000000001
82.69,3065.38265769786,3110.7
82.7,3059.92261633868,3110.7
82.71,3052.94956010587,3110.7
82.72,3045.01472592253,3110.7
82.73,3037.60985227472,3110.7
82.74,3030.21271177064,3110.7
82.75,3022.85932129967,3110.7
82.76,3015.81830682859,3110.7
82.77,3008.45599110296,3110.7
82.78,3001.41746540032,3069.7
82.79,2995.00360349317,3069.7
82.8,2988.16998937726,3069.7
82.81,2980.76334272363,3069.7
82.82,2973.74791009423,3069.7
82.83,2966.78670026886,3069.7
82.84,2959.64944910697,3069.7
82.85,2953.63694730731,3069.7
82.86,2947.15770312549,3069.7
82.87,2940.31331388553,3069.6999999998
82.88,2933.51277217187,2929.4
82.89,2926.95947548039,2929.4
82.9,2919.84314828615,2929.4
82.91,2913.08538978944,2929.4
82.92,2906.32097054333,2929.4
82.93,2899.56778746164,2929.4
82.94,2892.72370970306,2929.4
82.95,2885.89120815763,2929.4
82.96,2878.80238846645,2929.4
82.97,2872.3580213898,2929.4
82.98,2865.62504903161,2857.8000000001
82.99,2858.73549154831,2857.8
83,2852.07895516278,2857.8
83.01,2845.56478105079,2857.8
83.02,2838.92127833085,2857.8
83.03,2832.31870957481,2857.8
83.04,2826.06273709035,2857.8
83.05,2819.42341964529,2857.8
83.06,2813.2902939925,2857.8
83.07,2806.40286802572,2857.80000000005
83.08,2799.97742202468,2892.2
83.09,2793.55462139706,2892.2
83.1,2787.53065518675,2892.2
83.11,2781.23514245864,2892.2
83.12,2774.6066686875,2892.2
83.13,2768.50964578273,2892.2
83.14,2761.90773695994,2892.2
83.15,2755.19812961197,2892.2
83.16,2748.9667663523,2892.2
83.17,2742.70746108426,2892.2
83.18,2736.65283503918,2859.30000000005
83.19,2730.41324701025,2859.3
83.2,2724.7373553886,2859.3
83.21,2719.00085749453,2859.3
83.22,2713.24495587096,2859.3
83.23,2706.74597470866,2859.3
83.24,2701.21837865706,2859.3
83.25,2695.10079149458,2859.3
83.26,2688.91835492999,2859.3
83.27,2682.99671170243,2859.3
83.28,2677.10990941198,2878.1
83.29,2671.13106271217,2878.1
83.3,2665.16341285308,2878.1
83.31,2659.38628809526,2878.1
83.32,2653.70683924091,2878.1
83.33,2647.89507818164,2878.1
83.34,2642.56857796548,2878.1
83.35,2636.978554814,2878.1
83.36,2631.29167833943,2878.1
83.37,2626.37910450955,2878.10000000001
83.38,2621.02943818549,2884.6
83.39,2615.70581782945,2884.6
83.4,2610.70314158916,2884.6
83.41,2606.01621099117,2884.6
83.42,2602.58975472763,2884.6
83.43,2599.51757610341,2884.6
83.44,2596.66698905269,2884.6
83.45,2594.06287194031,2884.6
83.46,2592.11180572271,2884.6
83.47,2591.01665244928,2884.6
83.48,2590.16398223873,2881.3
83.49,2589.96807825441,2881.3
83.5,2589.69514267221,2881.3
83.51,2589.99728892354,2881.3
83.52,2590.3920422808,2881.3
83.53,2590.86694864457,2881.3
83.54,2591.25121945857,2881.3
83.55,2592.13576086774,2881.3
83.56,2592.74075340277,2881.3
83.57,2593.8400412672,2881.30000000008
83.58,2594.62662374505,2938.6
83.59,2595.67681610105,2938.6
83.6,2596.70912212942,2938.6
83.61,2597.05375301368,2938.6
83.62,2597.48001000605,2938.6
83.63,2597.95165653091,2938.6
83.64,2597.35451908784,2938.6
83.65,2596.69546729253,2938.6
83.66,2595.91880529594,2938.6
83.67,2595.08321649393,2938.6
83.68,2593.64328818982,2995.69999999992
83.69,2592.04743873187,2995.7
83.7,2590.42867301443,2995.7
83.71,2588.68610592597,2995.7
83.72,2586.82262748167,2995.7
83.73,2584.88148897512,2995.7
83.74,2582.9666191962,2995.7
83.75,2580.77868500641,2995.7
83.76,2578.90295679899,2995.7
83.77,2576.56217995705,2995.7
83.78,2574.358189921,2981.4
83.79,2571.891126128,2981.4
83.8,2569.59263683103,2981.4
83.81,2567.31133421453,2981.4
83.82,2564.90315385615,2981.4
83.83,2562.73529646056,2981.4
83.84,2560.88903555484,2981.4
83.85,2559.10363697127,2981.4
83.86,2557.13409560154,2981.4
83.87,2555.38269157257,2981.39999999999
83.88,2553.70372965289,2975.3
83.89,2552.05473563653,2975.3
83.9,2550.57608095054,2975.3
83.91,2549.45526539017,2975.3
83.92,2548.73644905727,2975.3
83.93,2548.02584355186,2975.3
83.94,2547.69674768966,2975.3
83.95,2547.60879690518,2975.3
83.96,2547.65517247588,2975.3
83.97,2547.60736232219,2975.3
83.98,2548.31401688475,2946.30000000004
83.99,2549.13785515944,2946.3
84,2550.14403541292,2946.3
84.01,2551.68150813043,2946.3
84.02,2553.36443661713,2946.3
84.03,2555.16435193043,2946.3
84.04,2557.28202395278,2946.3
84.05,2559.53012385045,2946.3
84.06,2562.29765360262,2946.3
84.07,2565.372722911,2946.30000000002
84.08,2568.43831775344,2960.4
84.09,2571.85007924046,2960.4
84.1,2575.52713353977,2960.4
84.11,2579.21730491311,2960.4
84.12,2582.403822798,2960.4
84.13,2586.06250064791,2960.4
84.14,2589.78726463527,2960.4
84.15,2593.30641146737,2960.4
84.16,2596.83917235262,2960.4
84.17,2600.31259986904,2960.4
84.18,2603.92896307054,2990.59999999996
84.19,2607.02484440502,2990.6
84.2,2610.50139638448,2990.6
84.21,2614.34751954792,2990.6
84.22,2618.5188457623,2990.6
84.23,2622.69261275599,2990.6
84.24,2627.00837071082,2990.6
84.25,2631.43507823951,2990.6
84.26,2636.42370475089,2990.6
84.27,2641.39270957263,2990.6
84.28,2646.80458090832,3045.2
84.29,2652.17839044144,3045.2
84.3,2657.5420373914,3045.2
84.31,2663.26488424999,3045.2
84.32,2668.2812028675,3045.2
84.33,2674.12745699871,3045.2
84.34,2679.50848682543,3045.2
84.35,2685.09086393547,3045.2
84.36,2690.58318729719,3045.2
84.37,2695.81805705651,3045.20000000008
84.38,2701.08222339914,3099.9
84.39,2706.70651726525,3099.9
84.4,2711.99621958605,3099.9
84.41,2717.42296881215,3099.9
84.42,2722.92889828114,3099.9
84.43,2727.98785000006,3099.9
84.44,2733.13717958393,3099.9
84.45,2738.74410758003,3099.9
84.46,2744.38900984174,3099.9
84.47,2749.25271635261,3099.9
84.48,2754.50327786078,3189.39999999987
84.49,2759.86508038578,3189.4
84.5,2764.66699010501,3189.4
84.51,2770.55418195092,3189.4
84.52,2775.83187853947,3189.4
84.53,2780.89521666195,3189.4
84.54,2785.65426315705,3189.4
84.55,2791.04487464913,3189.4
84.56,2796.18830559544,3189.4
84.57,2801.48975324045,3189.4
84.58,2806.72161176211,3192.5
84.59,2811.99195026453,3192.5
84.6,2816.58287261995,3192.5
84.61,2822.20387839199,3192.5
84.62,2827.43035587455,3192.5
84.63,2832.79301237335,3192.5
84.64,2837.63446883453,3192.5
84.65,2843.15790612233,3192.5
84.66,2848.88240800665,3192.5
84.67,2854.39041312805,3192.5
84.68,2859.11701731164,3194.8
84.69,2865.26994330632,3194.8
84.7,2870.62665397268,3194.8
84.71,2877.42112156206,3194.8
84.72,2883.28466162069,3194.8
84.73,2889.62791385743,3194.8
84.74,2896.54478388026,3194.8
84.75,2903.68337928404,3194.8
84.76,2911.57044572262,3194.8
84.77,2919.97687563839,3194.8
84.78,2928.19611192816,3269
84.79,2936.56684180147,3269
84.8,2944.98620853121,3269
84.81,2953.32020866648,3269
84.82,2961.32329160926,3269
84.83,2969.16060492846,3269
84.84,2978.56321990056,3269
84.85,2987.06320945466,3269
84.86,2996.14208177034,3269
84.87,3004.46195882122,3269.00000000004
84.88,3013.24192098199,3299.9
84.89,3022.1479737983,3299.9
84.9,3030.1596689751,3299.9
84.91,3037.54892121873,3299.9
84.92,3044.01327168578,3299.9
84.93,3050.96137276498,3299.9
84.94,3056.25826076708,3299.9
84.95,3061.62846612791,3299.9
84.96,3066.58062741944,3299.9
84.97,3070.79643447032,3299.9
84.98,3074.14566803895,3331.19999999996
84.99,3078.45941655489,3331.2
85,3081.88656541769,3331.2
85.01,3083.2473086737,3331.2
85.02,3085.63831235218,3331.2
85.03,3088.73355725451,3331.2
85.04,3092.32357182045,3331.2
85.05,3096.69287127922,3331.2
85.06,3099.82597458066,3331.2
85.07,3103.1826966946,3331.2
85.08,3107.11753705443,3338.59999999999
85.09,3111.12862956634,3338.6
85.1,3115.03544611404,3338.6
85.11,3119.42662445925,3338.6
85.12,3123.83177422551,3338.6
85.13,3128.92710211777,3338.6
85.14,3134.483567338,3338.6
85.15,3140.41212085006,3338.6
85.16,3145.84275483919,3338.6
85.17,3151.60010604618,3338.6
85.18,3157.11836120556,3368.79999999991
85.19,3162.8758726964,3368.8
85.2,3167.91991141384,3368.8
85.21,3174.27220344834,3368.8
85.22,3180.9447371201,3368.8
85.23,3188.44390766944,3368.8
85.24,3195.11745579932,3368.8
85.25,3201.61412066762,3368.8
85.26,3207.34332762755,3368.8
85.27,3214.4817976211,3368.8
85.28,3220.81457032921,3568.09999999972
85.29,3227.1414574126,3568.1
85.3,3232.35887536056,3568.1
85.31,3238.15432469885,3568.1
85.32,3243.88759825777,3568.1
85.33,3248.4402265224,3568.1
85.34,3254.15800612362,3568.1
85.35,3259.65999095118,3568.1
85.36,3264.69414500638,3568.1
85.37,3269.62530811675,3568.1
85.38,3274.7096511536,3728.89999999977
85.39,3279.05348229489,3728.9
85.4,3284.31017239028,3728.9
85.41,3288.57871818183,3728.9
85.42,3293.02793812223,3728.9
85.43,3298.05271670819,3728.9
85.44,3302.1568727331,3728.9
85.45,3306.94382475957,3728.9
85.46,3311.60429435811,3728.9
85.47,3316.33725606648,3728.9
85.48,3320.98941176597,3775.99999999993
85.49,3325.77562064138,3776
85.5,3330.69613395824,3776
85.51,3335.27910738926,3776
85.52,3340.12218621751,3776
85.53,3344.31845275217,3776
85.54,3348.41517472737,3776
85.55,3352.38987095537,3776
85.56,3357.33799634008,3776
85.57,3360.91587204292,3776
85.58,3365.49639234098,3907.49999999981
85.59,3370.02706258987,3907.5
85.6,3374.23162849618,3907.5
85.61,3378.48251097583,3907.5
85.62,3381.69509948223,3907.5
85.63,3385.7287753942,3907.5
85.64,3390.04122847379,3907.5
85.65,3394.56853463563,3907.5
85.66,3398.34735094148,3907.5
85.67,3402.63117689001,3907.5
85.68,3406.15377391218,3932.09999999993
85.69,3410.12580652462,3932.1
85.7,3414.03672911927,3932.1
85.71,3417.65485805453,3932.1
85.72,3421.63594067244,3932.1
85.73,3425.22912280286,3932.1
85.74,3428.9329952882,3932.1
85.75,3432.11964987184,3932.1
85.76,3434.68388116072,3932.1
85.77,3437.95579838757,3932.1
85.78,3440.86783615242,3819.30000000016
85.79,3444.04461942246,3819.3
85.8,3447.15928150047,3819.3
85.81,3450.21217236407,3819.3
85.82,3453.36612174859,3819.3
85.83,3456.27126646862,3819.3
85.84,3459.44476040149,3819.3
85.85,3462.33565808003,3819.3
85.86,3465.1901084636,3819.3
85.87,3467.74918793885,3819.3
85.88,3470.42224631516,3684.70000000019
85.89,3473.39124234677,3684.7
85.9,3476.45789967552,3684.7
85.91,3479.73324470642,3684.7
85.92,3483.69364264769,3684.7
85.93,3488.5629576024,3684.7
85.94,3493.86750079699,3684.7
85.95,3499.16473206141,3684.7
85.96,3505.1024976127,3684.7
85.97,3511.64330126368,3684.7
85.98,3518.56015449315,3700.89999999998
85.99,3525.93418200991,3700.9
86,3533.16215773551,3700.9
86.01,3540.51319966234,3700.9
86.02,3547.61970610451,3700.9
86.03,3555.17285294452,3700.9
86.04,3562.92325263561,3700.9
86.05,3570.09955862545,3700.9
86.06,3577.45866297541,3700.9
86.07,3585.26496427622,3700.9
86.08,3592.70070478937,3769.4999999999
86.09,3600.14800386774,3769.5
86.1,3607.10399719118,3769.5
86.11,3613.59031427703,3769.5
86.12,3619.9843995288,3769.5
86.13,3625.77914961548,3769.5
86.14,3631.36071535704,3769.5
86.15,3637.0149033997,3769.5
86.16,3642.05447046264,3769.5
86.17,3645.43576105896,3769.5
86.18,3649.3636875278,3861.79999999974
86.19,3652.77191638887,3861.8
86.2,3656.27058778483,3861.8
86.21,3659.45015305458,3861.8
86.22,3662.95570470457,3861.8
86.23,3666.15178916854,3861.8
86.24,3669.72036825668,3861.8
86.25,3672.95790213928,3861.8
86.26,3676.27305862781,3861.8
86.27,3679.29129957883,3861.8
86.28,3682.3022236979,4054.79999999973
86.29,3685.46861527646,4054.8
86.3,3688.50963970813,4054.8
86.31,3690.983200855,4054.8
86.32,3693.15976997228,4054.8
86.33,3694.53092560503,4054.8
86.34,3696.00926020851,4054.8
86.35,3697.39478253704,4054.8
86.36,3698.3210260792,4054.8
86.37,3698.64022424858,4054.8
86.38,3698.6810622479,3950.40000000015
86.39,3698.69469006432,3950.4
86.4,3698.26930618602,3950.4
86.41,3697.5045424695,3950.4
86.42,3696.91545122572,3950.4
86.43,3695.67301124275,3950.4
86.44,3694.83217913814,3950.4
86.45,3693.49306707239,3950.4
86.46,3691.99801909621,3950.4
86.47,3690.08888513859,3950.4
86.48,3687.96300553106,3988.69999999995
86.49,3686.01357085489,3988.7
86.5,3684.17542788644,3988.7
86.51,3682.21825357495,3988.7
86.52,3680.35721193368,3988.7
86.53,3678.39088251537,3988.7
86.54,3676.30689885681,3988.7
86.55,3675.03070698425,3988.7
86.56,3673.28547533652,3988.7
86.57,3671.84442425483,3988.7
86.58,3670.49336592362,3947.60000000006
86.59,3669.24694453696,3947.6
86.6,3667.91904299659,3947.6
86.61,3666.4551342127,3947.6
86.62,3665.13956890705,3947.6
86.63,3663.85471015526,3947.6
86.64,3662.62478134262,3947.6
86.65,3661.02645185667,3947.6
86.66,3659.52729477999,3947.6
86.67,3657.95746166622,3947.6
86.68,3656.77945068278,3972.09999999993
86.69,3655.63032455538,3972.1
86.7,3654.24627825095,3972.1
86.71,3652.81940426324,3972.1
86.72,3651.31835789969,3972.1
86.73,3649.89132763264,3972.1
86.74,3648.58410669617,3972.1
86.75,3647.50103718279,3972.1
86.76,3646.55125180116,3972.1
86.77,3645.59777869619,3972.1
86.78,3644.48437993379,3995.49999999997
86.79,3643.3507326957,3995.5
86.8,3642.3883373808,3995.5
86.81,3640.94753926975,3995.5
86.82,3639.96637920032,3995.5
86.83,3639.18489462979,3995.5
86.84,3637.92389474435,3995.5
86.85,3637.23955579409,3995.5
86.86,3636.52993709168,3995.5
86.87,3635.39050648114,3995.5
86.88,3634.80420868055,3945.60000000007
86.89,3633.19162409302,3945.6
86.9,3633.32202841584,3945.6
86.91,3631.98041353053,3945.6
86.92,3630.67721502076,3945.6
86.93,3630.0645934287,3945.6
86.94,3629.30974001212,3945.6
86.95,3628.7438597862,3945.6
86.96,3627.62862001327,3945.6
86.97,3626.76959839013,3945.6
86.98,3626.04405782144,4134.49999999973
86.99,3625.17903139115,4134.5
87,3624.71760933822,4134.5
87.01,3623.8142488945,4134.5
87.02,3623.25240143191,4134.5
87.03,3622.84982614476,4134.5
87.04,3622.25693823904,4134.5
87.05,3622.21021733723,4134.5
87.06,3621.7586084785,4134.5
87.07,3621.75028171455,4134.5
87.08,3621.47508798488,4109.80000000003
87.09,3621.22242080361,4109.8
87.1,3621.34236440526,4109.8
87.11,3621.31967203072,4109.8
87.12,3621.27294557635,4109.8
87.13,3621.19613644286,4109.8
87.14,3621.40484396043,4109.8
87.15,3621.34569058246,4109.8
87.16,3621.32307175738,4109.8
87.17,3621.15502823665,4109.8
87.18,3621.22649434898,4135.89999999993
87.19,3621.54691907269,4135.9
87.2,3621.81287199264,4135.9
87.21,3621.65951816411,4135.9
87.22,3621.76250378959,4135.9
87.23,3621.80772194263,4135.9
87.24,3621.47625049028,4135.9
87.25,3621.44982701403,4135.9
87.26,3621.65746055727,4135.9
87.27,3621.66339471545,4135.9
87.28,3621.72066136125,4162.49999999996
87.29,3621.96745832516,4162.5
87.3,3621.68237210508,4162.5
87.31,3621.97198970301,4162.5
87.32,3621.60057471716,4162.5
87.33,3621.47924060533,4162.5
87.34,3621.49529320904,4162.5
87.35,3621.33328876938,4162.5
87.36,3620.9129530082,4162.5
87.37,3620.90109354622,4162.5
87.38,3620.56695145974,4205.29999999994
87.39,3620.023879097,4205.3
87.4,3619.10351389958,4205.3
87.41,3617.57128855074,4205.3
87.42,3615.13789943216,4205.3
87.43,3612.51169916253,4205.3
87.44,3609.07968558641,4205.3
87.45,3604.93851514857,4205.3
87.46,3600.29227146885,4205.3
87.47,3595.16683665886,4205.3
87.48,3588.82829348866,4343.6999999998
87.49,3582.14355592089,4343.7
87.5,3575.87041346527,4343.7
87.51,3570.0550129166,4343.7
87.52,3564.57710614522,4343.7
87.53,3559.67485226596,4343.7
87.54,3555.18317408494,4343.7
87.55,3551.27603997161,4343.7
87.56,3547.88022072208,4343.7
87.57,3544.82831584131,4343.7
87.58,3542.58539833963,4288.00000000008
87.59,3540.37716330243,4288
87.6,3538.88737654539,4288
87.61,3537.7356824157,4288
87.62,3536.99502152931,4288
87.63,3536.75375355384,4288
87.64,3536.97111677701,4288
87.65,3537.22227535626,4288
87.66,3537.3801097236,4288
87.67,3538.06834779853,4288
87.68,3539.06631543272,4330.39999999988
87.69,3540.67227114254,4330.4
87.7,3542.8549427774,4330.4
87.71,3545.16980767962,4330.4
87.72,3547.65770345896,4330.4
87.73,3550.22160189927,4330.4
87.74,3553.18285830417,4330.4
87.75,3556.80635832785,4330.4
87.76,3560.07533207224,4330.4
87.77,3563.90494004366,4330.4
87.78,3567.92210859162,4437.59999999985
87.79,3572.302108629,4437.6
87.8,3576.48108065906,4437.6
87.81,3580.97579316748,4437.6
87.82,3585.01221052715,4437.6
87.83,3588.66523155346,4437.6
87.84,3592.68365114108,4437.6
87.85,3596.32364779739,4437.6
87.86,3600.22584142137,4437.6
87.87,3603.60969734484,4437.6
87.88,3607.10534874353,4666.29999999967
87.89,3610.68742465233,4666.3
87.9,3614.21877092244,4666.3
87.91,3617.40549990508,4666.3
87.92,3620.80464391814,4666.3
87.93,3624.17773712528,4666.3
87.94,3627.94105807493,4666.3
87.95,3630.81984798092,4666.3
87.96,3634.11110791621,4666.3
87.97,3636.91320620788,4666.3
87.98,3640.18013561264,4956.19999999959
87.99,3643.55971481746,4956.2
88,3646.88712368627,4956.2
88.01,3650.00037995038,4956.2
88.02,3653.49757970269,4956.2
88.03,3657.10915301706,4956.2
88.04,3660.8274572704,4956.2
88.05,3664.32164990631,4956.2
88.06,3668.2354612594,4956.2
88.07,3672.37464627414,4956.2
88.08,3676.39079887031,5170.1999999997
88.09,3680.54590877723,5170.2
88.1,3684.57920615958,5170.2
88.11,3688.64196636985,5170.2
88.12,3692.01896280831,5170.2
88.13,3695.58149391946,5170.2
88.14,3698.40435321897,5170.2
88.15,3701.65943322809,5170.2
88.16,3704.32393870115,5170.2
88.17,3707.13158540064,5170.2
88.18,3709.70813250861,5075.40000000027
88.19,3712.03803046088,5075.4
88.2,3714.01792385769,5075.4
88.21,3715.84160421124,5075.4
88.22,3717.59941285822,5075.4
88.23,3719.30861986997,5075.4
88.24,3720.79554034307,5075.4
88.25,3722.20857590299,5075.4
88.26,3723.43465716781,5075.4
88.27,3724.49614253748,5075.4
88.28,3725.29350313041,5065.00000000002
88.29,3726.15751289114,5065
88.3,3726.92805956593,5065
88.31,3728.32781392277,5065
88.32,3729.37945475332,5065
88.33,3730.60328546528,5065
88.34,3732.03321747887,5065
88.35,3733.6516380078,5065
88.36,3735.42600188817,5065
88.37,3737.10993820583,5065
88.38,3739.09910900623,5153.19999999988
88.39,3741.24183088533,5153.2
88.4,3743.42482759275,5153.2
88.41,3745.75820050128,5153.2
88.42,3747.35722066191,5153.2
88.43,3749.85222231228,5153.2
88.44,3752.20434883204,5153.2
88.45,3754.11702914832,5153.2
88.46,3756.39060405954,5153.2
88.47,3758.98205390505,5153.2
88.48,3761.60098436418,5078.00000000011
88.49,3763.99621597158,5078
88.5,3765.77923526266,5078
88.51,3766.41584005205,5078
88.52,3765.66973526017,5078
88.53,3763.64942657082,5078
88.54,3760.53110025095,5078
88.55,3756.35861636391,5078
88.56,3751.18908745785,5078
88.57,3744.725736933,5078
88.58,3736.97537894455,4455.60000000089
88.59,3728.74992943537,4455.6
88.6,3720.00998784505,4455.6
88.61,3710.71989341802,4455.6
88.62,3701.37435465298,4455.6
88.63,3692.15269047861,4455.6
88.64,3682.75311257258,4455.6
88.65,3672.85643812181,4455.6
88.66,3662.78201603403,4455.6
88.67,3652.51287502677,4455.6
88.68,3642.24221357521,4303.10000000043
88.69,3631.60432419572,4303.1
88.7,3621.16379796863,4303.1
88.71,3610.74781585883,4303.1
88.72,3600.53854366244,4303.1
88.73,3590.31948833227,4303.1
88.74,3579.98595343593,4303.1
88.75,3569.84701341367,4303.1
88.76,3559.84332722649,4303.1
88.77,3549.70873379967,4303.1
88.78,3539.46648595321,3933.90000000052
88.79,3529.67582271567,3933.9
88.8,3519.77656276804,3933.9
88.81,3510.08897122672,3933.9
88.82,3500.70909643912,3933.9
88.83,3490.88511394043,3933.9
88.84,3480.63038468381,3933.9
88.85,3470.89651298699,3933.9
88.86,3461.53910793476,3933.9
88.87,3452.06991176757,3933.9
88.88,3442.89791828452,3781.80000000022
88.89,3432.62638249484,3781.8
88.9,3423.82934977456,3781.8
88.91,3414.30626423172,3781.8
88.92,3405.15570281127,3781.8
88.93,3395.98452023501,3781.8
88.94,3386.81804290771,3781.8
88.95,3377.36551756806,3781.8
88.96,3368.05470725741,3781.8
88.97,3358.69415615804,3781.8
88.98,3349.64642496156,3682.10000000014
88.99,3340.88818742433,3682.1
89,3331.87661744496,3682.1
89.01,3322.8112804474,3682.1
89.02,3313.82764207847,3682.1
89.03,3304.92438421949,3682.1
89.04,3296.55938942425,3682.1
89.05,3288.27381615198,3682.1
89.06,3279.69657505062,3682.1
89.07,3270.45971469904,3682.1
89.08,3261.63513880667,3385.00000000042
89.09,3253.37188563892,3385
89.1,3244.47485126978,3385
89.11,3236.60521516261,3385
89.12,3229.30549686927,3385
89.13,3222.12728676064,3385
89.14,3215.20646348333,3385
89.15,3208.72260157148,3385
89.16,3202.28614042535,3385
89.17,3195.27191568721,3385
89.18,3188.44893696732,3481.19999999973
89.19,3180.92449995994,3481.2
89.2,3173.30689384047,3481.2
89.21,3165.01357565822,3481.2
89.22,3157.70657409183,3481.2
89.23,3150.16550133732,3481.2
89.24,3142.32179250108,3481.2
89.25,3134.8497392417,3481.2
89.26,3127.41407385258,3481.2
89.27,3119.57821024063,3481.2
89.28,3111.84726524409,3396.60000000012
89.29,3104.44518218751,3396.6
89.3,3096.68428828,3396.6
89.31,3088.87620221917,3396.6
89.32,3081.39545062815,3396.6
89.33,3072.85816553833,3396.6
89.34,3066.13935682937,3396.6
89.35,3059.96962912428,3396.6
89.36,3052.49429456027,3396.6
89.37,3044.82915472437,3396.6
89.38,3037.97088449433,3313.20000000012
89.39,3030.7198829788,3313.2
89.4,3023.01422852949,3313.2
89.41,3015.85719536513,3313.2
89.42,3008.44583263033,3313.2
89.43,3001.348516618,3313.2
89.44,2994.75304838226,3313.2
89.45,2988.06429681485,3313.2
89.46,2981.02294263036,3313.2
89.47,2974.14789763137,3313.2
89.48,2967.22259501764,3324.49999999998
89.49,2959.29548486875,3324.5
89.5,2953.24256934633,3324.5
89.51,2947.21436377127,3324.5
89.52,2940.8444204661,3324.5
89.53,2934.04980989753,3324.5
89.54,2927.60751993929,3324.5
89.55,2920.03483405445,3324.5
89.56,2913.04630312359,3324.5
89.57,2906.75855295985,3324.5
89.58,2899.6789268099,3345.49999999997
89.59,2893.02637103349,3345.5
89.6,2885.97065409112,3345.5
89.61,2879.0294249374,3345.5
89.62,2872.65416017496,3345.5
89.63,2865.94267524053,3345.5
89.64,2859.31625016814,3345.5
89.65,2853.49339001143,3345.5
89.66,2846.44916752703,3345.5
89.67,2839.84273864253,3345.5
89.68,2832.44541054806,3345.2
89.69,2825.93461965988,3345.2
89.7,2819.20747489528,3345.2
89.71,2813.31062396882,3345.2
89.72,2806.81633747072,3345.2
89.73,2800.45180515394,3345.2
89.74,2793.36666867037,3345.2
89.75,2787.052019666,3345.2
89.76,2781.09824253308,3345.2
89.77,2774.51624078287,3345.2
89.78,2768.38415662876,3311.10000000005
89.79,2762.00326528225,3311.1
89.8,2755.76422714065,3311.1
89.81,2749.4882733243,3311.1
89.82,2743.79126090038,3311.1
89.83,2737.30785686446,3311.1
89.84,2731.30895740917,3311.1
89.85,2724.97292583109,3311.1
89.86,2719.17698530273,3311.1
89.87,2712.97616522445,3311.1
89.88,2706.80779027683,3291.40000000003
89.89,2700.74673280063,3291.4
89.9,2694.83845081492,3291.4
89.91,2689.15200388235,3291.4
89.92,2682.78185732777,3291.4
89.93,2677.01523243712,3291.4
89.94,2671.18458472873,3291.4
89.95,2665.42651088613,3291.4
89.96,2659.6491597343,3291.4
89.97,2654.01828463681,3291.4
89.98,2648.55335562988,3266.20000000004
89.99,2642.51635040545,3266.2
90,2636.67452296895,3266.2
90.01,2631.05896132646,3266.2
90.02,2625.50114553055,3266.2
90.03,2619.70397634369,3266.2
90.04,2614.04736823525,3266.2
90.05,2608.30363247607,3266.2
90.06,2602.92510103573,3266.2
90.07,2597.63868738273,3266.2
90.08,2592.4092905064,3260.20000000001
90.09,2587.02967189909,3260.2
90.1,2581.96606456586,3260.2
90.11,2576.64543934669,3260.2
90.12,2571.54653291605,3260.2
90.13,2566.48831110808,3260.2
90.14,2561.44829521466,3260.2
90.15,2556.44499559824,3260.2
90.16,2551.43401412612,3260.2
90.17,2546.31661513142,3260.2
90.18,2541.31843337494,3247.10000000004
90.19,2536.38420080982,3247.1
90.2,2531.46921667891,3247.1
90.21,2526.84253412293,3247.1
90.22,2522.28374381379,3247.1
90.23,2517.85911023936,3247.1
90.24,2513.54156149115,3247.1
90.25,2509.16310102059,3247.1
90.26,2505.08531928273,3247.1
90.27,2501.18372017565,3247.1
90.28,2497.06562930263,3251.19999999999
90.29,2493.41198327225,3251.2
90.3,2489.5875002807,3251.2
90.31,2486.18209629131,3251.2
90.32,2482.89082996119,3251.2
90.33,2479.09095918297,3251.2
90.34,2476.11059190631,3251.2
90.35,2472.79424330857,3251.2
90.36,2469.6685221261,3251.2
90.37,2466.3303043899,3251.2
90.38,2463.39158541877,3288.29999999995
90.39,2460.37860861866,3288.3
90.4,2457.6404100793,3288.3
90.41,2454.639867442,3288.3
90.42,2451.96952687764,3288.3
90.43,2449.10816686778,3288.3
90.44,2446.31109376043,3288.3
90.45,2443.72984185849,3288.3
90.46,2440.68346637597,3288.3
90.47,2437.78470604293,3288.3
90.48,2435.10214087584,3286.4
90.49,2432.34178981495,3286.4
90.5,2429.53885490182,3286.4
90.51,2426.68383857187,3286.4
90.52,2423.55759589286,3286.4
90.53,2420.88115977977,3286.4
90.54,2418.04982431453,3286.4
90.55,2415.24031735166,3286.4
90.56,2412.14987638938,3286.4
90.57,2409.20818463272,3286.4
90.58,2406.17737910151,3257.40000000004
90.59,2403.27725865679,3257.4
90.6,2400.1837053028,3257.4
90.61,2397.07548357884,3257.4
90.62,2393.74473949454,3257.4
90.63,2390.62806095723,3257.4
90.64,2387.64820787968,3257.4
90.65,2384.36825730145,3257.4
90.66,2380.8930321287,3257.4
90.67,2377.67192512494,3257.4
90.68,2374.27232094466,3255.00000000001
90.69,2370.76806633327,3255
90.7,2367.31684658996,3255
90.71,2364.12889201381,3255
90.72,2360.56050216501,3255
90.73,2357.08702703483,3255
90.74,2353.54104273703,3255
90.75,2349.93792610039,3255
90.76,2346.62312202634,3255
90.77,2343.03295759265,3255
90.78,2339.55257507189,3282.29999999996
90.79,2335.99028418188,3282.3
90.8,2332.33353801632,3282.3
90.81,2328.96467243619,3282.3
90.82,2325.39961298706,3282.3
90.83,2321.77125185129,3282.3
90.84,2318.07840895585,3282.3
90.85,2314.59311124383,3282.3
90.86,2311.04747705813,3282.3
90.87,2307.33337171364,3282.3
90.88,2303.69946954701,3275.80000000001
90.89,2300.26363502107,3275.8
90.9,2296.69075835641,3275.8
90.91,2293.19783773043,3275.8
90.92,2289.75447852644,3275.8
90.93,2286.03176876604,3275.8
90.94,2282.50817294548,3275.8
90.95,2278.97816445459,3275.8
90.96,2275.57975812089,3275.8
90.97,2271.9917018695,3275.8
90.98,2268.49045680364,3321.79999999993
90.99,2265.04197341899,3321.8
91,2261.6222688616,3321.8
91.01,2257.99984021497,3321.8
91.02,2254.55105120707,3321.8
91.03,2251.08172037327,3321.8
91.04,2247.59554694768,3321.8
91.05,2244.24387870928,3321.8
91.06,2240.89493583307,3321.8
91.07,2237.39473260674,3321.8
91.08,2233.94152200986,3324.9
91.09,2230.47468578647,3324.9
91.1,2227.07941543373,3324.9
91.11,2223.6726604409,3324.9
91.12,2220.57239966827,3324.9
91.13,2217.16831342476,3324.9
91.14,2213.70045561497,3324.9
91.15,2210.14986670884,3324.9
91.16,2206.75248355152,3324.9
91.17,2203.2104056264,3324.9
91.18,2199.86602576351,3302.80000000006
91.19,2196.40961169855,3302.8
91.2,2192.87384612746,3302.8
91.21,2189.48294978676,3302.8
91.22,2186.0900850311,3302.8
91.23,2182.71748353064,3302.8
91.24,2179.0236190518,3302.8
91.25,2175.82980725435,3302.8
91.26,2172.47219501484,3302.8
91.27,2169.01586431212,3302.8
91.28,2165.63433244802,3260.80000000006
91.29,2162.11106848553,3260.8
91.3,2158.72640118168,3260.8
91.31,2155.51526765699,3260.8
91.32,2152.34793652435,3260.8
91.33,2149.24649272888,3260.8
91.34,2146.05546921951,3260.8
91.35,2142.78371804292,3260.8
91.36,2139.68327821436,3260.8
91.37,2136.75309652103,3260.8
91.38,2133.76336069541,3279.89999999997
91.39,2131.13140443725,3279.9
91.4,2128.20067345842,3279.9
91.41,2125.44799074902,3279.9
91.42,2122.63359650799,3279.9
91.43,2119.98115257357,3279.9
91.44,2117.51656614684,3279.9
91.45,2115.22040732458,3279.9
91.46,2113.05783033029,3279.9
91.47,2110.84086167208,3279.9
91.48,2108.77764961269,3314.09999999995
91.49,2106.60669794582,3314.1
91.5,2104.90931700728,3314.1
91.51,2103.19839127398,3314.1
91.52,2101.2632459217,3314.1
91.53,2099.29882889585,3314.1
91.54,2096.93892763572,3314.1
91.55,2095.23377185131,3314.1
91.56,2093.09731187708,3314.1
91.57,2091.15861341024,3314.1
91.58,2089.07636476956,3281.50000000005
91.59,2087.31921391728,3281.5
91.6,2085.55864163181,3281.5
91.61,2083.77727024905,3281.5
91.62,2081.86863537024,3281.5
91.63,2079.95657904879,3281.5
91.64,2078.21464787521,3281.5
91.65,2076.53845855184,3281.5
91.66,2074.9353574158,3281.5
91.67,2073.12771173191,3281.5
91.68,2071.46750472228,3303.89999999994
91.69,2069.98907844051,3303.9
91.7,2068.49335660099,3303.9
91.71,2066.95492013732,3303.9
91.72,2066.07487793787,3303.9
91.73,2064.96429841484,3303.9
91.74,2064.11371463007,3303.9
91.75,2063.4172190097,3303.9
91.76,2062.82471841607,3303.9
91.77,2062.36485632695,3303.9
91.78,2062.02468610266,3329.99999999996
91.79,2061.86540886267,3330
91.8,2061.71028206923,3330
91.81,2061.32617020078,3330
91.82,2060.62160214421,3330
91.83,2059.83833015691,3330
91.84,2058.98644117545,3330
91.85,2058.22577968021,3330
91.86,2057.08561978004,3330
91.87,2055.94168250546,3330
91.88,2054.51240664372,3272.90000000008
91.89,2052.84207992948,3272.9
91.9,2051.21790662397,3272.9
91.91,2049.53360218141,3272.9
91.92,2048.0605446232,3272.9
91.93,2046.47499810349,3272.9
91.94,2044.85667329408,3272.9
91.95,2043.27433541135,3272.9
91.96,2041.66280181375,3272.9
91.97,2040.12617251213,3272.9
91.98,2038.51097769463,3239.00000000005
91.99,2037.07271130428,3239
92,2035.44829065527,3239
92.01,2033.72290075261,3239
92.02,2032.05588642414,3239
92.03,2030.73291323615,3239
92.04,2028.82960547951,3239
92.05,2027.26974399572,3239
92.06,2025.59752529157,3239
92.07,2023.84249033045,3239
92.08,2022.03314659918,3223.00000000002
92.09,2020.37417936167,3223
92.1,2018.79420881216,3223
92.11,2017.1828624908,3223
92.12,2015.56202868942,3223
92.13,2014.21600461252,3223
92.14,2012.82401651323,3223
92.15,2011.55406862008,3223
92.16,2010.32673520648,3223
92.17,2009.38801934081,3223
92.18,2008.50937828548,3225.89999999999
92.19,2007.57151254776,3225.9
92.2,2006.76925329889,3225.9
92.21,2005.82465142583,3225.9
92.22,2005.1518660325,3225.9
92.23,2004.34395457844,3225.9
92.24,2003.8104131362,3225.9
92.25,2003.08093483973,3225.9
92.26,2002.53196795129,3225.9
92.27,2002.11069013923,3225.9
92.28,2001.65079301141,3316.19999999987
92.29,2001.11518352546,3316.2
92.3,2000.74473312048,3316.2
92.31,2000.25798707586,3316.2
92.32,1999.85253769194,3316.2
92.33,1999.42928550595,3316.2
92.34,1998.94295481922,3316.2
92.35,1998.50156046042,3316.2
92.36,1998.07729136224,3316.2
92.37,1997.58880620307,3316.2
92.38,1997.18556675214,3294.20000000003
92.39,1996.60836074847,3294.2
92.4,1996.01470037818,3294.2
92.41,1995.65259652483,3294.2
92.42,1995.14488695019,3294.2
92.43,1994.76884909663,3294.2
92.44,1994.44687622317,3294.2
92.45,1993.95439337388,3294.2
92.46,1993.54873100652,3294.2
92.47,1993.23714253766,3294.2
92.48,1992.80918001875,3311.99999999997
92.49,1992.44588177843,3312
92.5,1992.05622820815,3312
92.51,1991.93147114647,3312
92.52,1991.6534277916,3312
92.53,1991.43430086914,3312
92.54,1991.25448539833,3312
92.55,1991.29274396284,3312
92.56,1991.13736894352,3312
92.57,1991.24923378588,3312
92.58,1991.52981947731,3327.99999999998
92.59,1991.74617195616,3328
92.6,1991.98456830324,3328
92.61,1992.43781717251,3328
92.62,1992.93332261434,3328
92.63,1993.33713994712,3328
92.64,1994.29464036776,3328
92.65,1995.12172931831,3328
92.66,1996.15228049769,3328
92.67,1997.24166228153,3328
92.68,1998.40759441587,3339.59999999997
92.69,1999.91460087047,3339.6
92.7,2001.18178408825,3339.6
92.71,2002.56467823955,3339.6
92.72,2003.86242290359,3339.6
92.73,2005.14397146108,3339.6
92.74,2006.53813357322,3339.6
92.75,2007.78729659615,3339.6
92.76,2009.24998735218,3339.6
92.77,2010.56367222297,3339.6
92.78,2012.03199674475,3368.59999999996
92.79,2013.2848344222,3368.6
92.8,2014.67517603722,3368.6
92.81,2016.26261531218,3368.6
92.82,2017.70237992893,3368.6
92.83,2019.02599035847,3368.6
92.84,2020.54971233163,3368.6
92.85,2021.756528549,3368.6
92.86,2023.12595412063,3368.6
92.87,2024.70820273992,3368.6
92.88,2025.94494921953,3513.79999999979
92.89,2027.07862230925,3513.8
92.9,2028.32364840066,3513.8
92.91,2029.71327159252,3513.8
92.92,2030.93850538934,3513.8
92.93,2032.31240820678,3513.8
92.94,2033.29306851685,3513.8
92.95,2034.32715712263,3513.8
92.96,2035.15766045624,3513.8
92.97,2036.21862237002,3513.8
92.98,2037.06279931728,3437.30000000011
92.99,2038.18506960795,3437.3
93,2039.24948551156,3437.3
93.01,2040.13379068138,3437.3
93.02,2040.95378317986,3437.3
93.03,2041.95173908144,3437.3
93.04,2042.79737108274,3437.3
93.05,2043.72820674573,3437.3
93.06,2044.41298495957,3437.3
93.07,2045.06883445998,3437.3
93.08,2045.98963719663,3426.10000000002
93.09,2046.93971325413,3426.1
93.1,2047.54906540232,3426.1
93.11,2048.53611292086,3426.1
93.12,2049.35459996152,3426.1
93.13,2050.23816729525,3426.1
93.14,2050.97209455214,3426.1
93.15,2051.85641584122,3426.1
93.16,2052.6467941169,3426.1
93.17,2053.60474962868,3426.1
93.18,2054.33327064476,3531.9999999997
93.19,2055.25508425888,3532
93.2,2056.102445308,3532
93.21,2056.77470653229,3532
93.22,2057.88489001341,3532
93.23,2058.54141657248,3532
93.24,2059.2254810942,3532
93.25,2059.86560873118,3532
93.26,2060.65308933616,3532
93.27,2061.22847826666,3532
93.28,2062.04902486366,3450.30000000012
93.29,2062.63226852266,3450.3
93.3,2063.25793533452,3450.3
93.31,2063.78156686278,3450.3
93.32,2064.59370110195,3450.3
93.33,2065.03702805971,3450.3
93.34,2065.30445799023,3450.3
93.35,2065.81355642683,3450.3
93.36,2066.35191187545,3450.3
93.37,2066.89973930014,3450.3
93.38,2067.3962552459,3409.70000000006
93.39,2067.77317013552,3409.7
93.4,2068.22691272917,3409.7
93.41,2068.88372039007,3409.7
93.42,2069.48753280717,3409.7
93.43,2069.98964898369,3409.7
93.44,2070.53684008795,3409.7
93.45,2071.21561305484,3409.7
93.46,2072.10931645143,3409.7
93.47,2072.981971105,3409.7
93.48,2073.89467601582,3570.99999999977
93.49,2074.89832443089,3571
93.5,2076.00497268142,3571
93.51,2076.87815452238,3571
93.52,2077.75323040523,3571
93.53,2078.85457444866,3571
93.54,2080.15909356065,3571
93.55,2081.41186309028,3571
93.56,2082.5499731332,3571
93.57,2083.74589578461,3571
93.58,2084.76854985279,3580.49999999999
93.59,2085.92847077509,3580.5
93.6,2087.30939533627,3580.5
93.61,2088.43716197734,3580.5
93.62,2089.6217447553,3580.5
93.63,2090.72192933869,3580.5
93.64,2092.09110893897,3580.5
93.65,2093.36998467607,3580.5
93.66,2094.44074037249,3580.5
93.67,2095.69178684644,3580.5
93.68,2096.87775078306,3455.80000000035
93.69,2098.1042180784,3455.8
93.7,2099.56847114124,3455.8
93.71,2101.18885477709,3455.8
93.72,2103.05421009917,3455.8
93.73,2105.04427512752,3455.8
93.74,2107.73271137351,3455.8
93.75,2111.08791969607,3455.8
93.76,2114.44624253842,3455.8
93.77,2117.92657119832,3455.8
93.78,2121.73530273278,3396.90000000008
93.79,2125.90083989749,3396.9
93.8,2130.49651449236,3396.9
93.81,2135.34991065816,3396.9
93.82,2140.54085028951,3396.9
93.83,2146.01924147998,3396.9
93.84,2152.27182260053,3396.9
93.85,2158.64634218874,3396.9
93.86,2165.71981628046,3396.9
93.87,2172.96464978313,3396.9
93.88,2180.65497982599,3425.39999999996
93.89,2188.30357717336,3425.4
93.9,2195.80464903205,3425.4
93.91,2202.95428632152,3425.4
93.92,2209.46127447405,3425.4
93.93,2215.56180954958,3425.4
93.94,2221.00023119644,3425.4
93.95,2225.88703318438,3425.4
93.96,2230.35255231052,3425.4
93.97,2234.2327579125,3425.4
93.98,2237.65479970044,3473.99999999993
93.99,2240.43801031507,3474
94,2242.63617842025,3474
94.01,2244.14454034757,3474
94.02,2244.78825573671,3474
94.03,2244.97069364057,3474
94.04,2244.3899610677,3474
94.05,2243.07872536341,3474
94.06,2241.21007604613,3474
94.07,2238.55999045933,3474
94.08,2235.40740606247,3434.80000000006
94.09,2231.56777166595,3434.8
94.1,2227.42049596172,3434.8
94.11,2223.31328158968,3434.8
94.12,2219.14063793009,3434.8
94.13,2215.00123669622,3434.8
94.14,2210.91607964462,3434.8
94.15,2206.895168692,3434.8
94.16,2202.73606752077,3434.8
94.17,2198.82386188267,3434.8
94.18,2194.63394765065,3468.4999999999
94.19,2190.74277306582,3468.5
94.2,2186.41307237739,3468.5
94.21,2182.53237813664,3468.5
94.22,2178.76499704283,3468.5
94.23,2174.68730392547,3468.5
94.24,2170.79786098539,3468.5
94.25,2166.6180272697,3468.5
94.26,2162.69145110013,3468.5
94.27,2158.77677954293,3468.5
94.28,2154.7868701028,3440.20000000004
94.29,2150.7160434678,3440.2
94.3,2147.10365028063,3440.2
94.31,2143.27586776397,3440.2
94.32,2139.49698623898,3440.2
94.33,2135.42301815674,3440.2
94.34,2131.62001476278,3440.2
94.35,2127.75173800578,3440.2
94.36,2123.93045977307,3440.2
94.37,2120.04206423704,3440.2
94.38,2116.31039905777,3407.00000000005
94.39,2112.43995857097,3407
94.4,2108.70506696798,3407
94.41,2105.07274196214,3407
94.42,2101.56977937785,3407
94.43,2097.8970801127,3407
94.44,2093.57847655245,3407
94.45,2089.91406821282,3407
94.46,2086.48026468055,3407
94.47,2082.58358703726,3407
94.48,2078.96740758213,3364.70000000006
94.49,2075.28899787837,3364.7
94.5,2071.71892834874,3364.7
94.51,2068.20578423087,3364.7
94.52,2064.5346768399,3364.7
94.53,2060.85262949823,3364.7
94.54,2057.37470626058,3364.7
94.55,2053.82418482193,3364.7
94.56,2050.41567724057,3364.7
94.57,2046.75133150321,3364.7
94.58,2043.22596070476,3319.20000000006
94.59,2039.53422716735,3319.2
94.6,2036.00215174323,3319.2
94.61,2032.53768618285,3319.2
94.62,2029.06136838713,3319.2
94.63,2025.67226437852,3319.2
94.64,2022.10201230534,3319.2
94.65,2018.67220128026,3319.2
94.66,2015.12653839521,3319.2
94.67,2011.63635872365,3319.2
94.68,2008.16830380136,3255.70000000018
94.69,2004.87227193101,3255.7
94.7,2001.50287620089,3255.7
94.71,1998.03462941128,3255.7
94.72,1994.58378277428,3255.7
94.73,1991.23908089941,3255.7
94.74,1987.76119292722,3255.7
94.75,1984.66850612712,3255.7
94.76,1981.07287345113,3255.7
94.77,1977.57738290442,3255.7
94.78,1974.21072665785,3198.10000000008
94.79,1970.80990394433,3198.1
94.8,1967.71034705472,3198.1
94.81,1964.40158930591,3198.1
94.82,1960.95916772062,3198.1
94.83,1957.73178651743,3198.1
94.84,1954.54260735857,3198.1
94.85,1951.04675719761,3198.1
94.86,1947.77595803262,3198.1
94.87,1944.52174720735,3198.1
94.88,1941.32588207288,3165.40000000005
94.89,1938.18480552732,3165.4
94.9,1934.8754650563,3165.4
94.91,1931.75863733799,3165.4
94.92,1928.68819590674,3165.4
94.93,1925.20740469196,3165.4
94.94,1922.12693029617,3165.4
94.95,1918.94711562065,3165.4
94.96,1915.80492972488,3165.4
94.97,1912.67248930629,3165.4
94.98,1909.50049112649,3141.40000000003
94.99,1906.50496277069,3141.4
95,1903.18366234824,3141.4
95.01,1900.01674455736,3141.4
95.02,1897.15568130142,3141.4
95.03,1893.92713941483,3141.4
95.04,1890.8562903693,3141.4
95.05,1887.63015521702,3141.4
95.06,1884.65793769575,3141.4
95.07,1881.55860649223,3141.4
95.08,1878.61310249573,3086.40000000008
95.09,1875.6583357408,3086.4
95.1,1872.57743279524,3086.4
95.11,1869.57582837654,3086.4
95.12,1866.52413299713,3086.4
95.13,1863.47311912999,3086.4
95.14,1860.52433571764,3086.4
95.15,1857.4652377497,3086.4
95.16,1854.66387117467,3086.4
95.17,1851.75037703733,3086.4
95.18,1848.72617828343,2992.60000000027
95.19,1845.77514100041,2992.6
95.2,1843.13216215185,2992.6
95.21,1840.46014182138,2992.6
95.22,1837.73645276404,2992.6
95.23,1835.09117896037,2992.6
95.24,1832.52215777115,2992.6
95.25,1830.21482672717,2992.6
95.26,1827.87277310298,2992.6
95.27,1825.80160889586,2992.6
95.28,1823.58312078963,3018.29999999996
95.29,1821.53416122375,3018.3
95.3,1819.6580695594,3018.3
95.31,1817.97143023767,3018.3
95.32,1816.05903309162,3018.3
95.33,1814.00173178715,3018.3
95.34,1812.28841105207,3018.3
95.35,1810.37647542085,3018.3
95.36,1808.60955375217,3018.3
95.37,1806.74994052651,3018.3
95.38,1805.03670923854,3053.59999999995
95.39,1803.28683532416,3053.6
95.4,1801.61125712328,3053.6
95.41,1799.8500464835,3053.6
95.42,1798.08705757501,3053.6
95.43,1796.1598195633,3053.6
95.44,1794.57409791522,3053.6
95.45,1792.75069347726,3053.6
95.46,1790.96619859473,3053.6
95.47,1789.23890798799,3053.6
95.48,1787.61937200447,3151.79999999986
95.49,1785.76842542131,3151.8
95.5,1784.17492532283,3151.8
95.51,1782.649764974,3151.8
95.52,1781.24020233927,3151.8
95.53,1779.94330786753,3151.8
95.54,1778.61278921086,3151.8
95.55,1777.75481384391,3151.8
95.56,1776.81258937743,3151.8
95.57,1776.2053244511,3151.8
95.58,1775.62769512812,3123.20000000004
95.59,1775.14114406778,3123.2
95.6,1774.80159678343,3123.2
95.61,1774.91336748154,3123.2
95.62,1775.17587468592,3123.2
95.63,1775.8808994184,3123.2
95.64,1776.73910506895,3123.2
95.65,1777.75989354897,3123.2
95.66,1779.13662441242,3123.2
95.67,1780.60760304347,3123.2
95.68,1782.44341591502,3133.89999999997
95.69,1784.52230649107,3133.9
95.7,1786.62822568734,3133.9
95.71,1788.85931942981,3133.9
95.72,1791.24406362896,3133.9
95.73,1793.55948298797,3133.9
95.74,1796.07242417193,3133.9
95.75,1798.66778273877,3133.9
95.76,1801.12039016108,3133.9
95.77,1803.89088333637,3133.9
95.78,1806.74349954189,3037.70000000014
95.79,1809.57013319154,3037.7
95.8,1812.04458087103,3037.7
95.81,1814.38751853785,3037.7
95.82,1816.43521296379,3037.7
95.83,1818.20223213685,3037.7
95.84,1819.67391054884,3037.7
95.85,1820.71489402981,3037.7
95.86,1821.50923555928,3037.7
95.87,1821.86319967413,3037.7
95.88,1822.19510862098,3040.6
95.89,1822.01872509772,3040.6
95.9,1821.54655181122,3040.6
95.91,1821.2656903909,3040.6
95.92,1820.68012237664,3040.6
95.93,1819.79715760011,3040.6
95.94,1818.80714034391,3040.6
95.95,1817.51936055478,3040.6
95.96,1816.55195587613,3040.6
95.97,1815.68373744321,3040.6
95.98,1814.15394154567,3036.60000000001
95.99,1812.65733923349,3036.6
96,1811.19251777162,3036.6
96.01,1809.5813586226,3036.6
96.02,1808.20033185926,3036.6
96.03,1806.81445372059,3036.6
96.04,1805.48842867863,3036.6
96.05,1804.24275735059,3036.6
96.06,1803.08206083643,3036.6
96.07,1801.95821038634,3036.6
96.08,1800.80932342746,3040.29999999999
96.09,1799.68824685571,3040.3
96.1,1798.83864710895,3040.3
96.11,1797.97347363046,3040.3
96.12,1796.74338731862,3040.3
96.13,1796.00154421325,3040.3
96.14,1795.15343632904,3040.3
96.15,1794.37568220276,3040.3
96.16,1793.75623184331,3040.3
96.17,1793.12252181189,3040.3
96.18,1792.50387364206,3037.30000000001
96.19,1791.73008565316,3037.3
96.2,1790.94112433299,3037.3
96.21,1790.59136044738,3037.3
96.22,1789.87769162578,3037.3
96.23,1789.08692978577,3037.3
96.24,1788.27055040077,3037.3
96.25,1787.48022925632,3037.3
96.26,1786.74411842268,3037.3
96.27,1785.88509944347,3037.3
96.28,1784.82846422959,3061.69999999997
96.29,1783.9943442651,3061.7
96.3,1783.01143264846,3061.7
96.31,1782.23443262309,3061.7
96.32,1781.45677214058,3061.7
96.33,1780.69773421154,3061.7
96.34,1780.0872136458,3061.7
96.35,1779.68967528379,3061.7
96.36,1779.16374798544,3061.7
96.37,1778.87899891742,3061.7
96.38,1778.37910865434,3048.60000000002
96.39,1778.38386118204,3048.6
96.4,1778.37996513672,3048.6
96.41,1778.62013121789,3048.6
96.42,1779.02398621328,3048.6
96.43,1779.54789712898,3048.6
96.44,1780.35936268513,3048.6
96.45,1781.55698265299,3048.6
96.46,1782.95089474569,3048.6
96.47,1784.50344649154,3048.6
96.48,1786.38590772639,3046.9
96.49,1788.17525583266,3046.9
96.5,1790.25728709093,3046.9
96.51,1792.31970929386,3046.9
96.52,1794.34460690482,3046.9
96.53,1796.35211153695,3046.9
96.54,1798.51223979715,3046.9
96.55,1800.51116142795,3046.9
96.56,1802.68483658905,3046.9
96.57,1804.7165068733,3046.9
96.58,1806.84673291596,3063.69999999998
96.59,1809.0570453405,3063.7
96.6,1811.09084624006,3063.7
96.61,1813.28343401301,3063.7
96.62,1815.74474963416,3063.7
96.63,1818.00587192031,3063.7
96.64,1820.25144517352,3063.7
96.65,1822.79487437555,3063.7
96.66,1824.9912803388,3063.7
96.67,1827.48592204148,3063.7
96.68,1830.04899162307,3083.59999999994
96.69,1832.60950402974,3083.6
96.7,1835.07852634083,3083.6
96.71,1837.79710335863,3083.6
96.72,1840.8526181237,3083.6
96.73,1844.04987288937,3083.6
96.74,1846.95097426767,3083.6
96.75,1849.93911053198,3083.6
96.76,1853.02795421695,3083.6
96.77,1856.29404519881,3083.6
96.78,1859.7425353647,3113.89999999996
96.79,1863.41426217598,3113.9
96.8,1867.0956004664,3113.9
96.81,1870.78952492411,3113.9
96.82,1874.50731674236,3113.9
96.83,1878.49520029413,3113.9
96.84,1882.37635823688,3113.9
96.85,1886.31359095463,3113.9
96.86,1890.50068877449,3113.9
96.87,1894.37293555149,3113.9
96.88,1898.73734943174,3217.59999999985
96.89,1903.09174081426,3217.6
96.9,1907.47132581822,3217.6
96.91,1911.80779167921,3217.6
96.92,1916.14658443849,3217.6
96.93,1920.52539606089,3217.6
96.94,1924.79474586249,3217.6
96.95,1929.06178360072,3217.6
96.96,1933.34198820753,3217.6
96.97,1937.59897408796,3217.6
96.98,1941.85582247197,3316.39999999986
96.99,1946.20006022329,3316.4
97,1950.27477586594,3316.4
97.01,1954.57299286042,3316.4
97.02,1958.61521097001,3316.4
97.03,1962.8446623257,3316.4
97.04,1967.08499337138,3316.4
97.05,1971.34464562191,3316.4
97.06,1975.68361076529,3316.4
97.07,1979.9240221872,3316.4
97.08,1984.0652453224,3521.89999999971
97.09,1988.36074594873,3521.9
97.1,1992.86880777325,3521.9
97.11,1997.07978440877,3521.9
97.12,2001.32081380212,3521.9
97.13,2005.47534823189,3521.9
97.14,2009.53445013867,3521.9
97.15,2013.79517563496,3521.9
97.16,2018.07213535052,3521.9
97.17,2022.23957630916,3521.9
97.18,2026.38959608905,3406.70000000033
97.19,2030.51354490935,3406.7
97.2,2034.54078684053,3406.7
97.21,2038.09090341088,3406.7
97.22,2041.59082531874,3406.7
97.23,2045.08741102436,3406.7
97.24,2048.30177187523,3406.7
97.25,2051.31637752728,3406.7
97.26,2054.24872177633,3406.7
97.27,2056.67017526019,3406.7
97.28,2059.02772648905,3394.50000000002
97.29,2061.13390848562,3394.5
97.3,2063.47431174395,3394.5
97.31,2065.6915376096,3394.5
97.32,2067.84439489107,3394.5
97.33,2069.77317167069,3394.5
97.34,2071.68003779842,3394.5
97.35,2073.61403538329,3394.5
97.36,2075.57560605665,3394.5
97.37,2077.51689223811,3394.5
97.38,2079.33387675478,3497.79999999985
97.39,2081.31336987828,3497.8
97.4,2083.14098979379,3497.8
97.41,2085.05707836892,3497.8
97.42,2087.16402443818,3497.8
97.43,2089.18750527791,3497.8
97.44,2091.09333115133,3497.8
97.45,2093.28645376321,3497.8
97.46,2095.4378474603,3497.8
97.47,2097.69910997828,3497.8
97.48,2100.1932525137,3276.10000000032
97.49,2102.46682746023,3276.1
97.5,2105.27537832559,3276.1
97.51,2108.22234716752,3276.1
97.52,2111.75853812459,3276.1
97.53,2115.80841610847,3276.1
97.54,2120.09795709679,3276.1
97.55,2125.42795720289,3276.1
97.56,2130.81052220806,3276.1
97.57,2136.59972295074,3276.1
97.58,2142.77532023929,3268.70000000001
97.59,2149.25168688929,3268.7
97.6,2156.22758440811,3268.7
97.61,2163.4582197119,3268.7
97.62,2171.03430292257,3268.7
97.63,2178.61635610403,3268.7
97.64,2186.35004362313,3268.7
97.65,2194.16002360471,3268.7
97.66,2202.41734656413,3268.7
97.67,2210.74072461632,3268.7
97.68,2219.35613603579,3372.49999999971
97.69,2228.11126050468,3372.5
97.7,2237.21429853329,3372.5
97.71,2246.22936405315,3372.5
97.72,2255.27596972432,3372.5
97.73,2264.58126221831,3372.5
97.74,2274.05266105646,3372.5
97.75,2283.56716929676,3372.5
97.76,2293.37404092664,3372.5
97.77,2302.82801296546,3372.5
97.78,2312.34276630159,3451.39999999989
97.79,2322.14171086716,3451.4
97.8,2331.7065379429,3451.4
97.81,2341.41683425946,3451.4
97.82,2351.25504957481,3451.4
97.83,2360.77209387513,3451.4
97.84,2370.59039965795,3451.4
97.85,2380.28063701303,3451.4
97.86,2390.01951771735,3451.4
97.87,2399.49128186807,3451.4
97.88,2409.13011619561,3522.8999999999
97.89,2418.55975139242,3522.9
97.9,2428.20377307995,3522.9
97.91,2438.0244600715,3522.9
97.92,2447.65206138665,3522.9
97.93,2457.72482762314,3522.9
97.94,2468.15258037551,3522.9
97.95,2478.37990437183,3522.9
97.96,2488.87717292126,3522.9
97.97,2499.52170149251,3522.9
97.98,2510.3936265345,3518.80000000001
97.99,2521.35201683361,3518.8
98,2532.49299234551,3518.8
98.01,2543.36721546838,3518.8
98.02,2554.75336883452,3518.8
98.03,2566.2445098362,3518.8
98.04,2577.92446000283,3518.8
98.05,2589.63871731335,3518.8
98.06,2601.55373683026,3518.8
98.07,2613.88016337684,3518.8
98.08,2625.73949013719,3550.39999999996
98.09,2637.66116295512,3550.4
98.1,2649.98402622048,3550.4
98.11,2662.45760188033,3550.4
98.12,2674.63673990807,3550.4
98.13,2686.82248713179,3550.4
98.14,2698.82355607571,3550.4
98.15,2710.57562115131,3550.4
98.16,2722.55958482236,3550.4
98.17,2734.72142056275,3550.4
98.18,2747.2363623452,3615.69999999981
98.19,2758.55441197158,3615.7
98.2,2770.35343473348,3615.7
98.21,2782.34752435036,3615.7
98.22,2793.68201488786,3615.7
98.23,2805.40976411981,3615.7
98.24,2816.86914791574,3615.7
98.25,2828.61599200146,3615.7
98.26,2839.91195821809,3615.7
98.27,2851.24612402432,3615.7
98.28,2862.90964772773,3682.9999999999
98.29,2873.68634257757,3683
98.3,2886.04791191279,3683
98.31,2898.26616528384,3683
98.32,2910.96786101295,3683
98.33,2923.04802504555,3683
98.34,2935.36288689725,3683
98.35,2947.50957950739,3683
98.36,2959.55507302375,3683
98.37,2971.11293585503,3683
98.38,2982.47298236383,3671.60000000002
98.39,2994.36971589245,3671.6
98.4,3005.68736482153,3671.6
98.41,3017.49763864901,3671.6
98.42,3029.3517846758,3671.6
98.43,3041.55661822465,3671.6
98.44,3053.53614695659,3671.6
98.45,3065.69898909748,3671.6
98.46,3077.94961787118,3671.6
98.47,3089.66372075478,3671.6
98.48,3099.04708775212,3796.89999999982
98.49,3111.27982081128,3796.9
98.5,3123.81838886609,3796.9
98.51,3135.51047198972,3796.9
98.52,3147.05195839296,3796.9
98.53,3157.67589499471,3796.9
98.54,3166.93798605146,3796.9
98.55,3177.06571540868,3796.9
98.56,3185.8919921177,3796.9
98.57,3193.83237225473,3796.9
98.58,3201.2638839865,4066.49999999962
98.59,3207.83038914364,4066.5
98.6,3215.7168930021,4066.5
98.61,3222.10937301331,4066.5
98.62,3229.12826217651,4066.5
98.63,3235.90824614639,4066.5
98.64,3242.13885380404,4066.5
98.65,3248.58910653753,4066.5
98.66,3254.85760654051,4066.5
98.67,3261.10261965731,4066.5
98.68,3267.75255158188,4111.49999999987
98.69,3273.39498272386,4111.5
98.7,3279.58043524418,4111.5
98.71,3285.9851167652,4111.5
98.72,3291.99806512532,4111.5
98.73,3297.52501117488,4111.5
98.74,3304.05271885825,4111.5
98.75,3310.188190281,4111.5
98.76,3316.39153417982,4111.5
98.77,3322.71211521109,4111.5
98.78,3328.48676502499,4153.29999999994
98.79,3336.43179880195,4153.3
98.8,3341.88688461651,4153.3
98.81,3348.49830670943,4153.3
98.82,3355.01951505153,4153.3
98.83,3361.31420191788,4153.3
98.84,3368.03174011697,4153.3
98.85,3373.89619000425,4153.3
98.86,3380.02179156822,4153.3
98.87,3385.91513827471,4153.3
98.88,3391.49377199893,4293.8999999998
98.89,3398.30953540276,4293.9
98.9,3404.52056507262,4293.9
98.91,3410.08178221039,4293.9
98.92,3415.57221536378,4293.9
98.93,3421.09729668089,4293.9
98.94,3426.78441473756,4293.9
98.95,3432.06757439835,4293.9
98.96,3437.93213731094,4293.9
98.97,3443.38521167579,4293.9
98.98,3449.16126861977,4506.4999999997
98.99,3454.2706733712,4506.5
99,3459.8338092351,4506.5
99.01,3465.16618635106,4506.5
99.02,3470.99806632727,4506.5
99.03,3476.09808118767,4506.5
99.04,3480.88312603856,4506.5
99.05,3485.60627978876,4506.5
99.06,3490.1951280579,4506.5
99.07,3495.2783272971,4506.5
99.08,3500.09270927886,4729.19999999968
99.09,3504.39868218385,4729.2
99.1,3508.65577402851,4729.2
99.11,3512.09880552277,4729.2
99.12,3515.03560826882,4729.2
99.13,3517.83702260755,4729.2
99.14,3519.93647643617,4729.2
99.15,3521.29797116172,4729.2
99.16,3522.77360293871,4729.2
99.17,3523.37093556405,4729.2
99.18,3523.36843129288,4802.29999999979
99.19,3523.17288534353,4802.3
99.2,3523.34312564997,4802.3
99.21,3523.7076786882,4802.3
99.22,3524.43240571993,4802.3
99.23,3525.41505127324,4802.3
99.24,3526.88195732231,4802.3
99.25,3528.36788843927,4802.3
99.26,3530.54136363756,4802.3
99.27,3532.5038973285,4802.3
99.28,3535.44300012174,4437.60000000052
99.29,3538.17784723664,4437.6
99.3,3540.70843777965,4437.6
99.31,3544.55333615362,4437.6
99.32,3548.91201349535,4437.6
99.33,3553.21510071112,4437.6
99.34,3557.68722745279,4437.6
99.35,3562.56460094182,4437.6
99.36,3568.10220638242,4437.6
99.37,3573.70277882272,4437.6
99.38,3580.11375017557,4148.90000000041
99.39,3586.06461464358,4148.9
99.4,3591.66947606401,4148.9
99.41,3596.86992366885,4148.9
99.42,3601.13502163251,4148.9
99.43,3604.74848807908,4148.9
99.44,3607.82318672815,4148.9
99.45,3610.1109934145,4148.9
99.46,3612.01675194318,4148.9
99.47,3613.06667518269,4148.9
99.48,3613.55084133317,4081.7000000001
99.49,3613.39921684399,4081.7
99.5,3612.39965349392,4081.7
99.51,3610.17535007813,4081.7
99.52,3607.12283118384,4081.7
99.53,3602.83995828285,4081.7
99.54,3597.94962959703,4081.7
99.55,3591.63440632635,4081.7
99.56,3584.59555107034,4081.7
99.57,3576.9830386361,4081.7
99.58,3567.9262811723,3997.20000000012
99.59,3558.13392173546,3997.2
99.6,3548.01255138292,3997.2
99.61,3538.01620661998,3997.2
99.62,3527.84684158808,3997.2
99.63,3518.21132493789,3997.2
99.64,3508.33556147425,3997.2
99.65,3499.02218189448,3997.2
99.66,3489.02375222368,3997.2
99.67,3479.62008658217,3997.2
99.68,3469.64226455666,3921.80000000021
99.69,3460.1105769665,3921.8
99.7,3450.29641058857,3921.8
99.71,3441.11912520801,3921.8
99.72,3431.64936254439,3921.8
99.73,3422.63085443841,3921.8
99.74,3412.89950931141,3921.8
99.75,3403.94004348083,3921.8
99.76,3393.9295504341,3921.8
99.77,3384.7090482961,3921.8
99.78,3375.80973341561,3795.40000000018
99.79,3366.83171255321,3795.4
99.8,3357.66465165631,3795.4
99.81,3348.43766062655,3795.4
99.82,3339.56648361942,3795.4
99.83,3329.35009410645,3795.4
99.84,3321.26910440392,3795.4
99.85,3312.43656330901,3795.4
99.86,3303.77034070145,3795.4
99.87,3295.23408819408,3795.4
99.88,3286.64271451789,3672.20000000018
99.89,3278.04424031591,3672.2
99.9,3268.98852557754,3672.2
99.91,3260.73483923331,3672.2
99.92,3252.19477796051,3672.2
99.93,3243.58055701506,3672.2
99.94,3235.14465449658,3672.2
99.95,3227.08234243562,3672.2
99.96,3219.90496077357,3672.2
99.97,3213.29654605184,3672.2
99.98,3207.45972459061,3564.60000000015
99.99,3200.72860087929,3564.6
100,3195.04733219445,3564.6
100.01,3189.02989193911,3564.6
100.02,3181.82124932521,3564.6
100.03,3173.61226918482,3564.6
100.04,3164.82802542875,3564.6
100.05,3155.46559980711,3564.6
100.06,3147.73424297249,3564.6
100.07,3140.02645298568,3564.6
100.08,3132.90705604186,3473.70000000013
100.09,3125.85952578663,3473.7
100.1,3118.13146494263,3473.7
100.11,3110.70271899155,3473.7
100.12,3103.28991877488,3473.7
100.13,3095.40899795972,3473.7
100.14,3087.76274289122,3473.7
100.15,3080.32763070777,3473.7
100.16,3072.83353938414,3473.7
100.17,3065.70302959555,3473.7
100.18,3058.44833026533,3382.20000000026
100.19,3051.25248680165,3382.2
100.2,3043.73435582992,3382.2
100.21,3036.887064349,3382.2
100.22,3029.3226665998,3382.2
100.23,3021.98045810043,3382.2
100.24,3014.4088566244,3382.2
100.25,3007.50096175974,3382.2
100.26,2999.59329322585,3382.2
100.27,2992.60535279424,3382.2
100.28,2986.74605546248,3325.40000000008
100.29,2980.80451272323,3325.4
100.3,2973.17079062387,3325.4
100.31,2966.4990855096,3325.4
100.32,2960.5377150005,3325.4
100.33,2953.60853190857,3325.4
100.34,2946.97616147358,3325.4
100.35,2939.90013230777,3325.4
100.36,2933.10982616333,3325.4
100.37,2926.06917130633,3325.4
100.38,2919.03956786587,3267.50000000008
100.39,2912.21890844437,3267.5
100.4,2905.61740391291,3267.5
100.41,2899.25862691316,3267.5
100.42,2892.09134875283,3267.5
100.43,2885.13917669597,3267.5
100.44,2877.98923658495,3267.5
100.45,2871.2933227191,3267.5
100.46,2864.6634211029,3267.5
100.47,2857.45711114553,3267.5
100.48,2850.39535586751,3208.80000000008
100.49,2844.45991891663,3208.8
100.5,2837.98409426418,3208.8
100.51,2831.88664202662,3208.8
100.52,2825.42098924612,3208.8
100.53,2818.56814968573,3208.8
100.54,2812.31041126985,3208.8
100.55,2805.85124505331,3208.8
100.56,2799.26823837641,3208.8
100.57,2792.95438248718,3208.8
100.58,2786.63161757214,3160.50000000007
100.59,2780.34284770132,3160.5
100.6,2773.56662601156,3160.5
100.61,2767.11962488693,3160.5
100.62,2761.27720489628,3160.5
100.63,2754.96407301758,3160.5
100.64,2748.62127009054,3160.5
100.65,2742.64572091693,3160.5
100.66,2736.41816006523,3160.5
100.67,2730.28077883878,3160.5
100.68,2724.77348006161,3055.8000000003
100.69,2718.21670724615,3055.8
100.7,2712.26665326166,3055.8
100.71,2706.08150373428,3055.8
100.72,2700.4309691464,3055.8
100.73,2694.3877716316,3055.8
100.74,2688.48003130488,3055.8
100.75,2682.66077470504,3055.8
100.76,2676.42834878731,3055.8
100.77,2670.6727010564,3055.8
100.78,2664.90138124148,2964.40000000013
100.79,2659.08947917492,2964.4
100.8,2652.87077472973,2964.4
100.81,2647.21162515469,2964.4
100.82,2641.56303506471,2964.4
100.83,2635.73677413273,2964.4
100.84,2630.0269255992,2964.4
100.85,2624.40743255016,2964.4
100.86,2618.47501340362,2964.4
100.87,2613.14368756835,2964.4
100.88,2607.43152010891,2882.00000000012
100.89,2602.14845946443,2882
100.9,2596.44208824886,2882
100.91,2590.99444182266,2882
100.92,2585.33898093357,2882
100.93,2579.88535921455,2882
100.94,2574.54108468779,2882
100.95,2569.30427269309,2882
100.96,2563.67969768702,2882
100.97,2558.21918637291,2882
100.98,2552.76143801883,2799.90000000012
100.99,2547.62256906929,2799.9
101,2542.1144474789,2799.9
101.01,2537.0056978916,2799.9
101.02,2531.48705610039,2799.9
101.03,2526.36737424994,2799.9
101.04,2520.93483947881,2799.9
101.05,2515.70377149662,2799.9
101.06,2510.4206217156,2799.9
101.07,2505.42769576195,2799.9
101.08,2500.14147709004,2741.30000000008
101.09,2495.02680037444,2741.3
101.1,2489.9582642649,2741.3
101.11,2484.57308132292,2741.3
101.12,2479.56064556838,2741.3
101.13,2474.2485436304,2741.3
101.14,2469.40936897203,2741.3
101.15,2464.36329312126,2741.3
101.16,2459.47614932589,2741.3
101.17,2454.57968273728,2741.3
101.18,2449.72898780244,2679.80000000017
101.19,2444.6060194009,2679.8
101.2,2439.61612069923,2679.8
101.21,2434.89749693429,2679.8
101.22,2429.6298387066,2679.8
101.23,2424.91186510578,2679.8
101.24,2420.04588109393,2679.8
101.25,2415.31289370377,2679.8
101.26,2410.42654896387,2679.8
101.27,2405.68762301772,2679.8
101.28,2400.67495407874,2632.40000000007
101.29,2395.64519236214,2632.4
101.3,2390.97880742063,2632.4
101.31,2386.45596275754,2632.4
101.32,2381.76362386202,2632.4
101.33,2376.94121684982,2632.4
101.34,2372.02507165728,2632.4
101.35,2367.49850613492,2632.4
101.36,2362.85738622817,2632.4
101.37,2358.32175533452,2632.4
101.38,2353.88978293899,2591.30000000006
101.39,2349.22561438473,2591.3
101.4,2344.5477645604,2591.3
101.41,2340.03969191983,2591.3
101.42,2335.35642539023,2591.3
101.43,2330.72109312497,2591.3
101.44,2326.30232503529,2591.3
101.45,2322.03971898713,2591.3
101.46,2317.42814921643,2591.3
101.47,2313.02235116346,2591.3
101.48,2308.80350324528,2557.60000000005
101.49,2304.39311405336,2557.6
101.5,2299.86120158313,2557.6
101.51,2295.43793504355,2557.6
101.52,2290.92972737032,2557.6
101.53,2286.60205679873,2557.6
101.54,2282.30371044691,2557.6
101.55,2278.05141679774,2557.6
101.56,2273.81211103803,2557.6
101.57,2269.38368221902,2557.6
101.58,2265.21008830923,2549.80000000001
101.59,2261.13030760049,2549.8
101.6,2256.6689175291,2549.8
101.61,2252.28782959559,2549.8
101.62,2248.19168884424,2549.8
101.63,2244.05891003015,2549.8
101.64,2239.7226179695,2549.8
101.65,2235.47860639247,2549.8
101.66,2231.46202665736,2549.8
101.67,2227.34116064795,2549.8
101.68,2222.98573020191,2502.90000000013
101.69,2219.12765622939,2502.9
101.7,2214.81555293125,2502.9
101.71,2210.89255290955,2502.9
101.72,2206.50510795679,2502.9
101.73,2202.41731394594,2502.9
101.74,2198.33360635116,2502.9
101.75,2194.43260248528,2502.9
101.76,2190.36559571746,2502.9
101.77,2186.34620079986,2502.9
101.78,2182.42413274719,2444.10000000008
101.79,2178.29054021111,2444.1
101.8,2174.42002472317,2444.1
101.81,2170.58281391536,2444.1
101.82,2166.29209857888,2444.1
101.83,2162.22360019439,2444.1
101.84,2158.52227646033,2444.1
101.85,2154.51980187479,2444.1
101.86,2150.56347113412,2444.1
101.87,2146.69205561491,2444.1
101.88,2142.74507911099,2418.90000000004
101.89,2138.91758360288,2418.9
101.9,2135.19764544962,2418.9
101.91,2131.47085529457,2418.9
101.92,2127.8426780926,2418.9
101.93,2124.03185959154,2418.9
101.94,2120.39693627152,2418.9
101.95,2116.92019103903,2418.9
101.96,2113.35630405274,2418.9
101.97,2110.04369485676,2418.9
101.98,2106.70860815953,2408.60000000001
101.99,2103.03482044724,2408.6
102,2099.87165027162,2408.6
102.01,2096.84892214047,2408.6
102.02,2093.60086448135,2408.6
102.03,2090.09316719424,2408.6
102.04,2087.13297795571,2408.6
102.05,2083.89025562976,2408.6
102.06,2080.83558129693,2408.6
102.07,2077.6980797647,2408.6
102.08,2074.48893096998,2409.9
102.09,2071.21319971357,2409.9
102.1,2068.25190678066,2409.9
102.11,2065.05815977411,2409.9
102.12,2061.79187417545,2409.9
102.13,2058.53196373557,2409.9
102.14,2055.00564362338,2409.9
102.15,2051.73130958859,2409.9
102.16,2048.42224081974,2409.9
102.17,2045.09701996234,2409.9
102.18,2041.39575852523,2382.50000000008
102.19,2038.08533816569,2382.5
102.2,2034.47231017922,2382.5
102.21,2030.80890880326,2382.5
102.22,2027.52552830222,2382.5
102.23,2024.08248181915,2382.5
102.24,2020.30908127212,2382.5
102.25,2017.01677152032,2382.5
102.26,2013.60675901478,2382.5
102.27,2010.17209303788,2382.5
102.28,2006.8233053509,2301.20000000012
102.29,2003.37521551197,2301.2
102.3,1999.89148767016,2301.2
102.31,1996.81674114014,2301.2
102.32,1993.96344589973,2301.2
102.33,1990.97363881217,2301.2
102.34,1988.39458426314,2301.2
102.35,1985.56749956787,2301.2
102.36,1983.22278987057,2301.2
102.37,1980.79726483066,2301.2
102.38,1978.75120524111,2320.79999999997
102.39,1976.87377459955,2320.8
102.4,1975.19964054892,2320.8
102.41,1974.00758652177,2320.8
102.42,1973.13860653283,2320.8
102.43,1972.64233259463,2320.8
102.44,1972.26862360946,2320.8
102.45,1972.4434070173,2320.8
102.46,1972.95361972671,2320.8
102.47,1974.02768501171,2320.8
102.48,1975.26634627372,2361.49999999994
102.49,1976.9614799803,2361.5
102.5,1978.68832282851,2361.5
102.51,1980.41709588651,2361.5
102.52,1982.34495746734,2361.5
102.53,1983.97645836458,2361.5
102.54,1985.89232205926,2361.5
102.55,1987.30607275621,2361.5
102.56,1989.13126777377,2361.5
102.57,1990.78089197547,2361.5
102.58,1992.57493865332,2367.69999999999
102.59,1994.32752490322,2367.7
102.6,1995.80967239917,2367.7
102.61,1997.32757302804,2367.7
102.62,1999.02193804437,2367.7
102.63,2000.67455467334,2367.7
102.64,2002.68848991517,2367.7
102.65,2004.2863738626,2367.7
102.66,2005.9704965238,2367.7
102.67,2007.79514686291,2367.7
102.68,2009.82119040776,2390.19999999994
102.69,2011.79651320153,2390.2
102.7,2013.6352703624,2390.2
102.71,2015.58070296072,2390.2
102.72,2017.22574304533,2390.2
102.73,2019.00938510257,2390.2
102.74,2020.65165992633,2390.2
102.75,2022.16666019755,2390.2
102.76,2023.90279816608,2390.2
102.77,2025.4762704308,2390.2
102.78,2026.85451855124,2393.59999999999
102.79,2028.23943969401,2393.6
102.8,2029.41832566553,2393.6
102.81,2030.35419100575,2393.6
102.82,2031.13172538968,2393.6
102.83,2031.80093298406,2393.6
102.84,2032.18316877267,2393.6
102.85,2032.43310764666,2393.6
102.86,2032.16471843315,2393.6
102.87,2031.9732113184,2393.6
102.88,2031.66804546747,2391.4
102.89,2031.06882473964,2391.4
102.9,2030.50758791194,2391.4
102.91,2029.66846843651,2391.4
102.92,2028.65300318783,2391.4
102.93,2027.55482906454,2391.4
102.94,2026.39229310224,2391.4
102.95,2025.28321874353,2391.4
102.96,2024.04157822418,2391.4
102.97,2022.73101302592,2391.4
102.98,2021.15339890292,2375.30000000002
102.99,2019.57213499775,2375.3
103,2017.98756204645,2375.3
103.01,2016.1643087998,2375.3
103.02,2014.34748765741,2375.3
103.03,2012.36654604936,2375.3
103.04,2010.08181461848,2375.3
103.05,2007.45631231115,2375.3
103.06,2004.88267284334,2375.3
103.07,2001.95694051865,2375.3
103.08,1999.18346595749,2372.1
103.09,1996.19688042276,2372.1
103.1,1993.3213053331,2372.1
103.11,1990.50276971574,2372.1
103.12,1987.64420822921,2372.1
103.13,1984.8878264413,2372.1
103.14,1982.27622004364,2372.1
103.15,1979.8278822455,2372.1
103.16,1977.21940724753,2372.1
103.17,1974.96783727412,2372.1
103.18,1972.72076256385,2349.60000000006
103.19,1970.71900606829,2349.6
103.2,1968.80401191354,2349.6
103.21,1967.19915443699,2349.6
103.22,1965.95073016974,2349.6
103.23,1964.61281942347,2349.6
103.24,1963.74435996997,2349.6
103.25,1963.24534239465,2349.6
103.26,1963.03861860992,2349.6
103.27,1963.00596508705,2349.6
103.28,1963.17245254348,2357.99999999999
103.29,1963.55105162631,2358
103.3,1964.35084875226,2358
103.31,1965.09979568779,2358
103.32,1965.66415859192,2358
103.33,1966.61430874073,2358
103.34,1967.32335466127,2358
103.35,1968.31623757546,2358
103.36,1969.09001660205,2358
103.37,1970.47699354066,2358
103.38,1971.55499330136,2402.59999999994
103.39,1972.62311702387,2402.6
103.4,1973.70170990421,2402.6
103.41,1975.1070704734,2402.6
103.42,1976.24279484495,2402.6
103.43,1977.56791100054,2402.6
103.44,1979.09738475828,2402.6
103.45,1980.58816298713,2402.6
103.46,1982.26896277013,2402.6
103.47,1983.89795821598,2402.6
103.48,1985.57227241833,2408.19999999999
103.49,1987.37293873885,2408.2
103.5,1989.26439890046,2408.2
103.51,1991.04624951389,2408.2
103.52,1993.59226609236,2408.2
103.53,1996.15916228709,2408.2
103.54,1998.66045423027,2408.2
103.55,2001.39259093705,2408.2
103.56,2004.46632316853,2408.2
103.57,2007.5783831495,2408.2
103.58,2010.98382028916,2428.69999999997
103.59,2014.33610490762,2428.7
103.6,2017.69400930387,2428.7
103.61,2021.30850352488,2428.7
103.62,2024.67856828313,2428.7
103.63,2027.75309692808,2428.7
103.64,2030.44396195401,2428.7
103.65,2033.21509916839,2428.7
103.66,2036.08378009901,2428.7
103.67,2038.54368426117,2428.7
103.68,2040.82554083883,2422.40000000002
103.69,2043.20244973372,2422.4
103.7,2045.50040954258,2422.4
103.71,2047.66068932824,2422.4
103.72,2049.93053822515,2422.4
103.73,2052.23866281735,2422.4
103.74,2054.20130984652,2422.4
103.75,2056.6652533243,2422.4
103.76,2059.07597828227,2422.4
103.77,2061.00733277301,2422.4
103.78,2063.1589792989,2418.30000000001
103.79,2065.26534239326,2418.3
103.8,2067.38296497296,2418.3
103.81,2069.43930760255,2418.3
103.82,2071.68234231642,2418.3
103.83,2073.82600848215,2418.3
103.84,2076.01828432164,2418.3
103.85,2078.32518832878,2418.3
103.86,2080.6513225219,2418.3
103.87,2083.18530579563,2418.3
103.88,2085.53802079357,2463.09999999994
103.89,2087.93184471008,2463.1
103.9,2090.24241102245,2463.1
103.91,2092.46206105684,2463.1
103.92,2094.80535779023,2463.1
103.93,2096.94825077221,2463.1
103.94,2098.99643859985,2463.1
103.95,2100.71341682858,2463.1
103.96,2102.79054016234,2463.1
103.97,2104.65463630336,2463.1
103.98,2106.23641765386,2462.9
103.99,2107.75365904219,2462.9
104,2109.15986683219,2462.9
104.01,2110.35624019265,2462.9
104.02,2111.59596155309,2462.9
104.03,2112.48252806992,2462.9
104.04,2113.1545674859,2462.9
104.05,2113.56575196036,2462.9
104.06,2113.87931529094,2462.9
104.07,2114.09991809788,2462.9
104.08,2114.00208650284,2467.29999999999
104.09,2113.75155170946,2467.3
104.1,2113.56895839466,2467.3
104.11,2113.43471417954,2467.3
104.12,2113.23494159118,2467.3
104.13,2113.08056794006,2467.3
104.14,2112.68747570839,2467.3
104.15,2112.51620663335,2467.3
104.16,2112.32422489258,2467.3
104.17,2112.40707342256,2467.3
104.18,2112.17121462447,2484.99999999995
104.19,2112.11699646172,2485
104.2,2112.4950346786,2485
104.21,2112.63634953809,2485
104.22,2112.82397995205,2485
104.23,2113.13442057298,2485
104.24,2113.40628204481,2485
104.25,2113.93778913202,2485
104.26,2114.48023522857,2485
104.27,2114.88542905913,2485
104.28,2115.65264258028,2450.90000000005
104.29,2116.32923949055,2450.9
104.3,2117.17362409511,2450.9
104.31,2118.0816916307,2450.9
104.32,2119.33453534392,2450.9
104.33,2120.42415052967,2450.9
104.34,2121.74489240159,2450.9
104.35,2122.93680210321,2450.9
104.36,2124.50395972539,2450.9
104.37,2126.19788522437,2450.9
104.38,2127.61879985016,2475.09999999997
104.39,2129.34604956515,2475.1
104.4,2131.3041229849,2475.1
104.41,2133.1652481732,2475.1
104.42,2135.0176387146,2475.1
104.43,2136.54607588005,2475.1
104.44,2138.39498557675,2475.1
104.45,2140.19440076446,2475.1
104.46,2142.17876181839,2475.1
104.47,2143.85068859952,2475.1
104.48,2145.3956495021,2501.19999999996
104.49,2147.11932569581,2501.2
104.5,2149.00975525022,2501.2
104.51,2150.68735003109,2501.2
104.52,2152.83173855547,2501.2
104.53,2154.89356736398,2501.2
104.54,2156.53514402842,2501.2
104.55,2158.75940319664,2501.2
104.56,2160.88312748801,2501.2
104.57,2162.96340784903,2501.2
104.58,2165.23101649038,2465.60000000005
104.59,2167.49611542434,2465.6
104.6,2169.79249347955,2465.6
104.61,2172.33793131496,2465.6
104.62,2175.09327257562,2465.6
104.63,2177.84797791333,2465.6
104.64,2180.90401808398,2465.6
104.65,2184.21028530201,2465.6
104.66,2187.42597035084,2465.6
104.67,2190.69942791353,2465.6
104.68,2194.37816246205,2539.09999999979
104.69,2198.19783986025,2539.1
104.7,2201.77320741756,2539.1
104.71,2205.41031489663,2539.1
104.72,2209.13422424123,2539.1
104.73,2212.47528146356,2539.1
104.74,2216.21071097269,2539.1
104.75,2219.81972156099,2539.1
104.76,2223.09692490625,2539.1
104.77,2226.59819253143,2539.1
104.78,2229.94657658786,2532.40000000001
104.79,2233.12008354711,2532.4
104.8,2236.6729266092,2532.4
104.81,2240.37688018524,2532.4
104.82,2244.66734306902,2532.4
104.83,2249.24208300855,2532.4
104.84,2254.04598704872,2532.4
104.85,2259.20850734636,2532.4
104.86,2264.86876135361,2532.4
104.87,2270.54239258642,2532.4
104.88,2276.69912741521,2561.19999999996
104.89,2283.09131441302,2561.2
104.9,2289.87498073702,2561.2
104.91,2296.92389797149,2561.2
104.92,2304.37927270491,2561.2
104.93,2311.97856852814,2561.2
104.94,2319.87600996303,2561.2
104.95,2328.08845338235,2561.2
104.96,2336.72819868227,2561.2
104.97,2345.58281938322,2561.2
104.98,2354.86258410249,2624.19999999991
104.99,2364.34886866443,2624.2
105,2374.0562286464,2624.2
105.01,2383.64204713444,2624.2
105.02,2393.23522295462,2624.2
105.03,2402.98400791285,2624.2
105.04,2412.86419401471,2624.2
105.05,2422.70180799233,2624.2
105.06,2432.52834711518,2624.2
105.07,2442.4181186094,2624.2
105.08,2452.56338949929,2686.99999999991
105.09,2462.3144039163,2687
105.1,2472.31263720159,2687
105.11,2482.07839720797,2687
105.12,2491.46408144656,2687
105.13,2501.12030220617,2687
105.14,2510.09373697882,2687
105.15,2518.65353935591,2687
105.16,2527.78877015871,2687
105.17,2536.46069782827,2687
105.18,2545.02062811152,2728.69999999988
105.19,2553.5309097304,2728.7
105.2,2561.90851853908,2728.7
105.21,2570.1099752752,2728.7
105.22,2578.53788768149,2728.7
105.23,2586.16253464029,2728.7
105.24,2594.24958665794,2728.7
105.25,2602.45601168052,2728.7
105.26,2610.80421999808,2728.7
105.27,2618.72691830808,2728.7
105.28,2626.47708472316,2719.30000000001
105.29,2634.37054703908,2719.3
105.3,2642.80781722692,2719.3
105.31,2650.8221906992,2719.3
105.32,2658.789114942,2719.3
105.33,2667.37974296744,2719.3
105.34,2675.17835559896,2719.3
105.35,2683.80751354037,2719.3
105.36,2692.36238757898,2719.3
105.37,2701.02428992303,2719.3
105.38,2709.75874906506,2749.39999999996
105.39,2718.24792660343,2749.4
105.4,2726.91741661943,2749.4
105.41,2736.00907681368,2749.4
105.42,2744.97649489743,2749.4
105.43,2754.26318576356,2749.4
105.44,2763.38110179694,2749.4
105.45,2772.72874062369,2749.4
105.46,2781.40478915212,2749.4
105.47,2791.0598357449,2749.4
105.48,2800.94608785138,2797.29999999993
105.49,2810.02762458735,2797.3
105.5,2819.60710892049,2797.3
105.51,2829.34283206164,2797.3
105.52,2838.33509725486,2797.3
105.53,2848.12546423527,2797.3
105.54,2857.45234815139,2797.3
105.55,2866.62070563419,2797.3
105.56,2873.88023990227,2797.3
105.57,2882.32229422381,2797.3
105.58,2892.19300523192,2828.29999999996
105.59,2901.29161169419,2828.3
105.6,2910.95664667807,2828.3
105.61,2920.74522401196,2828.3
105.62,2930.4538427403,2828.3
105.63,2940.58254605968,2828.3
105.64,2951.69397319979,2828.3
105.65,2962.10429990241,2828.3
105.66,2972.8631504851,2828.3
105.67,2982.65064733318,2828.3
105.68,2993.17808266782,2895.29999999981
105.69,3006.12047181663,2895.3
105.7,3016.72719178951,2895.3
105.71,3026.98571042325,2895.3
105.72,3037.46829898997,2895.3
105.73,3047.97131631373,2895.3
105.74,3058.01192333215,2895.3
105.75,3067.57168612992,2895.3
105.76,3079.36766467328,2895.3
105.77,3089.75322756241,2895.3
105.78,3097.28761584711,2968.3999999999
105.79,3104.84677863871,2968.4
105.8,3112.20301683663,2968.4
105.81,3120.843562201,2968.4
105.82,3129.72373340477,2968.4
105.83,3139.09546773754,2968.4
105.84,3148.40099557899,2968.4
105.85,3156.88838387985,2968.4
105.86,3165.47609925026,2968.4
105.87,3174.68121022916,2968.4
105.88,3182.96571859819,3055.19999999988
105.89,3191.65453995857,3055.2
105.9,3199.22292773471,3055.2
105.91,3206.79013017363,3055.2
105.92,3216.09576958061,3055.2
105.93,3224.22095587389,3055.2
105.94,3232.431164181,3055.2
105.95,3239.70073503806,3055.2
105.96,3247.31793399259,3055.2
105.97,3254.53864708527,3055.2
105.98,3262.04226008398,3069.89999999998
105.99,3268.79052337543,3069.9
106,3275.43721877852,3069.9
106.01,3282.98109272536,3069.9
106.02,3290.07437781918,3069.9
106.03,3296.58759292219,3069.9
106.04,3303.91710131299,3069.9
106.05,3311.07333675666,3069.9
106.06,3317.96011434312,3069.9
106.07,3325.05681125042,3069.9
106.08,3332.84460043179,3110.59999999994
106.09,3339.73738662333,3110.6
106.1,3346.59294807409,3110.6
106.11,3353.75710873936,3110.6
106.12,3360.97510784694,3110.6
106.13,3368.8495491493,3110.6
106.14,3376.60201910069,3110.6
106.15,3384.11654850446,3110.6
106.16,3391.37977957548,3110.6
106.17,3400.02963526415,3110.6
106.18,3407.67247113798,3177.29999999981
106.19,3415.49827467009,3177.3
106.2,3423.36130273423,3177.3
106.21,3431.81485960994,3177.3
106.22,3438.81248178441,3177.3
106.23,3446.64405258722,3177.3
106.24,3454.61319644288,3177.3
106.25,3462.01742007018,3177.3
106.26,3469.82681324016,3177.3
106.27,3478.00999166964,3177.3
106.28,3485.70078357802,3261.19999999988
106.29,3492.82598329282,3261.2
106.3,3500.05362436308,3261.2
106.31,3507.12341392439,3261.2
106.32,3512.8810260689,3261.2
106.33,3518.59526228157,3261.2
106.34,3524.0405588232,3261.2
106.35,3529.15162886312,3261.2
106.36,3533.71726835434,3261.2
106.37,3537.70929626165,3261.2
106.38,3541.31137886449,3339.1
106.39,3544.74228234157,3339.1
106.4,3547.68010450411,3339.1
106.41,3551.02113055511,3339.1
106.42,3554.24526533888,3339.1
106.43,3557.54209214842,3339.1
106.44,3561.19336259878,3339.1
106.45,3564.58016627011,3339.1
106.46,3568.0953512398,3339.1
106.47,3571.68122230335,3339.1
106.48,3575.1390872076,3379.59999999994
106.49,3578.89978916058,3379.6
106.5,3582.33649982033,3379.6
106.51,3586.04306657239,3379.6
106.52,3588.80104079264,3379.6
106.53,3591.85546498431,3379.6
106.54,3594.7483684689,3379.6
106.55,3597.32988282336,3379.6
106.56,3600.0516892591,3379.6
106.57,3602.45189160899,3379.6
106.58,3604.98939776458,3416.59999999995
106.59,3607.07980490106,3416.6
106.6,3609.48324032555,3416.6
106.61,3611.17099126171,3416.6
106.62,3612.78683479023,3416.6
106.63,3614.57215805536,3416.6
106.64,3615.9440791626,3416.6
106.65,3617.63290466501,3416.6
106.66,3618.94571587696,3416.6
106.67,3620.15313088589,3416.6
106.68,3620.70479779851,3502.79999999976
106.69,3621.70740099122,3502.8
106.7,3622.219719166,3502.8
106.71,3622.51640183535,3502.8
106.72,3622.88986826316,3502.8
106.73,3623.42733310668,3502.8
106.74,3623.87594648107,3502.8
106.75,3623.61287657406,3502.8
106.76,3623.35066628091,3502.8
106.77,3623.52763840809,3502.8
106.78,3623.21609151474,3546.69999999994
106.79,3622.8932736755,3546.7
106.8,3622.80806496314,3546.7
106.81,3622.24074379505,3546.7
106.82,3622.01055701119,3546.7
106.83,3621.74648927945,3546.7
106.84,3622.19378053351,3546.7
106.85,3622.32632235665,3546.7
106.86,3622.463938583,3546.7
106.87,3623.09959438377,3546.7
106.88,3623.62688607772,3654.3
106.89,3624.31362896884,3654.3
106.9,3624.65201877695,3654.3
106.91,3625.7106392107,3654.3
106.92,3626.61164247203,3654.3
106.93,3628.03731325871,3654.3
106.94,3629.2713032629,3654.3
106.95,3630.79982078371,3654.3
106.96,3632.80098611239,3654.3
106.97,3634.72391266164,3654.3
106.98,3636.68758754867,3746.49999999987
106.99,3639.01716093328,3746.5
107,3640.77038744118,3746.5
107.01,3642.44795306032,3746.5
107.02,3644.38620210994,3746.5
107.03,3646.47465296933,3746.5
107.04,3648.97657537723,3746.5
107.05,3650.77089125365,3746.5
107.06,3652.87241749658,3746.5
107.07,3654.61098388125,3746.5
107.08,3656.78531185551,3731.50000000002
107.09,3658.58826132651,3731.5
107.1,3660.41151262354,3731.5
107.11,3661.96465178796,3731.5
107.12,3663.49913913615,3731.5
107.13,3664.55911127213,3731.5
107.14,3665.39601361194,3731.5
107.15,3666.20720460617,3731.5
107.16,3666.92827743104,3731.5
107.17,3667.38032893252,3731.5
107.18,3667.25554312843,3722.50000000003
107.19,3667.33045135902,3722.5
107.2,3666.47152234983,3722.5
107.21,3664.79135722635,3722.5
107.22,3662.16682933309,3722.5
107.23,3658.68543953222,3722.5
107.24,3654.22064648996,3722.5
107.25,3649.11598751945,3722.5
107.26,3643.02522400736,3722.5
107.27,3635.84890022662,3722.5
107.28,3628.11954758945,3756.49999999995
107.29,3619.19122019359,3756.5
107.3,3610.29620979626,3756.5
107.31,3600.89629191574,3756.5
107.32,3591.83439486026,3756.5
107.33,3582.58817486056,3756.5
107.34,3573.61454668511,3756.5
107.35,3563.89827756859,3756.5
107.36,3554.1540602749,3756.5
107.37,3544.45228861935,3756.5
107.38,3534.79685559976,3571.2
107.39,3524.78651899468,3571.2
107.4,3515.07302448522,3571.2
107.41,3505.47159676272,3571.2
107.42,3495.77779748942,3571.2
107.43,3485.8530955976,3571.2
107.44,3476.0225990509,3571.2
107.45,3466.66433760842,3571.2
107.46,3456.83715642154,3571.2
107.47,3447.33771745515,3571.2
107.48,3437.5515764068,3361.8000000003
107.49,3428.3460683276,3361.8
107.5,3418.92187309061,3361.8
107.51,3409.5118279436,3361.8
107.52,3400.76464493463,3361.8
107.53,3390.76824036986,3361.8
107.54,3381.64117915164,3361.8
107.55,3372.50630941835,3361.8
107.56,3363.59251987329,3361.8
107.57,3354.67707653826,3361.8
107.58,3346.04192158504,3085.60000000039
107.59,3336.07910035233,3085.6
107.6,3327.8692488042,3085.6
107.61,3318.19423028197,3085.6
107.62,3308.79809853084,3085.6
107.63,3300.3556325052,3085.6
107.64,3291.63981005834,3085.6
107.65,3282.89635994554,3085.6
107.66,3274.57490462137,3085.6
107.67,3265.70312988955,3085.6
107.68,3257.60580969954,3024.80000000017
107.69,3249.15970731264,3024.8
107.7,3239.89097926957,3024.8
107.71,3231.75334268914,3024.8
107.72,3224.04899763222,3024.8
107.73,3216.59389132739,3024.8
107.74,3209.82593316841,3024.8
107.75,3203.88702073402,3024.8
107.76,3199.94124144969,3024.8
107.77,3193.74358801078,3024.8
107.78,3186.75874842313,2884.7000000002
107.79,3178.75211338551,2884.7
107.8,3170.14196076922,2884.7
107.81,3161.31372808247,2884.7
107.82,3151.96840423496,2884.7
107.83,3144.02224160519,2884.7
107.84,3137.05225914698,2884.7
107.85,3130.36711684305,2884.7
107.86,3123.29560773478,2884.7
107.87,3115.82842907205,2884.7
107.88,3108.54069989664,2797.5
107.89,3101.05715271956,2797.5
107.9,3093.04291503816,2797.5
107.91,3085.65559279625,2797.5
107.92,3078.34827831382,2797.5
107.93,3071.32604428676,2797.5
107.94,3064.14021716582,2797.5
107.95,3056.99418278332,2797.5
107.96,3049.63834430018,2797.5
107.97,3042.5100034503,2797.5
107.98,3034.83275509899,3001.39999999971
107.99,3028.47567920644,3001.4
108,3021.87742465293,3001.4
108.01,3015.44901943129,3001.4
108.02,3008.60923100968,3001.4
108.03,3002.0006603871,3001.4
108.04,2995.87021444295,3001.4
108.05,2989.43123424824,3001.4
108.06,2983.14645958474,3001.4
108.07,2977.05662603607,3001.4
108.08,2970.90654082039,3026.79999999996
108.09,2964.77807230511,3026.8
108.1,2959.26386948411,3026.8
108.11,2953.77859755232,3026.8
108.12,2948.66464418737,3026.8
108.13,2943.82304578611,3026.8
108.14,2938.90492768272,3026.8
108.15,2933.85366205188,3026.8
108.16,2930.33283787403,3026.8
108.17,2926.09448232583,3026.8
108.18,2922.23254266997,3098.0999999998
108.19,2918.76309155717,3098.1
108.2,2915.5837164347,3098.1
108.21,2912.13627270274,3098.1
108.22,2909.16850393779,3098.1
108.23,2905.88309671812,3098.1
108.24,2902.80418444648,3098.1
108.25,2899.95483081294,3098.1
108.26,2896.77444655236,3098.1
108.27,2893.87654964503,3098.1
108.28,2890.55086451014,3146.09999999993
108.29,2888.02973148041,3146.1
108.3,2885.23222143109,3146.1
108.31,2881.97016702416,3146.1
108.32,2879.63406013994,3146.1
108.33,2876.78133029171,3146.1
108.34,2874.14561561072,3146.1
108.35,2871.04215145883,3146.1
108.36,2868.08633227322,3146.1
108.37,2865.61644205649,3146.1
108.38,2863.06379580782,3177.4
108.39,2860.41768203496,3177.4
108.4,2857.52553218757,3177.4
108.41,2854.79582635247,3177.4
108.42,2853.1854522702,3177.4
108.43,2851.05480299052,3177.4
108.44,2849.19745445682,3177.4
108.45,2847.12610463868,3177.4
108.46,2846.20153234318,3177.4
108.47,2844.80140635702,3177.4
108.48,2843.83276925691,3195.19999999998
108.49,2842.90684131453,3195.2
108.5,2842.06974239101,3195.2
108.51,2841.18048105487,3195.2
108.52,2840.67130913132,3195.2
108.53,2840.33866128019,3195.2
108.54,2840.08590453485,3195.2
108.55,2840.0862618407,3195.2
108.56,2839.77611269256,3195.2
108.57,2839.91012738321,3195.2
108.58,2839.98693890414,3320.39999999982
108.59,2840.09730510422,3320.4
108.6,2840.19849921495,3320.4
108.61,2840.21756166759,3320.4
108.62,2840.39174558167,3320.4
108.63,2840.80751818161,3320.4
108.64,2840.98374903588,3320.4
108.65,2841.22453384044,3320.4
108.66,2841.44799958681,3320.4
108.67,2841.63795556689,3320.4
108.68,2841.77444847798,3441.09999999966
108.69,2841.71987857758,3441.1
108.7,2842.10687541565,3441.1
108.71,2842.29093392666,3441.1
108.72,2842.02376373021,3441.1
108.73,2841.66588651628,3441.1
108.74,2841.38293138681,3441.1
108.75,2841.27439120181,3441.1
108.76,2841.23617617143,3441.1
108.77,2840.37573498718,3441.1
108.78,2840.02686406037,3376.40000000009
108.79,2839.4359822868,3376.4
108.8,2838.90927560639,3376.4
108.81,2837.88246743594,3376.4
108.82,2837.4156791334,3376.4
108.83,2836.90963211193,3376.4
108.84,2836.41648286625,3376.4
108.85,2836.29606265313,3376.4
108.86,2835.72744165817,3376.4
108.87,2835.43072884606,3376.4
108.88,2835.13528595887,3362.3
108.89,2835.03158044294,3362.3
108.9,2834.77063073047,3362.3
108.91,2834.54148311248,3362.3
108.92,2834.07805153921,3362.3
108.93,2834.22209208613,3362.3
108.94,2833.64701850866,3362.3
108.95,2833.6007969263,3362.3
108.96,2833.41170329688,3362.3
108.97,2833.18442549712,3362.3
108.98,2832.90179262123,3363.6
108.99,2833.11631739458,3363.6
109,2832.93224978389,3363.6
109.01,2832.83149376052,3363.6
109.02,2832.7652558595,3363.6
109.03,2832.70452986296,3363.6
109.04,2832.44393405774,3363.6
109.05,2832.48302804335,3363.6
109.06,2832.25939083082,3363.6
109.07,2832.06436564505,3363.6
109.08,2832.02812386552,3244.00000000017
109.09,2831.64639038079,3244
109.1,2831.4163789203,3244
109.11,2831.34310376291,3244
109.12,2831.44791367208,3244
109.13,2831.49543581026,3244
109.14,2831.07987164084,3244
109.15,2831.04276717019,3244
109.16,2830.88860396757,3244
109.17,2830.46023728764,3244
109.18,2830.70572495303,3211.30000000009
109.19,2830.11079575489,3211.3
109.2,2830.30767813445,3211.3
109.21,2830.10028481841,3211.3
109.22,2830.09429622381,3211.3
109.23,2829.70513544229,3211.3
109.24,2829.84200571209,3211.3
109.25,2830.05785091767,3211.3
109.26,2830.12793475248,3211.3
109.27,2830.20249215636,3211.3
109.28,2830.25432062262,3231.79999999997
109.29,2830.41131107916,3231.8
109.3,2830.25088435524,3231.8
109.31,2830.72804437912,3231.8
109.32,2830.85262302921,3231.8
109.33,2831.01395475745,3231.8
109.34,2830.95952206134,3231.8
109.35,2831.0652005464,3231.8
109.36,2830.83770618269,3231.8
109.37,2831.07690261643,3231.8
109.38,2830.9794532443,3258.5
109.39,2830.60945911962,3258.5
109.4,2830.67082979983,3258.5
109.41,2830.74276324028,3258.5
109.42,2830.26740120125,3258.5
109.43,2830.94091332674,3258.5
109.44,2830.98113744398,3258.5
109.45,2830.97637247487,3258.5
109.46,2831.32994804496,3258.5
109.47,2831.8145177905,3258.5
109.48,2832.20054242137,3308.49999999993
109.49,2832.74073165713,3308.5
109.5,2833.61373713106,3308.5
109.51,2834.83932229993,3308.5
109.52,2836.87691932728,3308.5
109.53,2839.12045882937,3308.5
109.54,2842.02862195621,3308.5
109.55,2844.99741380391,3308.5
109.56,2848.84638117349,3308.5
109.57,2852.82977157991,3308.5
109.58,2857.65737771736,3337.49999999996
109.59,2861.57385729361,3337.5
109.6,2866.87589619053,3337.5
109.61,2872.19068303855,3337.5
109.62,2878.19954861315,3337.5
109.63,2883.56497244476,3337.5
109.64,2889.2100832015,3337.5
109.65,2893.95754874646,3337.5
109.66,2900.11423065421,3337.5
109.67,2906.13108536075,3337.5
109.68,2912.85943994866,3393.39999999984
109.69,2919.26782877648,3393.4
109.7,2925.539937995,3393.4
109.71,2931.2366831159,3393.4
109.72,2937.73753531798,3393.4
109.73,2944.03182427018,3393.4
109.74,2949.25106011725,3393.4
109.75,2954.49490845606,3393.4
109.76,2960.59398663352,3393.4
109.77,2965.32114325509,3393.4
109.78,2971.06734701334,3440.59999999993
109.79,2976.32971780587,3440.6
109.8,2981.68613823983,3440.6
109.81,2986.87526149131,3440.6
109.82,2992.49790656181,3440.6
109.83,2996.88039536189,3440.6
109.84,3002.70086672929,3440.6
109.85,3008.50795580283,3440.6
109.86,3013.3834659169,3440.6
109.87,3018.51111135351,3440.6
109.88,3023.35340679728,3482.7
109.89,3027.80700466852,3482.7
109.9,3032.61345795021,3482.7
109.91,3038.28324073335,3482.7
109.92,3043.43391180733,3482.7
109.93,3048.899949991,3482.7
109.94,3053.84409610501,3482.7
109.95,3058.99010354373,3482.7
109.96,3063.26687294785,3482.7
109.97,3068.10339180985,3482.7
109.98,3072.73019280085,3468.20000000002
109.99,3076.94848930213,3468.2
110,3081.14306785174,3468.2
110.01,3083.63248082528,3468.2
110.02,3087.34659318724,3468.2
110.03,3091.18234754403,3468.2
110.04,3095.6889175739,3468.2
110.05,3099.55432124622,3468.2
110.06,3103.34086211094,3468.2
110.07,3106.50690769198,3468.2
110.08,3108.8622093135,3477.39999999999
110.09,3112.06981940512,3477.4
110.1,3114.58159315228,3477.4
110.11,3118.29061634397,3477.4
110.12,3121.28721979025,3477.4
110.13,3124.14562995428,3477.4
110.14,3126.64375148703,3477.4
110.15,3129.11834037019,3477.4
110.16,3131.78950641813,3477.4
110.17,3134.63131018073,3477.4
110.18,3137.31364082042,3508.99999999991
110.19,3140.20230028587,3509
110.2,3143.40805803735,3509
110.21,3146.59859913392,3509
110.22,3149.90130022944,3509
110.23,3152.89723549719,3509
110.24,3156.18451052769,3509
110.25,3160.23707042822,3509
110.26,3163.06391280257,3509
110.27,3165.97162220209,3509
110.28,3168.76560204734,3606.49999999986
110.29,3171.15407733015,3606.5
110.3,3173.7554313543,3606.5
110.31,3176.33094760489,3606.5
110.32,3178.60926710623,3606.5
110.33,3181.04440562436,3606.5
110.34,3183.71501736631,3606.5
110.35,3186.40045539135,3606.5
110.36,3188.78338795574,3606.5
110.37,3191.35887850279,3606.5
110.38,3193.94076731695,3717.7
110.39,3197.75169713308,3717.7
110.4,3201.01999545786,3717.7
110.41,3203.72987311279,3717.7
110.42,3204.51959961514,3717.7
110.43,3206.01024905832,3717.7
110.44,3208.5836673847,3717.7
110.45,3211.27292515708,3717.7
110.46,3214.49832024089,3717.7
110.47,3216.84398990883,3717.7
110.48,3219.72636102728,3770.89999999992
110.49,3222.41274535114,3770.9
110.5,3225.26231228937,3770.9
110.51,3227.90203454773,3770.9
110.52,3230.27719954795,3770.9
110.53,3233.20098757048,3770.9
110.54,3235.75294646203,3770.9
110.55,3238.68540840164,3770.9
110.56,3241.18658584272,3770.9
110.57,3243.40246534381,3770.9
110.58,3245.27698725684,3867.59999999986
110.59,3248.9962325897,3867.6
110.6,3251.37746734421,3867.6
110.61,3253.82853677108,3867.6
110.62,3256.51128707339,3867.6
110.63,3258.35825852293,3867.6
110.64,3260.50955180853,3867.6
110.65,3262.37502156553,3867.6
110.66,3264.43903583294,3867.6
110.67,3266.36550481812,3867.6
110.68,3268.04282467869,3940.69999999979
110.69,3269.36616373254,3940.7
110.7,3270.68405532445,3940.7
110.71,3271.92178393966,3940.7
110.72,3273.52966926665,3940.7
110.73,3275.31871253369,3940.7
110.74,3277.26574259583,3940.7
110.75,3278.58050107322,3940.7
110.76,3279.49147626357,3940.7
110.77,3281.62189844409,3940.7
110.78,3283.01266473979,3901.90000000006
110.79,3284.72102986413,3901.9
110.8,3286.23557740497,3901.9
110.81,3287.7888859037,3901.9
110.82,3289.21183804851,3901.9
110.83,3290.55326319507,3901.9
110.84,3291.98543460051,3901.9
110.85,3293.33583416543,3901.9
110.86,3294.99192044369,3901.9
110.87,3296.13124081195,3901.9
110.88,3297.76102501951,3823.9
110.89,3299.57819398811,3823.9
110.9,3300.57319519585,3823.9
110.91,3301.69747556986,3823.9
110.92,3302.68151990971,3823.9
110.93,3303.81639383682,3823.9
110.94,3304.69220224931,3823.9
110.95,3305.41461472061,3823.9
110.96,3306.5579033305,3823.9
110.97,3307.21363293761,3823.9
110.98,3307.36090550149,3780.70000000006
110.99,3307.96420595252,3780.7
111,3308.13977834867,3780.7
111.01,3308.14107655237,3780.7
111.02,3308.17378395611,3780.7
111.03,3308.47260675723,3780.7
111.04,3308.73311686399,3780.7
111.05,3308.7948558755,3780.7
111.06,3308.68644782434,3780.7
111.07,3308.75663410731,3780.7
111.08,3308.92791612193,3808.59999999996
111.09,3308.6915773238,3808.6
111.1,3308.73045004366,3808.6
111.11,3308.33901651063,3808.6
111.12,3308.457560203,3808.6
111.13,3308.00235048408,3808.6
111.14,3307.5542063401,3808.6
111.15,3307.68135295603,3808.6
111.16,3307.59811781113,3808.6
111.17,3307.23134961916,3808.6
111.18,3306.9329687973,3830.79999999994
111.19,3306.59183350802,3830.8
111.2,3306.58354025219,3830.8
111.21,3306.32058692434,3830.8
111.22,3305.90091518686,3830.8
111.23,3305.78905194822,3830.8
111.24,3305.35091423477,3830.8
111.25,3305.32307122343,3830.8
111.26,3305.25153055955,3830.8
111.27,3305.07562577509,3830.8
111.28,3304.57676156001,3958.09999999982
111.29,3304.14910241003,3958.1
111.3,3304.1063444437,3958.1
111.31,3302.9934612185,3958.1
111.32,3301.94791426067,3958.1
111.33,3300.94801939595,3958.1
111.34,3299.72913865795,3958.1
111.35,3298.34933752985,3958.1
111.36,3296.13251165675,3958.1
111.37,3294.00920484217,3958.1
111.38,3291.65202828193,3905.7
111.39,3288.86728357685,3905.7
111.4,3285.91954003998,3905.7
111.41,3283.9107025887,3905.7
111.42,3281.38796944423,3905.7
111.43,3277.95555947255,3905.7
111.44,3273.63246612721,3905.7
111.45,3270.59122473263,3905.7
111.46,3267.2404230611,3905.7
111.47,3263.75686418444,3905.7
111.48,3259.77249821457,3944.09999999995
111.49,3255.22063371687,3944.1
111.5,3251.28764367847,3944.1
111.51,3247.7577098034,3944.1
111.52,3244.6201645662,3944.1
111.53,3241.71449150083,3944.1
111.54,3240.02872723857,3944.1
111.55,3239.04189929723,3944.1
111.56,3238.62276765317,3944.1
111.57,3238.04811603688,3944.1
111.58,3237.47487835049,3884.10000000009
111.59,3236.52597411524,3884.1
111.6,3235.7061089833,3884.1
111.61,3234.93432709416,3884.1
111.62,3234.2712828631,3884.1
111.63,3233.58930650329,3884.1
111.64,3232.83482353415,3884.1
111.65,3232.11910944191,3884.1
111.66,3231.03139800732,3884.1
111.67,3230.13495027713,3884.1
111.68,3229.34051455684,3861.60000000006
111.69,3228.41798580871,3861.6
111.7,3227.4807747137,3861.6
111.71,3227.06082006732,3861.6
111.72,3226.45622334462,3861.6
111.73,3225.85725536499,3861.6
111.74,3225.24417681257,3861.6
111.75,3224.89922539908,3861.6
111.76,3224.34286255064,3861.6
111.77,3224.22613779364,3861.6
111.78,3224.04228520612,3966.39999999985
111.79,3224.18343475453,3966.4
111.8,3224.37489718673,3966.4
111.81,3224.51943273284,3966.4
111.82,3224.7544644131,3966.4
111.83,3224.94241475032,3966.4
111.84,3225.25997197035,3966.4
111.85,3225.52402069819,3966.4
111.86,3226.05131164291,3966.4
111.87,3226.72459824261,3966.4
111.88,3227.16995091248,3889.7
111.89,3227.4152834128,3889.7
111.9,3227.83359655299,3889.7
111.91,3228.04014210499,3889.7
111.92,3228.23567567861,3889.7
111.93,3228.10851331329,3889.7
111.94,3228.13855534856,3889.7
111.95,3227.9608626337,3889.7
111.96,3227.85600837538,3889.7
111.97,3227.7644669784,3889.7
111.98,3227.80565009965,3994.99999999985
111.99,3227.57433111498,3995
112,3227.53200861335,3995
112.01,3227.43636500856,3995
112.02,3227.62829343086,3995
112.03,3227.68805465033,3995
112.04,3227.78589619341,3995
112.05,3227.85024616088,3995
112.06,3228.18069325529,3995
112.07,3228.46994186398,3995
112.08,3229.81026338461,4007.49999999998
112.09,3230.78563966677,4007.5
112.1,3232.25964469563,4007.5
112.11,3233.74144853954,4007.5
112.12,3235.61006566591,4007.5
112.13,3238.22118656123,4007.5
112.14,3240.52662873127,4007.5
112.15,3242.78015955028,4007.5
112.16,3244.61685202787,4007.5
112.17,3248.13205786279,4007.5
112.18,3251.24743856573,4011.39999999999
112.19,3254.53856390582,4011.4
112.2,3257.56187377824,4011.4
112.21,3260.38152204047,4011.4
112.22,3264.04870095368,4011.4
112.23,3266.46887257997,4011.4
112.24,3268.86492840771,4011.4
112.25,3271.14117217029,4011.4
112.26,3273.71396733736,4011.4
112.27,3275.70315388236,4011.4
112.28,3276.93261288145,4185.89999999975
112.29,3278.52578238437,4185.9
112.3,3280.08397839491,4185.9
112.31,3281.10199490389,4185.9
112.32,3282.28549116212,4185.9
112.33,3283.47178375553,4185.9
112.34,3284.07645210589,4185.9
112.35,3284.57520851247,4185.9
112.36,3284.69108282031,4185.9
112.37,3284.96640587355,4185.9
112.38,3284.52280114643,4193.6
112.39,3284.36652552409,4193.6
112.4,3283.77574314258,4193.6
112.41,3283.96788568947,4193.6
112.42,3283.42359296684,4193.6
112.43,3282.50089397397,4193.6
112.44,3281.66062529142,4193.6
112.45,3280.52829893196,4193.6
112.46,3279.85832309323,4193.6
112.47,3279.08617841119,4193.6
112.48,3277.61931123497,4264.5999999999
112.49,3276.67746499877,4264.6
112.5,3275.16295034779,4264.6
112.51,3274.25775748952,4264.6
112.52,3273.28772937657,4264.6
112.53,3273.13612358797,4264.6
112.54,3272.53568150482,4264.6
112.55,3272.28481991553,4264.6
112.56,3271.70408476113,4264.6
112.57,3271.41091350143,4264.6
112.58,3271.64390509619,4261.1
112.59,3271.33257931432,4261.1
112.6,3272.02747823123,4261.1
112.61,3272.63333404165,4261.1
112.62,3272.96034700351,4261.1
112.63,3274.48786358453,4261.1
112.64,3275.76058203417,4261.1
112.65,3277.62429923609,4261.1
112.66,3279.57525002386,4261.1
112.67,3282.48768729365,4261.1
112.68,3285.09566607786,4290.99999999992
112.69,3288.46187289753,4291
112.7,3291.37884011498,4291
112.71,3294.80310531029,4291
112.72,3298.78381236888,4291
112.73,3302.89888661086,4291
112.74,3306.67217046262,4291
112.75,3310.78933480706,4291
112.76,3315.88369874199,4291
112.77,3320.40002002643,4291
112.78,3325.66739526012,4511.89999999969
112.79,3331.27723988024,4511.9
112.8,3335.93384048613,4511.9
112.81,3341.09780659307,4511.9
112.82,3345.78074183192,4511.9
112.83,3350.92548556835,4511.9
112.84,3355.88907765908,4511.9
112.85,3361.6655874509,4511.9
112.86,3366.92742624856,4511.9
112.87,3371.90464452302,4511.9
112.88,3377.23780937315,4498.3
112.89,3383.02178623116,4498.3
112.9,3387.1974738708,4498.3
112.91,3392.18572273498,4498.3
112.92,3397.23223805069,4498.3
112.93,3401.76970289287,4498.3
112.94,3405.82409197695,4498.3
112.95,3409.89359185535,4498.3
112.96,3413.75815518229,4498.3
112.97,3417.67805457649,4498.3
112.98,3421.53282536953,4683.79999999974
112.99,3425.2463944105,4683.8
113,3428.96110940756,4683.8
113.01,3431.81283101198,4683.8
113.02,3435.34894020913,4683.8
113.03,3438.65741498766,4683.8
113.04,3442.08502667338,4683.8
113.05,3445.48656242432,4683.8
113.06,3449.27249653743,4683.8
113.07,3452.52810400017,4683.8
113.08,3456.10047495635,4945.79999999963
113.09,3459.70070549444,4945.8
113.1,3462.50987714229,4945.8
113.11,3465.66661239324,4945.8
113.12,3468.84124234988,4945.8
113.13,3471.67827596888,4945.8
113.14,3474.89295863914,4945.8
113.15,3477.4850809711,4945.8
113.16,3479.8777440478,4945.8
113.17,3481.79980888984,4945.8
113.18,3484.67861784264,4721.10000000064
113.19,3486.99974447083,4721.1
113.2,3489.17818657082,4721.1
113.21,3491.37449718972,4721.1
113.22,3493.67351788924,4721.1
113.23,3495.98827570189,4721.1
113.24,3497.91955537466,4721.1
113.25,3500.21252482665,4721.1
113.26,3502.81921119634,4721.1
113.27,3504.84013681271,4721.1
113.28,3506.71600686614,4618.00000000015
113.29,3508.65393958042,4618
113.3,3511.133235293,4618
113.31,3513.22878986303,4618
113.32,3515.66233618699,4618
113.33,3518.1483720433,4618
113.34,3520.72766386085,4618
113.35,3523.26215531625,4618
113.36,3525.81157652019,4618
113.37,3528.77039342773,4618
113.38,3532.1783582486,4673.8
113.39,3534.8204459796,4673.8
113.4,3538.05116927216,4673.8
113.41,3541.59899804008,4673.8
113.42,3544.57523514912,4673.8
113.43,3548.21972137647,4673.8
113.44,3551.57324055634,4673.8
113.45,3555.4329196508,4673.8
113.46,3559.18760480906,4673.8
113.47,3562.74084380796,4673.8
113.48,3566.63141022626,4665.40000000001
113.49,3570.78552494925,4665.4
113.5,3574.83791389116,4665.4
113.51,3578.60443537361,4665.4
113.52,3582.05533938587,4665.4
113.53,3585.29645898914,4665.4
113.54,3588.15523364446,4665.4
113.55,3591.40411391052,4665.4
113.56,3594.2679519865,4665.4
113.57,3596.89604169192,4665.4
113.58,3599.4360502908,4367.80000000042
113.59,3601.57999434947,4367.8
113.6,3604.17302842615,4367.8
113.61,3606.32533506976,4367.8
113.62,3608.72958760224,4367.8
113.63,3611.29556877496,4367.8
113.64,3613.47409185959,4367.8
113.65,3615.74779037791,4367.8
113.66,3618.20265912228,4367.8
113.67,3620.54646673809,4367.8
113.68,3623.10820266951,4415.99999999986
113.69,3625.35919797246,4416
113.7,3626.61359855716,4416
113.71,3626.50065334252,4416
113.72,3625.03258330169,4416
113.73,3622.44296188942,4416
113.74,3618.67743609331,4416
113.75,3613.62793539521,4416
113.76,3607.2774326897,4416
113.77,3599.73269461497,4416
113.78,3590.72369622022,4263.50000000022
113.79,3581.21815664132,4263.5
113.8,3571.41131944865,4263.5
113.81,3561.25565973526,4263.5
113.82,3551.12581299714,4263.5
113.83,3541.27655617304,4263.5
113.84,3530.89961816613,4263.5
113.85,3521.09131710769,4263.5
113.86,3511.03894381921,4263.5
113.87,3501.62783877686,4263.5
113.88,3491.68603482952,3998.3
113.89,3481.76748306018,3998.3
113.9,3472.33027310651,3998.3
113.91,3462.83680949119,3998.3
113.92,3453.34356254012,3998.3
113.93,3443.67955556178,3998.3
113.94,3433.71123217327,3998.3
113.95,3424.24718293635,3998.3
113.96,3414.99492814288,3998.3
113.97,3406.02327205603,3998.3
113.98,3396.85976399394,3902.30000000014
113.99,3387.44955949497,3902.3
114,3378.69363583252,3902.3
114.01,3369.20089728397,3902.3
114.02,3359.90766995093,3902.3
114.03,3350.92084495432,3902.3
114.04,3342.14584752984,3902.3
114.05,3332.80780210375,3902.3
114.06,3323.84220608014,3902.3
114.07,3314.88591322388,3902.3
114.08,3305.84585588812,3564.10000000048
114.09,3297.16682173986,3564.1
114.1,3288.7222037919,3564.1
114.11,3279.79826408263,3564.1
114.12,3270.9310411794,3564.1
114.13,3263.48062925561,3564.1
114.14,3255.43919962529,3564.1
114.15,3246.75050806993,3564.1
114.16,3237.5941172104,3564.1
114.17,3229.38563669646,3564.1
114.18,3221.37204783953,3414.00000000043
114.19,3213.65835517086,3414
114.2,3206.23491923679,3414
114.21,3200.61975722817,3414
114.22,3194.69820788635,3414
114.23,3189.56830053512,3414
114.24,3183.71432968545,3414
114.25,3176.19345465652,3414
114.26,3167.82586404867,3414
114.27,3158.99179257073,3414
114.28,3150.32997800015,3273.7000000002
114.29,3142.00229311308,3273.7
114.3,3134.70023921934,3273.7
114.31,3127.92376730328,3273.7
114.32,3120.84442372782,3273.7
114.33,3112.98781292662,3273.7
114.34,3105.50742119984,3273.7
114.35,3097.79384325887,3273.7
114.36,3090.20652789788,3273.7
114.37,3082.87347373163,3273.7
114.38,3075.56034816517,3084.2
114.39,3068.32444648266,3084.2
114.4,3060.43448930381,3084.2
114.41,3053.40842300506,3084.2
114.42,3046.03827578385,3084.2
114.43,3038.72230930995,3084.2
114.44,3031.40253691603,3084.2
114.45,3023.73496764873,3084.2
114.46,3016.37362982568,3084.2
114.47,3009.22084250742,3084.2
114.48,3002.85081377787,2857.40000000032
114.49,2996.02781228453,2857.4
114.5,2988.45244177319,2857.4
114.51,2981.75587597999,2857.4
114.52,2975.21271192332,2857.4
114.53,2968.44479795241,2857.4
114.54,2961.12055822928,2857.4
114.55,2954.98571391359,2857.4
114.56,2948.07471700734,2857.4
114.57,2941.70791741492,2857.4
114.58,2934.3143468765,2799.70000000008
114.59,2928.09855407906,2799.7
114.6,2921.22174689562,2799.7
114.61,2914.41063900436,2799.7
114.62,2907.55859169036,2799.7
114.63,2900.61959159471,2799.7
114.64,2893.78773275856,2799.7
114.65,2887.04239033384,2799.7
114.66,2880.31398260416,2799.7
114.67,2873.20187153613,2799.7
114.68,2866.64179640951,2807.89999999998
114.69,2860.05305447875,2807.9
114.7,2852.69461982695,2807.9
114.71,2846.6755736691,2807.9
114.72,2840.15112096426,2807.9
114.73,2833.65032739777,2807.9
114.74,2827.40497337057,2807.9
114.75,2821.05993509581,2807.9
114.76,2814.63998647726,2807.9
114.77,2808.597361152,2807.9
114.78,2802.35716853861,3171.79999999948
114.79,2796.18059410249,3171.8
114.8,2790.33385472602,3171.8
114.81,2784.26960576735,3171.8
114.82,2778.04898887494,3171.8
114.83,2771.97455326646,3171.8
114.84,2765.72921118026,3171.8
114.85,2759.92733608944,3171.8
114.86,2753.58927177918,3171.8
114.87,2747.34433499788,3171.8
114.88,2741.1462645821,3237.8
114.89,2734.92128675644,3237.8
114.9,2729.02847577367,3237.8
114.91,2723.75228196662,3237.8
114.92,2718.03811183142,3237.8
114.93,2712.31503577202,3237.8
114.94,2706.32274702019,3237.8
114.95,2700.62311444102,3237.8
114.96,2695.55994980453,3237.8
114.97,2690.38544266089,3237.8
114.98,2685.345232397,3327.19999999987
114.99,2680.10091405333,3327.2
115,2674.58782392615,3327.2
115.01,2670.03131625394,3327.2
115.02,2664.64443735912,3327.2
115.03,2659.77776365859,3327.2
115.04,2654.85268976151,3327.2
115.05,2650.00306756772,3327.2
115.06,2645.30129717435,3327.2
115.07,2640.50811721352,3327.2
115.08,2635.57847091663,3360.59999999995
115.09,2630.76206380908,3360.6
115.1,2626.19043223469,3360.6
115.11,2621.19584838888,3360.6
115.12,2616.40306779621,3360.6
115.13,2611.76513989029,3360.6
115.14,2607.03421881339,3360.6
115.15,2602.31753458788,3360.6
115.16,2597.09070649799,3360.6
115.17,2592.23224992184,3360.6
115.18,2587.71622981226,3390.99999999991
115.19,2582.71061646069,3391
115.2,2577.96937715007,3391
115.21,2573.04259403929,3391
115.22,2567.82631170124,3391
115.23,2562.69329312799,3391
115.24,2557.87302174073,3391
115.25,2552.81621078863,3391
115.26,2548.03978151904,3391
115.27,2542.69292940656,3391
115.28,2538.15830955934,3394.69999999999
115.29,2533.11038941739,3394.7
115.3,2528.06130240396,3394.7
115.31,2523.29986507535,3394.7
115.32,2518.90002259061,3394.7
115.33,2514.04633689333,3394.7
115.34,2509.67820681157,3394.7
115.35,2505.08571617411,3394.7
115.36,2500.24897480837,3394.7
115.37,2495.93104175036,3394.7
115.38,2491.73891916168,3414.1
115.39,2487.32744705293,3414.1
115.4,2482.94103536498,3414.1
115.41,2478.85250629741,3414.1
115.42,2474.530633056,3414.1
115.43,2470.08902922358,3414.1
115.44,2466.02912938357,3414.1
115.45,2461.70002858408,3414.1
115.46,2457.58865909241,3414.1
115.47,2453.3957859551,3414.1
115.48,2449.09131482607,3365.90000000007
115.49,2445.02447240867,3365.9
115.5,2440.72029740449,3365.9
115.51,2436.65871375262,3365.9
115.52,2432.63321311344,3365.9
115.53,2428.49654343412,3365.9
115.54,2424.46419182063,3365.9
115.55,2420.2887993819,3365.9
115.56,2416.33071405762,3365.9
115.57,2412.01537988389,3365.9
115.58,2407.97168124559,3342.80000000003
115.59,2404.03618303636,3342.8
115.6,2400.08245821174,3342.8
115.61,2396.3603055443,3342.8
115.62,2392.24959791612,3342.8
115.63,2388.37711105988,3342.8
115.64,2384.21366021556,3342.8
115.65,2380.27624820719,3342.8
115.66,2376.20051394926,3342.8
115.67,2372.42833639885,3342.8
115.68,2368.66377342441,3350.19999999998
115.69,2364.68157981286,3350.2
115.7,2360.83437663907,3350.2
115.71,2356.77619419774,3350.2
115.72,2352.95099202824,3350.2
115.73,2349.20414099324,3350.2
115.74,2345.48711212425,3350.2
115.75,2341.83029576957,3350.2
115.76,2338.1656583214,3350.2
115.77,2334.30434270216,3350.2
115.78,2330.445031335,3354.49999999999
115.79,2326.5807445113,3354.5
115.8,2322.89152920935,3354.5
115.81,2319.33122736803,3354.5
115.82,2315.70711058106,3354.5
115.83,2312.22040958127,3354.5
115.84,2308.59308945463,3354.5
115.85,2305.10884682538,3354.5
115.86,2301.54942384702,3354.5
115.87,2298.12904606038,3354.5
115.88,2294.81401280675,3361.1
115.89,2291.46972890575,3361.1
115.9,2288.43686820082,3361.1
115.91,2285.59024042196,3361.1
115.92,2282.87858935915,3361.1
115.93,2280.37567750487,3361.1
115.94,2278.31545428246,3361.1
115.95,2276.45382640088,3361.1
115.96,2274.76732342076,3361.1
115.97,2273.36223638942,3361.1
115.98,2272.29568884383,3435.49999999989
115.99,2271.33142529412,3435.5
116,2270.37425406671,3435.5
116.01,2269.73800616065,3435.5
116.02,2269.08984488295,3435.5
116.03,2268.56842841995,3435.5
116.04,2268.28439084233,3435.5
116.05,2267.81346817104,3435.5
116.06,2267.52308639373,3435.5
116.07,2267.45280232014,3435.5
116.08,2267.21136707792,3445.09999999999
116.09,2267.33243035192,3445.1
116.1,2267.31179253293,3445.1
116.11,2266.97326053034,3445.1
116.12,2266.68769508695,3445.1
116.13,2266.46934252304,3445.1
116.14,2266.08611819331,3445.1
116.15,2265.7992190533,3445.1
116.16,2265.47755666315,3445.1
116.17,2264.92052578516,3445.1
116.18,2264.39246565632,3472.69999999992
116.19,2263.76574770556,3472.7
116.2,2263.25124739299,3472.7
116.21,2262.71497953814,3472.7
116.22,2262.07676570738,3472.7
116.23,2261.36255581474,3472.7
116.24,2260.80804076412,3472.7
116.25,2260.31957713736,3472.7
116.26,2259.70087050787,3472.7
116.27,2259.05905772234,3472.7
116.28,2258.502578214,3403.1000000001
116.29,2257.88345476328,3403.1
116.3,2257.21850646604,3403.1
116.31,2256.8227225288,3403.1
116.32,2256.12871932432,3403.1
116.33,2255.75142324496,3403.1
116.34,2255.47507761586,3403.1
116.35,2255.21857679125,3403.1
116.36,2255.1473493267,3403.1
116.37,2254.99359412181,3403.1
116.38,2254.88941041758,3556.8
116.39,2254.76591526647,3556.8
116.4,2254.70257684525,3556.8
116.41,2254.78393897013,3556.8
116.42,2254.64408051538,3556.8
116.43,2254.658512208,3556.8
116.44,2254.44986214705,3556.8
116.45,2254.48470501483,3556.8
116.46,2254.40551823776,3556.8
116.47,2254.31922196536,3556.8
116.48,2254.11792858887,3469.40000000012
116.49,2254.0491398718,3469.4
116.5,2253.88526969819,3469.4
116.51,2253.78750431984,3469.4
116.52,2253.63877277108,3469.4
116.53,2253.49978973975,3469.4
116.54,2253.20999974978,3469.4
116.55,2253.03137233964,3469.4
116.56,2252.99323584538,3469.4
116.57,2252.87056678455,3469.4
116.58,2252.77734886048,3437.30000000005
116.59,2252.72242426531,3437.3
116.6,2252.46750485747,3437.3
116.61,2252.30585309057,3437.3
116.62,2252.2303815835,3437.3
116.63,2251.91529331729,3437.3
116.64,2252.01765979238,3437.3
116.65,2251.79102670138,3437.3
116.66,2251.51441797529,3437.3
116.67,2251.73034495725,3437.3
116.68,2251.46473910286,3519.99999999976
116.69,2251.45192098961,3520
116.7,2251.3330384851,3520
116.71,2251.35785414359,3520
116.72,2251.44402580403,3520
116.73,2251.22812955773,3520
116.74,2251.33369154465,3520
116.75,2251.39071432136,3520
116.76,2251.18059111435,3520
116.77,2251.20087637628,3520
116.78,2251.19693204678,3430.10000000013
116.79,2251.3113667328,3430.1
116.8,2251.41115845514,3430.1
116.81,2251.47345803083,3430.1
116.82,2251.34869476067,3430.1
116.83,2251.53877104693,3430.1
116.84,2251.37527877128,3430.1
116.85,2251.36064421891,3430.1
116.86,2251.52804525505,3430.1
116.87,2251.31729447527,3430.1
116.88,2251.24306767466,3415.6
116.89,2251.32312474016,3415.6
116.9,2251.18030689942,3415.6
116.91,2251.30091018609,3415.6
116.92,2251.23054735351,3415.6
116.93,2251.33935906573,3415.6
116.94,2251.31694266999,3415.6
116.95,2251.66155812332,3415.6
116.96,2251.77985048715,3415.6
116.97,2252.09878444507,3415.6
116.98,2252.08415958903,3440.79999999996
116.99,2252.60587619031,3440.8
117,2252.74422670127,3440.8
117.01,2253.17698517534,3440.8
117.02,2253.36961475447,3440.8
117.03,2253.86333766574,3440.8
117.04,2254.15184321039,3440.8
117.05,2254.66083202934,3440.8
117.06,2255.11313822904,3440.8
117.07,2255.65552070536,3440.8
117.08,2256.1055053291,3436.20000000001
117.09,2256.60060079151,3436.2
117.1,2257.02757667372,3436.2
117.11,2257.20249564305,3436.2
117.12,2257.48865865178,3436.2
117.13,2257.58276062644,3436.2
117.14,2257.61974294944,3436.2
117.15,2257.44757345233,3436.2
117.16,2257.1425642068,3436.2
117.17,2256.7392756104,3436.2
117.18,2256.14916387925,3505.7999999998
117.19,2255.45088313383,3505.8
117.2,2254.89956612157,3505.8
117.21,2254.46932238704,3505.8
117.22,2254.17726161505,3505.8
117.23,2253.71613859399,3505.8
117.24,2253.5969691718,3505.8
117.25,2253.39525187824,3505.8
117.26,2253.32507792287,3505.8
117.27,2253.23276540267,3505.8
117.28,2253.37093497369,3460.80000000006
117.29,2253.46522200799,3460.8
117.3,2253.77814105563,3460.8
117.31,2253.8951551958,3460.8
117.32,2254.15063129046,3460.8
117.33,2254.84458164915,3460.8
117.34,2255.36517013731,3460.8
117.35,2255.70498050169,3460.8
117.36,2256.26943595268,3460.8
117.37,2256.92327924761,3460.8
117.38,2257.45225928255,3530.7
117.39,2258.23547076861,3530.7
117.4,2258.96915026348,3530.7
117.41,2259.80293060398,3530.7
117.42,2260.92404877746,3530.7
117.43,2262.11264599975,3530.7
117.44,2263.33079121185,3530.7
117.45,2264.23714328039,3530.7
117.46,2265.44016184251,3530.7
117.47,2266.90815530044,3530.7
117.48,2268.27460595644,3710.59999999974
117.49,2269.89039790492,3710.6
117.5,2271.45433973972,3710.6
117.51,2272.98006955066,3710.6
117.52,2274.70500129374,3710.6
117.53,2276.38686200624,3710.6
117.54,2278.06045571008,3710.6
117.55,2279.52092505494,3710.6
117.56,2281.08290722481,3710.6
117.57,2282.76259160325,3710.6
117.58,2284.37278706016,3653.10000000008
117.59,2285.9219139594,3653.1
117.6,2287.47269712023,3653.1
117.61,2288.98175482583,3653.1
117.62,2290.2596636043,3653.1
117.63,2291.72848329316,3653.1
117.64,2293.08860818704,3653.1
117.65,2294.27544329337,3653.1
117.66,2295.30987964004,3653.1
117.67,2296.44181847565,3653.1
117.68,2297.5653082056,3774.49999999966
117.69,2298.45823922101,3774.5
117.7,2299.35041982849,3774.5
117.71,2300.32244415341,3774.5
117.72,2301.35329268493,3774.5
117.73,2302.30385515693,3774.5
117.74,2303.25513046619,3774.5
117.75,2304.25783988264,3774.5
117.76,2305.30366678378,3774.5
117.77,2306.28056527445,3774.5
117.78,2307.56937526994,3939.89999999976
117.79,2308.70355625744,3939.9
117.8,2309.46798261846,3939.9
117.81,2310.60114043171,3939.9
117.82,2311.20640540919,3939.9
117.83,2311.79879737196,3939.9
117.84,2312.04755196003,3939.9
117.85,2312.24162746752,3939.9
117.86,2312.50840717338,3939.9
117.87,2312.55219123668,3939.9
117.88,2312.53109697039,3882.7
117.89,2312.18386446177,3882.7
117.9,2311.95036604537,3882.7
117.91,2311.7585394923,3882.7
117.92,2311.54148262049,3882.7
117.93,2311.21631787258,3882.7
117.94,2311.14124996429,3882.7
117.95,2310.838515533,3882.7
117.96,2310.79175210605,3882.7
117.97,2310.52801953763,3882.7
117.98,2310.57419475169,3928.99999999993
117.99,2310.60711884592,3929
118,2310.26737418002,3929
118.01,2309.89118224057,3929
118.02,2309.96301162182,3929
118.03,2309.95498567472,3929
118.04,2309.76906000347,3929
118.05,2309.53615738818,3929
118.06,2309.32578747992,3929
118.07,2309.12830787209,3929
118.08,2309.14998869349,4117.39999999973
118.09,2308.69240357578,4117.4
118.1,2308.37881087107,4117.4
118.11,2307.95644467585,4117.4
118.12,2306.92043143461,4117.4
118.13,2305.88645082584,4117.4
118.14,2304.79350342656,4117.4
118.15,2303.41491169028,4117.4
118.16,2301.87247407097,4117.4
118.17,2300.12609316543,4117.4
118.18,2298.21619037015,3875.00000000069
118.19,2296.01166911783,3875
118.2,2293.68553823418,3875
118.21,2291.38931942632,3875
118.22,2288.8374544181,3875
118.23,2286.25404142565,3875
118.24,2283.60883615006,3875
118.25,2280.50676992187,3875
118.26,2277.76260379056,3875
118.27,2274.7014550004,3875
118.28,2271.59934169693,3781.20000000013
118.29,2268.33092597342,3781.2
118.3,2265.22981035694,3781.2
118.31,2261.91490225348,3781.2
118.32,2258.56402113203,3781.2
118.33,2255.24793604822,3781.2
118.34,2251.77227087998,3781.2
118.35,2248.38382953208,3781.2
118.36,2244.99102722152,3781.2
118.37,2241.52571089908,3781.2
118.38,2237.97068681641,3833.6
118.39,2234.4181051597,3833.6
118.4,2230.93226513841,3833.6
118.41,2227.30198682483,3833.6
118.42,2223.84367445764,3833.6
118.43,2220.28007041143,3833.6
118.44,2216.7545450067,3833.6
118.45,2213.37453950258,3833.6
118.46,2209.86838407078,3833.6
118.47,2206.44054536286,3833.6
118.48,2202.64156687652,3510.80000000046
118.49,2199.36260266818,3510.8
118.5,2195.96683293574,3510.8
118.51,2192.33702289774,3510.8
118.52,2188.91877215018,3510.8
118.53,2185.42751167328,3510.8
118.54,2181.80397006613,3510.8
118.55,2178.32175979124,3510.8
118.56,2174.9967689351,3510.8
118.57,2171.23854264997,3510.8
118.58,2167.66012621011,3305.40000000029
118.59,2164.07663739669,3305.4
118.6,2160.20960446011,3305.4
118.61,2156.58733742361,3305.4
118.62,2153.0724968039,3305.4
118.63,2149.30713384445,3305.4
118.64,2145.64270519691,3305.4
118.65,2142.11676853843,3305.4
118.66,2138.4721950814,3305.4
118.67,2134.58181537488,3305.4
118.68,2130.55970584463,3197.50000000031
118.69,2126.87446981664,3197.5
118.7,2123.11558417717,3197.5
118.71,2119.02094034202,3197.5
118.72,2115.5730243745,3197.5
118.73,2111.79181832566,3197.5
118.74,2107.8382250501,3197.5
118.75,2104.1943740384,3197.5
118.76,2100.29103879564,3197.5
118.77,2096.59764099128,3197.5
118.78,2093.1119861084,3111.70000000012
118.79,2089.39667813999,3111.7
118.8,2085.94976695152,3111.7
118.81,2081.92667005757,3111.7
118.82,2078.23439801901,3111.7
118.83,2074.63695807485,3111.7
118.84,2071.16213014826,3111.7
118.85,2067.49604676251,3111.7
118.86,2063.89896946087,3111.7
118.87,2060.03063640898,3111.7
118.88,2056.45750143765,3142.6
118.89,2053.18105041586,3142.6
118.9,2049.48822673516,3142.6
118.91,2046.2549009946,3142.6
118.92,2042.85385179789,3142.6
118.93,2039.7755803479,3142.6
118.94,2036.91441731092,3142.6
118.95,2033.97871633155,3142.6
118.96,2031.20665584678,3142.6
118.97,2028.70959039429,3142.6
118.98,2026.12687896956,3133.10000000001
118.99,2023.51639088579,3133.1
119,2021.26674741187,3133.1
119.01,2019.44447426803,3133.1
119.02,2017.98114542309,3133.1
119.03,2016.87545085447,3133.1
119.04,2016.01299773599,3133.1
119.05,2015.58052900801,3133.1
119.06,2015.27547267103,3133.1
119.07,2015.50712321794,3133.1
119.08,2015.75824989132,3179.39999999993
119.09,2016.46064687889,3179.4
119.1,2017.20396099738,3179.4
119.11,2018.09278699291,3179.4
119.12,2019.05149698395,3179.4
119.13,2019.71058726472,3179.4
119.14,2020.43964167676,3179.4
119.15,2021.44054530096,3179.4
119.16,2022.15639001686,3179.4
119.17,2022.80807394815,3179.4
119.18,2023.73614435425,3165.70000000004
119.19,2024.49841428791,3165.7
119.2,2024.94717678208,3165.7
119.21,2025.06046417524,3165.7
119.22,2025.04075906628,3165.7
119.23,2024.95054417279,3165.7
119.24,2024.43424150418,3165.7
119.25,2023.96443937207,3165.7
119.26,2022.97176968369,3165.7
119.27,2021.82130394567,3165.7
119.28,2020.5258265517,3183.19999999998
119.29,2018.75065985165,3183.2
119.3,2016.87512902769,3183.2
119.31,2015.02782094214,3183.2
119.32,2013.01161657288,3183.2
119.33,2010.66731368875,3183.2
119.34,2008.17030760866,3183.2
119.35,2005.6669909682,3183.2
119.36,2002.96287722451,3183.2
119.37,2000.06878979536,3183.2
119.38,1997.18003548331,3174.4
119.39,1993.79531678108,3174.4
119.4,1990.73281027275,3174.4
119.41,1987.48846482066,3174.4
119.42,1984.34561683493,3174.4
119.43,1981.22934688125,3174.4
119.44,1977.86086001155,3174.4
119.45,1974.80353111708,3174.4
119.46,1971.82877885985,3174.4
119.47,1968.95351596057,3174.4
119.48,1965.58645692692,3175.8
119.49,1962.36658078358,3175.8
119.5,1959.43300684262,3175.8
119.51,1956.595044174,3175.8
119.52,1953.99262510151,3175.8
119.53,1951.41861350693,3175.8
119.54,1949.42942837651,3175.8
119.55,1947.21853282871,3175.8
119.56,1945.60998016198,3175.8
119.57,1944.05729092049,3175.8
119.58,1942.50059528159,3168.10000000001
119.59,1941.46320820732,3168.1
119.6,1940.4648618827,3168.1
119.61,1939.65250206308,3168.1
119.62,1938.95572786036,3168.1
119.63,1938.51780956483,3168.1
119.64,1938.11169622696,3168.1
119.65,1937.86204491795,3168.1
119.66,1937.87722455496,3168.1
119.67,1938.06208475815,3168.1
119.68,1938.60601008042,3185.69999999995
119.69,1939.0731439359,3185.7
119.7,1939.69007364801,3185.7
119.71,1940.07374816817,3185.7
119.72,1940.26626218563,3185.7
119.73,1940.24893783074,3185.7
119.74,1940.49112853265,3185.7
119.75,1940.63803333001,3185.7
119.76,1940.37859618347,3185.7
119.77,1940.25216176625,3185.7
119.78,1939.89472589657,3206.89999999997
119.79,1939.43600761513,3206.9
119.8,1938.79856020888,3206.9
119.81,1938.08126114817,3206.9
119.82,1937.07521796901,3206.9
119.83,1935.62966805001,3206.9
119.84,1934.14261468578,3206.9
119.85,1932.59290962655,3206.9
119.86,1930.60136415472,3206.9
119.87,1928.24944176727,3206.9
119.88,1925.86830681174,3208.3
119.89,1922.98726539275,3208.3
119.9,1920.3118211018,3208.3
119.91,1917.69544607554,3208.3
119.92,1914.75292361156,3208.3
119.93,1912.09456662385,3208.3
119.94,1909.25594682372,3208.3
119.95,1906.52491483857,3208.3
119.96,1903.742411498,3208.3
119.97,1901.01244856705,3208.3
119.98,1898.33344192999,3199.70000000001
119.99,1895.46584667964,3199.7
120,1892.64343780269,3199.7
120.01,1890.01080137639,3199.7
120.02,1887.05959458375,3199.7
120.03,1884.15790336005,3199.7
120.04,1881.46919413056,3199.7
120.05,1878.71104526604,3199.7
120.06,1875.75955759387,3199.7
120.07,1873.22896286511,3199.7
120.08,1870.36619284452,3192.70000000001
120.09,1867.66822247102,3192.7
120.1,1864.81003273932,3192.7
120.11,1861.97014621111,3192.7
120.12,1859.1149029795,3192.7
120.13,1856.38311816013,3192.7
120.14,1853.40312719169,3192.7
120.15,1850.44834081275,3192.7
120.16,1847.71277699223,3192.7
120.17,1844.66340604848,3192.7
120.18,1841.59574588555,3199.89999999998
120.19,1838.78892488123,3199.9
120.2,1835.81236911324,3199.9
120.21,1832.98579285981,3199.9
120.22,1830.25083689015,3199.9
120.23,1827.38210287852,3199.9
120.24,1824.39861878378,3199.9
120.25,1821.53300767182,3199.9
120.26,1818.55010742462,3199.9
120.27,1815.63448137533,3199.9
120.28,1812.83900498731,3163.40000000005
120.29,1809.96123733782,3163.4
120.3,1807.00940333447,3163.4
120.31,1804.40058806401,3163.4
120.32,1801.51423882169,3163.4
120.33,1798.68511955297,3163.4
120.34,1796.10116829613,3163.4
120.35,1793.37832597123,3163.4
120.36,1790.55373186833,3163.4
120.37,1787.79761984821,3163.4
120.38,1784.87336111307,3138.2
120.39,1782.05769505409,3138.2
120.4,1779.31001253518,3138.2
120.41,1776.35713676072,3138.2
120.42,1773.55839151105,3138.2
120.43,1770.89259961943,3138.2
120.44,1768.30009557314,3138.2
120.45,1765.6364638942,3138.2
120.46,1763.0146985199,3138.2
120.47,1760.05275873637,3138.2
120.48,1757.34953691755,3098.60000000006
120.49,1754.86968778635,3098.6
120.5,1752.09303432101,3098.6
120.51,1749.42381405357,3098.6
120.52,1746.70871953246,3098.6
120.53,1744.08358005881,3098.6
120.54,1741.35009786425,3098.6
120.55,1738.73018617929,3098.6
120.56,1736.12078115554,3098.6
120.57,1733.4774357981,3098.6
120.58,1730.90942486976,3055.60000000006
120.59,1728.33510774231,3055.6
120.6,1725.74101044126,3055.6
120.61,1723.19210349752,3055.6
120.62,1720.53557584855,3055.6
120.63,1717.83719788712,3055.6
120.64,1715.27624259949,3055.6
120.65,1712.75521115156,3055.6
120.66,1710.10497213623,3055.6
120.67,1707.7803957725,3055.6
120.68,1705.26220644942,3029.20000000008
120.69,1702.61658444479,3029.2
120.7,1700.1156369634,3029.2
120.71,1697.82547606674,3029.2
120.72,1695.48327677885,3029.2
120.73,1693.04855904517,3029.2
120.74,1690.84292539285,3029.2
120.75,1688.52425199328,3029.2
120.76,1686.68871039407,3029.2
120.77,1684.63861737387,3029.2
120.78,1682.76690053083,3016.30000000002
120.79,1680.79308515497,3016.3
120.8,1678.96305359125,3016.3
120.81,1677.11506200347,3016.3
120.82,1675.22781651178,3016.3
120.83,1673.53823043331,3016.3
120.84,1671.74538184235,3016.3
120.85,1670.03128653963,3016.3
120.86,1668.14304129673,3016.3
120.87,1666.63176120596,3016.3
120.88,1664.90711134944,3014.8
120.89,1663.26242527158,3014.8
120.9,1661.72346668,3014.8
120.91,1660.09810834273,3014.8
120.92,1658.48503632247,3014.8
120.93,1656.99633438441,3014.8
120.94,1655.39704990609,3014.8
120.95,1654.01532122256,3014.8
120.96,1652.34335411396,3014.8
120.97,1650.78921967056,3014.8
120.98,1649.31963963541,3020.09999999999
120.99,1647.83401972167,3020.1
121,1646.19325154661,3020.1
121.01,1644.34274158788,3020.1
121.02,1642.6908222232,3020.1
121.03,1640.83335709387,3020.1
121.04,1639.06240233929,3020.1
121.05,1637.11251843853,3020.1
121.06,1634.92980641203,3020.1
121.07,1632.72788166752,3020.1
121.08,1630.68598618722,3010.80000000001
121.09,1628.27905386008,3010.8
121.1,1626.01784171552,3010.8
121.11,1623.69163239208,3010.8
121.12,1621.48420846107,3010.8
121.13,1619.3894981082,3010.8
121.14,1617.44018427291,3010.8
121.15,1615.25842129958,3010.8
121.16,1613.09966660452,3010.8
121.17,1611.21642852348,3010.8
121.18,1609.26225687381,2997.80000000004
121.19,1607.28082666638,2997.8
121.2,1605.68697163181,2997.8
121.21,1603.92441045088,2997.8
121.22,1602.37322397259,2997.8
121.23,1600.96204868507,2997.8
121.24,1599.60793055116,2997.8
121.25,1598.39973146009,2997.8
121.26,1597.41930437647,2997.8
121.27,1596.60165454681,2997.8
121.28,1595.68156740293,2999.6
121.29,1594.98216265631,2999.6
121.3,1594.48808968831,2999.6
121.31,1594.06576033051,2999.6
121.32,1593.99952356252,2999.6
121.33,1594.18917553263,2999.6
121.34,1594.38267200423,2999.6
121.35,1595.25270108478,2999.6
121.36,1595.66823636381,2999.6
121.37,1596.6144699112,2999.6
121.38,1597.65028520573,3010.7
121.39,1599.02348694363,3010.7
121.4,1600.39708198641,3010.7
121.41,1601.74238856759,3010.7
121.42,1602.71875943613,3010.7
121.43,1603.7322182716,3010.7
121.44,1604.80985063241,3010.7
121.45,1605.61719731587,3010.7
121.46,1606.4876608542,3010.7
121.47,1607.19780831547,3010.7
121.48,1607.78391274055,3030.59999999997
121.49,1608.2148464488,3030.6
121.5,1608.54438648355,3030.6
121.51,1608.69929523695,3030.6
121.52,1608.67512552528,3030.6
121.53,1608.65954329616,3030.6
121.54,1608.30250300588,3030.6
121.55,1607.78294150272,3030.6
121.56,1607.18165201718,3030.6
121.57,1606.37817676756,3030.6
121.58,1605.35731929855,3021.30000000001
121.59,1604.20967071429,3021.3
121.6,1603.1968168835,3021.3
121.61,1601.94255449928,3021.3
121.62,1600.81101676607,3021.3
121.63,1599.4154979364,3021.3
121.64,1598.13614725015,3021.3
121.65,1596.82114413673,3021.3
121.66,1595.29844417823,3021.3
121.67,1593.97230050151,3021.3
121.68,1592.7317455879,3008.80000000004
121.69,1591.13268218956,3008.8
121.7,1589.66402397269,3008.8
121.71,1587.97195096863,3008.8
121.72,1586.6800123126,3008.8
121.73,1585.36519307952,3008.8
121.74,1583.7589466479,3008.8
121.75,1582.14355243738,3008.8
121.76,1580.90626449751,3008.8
121.77,1579.50848775081,3008.8
121.78,1577.99565557772,3009.8
121.79,1576.20980367856,3009.8
121.8,1574.27123660877,3009.8
121.81,1572.76199324339,3009.8
121.82,1571.0775962786,3009.8
121.83,1569.53314604113,3009.8
121.84,1567.8333857468,3009.8
121.85,1566.17773177131,3009.8
121.86,1564.73984887648,3009.8
121.87,1563.58117028847,3009.8
121.88,1561.98918116644,3032.4
121.89,1560.30763499321,3032.4
121.9,1558.68036148354,3032.4
121.91,1557.1416680706,3032.4
121.92,1555.64718793197,3032.4
121.93,1554.31217627657,3032.4
121.94,1552.88008141202,3032.4
121.95,1551.30928945916,3032.4
121.96,1549.78799994076,3032.4
121.97,1548.44905437187,3032.4
121.98,1547.06324990769,3087.59999999992
121.99,1545.62580950004,3087.6
122,1544.12510782081,3087.6
122.01,1543.0171668665,3087.6
122.02,1541.91847601453,3087.6
122.03,1540.67377875307,3087.6
122.04,1539.21302507273,3087.6
122.05,1538.03872241558,3087.6
122.06,1537.41341904517,3087.6
122.07,1536.25506321171,3087.6
122.08,1535.48137544767,3082.90000000001
122.09,1534.03906612697,3082.9
122.1,1532.90084091252,3082.9
122.11,1532.1887376116,3082.9
122.12,1531.13470440691,3082.9
122.13,1530.24701135436,3082.9
122.14,1529.54981940738,3082.9
122.15,1528.79128068261,3082.9
122.16,1527.99959820055,3082.9
122.17,1527.17523094184,3082.9
122.18,1526.43959372328,3064.50000000005
122.19,1525.8868293793,3064.5
122.2,1525.32731019562,3064.5
122.21,1524.89187036212,3064.5
122.22,1525.17139757492,3064.5
122.23,1525.60172963895,3064.5
122.24,1526.26669389745,3064.5
122.25,1527.40703096002,3064.5
122.26,1528.63390274775,3064.5
122.27,1530.12653594934,3064.5
122.28,1532.17717459075,3117.99999999992
122.29,1534.49314779778,3118
122.3,1537.28244433815,3118
122.31,1540.38863501107,3118
122.32,1542.74632847267,3118
122.33,1545.74105072971,3118
122.34,1548.7782456729,3118
122.35,1552.45266219454,3118
122.36,1555.91408794765,3118
122.37,1559.49408083233,3118
122.38,1563.60115893395,3200.6
122.39,1567.80776172369,3200.6
122.4,1571.92570224333,3200.6
122.41,1575.91032797455,3200.6
122.42,1580.14075767881,3200.6
122.43,1584.11860060527,3200.6
122.44,1588.03893505166,3200.6
122.45,1591.90404455787,3200.6
122.46,1595.79741322939,3200.6
122.47,1599.73079273605,3200.6
122.48,1603.52866200232,3063.90000000019
122.49,1607.14122218226,3063.9
122.5,1610.77801239725,3063.9
122.51,1614.14175114737,3063.9
122.52,1617.40385183177,3063.9
122.53,1620.34769375384,3063.9
122.54,1622.95510704982,3063.9
122.55,1625.30507003494,3063.9
122.56,1627.73565244451,3063.9
122.57,1629.83007000147,3063.9
122.58,1631.84464266078,3048.00000000002
122.59,1633.51061619144,3048
122.6,1634.8117840785,3048
122.61,1635.98333236777,3048
122.62,1636.72558043527,3048
122.63,1637.4016624631,3048
122.64,1637.59663848793,3048
122.65,1637.63524860587,3048
122.66,1637.41180223731,3048
122.67,1636.95969531592,3048
122.68,1636.13569633219,3046.00000000001
122.69,1635.06670447894,3046
122.7,1634.08899412305,3046
122.71,1633.08415073642,3046
122.72,1631.82545928838,3046
122.73,1630.97332329878,3046
122.74,1630.21559310931,3046
122.75,1629.24542439216,3046
122.76,1628.44776123067,3046
122.77,1627.68645753327,3046
122.78,1626.91297489696,3043.7
122.79,1626.36699960443,3043.7
122.8,1626.11131321754,3043.7
122.81,1626.34129957787,3043.7
122.82,1626.90132491083,3043.7
122.83,1628.07125345433,3043.7
122.84,1629.41683853271,3043.7
122.85,1631.19902060975,3043.7
122.86,1633.52806957334,3043.7
122.87,1636.18844624568,3043.7
122.88,1639.44986017624,3057.6
122.89,1643.10566910269,3057.6
122.9,1647.29208528233,3057.6
122.91,1651.35764285313,3057.6
122.92,1656.15767341671,3057.6
122.93,1661.07278514876,3057.6
122.94,1666.30611984847,3057.6
122.95,1672.15110171604,3057.6
122.96,1677.83176254667,3057.6
122.97,1684.16020746132,3057.6
122.98,1690.52411238819,3085.09999999996
122.99,1697.27255294239,3085.1
123,1704.35158779317,3085.1
123.01,1711.97555707897,3085.1
123.02,1719.61655236068,3085.1
123.03,1727.68151035728,3085.1
123.04,1735.77824943508,3085.1
123.05,1744.56268996257,3085.1
123.06,1753.23615862625,3085.1
123.07,1762.31698175522,3085.1
123.08,1771.73120626738,3161.99999999989
123.09,1781.34882808018,3162
123.1,1790.79622083008,3162
123.11,1800.1203673463,3162
123.12,1809.27015817093,3162
123.13,1818.6571403876,3162
123.14,1827.51001261639,3162
123.15,1836.26981703603,3162
123.16,1844.94340688592,3162
123.17,1853.30664398937,3162
123.18,1861.64801685887,3205.59999999988
123.19,1869.70193203988,3205.6
123.2,1877.77257016466,3205.6
123.21,1885.77014808028,3205.6
123.22,1893.62360592842,3205.6
123.23,1901.51973905968,3205.6
123.24,1909.39220268944,3205.6
123.25,1917.11857427859,3205.6
123.26,1924.8495266796,3205.6
123.27,1932.44566538738,3205.6
123.28,1939.88029618447,3234.99999999996
123.29,1947.21300052435,3235
123.3,1954.78649064383,3235
123.31,1962.06294012695,3235
123.32,1969.43031169046,3235
123.33,1976.61506682812,3235
123.34,1984.01593390526,3235
123.35,1991.28341824492,3235
123.36,1998.68541748937,3235
123.37,2005.89789400032,3235
123.38,2012.8828532426,3226.6
123.39,2020.29807791739,3226.6
123.4,2027.44636136031,3226.6
123.41,2034.81285961203,3226.6
123.42,2041.77040828132,3226.6
123.43,2049.24172746174,3226.6
123.44,2056.48355005235,3226.6
123.45,2064.03428386784,3226.6
123.46,2071.45865832042,3226.6
123.47,2079.10704617023,3226.6
123.48,2086.43444835682,3287.99999999991
123.49,2093.97310001643,3288
123.5,2101.57796720931,3288
123.51,2109.25198143969,3288
123.52,2117.3141524923,3288
123.53,2125.30246815026,3288
123.54,2133.16706446511,3288
123.55,2141.09169219377,3288
123.56,2149.00841217627,3288
123.57,2157.46527492249,3288
123.58,2165.93554405401,3384.29999999986
123.59,2173.94185195171,3384.3
123.6,2182.38657790526,3384.3
123.61,2190.72827826422,3384.3
123.62,2198.98653229064,3384.3
123.63,2207.21417779876,3384.3
123.64,2215.26495215898,3384.3
123.65,2223.47005242,3384.3
123.66,2231.70289889418,3384.3
123.67,2239.5185728731,3384.3
123.68,2247.678846056,3436.39999999985
123.69,2255.74751722857,3436.4
123.7,2263.83071228094,3436.4
123.71,2272.01591253147,3436.4
123.72,2279.87095791612,3436.4
123.73,2287.86886703745,3436.4
123.74,2295.74403079771,3436.4
123.75,2303.57434155625,3436.4
123.76,2311.5854456209,3436.4
123.77,2319.23625025658,3436.4
123.78,2327.18157191334,3510.49999999989
123.79,2335.19255831831,3510.5
123.8,2342.93674493054,3510.5
123.81,2350.6895861949,3510.5
123.82,2358.70105228808,3510.5
123.83,2366.62441605509,3510.5
123.84,2374.6639764493,3510.5
123.85,2382.71290601751,3510.5
123.86,2391.11580557125,3510.5
123.87,2399.42150923851,3510.5
123.88,2407.4146542456,3527.5
123.89,2415.85739370765,3527.5
123.9,2424.51904799872,3527.5
123.91,2433.13076892901,3527.5
123.92,2442.49203666713,3527.5
123.93,2451.38293378383,3527.5
123.94,2461.02366531928,3527.5
123.95,2470.99940335156,3527.5
123.96,2480.80618177512,3527.5
123.97,2491.00580555851,3527.5
123.98,2501.36404560599,3636.69999999985
123.99,2512.02470932456,3636.7
124,2522.61322446728,3636.7
124.01,2533.55819350836,3636.7
124.02,2544.00364778976,3636.7
124.03,2554.46574512473,3636.7
124.04,2565.10281929449,3636.7
124.05,2575.70367037711,3636.7
124.06,2586.08177650582,3636.7
124.07,2596.1960904821,3636.7
124.08,2606.56938544311,3871.49999999967
124.09,2617.21130649549,3871.5
124.1,2627.20626554128,3871.5
124.11,2637.73427038718,3871.5
124.12,2647.91256174171,3871.5
124.13,2658.43067961492,3871.5
124.14,2669.53571959761,3871.5
124.15,2679.84655736352,3871.5
124.16,2690.24226094854,3871.5
124.17,2700.61065130339,3871.5
124.18,2711.24085171294,4073.09999999943
124.19,2721.38749164438,4073.1
124.2,2731.81589541966,4073.1
124.21,2741.99304614889,4073.1
124.22,2752.11878670823,4073.1
124.23,2762.69592517471,4073.1
124.24,2772.58576771557,4073.1
124.25,2782.28905142586,4073.1
124.26,2792.40516872822,4073.1
124.27,2802.17777272028,4073.1
124.28,2811.6645607153,4224.89999999978
124.29,2820.87750678415,4224.9
124.3,2830.13657640019,4224.9
124.31,2838.25920708551,4224.9
124.32,2846.3667963985,4224.9
124.33,2854.03494046352,4224.9
124.34,2861.39001246823,4224.9
124.35,2866.79407410474,4224.9
124.36,2872.58996340196,4224.9
124.37,2878.15990441259,4224.9
124.38,2883.34156564484,3960
124.39,2887.74410680845,3960
124.4,2891.6872537304,3960
124.41,2895.55302804663,3960
124.42,2900.4597452608,3960
124.43,2904.89566134799,3960
124.44,2909.36789654723,3960
124.45,2913.49976105284,3960
124.46,2917.83154690367,3960
124.47,2922.1115309059,3960
124.48,2927.06152349558,3870.00000000013
124.49,2931.8933798824,3870
124.5,2936.08976764832,3870
124.51,2940.53361697075,3870
124.52,2945.9875372396,3870
124.53,2951.14113537226,3870
124.54,2955.79824353658,3870
124.55,2961.13186706744,3870
124.56,2966.24056702855,3870
124.57,2972.04896008429,3870
124.58,2978.42478476302,3798.4000000001
124.59,2984.4348838695,3798.4
124.6,2990.31178715781,3798.4
124.61,2996.07075440917,3798.4
124.62,3002.24553734016,3798.4
124.63,3007.71598463909,3798.4
124.64,3013.18944147076,3798.4
124.65,3019.71551229026,3798.4
124.66,3025.87625360748,3798.4
124.67,3031.62387174368,3798.4
124.68,3037.25837998628,3829.89999999991
124.69,3042.29279749165,3829.9
124.7,3048.78714266628,3829.9
124.71,3054.88143564961,3829.9
124.72,3060.13638369734,3829.9
124.73,3067.31614089011,3829.9
124.74,3074.54501530387,3829.9
124.75,3079.12724022697,3829.9
124.76,3082.83233575206,3829.9
124.77,3088.17427406052,3829.9
124.78,3093.76888559613,3902.5999999999
124.79,3100.22418222397,3902.6
124.8,3107.77633004349,3902.6
124.81,3114.75044196606,3902.6
124.82,3121.24687573831,3902.6
124.83,3126.49892127374,3902.6
124.84,3131.1921509339,3902.6
124.85,3136.80462732309,3902.6
124.86,3143.02803837981,3902.6
124.87,3149.23069352006,3902.6
124.88,3156.06167331385,3979
124.89,3162.18414668625,3979
124.9,3166.29318446597,3979
124.91,3169.59045538896,3979
124.92,3171.4623134988,3979
124.93,3171.89515309798,3979
124.94,3171.59375806803,3979
124.95,3169.79677623877,3979
124.96,3166.67280949538,3979
124.97,3161.52304440407,3979
124.98,3154.76419971529,3907.6000000001
124.99,3147.64597938645,3907.6
125,3139.72776716222,3907.6
125.01,3131.43796099947,3907.6
125.02,3124.01577679104,3907.6
125.03,3116.22609126669,3907.6
125.04,3108.64832902308,3907.6
125.05,3102.15216365454,3907.6
125.06,3094.1502125705,3907.6
125.07,3086.84471014573,3907.6
125.08,3079.48392005478,3857.70000000007
125.09,3071.60613390121,3857.7
125.1,3064.60333238751,3857.7
125.11,3057.17707467141,3857.7
125.12,3050.05087872555,3857.7
125.13,3042.54060120237,3857.7
125.14,3035.6225082035,3857.7
125.15,3028.33668059013,3857.7
125.16,3021.38424761333,3857.7
125.17,3014.21434425288,3857.7
125.18,3006.70219917205,3788.6000000002
125.19,2999.42501457278,3788.6
125.2,2992.44041601058,3788.6
125.21,2986.47721164584,3788.6
125.22,2979.02990729563,3788.6
125.23,2972.09148449237,3788.6
125.24,2965.23897897031,3788.6
125.25,2957.17067612067,3788.6
125.26,2951.62319710506,3788.6
125.27,2945.48389768195,3788.6
125.28,2939.02496426042,3690.40000000014
125.29,2931.89757038746,3690.4
125.3,2925.1861717582,3690.4
125.31,2917.86714075697,3690.4
125.32,2911.36175425917,3690.4
125.33,2904.72892532618,3690.4
125.34,2897.72061309678,3690.4
125.35,2891.2796040182,3690.4
125.36,2884.26199268549,3690.4
125.37,2877.26432593491,3690.4
125.38,2870.96230095119,3567.7
125.39,2863.96312605987,3567.7
125.4,2857.37312627526,3567.7
125.41,2850.61431595537,3567.7
125.42,2844.05828039389,3567.7
125.43,2837.41706408808,3567.7
125.44,2830.96021231484,3567.7
125.45,2824.442702954,3567.7
125.46,2817.76667547785,3567.7
125.47,2811.39461608527,3567.7
125.48,2805.30935364628,3413.40000000022
125.49,2798.91532053209,3413.4
125.5,2792.42686703103,3413.4
125.51,2786.1024136922,3413.4
125.52,2779.79584039389,3413.4
125.53,2773.37340485974,3413.4
125.54,2767.0197875301,3413.4
125.55,2760.72966324276,3413.4
125.56,2754.30465728855,3413.4
125.57,2747.76548822924,3413.4
125.58,2742.05216182143,3272.4000000002
125.59,2735.64667835417,3272.4
125.6,2729.24046301904,3272.4
125.61,2723.37815745195,3272.4
125.62,2717.58690555474,3272.4
125.63,2711.43559580878,3272.4
125.64,2705.73604625607,3272.4
125.65,2699.23190507633,3272.4
125.66,2693.29132482992,3272.4
125.67,2687.51347852188,3272.4
125.68,2681.64631720889,3156.90000000033
125.69,2675.37305193914,3156.9
125.7,2669.81313380637,3156.9
125.71,2663.99122563156,3156.9
125.72,2658.06183095082,3156.9
125.73,2652.54745806838,3156.9
125.74,2646.57779945786,3156.9
125.75,2640.66652619814,3156.9
125.76,2634.73097771405,3156.9
125.77,2629.22296667127,3156.9
125.78,2623.73718376595,3037.40000000017
125.79,2618.14963109938,3037.4
125.8,2612.47972603944,3037.4
125.81,2606.78521281029,3037.4
125.82,2601.33291107986,3037.4
125.83,2595.9186837303,3037.4
125.84,2590.38475616255,3037.4
125.85,2584.96173060913,3037.4
125.86,2579.44604983444,3037.4
125.87,2573.94438053076,3037.4
125.88,2568.31222835368,2971.7
125.89,2562.90046934081,2971.7
125.9,2557.31152914026,2971.7
125.91,2552.04023461686,2971.7
125.92,2546.66148452246,2971.7
125.93,2541.36406994422,2971.7
125.94,2536.09953052111,2971.7
125.95,2530.69690951213,2971.7
125.96,2525.48463502877,2971.7
125.97,2520.43350436215,2971.7
125.98,2515.00683719592,2862.10000000016
125.99,2509.89458317509,2862.1
126,2504.65365078391,2862.1
126.01,2499.60489476984,2862.1
126.02,2494.34330295572,2862.1
126.03,2489.19354333441,2862.1
126.04,2484.08689030466,2862.1
126.05,2479.120836115,2862.1
126.06,2473.86426846352,2862.1
126.07,2469.03854396791,2862.1
126.08,2463.84135037187,2817.00000000006
126.09,2458.87233707346,2817
126.1,2453.73246851954,2817
126.11,2448.7397135788,2817
126.12,2443.9062643295,2817
126.13,2438.96459782888,2817
126.14,2434.06121043854,2817
126.15,2429.18294946389,2817
126.16,2424.18247768819,2817
126.17,2419.26092287329,2817
126.18,2414.34357578414,2767.00000000014
126.19,2409.64617463903,2767
126.2,2404.83713886084,2767
126.21,2399.92758088198,2767
126.22,2395.37958582488,2767
126.23,2390.51182589599,2767
126.24,2385.58432405624,2767
126.25,2380.85109558733,2767
126.26,2376.43644853552,2767
126.27,2372.02357049862,2767
126.28,2366.97985495225,2699.1000000001
126.29,2362.35576002125,2699.1
126.3,2357.68031058203,2699.1
126.31,2353.06697805662,2699.1
126.32,2348.5465275936,2699.1
126.33,2343.91172327537,2699.1
126.34,2339.47255619799,2699.1
126.35,2335.0356668352,2699.1
126.36,2330.4447296161,2699.1
126.37,2325.9479568239,2699.1
126.38,2321.5792660549,2650.9
126.39,2317.00555742314,2650.9
126.4,2312.44692262055,2650.9
126.41,2308.12968909949,2650.9
126.42,2303.6003623719,2650.9
126.43,2299.16002780766,2650.9
126.44,2294.70609639729,2650.9
126.45,2290.43870983901,2650.9
126.46,2286.01543164881,2650.9
126.47,2281.8362206754,2650.9
126.48,2277.43374857014,2594.50000000008
126.49,2273.26478301557,2594.5
126.5,2268.93185533293,2594.5
126.51,2264.64432522887,2594.5
126.52,2260.34239214286,2594.5
126.53,2256.05049658409,2594.5
126.54,2251.78800034281,2594.5
126.55,2247.50614610872,2594.5
126.56,2243.43562301405,2594.5
126.57,2239.15199591022,2594.5
126.58,2234.91486485625,2537.30000000008
126.59,2230.91969491869,2537.3
126.6,2226.82977209054,2537.3
126.61,2222.59187137543,2537.3
126.62,2218.26906088903,2537.3
126.63,2214.2132242073,2537.3
126.64,2210.1042762451,2537.3
126.65,2206.01829674781,2537.3
126.66,2201.91049202876,2537.3
126.67,2197.92369338086,2537.3
126.68,2193.67876626778,2502.1000000001
126.69,2189.67640178884,2502.1
126.7,2185.70838530748,2502.1
126.71,2181.69896085407,2502.1
126.72,2177.67038790632,2502.1
126.73,2173.87249309402,2502.1
126.74,2169.79551201887,2502.1
126.75,2165.8560710559,2502.1
126.76,2161.87633192712,2502.1
126.77,2157.89164515845,2502.1
126.78,2153.90174044285,2477.30000000004
126.79,2150.24771297359,2477.3
126.8,2146.36037627011,2477.3
126.81,2142.37306069206,2477.3
126.82,2138.47462124012,2477.3
126.83,2134.61995306012,2477.3
126.84,2130.58661507264,2477.3
126.85,2126.84524488207,2477.3
126.86,2123.1376543077,2477.3
126.87,2119.2818492011,2477.3
126.88,2115.53926389621,2463.7
126.89,2111.71970520793,2463.7
126.9,2107.77668127867,2463.7
126.91,2104.0605010592,2463.7
126.92,2100.3771145954,2463.7
126.93,2096.75803738477,2463.7
126.94,2092.94203736529,2463.7
126.95,2089.20644753336,2463.7
126.96,2085.50921678562,2463.7
126.97,2081.92683502007,2463.7
126.98,2078.27731486165,2467
126.99,2074.63509594753,2467
127,2071.26864493819,2467
127.01,2068.12628043796,2467
127.02,2064.85743485991,2467
127.03,2061.64153047788,2467
127.04,2058.80429321302,2467
127.05,2055.95255177509,2467
127.06,2053.09924729495,2467
127.07,2050.45371301351,2467
127.08,2048.01253612938,2422.10000000006
127.09,2045.66629802075,2422.1
127.1,2043.83404557279,2422.1
127.11,2041.69342008532,2422.1
127.12,2039.99470831044,2422.1
127.13,2038.24015690972,2422.1
127.14,2036.35420254607,2422.1
127.15,2034.59025175976,2422.1
127.16,2033.02313707425,2422.1
127.17,2031.89961412971,2422.1
127.18,2030.38779204898,2445.19999999993
127.19,2029.12793660807,2445.2
127.2,2027.79911762025,2445.2
127.21,2026.45051404281,2445.2
127.22,2024.98884843274,2445.2
127.23,2023.61486781399,2445.2
127.24,2022.22845237139,2445.2
127.25,2020.6451862604,2445.2
127.26,2018.9998253186,2445.2
127.27,2017.40084231747,2445.2
127.28,2015.9308298343,2448.59999999999
127.29,2014.19803542086,2448.6
127.3,2012.49327147294,2448.6
127.31,2010.84886709949,2448.6
127.32,2009.38286786366,2448.6
127.33,2007.84685055502,2448.6
127.34,2006.0423635343,2448.6
127.35,2004.38310101907,2448.6
127.36,2002.81357698893,2448.6
127.37,2001.16967987047,2448.6
127.38,1999.34797815888,2447.1
127.39,1997.78358938167,2447.1
127.4,1996.22673043661,2447.1
127.41,1994.34149825937,2447.1
127.42,1992.27839007787,2447.1
127.43,1990.07092261637,2447.1
127.44,1987.58819423197,2447.1
127.45,1985.02647854889,2447.1
127.46,1982.27595192322,2447.1
127.47,1979.27957440666,2447.1
127.48,1976.26293330844,2432.70000000002
127.49,1973.02032506943,2432.7
127.5,1969.69603564555,2432.7
127.51,1966.54755367252,2432.7
127.52,1963.04693106954,2432.7
127.53,1959.74634222857,2432.7
127.54,1956.46864339263,2432.7
127.55,1953.11950315707,2432.7
127.56,1949.86290820689,2432.7
127.57,1946.60351547027,2432.7
127.58,1943.26920801457,2393.10000000006
127.59,1940.08607629658,2393.1
127.6,1937.0191660092,2393.1
127.61,1933.87933569559,2393.1
127.62,1930.46625984934,2393.1
127.63,1927.29459503853,2393.1
127.64,1923.93690882939,2393.1
127.65,1920.76706927152,2393.1
127.66,1917.6447777178,2393.1
127.67,1914.56540052735,2393.1
127.68,1911.60824293549,2363.10000000008
127.69,1908.10114778327,2363.1
127.7,1905.14862496694,2363.1
127.71,1902.25214258548,2363.1
127.72,1899.45187311039,2363.1
127.73,1896.71370474212,2363.1
127.74,1894.26312118836,2363.1
127.75,1891.73528976964,2363.1
127.76,1889.38818790671,2363.1
127.77,1887.21618204025,2363.1
127.78,1884.95122580896,2338.40000000004
127.79,1883.1251121381,2338.4
127.8,1881.24181059713,2338.4
127.81,1879.73050448122,2338.4
127.82,1878.40314426825,2338.4
127.83,1877.55030269802,2338.4
127.84,1876.86844115338,2338.4
127.85,1876.40555562396,2338.4
127.86,1876.2737363756,2338.4
127.87,1876.18600414132,2338.4
127.88,1876.43455064068,2336.9
127.89,1877.03060562956,2336.9
127.9,1877.63709742142,2336.9
127.91,1878.60976086493,2336.9
127.92,1879.49456609199,2336.9
127.93,1880.72360969504,2336.9
127.94,1881.98219060836,2336.9
127.95,1883.61657260367,2336.9
127.96,1885.19148665941,2336.9
127.97,1887.1723034377,2336.9
127.98,1889.55133220226,2382.89999999994
127.99,1891.44145268295,2382.9
128,1893.42902496714,2382.9
128.01,1894.86336628368,2382.9
128.02,1895.879444945,2382.9
128.03,1896.60113292941,2382.9
128.04,1896.71711516251,2382.9
128.05,1896.31531485131,2382.9
128.06,1895.64082526935,2382.9
128.07,1894.73609219221,2382.9
128.08,1892.99325302455,2340.60000000012
128.09,1891.041124857,2340.6
128.1,1888.85459514777,2340.6
128.11,1886.6284322759,2340.6
128.12,1884.13505569243,2340.6
128.13,1881.70400954101,2340.6
128.14,1879.0906230243,2340.6
128.15,1876.24580113199,2340.6
128.16,1873.74010187763,2340.6
128.17,1870.91980332103,2340.6
128.18,1868.10348645383,2312.80000000008
128.19,1865.12658181504,2312.8
128.2,1862.06635914498,2312.8
128.21,1859.0929451244,2312.8
128.22,1856.0629558354,2312.8
128.23,1853.34099773628,2312.8
128.24,1850.20048239964,2312.8
128.25,1847.18528422138,2312.8
128.26,1844.33008913828,2312.8
128.27,1841.33815133979,2312.8
128.28,1838.39637601214,2283.30000000008
128.29,1835.42906349253,2283.3
128.3,1832.71467254074,2283.3
128.31,1829.95494991947,2283.3
128.32,1827.41551304803,2283.3
128.33,1824.94862922658,2283.3
128.34,1822.31892907165,2283.3
128.35,1820.10201504059,2283.3
128.36,1817.81726315098,2283.3
128.37,1815.81252946169,2283.3
128.38,1813.88468434323,2260.4
128.39,1811.92188825345,2260.4
128.4,1810.27127064734,2260.4
128.41,1809.19549559899,2260.4
128.42,1808.28860626326,2260.4
128.43,1807.80357674919,2260.4
128.44,1807.57648479239,2260.4
128.45,1807.80578569781,2260.4
128.46,1808.22862155713,2260.4
128.47,1809.12493355672,2260.4
128.48,1810.29999141449,2263.3
128.49,1811.52632403966,2263.3
128.5,1813.31818369699,2263.3
128.51,1815.28623344929,2263.3
128.52,1817.43921640295,2263.3
128.53,1819.73388835193,2263.3
128.54,1822.15564463431,2263.3
128.55,1824.68917141608,2263.3
128.56,1827.56818491485,2263.3
128.57,1830.51934035154,2263.3
128.58,1833.52539606096,2308.89999999987
128.59,1836.80019776174,2308.9
128.6,1840.46877580054,2308.9
128.61,1844.04971572496,2308.9
128.62,1847.69710567268,2308.9
128.63,1851.63578489206,2308.9
128.64,1855.64366037706,2308.9
128.65,1859.90293410939,2308.9
128.66,1864.30072098399,2308.9
128.67,1868.89299326354,2308.9
128.68,1873.41477327002,2338.89999999992
128.69,1878.37167703917,2338.9
128.7,1883.08979023084,2338.9
128.71,1887.97466563911,2338.9
128.72,1892.50446440377,2338.9
128.73,1897.31336443247,2338.9
128.74,1901.79501579135,2338.9
128.75,1906.19888661081,2338.9
128.76,1910.81883635692,2338.9
128.77,1915.12840206259,2338.9
128.78,1919.43306867979,2392.29999999985
128.79,1923.646864143,2392.3
128.8,1927.83260997332,2392.3
128.81,1931.925567453,2392.3
128.82,1935.78090297133,2392.3
128.83,1939.47838319888,2392.3
128.84,1943.13598451223,2392.3
128.85,1946.98772639545,2392.3
128.86,1950.51777130261,2392.3
128.87,1953.89391242755,2392.3
128.88,1957.35399530394,2357.1
128.89,1960.72503472657,2357.1
128.9,1963.95910513187,2357.1
128.91,1967.38433878037,2357.1
128.92,1971.08985685374,2357.1
128.93,1974.2850575619,2357.1
128.94,1977.96828629442,2357.1
128.95,1981.36702097925,2357.1
128.96,1984.91052154136,2357.1
128.97,1989.01011712033,2357.1
128.98,1992.55969764676,2369.6
128.99,1996.69679068116,2369.6
129,2000.52665835088,2369.6
129.01,2004.19027795215,2369.6
129.02,2008.17592543848,2369.6
129.03,2012.34942345323,2369.6
129.04,2016.19713893453,2369.6
129.05,2019.93166606438,2369.6
129.06,2023.7029462309,2369.6
129.07,2027.63491514563,2369.6
129.08,2031.61929553103,2420.19999999986
129.09,2035.58343160614,2420.2
129.1,2039.43144236519,2420.2
129.11,2043.06968803927,2420.2
129.12,2047.28770946728,2420.2
129.13,2051.52115507051,2420.2
129.14,2055.66612190715,2420.2
129.15,2060.08331847464,2420.2
129.16,2064.62877712069,2420.2
129.17,2068.89737790036,2420.2
129.18,2073.18361845228,2452.69999999991
129.19,2077.87976326029,2452.7
129.2,2082.41381607963,2452.7
129.21,2087.50659343294,2452.7
129.22,2092.24893123243,2452.7
129.23,2097.18304014938,2452.7
129.24,2102.541331965,2452.7
129.25,2107.64041688774,2452.7
129.26,2112.89925157022,2452.7
129.27,2118.19450685335,2452.7
129.28,2123.66004581385,2497.39999999987
129.29,2129.35079297144,2497.4
129.3,2134.94775621737,2497.4
129.31,2140.53165527513,2497.4
129.32,2146.12877230441,2497.4
129.33,2151.46237103217,2497.4
129.34,2156.87602577494,2497.4
129.35,2162.49775560699,2497.4
129.36,2167.76402852749,2497.4
129.37,2173.20435916605,2497.4
129.38,2178.84318998948,2558.9
129.39,2184.41643552614,2558.9
129.4,2189.67372438784,2558.9
129.41,2194.7733205855,2558.9
129.42,2199.73042242327,2558.9
129.43,2204.80994002789,2558.9
129.44,2209.37584721297,2558.9
129.45,2213.89426829396,2558.9
129.46,2218.27139393066,2558.9
129.47,2222.49654087913,2558.9
129.48,2226.3260112782,2535.3
129.49,2230.14602072587,2535.3
129.5,2233.78725938095,2535.3
129.51,2237.40793038432,2535.3
129.52,2240.95510482702,2535.3
129.53,2244.63822249584,2535.3
129.54,2248.28864739801,2535.3
129.55,2251.94645730149,2535.3
129.56,2255.64565821927,2535.3
129.57,2259.12908843042,2535.3
129.58,2262.55212840249,2549.49999999996
129.59,2265.9113622114,2549.5
129.6,2269.1100090414,2549.5
129.61,2272.44019077737,2549.5
129.62,2275.66881584324,2549.5
129.63,2278.73109362492,2549.5
129.64,2281.71802025271,2549.5
129.65,2284.7100523277,2549.5
129.66,2287.6686269822,2549.5
129.67,2290.41114397857,2549.5
129.68,2293.18195314529,2562.19999999996
129.69,2295.78107369726,2562.2
129.7,2298.40863023105,2562.2
129.71,2301.20282074583,2562.2
129.72,2303.89721004582,2562.2
129.73,2306.64098214608,2562.2
129.74,2309.42557590956,2562.2
129.75,2311.85736807958,2562.2
129.76,2314.54147865459,2562.2
129.77,2317.19263231986,2562.2
129.78,2319.80255728468,2535.00000000008
129.79,2322.36972813269,2535
129.8,2325.21621054173,2535
129.81,2327.91494348341,2535
129.82,2330.89220434608,2535
129.83,2334.38442242913,2535
129.84,2337.67923267704,2535
129.85,2341.22237898119,2535
129.86,2344.89346796711,2535
129.87,2348.50533154612,2535
129.88,2352.34154345936,2611.3
129.89,2356.23749294874,2611.3
129.9,2359.89777161301,2611.3
129.91,2363.68654331516,2611.3
129.92,2367.17456842535,2611.3
129.93,2370.62783134845,2611.3
129.94,2373.76234484347,2611.3
129.95,2376.83859741003,2611.3
129.96,2379.87609151024,2611.3
129.97,2382.56228816291,2611.3
129.98,2385.09733534823,2591.9
129.99,2387.60017786521,2591.9
130,2390.25387641073,2591.9
130.01,2393.31309022041,2591.9
130.02,2396.5153364083,2591.9
130.03,2399.92066580139,2591.9
130.04,2403.54208789848,2591.9
130.05,2407.64957406094,2591.9
130.06,2411.94925002837,2591.9
130.07,2416.24465188064,2591.9
130.08,2421.2229492559,2633.39999999988
130.09,2426.31166177634,2633.4
130.1,2431.79283013676,2633.4
130.11,2437.05857141423,2633.4
130.12,2442.47337499337,2633.4
130.13,2447.99627306625,2633.4
130.14,2453.42354653334,2633.4
130.15,2459.03971292394,2633.4
130.16,2464.62679125831,2633.4
130.17,2470.49133834942,2633.4
130.18,2476.28660678535,2664.19999999991
130.19,2482.34427113714,2664.2
130.2,2488.09327671987,2664.2
130.21,2494.04687906602,2664.2
130.22,2500.29591848443,2664.2
130.23,2506.05581123616,2664.2
130.24,2511.66465907932,2664.2
130.25,2517.40720762237,2664.2
130.26,2522.9991040456,2664.2
130.27,2528.62154182707,2664.2
130.28,2534.34803633228,2727.19999999982
130.29,2540.04079460119,2727.2
130.3,2545.60550801076,2727.2
130.31,2551.47392103705,2727.2
130.32,2557.79374379007,2727.2
130.33,2563.8147750625,2727.2
130.34,2569.88015609662,2727.2
130.35,2576.26227610752,2727.2
130.36,2582.87060007386,2727.2
130.37,2589.95353314671,2727.2
130.38,2596.63735468223,2772.5
130.39,2603.85969592227,2772.5
130.4,2611.00708034398,2772.5
130.41,2618.29819894677,2772.5
130.42,2625.17922124238,2772.5
130.43,2632.25865054587,2772.5
130.44,2639.80242620847,2772.5
130.45,2646.91763528824,2772.5
130.46,2654.09104412916,2772.5
130.47,2661.56932585137,2772.5
130.48,2668.15455525072,2832.1
130.49,2675.60023171188,2832.1
130.5,2682.68251180828,2832.1
130.51,2689.89465639055,2832.1
130.52,2696.76515355946,2832.1
130.53,2704.23185267558,2832.1
130.54,2711.60169075662,2832.1
130.55,2718.77073164142,2832.1
130.56,2726.27913461021,2832.1
130.57,2733.35427922247,2832.1
130.58,2741.18644770705,2847.19999999996
130.59,2748.510478259,2847.2
130.6,2756.13463435341,2847.2
130.61,2764.17935866477,2847.2
130.62,2771.6118923873,2847.2
130.63,2779.30269550471,2847.2
130.64,2786.74581999953,2847.2
130.65,2794.50097545989,2847.2
130.66,2802.12502696826,2847.2
130.67,2809.66747345776,2847.2
130.68,2817.20185532591,2908.59999999983
130.69,2824.27927936235,2908.6
130.7,2832.40514090884,2908.6
130.71,2840.35984940927,2908.6
130.72,2848.225338592,2908.6
130.73,2855.16672104428,2908.6
130.74,2862.7006017482,2908.6
130.75,2870.50069413013,2908.6
130.76,2878.98271704677,2908.6
130.77,2887.8116184315,2908.6
130.78,2896.77974856992,2890.30000000005
130.79,2905.56344749528,2890.3
130.8,2914.28438609309,2890.3
130.81,2922.68581408572,2890.3
130.82,2931.13217551078,2890.3
130.83,2939.91389085559,2890.3
130.84,2949.19167673227,2890.3
130.85,2958.66355129963,2890.3
130.86,2968.62755103534,2890.3
130.87,2978.5061785759,2890.3
130.88,2988.48746291459,2935.2
130.89,2998.5645483069,2935.2
130.9,3008.05782835695,2935.2
130.91,3018.34327762002,2935.2
130.92,3028.6717413659,2935.2
130.93,3038.75797267549,2935.2
130.94,3048.08849807899,2935.2
130.95,3058.0602067749,2935.2
130.96,3067.72911994277,2935.2
130.97,3076.28322406071,2935.2
130.98,3084.95291503722,2976
130.99,3092.59322019542,2976
131,3099.99313758259,2976
131.01,3107.73654033721,2976
131.02,3116.3407391557,2976
131.03,3125.41198853951,2976
131.04,3135.09051497763,2976
131.05,3144.77144769027,2976
131.06,3154.47947736892,2976
131.07,3164.97299024381,2976
131.08,3173.85181137238,3021.59999999987
131.09,3183.13661271551,3021.6
131.1,3192.42935172664,3021.6
131.11,3202.13166905065,3021.6
131.12,3211.01932392236,3021.6
131.13,3220.26842536414,3021.6
131.14,3229.39674782595,3021.6
131.15,3239.34720764388,3021.6
131.16,3248.01591353562,3021.6
131.17,3257.20841190911,3021.6
131.18,3266.1962785572,3066.99999999987
131.19,3275.31201503231,3067
131.2,3284.28920750944,3067
131.21,3293.25895326203,3067
131.22,3301.35276616836,3067
131.23,3310.5933819272,3067
131.24,3319.14635665316,3067
131.25,3327.64126590475,3067
131.26,3335.89525069823,3067
131.27,3345.24857182962,3067
131.28,3353.17234612457,3136.0999999998
131.29,3361.41399452302,3136.1
131.3,3369.90430620296,3136.1
131.31,3378.72266358719,3136.1
131.32,3387.05970148944,3136.1
131.33,3395.93943044824,3136.1
131.34,3404.21913016599,3136.1
131.35,3412.09381260213,3136.1
131.36,3419.80450321528,3136.1
131.37,3427.43545811774,3136.1
131.38,3435.96589602323,3217.6
131.39,3442.78390618869,3217.6
131.4,3451.13513690312,3217.6
131.41,3458.86544518787,3217.6
131.42,3467.05521420895,3217.6
131.43,3474.88344683429,3217.6
131.44,3483.54806022274,3217.6
131.45,3491.77143558197,3217.6
131.46,3500.07015139036,3217.6
131.47,3508.51287935231,3217.6
131.48,3516.8290475517,3329.4
131.49,3525.55494356378,3329.4
131.5,3534.09848228114,3329.4
131.51,3542.2204135749,3329.4
131.52,3550.67246843544,3329.4
131.53,3558.47683833476,3329.4
131.54,3565.76541409344,3329.4
131.55,3573.39433208474,3329.4
131.56,3581.04712930641,3329.4
131.57,3587.87723220132,3329.4
131.58,3595.20557387266,3395.49999999981
131.59,3601.95619945135,3395.5
131.6,3608.80973644024,3395.5
131.61,3615.60858509108,3395.5
131.62,3622.14592827895,3395.5
131.63,3628.47199869278,3395.5
131.64,3634.73003618986,3395.5
131.65,3641.04797938144,3395.5
131.66,3647.28109260642,3395.5
131.67,3653.4144083505,3395.5
131.68,3659.41254019971,3480.59999999976
131.69,3665.34216958239,3480.6
131.7,3670.38372938313,3480.6
131.71,3675.53868753314,3480.6
131.72,3680.38040550004,3480.6
131.73,3684.46222310245,3480.6
131.74,3688.50665739917,3480.6
131.75,3691.87590700665,3480.6
131.76,3694.76903847443,3480.6
131.77,3697.60236254647,3480.6
131.78,3699.70225871182,3483.79999999999
131.79,3701.28964399678,3483.8
131.8,3702.91844807742,3483.8
131.81,3704.04090039279,3483.8
131.82,3705.38303906324,3483.8
131.83,3706.5418428707,3483.8
131.84,3707.06337210966,3483.8
131.85,3707.57261274695,3483.8
131.86,3708.044355438,3483.8
131.87,3707.7703445683,3483.8
131.88,3707.69163536745,3539.6
131.89,3707.41388550682,3539.6
131.9,3707.01627153189,3539.6
131.91,3706.1468278231,3539.6
131.92,3705.34306117801,3539.6
131.93,3704.37594840904,3539.6
131.94,3702.89815002336,3539.6
131.95,3701.37449081527,3539.6
131.96,3699.6965665427,3539.6
131.97,3698.18454932898,3539.6
131.98,3695.81845658098,3546.8
131.99,3693.70555082622,3546.8
132,3691.46321129658,3546.8
132.01,3689.8322418118,3546.8
132.02,3688.01770179744,3546.8
132.03,3686.28636446584,3546.8
132.04,3684.77522555575,3546.8
132.05,3683.47798817216,3546.8
132.06,3682.1664097538,3546.8
132.07,3680.98256661559,3546.8
132.08,3679.92008996536,3592.29999999987
132.09,3679.01107296662,3592.3
132.1,3678.47401380461,3592.3
132.11,3678.35209304419,3592.3
132.12,3678.20245854678,3592.3
132.13,3678.17593821096,3592.3
132.14,3678.48605502855,3592.3
132.15,3679.42901377384,3592.3
132.16,3680.71325639402,3592.3
132.17,3681.69140014161,3592.3
132.18,3683.47728750994,3700.49999999969
132.19,3685.00041922593,3700.5
132.2,3686.09564296165,3700.5
132.21,3686.13293212653,3700.5
132.22,3685.00427318031,3700.5
132.23,3683.18688499071,3700.5
132.24,3680.63590589024,3700.5
132.25,3676.7880051314,3700.5
132.26,3672.24536463766,3700.5
132.27,3666.94406331788,3700.5
132.28,3660.58662209376,3718.29999999995
132.29,3653.6242724481,3718.3
132.3,3646.04447025159,3718.3
132.31,3638.09591400413,3718.3
132.32,3629.86317122088,3718.3
132.33,3621.45372144019,3718.3
132.34,3612.62957794672,3718.3
132.35,3603.52414738332,3718.3
132.36,3594.57362890283,3718.3
132.37,3584.90529071325,3718.3
132.38,3575.61016461954,3585.9
132.39,3565.33925977759,3585.9
132.4,3555.02556037745,3585.9
132.41,3545.07658104547,3585.9
132.42,3535.00325959098,3585.9
132.43,3524.96315576612,3585.9
132.44,3515.37878694419,3585.9
132.45,3505.64215256625,3585.9
132.46,3495.70125743395,3585.9
132.47,3486.05642858297,3585.9
132.48,3476.2041220429,3481.9
132.49,3466.7382912024,3481.9
132.5,3456.99863468112,3481.9
132.51,3447.44192245382,3481.9
132.52,3438.24553562477,3481.9
132.53,3428.08104198417,3481.9
132.54,3418.99735487886,3481.9
132.55,3410.13864301879,3481.9
132.56,3400.56915791784,3481.9
132.57,3391.79840572768,3481.9
132.58,3381.87388329476,3375.2000000003
132.59,3372.77370190377,3375.2
132.6,3364.14521978937,3375.2
132.61,3354.86202807323,3375.2
132.62,3345.45709614686,3375.2
132.63,3336.77785661836,3375.2
132.64,3327.53131969094,3375.2
132.65,3318.75772404522,3375.2
132.66,3310.58145919087,3375.2
132.67,3300.95015681255,3375.2
132.68,3292.24233648883,3318.10000000016
132.69,3283.66379891016,3318.1
132.7,3274.89259196692,3318.1
132.71,3266.74251940092,3318.1
132.72,3258.01177120261,3318.1
132.73,3249.40009004882,3318.1
132.74,3241.16608391643,3318.1
132.75,3234.76100696099,3318.1
132.76,3227.85776489304,3318.1
132.77,3220.96617452454,3318.1
132.78,3214.28377264589,3253.40000000018
132.79,3207.3981592831,3253.4
132.8,3200.02189086475,3253.4
132.81,3192.95289434001,3253.4
132.82,3185.2064867136,3253.4
132.83,3178.05060601569,3253.4
132.84,3169.78092916761,3253.4
132.85,3160.84702104583,3253.4
132.86,3154.21769472674,3253.4
132.87,3146.33075893125,3253.4
132.88,3138.8522482357,3218.8
132.89,3131.28556091374,3218.8
132.9,3123.6442905277,3218.8
132.91,3115.41915396788,3218.8
132.92,3107.89051157015,3218.8
132.93,3100.19478178637,3218.8
132.94,3092.72621249478,3218.8
132.95,3085.45806131869,3218.8
132.96,3077.91502301579,3218.8
132.97,3069.82672974782,3218.8
132.98,3064.39138032929,3184.2
132.99,3057.30614682169,3184.2
133,3049.67102649727,3184.2
133.01,3042.02213528257,3184.2
133.02,3033.73791768791,3184.2
133.03,3026.45602942611,3184.2
133.04,3019.62969740689,3184.2
133.05,3012.56765160498,3184.2
133.06,3005.47603632685,3184.2
133.07,2998.181097916,3184.2
133.08,2991.83882382465,3132.30000000015
133.09,2985.32714343052,3132.3
133.1,2978.43651050668,3132.3
133.11,2971.5702680569,3132.3
133.12,2965.01116584352,3132.3
133.13,2958.97368177492,3132.3
133.14,2951.76626439253,3132.3
133.15,2945.444445723,3132.3
133.16,2939.0671202289,3132.3
133.17,2931.89145158931,3132.3
133.18,2925.42490231902,3049.50000000024
133.19,2918.41416049132,3049.5
133.2,2912.81683926375,3049.5
133.21,2906.89518868258,3049.5
133.22,2901.46051022342,3049.5
133.23,2896.40754177743,3049.5
133.24,2891.39476745471,3049.5
133.25,2886.86694251187,3049.5
133.26,2881.92082131015,3049.5
133.27,2878.09385493499,3049.5
133.28,2874.57900380326,2980.5000000002
133.29,2871.67318126922,2980.5
133.3,2868.41547384808,2980.5
133.31,2865.18867609126,2980.5
133.32,2861.79346891921,2980.5
133.33,2859.27574310945,2980.5
133.34,2855.84524516704,2980.5
133.35,2853.05853366494,2980.5
133.36,2849.5611223135,2980.5
133.37,2846.8216795226,2980.5
133.38,2843.2544897428,3064.5
133.39,2840.18191618243,3064.5
133.4,2836.7403353096,3064.5
133.41,2833.175806856,3064.5
133.42,2830.23045006278,3064.5
133.43,2826.43804420276,3064.5
133.44,2823.02268650663,3064.5
133.45,2819.32359293069,3064.5
133.46,2815.8822299431,3064.5
133.47,2812.03750451108,3064.5
133.48,2808.23369999767,3140.4
133.49,2804.29436798953,3140.4
133.5,2800.50508709959,3140.4
133.51,2796.88067336927,3140.4
133.52,2792.6456920357,3140.4
133.53,2788.49414956324,3140.4
133.54,2784.77310821747,3140.4
133.55,2780.35877210531,3140.4
133.56,2776.13841105129,3140.4
133.57,2772.14017700752,3140.4
133.58,2767.88813235777,3241.59999999971
133.59,2763.59039701455,3241.6
133.6,2759.2787708654,3241.6
133.61,2754.59523317487,3241.6
133.62,2749.97230973487,3241.6
133.63,2745.06843778897,3241.6
133.64,2740.14470060784,3241.6
133.65,2735.29894047817,3241.6
133.66,2730.09507358445,3241.6
133.67,2724.30275511921,3241.6
133.68,2719.43589328366,3162.70000000022
133.69,2713.72529449447,3162.7
133.7,2708.08137377729,3162.7
133.71,2702.40609559586,3162.7
133.72,2697.04788593539,3162.7
133.73,2691.90061181936,3162.7
133.74,2686.66276445488,3162.7
133.75,2681.052645886,3162.7
133.76,2675.90177102623,3162.7
133.77,2670.7583790204,3162.7
133.78,2665.42753196583,3148.90000000004
133.79,2660.51748798428,3148.9
133.8,2655.70960153805,3148.9
133.81,2651.41954747149,3148.9
133.82,2647.49354696939,3148.9
133.83,2644.41710571313,3148.9
133.84,2641.75711721157,3148.9
133.85,2639.69547182738,3148.9
133.86,2638.36470013595,3148.9
133.87,2637.65915437966,3148.9
133.88,2637.30301939766,3210.2
133.89,2637.20114631801,3210.2
133.9,2637.75283215151,3210.2
133.91,2639.14770567793,3210.2
133.92,2640.57173562933,3210.2
133.93,2642.44198074914,3210.2
133.94,2644.68648685078,3210.2
133.95,2647.42001067488,3210.2
133.96,2650.74357642571,3210.2
133.97,2654.0698183256,3210.2
133.98,2658.19479254833,3202.7
133.99,2662.68063757639,3202.7
134,2667.3764285733,3202.7
134.01,2672.10012471943,3202.7
134.02,2677.67462521762,3202.7
134.03,2683.33600289322,3202.7
134.04,2688.72374734428,3202.7
134.05,2694.41329591679,3202.7
134.06,2700.57718292777,3202.7
134.07,2707.2593299378,3202.7
134.08,2713.81613814527,3252.29999999986
134.09,2721.13595928224,3252.3
134.1,2728.06244598041,3252.3
134.11,2734.85913928857,3252.3
134.12,2741.84331386672,3252.3
134.13,2748.78965173934,3252.3
134.14,2755.72297356111,3252.3
134.15,2762.19217772465,3252.3
134.16,2769.60888823166,3252.3
134.17,2776.74941603556,3252.3
134.18,2783.31882148006,3277.29999999993
134.19,2790.44010644877,3277.3
134.2,2797.59987602725,3277.3
134.21,2804.83947699103,3277.3
134.22,2812.20187790442,3277.3
134.23,2818.60096891609,3277.3
134.24,2825.25377785633,3277.3
134.25,2831.49440812915,3277.3
134.26,2837.9286514931,3277.3
134.27,2844.07020563756,3277.3
134.28,2850.58335552972,3190.40000000025
134.29,2857.00802492954,3190.4
134.3,2863.50096617108,3190.4
134.31,2867.94957422184,3190.4
134.32,2872.86015953448,3190.4
134.33,2877.13837986719,3190.4
134.34,2881.5590602253,3190.4
134.35,2885.40131625173,3190.4
134.36,2888.96252485269,3190.4
134.37,2892.72042883239,3190.4
134.38,2895.56362662809,3189
134.39,2897.40284770909,3189
134.4,2899.12142095868,3189
134.41,2900.9429182322,3189
134.42,2903.133126696,3189
134.43,2905.46871496116,3189
134.44,2907.56929964102,3189
134.45,2909.27250476356,3189
134.46,2911.17467102971,3189
134.47,2912.80004653892,3189
134.48,2914.66670919641,3205.3
134.49,2916.27918918071,3205.3
134.5,2917.76804047178,3205.3
134.51,2920.02645302322,3205.3
134.52,2922.22791572578,3205.3
134.53,2924.70134397572,3205.3
134.54,2926.81137959337,3205.3
134.55,2928.99388379109,3205.3
134.56,2932.10533632795,3205.3
134.57,2934.67683176907,3205.3
134.58,2938.21923151392,3234.69999999992
134.59,2941.29773649966,3234.7
134.6,2944.52150165909,3234.7
134.61,2947.95977803107,3234.7
134.62,2951.12910370618,3234.7
134.63,2954.41390380997,3234.7
134.64,2957.43471297179,3234.7
134.65,2959.84977277899,3234.7
134.66,2963.86492586954,3234.7
134.67,2967.42048114443,3234.7
134.68,2968.86846470434,3295.49999999983
134.69,2971.01418712584,3295.5
134.7,2974.00518939897,3295.5
134.71,2977.11758807549,3295.5
134.72,2980.00586749876,3295.5
134.73,2982.99841689381,3295.5
134.74,2985.59799617482,3295.5
134.75,2989.14197655071,3295.5
134.76,2991.70361556047,3295.5
134.77,2994.78375099894,3295.5
134.78,2997.73346905962,3361.89999999981
134.79,3000.79380153163,3361.9
134.8,3003.4883123734,3361.9
134.81,3004.91866885513,3361.9
134.82,3007.75261627098,3361.9
134.83,3011.44457196599,3361.9
134.84,3014.82901392536,3361.9
134.85,3017.97245078222,3361.9
134.86,3021.84597264113,3361.9
134.87,3025.65384695849,3361.9
134.88,3029.18885064051,3358.3
134.89,3032.33393587509,3358.3
134.9,3035.47182690068,3358.3
134.91,3039.8037719173,3358.3
134.92,3043.47492334018,3358.3
134.93,3048.12919385947,3358.3
134.94,3052.76011729307,3358.3
134.95,3057.26384980078,3358.3
134.96,3061.49658519581,3358.3
134.97,3066.19236533769,3358.3
134.98,3071.04867837504,3390.6
134.99,3075.73065643122,3390.6
135,3080.23784246691,3390.6
135.01,3083.86288342572,3390.6
135.02,3088.63646605457,3390.6
135.03,3093.41248615542,3390.6
135.04,3098.6597613084,3390.6
135.05,3104.10878166988,3390.6
135.06,3109.73457887938,3390.6
135.07,3115.40824372049,3390.6
135.08,3121.21951614875,3462.4999999998
135.09,3127.9234948821,3462.5
135.1,3134.27626190411,3462.5
135.11,3140.53508912376,3462.5
135.12,3146.02551133054,3462.5
135.13,3151.68627473289,3462.5
135.14,3156.65190517994,3462.5
135.15,3160.37573279139,3462.5
135.16,3163.36782622939,3462.5
135.17,3167.89613001846,3462.5
135.18,3172.60237525185,3456.60000000002
135.19,3179.14230657757,3456.6
135.2,3185.75675611383,3456.6
135.21,3192.9313255306,3456.6
135.22,3200.55239999497,3456.6
135.23,3208.78144265809,3456.6
135.24,3219.03504237092,3456.6
135.25,3229.10376219362,3456.6
135.26,3239.75016493999,3456.6
135.27,3250.7087380832,3456.6
135.28,3262.7811589343,3539.39999999976
135.29,3274.94339875993,3539.4
135.3,3287.79077530209,3539.4
135.31,3300.4846075448,3539.4
135.32,3313.33766316731,3539.4
135.33,3325.83787768071,3539.4
135.34,3337.91190001196,3539.4
135.35,3350.11605242369,3539.4
135.36,3362.37920883684,3539.4
135.37,3374.29124234674,3539.4
135.38,3387.01288669864,3629.5
135.39,3398.68293990261,3629.5
135.4,3410.32728341171,3629.5
135.41,3421.81773110114,3629.5
135.42,3433.15196482156,3629.5
135.43,3443.90518329696,3629.5
135.44,3453.94944785482,3629.5
135.45,3464.32131306111,3629.5
135.46,3473.23192013109,3629.5
135.47,3482.97286013856,3629.5
135.48,3491.77464324128,3798.2
135.49,3500.18631926016,3798.2
135.5,3508.4645622585,3798.2
135.51,3516.15757151083,3798.2
135.52,3524.01072308371,3798.2
135.53,3531.18883962332,3798.2
135.54,3538.39047971442,3798.2
135.55,3545.28592135182,3798.2
135.56,3551.67054370541,3798.2
135.57,3557.98571511564,3798.2
135.58,3563.88481526983,3964.09999999953
135.59,3569.79970747339,3964.1
135.6,3575.39558677827,3964.1
135.61,3581.1651172524,3964.1
135.62,3586.63389971857,3964.1
135.63,3591.66724511302,3964.1
135.64,3596.99714115077,3964.1
135.65,3602.29502911578,3964.1
135.66,3607.38406749745,3964.1
135.67,3612.59658370114,3964.1
135.68,3617.47685456298,4065.99999999971
135.69,3622.40293065101,4066
135.7,3627.325145087,4066
135.71,3632.10288251101,4066
135.72,3637.46287704899,4066
135.73,3642.26740438796,4066
135.74,3646.09605559264,4066
135.75,3650.56550732245,4066
135.76,3654.77268991888,4066
135.77,3658.96514637284,4066
135.78,3663.28746506899,4078.39999999997
135.79,3666.84888013388,4078.4
135.8,3670.45665710033,4078.4
135.81,3673.7303129564,4078.4
135.82,3676.5934559103,4078.4
135.83,3679.28379531494,4078.4
135.84,3681.35254045395,4078.4
135.85,3682.87040234684,4078.4
135.86,3684.41533168108,4078.4
135.87,3685.25370556001,4078.4
135.88,3685.59157637795,4229.2
135.89,3686.05939904297,4229.2
135.9,3686.15101799777,4229.2
135.91,3686.03875123816,4229.2
135.92,3685.61758032221,4229.2
135.93,3684.99575452034,4229.2
135.94,3684.63869352963,4229.2
135.95,3683.71097937478,4229.2
135.96,3682.60071287291,4229.2
135.97,3681.41532815473,4229.2
135.98,3679.94283992035,4058.7
135.99,3678.75929845545,4058.7
136,3677.20442516671,4058.7
136.01,3675.81199398471,4058.7
136.02,3674.41282605115,4058.7
136.03,3672.78677574889,4058.7
136.04,3671.54249193782,4058.7
136.05,3670.1427531478,4058.7
136.06,3669.16463549011,4058.7
136.07,3667.89529999575,4058.7
136.08,3666.57116607135,3894.40000000047
136.09,3665.61004027019,3894.4
136.1,3664.56273697483,3894.4
136.11,3663.52904371017,3894.4
136.12,3662.33406512367,3894.4
136.13,3660.82152142442,3894.4
136.14,3659.20993595471,3894.4
136.15,3657.89036657915,3894.4
136.16,3656.50739850864,3894.4
136.17,3655.09880252325,3894.4
136.18,3653.64437174477,3888.20000000002
136.19,3652.2140428305,3888.2
136.2,3650.1715593941,3888.2
136.21,3648.09940847795,3888.2
136.22,3645.95623269488,3888.2
136.23,3643.45744170044,3888.2
136.24,3640.59268316791,3888.2
136.25,3638.40553583582,3888.2
136.26,3635.76928091136,3888.2
136.27,3632.33287730724,3888.2
136.28,3628.64083310389,3904.79999999995
136.29,3624.83355637787,3904.8
136.3,3621.44336257285,3904.8
136.31,3617.65539010176,3904.8
136.32,3613.9265082867,3904.8
136.33,3610.18379693634,3904.8
136.34,3606.30137604533,3904.8
136.35,3602.50102770453,3904.8
136.36,3598.85285731983,3904.8
136.37,3595.0930859526,3904.8
136.38,3591.48650483591,3930.3
136.39,3587.44595524272,3930.3
136.4,3583.75644571534,3930.3
136.41,3580.26174516564,3930.3
136.42,3576.51175845244,3930.3
136.43,3572.33715830571,3930.3
136.44,3568.60227450493,3930.3
136.45,3564.96707342772,3930.3
136.46,3561.27781640676,3930.3
136.47,3557.06878378259,3930.3
136.48,3553.61546605215,4010.9
136.49,3549.76990935075,4010.9
136.5,3546.04369972127,4010.9
136.51,3542.46533118956,4010.9
136.52,3538.58228635575,4010.9
136.53,3535.42765168042,4010.9
136.54,3532.00363673467,4010.9
136.55,3528.58039186224,4010.9
136.56,3524.70878758173,4010.9
136.57,3520.76181980575,4010.9
136.58,3516.66895774694,3954.30000000016
136.59,3513.25820551313,3954.3
136.6,3509.74497718841,3954.3
136.61,3506.23916141609,3954.3
136.62,3502.46103182063,3954.3
136.63,3499.10797082867,3954.3
136.64,3495.25275673634,3954.3
136.65,3491.95463905925,3954.3
136.66,3489.08215331309,3954.3
136.67,3485.82538746923,3954.3
136.68,3481.96431859623,3987.29999999991
136.69,3478.7581173038,3987.3
136.7,3475.410420525,3987.3
136.71,3472.65370426073,3987.3
136.72,3469.95999452602,3987.3
136.73,3466.75592500529,3987.3
136.74,3463.64320975999,3987.3
136.75,3460.80855199531,3987.3
136.76,3457.8630105862,3987.3
136.77,3454.85958760943,3987.3
136.78,3452.28019526906,3964.00000000007
136.79,3449.55425252063,3964
136.8,3446.65897897162,3964
136.81,3444.473771317,3964
136.82,3442.11133956801,3964
136.83,3439.0974095112,3964
136.84,3436.60587843539,3964
136.85,3434.48023190012,3964
136.86,3431.92455142229,3964
136.87,3429.78523289178,3964
136.88,3428.05551274778,4018.4
136.89,3425.6766650303,4018.4
136.9,3423.63837137646,4018.4
136.91,3421.3295117973,4018.4
136.92,3419.53889975859,4018.4
136.93,3417.40262496663,4018.4
136.94,3415.66991195511,4018.4
136.95,3413.46951458096,4018.4
136.96,3412.40930806197,4018.4
136.97,3410.74211858576,4018.4
136.98,3409.1556672468,4031.3
136.99,3407.4814376019,4031.3
137,3405.86709217589,4031.3
137.01,3404.58243658187,4031.3
137.02,3402.77258861584,4031.3
137.03,3401.17562194719,4031.3
137.04,3400.25523439527,4031.3
137.05,3399.35144884277,4031.3
137.06,3397.47222195766,4031.3
137.07,3396.28937324297,4031.3
137.08,3395.32653445672,4002.50000000008
137.09,3393.7551328549,4002.5
137.1,3391.94080220487,4002.5
137.11,3390.34143873815,4002.5
137.12,3389.74928892453,4002.5
137.13,3387.95875274866,4002.5
137.14,3386.74125521533,4002.5
137.15,3385.32664128796,4002.5
137.16,3383.94792918201,4002.5
137.17,3381.95395052998,4002.5
137.18,3380.45832345595,4241.69999999932
137.19,3379.39727422275,4241.7
137.2,3378.51537172401,4241.7
137.21,3376.86088205271,4241.7
137.22,3375.50325352139,4241.7
137.23,3374.48376854775,4241.7
137.24,3373.00788120678,4241.7
137.25,3372.14325561429,4241.7
137.26,3371.32202241805,4241.7
137.27,3370.42997899309,4241.7
137.28,3369.37741301756,4162.50000000023
137.29,3368.85831503268,4162.5
137.3,3368.30874847229,4162.5
137.31,3367.64281103482,4162.5
137.32,3367.71511762328,4162.5
137.33,3367.85450441088,4162.5
137.34,3367.79450267166,4162.5
137.35,3367.81546109751,4162.5
137.36,3368.23923090821,4162.5
137.37,3368.46510699953,4162.5
137.38,3369.49296251533,4231.5
137.39,3370.81837653925,4231.5
137.4,3371.37725833416,4231.5
137.41,3371.86922572204,4231.5
137.42,3372.49724788828,4231.5
137.43,3373.12884952239,4231.5
137.44,3373.47826588984,4231.5
137.45,3373.91260686218,4231.5
137.46,3373.97510039838,4231.5
137.47,3374.07151791382,4231.5
137.48,3374.0522945009,4158.3
137.49,3373.96452638288,4158.3
137.5,3374.34526086171,4158.3
137.51,3374.52632155107,4158.3
137.52,3375.5605643198,4158.3
137.53,3376.52454445751,4158.3
137.54,3377.52248887021,4158.3
137.55,3379.0814013436,4158.3
137.56,3381.10336768198,4158.3
137.57,3382.88213183498,4158.3
137.58,3384.84304070944,4180.19999999994
137.59,3387.00224248675,4180.2
137.6,3390.24497124628,4180.2
137.61,3393.63897179277,4180.2
137.62,3396.14213841176,4180.2
137.63,3398.73707059308,4180.2
137.64,3401.49726784662,4180.2
137.65,3404.59100313507,4180.2
137.66,3407.25695497715,4180.2
137.67,3409.7788243793,4180.2
137.68,3412.65023135263,4382.89999999942
137.69,3415.08775136361,4382.9
137.7,3417.82815423906,4382.9
137.71,3420.41512498505,4382.9
137.72,3422.30952466445,4382.9
137.73,3424.15485175613,4382.9
137.74,3425.92164616414,4382.9
137.75,3427.18646963532,4382.9
137.76,3428.93933150899,4382.9
137.77,3428.93820149829,4382.9
137.78,3430.50919708895,4473.09999999974
137.79,3430.92927438123,4473.1
137.8,3431.86624736341,4473.1
137.81,3431.90178852375,4473.1
137.82,3432.15401888364,4473.1
137.83,3432.03774805488,4473.1
137.84,3432.82769279797,4473.1
137.85,3432.9651884228,4473.1
137.86,3432.6425712547,4473.1
137.87,3433.06670653694,4473.1
137.88,3433.14757676519,4575.2
137.89,3433.68907586416,4575.2
137.9,3434.03864138859,4575.2
137.91,3434.66347698975,4575.2
137.92,3435.4089967583,4575.2
137.93,3436.57985565194,4575.2
137.94,3437.83340202103,4575.2
137.95,3439.62826972504,4575.2
137.96,3441.43621235022,4575.2
137.97,3443.20534646511,4575.2
137.98,3445.64497049217,4432.8
137.99,3448.05199579088,4432.8
138,3451.15678094797,4432.8
138.01,3454.32298013497,4432.8
138.02,3457.26536727272,4432.8
138.03,3460.48819277582,4432.8
138.04,3464.02214460423,4432.8
138.05,3468.03506744021,4432.8
138.06,3471.88460170179,4432.8
138.07,3475.63393821461,4432.8
138.08,3479.86841928808,4515.09999999977
138.09,3484.19319592325,4515.1
138.1,3488.22106255471,4515.1
138.11,3493.23143597094,4515.1
138.12,3498.24988287472,4515.1
138.13,3503.01511012355,4515.1
138.14,3508.06241319637,4515.1
138.15,3513.04039552434,4515.1
138.16,3518.75216240738,4515.1
138.17,3524.06594452875,4515.1
138.18,3529.26791356569,4756.39999999931
138.19,3534.96435387457,4756.4
138.2,3540.41723367615,4756.4
138.21,3545.71047133973,4756.4
138.22,3550.28520806568,4756.4
138.23,3554.62708652998,4756.4
138.24,3558.44752091598,4756.4
138.25,3562.13047070666,4756.4
138.26,3565.60144569047,4756.4
138.27,3568.46817492681,4756.4
138.28,3570.95400756984,4709.70000000013
138.29,3573.32563983055,4709.7
138.3,3575.50307782041,4709.7
138.31,3577.46127989554,4709.7
138.32,3579.68105050959,4709.7
138.33,3581.0924684623,4709.7
138.34,3583.23244600995,4709.7
138.35,3584.67998127708,4709.7
138.36,3586.57107116477,4709.7
138.37,3587.70701817319,4709.7
138.38,3588.84574870841,4805.1
138.39,3590.16834420694,4805.1
138.4,3591.28611971623,4805.1
138.41,3592.5043695242,4805.1
138.42,3593.62916074164,4805.1
138.43,3594.90534430523,4805.1
138.44,3596.11242970604,4805.1
138.45,3597.15208664031,4805.1
138.46,3598.56366825421,4805.1
138.47,3599.58405780095,4805.1
138.48,3600.66623587535,5085.4
138.49,3601.666099496,5085.4
138.5,3602.65759287334,5085.4
138.51,3603.57078163321,5085.4
138.52,3604.7144145849,5085.4
138.53,3605.91776841734,5085.4
138.54,3606.72632455352,5085.4
138.55,3607.94033526676,5085.4
138.56,3609.19805508321,5085.4
138.57,3610.05972157614,5085.4
138.58,3611.53722986866,5199.79999999968
138.59,3612.40992142298,5199.8
138.6,3612.79529481483,5199.8
138.61,3612.61906177133,5199.8
138.62,3611.31024874033,5199.8
138.63,3609.37949691129,5199.8
138.64,3606.72295109081,5199.8
138.65,3603.86676974246,5199.8
138.66,3599.52000601598,5199.8
138.67,3594.80791337545,5199.8
138.68,3589.19340324119,4833.10000000104
138.69,3583.37519229077,4833.1
138.7,3576.9182166543,4833.1
138.71,3570.32101575297,4833.1
138.72,3563.76360295936,4833.1
138.73,3556.98228104307,4833.1
138.74,3549.65115847114,4833.1
138.75,3542.6651608507,4833.1
138.76,3535.43563363142,4833.1
138.77,3527.46670332537,4833.1
138.78,3519.79533174674,4575.90000000073
138.79,3511.9488868271,4575.9
138.8,3504.10589950648,4575.9
138.81,3496.05406622296,4575.9
138.82,3487.43639523458,4575.9
138.83,3478.55576494876,4575.9
138.84,3470.31602348246,4575.9
138.85,3461.542010219,4575.9
138.86,3452.62086966638,4575.9
138.87,3443.57205634577,4575.9
138.88,3434.36914214426,4494.2
138.89,3425.15174380036,4494.2
138.9,3415.78580721873,4494.2
138.91,3406.42373886172,4494.2
138.92,3397.08987832594,4494.2
138.93,3387.98079471126,4494.2
138.94,3378.47412536259,4494.2
138.95,3370.02411455848,4494.2
138.96,3360.38936464975,4494.2
138.97,3351.107020615,4494.2
138.98,3342.2323009779,4072.7
138.99,3333.14506965432,4072.7
139,3324.25900479648,4072.7
139.01,3315.297875519,4072.7
139.02,3306.2181954517,4072.7
139.03,3297.13403448249,4072.7
139.04,3288.38359734753,4072.7
139.05,3280.60030208439,4072.7
139.06,3272.13931898817,4072.7
139.07,3263.24480323794,4072.7
139.08,3254.61262518933,3990.80000000023
139.09,3246.33384404585,3990.8
139.1,3238.15951034927,3990.8
139.11,3230.79270616982,3990.8
139.12,3222.61370606425,3990.8
139.13,3214.95345897352,3990.8
139.14,3207.72440058699,3990.8
139.15,3201.38652119598,3990.8
139.16,3194.31079733934,3990.8
139.17,3189.21145477814,3990.8
139.18,3183.11617003115,3691.70000000085
139.19,3175.8839800235,3691.7
139.2,3167.82246625183,3691.7
139.21,3159.38421383955,3691.7
139.22,3151.58342246045,3691.7
139.23,3143.68005104662,3691.7
139.24,3135.80691583826,3691.7
139.25,3127.94963161091,3691.7
139.26,3119.93982859992,3691.7
139.27,3111.43548754369,3691.7
139.28,3104.2824916742,3617.40000000021
139.29,3097.76604206932,3617.4
139.3,3090.12622049933,3617.4
139.31,3081.17226342716,3617.4
139.32,3074.04055275941,3617.4
139.33,3068.37511949349,3617.4
139.34,3061.99789851914,3617.4
139.35,3054.0874357745,3617.4
139.36,3046.54341288112,3617.4
139.37,3038.88385980389,3617.4
139.38,3031.62702293142,3379.9
139.39,3023.97434719616,3379.9
139.4,3017.0443167672,3379.9
139.41,3009.95396421039,3379.9
139.42,3002.8864913327,3379.9
139.43,2996.32583551676,3379.9
139.44,2989.66871883525,3379.9
139.45,2982.44471568583,3379.9
139.46,2975.1282113396,3379.9
139.47,2968.22310554836,3379.9
139.48,2960.26043018216,3118.8
139.49,2953.70500933302,3118.8
139.5,2948.07019340146,3118.8
139.51,2942.09431264824,3118.8
139.52,2935.25051319752,3118.8
139.53,2928.57405691605,3118.8
139.54,2921.72580571449,3118.8
139.55,2914.58982036645,3118.8
139.56,2907.65993019741,3118.8
139.57,2901.09739754364,3118.8
139.58,2893.99412436476,2828.90000000082
139.59,2887.09415658291,2828.9
139.6,2880.50639963843,2828.9
139.61,2873.59284064912,2828.9
139.62,2866.70344819304,2828.9
139.63,2859.96036628924,2828.9
139.64,2853.11305710698,2828.9
139.65,2847.17162566287,2828.9
139.66,2840.49491201983,2828.9
139.67,2833.79336300191,2828.9
139.68,2827.1653547458,2773.70000000016
139.69,2820.39464991463,2773.7
139.7,2814.16488974556,2773.7
139.71,2808.33224313903,2773.7
139.72,2801.92413576756,2773.7
139.73,2795.56234180489,2773.7
139.74,2789.92977710646,2773.7
139.75,2784.43539179271,2773.7
139.76,2778.07614330311,2773.7
139.77,2772.55940978826,2773.7
139.78,2766.67974301271,2987.29999999939
139.79,2760.77946033002,2987.3
139.8,2755.85874767376,2987.3
139.81,2750.13410918305,2987.3
139.82,2745.24497650602,2987.3
139.83,2740.17096521891,2987.3
139.84,2735.25722387693,2987.3
139.85,2730.07192581026,2987.3
139.86,2724.98741223586,2987.3
139.87,2720.33939654583,2987.3
139.88,2715.09871396283,3301
139.89,2710.2849738599,3301
139.9,2705.43840513649,3301
139.91,2700.85262737159,3301
139.92,2695.67017178714,3301
139.93,2691.14263348254,3301
139.94,2686.74234526805,3301
139.95,2681.81025957879,3301
139.96,2676.89853143878,3301
139.97,2671.99140644312,3301
139.98,2667.11686004486,3343.5
139.99,2662.35993224,3343.5
140,2657.70296757138,3343.5
140.01,2652.82077796231,3343.5
140.02,2648.04511616939,3343.5
140.03,2643.14016929693,3343.5
140.04,2638.13088182211,3343.5
140.05,2633.10615021781,3343.5
140.06,2628.45203615131,3343.5
140.07,2623.87536996015,3343.5
140.08,2619.14817665468,3350.69999999998
140.09,2614.87195522796,3350.7
140.1,2609.96824780003,3350.7
140.11,2604.92919166411,3350.7
140.12,2600.14928782153,3350.7
140.13,2595.11072250219,3350.7
140.14,2590.18005584126,3350.7
140.15,2584.68601035818,3350.7
140.16,2579.39037241137,3350.7
140.17,2574.40649198448,3350.7
140.18,2569.34732489799,3392.39999999988
140.19,2563.95563507317,3392.4
140.2,2558.6681031178,3392.4
140.21,2553.08298063085,3392.4
140.22,2547.94489936217,3392.4
140.23,2542.53989688207,3392.4
140.24,2536.98254623077,3392.4
140.25,2531.90619554263,3392.4
140.26,2526.49955041761,3392.4
140.27,2521.11489614985,3392.4
140.28,2516.06470429641,3392.8
140.29,2510.88097847525,3392.8
140.3,2505.77019991567,3392.8
140.31,2500.70872155022,3392.8
140.32,2495.86195268606,3392.8
140.33,2491.18727735888,3392.8
140.34,2486.48930288442,3392.8
140.35,2481.90729176629,3392.8
140.36,2477.60134752425,3392.8
140.37,2473.1489936534,3392.8
140.38,2469.05287583376,3385.2
140.39,2464.92818688531,3385.2
140.4,2460.843228781,3385.2
140.41,2456.89908754471,3385.2
140.42,2453.16600218835,3385.2
140.43,2449.70004941373,3385.2
140.44,2446.33087557449,3385.2
140.45,2442.77106543203,3385.2
140.46,2439.42435052839,3385.2
140.47,2436.3712571207,3385.2
140.48,2433.41814429116,3401.3
140.49,2430.3728811772,3401.3
140.5,2427.42954595084,3401.3
140.51,2424.45675767979,3401.3
140.52,2421.64211511111,3401.3
140.53,2418.96114036514,3401.3
140.54,2416.06770176585,3401.3
140.55,2413.35351238025,3401.3
140.56,2410.65604904475,3401.3
140.57,2407.80612641809,3401.3
140.58,2404.92195920853,3423.49999999994
140.59,2402.18111711032,3423.5
140.6,2399.59144816643,3423.5
140.61,2397.27586393035,3423.5
140.62,2394.53474330458,3423.5
140.63,2391.75584615177,3423.5
140.64,2389.14917117363,3423.5
140.65,2386.42331452696,3423.5
140.66,2383.71806495641,3423.5
140.67,2381.00482860981,3423.5
140.68,2378.52462085396,3376.60000000013
140.69,2375.70032605571,3376.6
140.7,2373.06876134249,3376.6
140.71,2370.45423260493,3376.6
140.72,2367.59071769331,3376.6
140.73,2364.91920336238,3376.6
140.74,2362.31425284267,3376.6
140.75,2359.18148345537,3376.6
140.76,2356.37439501911,3376.6
140.77,2353.45662538883,3376.6
140.78,2350.78829539008,3321.30000000016
140.79,2347.99524005885,3321.3
140.8,2345.06914642987,3321.3
140.81,2342.25410654174,3321.3
140.82,2339.24517635709,3321.3
140.83,2336.37856146451,3321.3
140.84,2333.62163168967,3321.3
140.85,2330.66436647207,3321.3
140.86,2327.91270323817,3321.3
140.87,2325.42770160575,3321.3
140.88,2322.6333306252,3306.7
140.89,2319.93764487172,3306.7
140.9,2317.17520301572,3306.7
140.91,2314.51558845134,3306.7
140.92,2311.8050836974,3306.7
140.93,2309.18905460949,3306.7
140.94,2306.35445346316,3306.7
140.95,2303.88904012798,3306.7
140.96,2301.30232231906,3306.7
140.97,2298.67351164247,3306.7
140.98,2296.1161867579,3289.7
140.99,2293.68514223467,3289.7
141,2291.18123870236,3289.7
141.01,2288.56519822609,3289.7
141.02,2286.06821833173,3289.7
141.03,2283.53053232677,3289.7
141.04,2280.88912008072,3289.7
141.05,2278.26212715097,3289.7
141.06,2275.85712059883,3289.7
141.07,2273.39740665129,3289.7
141.08,2270.98400761921,3361.3999999998
141.09,2268.55716886819,3361.4
141.1,2266.18630544423,3361.4
141.11,2263.75080276439,3361.4
141.12,2261.62891865133,3361.4
141.13,2259.39746006647,3361.4
141.14,2257.15218966912,3361.4
141.15,2255.0067645726,3361.4
141.16,2252.76575506778,3361.4
141.17,2250.74983951971,3361.4
141.18,2248.81166043835,3397.8999999999
141.19,2246.9878313038,3397.9
141.2,2245.11569055584,3397.9
141.21,2243.25932141066,3397.9
141.22,2241.60014546178,3397.9
141.23,2239.92064994938,3397.9
141.24,2238.34036174732,3397.9
141.25,2236.7776617535,3397.9
141.26,2235.37324068221,3397.9
141.27,2234.07701014476,3397.9
141.28,2232.64413827707,3390.70000000002
141.29,2231.32427431535,3390.7
141.3,2229.98585368909,3390.7
141.31,2228.92448327737,3390.7
141.32,2228.02156713982,3390.7
141.33,2227.15969539309,3390.7
141.34,2226.41935726259,3390.7
141.35,2225.673186032,3390.7
141.36,2225.24190753394,3390.7
141.37,2224.58103860143,3390.7
141.38,2224.29031703078,3356.9
141.39,2223.95085384715,3356.9
141.4,2223.74052131219,3356.9
141.41,2223.45486407236,3356.9
141.42,2223.46844900319,3356.9
141.43,2223.19589558649,3356.9
141.44,2222.9391966223,3356.9
141.45,2222.85447384844,3356.9
141.46,2222.68015566227,3356.9
141.47,2222.67349704009,3356.9
141.48,2222.55555848501,3426.5
141.49,2222.52157655183,3426.5
141.5,2222.26456589074,3426.5
141.51,2222.04831987269,3426.5
141.52,2221.85359534539,3426.5
141.53,2221.70991105426,3426.5
141.54,2221.53862986641,3426.5
141.55,2221.13320833245,3426.5
141.56,2220.66197205305,3426.5
141.57,2220.24057710278,3426.5
141.58,2219.60774061358,3398.90000000008
141.59,2219.1322544284,3398.9
141.6,2218.25584147816,3398.9
141.61,2217.35932330901,3398.9
141.62,2216.8659351301,3398.9
141.63,2215.88020936642,3398.9
141.64,2215.3546253814,3398.9
141.65,2214.45883716315,3398.9
141.66,2213.57574899583,3398.9
141.67,2212.65596050589,3398.9
141.68,2211.73533652053,3365.5000000001
141.69,2210.71701973806,3365.5
141.7,2209.70726130626,3365.5
141.71,2208.56025326585,3365.5
141.72,2207.39768813414,3365.5
141.73,2206.81420502975,3365.5
141.74,2205.69775476059,3365.5
141.75,2204.51271773393,3365.5
141.76,2203.18983284196,3365.5
141.77,2202.15072900691,3365.5
141.78,2200.81802589642,3377.09999999997
141.79,2199.47885954833,3377.1
141.8,2197.94627377246,3377.1
141.81,2196.53549232082,3377.1
141.82,2194.58911568365,3377.1
141.83,2193.11743967133,3377.1
141.84,2190.93668503307,3377.1
141.85,2189.01019885269,3377.1
141.86,2186.51111112513,3377.1
141.87,2184.02981258921,3377.1
141.88,2181.34619651845,3382.4
141.89,2178.36863460099,3382.4
141.9,2175.95348207268,3382.4
141.91,2173.27010974151,3382.4
141.92,2170.53690334558,3382.4
141.93,2167.94834805947,3382.4
141.94,2165.13349881151,3382.4
141.95,2162.60719019901,3382.4
141.96,2160.16016020056,3382.4
141.97,2157.55755645618,3382.4
141.98,2154.92358659691,3349.1
141.99,2152.33459244285,3349.1
142,2149.88234792499,3349.1
142.01,2147.3486996841,3349.1
142.02,2144.84856632099,3349.1
142.03,2142.65299556616,3349.1
142.04,2140.25044223007,3349.1
142.05,2138.05038846584,3349.1
142.06,2136.06198623407,3349.1
142.07,2133.81602041775,3349.1
142.08,2131.79588661084,3381.19999999991
142.09,2129.60821706182,3381.2
142.1,2127.59531811124,3381.2
142.11,2125.51780609378,3381.2
142.12,2123.52653241205,3381.2
142.13,2121.63911768416,3381.2
142.14,2119.79055291955,3381.2
142.15,2117.75344748961,3381.2
142.16,2115.891638489,3381.2
142.17,2113.87000018072,3381.2
142.18,2112.13975125503,3400.89999999994
142.19,2110.26721864753,3400.9
142.2,2108.22386661331,3400.9
142.21,2106.40989552157,3400.9
142.22,2104.40612869499,3400.9
142.23,2102.54455974989,3400.9
142.24,2100.52550208879,3400.9
142.25,2098.91875718988,3400.9
142.26,2097.13997501665,3400.9
142.27,2095.41496850989,3400.9
142.28,2093.80806443069,3486.09999999976
142.29,2091.98187547004,3486.1
142.3,2090.16260699523,3486.1
142.31,2088.44082513296,3486.1
142.32,2086.94980515998,3486.1
142.33,2085.61766519317,3486.1
142.34,2084.1143141554,3486.1
142.35,2082.87242120389,3486.1
142.36,2081.68229027536,3486.1
142.37,2080.62301638572,3486.1
142.38,2079.68772253846,3469.5
142.39,2078.70259028854,3469.5
142.4,2077.69050244423,3469.5
142.41,2076.86878984,3469.5
142.42,2076.15006313984,3469.5
142.43,2075.26629370508,3469.5
142.44,2074.56189360936,3469.5
142.45,2073.80548538283,3469.5
142.46,2073.14118214351,3469.5
142.47,2072.31400623191,3469.5
142.48,2071.74401811375,3471.5
142.49,2071.03698326746,3471.5
142.5,2070.61070668569,3471.5
142.51,2070.37574746358,3471.5
142.52,2070.39899478317,3471.5
142.53,2070.4033711996,3471.5
142.54,2071.12787190854,3471.5
142.55,2071.85133092827,3471.5
142.56,2073.07536432418,3471.5
142.57,2074.22798126123,3471.5
142.58,2075.46205737587,3615.09999999959
142.59,2077.0384563906,3615.1
142.6,2078.54680167712,3615.1
142.61,2080.11241946948,3615.1
142.62,2081.47621845368,3615.1
142.63,2082.28877974115,3615.1
142.64,2083.19353073446,3615.1
142.65,2083.64793233024,3615.1
142.66,2084.03058717034,3615.1
142.67,2084.36566312676,3615.1
142.68,2084.18344888379,3602.20000000004
142.69,2083.92346254389,3602.2
142.7,2083.34581404786,3602.2
142.71,2082.59048743743,3602.2
142.72,2081.63347079134,3602.2
142.73,2080.60638904523,3602.2
142.74,2079.23375826171,3602.2
142.75,2077.77778817295,3602.2
142.76,2075.73339633748,3602.2
142.77,2073.80459508087,3602.2
142.78,2071.47844920976,3560.00000000012
142.79,2068.89116739577,3560
142.8,2066.24830359217,3560
142.81,2063.64261669146,3560
142.82,2060.91850907918,3560
142.83,2058.36855306408,3560
142.84,2055.72724891181,3560
142.85,2052.791140563,3560
142.86,2050.10864962991,3560
142.87,2047.20686416029,3560
142.88,2044.32982614571,3578.7
142.89,2041.2814951845,3578.7
142.9,2038.30680558775,3578.7
142.91,2035.40964089962,3578.7
142.92,2032.49375740825,3578.7
142.93,2029.45091894627,3578.7
142.94,2026.67358438153,3578.7
142.95,2023.66046212851,3578.7
142.96,2020.66314623942,3578.7
142.97,2017.66390050227,3578.7
142.98,2014.70970134305,3377
142.99,2011.55511560735,3377
143,2008.6498037584,3377
143.01,2005.87557823988,3377
143.02,2003.11332869426,3377
143.03,2000.57583583692,3377
143.04,1997.93931722448,3377
143.05,1995.20189340578,3377
143.06,1992.86274909945,3377
143.07,1990.63636462157,3377
143.08,1987.99745403696,3270.1000000003
143.09,1985.92413939518,3270.1
143.1,1983.62744345835,3270.1
143.11,1981.62030301243,3270.1
143.12,1979.62673376532,3270.1
143.13,1977.61797428728,3270.1
143.14,1975.9231406309,3270.1
143.15,1974.02141821269,3270.1
143.16,1972.38069266449,3270.1
143.17,1970.88231578559,3270.1
143.18,1969.28933351266,3266.00000000001
143.19,1967.73776562845,3266
143.2,1966.54723588606,3266
143.21,1965.22375881584,3266
143.22,1963.92202507369,3266
143.23,1962.78783821168,3266
143.24,1961.72576633646,3266
143.25,1960.85313111359,3266
143.26,1960.02659916089,3266
143.27,1959.29393299463,3266
143.28,1958.55205693544,3279.19999999996
143.29,1958.07190712322,3279.2
143.3,1957.55601436502,3279.2
143.31,1957.11126384786,3279.2
143.32,1956.84670199634,3279.2
143.33,1956.65193245571,3279.2
143.34,1956.42497912618,3279.2
143.35,1956.55780807789,3279.2
143.36,1956.77405874041,3279.2
143.37,1956.85486831034,3279.2
143.38,1957.0784944208,3275.3
143.39,1957.27133685092,3275.3
143.4,1957.80503805238,3275.3
143.41,1958.39755348577,3275.3
143.42,1959.13702201226,3275.3
143.43,1959.90890622436,3275.3
143.44,1960.69308922761,3275.3
143.45,1961.63050978565,3275.3
143.46,1962.96703518,3275.3
143.47,1964.10614111937,3275.3
143.48,1965.44568425113,3396.4
143.49,1966.76370357854,3396.4
143.5,1968.18761953588,3396.4
143.51,1969.89611547828,3396.4
143.52,1971.84655282343,3396.4
143.53,1973.95150637756,3396.4
143.54,1976.12146760705,3396.4
143.55,1978.32262302228,3396.4
143.56,1981.00683466976,3396.4
143.57,1983.96716168096,3396.4
143.58,1986.70262996643,3606.1999999994
143.59,1989.76623571856,3606.2
143.6,1993.19795835927,3606.2
143.61,1996.32059140338,3606.2
143.62,1999.12457088236,3606.2
143.63,2002.03507866829,3606.2
143.64,2004.92297533707,3606.2
143.65,2007.79835100533,3606.2
143.66,2010.4131778014,3606.2
143.67,2013.18769561105,3606.2
143.68,2015.84381412445,3470.20000000039
143.69,2018.28640842865,3470.2
143.7,2020.61990949149,3470.2
143.71,2022.7093438541,3470.2
143.72,2024.38494276527,3470.2
143.73,2025.9012361311,3470.2
143.74,2027.4827880251,3470.2
143.75,2028.43268708036,3470.2
143.76,2029.0680667757,3470.2
143.77,2029.43127392385,3470.2
143.78,2029.51268251012,3393.70000000022
143.79,2029.47758432807,3393.7
143.8,2029.08463369491,3393.7
143.81,2028.41856871537,3393.7
143.82,2027.55289757928,3393.7
143.83,2026.50953406096,3393.7
143.84,2024.8683540251,3393.7
143.85,2023.25023150171,3393.7
143.86,2021.18403561469,3393.7
143.87,2018.93461490775,3393.7
143.88,2016.4198973567,3335.9
143.89,2013.54733738405,3335.9
143.9,2010.6893989291,3335.9
143.91,2007.99445760492,3335.9
143.92,2005.60738433518,3335.9
143.93,2003.13337376268,3335.9
143.94,2001.03854321665,3335.9
143.95,1998.65018609762,3335.9
143.96,1996.35896881032,3335.9
143.97,1994.6404600033,3335.9
143.98,1992.90350469004,3324.1
143.99,1991.26596446156,3324.1
144,1989.9534881797,3324.1
144.01,1988.59343068111,3324.1
144.02,1987.71865391135,3324.1
144.03,1986.72830863665,3324.1
144.04,1986.22156859682,3324.1
144.05,1986.08008022587,3324.1
144.06,1986.15230816081,3324.1
144.07,1986.3297351024,3324.1
144.08,1986.73123414645,3335.29999999997
144.09,1987.3601597867,3335.3
144.1,1987.63443959255,3335.3
144.11,1988.15183473433,3335.3
144.12,1988.2665858392,3335.3
144.13,1988.12070407421,3335.3
144.14,1987.86789096541,3335.3
144.15,1987.04437669579,3335.3
144.16,1986.29592971886,3335.3
144.17,1985.03482644247,3335.3
144.18,1983.65320037866,3355.49999999994
144.19,1982.08521687068,3355.5
144.2,1980.52266487485,3355.5
144.21,1978.49696327046,3355.5
144.22,1976.38867636327,3355.5
144.23,1974.17103251138,3355.5
144.24,1972.08258937522,3355.5
144.25,1969.79715327965,3355.5
144.26,1967.16425540375,3355.5
144.27,1964.45508492174,3355.5
144.28,1961.73921008705,3357.39999999999
144.29,1958.89386022687,3357.4
144.3,1955.97506250277,3357.4
144.31,1952.78046860923,3357.4
144.32,1950.00622371356,3357.4
144.33,1947.00505519194,3357.4
144.34,1943.84059414802,3357.4
144.35,1940.69719562657,3357.4
144.36,1937.65699533387,3357.4
144.37,1934.49524717585,3357.4
144.38,1931.53671995944,3354.5
144.39,1928.23949574567,3354.5
144.4,1924.97779138959,3354.5
144.41,1922.06517397933,3354.5
144.42,1918.91964954322,3354.5
144.43,1915.764026668,3354.5
144.44,1912.639531317,3354.5
144.45,1909.52655163433,3354.5
144.46,1906.16752711289,3354.5
144.47,1903.00002460373,3354.5
144.48,1899.92418034683,3347.6
144.49,1897.15142160325,3347.6
144.5,1893.92987741602,3347.6
144.51,1890.84568580565,3347.6
144.52,1887.80307011485,3347.6
144.53,1884.8109744049,3347.6
144.54,1881.78392276024,3347.6
144.55,1878.67209779049,3347.6
144.56,1875.45640997573,3347.6
144.57,1872.50100478546,3347.6
144.58,1869.50524303674,3307.40000000011
144.59,1866.49075145242,3307.4
144.6,1863.46715635566,3307.4
144.61,1860.68463468609,3307.4
144.62,1857.46245140343,3307.4
144.63,1854.51019741413,3307.4
144.64,1851.44258667548,3307.4
144.65,1848.45438017578,3307.4
144.66,1845.56101679163,3307.4
144.67,1842.63686523743,3307.4
144.68,1839.70172187719,3268.90000000011
144.69,1836.79125816309,3268.9
144.7,1833.87131832397,3268.9
144.71,1831.00885335989,3268.9
144.72,1828.15868401,3268.9
144.73,1825.28682044085,3268.9
144.74,1822.30986214064,3268.9
144.75,1819.34369634156,3268.9
144.76,1816.59442421573,3268.9
144.77,1813.65856907971,3268.9
144.78,1810.73032437509,3233.4000000001
144.79,1807.86702610285,3233.4
144.8,1805.10539442557,3233.4
144.81,1802.19621254828,3233.4
144.82,1799.41934469401,3233.4
144.83,1796.84729501146,3233.4
144.84,1793.86403270384,3233.4
144.85,1791.20702849329,3233.4
144.86,1788.22553533241,3233.4
144.87,1785.57752691798,3233.4
144.88,1782.7963486867,3190.2
144.89,1779.86836800292,3190.2
144.9,1777.18922638007,3190.2
144.91,1774.48494860657,3190.2
144.92,1771.77682343241,3190.2
144.93,1769.16434201186,3190.2
144.94,1766.32721951501,3190.2
144.95,1763.55117310399,3190.2
144.96,1760.99025421152,3190.2
144.97,1758.27726208867,3190.2
144.98,1755.47001308065,3153.5
144.99,1752.6381638624,3153.5
145,1750.11621284425,3153.5
145.01,1747.35666112625,3153.5
145.02,1744.64751864542,3153.5
145.03,1742.01621251061,3153.5
145.04,1739.28267464814,3153.5
145.05,1736.80999153446,3153.5
145.06,1734.21621403901,3153.5
145.07,1731.66703552751,3153.5
145.08,1729.02984967264,3122.30000000009
145.09,1726.36538007799,3122.3
145.1,1723.61615672234,3122.3
145.11,1721.13885844183,3122.3
145.12,1718.47492111045,3122.3
145.13,1715.85625943629,3122.3
145.14,1713.15701170402,3122.3
145.15,1710.74862481739,3122.3
145.16,1708.17349731804,3122.3
145.17,1705.63779713634,3122.3
145.18,1703.22938441974,3073.90000000014
145.19,1700.526047521,3073.9
145.2,1698.10189817407,3073.9
145.21,1695.63800318409,3073.9
145.22,1693.25498040626,3073.9
145.23,1690.671200846,3073.9
145.24,1688.07730925895,3073.9
145.25,1685.61233818633,3073.9
145.26,1683.11548091519,3073.9
145.27,1680.82649179333,3073.9
145.28,1678.37397576664,3000.70000000021
145.29,1675.90142722398,3000.7
145.3,1673.5515398754,3000.7
145.31,1671.21181968635,3000.7
145.32,1669.07063246645,3000.7
145.33,1666.75941252414,3000.7
145.34,1664.74280508361,3000.7
145.35,1662.85976457072,3000.7
145.36,1661.1951165604,3000.7
145.37,1659.37015277664,3000.7
145.38,1657.78696765328,3012.8
145.39,1656.43832275481,3012.8
145.4,1655.00630544143,3012.8
145.41,1653.54966142405,3012.8
145.42,1652.0294617518,3012.8
145.43,1650.7154579228,3012.8
145.44,1649.24119764176,3012.8
145.45,1647.91725969601,3012.8
145.46,1646.65549070009,3012.8
145.47,1645.43300449188,3012.8
145.48,1644.20093398333,3046.7
145.49,1643.1284561068,3046.7
145.5,1642.13356667194,3046.7
145.51,1641.53907929345,3046.7
145.52,1641.18328820217,3046.7
145.53,1641.10135433829,3046.7
145.54,1641.40507362368,3046.7
145.55,1641.98111360775,3046.7
145.56,1642.78976859685,3046.7
145.57,1643.96014587526,3046.7
145.58,1645.6119348106,3154.99999999969
145.59,1647.41755253486,3155
145.6,1649.20251942644,3155
145.61,1651.17263664147,3155
145.62,1653.21808637987,3155
145.63,1655.31945452662,3155
145.64,1657.29870918227,3155
145.65,1659.2492694635,3155
145.66,1661.35651811781,3155
145.67,1663.11823036414,3155
145.68,1665.33773241065,3207.99999999985
145.69,1667.62253900365,3208
145.7,1669.64476246746,3208
145.71,1671.46951643262,3208
145.72,1673.60338012508,3208
145.73,1675.56565674622,3208
145.74,1677.3648865415,3208
145.75,1679.13762474594,3208
145.76,1681.03595180934,3208
145.77,1683.02850223647,3208
145.78,1684.69473511665,3314.6999999997
145.79,1686.33417616694,3314.7
145.8,1687.99013007906,3314.7
145.81,1689.45974553325,3314.7
145.82,1690.74566754701,3314.7
145.83,1691.64754272649,3314.7
145.84,1692.71311367936,3314.7
145.85,1693.60350249788,3314.7
145.86,1694.19838241154,3314.7
145.87,1695.0912192925,3314.7
145.88,1695.39372257405,3068.5
145.89,1695.46713743676,3068.5
145.9,1695.67921169546,3068.5
145.91,1695.89933395138,3068.5
145.92,1695.92802153563,3068.5
145.93,1696.11652607757,3068.5
145.94,1696.08450625006,3068.5
145.95,1696.25626896043,3068.5
145.96,1696.10212719295,3068.5
145.97,1696.03053137052,3068.5
145.98,1695.90289542998,3032.5
145.99,1695.75788666141,3032.5
146,1695.42487342941,3032.5
146.01,1695.02940900972,3032.5
146.02,1694.4478713379,3032.5
146.03,1693.65871027367,3032.5
146.04,1692.82675805179,3032.5
146.05,1691.61728967488,3032.5
146.06,1690.29690032998,3032.5
146.07,1688.88285950615,3032.5
146.08,1687.31459229805,3028.80000000001
146.09,1685.86232642923,3028.8
146.1,1684.13743825438,3028.8
146.11,1682.21587574795,3028.8
146.12,1680.262024708,3028.8
146.13,1678.36667330708,3028.8
146.14,1676.2745727005,3028.8
146.15,1674.04967706328,3028.8
146.16,1671.80322731183,3028.8
146.17,1669.50803389619,3028.8
146.18,1667.46670595741,3016.30000000004
146.19,1665.030119752,3016.3
146.2,1662.48072981803,3016.3
146.21,1660.18679542197,3016.3
146.22,1657.61237366361,3016.3
146.23,1655.18336363327,3016.3
146.24,1652.77055158284,3016.3
146.25,1650.32009347916,3016.3
146.26,1647.9867116884,3016.3
146.27,1645.53955934402,3016.3
146.28,1643.16322413685,2982.1000000001
146.29,1640.69315538039,2982.1
146.3,1638.41641922402,2982.1
146.31,1636.22089223005,2982.1
146.32,1634.05667499557,2982.1
146.33,1631.79992032163,2982.1
146.34,1629.73040596314,2982.1
146.35,1627.68173246425,2982.1
146.36,1625.77562674916,2982.1
146.37,1623.73064007017,2982.1
146.38,1621.85579598685,2971.5
146.39,1620.04646836213,2971.5
146.4,1618.40831033803,2971.5
146.41,1616.91942808736,2971.5
146.42,1615.29365769579,2971.5
146.43,1613.60247678183,2971.5
146.44,1611.9671623161,2971.5
146.45,1610.35348688465,2971.5
146.46,1608.88044407575,2971.5
146.47,1607.54943118483,2971.5
146.48,1606.18713664209,2970.6
146.49,1604.96390982715,2970.6
146.5,1603.79758601869,2970.6
146.51,1602.31538949432,2970.6
146.52,1601.25269254264,2970.6
146.53,1600.08777426746,2970.6
146.54,1599.32897598038,2970.6
146.55,1598.36485136662,2970.6
146.56,1597.52501855752,2970.6
146.57,1596.66775087581,2970.6
146.58,1596.05191248191,2957.90000000004
146.59,1595.25497380824,2957.9
146.6,1594.59313497981,2957.9
146.61,1594.00795627195,2957.9
146.62,1593.62330037072,2957.9
146.63,1593.02157260527,2957.9
146.64,1592.43867016636,2957.9
146.65,1592.1665495592,2957.9
146.66,1591.8176609174,2957.9
146.67,1591.50365896639,2957.9
146.68,1591.28746685518,2963.49999999998
146.69,1591.31270608398,2963.5
146.7,1591.46231857344,2963.5
146.71,1591.16040981932,2963.5
146.72,1591.10590352178,2963.5
146.73,1591.21347739146,2963.5
146.74,1591.29657313878,2963.5
146.75,1591.40224625256,2963.5
146.76,1591.48679037479,2963.5
146.77,1591.70165310028,2963.5
146.78,1591.91074899813,2958.40000000001
146.79,1592.25567477846,2958.4
146.8,1592.34346376787,2958.4
146.81,1592.37498710426,2958.4
146.82,1592.53486418458,2958.4
146.83,1592.64420240964,2958.4
146.84,1592.88808681782,2958.4
146.85,1592.9431201866,2958.4
146.86,1592.9366023581,2958.4
146.87,1592.93364707094,2958.4
146.88,1592.78823859495,2973.8
146.89,1592.73183174145,2973.8
146.9,1592.62362188992,2973.8
146.91,1592.43911383368,2973.8
146.92,1592.54111098888,2973.8
146.93,1592.25120182546,2973.8
146.94,1592.13102350647,2973.8
146.95,1591.99126395538,2973.8
146.96,1591.51637090161,2973.8
146.97,1591.27948730579,2973.8
146.98,1591.03989786704,3017.4
146.99,1590.66499368358,3017.4
147,1590.43330648955,3017.4
147.01,1590.07662803071,3017.4
147.02,1589.61859821674,3017.4
147.03,1589.28977105811,3017.4
147.04,1588.95709214404,3017.4
147.05,1588.6543149268,3017.4
147.06,1588.20698527624,3017.4
147.07,1587.90464872994,3017.4
147.08,1587.22976119386,3078.39999999983
147.09,1586.95067165096,3078.4
147.1,1586.44887968703,3078.4
147.11,1585.87435693957,3078.4
147.12,1585.563278622,3078.4
147.13,1585.16923347436,3078.4
147.14,1584.68669628718,3078.4
147.15,1584.3175159182,3078.4
147.16,1584.17275108243,3078.4
147.17,1583.61774499469,3078.4
147.18,1583.33494936804,3154.39999999978
147.19,1582.98503538207,3154.4
147.2,1582.63457327635,3154.4
147.21,1582.25409951628,3154.4
147.22,1581.5635816731,3154.4
147.23,1581.30179255684,3154.4
147.24,1580.5939846855,3154.4
147.25,1580.31580836999,3154.4
147.26,1580.10363072759,3154.4
147.27,1579.84078985092,3154.4
147.28,1579.42713566088,3086.70000000019
147.29,1578.82900685047,3086.7
147.3,1578.5509666791,3086.7
147.31,1578.51100177592,3086.7
147.32,1578.12107420422,3086.7
147.33,1577.84231030924,3086.7
147.34,1578.01488426715,3086.7
147.35,1578.53598047802,3086.7
147.36,1578.93801515529,3086.7
147.37,1579.45392566962,3086.7
147.38,1579.73553337366,3075.8
147.39,1580.55222488018,3075.8
147.4,1581.3735464838,3075.8
147.41,1582.44058767422,3075.8
147.42,1584.08657088543,3075.8
147.43,1586.27268765062,3075.8
147.44,1588.9210069742,3075.8
147.45,1591.72928221498,3075.8
147.46,1595.05281031167,3075.8
147.47,1598.62971067591,3075.8
147.48,1602.6380565295,3158.3
147.49,1606.95867986826,3158.3
147.5,1611.31716816676,3158.3
147.51,1616.03368693942,3158.3
147.52,1620.85565755056,3158.3
147.53,1625.80974950135,3158.3
147.54,1630.4802351495,3158.3
147.55,1635.33075406976,3158.3
147.56,1640.49655088326,3158.3
147.57,1645.62679161882,3158.3
147.58,1650.67105766456,3109.80000000014
147.59,1656.222216392,3109.8
147.6,1661.96068093366,3109.8
147.61,1667.87408875109,3109.8
147.62,1674.11840473772,3109.8
147.63,1680.87354125744,3109.8
147.64,1688.04197977549,3109.8
147.65,1695.36875867525,3109.8
147.66,1703.16819432702,3109.8
147.67,1711.20180859764,3109.8
147.68,1719.69142413052,3014.60000000027
147.69,1728.66810528002,3014.6
147.7,1738.09452498016,3014.6
147.71,1747.45255320401,3014.6
147.72,1757.12429792338,3014.6
147.73,1767.33115064051,3014.6
147.74,1777.7977451841,3014.6
147.75,1788.3249742705,3014.6
147.76,1799.19163777051,3014.6
147.77,1810.34324687455,3014.6
147.78,1821.95795189919,3068.79999999985
147.79,1833.85856705141,3068.8
147.8,1845.39612905262,3068.8
147.81,1856.52030641633,3068.8
147.82,1867.352957621,3068.8
147.83,1877.92757330608,3068.8
147.84,1888.29079461614,3068.8
147.85,1898.0507575403,3068.8
147.86,1907.39295525369,3068.8
147.87,1916.39523281076,3068.8
147.88,1924.99072252366,3180.4
147.89,1933.44947492697,3180.4
147.9,1941.58041009879,3180.4
147.91,1949.65622567095,3180.4
147.92,1957.25455716213,3180.4
147.93,1965.00064070748,3180.4
147.94,1972.21662970307,3180.4
147.95,1979.44412455329,3180.4
147.96,1986.53154823506,3180.4
147.97,1993.4410460521,3180.4
147.98,2000.47378244042,3186.7
147.99,2007.20844855823,3186.7
148,2013.5716261089,3186.7
148.01,2020.46289796313,3186.7
148.02,2027.53564082906,3186.7
148.03,2034.68372778716,3186.7
148.04,2041.79974016333,3186.7
148.05,2049.66146512277,3186.7
148.06,2057.61279562217,3186.7
148.07,2065.56051647663,3186.7
148.08,2073.30212935098,3192.99999999998
148.09,2081.95231754738,3193
148.1,2090.50398860692,3193
148.11,2099.33688472378,3193
148.12,2108.69411052426,3193
148.13,2118.38058690838,3193
148.14,2128.46662120653,3193
148.15,2138.97070887668,3193
148.16,2149.1488195688,3193
148.17,2160.24459889192,3193
148.18,2171.62074676006,3225.89999999991
148.19,2183.1757109952,3225.9
148.2,2194.84271773295,3225.9
148.21,2207.06453219055,3225.9
148.22,2219.56854648423,3225.9
148.23,2232.35180402214,3225.9
148.24,2245.35252311095,3225.9
148.25,2258.50199578728,3225.9
148.26,2271.943822149,3225.9
148.27,2285.78442908681,3225.9
148.28,2300.04216435709,3300.89999999979
148.29,2314.19407116398,3300.9
148.3,2328.58642983855,3300.9
148.31,2343.03349043836,3300.9
148.32,2357.32645428438,3300.9
148.33,2371.85703787244,3300.9
148.34,2386.45019631251,3300.9
148.35,2400.83481293647,3300.9
148.36,2415.45747604466,3300.9
148.37,2430.20140250037,3300.9
148.38,2445.02455679399,3388
148.39,2459.60194240082,3388
148.4,2473.9472574749,3388
148.41,2488.69166556544,3388
148.42,2503.26011062675,3388
148.43,2517.97923496521,3388
148.44,2532.7099984416,3388
148.45,2547.55120682344,3388
148.46,2561.54557402836,3388
148.47,2575.93090002831,3388
148.48,2591.20736420602,3425.9
148.49,2605.60931146349,3425.9
148.5,2619.80369691829,3425.9
148.51,2634.79690496044,3425.9
148.52,2648.72221009096,3425.9
148.53,2663.15827178842,3425.9
148.54,2677.7113178431,3425.9
148.55,2692.0014884115,3425.9
148.56,2706.55028540017,3425.9
148.57,2720.49718906787,3425.9
148.58,2735.36678943031,3474.29999999986
148.59,2748.73110408475,3474.3
148.6,2762.88640628626,3474.3
148.61,2776.31759950861,3474.3
148.62,2789.92030465188,3474.3
148.63,2803.8399224375,3474.3
148.64,2817.67581838751,3474.3
148.65,2831.9183290579,3474.3
148.66,2846.45625871978,3474.3
148.67,2860.47450490791,3474.3
148.68,2875.1700583033,3670.79999999944
148.69,2889.66577023172,3670.8
148.7,2903.9952628986,3670.8
148.71,2918.00100303797,3670.8
148.72,2932.01877422184,3670.8
148.73,2946.28972971309,3670.8
148.74,2960.34414638559,3670.8
148.75,2974.13038514709,3670.8
148.76,2988.51357974011,3670.8
148.77,3002.83300677512,3670.8
148.78,3016.26479542491,3964.39999999917
148.79,3028.48650464357,3964.4
148.8,3040.24338518477,3964.4
148.81,3052.04148386485,3964.4
148.82,3064.43333014151,3964.4
148.83,3076.53015031861,3964.4
148.84,3087.81953598343,3964.4
148.85,3099.40686621535,3964.4
148.86,3111.66788124403,3964.4
148.87,3124.52298678241,3964.4
148.88,3135.90754170077,4200.8
148.89,3148.27551811926,4200.8
148.9,3160.76496296778,4200.8
148.91,3172.01641122977,4200.8
148.92,3183.34066994358,4200.8
148.93,3195.51891747847,4200.8
148.94,3206.6388273513,4200.8
148.95,3217.48291695949,4200.8
148.96,3229.11371283429,4200.8
148.97,3240.24854912539,4200.8
148.98,3250.98840234569,4469.5
148.99,3261.88965392732,4469.5
149,3272.18338976115,4469.5
149.01,3282.93580788634,4469.5
149.02,3293.48059497668,4469.5
149.03,3302.91590942752,4469.5
149.04,3312.03072251474,4469.5
149.05,3320.84438682741,4469.5
149.06,3330.2219557851,4469.5
149.07,3339.25771655223,4469.5
149.08,3348.04837933481,4523.19999999985
149.09,3357.16079413298,4523.2
149.1,3365.74288793597,4523.2
149.11,3374.27580141623,4523.2
149.12,3383.14782365858,4523.2
149.13,3391.86049106405,4523.2
149.14,3399.90212792579,4523.2
149.15,3408.33996513848,4523.2
149.16,3416.10321811195,4523.2
149.17,3424.10379034367,4523.2
149.18,3432.18316074178,4820.09999999916
149.19,3439.64822661663,4820.1
149.2,3447.9212360821,4820.1
149.21,3456.20499112398,4820.1
149.22,3465.1038877262,4820.1
149.23,3473.50415511597,4820.1
149.24,3482.51410216398,4820.1
149.25,3491.89473983618,4820.1
149.26,3501.24181558635,4820.1
149.27,3510.78372305958,4820.1
149.28,3520.77765350223,5119.09999999915
149.29,3530.64144923161,5119.1
149.3,3539.87723059036,5119.1
149.31,3549.49589548056,5119.1
149.32,3559.03460136943,5119.1
149.33,3568.01934090273,5119.1
149.34,3577.23520044765,5119.1
149.35,3586.39543969474,5119.1
149.36,3595.47849150166,5119.1
149.37,3604.10414461071,5119.1
149.38,3612.83627245229,5103.9
149.39,3621.44417463712,5103.9
149.4,3629.55760522687,5103.9
149.41,3636.94339533855,5103.9
149.42,3644.41858477375,5103.9
149.43,3652.09743719933,5103.9
149.44,3659.04601338562,5103.9
149.45,3665.47649883692,5103.9
149.46,3672.00803073353,5103.9
149.47,3677.93552687066,5103.9
149.48,3683.99211448569,4415.8
149.49,3689.51980781422,4415.8
149.5,3695.18935253581,4415.8
149.51,3700.09367969925,4415.8
149.52,3705.24130499455,4415.8
149.53,3710.20268221925,4415.8
149.54,3715.39260919335,4415.8
149.55,3720.52234284214,4415.8
149.56,3725.51965398365,4415.8
149.57,3730.60637019719,4415.8
149.58,3735.09145375838,4079.80000000095
149.59,3739.74697726303,4079.8
149.6,3745.07107632679,4079.8
149.61,3750.76187184045,4079.8
149.62,3756.27071982163,4079.8
149.63,3762.23783748035,4079.8
149.64,3768.7957736655,4079.8
149.65,3775.1734352184,4079.8
149.66,3782.24076155553,4079.8
149.67,3789.66492683275,4079.8
149.68,3796.98778857297,3980.60000000028
149.69,3804.91697366392,3980.6
149.7,3812.98585351154,3980.6
149.71,3820.73132817916,3980.6
149.72,3829.11264655087,3980.6
149.73,3837.85621800148,3980.6
149.74,3846.75042031219,3980.6
149.75,3855.70649002734,3980.6
149.76,3864.87777963057,3980.6
149.77,3873.97961776912,3980.6
149.78,3883.4580782054,4038.49999999984
149.79,3892.92345823259,4038.5
149.8,3901.57053897634,4038.5
149.81,3908.85293735703,4038.5
149.82,3914.7345174095,4038.5
149.83,3919.79554530969,4038.5
149.84,3923.82827542444,4038.5
149.85,3926.89176704504,4038.5
149.86,3928.46465119855,4038.5
149.87,3929.18052292512,4038.5
149.88,3928.48882214008,4160.2
149.89,3926.8819149713,4160.2
149.9,3924.43147861337,4160.2
149.91,3920.80174929061,4160.2
149.92,3916.23772495519,4160.2
149.93,3910.4700262686,4160.2
149.94,3903.82049566215,4160.2
149.95,3896.20262309612,4160.2
149.96,3887.3052157065,4160.2
149.97,3877.94065829463,4160.2
149.98,3867.29044921347,4014.5
149.99,3855.8075667314,4014.5
150,3844.12414581984,4014.5
150.01,3832.52399650436,4014.5
150.02,3821.01053194027,4014.5
150.03,3809.67400752739,4014.5
150.04,3798.37401145807,4014.5
150.05,3786.93727681026,4014.5
150.06,3775.60965330174,4014.5
150.07,3764.28815421236,4014.5
150.08,3753.07565578002,3868.90000000041
150.09,3741.88357557256,3868.9
150.1,3731.13739790823,3868.9
150.11,3720.44213885122,3868.9
150.12,3709.72746432701,3868.9
150.13,3698.70778734055,3868.9
150.14,3687.99984158887,3868.9
150.15,3677.23233614578,3868.9
150.16,3666.56360008158,3868.9
150.17,3655.94316958412,3868.9
150.18,3645.39838293964,3715.50000000044
150.19,3634.96670050756,3715.5
150.2,3624.66970822054,3715.5
150.21,3613.89248583094,3715.5
150.22,3603.45331103387,3715.5
150.23,3593.11378781748,3715.5
150.24,3583.12285261747,3715.5
150.25,3573.07101265823,3715.5
150.26,3562.56218096942,3715.5
150.27,3552.52805622375,3715.5
150.28,3542.5228087607,3640.80000000021
150.29,3532.3780715174,3640.8
150.3,3522.43155809466,3640.8
150.31,3512.77587632165,3640.8
150.32,3502.6940944427,3640.8
150.33,3493.10670256533,3640.8
150.34,3483.44598947193,3640.8
150.35,3474.01339401805,3640.8
150.36,3464.33738267368,3640.8
150.37,3454.88246822865,3640.8
150.38,3445.32735312992,3611
150.39,3435.63789360108,3611
150.4,3426.20012359652,3611
150.41,3417.09714243949,3611
150.42,3408.12318218492,3611
150.43,3398.65605950339,3611
150.44,3389.2051448816,3611
150.45,3379.91312851658,3611
150.46,3370.64521738157,3611
150.47,3361.67818675428,3611
150.48,3352.43221924601,3562.6
150.49,3343.43419789017,3562.6
150.5,3334.57786014599,3562.6
150.51,3325.31478691018,3562.6
150.52,3316.00647749013,3562.6
150.53,3307.38222046941,3562.6
150.54,3298.55166592261,3562.6
150.55,3289.88463960305,3562.6
150.56,3281.3658124399,3562.6
150.57,3272.64101458561,3562.6
150.58,3264.05528751844,3435.60000000036
150.59,3255.55568342096,3435.6
150.6,3247.14756406985,3435.6
150.61,3238.73023483446,3435.6
150.62,3230.80756855121,3435.6
150.63,3223.45402372998,3435.6
150.64,3216.52138029194,3435.6
150.65,3209.36250725879,3435.6
150.66,3202.9937731875,3435.6
150.67,3198.78197987167,3435.6
150.68,3192.42019406828,3257.50000000051
150.69,3184.83140245621,3257.5
150.7,3177.08639737746,3257.5
150.71,3168.57051418292,3257.5
150.72,3159.95068650409,3257.5
150.73,3152.33163763474,3257.5
150.74,3144.64588858184,3257.5
150.75,3137.10170216407,3257.5
150.76,3129.14733906971,3257.5
150.77,3121.71402868517,3257.5
150.78,3115.04251960575,3154.60000000029
150.79,3106.77511764583,3154.6
150.8,3098.85230419482,3154.6
150.81,3091.11342541706,3154.6
150.82,3083.45104241212,3154.6
150.83,3075.68583486952,3154.6
150.84,3068.75445145767,3154.6
150.85,3061.48677532816,3154.6
150.86,3054.95068119352,3154.6
150.87,3047.90554466743,3154.6
150.88,3040.34387470372,3036.5
150.89,3032.78442137186,3036.5
150.9,3024.79638574486,3036.5
150.91,3017.48517463342,3036.5
150.92,3010.38303085541,3036.5
150.93,3003.29223906677,3036.5
150.94,2996.93174401316,3036.5
150.95,2989.8379959434,3036.5
150.96,2983.0524667178,3036.5
150.97,2976.04403781006,3036.5
150.98,2968.57011432407,2965.2
150.99,2962.66103629957,2965.2
151,2956.68796782859,2965.2
151.01,2949.69081255251,2965.2
151.02,2942.95941237525,2965.2
151.03,2935.51257824832,2965.2
151.04,2929.12324726117,2965.2
151.05,2921.77435762762,2965.2
151.06,2915.2399574972,2965.2
151.07,2908.18744271815,2965.2
151.08,2901.54712815496,2835.80000000037
151.09,2894.55763003447,2835.8
151.1,2888.03464460848,2835.8
151.11,2881.06203247649,2835.8
151.12,2874.38726344787,2835.8
151.13,2867.51028995023,2835.8
151.14,2861.15990696845,2835.8
151.15,2854.10503316738,2835.8
151.16,2847.759444177,2835.8
151.17,2840.71488453712,2835.8
151.18,2834.66419790438,2759.40000000022
151.19,2828.31757079463,2759.4
151.2,2821.541563509,2759.4
151.21,2815.43952292317,2759.4
151.22,2808.89748920453,2759.4
151.23,2802.50868243044,2759.4
151.24,2796.03762520921,2759.4
151.25,2789.20943284169,2759.4
151.26,2782.85591122092,2759.4
151.27,2776.36631222475,2759.4
151.28,2770.11492804549,2697.00000000018
151.29,2763.93757980299,2697
151.3,2757.74843982326,2697
151.31,2751.39678169845,2697
151.32,2745.46221290987,2697
151.33,2739.16705469085,2697
151.34,2732.58750730972,2697
151.35,2727.20290608082,2697
151.36,2721.10610386387,2697
151.37,2714.90722319485,2697
151.38,2708.59829791947,2639
151.39,2702.90590701912,2639
151.4,2696.65984871181,2639
151.41,2690.92028628385,2639
151.42,2685.06483194632,2639
151.43,2679.22066907464,2639
151.44,2672.64061312485,2639
151.45,2667.10940827882,2639
151.46,2661.29545577493,2639
151.47,2655.45295938786,2639
151.48,2649.69068605162,2616.7
151.49,2644.00904161144,2616.7
151.5,2638.27300334545,2616.7
151.51,2632.22967245064,2616.7
151.52,2626.67800395405,2616.7
151.53,2621.15142322508,2616.7
151.54,2615.47435421718,2616.7
151.55,2609.99313211174,2616.7
151.56,2604.55185535247,2616.7
151.57,2598.96734190622,2616.7
151.58,2593.18461532692,2583.50000000009
151.59,2588.00577283284,2583.5
151.6,2582.50219545692,2583.5
151.61,2577.22311848664,2583.5
151.62,2571.71515214944,2583.5
151.63,2566.13676512871,2583.5
151.64,2560.64078311741,2583.5
151.65,2554.96736353231,2583.5
151.66,2549.92955951391,2583.5
151.67,2544.60359606087,2583.5
151.68,2539.29100885991,2535.40000000014
151.69,2534.05934898725,2535.4
151.7,2528.6382350738,2535.4
151.71,2523.4957660944,2535.4
151.72,2518.21532451427,2535.4
151.73,2513.02616700243,2535.4
151.74,2507.39202879373,2535.4
151.75,2502.34534334266,2535.4
151.76,2497.19945293314,2535.4
151.77,2492.09292198873,2535.4
151.78,2486.89173145371,2497.50000000011
151.79,2481.74679636908,2497.5
151.8,2476.7385722246,2497.5
151.81,2471.59904166641,2497.5
151.82,2466.76765327525,2497.5
151.83,2461.77749293629,2497.5
151.84,2456.60636691164,2497.5
151.85,2451.72172903402,2497.5
151.86,2446.71823879483,2497.5
151.87,2441.75796306942,2497.5
151.88,2436.91234095549,2490.1
151.89,2431.85214805165,2490.1
151.9,2426.9398521636,2490.1
151.91,2422.08848498829,2490.1
151.92,2417.32227467801,2490.1
151.93,2412.44981432952,2490.1
151.94,2407.55220754922,2490.1
151.95,2402.75504514053,2490.1
151.96,2397.72893538845,2490.1
151.97,2393.22186317618,2490.1
151.98,2388.44610702055,2485
151.99,2383.52430503207,2485
152,2378.88480779434,2485
152.01,2374.34929237568,2485
152.02,2369.58489997533,2485
152.03,2364.92083861948,2485
152.04,2360.35382148324,2485
152.05,2355.79612185594,2485
152.06,2351.24346676351,2485
152.07,2346.70554279753,2485
152.08,2342.06541626128,2451.80000000009
152.09,2337.63023795106,2451.8
152.1,2333.08957078641,2451.8
152.11,2328.43127207822,2451.8
152.12,2323.94546418385,2451.8
152.13,2319.54337828733,2451.8
152.14,2315.25439286814,2451.8
152.15,2310.76177445229,2451.8
152.16,2306.4886384442,2451.8
152.17,2302.01367389271,2451.8
152.18,2297.84992870722,2434.20000000005
152.19,2293.37703037914,2434.2
152.2,2289.06107303568,2434.2
152.21,2284.84137782135,2434.2
152.22,2280.57028672596,2434.2
152.23,2276.45066244847,2434.2
152.24,2272.21972022368,2434.2
152.25,2268.00865694894,2434.2
152.26,2263.7141526779,2434.2
152.27,2259.46105977816,2434.2
152.28,2255.17840727406,2427.40000000002
152.29,2250.90145869216,2427.4
152.3,2246.68186585827,2427.4
152.31,2242.48587265985,2427.4
152.32,2238.33313413692,2427.4
152.33,2233.8769342519,2427.4
152.34,2229.884186948,2427.4
152.35,2225.73611347798,2427.4
152.36,2221.31023676952,2427.4
152.37,2217.50218133013,2427.4
152.38,2213.63669073819,2404.9
152.39,2209.34287890116,2404.9
152.4,2205.27962643066,2404.9
152.41,2201.50305797819,2404.9
152.42,2197.79368762472,2404.9
152.43,2194.16497060205,2404.9
152.44,2190.84664270638,2404.9
152.45,2187.67114606504,2404.9
152.46,2184.4507532925,2404.9
152.47,2181.29120628385,2404.9
152.48,2178.50169219153,2385.9
152.49,2176.00284555215,2385.9
152.5,2172.91526823841,2385.9
152.51,2170.51006265799,2385.9
152.52,2167.98168187047,2385.9
152.53,2165.61564611708,2385.9
152.54,2163.34907230528,2385.9
152.55,2161.11909169486,2385.9
152.56,2159.08800082933,2385.9
152.57,2156.97255541981,2385.9
152.58,2155.0539516182,2394.79999999998
152.59,2153.49430773278,2394.8
152.6,2151.60498444117,2394.8
152.61,2149.50149728478,2394.8
152.62,2147.65157690436,2394.8
152.63,2145.62409323236,2394.8
152.64,2143.50063323891,2394.8
152.65,2141.5399733263,2394.8
152.66,2139.59599790512,2394.8
152.67,2137.55010103854,2394.8
152.68,2135.35509088989,2404.39999999997
152.69,2133.12355830326,2404.4
152.7,2130.95265670645,2404.4
152.71,2128.69955097338,2404.4
152.72,2126.45320439171,2404.4
152.73,2124.60039132394,2404.4
152.74,2122.70045065749,2404.4
152.75,2120.85933238151,2404.4
152.76,2119.17477355865,2404.4
152.77,2117.5400023728,2404.4
152.78,2115.78363822914,2389.90000000004
152.79,2114.3266470692,2389.9
152.8,2112.81859206993,2389.9
152.81,2111.82632069047,2389.9
152.82,2110.89251378402,2389.9
152.83,2109.99684485523,2389.9
152.84,2109.71026255783,2389.9
152.85,2109.26775579261,2389.9
152.86,2109.37837236831,2389.9
152.87,2109.68047783168,2389.9
152.88,2110.16710058053,2395.7
152.89,2110.68917409289,2395.7
152.9,2111.32973126577,2395.7
152.91,2112.21883289059,2395.7
152.92,2113.33310407299,2395.7
152.93,2114.27871184706,2395.7
152.94,2115.39849354827,2395.7
152.95,2116.71019504006,2395.7
152.96,2118.26921097635,2395.7
152.97,2119.69087325725,2395.7
152.98,2121.21975279835,2417.9
152.99,2122.96546734894,2417.9
153,2124.66859411714,2417.9
153.01,2126.43863567452,2417.9
153.02,2128.55585316158,2417.9
153.03,2130.59296142027,2417.9
153.04,2132.528011165,2417.9
153.05,2134.48793570916,2417.9
153.06,2136.56391747224,2417.9
153.07,2138.60885064172,2417.9
153.08,2140.93740237431,2431.09999999996
153.09,2143.29688162125,2431.1
153.1,2145.28964706843,2431.1
153.11,2147.03948798363,2431.1
153.12,2148.82600012169,2431.1
153.13,2150.32958343713,2431.1
153.14,2151.74359667614,2431.1
153.15,2153.09188668788,2431.1
153.16,2154.275808146,2431.1
153.17,2155.13428718312,2431.1
153.18,2155.85669686228,2438.29999999998
153.19,2156.57497497212,2438.3
153.2,2157.06931734498,2438.3
153.21,2157.37805597466,2438.3
153.22,2157.58784323386,2438.3
153.23,2157.69576090102,2438.3
153.24,2157.50739979838,2438.3
153.25,2157.16822771454,2438.3
153.26,2157.17631624015,2438.3
153.27,2156.99687447514,2438.3
153.28,2156.62311461732,2439.8
153.29,2156.11632715574,2439.8
153.3,2155.67159239747,2439.8
153.31,2155.1496763642,2439.8
153.32,2154.39199342518,2439.8
153.33,2153.94844829082,2439.8
153.34,2153.28877072893,2439.8
153.35,2152.75604615751,2439.8
153.36,2152.11758687851,2439.8
153.37,2151.63710798636,2439.8
153.38,2151.25683081488,2435.1
153.39,2150.77965641312,2435.1
153.4,2150.27084374923,2435.1
153.41,2149.86337066911,2435.1
153.42,2149.53748024735,2435.1
153.43,2149.19731082712,2435.1
153.44,2149.47072925741,2435.1
153.45,2149.79513228064,2435.1
153.46,2150.09765389404,2435.1
153.47,2150.34351266358,2435.1
153.48,2150.69146448643,2446.7
153.49,2151.43155404387,2446.7
153.5,2152.19023898683,2446.7
153.51,2153.20201196626,2446.7
153.52,2154.570164529,2446.7
153.53,2156.37675908478,2446.7
153.54,2158.29250672197,2446.7
153.55,2160.48455551916,2446.7
153.56,2163.10028430014,2446.7
153.57,2165.98315300629,2446.7
153.58,2168.96565211556,2512.89999999981
153.59,2172.17541707284,2512.9
153.6,2175.31758206295,2512.9
153.61,2178.39397503339,2512.9
153.62,2181.37794174716,2512.9
153.63,2184.13306120673,2512.9
153.64,2186.63958492463,2512.9
153.65,2188.78525500513,2512.9
153.66,2191.04720065254,2512.9
153.67,2193.21465232407,2512.9
153.68,2194.88346319946,2522.19999999997
153.69,2196.42309101185,2522.2
153.7,2197.83807948797,2522.2
153.71,2199.07370936102,2522.2
153.72,2200.61143170279,2522.2
153.73,2202.12240869823,2522.2
153.74,2203.04646768358,2522.2
153.75,2203.75834930024,2522.2
153.76,2204.11559902598,2522.2
153.77,2204.59130881842,2522.2
153.78,2205.0086453235,2518.30000000001
153.79,2205.40682387719,2518.3
153.8,2205.63570527925,2518.3
153.81,2205.50912634272,2518.3
153.82,2205.27296066187,2518.3
153.83,2205.45908506534,2518.3
153.84,2205.32045854852,2518.3
153.85,2204.84758604924,2518.3
153.86,2204.58145533655,2518.3
153.87,2204.07044409707,2518.3
153.88,2203.76449313771,2480.6
153.89,2202.96654578437,2480.6
153.9,2202.51931145965,2480.6
153.91,2202.28558385634,2480.6
153.92,2202.0716279828,2480.6
153.93,2202.19113719748,2480.6
153.94,2202.34608022529,2480.6
153.95,2202.76335313605,2480.6
153.96,2203.30782757118,2480.6
153.97,2204.04797393189,2480.6
153.98,2204.80879582877,2467
153.99,2206.09824000535,2467
154,2207.49201331057,2467
154.01,2209.20275601892,2467
154.02,2211.42697268769,2467
154.03,2213.93326099308,2467
154.04,2216.82733998803,2467
154.05,2220.23671635321,2467
154.06,2223.68204272462,2467
154.07,2227.60804508374,2467
154.08,2231.95176856202,2545.19999999978
154.09,2236.57708437239,2545.2
154.1,2241.4070734388,2545.2
154.11,2246.09898228934,2545.2
154.12,2250.98640893019,2545.2
154.13,2255.40802296898,2545.2
154.14,2260.08034192112,2545.2
154.15,2264.18332147729,2545.2
154.16,2268.71479823039,2545.2
154.17,2273.06905560836,2545.2
154.18,2277.17733931436,2571.09999999993
154.19,2281.3714219183,2571.1
154.2,2285.61693246498,2571.1
154.21,2289.794559298,2571.1
154.22,2293.91556370534,2571.1
154.23,2297.64371798448,2571.1
154.24,2301.65695130637,2571.1
154.25,2305.84417881773,2571.1
154.26,2309.82287038406,2571.1
154.27,2313.68420422047,2571.1
154.28,2317.54856664,2596.79999999993
154.29,2321.36907534321,2596.8
154.3,2325.06771560621,2596.8
154.31,2328.63211241257,2596.8
154.32,2332.14639967891,2596.8
154.33,2335.23462806396,2596.8
154.34,2338.50237174093,2596.8
154.35,2341.1936945624,2596.8
154.36,2343.84197787526,2596.8
154.37,2346.33211487394,2596.8
154.38,2348.53636495714,2636.1
154.39,2350.41089489547,2636.1
154.4,2352.27195525149,2636.1
154.41,2354.18142190675,2636.1
154.42,2355.94088681828,2636.1
154.43,2357.57156619137,2636.1
154.44,2359.36046108819,2636.1
154.45,2361.06490749303,2636.1
154.46,2362.65005343339,2636.1
154.47,2363.97074700231,2636.1
154.48,2365.30546296013,2607.3
154.49,2366.69580611841,2607.3
154.5,2368.14593723477,2607.3
154.51,2369.88818754795,2607.3
154.52,2371.95421213968,2607.3
154.53,2374.16149749317,2607.3
154.54,2376.4809822409,2607.3
154.55,2379.07134801283,2607.3
154.56,2382.07220841764,2607.3
154.57,2385.33172368958,2607.3
154.58,2388.3479026068,2621.09999999996
154.59,2391.71987575689,2621.1
154.6,2395.4130068088,2621.1
154.61,2399.20688216635,2621.1
154.62,2402.92497760679,2621.1
154.63,2406.37316627647,2621.1
154.64,2410.08179616797,2621.1
154.65,2413.71500012586,2621.1
154.66,2417.61748302895,2621.1
154.67,2421.29687719212,2621.1
154.68,2425.49727584196,2620.9
154.69,2429.21798140825,2620.9
154.7,2433.24998429579,2620.9
154.71,2436.79325521146,2620.9
154.72,2440.88519183945,2620.9
154.73,2445.20232950432,2620.9
154.74,2449.33285450809,2620.9
154.75,2453.16539099766,2620.9
154.76,2457.69327380581,2620.9
154.77,2461.79718953518,2620.9
154.78,2465.9900203846,2646.59999999993
154.79,2470.40549550281,2646.6
154.8,2475.00748330135,2646.6
154.81,2479.68993664104,2646.6
154.82,2484.41949801007,2646.6
154.83,2489.21847741119,2646.6
154.84,2493.85100397455,2646.6
154.85,2499.22545734604,2646.6
154.86,2503.8783440054,2646.6
154.87,2509.02597543461,2646.6
154.88,2514.45787096052,2656.9
154.89,2519.83572345782,2656.9
154.9,2525.32613847036,2656.9
154.91,2530.85577336143,2656.9
154.92,2536.45563556687,2656.9
154.93,2541.71019952525,2656.9
154.94,2547.28492170303,2656.9
154.95,2552.78913538254,2656.9
154.96,2558.68348310761,2656.9
154.97,2564.53710808953,2656.9
154.98,2570.38084253958,2667
154.99,2576.04613556622,2667
155,2581.98612024547,2667
155.01,2588.19571259431,2667
155.02,2594.14922852097,2667
155.03,2600.40973312462,2667
155.04,2606.89444815103,2667
155.05,2613.43468905205,2667
155.06,2619.91799388164,2667
155.07,2626.3631325186,2667
155.08,2633.1804744064,2740.39999999979
155.09,2639.66279148484,2740.4
155.1,2646.6516469886,2740.4
155.11,2653.47436439479,2740.4
155.12,2660.11397849869,2740.4
155.13,2667.17372757555,2740.4
155.14,2673.73144551189,2740.4
155.15,2679.77606490396,2740.4
155.16,2686.68601737678,2740.4
155.17,2693.08414248543,2740.4
155.18,2699.04749598721,2783.19999999988
155.19,2705.7598915197,2783.2
155.2,2712.20553816611,2783.2
155.21,2718.61762092998,2783.2
155.22,2725.13693499875,2783.2
155.23,2731.72284418829,2783.2
155.24,2738.20238934249,2783.2
155.25,2743.70371907847,2783.2
155.26,2750.25215682496,2783.2
155.27,2757.08622985005,2783.2
155.28,2763.41968873713,2844.29999999983
155.29,2769.63136427536,2844.3
155.3,2775.61838943472,2844.3
155.31,2781.59598767539,2844.3
155.32,2787.8869463171,2844.3
155.33,2793.76612373919,2844.3
155.34,2799.54159471226,2844.3
155.35,2806.39561420592,2844.3
155.36,2812.37974377949,2844.3
155.37,2818.6069574543,2844.3
155.38,2825.02264641178,2817.1
155.39,2830.99577987525,2817.1
155.4,2837.95162653351,2817.1
155.41,2843.89022416313,2817.1
155.42,2850.4543951682,2817.1
155.43,2858.6375816578,2817.1
155.44,2866.025054194,2817.1
155.45,2871.79826531884,2817.1
155.46,2878.51949308214,2817.1
155.47,2886.10627676487,2817.1
155.48,2894.43107121291,2885.3
155.49,2902.73301300962,2885.3
155.5,2910.99938793433,2885.3
155.51,2919.40182679872,2885.3
155.52,2927.74426961767,2885.3
155.53,2935.89758164475,2885.3
155.54,2943.55299391442,2885.3
155.55,2951.51162892535,2885.3
155.56,2959.8696798871,2885.3
155.57,2968.65618717459,2885.3
155.58,2976.3361466352,2927.49999999988
155.59,2984.87039537726,2927.5
155.6,2993.08445023714,2927.5
155.61,3000.90233529291,2927.5
155.62,3009.07855424003,2927.5
155.63,3018.21900529339,2927.5
155.64,3026.55733509748,2927.5
155.65,3034.72956669824,2927.5
155.66,3043.44548686203,2927.5
155.67,3050.94920690869,2927.5
155.68,3059.1433916995,2955.19999999992
155.69,3067.62923448384,2955.2
155.7,3075.67064013008,2955.2
155.71,3082.2818682854,2955.2
155.72,3088.01662901504,2955.2
155.73,3094.69248724566,2955.2
155.74,3101.8591823193,2955.2
155.75,3109.96227395978,2955.2
155.76,3118.08219554384,2955.2
155.77,3126.14411449975,2955.2
155.78,3134.79350118996,2993.39999999989
155.79,3143.37677581725,2993.4
155.8,3151.64589322767,2993.4
155.81,3158.99916900348,2993.4
155.82,3165.79098553782,2993.4
155.83,3171.37089546696,2993.4
155.84,3178.07146792481,2993.4
155.85,3185.06444782041,2993.4
155.86,3192.20179228476,2993.4
155.87,3199.43722354062,2993.4
155.88,3205.91182188496,3023
155.89,3212.22521021084,3023
155.9,3219.05438311403,3023
155.91,3226.20995816248,3023
155.92,3233.24662623919,3023
155.93,3239.71217375932,3023
155.94,3246.34591302516,3023
155.95,3252.72049014176,3023
155.96,3258.70997307952,3023
155.97,3265.59801134963,3023
155.98,3271.94563090961,3076.5
155.99,3278.38403939936,3076.5
156,3285.16257824823,3076.5
156.01,3292.06478895416,3076.5
156.02,3298.28472087017,3076.5
156.03,3305.5319097213,3076.5
156.04,3312.56407798437,3076.5
156.05,3319.85328459599,3076.5
156.06,3328.05233384543,3076.5
156.07,3335.35237841845,3076.5
156.08,3343.13615736532,3110.4999999999
156.09,3350.3888502606,3110.5
156.1,3358.66396987161,3110.5
156.11,3367.38494719398,3110.5
156.12,3376.22031255838,3110.5
156.13,3385.3218767484,3110.5
156.14,3394.35877580436,3110.5
156.15,3403.73034009222,3110.5
156.16,3412.94431214592,3110.5
156.17,3422.86345507616,3110.5
156.18,3433.34905790708,3178.89999999981
156.19,3443.54289655367,3178.9
156.2,3453.25525120697,3178.9
156.21,3462.16594592866,3178.9
156.22,3471.37584097289,3178.9
156.23,3480.42635268071,3178.9
156.24,3488.79038121264,3178.9
156.25,3497.24053528278,3178.9
156.26,3504.82453197305,3178.9
156.27,3512.20520549947,3178.9
156.28,3519.40623583365,3263.59999999976
156.29,3526.29621184704,3263.6
156.3,3533.37056771398,3263.6
156.31,3540.25283124065,3263.6
156.32,3547.67630273903,3263.6
156.33,3554.88287501051,3263.6
156.34,3562.60124432608,3263.6
156.35,3570.28908347009,3263.6
156.36,3578.22341136278,3263.6
156.37,3585.82627930153,3263.6
156.38,3594.26442756305,3316.2
156.39,3602.48090407717,3316.2
156.4,3610.99416269851,3316.2
156.41,3619.8084989976,3316.2
156.42,3628.75229336988,3316.2
156.43,3637.57761721859,3316.2
156.44,3646.69170174362,3316.2
156.45,3656.18575273424,3316.2
156.46,3665.53786895474,3316.2
156.47,3675.79163152825,3316.2
156.48,3686.21180724523,3407.9
156.49,3696.39433927363,3407.9
156.5,3707.10312291088,3407.9
156.51,3718.32795927044,3407.9
156.52,3729.57990419626,3407.9
156.53,3741.23562019633,3407.9
156.54,3753.6258313266,3407.9
156.55,3765.56463075442,3407.9
156.56,3777.82790066373,3407.9
156.57,3790.77691099667,3407.9
156.58,3803.5984905638,3508.99999999971
156.59,3816.46055365639,3509
156.6,3829.37561260727,3509
156.61,3841.17537707087,3509
156.62,3852.61678115362,3509
156.63,3863.32459711412,3509
156.64,3873.43682754633,3509
156.65,3882.965608959,3509
156.66,3892.04354470539,3509
156.67,3900.3467853412,3509
156.68,3908.32117047652,3592.99999999976
156.69,3915.62093227007,3593
156.7,3922.48628999478,3593
156.71,3928.45887741473,3593
156.72,3934.1378399155,3593
156.73,3938.85526801156,3593
156.74,3942.83451883879,3593
156.75,3946.59121057141,3593
156.76,3949.77623230377,3593
156.77,3952.18708297309,3593
156.78,3953.98532016893,3692.39999999972
156.79,3955.54826301621,3692.4
156.8,3956.75208200833,3692.4
156.81,3957.49416773628,3692.4
156.82,3958.33938168575,3692.4
156.83,3958.96922656103,3692.4
156.84,3959.62154722492,3692.4
156.85,3960.30373795185,3692.4
156.86,3960.53131954159,3692.4
156.87,3960.44393242987,3692.4
156.88,3960.58932121699,3699.8
156.89,3960.46284814997,3699.8
156.9,3960.17732907911,3699.8
156.91,3960.13882977277,3699.8
156.92,3959.69942854331,3699.8
156.93,3959.53900693529,3699.8
156.94,3959.18544156328,3699.8
156.95,3958.95108417593,3699.8
156.96,3958.46064102386,3699.8
156.97,3957.91602893033,3699.8
156.98,3957.59707983564,3762.9
156.99,3956.71433122988,3762.9
157,3955.0673125249,3762.9
157.01,3952.33604740162,3762.9
157.02,3948.37397906231,3762.9
157.03,3943.25393909491,3762.9
157.04,3937.01529339982,3762.9
157.05,3929.98241060534,3762.9
157.06,3921.69076650686,3762.9
157.07,3912.08234447947,3762.9
157.08,3901.47547025183,3840.09999999978
157.09,3889.96981673309,3840.1
157.1,3878.248337217,3840.1
157.11,3866.55659430422,3840.1
157.12,3854.77102254065,3840.1
157.13,3842.79517592799,3840.1
157.14,3831.02279941356,3840.1
157.15,3819.49851003801,3840.1
157.16,3807.90807972781,3840.1
157.17,3796.88079727677,3840.1
157.18,3785.46347880792,3579.30000000074
157.19,3774.29672991185,3579.3
157.2,3762.97320294597,3579.3
157.21,3751.95302123101,3579.3
157.22,3741.17621222095,3579.3
157.23,3730.0216438119,3579.3
157.24,3719.16737404304,3579.3
157.25,3708.32729254537,3579.3
157.26,3697.7722664995,3579.3
157.27,3686.91491264257,3579.3
157.28,3676.09449885274,3434.60000000041
157.29,3665.31997403169,3434.6
157.3,3654.89182480819,3434.6
157.31,3644.24085624726,3434.6
157.32,3633.64211753079,3434.6
157.33,3623.05019681582,3434.6
157.34,3612.7072197061,3434.6
157.35,3602.3890123354,3434.6
157.36,3591.94673109075,3434.6
157.37,3581.78113726294,3434.6
157.38,3571.83673843603,3305.6
157.39,3561.50023798341,3305.6
157.4,3551.43726481621,3305.6
157.41,3541.31169366421,3305.6
157.42,3531.60790382428,3305.6
157.43,3521.84218606121,3305.6
157.44,3511.67412086276,3305.6
157.45,3501.48783318216,3305.6
157.46,3492.29914799706,3305.6
157.47,3482.61909767281,3305.6
157.48,3472.94355042232,3215.6
157.49,3463.41703262309,3215.6
157.5,3453.70723245588,3215.6
157.51,3444.04643854427,3215.6
157.52,3434.74971802087,3215.6
157.53,3425.67487818759,3215.6
157.54,3416.58410788857,3215.6
157.55,3407.9763886095,3215.6
157.56,3398.82583417704,3215.6
157.57,3389.99110678078,3215.6
157.58,3380.72130672998,3214.6
157.59,3371.9661132073,3214.6
157.6,3363.73623631733,3214.6
157.61,3355.10305987033,3214.6
157.62,3346.90762985768,3214.6
157.63,3338.33823807669,3214.6
157.64,3330.46197297088,3214.6
157.65,3322.1692180901,3214.6
157.66,3313.96355302352,3214.6
157.67,3305.79343718822,3214.6
157.68,3297.75962608321,3217.79999999999
157.69,3289.74336282206,3217.8
157.7,3282.30455858151,3217.8
157.71,3275.08740557594,3217.8
157.72,3267.18435415249,3217.8
157.73,3259.64169513409,3217.8
157.74,3252.30659802869,3217.8
157.75,3244.80518688005,3217.8
157.76,3236.8453572916,3217.8
157.77,3229.70467953532,3217.8
157.78,3223.20943181662,3254.0999999999
157.79,3216.68320201667,3254.1
157.8,3211.08455793414,3254.1
157.81,3205.82466781643,3254.1
157.82,3201.87638023162,3254.1
157.83,3197.09146870575,3254.1
157.84,3189.55449310053,3254.1
157.85,3181.56350238713,3254.1
157.86,3172.63296202697,3254.1
157.87,3164.1349985731,3254.1
157.88,3155.14242402609,3231.9
157.89,3146.7121165663,3231.9
157.9,3139.66516578962,3231.9
157.91,3133.22585948375,3231.9
157.92,3126.73573636761,3231.9
157.93,3118.93524714455,3231.9
157.94,3111.91124803628,3231.9
157.95,3104.02334884218,3231.9
157.96,3095.82256385909,3231.9
157.97,3087.80399604992,3231.9
157.98,3080.14815499849,3182.2
157.99,3072.22404122394,3182.2
158,3065.1654263342,3182.2
158.01,3058.69222911189,3182.2
158.02,3052.03357307925,3182.2
158.03,3044.73004780824,3182.2
158.04,3037.11937914373,3182.2
158.05,3030.07617383137,3182.2
158.06,3023.48827409796,3182.2
158.07,3016.40460822666,3182.2
158.08,3009.37715056713,3154.20000000008
158.09,3002.85417097789,3154.2
158.1,2996.12989986036,3154.2
158.11,2989.87190967877,3154.2
158.12,2983.77792852432,3154.2
158.13,2977.13085833077,3154.2
158.14,2970.05154772714,3154.2
158.15,2963.22001410385,3154.2
158.16,2956.26275666618,3154.2
158.17,2950.99421770393,3154.2
158.18,2945.68004518016,3127.40000000008
158.19,2939.26743046811,3127.4
158.2,2933.91619488036,3127.4
158.21,2929.05262551828,3127.4
158.22,2924.19650098728,3127.4
158.23,2920.14468766577,3127.4
158.24,2916.68190302026,3127.4
158.25,2913.0290561184,3127.4
158.26,2911.14771162192,3127.4
158.27,2909.08076203628,3127.4
158.28,2908.01459285763,3156.09999999992
158.29,2907.45703284413,3156.1
158.3,2906.96530457682,3156.1
158.31,2907.24849008312,3156.1
158.32,2907.11157168255,3156.1
158.33,2907.36053218166,3156.1
158.34,2907.59727033283,3156.1
158.35,2908.51558107686,3156.1
158.36,2909.03319300178,3156.1
158.37,2910.07898986062,3156.1
158.38,2910.9720709978,3296.5
158.39,2912.32817784501,3296.5
158.4,2913.44914116281,3296.5
158.41,2914.78536891165,3296.5
158.42,2916.35198371254,3296.5
158.43,2917.51231287871,3296.5
158.44,2918.75984288377,3296.5
158.45,2920.2717283068,3296.5
158.46,2921.69315059283,3296.5
158.47,2922.98803946551,3296.5
158.48,2924.24461332387,3502
158.49,2925.76669349542,3502
158.5,2927.28642884782,3502
158.51,2927.23844533104,3502
158.52,2927.61722151497,3502
158.53,2927.55473903105,3502
158.54,2927.08491274825,3502
158.55,2926.51106983933,3502
158.56,2926.09126344018,3502
158.57,2924.34925010713,3502
158.58,2922.3383261058,3521.99999999994
158.59,2919.57399352976,3522
158.6,2916.90477248838,3522
158.61,2914.08976820367,3522
158.62,2910.43844399527,3522
158.63,2906.70548743422,3522
158.64,2902.38129819309,3522
158.65,2897.7214168649,3522
158.66,2893.10908139243,3522
158.67,2888.34032535768,3522
158.68,2882.4759466755,3523.4
158.69,2876.88246792342,3523.4
158.7,2870.92446548401,3523.4
158.71,2865.3117184591,3523.4
158.72,2859.18303032269,3523.4
158.73,2852.38321968376,3523.4
158.74,2847.38669428066,3523.4
158.75,2842.001463043,3523.4
158.76,2835.53860142892,3523.4
158.77,2829.02793616987,3523.4
158.78,2822.98263241549,3591.09999999981
158.79,2816.82924299367,3591.1
158.8,2811.20744415102,3591.1
158.81,2805.17501577874,3591.1
158.82,2799.00604526869,3591.1
158.83,2793.49891014748,3591.1
158.84,2788.18876622028,3591.1
158.85,2782.56978777232,3591.1
158.86,2776.5754157535,3591.1
158.87,2771.42680772045,3591.1
158.88,2766.02919561154,3496.2
158.89,2760.66350706208,3496.2
158.9,2755.74557277147,3496.2
158.91,2751.31920407552,3496.2
158.92,2747.50123398046,3496.2
158.93,2744.4998644348,3496.2
158.94,2742.23034569152,3496.2
158.95,2740.74629462143,3496.2
158.96,2739.86583124135,3496.2
158.97,2739.51625268176,3496.2
158.98,2739.72212817304,3313
158.99,2740.50599285851,3313
159,2741.63433308554,3313
159.01,2742.78799480727,3313
159.02,2745.68175842504,3313
159.03,2747.81624029403,3313
159.04,2750.59287196674,3313
159.05,2753.81380431203,3313
159.06,2757.65686874309,3313
159.07,2761.68747532727,3313
159.08,2765.50036742068,3279.2000000001
159.09,2770.77156234906,3279.2
159.1,2776.55689876673,3279.2
159.11,2782.04586585226,3279.2
159.12,2786.87998808701,3279.2
159.13,2793.1026524427,3279.2
159.14,2798.99722842672,3279.2
159.15,2805.02922431283,3279.2
159.16,2811.52366801378,3279.2
159.17,2818.0526961424,3279.2
159.18,2824.84396675863,3220.70000000017
159.19,2831.30285997425,3220.7
159.2,2838.12210002309,3220.7
159.21,2844.2695764405,3220.7
159.22,2850.78447888205,3220.7
159.23,2856.41323592929,3220.7
159.24,2862.13114402623,3220.7
159.25,2868.27556657776,3220.7
159.26,2872.7559032564,3220.7
159.27,2877.46103825944,3220.7
159.28,2881.68261315381,3226.19999999998
159.29,2886.08966499024,3226.2
159.3,2890.49782886035,3226.2
159.31,2894.19780590852,3226.2
159.32,2898.70753290494,3226.2
159.33,2902.90507357973,3226.2
159.34,2907.15609841838,3226.2
159.35,2910.58456465389,3226.2
159.36,2914.66539414244,3226.2
159.37,2918.85854575311,3226.2
159.38,2923.49560735352,3235.8
159.39,2927.30992464457,3235.8
159.4,2931.03920274626,3235.8
159.41,2933.63057168721,3235.8
159.42,2937.01451376099,3235.8
159.43,2940.26992096794,3235.8
159.44,2944.0177807091,3235.8
159.45,2947.6003704322,3235.8
159.46,2951.28558668061,3235.8
159.47,2954.72965068319,3235.8
159.48,2958.16202503341,3272.6
159.49,2961.49527749826,3272.6
159.5,2965.54088315992,3272.6
159.51,2968.34092070565,3272.6
159.52,2972.14757642871,3272.6
159.53,2975.67134149903,3272.6
159.54,2979.44694471403,3272.6
159.55,2983.05568417908,3272.6
159.56,2986.8672073632,3272.6
159.57,2990.76971791954,3272.6
159.58,2994.902063007,3336.59999999982
159.59,2998.14733515534,3336.6
159.6,3002.06824859137,3336.6
159.61,3005.94061998157,3336.6
159.62,3009.83369464437,3336.6
159.63,3013.50926725262,3336.6
159.64,3017.42467747624,3336.6
159.65,3021.39999489188,3336.6
159.66,3024.8481048124,3336.6
159.67,3028.41984133477,3336.6
159.68,3032.23166620512,3429.29999999974
159.69,3035.87433034485,3429.3
159.7,3040.00217190498,3429.3
159.71,3044.03098365842,3429.3
159.72,3048.64504809033,3429.3
159.73,3052.4994656772,3429.3
159.74,3056.65569396572,3429.3
159.75,3060.64507472998,3429.3
159.76,3065.06540601235,3429.3
159.77,3069.91032516767,3429.3
159.78,3073.60864516675,3425.70000000001
159.79,3078.61676190728,3425.7
159.8,3082.79227869187,3425.7
159.81,3086.2360721494,3425.7
159.82,3090.68387233851,3425.7
159.83,3095.63478614364,3425.7
159.84,3102.52018813869,3425.7
159.85,3109.26530912896,3425.7
159.86,3116.3759968647,3425.7
159.87,3122.10828905751,3425.7
159.88,3129.26714080089,3461.6
159.89,3136.53401903421,3461.6
159.9,3143.66106670188,3461.6
159.91,3150.73469888416,3461.6
159.92,3157.67973324368,3461.6
159.93,3163.80464880958,3461.6
159.94,3171.31943233065,3461.6
159.95,3178.606482996,3461.6
159.96,3185.81450846708,3461.6
159.97,3193.19157191121,3461.6
159.98,3201.1170837874,3561.9
159.99,3208.03176301756,3561.9
160,3215.61985367682,3561.9
160.01,3222.97342983617,3561.9
160.02,3230.52102941985,3561.9
160.03,3237.62559584938,3561.9
160.04,3245.05123018632,3561.9
160.05,3251.17781124734,3561.9
160.06,3258.41084631436,3561.9
160.07,3265.77818670385,3561.9
160.08,3272.17649145909,3566.19999999999
160.09,3278.97657526703,3566.2
160.1,3285.60608838235,3566.2
160.11,3293.04799053698,3566.2
160.12,3299.56479649885,3566.2
160.13,3306.02318379185,3566.2
160.14,3312.96104839632,3566.2
160.15,3319.70338720489,3566.2
160.16,3326.63317157912,3566.2
160.17,3334.12817499266,3566.2
160.18,3340.78718779102,3553.50000000004
160.19,3346.94699705275,3553.5
160.2,3354.1471811292,3553.5
160.21,3360.87967825358,3553.5
160.22,3367.91025775567,3553.5
160.23,3374.99678064207,3553.5
160.24,3382.41598588361,3553.5
160.25,3389.03075782819,3553.5
160.26,3396.21798469572,3553.5
160.27,3403.50440017501,3553.5
160.28,3409.96881443151,3641.69999999975
160.29,3416.66926614773,3641.7
160.3,3423.75222946441,3641.7
160.31,3430.90865795948,3641.7
160.32,3437.54506655928,3641.7
160.33,3443.67293144457,3641.7
160.34,3450.4478709475,3641.7
160.35,3457.08585961465,3641.7
160.36,3463.78717945859,3641.7
160.37,3470.09757368312,3641.7
160.38,3477.22897056741,3754.6
160.39,3483.36822702033,3754.6
160.4,3489.54224733928,3754.6
160.41,3495.88162655314,3754.6
160.42,3501.99155800235,3754.6
160.43,3508.07690108509,3754.6
160.44,3513.97125957358,3754.6
160.45,3519.99469309993,3754.6
160.46,3525.71709622614,3754.6
160.47,3531.78425741147,3754.6
160.48,3537.24481195909,3833
160.49,3543.19475093298,3833
160.5,3548.98692823752,3833
160.51,3554.96074152276,3833
160.52,3560.98906889783,3833
160.53,3566.85668615004,3833
160.54,3572.90654272681,3833
160.55,3578.96093688479,3833
160.56,3585.27615662284,3833
160.57,3591.3842253524,3833
160.58,3597.44338884295,3897.29999999982
160.59,3604.28897893536,3897.3
160.6,3610.10195310686,3897.3
160.61,3616.666910393,3897.3
160.62,3622.76327379799,3897.3
160.63,3629.17782590387,3897.3
160.64,3635.72881290609,3897.3
160.65,3642.45015536824,3897.3
160.66,3647.9664224516,3897.3
160.67,3653.89543645755,3897.3
160.68,3659.84353891059,3964.29999999981
160.69,3666.05085884443,3964.3
160.7,3672.35939743624,3964.3
160.71,3678.2865900373,3964.3
160.72,3684.13944021458,3964.3
160.73,3690.20132117506,3964.3
160.74,3696.12464594989,3964.3
160.75,3702.17486542087,3964.3
160.76,3708.01452784297,3964.3
160.77,3713.75663517877,3964.3
160.78,3719.5280174012,4097.99999999962
160.79,3725.38503994593,4098
160.8,3730.90222994057,4098
160.81,3736.37301591906,4098
160.82,3741.80110876157,4098
160.83,3746.72351576333,4098
160.84,3751.60527784365,4098
160.85,3756.3376570444,4098
160.86,3761.03815884067,4098
160.87,3765.95694732025,4098
160.88,3770.26675293939,4128.5
160.89,3774.44300185701,4128.5
160.9,3777.66473432546,4128.5
160.91,3780.13394066664,4128.5
160.92,3781.2857686194,4128.5
160.93,3781.55907947574,4128.5
160.94,3780.50263228343,4128.5
160.95,3778.21692273833,4128.5
160.96,3774.78121186174,4128.5
160.97,3770.40199885274,4128.5
160.98,3764.96953170078,4150.4
160.99,3758.48485566149,4150.4
161,3751.4170686467,4150.4
161.01,3744.03263388826,4150.4
161.02,3736.01845979239,4150.4
161.03,3727.70610962276,4150.4
161.04,3719.03244394102,4150.4
161.05,3709.98915690998,4150.4
161.06,3700.62037768652,4150.4
161.07,3690.48343706442,4150.4
161.08,3680.50007934657,4022.30000000036
161.09,3670.21006153953,4022.3
161.1,3659.41516707277,4022.3
161.11,3648.83956492025,4022.3
161.12,3638.30318399616,4022.3
161.13,3628.09210767314,4022.3
161.14,3617.82234064664,4022.3
161.15,3607.79789559715,4022.3
161.16,3597.66539385499,4022.3
161.17,3587.67165668721,4022.3
161.18,3577.63663942105,3948.60000000021
161.19,3567.6399214589,3948.6
161.2,3558.21112543146,3948.6
161.21,3548.95887743989,3948.6
161.22,3539.50550061605,3948.6
161.23,3530.29096305169,3948.6
161.24,3521.59699831984,3948.6
161.25,3512.565189558,3948.6
161.26,3504.25915492691,3948.6
161.27,3495.47190068446,3948.6
161.28,3487.17395180995,3876.00000000021
161.29,3478.83327401305,3876
161.3,3471.03583369023,3876
161.31,3463.44500177085,3876
161.32,3455.40574040326,3876
161.33,3447.4815166215,3876
161.34,3439.71631666602,3876
161.35,3431.85690817249,3876
161.36,3425.43254012509,3876
161.37,3418.30293086839,3876
161.38,3411.57643300359,3818.2
161.39,3403.90145283658,3818.2
161.4,3397.28131705448,3818.2
161.41,3390.20780659288,3818.2
161.42,3383.10631425956,3818.2
161.43,3375.84317983757,3818.2
161.44,3368.86039556571,3818.2
161.45,3361.64728916945,3818.2
161.46,3354.50640520669,3818.2
161.47,3347.31133696238,3818.2
161.48,3340.2647744155,3892.9
161.49,3332.89504461312,3892.9
161.5,3325.81071540622,3892.9
161.51,3319.26360228857,3892.9
161.52,3312.54022793577,3892.9
161.53,3305.87632543323,3892.9
161.54,3299.644713795,3892.9
161.55,3293.53881041248,3892.9
161.56,3287.74957764745,3892.9
161.57,3281.94349396673,3892.9
161.58,3276.17304768838,3917.09999999993
161.59,3270.60500656855,3917.1
161.6,3265.66197195053,3917.1
161.61,3261.28329424066,3917.1
161.62,3257.21790511004,3917.1
161.63,3252.94778574985,3917.1
161.64,3249.54415402025,3917.1
161.65,3246.42827078832,3917.1
161.66,3242.959805523,3917.1
161.67,3240.15432990183,3917.1
161.68,3238.86841763513,3905.60000000003
161.69,3238.1629746666,3905.6
161.7,3237.34297537719,3905.6
161.71,3236.41839894081,3905.6
161.72,3235.62939178827,3905.6
161.73,3234.46730267284,3905.6
161.74,3232.55463965192,3905.6
161.75,3229.95341616112,3905.6
161.76,3227.79208152993,3905.6
161.77,3225.00560494376,3905.6
161.78,3222.31025873994,4025.09999999966
161.79,3219.55750711234,4025.1
161.8,3217.36742591702,4025.1
161.81,3215.70112760843,4025.1
161.82,3214.12613047022,4025.1
161.83,3212.5856417189,4025.1
161.84,3209.77322988499,4025.1
161.85,3207.78534245317,4025.1
161.86,3206.10430989551,4025.1
161.87,3204.06566692105,4025.1
161.88,3202.22732010611,3960.7
161.89,3199.9240592614,3960.7
161.9,3199.59952493495,3960.7
161.91,3199.32709500961,3960.7
161.92,3197.99837283412,3960.7
161.93,3194.78618516971,3960.7
161.94,3190.84862181775,3960.7
161.95,3186.69907520975,3960.7
161.96,3182.45876314434,3960.7
161.97,3178.85689392941,3960.7
161.98,3174.66769126626,3881.4
161.99,3169.51522781533,3881.4
162,3164.00163265425,3881.4
162.01,3158.59062703627,3881.4
162.02,3152.48314345501,3881.4
162.03,3146.55332756201,3881.4
162.04,3140.7693296144,3881.4
162.05,3134.22718917139,3881.4
162.06,3127.10876401152,3881.4
162.07,3119.8140864793,3881.4
162.08,3112.86373925284,4008.19999999964
162.09,3105.76196930162,4008.2
162.1,3098.48929963671,4008.2
162.11,3091.46891324346,4008.2
162.12,3083.90490209739,4008.2
162.13,3076.07082546664,4008.2
162.14,3068.71760810334,4008.2
162.15,3061.02188312532,4008.2
162.16,3053.70386286142,4008.2
162.17,3046.54600690939,4008.2
162.18,3039.64442480447,3835.50000000049
162.19,3032.78987966835,3835.5
162.2,3025.14052298397,3835.5
162.21,3017.44653973313,3835.5
162.22,3010.216198378,3835.5
162.23,3003.1408761205,3835.5
162.24,2995.40673265832,3835.5
162.25,2989.37538748854,3835.5
162.26,2983.05788850019,3835.5
162.27,2976.70854908253,3835.5
162.28,2969.26169873835,3708.30000000036
162.29,2962.51699033652,3708.3
162.3,2955.95464004989,3708.3
162.31,2949.16676231219,3708.3
162.32,2942.55905323111,3708.3
162.33,2935.25607470445,3708.3
162.34,2928.47778079833,3708.3
162.35,2921.80149536421,3708.3
162.36,2914.84402369956,3708.3
162.37,2908.376897123,3708.3
162.38,2901.68059109849,3698.7
162.39,2894.5678322415,3698.7
162.4,2887.87021956226,3698.7
162.41,2881.39976963663,3698.7
162.42,2874.40552419992,3698.7
162.43,2867.36369700753,3698.7
162.44,2860.79447833459,3698.7
162.45,2854.54578705921,3698.7
162.46,2847.82317963427,3698.7
162.47,2841.14510074564,3698.7
162.48,2834.45401871969,3569.6
162.49,2827.83931054835,3569.6
162.5,2821.64158573718,3569.6
162.51,2814.43595003037,3569.6
162.52,2808.43435175973,3569.6
162.53,2802.2353106793,3569.6
162.54,2795.42155159601,3569.6
162.55,2789.30686816027,3569.6
162.56,2782.59621865799,3569.6
162.57,2776.16053571426,3569.6
162.58,2770.24401764129,3314.60000000072
162.59,2763.85272040862,3314.6
162.6,2757.10229530043,3314.6
162.61,2750.83356076263,3314.6
162.62,2744.71761809612,3314.6
162.63,2738.65161411894,3314.6
162.64,2732.59833690453,3314.6
162.65,2726.49505101569,3314.6
162.66,2720.40537167949,3314.6
162.67,2714.74151926034,3314.6
162.68,2708.32385939935,3214.90000000028
162.69,2702.20123997279,3214.9
162.7,2696.14595943734,3214.9
162.71,2690.21921534971,3214.9
162.72,2684.3415897462,3214.9
162.73,2678.51478859793,3214.9
162.74,2672.86043261003,3214.9
162.75,2667.04225127579,3214.9
162.76,2661.20600420234,3214.9
162.77,2655.34147756536,3214.9
162.78,2649.9371788464,3041.10000000049
162.79,2644.15597640505,3041.1
162.8,2638.10329725343,3041.1
162.81,2632.42022759577,3041.1
162.82,2626.9900471551,3041.1
162.83,2621.12519187507,3041.1
162.84,2615.4921025505,3041.1
162.85,2609.72953422076,3041.1
162.86,2603.93656420619,3041.1
162.87,2598.54342890519,3041.1
162.88,2593.02170816303,2885.6
162.89,2587.53888794074,2885.6
162.9,2582.33294515019,2885.6
162.91,2577.04711212161,2885.6
162.92,2571.31924112471,2885.6
162.93,2565.78111218051,2885.6
162.94,2560.49405609381,2885.6
162.95,2555.11056021613,2885.6
162.96,2549.90545614345,2885.6
162.97,2544.49482447699,2885.6
162.98,2539.21666958635,2937.2
162.99,2533.85354316108,2937.2
163,2528.68628386311,2937.2
163.01,2523.17878361621,2937.2
163.02,2517.84501419252,2937.2
163.03,2512.62210073491,2937.2
163.04,2507.28464840998,2937.2
163.05,2502.22235169317,2937.2
163.06,2497.12776166454,2937.2
163.07,2492.11075683877,2937.2
163.08,2486.96982494671,2847.50000000026
163.09,2481.52833378605,2847.5
163.1,2476.54334140168,2847.5
163.11,2471.6155802825,2847.5
163.12,2466.52568767787,2847.5
163.13,2461.42005033846,2847.5
163.14,2456.38255650411,2847.5
163.15,2451.50537119703,2847.5
163.16,2446.51907966149,2847.5
163.17,2441.60590999019,2847.5
163.18,2436.79342002513,2833.30000000004
163.19,2431.96115518343,2833.3
163.2,2426.96876759295,2833.3
163.21,2422.1777268548,2833.3
163.22,2417.14611123319,2833.3
163.23,2412.32635454024,2833.3
163.24,2407.51971989724,2833.3
163.25,2402.75117362066,2833.3
163.26,2398.1218034327,2833.3
163.27,2393.17733415626,2833.3
163.28,2388.27708956039,2746.50000000025
163.29,2383.4278501108,2746.5
163.3,2378.56581471139,2746.5
163.31,2373.86507244946,2746.5
163.32,2369.32289157517,2746.5
163.33,2364.72450951644,2746.5
163.34,2360.07185263635,2746.5
163.35,2355.47627211175,2746.5
163.36,2350.89703654832,2746.5
163.37,2346.50998924563,2746.5
163.38,2341.96738065555,2651.7
163.39,2337.40258073054,2651.7
163.4,2332.87041799895,2651.7
163.41,2328.26235275808,2651.7
163.42,2323.92173448562,2651.7
163.43,2319.23929356374,2651.7
163.44,2314.91974712704,2651.7
163.45,2310.2948001198,2651.7
163.46,2306.0480585959,2651.7
163.47,2301.57675835811,2651.7
163.48,2297.30378255729,2567.2
163.49,2292.81678182443,2567.2
163.5,2288.46754838931,2567.2
163.51,2284.13743433299,2567.2
163.52,2279.73023068048,2567.2
163.53,2275.4967477256,2567.2
163.54,2271.19816062962,2567.2
163.55,2266.9274812695,2567.2
163.56,2262.54599870987,2567.2
163.57,2258.3770986072,2567.2
163.58,2254.00519197614,2489.50000000022
163.59,2249.87174318303,2489.5
163.6,2245.61126289949,2489.5
163.61,2241.51813148311,2489.5
163.62,2237.23904704283,2489.5
163.63,2233.11767230509,2489.5
163.64,2228.84777476512,2489.5
163.65,2224.86071843142,2489.5
163.66,2220.69720392654,2489.5
163.67,2216.61910022071,2489.5
163.68,2212.6112350366,2422.00000000019
163.69,2208.46093899795,2422
163.7,2204.39663006338,2422
163.71,2199.97012607586,2422
163.72,2196.10053194075,2422
163.73,2191.98116246767,2422
163.74,2187.80580851062,2422
163.75,2183.86984451201,2422
163.76,2179.68301018091,2422
163.77,2175.90609304592,2422
163.78,2172.08056664768,2370.00000000015
163.79,2168.2192298397,2370
163.8,2164.42373169182,2370
163.81,2160.37332466839,2370
163.82,2156.38026838176,2370
163.83,2152.3342692977,2370
163.84,2148.56787909597,2370
163.85,2144.71012999184,2370
163.86,2140.7732810785,2370
163.87,2136.8878429811,2370
163.88,2132.9883699426,2309.9
163.89,2129.06810007074,2309.9
163.9,2125.08061841101,2309.9
163.91,2121.22027872328,2309.9
163.92,2117.41914003237,2309.9
163.93,2113.6269887484,2309.9
163.94,2109.98658412406,2309.9
163.95,2106.13705020548,2309.9
163.96,2102.60730790779,2309.9
163.97,2098.92278365555,2309.9
163.98,2095.42227314413,2254.5
163.99,2091.84557096349,2254.5
164,2087.93678916689,2254.5
164.01,2084.10753248562,2254.5
164.02,2080.26248490784,2254.5
164.03,2076.54382911458,2254.5
164.04,2072.84374028935,2254.5
164.05,2069.45797036372,2254.5
164.06,2065.85138552196,2254.5
164.07,2062.1768860958,2254.5
164.08,2058.51895061471,2190.10000000018
164.09,2054.894886183,2190.1
164.1,2051.56567484588,2190.1
164.11,2047.77492817696,2190.1
164.12,2044.33114238496,2190.1
164.13,2040.83329681783,2190.1
164.14,2037.17888690854,2190.1
164.15,2033.78342700039,2190.1
164.16,2030.29299416883,2190.1
164.17,2026.79962116348,2190.1
164.18,2023.32633696299,2115.60000000021
164.19,2019.75091538381,2115.6
164.2,2016.27627095371,2115.6
164.21,2012.84549252266,2115.6
164.22,2009.46874897634,2115.6
164.23,2005.89582988428,2115.6
164.24,2002.54818454926,2115.6
164.25,1999.20654625961,2115.6
164.26,1995.73102797869,2115.6
164.27,1992.24097221837,2115.6
164.28,1988.90080051631,2027.40000000025
164.29,1985.48481205524,2027.4
164.3,1982.11421007959,2027.4
164.31,1978.81607421546,2027.4
164.32,1975.48548077748,2027.4
164.33,1972.07973660486,2027.4
164.34,1968.81965072394,2027.4
164.35,1965.72077853682,2027.4
164.36,1962.40763372412,2027.4
164.37,1958.99206005028,2027.4
164.38,1955.57126107063,1996.5
164.39,1952.21545309999,1996.5
164.4,1948.88331654618,1996.5
164.41,1945.83904973769,1996.5
164.42,1942.58786422794,1996.5
164.43,1939.04293342474,1996.5
164.44,1935.96846134106,1996.5
164.45,1932.79479530116,1996.5
164.46,1929.50948373665,1996.5
164.47,1926.25912259072,1996.5
164.48,1923.17556920216,1978.3
164.49,1920.00640562051,1978.3
164.5,1916.76136004849,1978.3
164.51,1913.47759490043,1978.3
164.52,1910.44306544,1978.3
164.53,1907.28626058885,1978.3
164.54,1904.42008634724,1978.3
164.55,1901.18169309478,1978.3
164.56,1897.98896887085,1978.3
164.57,1894.90970939657,1978.3
164.58,1891.80461813291,1956.50000000006
164.59,1888.79505020712,1956.5
164.6,1885.75809576806,1956.5
164.61,1882.69733775819,1956.5
164.62,1879.72603347818,1956.5
164.63,1876.60501469391,1956.5
164.64,1873.47204958034,1956.5
164.65,1870.48130045512,1956.5
164.66,1867.65035648085,1956.5
164.67,1864.67614165299,1956.5
164.68,1861.49502268438,1930.80000000007
164.69,1858.68904811251,1930.8
164.7,1855.58321704576,1930.8
164.71,1852.48837222763,1930.8
164.72,1849.54699129912,1930.8
164.73,1846.78803790007,1930.8
164.74,1844.0406714086,1930.8
164.75,1841.04432009098,1930.8
164.76,1838.04038384199,1930.8
164.77,1835.08939453323,1930.8
164.78,1832.04144041035,1934.49999999999
164.79,1829.22650721831,1934.5
164.8,1826.26480414419,1934.5
164.81,1823.32103719739,1934.5
164.82,1820.41066217087,1934.5
164.83,1817.63334086463,1934.5
164.84,1814.96024360312,1934.5
164.85,1811.9848280156,1934.5
164.86,1809.03582954621,1934.5
164.87,1806.18904715132,1934.5
164.88,1803.40741648429,1908.9
164.89,1800.5533813205,1908.9
164.9,1797.72510415891,1908.9
164.91,1795.0896491211,1908.9
164.92,1792.16788926809,1908.9
164.93,1789.46817194985,1908.9
164.94,1786.55271592568,1908.9
164.95,1783.88370280007,1908.9
164.96,1780.92397153268,1908.9
164.97,1778.23126537955,1908.9
164.98,1775.54688985423,1895.5
164.99,1772.67813436822,1895.5
165,1769.78099375507,1895.5
165.01,1767.07940683866,1895.5
165.02,1764.51001575917,1895.5
165.03,1761.82649329787,1895.5
165.04,1759.25199991376,1895.5
165.05,1756.43866511582,1895.5
165.06,1753.85777970019,1895.5
165.07,1750.92594874473,1895.5
165.08,1748.41709458161,1893.20000000001
165.09,1745.75600486115,1893.2
165.1,1743.14506753936,1893.2
165.11,1740.50013272428,1893.2
165.12,1737.87262654589,1893.2
165.13,1735.05307553107,1893.2
165.14,1732.42976234329,1893.2
165.15,1729.83826677049,1893.2
165.16,1727.23353383222,1893.2
165.17,1724.76991808621,1893.2
165.18,1722.22349580108,1875.00000000005
165.19,1719.55847762151,1875
165.2,1716.91753139246,1875
165.21,1714.19776847941,1875
165.22,1711.83232479679,1875
165.23,1709.44173631349,1875
165.24,1706.73839345138,1875
165.25,1704.1815213405,1875
165.26,1701.78135989082,1875
165.27,1699.27872936971,1875
165.28,1696.61408367128,1878.59999999999
165.29,1694.03167463912,1878.6
165.3,1691.46090313566,1878.6
165.31,1688.92950520601,1878.6
165.32,1686.49223313568,1878.6
165.33,1684.01422399396,1878.6
165.34,1681.51705206812,1878.6
165.35,1678.99159147575,1878.6
165.36,1676.68771062554,1878.6
165.37,1674.27105547838,1878.6
165.38,1671.64024314319,1863.6
165.39,1669.23859907744,1863.6
165.4,1666.80996812422,1863.6
165.41,1664.2801574622,1863.6
165.42,1661.79262109364,1863.6
165.43,1659.5096987998,1863.6
165.44,1657.04660388554,1863.6
165.45,1654.58602936469,1863.6
165.46,1652.15568477413,1863.6
165.47,1649.83413715926,1863.6
165.48,1647.31927824907,1863.2
165.49,1644.85015504126,1863.2
165.5,1642.47612821977,1863.2
165.51,1640.19744414674,1863.2
165.52,1637.81668464284,1863.2
165.53,1635.32014149098,1863.2
165.54,1632.9758243574,1863.2
165.55,1630.72409272539,1863.2
165.56,1628.31229955692,1863.2
165.57,1626.02705453356,1863.2
165.58,1623.71997330443,1849.80000000004
165.59,1621.51269675568,1849.8
165.6,1619.2448665831,1849.8
165.61,1616.87764097788,1849.8
165.62,1614.53307553018,1849.8
165.63,1612.31416107003,1849.8
165.64,1610.08481277618,1849.8
165.65,1607.6441025603,1849.8
165.66,1605.25648496169,1849.8
165.67,1603.22622724988,1849.8
165.68,1600.65183433745,1841.00000000003
165.69,1598.4657788865,1841
165.7,1596.40688202822,1841
165.71,1594.00207445769,1841
165.72,1591.76008860868,1841
165.73,1589.56959565337,1841
165.74,1587.24337417198,1841
165.75,1584.95831321165,1841
165.76,1582.71521086152,1841
165.77,1580.48150940781,1841
165.78,1578.50461510627,1829.00000000003
165.79,1576.43099025529,1829
165.8,1573.85802453968,1829
165.81,1571.86337629784,1829
165.82,1569.51340607442,1829
165.83,1567.55507816359,1829
165.84,1565.40962552202,1829
165.85,1563.09232125404,1829
165.86,1560.83102219998,1829
165.87,1559.02262826886,1829
165.88,1556.87030131064,1799.4
165.89,1554.78821833769,1799.4
165.9,1552.28921487963,1799.4
165.91,1550.2085748609,1799.4
165.92,1548.03997680292,1799.4
165.93,1545.74311300312,1799.4
165.94,1543.68490285886,1799.4
165.95,1541.50658451268,1799.4
165.96,1539.28632843163,1799.4
165.97,1537.48737439755,1799.4
165.98,1535.7752521242,1778.3
165.99,1532.91630260377,1778.3
166,1531.05696289619,1778.3
166.01,1529.01897640053,1778.3
166.02,1526.70234283417,1778.3
166.03,1524.79322443729,1778.3
166.04,1522.54905515532,1778.3
166.05,1520.17939164462,1778.3
166.06,1518.5589777632,1778.3
166.07,1516.610376116,1778.3
166.08,1514.6952489579,1764.20000000004
166.09,1512.6668158955,1764.2
166.1,1510.50523569363,1764.2
166.11,1508.43050082879,1764.2
166.12,1506.29614235073,1764.2
166.13,1504.02136043446,1764.2
166.14,1501.89491744807,1764.2
166.15,1500.0954764811,1764.2
166.16,1498.13362104737,1764.2
166.17,1496.06561528018,1764.2
166.18,1494.08143713508,1743.00000000006
166.19,1492.36304013771,1743
166.2,1490.28906819126,1743
166.21,1488.09836609524,1743
166.22,1485.99682509319,1743
166.23,1483.98799609411,1743
166.24,1481.97097997222,1743
166.25,1480.13252630804,1743
166.26,1478.09629750552,1743
166.27,1476.45752276596,1743
166.28,1474.33558344655,1722.90000000006
166.29,1472.49542503993,1722.9
166.3,1470.57862961255,1722.9
166.31,1468.598762849,1722.9
166.32,1466.6999554511,1722.9
166.33,1464.75410086117,1722.9
166.34,1462.88992629094,1722.9
166.35,1461.01883503779,1722.9
166.36,1458.96142352598,1722.9
166.37,1457.18677449139,1722.9
166.38,1455.15455783769,1696.9
166.39,1453.16177427476,1696.9
166.4,1451.23130211736,1696.9
166.41,1449.26656286551,1696.9
166.42,1447.40023261148,1696.9
166.43,1445.73313847157,1696.9
166.44,1443.7857784642,1696.9
166.45,1441.85215493548,1696.9
166.46,1440.156814096,1696.9
166.47,1438.17024967752,1696.9
166.48,1436.22287866046,1684.2
166.49,1434.49069758204,1684.2
166.5,1432.32374964278,1684.2
166.51,1430.69560386638,1684.2
166.52,1428.76533153662,1684.2
166.53,1426.98121511573,1684.2
166.54,1425.1701082277,1684.2
166.55,1423.26178678953,1684.2
166.56,1421.15085649395,1684.2
166.57,1419.41333908852,1684.2
166.58,1417.57283812607,1649.1000000001
166.59,1415.84505943375,1649.1
166.6,1414.20809631111,1649.1
166.61,1412.17885967187,1649.1
166.62,1410.45223349001,1649.1
166.63,1408.63159346921,1649.1
166.64,1406.84287135243,1649.1
166.65,1405.11073805492,1649.1
166.66,1403.26399577317,1649.1
166.67,1401.53044109019,1649.1
166.68,1399.67801457513,1616.20000000009
166.69,1398.01953516232,1616.2
166.7,1396.23859474482,1616.2
166.71,1394.39978267159,1616.2
166.72,1392.57693674962,1616.2
166.73,1390.74615232858,1616.2
166.74,1389.10000622133,1616.2
166.75,1387.26877158579,1616.2
166.76,1385.59313328944,1616.2
166.77,1383.83397376634,1616.2
166.78,1381.94375092746,1569.80000000013
166.79,1380.15991666534,1569.8
166.8,1378.59490638443,1569.8
166.81,1376.79577595427,1569.8
166.82,1375.05236536177,1569.8
166.83,1373.21269729589,1569.8
166.84,1371.55183454248,1569.8
166.85,1369.84247471597,1569.8
166.86,1368.05928323116,1569.8
166.87,1366.37445112293,1569.8
166.88,1364.77254578995,1538.4
166.89,1362.98926982503,1538.4
166.9,1361.26667970963,1538.4
166.91,1359.61444592442,1538.4
166.92,1357.86573508305,1538.4
166.93,1356.34148471329,1538.4
166.94,1354.64816172866,1538.4
166.95,1352.91002238899,1538.4
166.96,1351.13021277881,1538.4
166.97,1349.42848712401,1538.4
166.98,1347.81735373379,1504.4
166.99,1346.1657895717,1504.4
167,1344.45584259007,1504.4
167.01,1342.91201255934,1504.4
167.02,1341.1763638301,1504.4
167.03,1339.49269830529,1504.4
167.04,1337.89334235686,1504.4
167.05,1336.26918481332,1504.4
167.06,1334.7322381886,1504.4
167.07,1333.06147306843,1504.4
167.08,1331.40037818394,1469.0000000001
167.09,1329.82446897878,1469
167.1,1328.22804205974,1469
167.11,1326.66102609416,1469
167.12,1324.82570890927,1469
167.13,1323.21954527534,1469
167.14,1321.48764052101,1469
167.15,1320.07215687248,1469
167.16,1318.36038405262,1469
167.17,1316.72808806284,1469
167.18,1315.13471166435,1439.30000000008
167.19,1313.56950146309,1439.3
167.2,1311.93685729187,1439.3
167.21,1310.42032418137,1439.3
167.22,1309.01797734899,1439.3
167.23,1307.39500093367,1439.3
167.24,1305.72680264208,1439.3
167.25,1304.15540728954,1439.3
167.26,1302.70779223377,1439.3
167.27,1301.11317866782,1439.3
167.28,1299.43719914945,1406.00000000009
167.29,1298.06147386721,1406
167.3,1296.53782992754,1406
167.31,1294.86730231721,1406
167.32,1293.26305237981,1406
167.33,1291.71790565692,1406
167.34,1290.05851828429,1406
167.35,1288.46224602383,1406
167.36,1287.15977832838,1406
167.37,1285.66297010358,1406
167.38,1284.15029130499,1377.4
167.39,1282.67708919358,1377.4
167.4,1281.17988474949,1377.4
167.41,1279.61362131885,1377.4
167.42,1278.17070312454,1377.4
167.43,1276.37862490512,1377.4
167.44,1274.95935885646,1377.4
167.45,1273.45071207713,1377.4
167.46,1272.24000200733,1377.4
167.47,1270.70104962002,1377.4
167.48,1269.13272722387,1358.5
167.49,1267.3713902742,1358.5
167.5,1266.01924870988,1358.5
167.51,1264.41602316177,1358.5
167.52,1263.02838500706,1358.5
167.53,1261.47090767343,1358.5
167.54,1259.93972831889,1358.5
167.55,1258.56287435951,1358.5
167.56,1257.18310206707,1358.5
167.57,1255.7061835772,1358.5
167.58,1254.1369406166,1329.60000000008
167.59,1252.64901073077,1329.6
167.6,1251.1667661231,1329.6
167.61,1249.41406946898,1329.6
167.62,1248.03509204756,1329.6
167.63,1246.62486588786,1329.6
167.64,1245.12574878158,1329.6
167.65,1243.76502610788,1329.6
167.66,1242.30078148467,1329.6
167.67,1240.86854556338,1329.6
167.68,1239.39440563309,1309.30000000006
167.69,1237.92433432755,1309.3
167.7,1236.57787905204,1309.3
167.71,1234.93776832158,1309.3
167.72,1233.47607825372,1309.3
167.73,1232.24861340416,1309.3
167.74,1230.60304420525,1309.3
167.75,1229.29597045753,1309.3
167.76,1228.04770685986,1309.3
167.77,1226.48946545515,1309.3
167.78,1225.0756609063,1286.70000000006
167.79,1223.74811772788,1286.7
167.8,1222.27105847334,1286.7
167.81,1220.80429868018,1286.7
167.82,1219.4984766248,1286.7
167.83,1218.07008200615,1286.7
167.84,1216.74846777307,1286.7
167.85,1215.38633592329,1286.7
167.86,1213.92291771397,1286.7
167.87,1212.40051364775,1286.7
167.88,1210.90003856827,1255.5
167.89,1209.6398587996,1255.5
167.9,1208.32667964517,1255.5
167.91,1207.15327811113,1255.5
167.92,1205.76619093214,1255.5
167.93,1204.37458537134,1255.5
167.94,1202.9666162934,1255.5
167.95,1201.52664212468,1255.5
167.96,1200.12093152962,1255.5
167.97,1198.71240736308,1255.5
167.98,1197.34533395582,1238.3
167.99,1195.84263523411,1238.3
168,1194.51088445261,1238.3
168.01,1193.21950226855,1238.3
168.02,1191.85776494142,1238.3
168.03,1190.63647443946,1238.3
168.04,1189.19847992687,1238.3
168.05,1188.03041703791,1238.3
168.06,1186.72327981048,1238.3
168.07,1185.40464929164,1238.3
168.08,1184.11345194803,1215.50000000006
168.09,1182.62924378816,1215.5
168.1,1181.25891672982,1215.5
168.11,1180.07338178535,1215.5
168.12,1178.88024545108,1215.5
168.13,1177.33067733234,1215.5
168.14,1176.05128395214,1215.5
168.15,1174.72178281636,1215.5
168.16,1173.37362420121,1215.5
168.17,1172.1133779253,1215.5
168.18,1170.86653189034,1203.10000000004
168.19,1169.70647875916,1203.1
168.2,1168.30042677071,1203.1
168.21,1167.01727757386,1203.1
168.22,1165.66691742456,1203.1
168.23,1164.37480624121,1203.1
168.24,1163.11603504497,1203.1
168.25,1161.54512218829,1203.1
168.26,1160.32180509337,1203.1
168.27,1159.24053613579,1203.1
168.28,1157.84658330809,1177.00000000007
168.29,1156.71724779867,1177
168.3,1155.46883202574,1177
168.31,1154.24614127009,1177
168.32,1152.90389373837,1177
168.33,1151.77051727479,1177
168.34,1150.44374293091,1177
168.35,1149.1650353902,1177
168.36,1147.81134550637,1177
168.37,1146.56274276192,1177
168.38,1145.44240314388,1166.7
168.39,1144.27346015458,1166.7
168.4,1143.05114412629,1166.7
168.41,1141.73477694698,1166.7
168.42,1140.28156386641,1166.7
168.43,1139.18904048949,1166.7
168.44,1137.78410697883,1166.7
168.45,1136.65628683579,1166.7
168.46,1135.43587187209,1166.7
168.47,1134.19635998059,1166.7
168.48,1133.10986941411,1149.8
168.49,1131.92893504211,1149.8
168.5,1130.6657490949,1149.8
168.51,1129.45565289279,1149.8
168.52,1128.07209241364,1149.8
168.53,1126.8365132806,1149.8
168.54,1125.56416501855,1149.8
168.55,1124.41705333744,1149.8
168.56,1123.27012489165,1149.8
168.57,1122.00809146103,1149.8
168.58,1120.89602626995,1129.90000000006
168.59,1119.66202986104,1129.9
168.6,1118.45234639135,1129.9
168.61,1117.1854533449,1129.9
168.62,1116.09089355454,1129.9
168.63,1114.70821461889,1129.9
168.64,1113.50563530429,1129.9
168.65,1112.52915299248,1129.9
168.66,1111.11263640568,1129.9
168.67,1109.97833964095,1129.9
168.68,1108.76172573987,1119.30000000003
168.69,1107.58660713475,1119.3
168.7,1106.47436338987,1119.3
168.71,1105.22385426304,1119.3
168.72,1104.04328269519,1119.3
168.73,1103.02267245113,1119.3
168.74,1101.72153973641,1119.3
168.75,1100.61789782223,1119.3
168.76,1099.27685383913,1119.3
168.77,1098.10464756619,1119.3
168.78,1096.9261843845,1095.70000000007
168.79,1095.9341132211,1095.7
168.8,1094.7655782736,1095.7
168.81,1093.52981242024,1095.7
168.82,1092.5086052039,1095.7
168.83,1091.42382014252,1095.7
168.84,1090.23677198633,1095.7
168.85,1089.06240230269,1095.7
168.86,1087.7917781498,1095.7
168.87,1086.66753045296,1095.7
168.88,1085.56858195512,1089.9
168.89,1084.34826337884,1089.9
168.9,1083.1484401244,1089.9
168.91,1082.05962024244,1089.9
168.92,1080.81268764535,1089.9
168.93,1079.74439510177,1089.9
168.94,1078.70840121027,1089.9
168.95,1077.61189923153,1089.9
168.96,1076.66135409389,1089.9
168.97,1075.27592185836,1089.9
168.98,1074.07566938871,1068.9
168.99,1073.0551875518,1068.9
169,1071.84957760972,1068.9
169.01,1070.90846613238,1068.9
169.02,1069.81734233858,1068.9
169.03,1068.5757905527,1068.9
169.04,1067.50205754287,1068.9
169.05,1066.48254837367,1068.9
169.06,1065.3709622788,1068.9
169.07,1064.38622004269,1068.9
169.08,1063.3718113662,1059.50000000003
169.09,1062.26609050147,1059.5
169.1,1061.08335492404,1059.5
169.11,1059.94512657198,1059.5
169.12,1058.76307419831,1059.5
169.13,1057.5871449573,1059.5
169.14,1056.55053318446,1059.5
169.15,1055.46545231191,1059.5
169.16,1054.26195420422,1059.5
169.17,1053.2354103058,1059.5
169.18,1052.16917733603,1057.8
169.19,1050.99675047679,1057.8
169.2,1050.07993664271,1057.8
169.21,1049.0031165999,1057.8
169.22,1047.89583800985,1057.8
169.23,1046.78882026837,1057.8
169.24,1045.84238534957,1057.8
169.25,1044.49091145153,1057.8
169.26,1043.50952193412,1057.8
169.27,1042.47058066307,1057.8
169.28,1041.51521695998,1068.49999999997
169.29,1040.23868675621,1068.5
169.3,1039.43492660792,1068.5
169.31,1038.32470680793,1068.5
169.32,1037.28676514727,1068.5
169.33,1036.15171514582,1068.5
169.34,1034.94906554121,1068.5
169.35,1033.89231308055,1068.5
169.36,1033.08975391203,1068.5
169.37,1031.98211448183,1068.5
169.38,1030.79283920861,1034.7
169.39,1029.95325192288,1034.7
169.4,1028.95157600637,1034.7
169.41,1027.90829051528,1034.7
169.42,1026.90230679904,1034.7
169.43,1026.06427229623,1034.7
169.44,1024.91112997365,1034.7
169.45,1023.70917894334,1034.7
169.46,1022.87023550166,1034.7
169.47,1021.77399289467,1034.7
169.48,1020.64674739178,1033.1
169.49,1019.58966915889,1033.1
169.5,1018.41444858639,1033.1
169.51,1017.41212981517,1033.1
169.52,1016.56223166603,1033.1
169.53,1015.51802598526,1033.1
169.54,1014.56600098159,1033.1
169.55,1013.2468996847,1033.1
169.56,1012.32429744835,1033.1
169.57,1011.4836292739,1033.1
169.58,1010.40831415403,1029.80000000001
169.59,1009.54734506327,1029.8
169.6,1008.45322541152,1029.8
169.61,1007.52757677266,1029.8
169.62,1006.57872448955,1029.8
169.63,1005.62970305129,1029.8
169.64,1004.48423545585,1029.8
169.65,1003.53106642378,1029.8
169.66,1002.37893326383,1029.8
169.67,1001.53293256073,1029.8
169.68,1000.80428550113,1025.90000000001
169.69,999.695365530788,1025.9
169.7,998.708394306823,1025.9
169.71,997.830149829265,1025.9
169.72,996.777837056553,1025.9
169.73,995.624632928076,1025.9
169.74,994.730289856243,1025.9
169.75,993.710341196139,1025.9
169.76,992.666092800849,1025.9
169.77,991.78722891798,1025.9
169.78,991.127152642132,984.700000000117
169.79,989.70116220597,984.7
169.8,988.864470640483,984.7
169.81,987.813363481714,984.7
169.82,986.756501123408,984.7
169.83,985.799569638332,984.7
169.84,985.005029430276,984.7
169.85,983.887575917966,984.7
169.86,982.990959822914,984.7
169.87,982.217605551457,984.7
169.88,981.172428797731,1014.1
169.89,980.069009584646,0
