DC voltage ,Actual DCCurrent,DC voltage,Actual DC current
3/28/26,3/28/26,1/11/26,1/11/26
540,0,548.8,0
540,0,548.8,0
540,0,548.8,0
540,0,548.8,0
540,0,548.8,0
540,0,548.8,0
540,0,548.8,0
540,0,548.8,0
540,0,548.8,0
540,0,548.8,0
540,0,548.8,0
540,0,548.8,0
540,0,548.8,0
540,0,548.8,0
540,0,548.8,0
540,0,548.8,0
540,0,548.8,0
540,0,548.8,0
540,0,548.8,0
540,0,548.8,0
540,0,548.8,0
540,0,548.8,0
540,0,548.8,0
540,0.1,548.8,0
540,0.1,548.8,0
540,0.1,548.8,0
540,0.1,548.8,0
540,0.1,548.8,0
540,0.2,548.8,0
540,0.2,548.8,0
540,0.2,548.8,0
540,0.4,548.8,0
540,0.5,548.8,0
540,0.6,548.8,0
540,0.8,548.8,0
540,1,548.8,0
539,1.1,548.8,0
539,1.2,548.8,0
539,1.4,548.8,0
539,1.6,548.8,0
539,1.7,548.8,0
539,1.8,548.8,0
539,1.9,548.8,0
539,2,548.8,0
539,2.1,548.8,0
538,2.2,548.8,0
538,2.2,548.8,0
538,2.3,548.8,0
538,2.4,548.8,0
538,2.5,548.8,0
538,2.6,548.8,0
538,2.7,548.8,0
538,2.7,548.8,0
538,2.8,548.8,0
538,2.9,548.8,0
538,3,548.8,0
538,3,548.8,0
538,3.1,548.8,0
538,3.2,548.8,0
538,3.2,548.8,0
538,3.3,548.8,0
538,3.3,548.8,0
538,3.2,548.8,0
538,3.2,548.8,0
538,3.2,548.8,0
538,3.2,548.8,0
539,3.1,548.8,0
539,3.1,548.8,0
539,3.1,548.8,0
539,3,548.8,0
539,3,548.8,0
539,3,548.8,0
539,3,548.8,0
539,3,548.8,0
539,3,548.8,0
538,3,548.8,0
538,3,548.8,0
538,3,548.8,0
538,3,548.8,0
538,3,548.8,0
538,3,548.8,0
538,3,548.8,0
538,3,548.8,0
538,2.9,548.8,0
538,2.9,548.8,0
538,2.9,548.8,0
539,2.9,548.8,0
539,2.9,548.8,0
539,2.8,548.8,0
539,2.8,548.8,0
539,2.8,548.8,0
539,2.7,548.8,0
539,2.7,548.8,0
539,2.6,548.8,0
539,2.6,548.8,0
539,2.5,548.8,0
539,2.4,548.8,0
539,2.4,548.8,0
539,2.3,548.8,0
539,2.3,548.8,0
539,2.2,548.8,0
539,2.2,548.8,0
539,2.2,548.8,0
539,2.1,548.8,0
539,2.1,548.8,0
538,2.1,548.8,0
538,2.1,548.8,0
538,2.1,548.8,0
538,2,548.8,0
538,2,548.8,0
538,2,548.8,0
538,2,548.8,0
538,2,548.8,0
538,2,548.8,0
538,2,548.8,0
538,2,548.8,0
539,2.1,548.8,0
539,2.1,548.8,0
539,2.1,548.8,0
539,2.1,548.8,0
539,2.1,548.8,0
539,2.1,548.8,0
539,2.1,548.8,0
539,2.1,548.8,0
539,2.1,548.8,0
539,2.2,548.8,0
539,2.2,548.8,0
539,2.2,548.8,0
539,2.2,548.8,0
539,2.2,548.8,0
539,2.2,548.8,0
539,2.2,548.8,0
539,2.2,548.8,0
539,2.2,548.8,0
539,2.2,548.8,0
538,2.2,548.8,0
538,2.2,548.8,0
538,2.2,548.8,0
538,2.2,548.8,0
538,2.2,548.8,0
538,2.2,548.8,0
538,2.2,548.8,0
538,2.2,548.8,0
538,2.2,548.8,0
538,2.2,548.8,0
538,2.2,548.8,0
538,2.3,548.8,0
538,2.3,548.8,0
538,2.3,548.8,0
538,2.3,548.8,0
538,2.3,548.8,0
538,2.3,548.8,0
538,2.3,548.8,0
538,2.3,548.8,0
538,2.3,548.8,0
538,2.3,548.8,0
538,2.3,548.8,0
538,2.3,548.8,0
538,2.3,548.8,0
538,2.3,548.8,0
538,2.3,548.8,0
538,2.3,548.8,0
538,2.3,548.8,0
538,2.3,548.8,0
538,2.3,548.8,0
538,2.3,548.8,0
538,2.3,548.8,0
538,2.3,548.8,0
538,2.3,548.8,0
538,2.3,548.8,0
538,2.3,548.8,0
538,2.3,548.8,0
538,2.3,548.8,0
538,2.3,548.8,0
538,2.3,548.8,0
538,2.4,548.8,0
538,2.4,548.8,0
538,2.4,548.8,0
538,2.4,548.8,0
538,2.4,548.8,0
538,2.4,548.8,0
538,2.4,548.8,0
538,2.4,548.8,0
538,2.4,548.8,0
538,2.4,548.8,0
538,2.5,548.8,0
539,2.5,548.8,0
539,2.5,548.8,0
539,2.5,548.8,0
539,2.5,548.8,0
539,2.5,548.8,0
539,2.5,548.8,0
539,2.5,548.8,0
539,2.6,548.8,0
539,2.6,548.8,0
539,2.6,548.8,0
539,2.6,548.8,0
539,2.6,548.8,0
539,2.7,548.8,0
539,2.7,548.8,0
539,2.7,548.8,0
539,2.7,548.8,0
539,2.7,548.8,0
539,2.8,548.8,0
539,2.8,548.8,0
538,2.8,548.8,0
538,2.8,548.8,0
538,2.8,548.8,0
538,2.9,548.8,0
538,2.9,548.8,0
538,2.9,548.8,0
538,2.9,548.8,0
538,2.9,548.8,0
538,3,548.8,0
538,3,548.8,0
538,3,548.8,0
538,3,548.8,0
538,3,548.8,0
538,3.1,548.8,0
538,3.1,548.8,0
538,3.1,548.8,0
538,3.1,548.8,0
538,3.2,548.8,0
538,3.2,548.8,0
538,3.3,548.8,0
538,3.4,548.8,0
538,3.4,548.8,0
538,3.4,548.8,0
538,3.5,548.8,0
538,3.6,548.8,0
538,3.6,548.8,0
538,3.6,548.8,0
538,3.7,548.8,0
538,3.7,548.8,0
538,3.7,548.8,0
538,3.8,548.8,0
538,3.8,548.8,0
538,3.8,548.8,0
538,3.8,548.8,0
538,3.9,548.8,0
538,3.9,548.8,0
538,4,548.8,0
538,4,548.8,0
537,4.1,548.8,0
537,4.2,548.8,0
537,4.2,548.8,0
537,4.3,548.8,0
537,4.4,548.8,0
536,4.5,548.8,0
536,4.5,548.8,0
536,4.6,548.8,0
536,4.7,548.8,0
536,4.7,548.8,0
536,4.8,548.8,0
536,4.8,548.8,0
536,4.9,548.8,0
537,5,548.8,0
537,5,548.8,0
537,5.1,548.8,0
537,5.1,548.8,0
537,5.2,548.8,0
537,5.2,548.8,0
537,5.2,548.8,0
537,5.3,548.8,0
537,5.3,548.8,0
536,5.3,548.8,0
536,5.3,548.8,0
536,5.3,548.8,0
536,5.4,548.8,0
536,5.4,548.8,0
536,5.4,548.8,0
536,5.4,548.8,0
536,5.5,548.8,0
536,5.5,548.8,0
536,5.6,548.8,0
536,5.7,548.8,0
536,5.7,548.8,0
536,5.7,548.8,0
536,5.8,548.8,0
536,5.9,548.8,0
536,5.9,548.8,0
536,6,548.8,0
536,6,548.8,0
536,6.1,548.8,0
536,6.1,548.8,0
536,6.2,548.8,0
536,6.3,548.8,0
536,6.3,548.8,0
536,6.4,548.8,0
536,6.4,548.8,0
536,6.5,548.8,0
536,6.6,548.8,0
536,6.7,548.8,0
536,6.7,548.8,0
536,6.8,548.8,0
536,6.9,548.8,0
535,7,548.8,0
535,7.1,548.8,0
535,7.1,548.8,0
535,7.2,548.8,0
535,7.3,548.8,0
535,7.3,548.8,0
535,7.4,548.8,0
535,7.4,548.8,0
535,7.4,548.8,0
535,7.5,548.8,0
535,7.5,548.8,0
535,7.5,548.8,0
535,7.5,548.8,0
535,7.6,548.8,0
535,7.6,548.8,0
535,7.6,548.8,0
535,7.7,548.8,0
535,7.7,548.8,0
535,7.7,548.8,0
535,7.8,548.8,0
535,7.8,548.8,0
535,7.8,548.8,0
535,7.8,548.8,0
535,7.9,548.8,0
535,7.9,548.8,0
535,7.9,548.8,0
535,8,548.8,0
535,8,548.8,0
535,8.1,548.8,0
534,8.1,548.8,0
534,8.1,548.8,0
534,8.2,548.8,0
534,8.2,548.8,0
534,8.3,548.8,0
534,8.3,548.8,0
534,8.3,548.8,0
534,8.3,548.8,0
534,8.4,548.8,0
534,8.4,548.8,0
534,8.4,548.8,0
534,8.4,548.8,0
534,8.4,548.8,0
534,8.5,548.8,0
534,8.5,548.8,0
534,8.5,548.8,0
534,8.5,548.8,0
534,8.5,548.8,0
534,8.6,548.8,0
534,8.6,548.8,0
534,8.6,548.8,0
534,8.6,548.8,0
534,8.6,548.8,0
534,8.7,548.8,0
534,8.7,548.8,0
534,8.7,548.8,0
534,8.8,548.8,0
534,8.8,548.8,0
534,8.9,548.8,0
534,9,548.8,0
534,9.1,548.8,0
533,9.1,548.8,0
533,9.2,548.8,0
533,9.3,548.8,0
533,9.3,548.8,0
533,9.4,548.8,0
533,9.5,548.8,0
533,9.6,548.8,0
533,9.8,548.8,0
533,9.9,548.8,0
532,10,548.8,0
532,10.1,548.8,0
532,10.2,548.8,0
532,10.4,548.8,0
532,10.5,548.8,0
532,10.6,548.8,0
532,10.6,548.8,0
532,10.6,548.8,0
532,10.6,548.8,0
532,10.6,548.8,0
532,10.6,548.8,0
532,10.5,548.8,0
532,10.5,548.8,0
532,10.5,548.8,0
532,10.5,548.8,0
532,10.5,548.8,0
532,10.6,548.8,0
532,10.8,548.8,0
532,10.9,548.8,0
532,11,548.8,0
532,11.2,548.8,0
531,11.3,548.8,0
531,11.4,548.8,0
531,11.5,548.8,0
531,11.7,548.8,0
531,11.8,548.8,0
531,11.8,548.8,0
531,11.9,548.8,0
531,11.9,548.8,0
531,11.9,548.8,0
531,12,548.8,0
531,12,548.8,0
531,12,548.8,0
531,12,548.8,0
531,12.1,548.8,0
531,12.1,548.8,0
531,12.1,548.8,0
531,12.1,548.8,0
531,12.2,548.8,0
531,12.2,548.8,0
530,12.2,548.8,0
530,12.2,548.8,0
530,12.2,548.8,0
530,12.3,548.8,0
530,12.3,548.8,0
530,12.3,548.8,0
530,12.4,548.8,0
530,12.5,548.8,0
530,12.6,548.8,0
530,12.7,548.8,0
530,12.8,548.8,0
529,12.8,548.8,0
529,12.9,548.8,0
529,13,548.8,0
529,13.1,548.8,0
529,13.2,548.8,0
529,13.4,548.8,0
529,13.5,548.8,0
529,13.7,548.8,0
529,13.9,548.8,0
528,14.1,548.8,0
528,14.2,548.8,0
528,14.4,548.8,0
528,14.6,548.8,0
528,14.7,548.8,0
528,14.9,548.8,0
528,14.9,548.8,0
528,15,548.8,0
528,15,548.8,0
528,15.1,548.8,0
528,15.1,548.8,0
527,15.1,548.8,0
527,15.2,548.8,0
527,15.2,548.8,0
527,15.3,548.8,0
527,15.3,548.8,0
527,15.3,548.8,0
527,15.3,548.8,0
527,15.2,548.8,0
527,15.2,548.8,0
528,15.2,548.8,0
528,15.2,548.8,0
528,15.2,548.8,0
528,15.1,548.8,0
528,15.1,548.8,0
528,15.1,548.8,0
528,15.2,548.8,0
528,15.2,548.8,0
528,15.3,548.8,0
528,15.3,548.8,0
528,15.4,548.8,0
527,15.5,548.8,0
527,15.5,548.8,0
527,15.6,548.8,0
527,15.6,548.8,0
527,15.7,548.8,0
527,15.7,548.8,0
527,15.7,548.8,0
527,15.7,548.8,0
527,15.7,548.8,0
527,15.8,548.8,0
527,15.8,548.8,0
527,15.8,548.8,0
527,15.8,548.8,0
527,15.8,548.8,0
527,15.8,548.8,0
527,15.8,548.8,0
527,15.9,548.8,0
527,15.9,548.8,0
527,15.9,548.8,0
527,16,548.8,0
527,16,548.8,0
527,16,548.8,0
527,16,548.8,0
527,16.1,548.8,0
527,16.1,548.8,0
527,16.2,548.8,0
527,16.2,548.8,0
526,16.3,548.8,0
526,16.3,548.8,0
526,16.4,548.8,0
526,16.5,548.8,0
526,16.5,548.8,0
525,16.6,548.8,0
525,16.6,548.8,0
525,16.7,548.8,0
525,16.8,548.8,0
525,16.8,548.8,0
525,16.9,548.8,0
525,16.9,548.8,0
525,17,548.8,0
525,17.1,548.8,0
525,17.1,548.8,0
525,17.2,548.8,0
525,17.2,548.8,0
525,17.3,548.8,0
525,17.4,548.8,0
525,17.6,548.8,0
525,17.7,548.8,0
525,17.9,548.8,0
524,18,548.8,0
524,18.1,548.8,0
524,18.3,548.8,0
524,18.4,548.8,0
524,18.6,548.8,0
524,18.7,548.8,0
524,18.8,548.8,0
524,18.9,548.8,0
524,19.1,548.8,0
524,19.2,548.8,0
524,19.3,548.8,0
523,19.4,548.8,0
523,19.5,548.8,0
523,19.7,548.8,0
523,19.8,548.8,0
523,19.9,548.8,0
523,20,548.8,0
523,20,548.8,0
523,20.1,548.8,0
523,20.2,548.8,0
523,20.2,548.8,0
523,20.3,548.8,0
523,20.4,548.8,0
523,20.5,548.8,0
523,20.5,548.8,0
523,20.6,548.8,0
523,20.7,548.8,0
523,20.7,548.8,0
523,20.8,548.8,0
523,20.8,548.8,0
522,20.9,548.8,0
522,21,548.8,0
522,21,548.8,0
522,21.1,548.8,0
522,21.1,548.8,0
522,21.2,548.8,0
522,21.4,548.8,0
522,21.6,548.8,0
521,21.7,548.8,0
521,21.9,548.8,0
521,22.1,548.8,0
521,22.3,548.8,0
521,22.5,548.8,0
520,22.6,548.8,0
520,22.8,548.8,0
520,23,548.8,0
519,23.5,548.8,0
519,24,548.8,0
518,24.5,548.8,0
518,25,548.8,0
517,25.5,548.8,0
516,25.9,548.8,0
516,26.4,548.8,0
515,26.9,548.8,0
515,27.4,548.8,0
514,27.9,548.8,0
514,28.3,548.8,0
514,28.7,548.8,0
513,29,548.8,0
513,29.4,548.8,0
513,29.8,548.8,0
513,30.2,548.8,0
513,30.6,548.8,0
512,30.9,548.8,0
512,31.3,548.8,0
512,31.7,548.8,0
512,31.8,548.8,0
511,32,548.8,0
511,32.1,548.8,0
511,32.3,548.8,0
510,32.5,548.8,0
510,32.6,548.8,0
510,32.7,548.8,0
510,32.9,548.8,0
509,33.1,548.8,0
509,33.2,548.8,0
511,31.2,548.8,0
513,29.1,548.8,0
515,27.1,548.8,0
517,25,548.8,0
518,23,548.8,0
520,21,548.8,0
522,18.9,548.8,0
524,16.9,548.8,0
526,14.8,548.8,0
528,12.8,548.8,0
529,11.5,548.8,0
530,10.2,548.8,0
531,9,548.8,0
532,7.7,548.8,0
532,6.4,548.8,0
533,5.1,548.8,0
534,3.8,548.8,0
535,2.6,548.8,0
536,1.3,548.8,0
537,0,548.8,0
537,0,548.8,0
537,0,548.8,0
537,0,548.8,0
537,0,548.8,0
537,0,548.8,0
537,0,548.8,0
537,0,548.8,0
537,0,548.8,0
537,0,548.8,0
537,0,548.8,0
537,0,548.8,0
537,0,548.8,0
537,0,548.8,0
537,0,548.8,0
537,0,548.8,0
537,0,548.8,0
537,0,548.8,0
537,0,548.8,0
537,0,548.8,0
537,0,548.8,0
537,0,548.8,0
537,0,548.8,0
537,0,548.8,0
537,0,548.8,0
537,0,548.8,0
537,0,548.8,0
537,0,548.8,0
537,0,548.8,0
537,0,548.8,0
537,0,548.8,0
537,0,548.8,0
537,0,548.8,0
537,0,548.8,0
537,0,548.8,0
538,-0.1,548.8,0
538,-0.1,548.8,0
538,-0.1,548.8,0
538,-0.1,548.8,0
538,-0.1,548.8,0
538,-0.1,548.8,0
538,-0.1,548.8,0
538,0,548.8,0
538,0,548.8,0
538,0.1,548.8,0
538,0.1,548.8,0
537,0.1,548.8,0
537,0.2,548.8,0
537,0.2,548.8,0
537,0.3,548.8,0
537,0.3,548.8,0
537,0.3,548.8,0
537,0.3,548.8,0
537,0.4,548.8,0
537,0.4,548.8,0
538,0.4,548.8,0
538,0.4,548.8,0
538,0.4,548.8,0
538,0.5,548.8,0
538,0.5,548.8,0
538,0.5,548.8,0
538,0.5,548.8,0
538,0.5,548.8,0
538,0.5,548.8,0
538,0.5,548.8,0
538,0.5,548.8,0
538,0.4,548.8,0
538,0.4,548.8,0
538,0.4,548.8,0
538,0.4,548.8,0
538,0.4,548.8,0
538,0.4,548.8,0
538,0.4,548.8,0
538,0.4,548.8,0
538,0.4,548.8,0
538,0.4,548.8,0
538,0.4,548.8,0
538,0.4,548.8,0
538,0.4,548.8,0
538,0.4,548.8,0
538,0.4,548.8,0
538,0.4,548.8,0
538,0.4,548.8,0
538,0.4,548.8,0
538,0.4,548.8,0
538,0.4,548.8,0
537,0.4,548.8,0
537,0.4,548.8,0
537,0.4,548.8,0
537,0.4,548.8,0
537,0.4,548.8,0
537,0.4,548.8,0
537,0.4,548.8,0
537,0.4,548.8,0
537,0.4,548.8,0
538,0.5,548.8,0
538,0.5,548.8,0
538,0.5,548.8,0
538,0.5,548.8,0
538,0.5,548.8,0
538,0.5,548.8,0
538,0.5,548.8,0
538,0.5,548.8,0
538,0.4,548.8,0
538,0.4,548.8,0
538,0.4,548.8,0
538,0.4,548.8,0
538,0.4,548.8,0
538,0.3,548.8,0
538,0.3,548.8,0
538,0.3,548.8,0
538,0.3,548.8,0
538,0.3,548.8,0
538,0.3,548.8,0
538,0.3,548.8,0
538,0.3,548.8,0
538,0.3,548.8,0
538,0.3,548.8,0
538,0.3,548.8,0
538,0.3,548.8,0
538,0.3,548.8,0
538,0.3,548.8,0
538,0.3,548.8,0
538,0.3,548.8,0
538,0.3,548.8,0
538,0.3,548.8,0
538,0.3,548.8,0
538,0.3,548.8,0
538,0.3,548.8,0
538,0.3,548.8,0
538,0.3,548.8,0
538,0.3,548.8,0
538,0.3,548.8,0
538,0.2,548.8,0
538,0.2,548.8,0
538,0.2,548.8,0
538,0.2,548.8,0
538,0.2,548.8,0
538,0.1,548.8,0
538,0.1,548.8,0
538,0.1,548.8,0
538,0.1,548.8,0
538,0.1,548.8,0
538,0.1,548.8,0
538,0.1,548.8,0
538,0.1,548.8,0
538,0,548.8,0
538,0,548.8,0
538,0,548.8,0
538,0,548.8,0
538,0,548.8,0
538,0,548.8,0
538,0.1,548.8,0
538,0.1,548.8,0
538,0.1,548.8,0
538,0.2,548.8,0
538,0.2,548.8,0
538,0.2,548.8,0
538,0.2,548.8,0
538,0.3,548.8,0
538,0.3,548.8,0
538,0.4,548.8,0
538,0.4,548.8,0
538,0.5,548.8,0
538,0.5,548.8,0
538,0.6,548.8,0
537,0.7,548.8,0
537,0.7,548.8,0
537,0.8,548.8,0
537,0.8,548.8,0
537,0.9,548.8,0
537,1,548.8,0
537,1.1,548.8,0
537,1.3,548.8,0
537,1.4,548.8,0
536,1.5,548.8,0
536,1.6,548.8,0
536,1.7,548.8,0
536,1.9,548.8,0
536,2,548.8,0
536,2.1,548.8,0
536,2.2,548.8,0
536,2.3,548.8,0
536,2.5,548.8,0
536,2.6,548.8,0
536,2.7,548.8,0
536,2.8,548.8,0
536,2.9,548.8,0
536,3.1,548.8,0
536,3.2,548.8,0
536,3.3,548.8,0
536,3.4,548.8,0
536,3.4,548.8,0
536,3.5,548.8,0
536,3.6,548.8,0
536,3.7,548.8,0
535,3.7,548.8,0
535,3.8,548.8,0
535,3.9,548.8,0
535,3.9,548.8,0
535,4,548.8,0
535,4,548.8,0
535,4,548.8,0
535,4,548.8,0
535,4,548.8,0
535,4,548.8,0
535,4,548.8,0
535,4,548.8,0
535,4,548.8,0
535,4,548.8,0
535,4,548.8,0
535,4,548.8,0
535,4,548.8,0
535,4,548.8,0
535,4,548.8,0
535,4,548.8,0
535,3.9,548.8,0
535,3.9,548.8,0
535,3.9,548.8,0
535,3.9,548.8,0
535,3.9,548.8,0
535,4,548.8,0
535,4.1,548.8,0
535,4.1,548.8,0
535,4.2,548.8,0
534,4.3,548.8,0
534,4.4,548.8,0
534,4.5,548.8,0
534,4.5,548.8,0
534,4.6,548.8,0
534,4.7,548.8,0
534,4.8,548.8,0
534,4.8,548.8,0
534,4.9,548.8,0
534,5,548.8,0
534,5.1,548.8,0
534,5.1,548.8,0
534,5.2,548.8,0
534,5.3,548.8,0
534,5.3,548.8,0
534,5.4,548.8,0
534,5.4,548.8,0
534,5.4,548.8,0
534,5.5,548.8,0
534,5.5,548.8,0
534,5.5,548.8,0
534,5.5,548.8,0
534,5.5,548.8,0
534,5.6,548.8,0
534,5.6,548.8,0
534,5.6,548.8,0
534,5.8,548.8,0
534,6,548.8,0
533,6.2,548.8,0
533,6.4,548.8,0
533,6.6,548.8,0
533,6.8,548.8,0
533,7,548.8,0
532,7.2,548.8,0
532,7.4,548.8,0
532,7.6,548.8,0
532,7.5,548.8,0
532,7.4,548.8,0
533,7.3,548.8,0
533,7.2,548.8,0
533,7.1,548.8,0
533,7,548.8,0
533,6.9,548.8,0
534,6.8,548.8,0
534,6.7,548.8,0
534,6.6,548.8,0
534,6.7,548.8,0
534,6.9,548.8,0
533,7,548.8,0
533,7.2,548.8,0
533,7.3,548.8,0
533,7.5,548.8,0
533,7.6,548.8,0
532,7.8,548.8,0
532,8,548.8,0
532,8.1,548.8,0
532,8.2,548.8,0
532,8.3,548.8,0
532,8.3,548.8,0
532,8.4,548.8,0
532,8.5,548.8,0
531,8.6,548.8,0
531,8.7,548.8,0
531,8.7,548.8,0
531,8.8,548.8,0
531,8.9,548.8,0
531,9.3,548.8,0
530,9.7,548.8,0
530,10.1,548.8,0
530,10.5,548.8,0
530,10.9,548.8,0
529,11.4,548.8,0
529,11.8,548.8,0
529,12.2,548.8,0
528,12.6,548.8,0
528,13,548.8,0
528,13,548.8,0
528,13,548.8,0
528,13,548.8,0
528,13,548.8,0
528,13.1,548.8,0
529,13.1,548.8,0
529,13.1,548.8,0
529,13.1,548.8,0
529,13.1,548.8,0
529,13.1,548.8,0
529,12.9,548.8,0
529,12.8,548.8,0
529,12.6,548.8,0
529,12.4,548.8,0
529,12.2,548.8,0
529,12.1,548.8,0
529,11.9,548.8,0
529,11.7,548.8,0
529,11.6,548.8,0
529,11.4,548.8,0
529,11.6,548.8,0
529,11.9,548.8,0
528,12.1,548.8,0
528,12.4,548.8,0
528,12.6,548.8,0
528,12.8,548.8,0
528,13.1,548.8,0
527,13.3,548.8,0
527,13.6,548.8,0
527,13.8,548.8,0
527,13.8,548.8,0
527,13.8,548.8,0
527,13.8,548.8,0
527,13.8,548.8,0
528,13.9,548.8,0
528,13.9,548.8,0
528,13.9,548.8,0
528,13.9,548.8,0
528,13.9,548.8,0
528,13.9,548.8,0
527,14.4,548.8,0
527,14.9,548.8,0
527,15.4,548.8,0
526,15.9,548.8,0
526,16.4,548.8,0
525,17,548.8,0
524,17.5,548.8,0
524,18,548.8,0
524,18.5,548.8,0
523,19,548.8,0
523,19.4,548.8,0
522,19.7,548.8,0
522,20.1,548.8,0
522,20.4,548.8,0
522,20.8,548.8,0
521,21.2,548.8,0
521,21.5,548.8,0
521,21.9,548.8,0
520,22.2,548.8,0
520,22.6,548.8,0
520,22.8,548.8,0
520,23,548.8,0
520,23.3,548.8,0
520,23.5,548.8,0
520,23.7,548.8,0
519,23.9,548.8,0
519,24.1,548.8,0
519,24.4,548.8,0
519,24.6,548.8,0
519,24.8,548.8,0
518,25.2,548.8,0
518,25.7,548.8,0
517,26.1,548.8,0
517,26.6,548.8,0
516,27.1,548.8,0
515,27.5,548.8,0
515,27.9,548.8,0
514,28.4,548.8,0
514,28.9,548.8,0
513,29.3,548.8,0
513,29.4,548.8,0
513,29.4,548.8,0
513,29.4,548.8,0
513,29.5,548.8,0
513,29.6,548.8,0
513,29.6,548.8,0
513,29.6,548.8,0
513,29.7,548.8,0
513,29.8,548.8,0
513,29.8,548.8,0
513,30,548.8,0
512,30.3,548.8,0
512,30.5,548.8,0
512,30.7,548.8,0
512,31,548.8,0
511,31.2,548.8,0
511,31.4,548.8,0
511,31.6,548.8,0
510,31.9,548.8,0
510,32.1,548.8,0
510,32.4,548.8,0
510,32.7,548.8,0
509,33.1,548.8,0
509,33.4,548.8,0
509,33.7,548.8,0
509,34,548.8,0
509,34.3,548.8,0
508,34.7,548.8,0
508,35,548.8,0
508,35.3,548.8,0
508,35.2,548.8,0
508,35,548.8,0
508,34.9,548.8,0
508,34.8,548.8,0
508,34.7,548.8,0
509,34.5,548.8,0
509,34.4,548.8,0
509,34.3,548.8,0
509,34.1,548.8,0
509,34,548.8,0
509,34.4,548.8,0
508,34.9,548.8,0
508,35.3,548.8,0
507,35.8,548.8,0
506,36.2,548.8,0
506,36.6,548.8,0
506,37.1,548.8,0
505,37.5,548.8,0
504,38,548.8,0
504,38.4,548.8,0
504,38.6,548.8,0
503,38.8,548.8,0
503,39.1,548.8,0
503,39.3,548.8,0
502,39.5,548.8,0
502,39.7,548.8,0
502,39.9,548.8,0
502,40.2,548.8,0
501,40.4,548.8,0
501,40.6,548.8,0
501,40.7,548.8,0
501,40.8,548.8,0
500,40.9,548.8,0
500,41,548.8,0
500,41.2,548.8,0
500,41.3,548.8,0
500,41.4,548.8,0
499,41.5,548.8,0
499,41.6,548.8,0
499,41.7,548.8,0
499,41.9,548.8,0
499,42.1,548.8,0
498,42.3,548.8,0
498,42.5,548.8,0
498,42.7,548.8,0
498,42.9,548.8,0
498,43.1,548.8,0
497,43.3,548.8,0
497,43.5,548.8,0
497,43.7,548.8,0
497,43.7,548.8,0
497,43.8,548.8,0
496,43.9,548.8,0
496,43.9,548.8,0
496,44,548.8,0
496,44,548.8,0
496,44.1,548.8,0
495,44.1,548.8,0
495,44.2,548.8,0
495,44.2,548.8,0
495,44.4,548.8,0
495,44.6,548.8,0
495,44.8,548.8,0
495,45,548.8,0
494,45.2,548.8,0
494,45.3,548.8,0
494,45.5,548.8,0
494,45.7,548.8,0
494,45.9,548.8,0
494,46.1,548.8,0
494,45.7,548.8,0
495,45.4,548.8,0
495,45.1,548.8,0
495,44.7,548.8,0
496,44.4,548.8,0
496,44,548.8,0
496,43.7,548.8,0
496,43.3,548.8,0
497,42.9,548.8,0
497,42.6,548.8,0
496,42.8,548.8,0
496,43,548.8,0
496,43.3,548.8,0
495,43.5,548.8,0
494,43.7,548.8,0
494,43.9,548.8,0
493,44.1,548.8,0
493,44.4,548.8,0
493,44.6,548.8,0
492,44.8,548.8,0
492,45.2,548.8,0
491,45.6,548.8,0
490,46,548.8,0
490,46.4,548.8,0
490,46.9,548.8,0
489,47.3,548.8,0
488,47.7,548.8,0
488,48.1,548.8,0
488,48.5,548.8,0
487,48.9,548.8,0
487,49.1,548.8,0
486,49.4,548.8,0
486,49.6,548.8,0
485,49.8,548.8,0
485,50.1,548.8,0
485,50.3,548.8,0
484,50.5,548.8,0
484,50.7,548.8,0
483,51,548.8,0
483,51.2,548.8,0
483,51.1,548.8,0
483,50.9,548.8,0
484,50.8,548.8,0
484,50.6,548.8,0
484,50.5,548.8,0
484,50.4,548.8,0
484,50.2,548.8,0
485,50.1,548.8,0
485,49.9,548.8,0
485,49.8,548.8,0
485,49.8,548.8,0
485,49.8,548.8,0
485,49.8,548.8,0
485,49.8,548.8,0
484,49.9,548.8,0
484,49.9,548.8,0
484,49.9,548.8,0
484,49.9,548.8,0
484,49.9,548.8,0
484,49.9,548.8,0
484,50.2,548.8,0
483,50.5,548.8,0
483,50.8,548.8,0
482,51.1,548.8,0
482,51.4,548.8,0
482,51.6,548.8,0
481,51.9,548.8,0
481,52.2,548.8,0
480,52.5,548.8,0
480,52.8,548.8,0
480,52.6,548.8,0
480,52.3,548.8,0
480,52.1,548.8,0
480,51.9,548.8,0
480,51.7,548.8,0
481,51.4,548.8,0
481,51.2,548.8,0
481,51,548.8,0
481,50.7,548.8,0
481,50.5,548.8,0
481,50.6,548.8,0
480,50.7,548.8,0
479,50.7,548.8,0
479,50.8,548.8,0
478,50.9,548.8,0
478,51,548.8,0
477,51.1,548.8,0
477,51.1,548.8,0
476,51.2,548.8,0
476,51.3,548.8,0
476,51.9,548.8,0
475,52.4,548.8,0
475,53,548.8,0
475,53.5,548.8,0
474,54.1,548.8,0
474,54.7,548.8,0
474,55.2,548.8,0
474,55.8,548.8,0
473,56.3,548.8,0
473,56.9,548.8,0
474,56.4,548.8,0
475,55.9,548.8,0
476,55.4,548.8,0
477,54.9,548.8,0
478,54.4,548.8,0
479,53.8,548.8,0
480,53.3,548.8,0
481,52.8,548.8,0
482,52.3,548.8,0
483,51.8,548.8,0
486,49.2,548.8,0
489,46.6,548.8,0
492,43.9,548.8,0
495,41.3,548.8,0
498,38.7,548.8,0
500,36.1,548.8,0
503,33.5,548.8,0
506,30.8,548.8,0
509,28.2,548.8,0
512,25.6,548.8,0
514,23,548.8,0
516,20.5,548.8,0
518,17.9,548.8,0
520,15.4,548.8,0
522,12.8,548.8,0
523,10.2,548.8,0
525,7.7,548.8,0
527,5.1,548.8,0
529,2.6,548.8,0
531,0,548.8,0
531,0,548.8,0
531,0,548.8,0
531,0,548.8,0
531,0,548.8,0
531,0,548.8,0
531,0,548.8,0
531,0,548.8,0
531,0,548.8,0
531,0,548.8,0
531,0,548.8,0
531,0,548.8,0
531,-0.1,548.8,0
531,-0.1,548.8,0
531,-0.1,548.8,0
532,-0.2,548.8,0
532,-0.2,548.8,0
532,-0.2,548.8,0
532,-0.2,548.8,0
532,-0.3,548.8,0
532,-0.3,548.8,0
532,-0.3,548.8,0
532,-0.2,548.8,0
532,-0.2,548.8,0
532,-0.2,548.8,0
532,-0.2,548.8,0
533,-0.1,548.8,0
533,-0.1,548.8,0
533,-0.1,548.8,0
533,0,548.8,0
533,0,548.8,0
533,0.1,548.8,0
533,0.2,548.8,0
533,0.3,548.8,0
533,0.4,548.8,0
532,0.5,548.8,0
532,0.5,548.8,0
532,0.6,548.8,0
532,0.7,548.8,0
532,0.8,548.8,0
532,0.9,548.8,0
532,1,548.8,0
532,1.1,548.8,0
532,1.2,548.8,0
532,1.3,548.8,0
532,1.4,548.8,0
531,1.6,548.8,0
531,1.7,548.8,0
531,1.8,548.8,0
531,1.9,548.8,0
531,2,548.8,0
531,1.9,548.8,0
531,1.8,548.8,0
532,1.7,548.8,0
532,1.6,548.8,0
532,1.6,548.8,0
532,1.5,548.8,0
532,1.4,548.8,0
533,1.3,548.8,0
533,1.2,548.8,0
533,1.1,548.8,0
533,1,548.8,0
533,0.9,548.8,0
533,0.9,548.8,0
533,0.8,548.8,0
533,0.7,548.8,0
533,0.6,548.8,0
533,0.5,548.8,0
533,0.5,548.8,0
533,0.4,548.8,0
533,0.3,548.8,0
533,0.3,548.8,0
533,0.3,548.8,0
533,0.2,548.8,0
533,0.2,548.8,0
533,0.2,548.8,0
533,0.2,548.8,0
533,0.2,548.8,0
533,0.1,548.8,0
533,0.1,548.8,0
533,0.1,548.8,0
533,0.2,548.8,0
533,0.2,548.8,0
533,0.3,548.8,0
533,0.4,548.8,0
533,0.5,548.8,0
533,0.5,548.8,0
533,0.6,548.8,0
533,0.7,548.8,0
533,0.7,548.8,0
533,0.8,548.8,0
533,0.8,548.8,0
533,0.8,548.8,0
533,0.8,548.8,0
533,0.8,548.8,0
533,0.8,548.8,0
533,0.8,548.8,0
533,0.8,548.8,0
533,0.8,548.8,0
533,0.8,548.8,0
533,0.8,548.8,0
533,0.8,548.8,0
533,0.7,548.8,0
533,0.6,548.8,0
533,0.6,548.8,0
534,0.6,548.8,0
534,0.5,548.8,0
534,0.4,548.8,0
534,0.4,548.8,0
534,0.3,548.8,0
534,0.3,548.8,0
534,0.3,548.8,0
534,0.3,548.8,0
534,0.3,548.8,0
534,0.3,548.8,0
534,0.3,548.8,0
533,0.3,548.8,0
533,0.3,548.8,0
533,0.3,548.8,0
533,0.3,548.8,0
533,0.3,548.8,0
533,0.3,548.8,0
533,0.3,548.8,0
533,0.3,548.8,0
533,0.3,548.8,0
534,0.3,548.8,0
534,0.3,548.8,0
534,0.3,548.8,0
534,0.3,548.8,0
534,0.3,548.8,0
534,0.3,548.8,0
534,0.4,548.8,0
534,0.6,548.8,0
534,0.7,548.8,0
534,0.8,548.8,0
534,1,548.8,0
533,1.1,548.8,0
533,1.2,548.8,0
533,1.3,548.8,0
533,1.5,548.8,0
533,1.6,548.8,0
533,1.8,548.8,0
533,1.9,548.8,0
532,2.1,548.8,0
532,2.3,548.8,0
532,2.5,548.8,0
532,2.6,548.8,0
532,2.8,548.8,0
531,3,548.8,0
531,3.1,548.8,0
531,3.3,548.8,0
531,3.7,548.8,0
530,4.1,548.8,0
530,4.5,548.8,0
530,4.9,548.8,0
530,5.3,548.8,0
529,5.7,548.8,0
529,6.1,548.8,0
529,6.5,548.8,0
528,6.9,548.8,0
528,7.3,548.8,0
528,7.5,548.8,0
528,7.7,548.8,0
528,7.9,548.8,0
528,8.1,548.8,0
528,8.2,548.8,0
527,8.4,548.8,0
527,8.6,548.8,0
527,8.8,548.8,0
527,9,548.8,0
527,9.2,548.8,0
527,8.9,548.8,0
528,8.5,548.8,0
528,8.2,548.8,0
528,7.9,548.8,0
528,7.6,548.8,0
529,7.2,548.8,0
529,6.9,548.8,0
529,6.6,548.8,0
530,6.2,548.8,0
530,5.9,548.8,0
530,5.4,548.8,0
531,5,548.8,0
531,4.5,548.8,0
531,4.1,548.8,0
532,3.6,548.8,0
532,3.1,548.8,0
532,2.7,548.8,0
532,2.2,548.8,0
533,1.8,548.8,0
533,1.3,548.8,0
533,1.2,548.8,0
533,1,548.8,0
533,0.9,548.8,0
533,0.8,548.8,0
534,0.7,548.8,0
534,0.5,548.8,0
534,0.4,548.8,0
534,0.3,548.8,0
534,0.1,548.8,0
534,0,548.8,0
534,0,548.8,0
534,0,548.8,0
534,0,548.8,0
534,0,548.8,0
534,0,548.8,0
534,0,548.8,0
534,0,548.8,0
534,0,548.8,0
534,0,548.8,0
534,0,548.8,0
534,0,548.8,0
534,0,548.8,0
534,0.1,548.8,0
534,0.1,548.8,0
534,0.1,548.8,0
534,0.1,548.8,0
534,0.1,548.8,0
534,0.2,548.8,0
534,0.2,548.8,0
534,0.2,548.8,0
534,0.5,548.8,0
534,0.7,548.8,0
533,0.9,548.8,0
533,1.2,548.8,0
533,1.5,548.8,0
533,1.7,548.8,0
533,1.9,548.8,0
532,2.2,548.8,0
532,2.5,548.8,0
532,2.7,548.8,0
532,2.9,548.8,0
532,3.2,548.8,0
531,3.4,548.8,0
531,3.6,548.8,0
531,3.9,548.8,0
531,4.1,548.8,0
531,4.3,548.8,0
530,4.5,548.8,0
530,4.8,548.8,0
530,5,548.8,0
530,5.1,548.8,0
530,5.2,548.8,0
530,5.3,548.8,0
530,5.4,548.8,0
530,5.5,548.8,0
530,5.6,548.8,0
530,5.7,548.8,0
530,5.8,548.8,0
530,5.9,548.8,0
530,6,548.8,0
530,6.3,548.8,0
530,6.6,548.8,0
529,6.9,548.8,0
529,7.2,548.8,0
529,7.5,548.8,0
529,7.7,548.8,0
529,8,548.8,0
528,8.3,548.8,0
528,8.6,548.8,0
528,8.9,548.8,0
528,9.1,548.8,0
528,9.3,548.8,0
527,9.6,548.8,0
527,9.8,548.8,0
527,10,548.8,0
527,10.2,548.8,0
527,10.4,548.8,0
526,10.7,548.8,0
526,10.9,548.8,0
526,11.1,548.8,0
526,11.1,548.8,0
526,11.1,548.8,0
526,11.1,548.8,0
526,11.1,548.8,0
526,11.1,548.8,0
526,11,548.8,0
526,11,548.8,0
526,11,548.8,0
526,11,548.8,0
526,11,548.8,0
526,10.7,548.8,0
527,10.4,548.8,0
527,10.1,548.8,0
527,9.8,548.8,0
528,9.6,548.8,0
528,9.3,548.8,0
528,9,548.8,0
528,8.7,548.8,0
529,8.4,548.8,0
529,8.1,548.8,0
529,7.9,548.8,0
529,7.7,548.8,0
529,7.6,548.8,0
529,7.4,548.8,0
530,7.2,548.8,0
530,7,548.8,0
530,6.8,548.8,0
530,6.7,548.8,0
530,6.5,548.8,0
530,6.3,548.8,0
530,6.3,548.8,0
530,6.3,548.8,0
530,6.2,548.8,0
530,6.2,548.8,0
530,6.2,548.8,0
530,6.2,548.8,0
530,6.2,548.8,0
530,6.1,548.8,0
530,6.1,548.8,0
530,6.1,548.8,0
530,6.2,548.8,0
530,6.3,548.8,0
530,6.4,548.8,0
530,6.5,548.8,0
530,6.7,548.8,0
529,6.8,548.8,0
529,6.9,548.8,0
529,7,548.8,0
529,7.1,548.8,0
529,7.2,548.8,0
529,7.3,548.8,0
529,7.4,548.8,0
529,7.4,548.8,0
529,7.5,548.8,0
528,7.6,548.8,0
528,7.7,548.8,0
528,7.8,548.8,0
528,7.8,548.8,0
528,7.9,548.8,0
528,8,548.8,0
528,8.2,548.8,0
528,8.4,548.8,0
527,8.7,548.8,0
527,8.9,548.8,0
527,9.1,548.8,0
527,9.3,548.8,0
527,9.5,548.8,0
526,9.8,548.8,0
526,10,548.8,0
526,10.2,548.8,0
526,10.1,548.8,0
526,10,548.8,0
527,9.9,548.8,0
527,9.8,548.8,0
527,9.7,548.8,0
527,9.6,548.8,0
527,9.5,548.8,0
528,9.4,548.8,0
528,9.3,548.8,0
528,9.2,548.8,0
528,9.1,548.8,0
528,9,548.8,0
528,8.8,548.8,0
528,8.7,548.8,0
528,8.6,548.8,0
529,8.5,548.8,0
529,8.4,548.8,0
529,8.2,548.8,0
529,8.1,548.8,0
529,8,548.8,0
529,8.1,548.8,0
529,8.1,548.8,0
528,8.2,548.8,0
528,8.3,548.8,0
528,8.4,548.8,0
528,8.4,548.8,0
528,8.5,548.8,0
527,8.6,548.8,0
527,8.6,548.8,0
527,8.7,548.8,0
527,9,548.8,0
527,9.2,548.8,0
527,9.4,548.8,0
527,9.7,548.8,0
526,10,548.8,0
526,10.2,548.8,0
526,10.4,548.8,0
526,10.7,548.8,0
526,11,548.8,0
526,11.2,548.8,0
526,11.2,548.8,0
526,11.2,548.8,0
526,11.3,548.8,0
526,11.3,548.8,0
526,11.3,548.8,0
525,11.3,548.8,0
525,11.3,548.8,0
525,11.4,548.8,0
525,11.4,548.8,0
525,11.4,548.8,0
525,11.6,548.8,0
525,11.8,548.8,0
524,11.9,548.8,0
524,12.1,548.8,0
524,12.3,548.8,0
524,12.5,548.8,0
524,12.7,548.8,0
523,12.8,548.8,0
523,13,548.8,0
523,13.2,548.8,0
523,13.5,548.8,0
523,13.9,548.8,0
522,14.2,548.8,0
522,14.6,548.8,0
522,14.9,548.8,0
522,15.2,548.8,0
522,15.6,548.8,0
521,15.9,548.8,0
521,16.3,548.8,0
521,16.6,548.8,0
521,16.4,548.8,0
521,16.2,548.8,0
522,16.1,548.8,0
522,15.9,548.8,0
522,15.7,548.8,0
522,15.5,548.8,0
522,15.3,548.8,0
523,15.2,548.8,0
523,15,548.8,0
523,14.8,548.8,0
523,14.5,548.8,0
523,14.2,548.8,0
524,14,548.8,0
524,13.7,548.8,0
524,13.4,548.8,0
524,13.1,548.8,0
524,12.8,548.8,0
525,12.6,548.8,0
525,12.3,548.8,0
525,12,548.8,0
525,11.9,548.8,0
525,11.9,548.8,0
525,11.8,548.8,0
525,11.7,548.8,0
525,11.7,548.8,0
525,11.6,548.8,0
525,11.5,548.8,0
525,11.4,548.8,0
525,11.4,548.8,0
525,11.3,548.8,0
525,11.8,548.8,0
524,12.3,548.8,0
523,12.8,548.8,0
523,13.3,548.8,0
522,13.8,548.8,0
522,14.3,548.8,0
521,14.8,548.8,0
521,15.3,548.8,0
521,15.8,548.8,0
520,16.3,548.8,0
520,16.2,548.8,0
521,16,548.8,0
521,15.8,548.8,0
521,15.7,548.8,0
522,15.6,548.8,0
522,15.4,548.8,0
522,15.2,548.8,0
522,15.1,548.8,0
523,14.9,548.8,0
523,14.8,548.8,0
523,14.6,548.8,0
523,14.4,548.8,0
523,14.2,548.8,0
523,14,548.8,0
524,13.9,548.8,0
524,13.7,548.8,0
524,13.5,548.8,0
524,13.3,548.8,0
524,13.1,548.8,0
524,12.9,548.8,0
523,13.6,548.8,0
523,14.2,548.8,0
522,14.9,548.8,0
522,15.5,548.8,0
521,16.2,548.8,0
520,16.9,548.8,0
520,17.5,548.8,0
519,18.2,548.8,0
519,18.8,548.8,0
518,19.5,548.8,0
518,19.4,548.8,0
518,19.4,548.8,0
518,19.4,548.8,0
518,19.3,548.8,0
518,19.2,548.8,0
519,19.2,548.8,0
519,19.1,548.8,0
519,19.1,548.8,0
519,19.1,548.8,0
519,19,548.8,0
519,18.9,548.8,0
519,18.9,548.8,0
519,18.8,548.8,0
519,18.8,548.8,0
520,18.7,548.8,0
520,18.6,548.8,0
520,18.6,548.8,0
520,18.5,548.8,0
520,18.5,548.8,0
520,18.4,548.8,0
520,18.4,548.8,0
520,18.4,548.8,0
520,18.4,548.8,0
520,18.4,548.8,0
520,18.4,548.8,0
519,18.3,548.8,0
519,18.3,548.8,0
519,18.3,548.8,0
519,18.3,548.8,0
519,18.3,548.8,0
519,18.3,548.8,0
519,18.3,548.8,0
519,18.3,548.8,0
519,18.3,548.8,0
520,18.4,548.8,0
520,18.4,548.8,0
520,18.4,548.8,0
520,18.4,548.8,0
520,18.4,548.8,0
520,18.4,548.8,0
520,18.2,548.8,0
520,18.1,548.8,0
520,17.9,548.8,0
520,17.8,548.8,0
520,17.6,548.8,0
521,17.4,548.8,0
521,17.3,548.8,0
521,17.1,548.8,0
521,17,548.8,0
521,16.8,548.8,0
521,16.5,548.8,0
521,16.2,548.8,0
522,15.9,548.8,0
522,15.6,548.8,0
522,15.3,548.8,0
522,15,548.8,0
522,14.7,548.8,0
523,14.4,548.8,0
523,14.1,548.8,0
523,13.8,548.8,0
523,13.4,548.8,0
524,13.1,548.8,0
524,12.7,548.8,0
525,12.4,548.8,0
525,12,548.8,0
525,11.6,548.8,0
526,11.3,548.8,0
526,10.9,548.8,0
527,10.6,548.8,0
527,10.2,548.8,0
527,9.8,548.8,0
528,9.3,548.8,0
528,8.9,548.8,0
528,8.4,548.8,0
528,8,548.8,0
529,7.6,548.8,0
529,7.1,548.8,0
529,6.7,548.8,0
530,6.2,548.8,0
530,5.8,548.8,0
530,5.3,548.8,0
531,4.8,548.8,0
531,4.3,548.8,0
531,3.8,548.8,0
532,3.3,548.8,0
532,2.7,548.8,0
532,2.2,548.8,0
532,1.7,548.8,0
533,1.2,548.8,0
533,0.7,548.8,0
533,0.6,548.8,0
533,0.6,548.8,0
533,0.5,548.8,0
533,0.4,548.8,0
534,0.4,548.8,0
534,0.3,548.8,0
534,0.2,548.8,0
534,0.1,548.8,0
534,0.1,548.8,0
534,0,548.8,0
534,0,548.8,0
534,0,548.8,0
534,0,548.8,0
534,0,548.8,0
534,0,548.8,0
534,0,548.8,0
534,0,548.8,0
534,0,548.8,0
534,0,548.8,0
534,0,548.8,0
534,0,548.8,0
534,0,548.8,0
534,0,548.8,0
534,0,548.8,0
534,0,548.8,0
534,0,548.8,0
534,0,548.8,0
534,0,548.8,0
534,0,548.8,0
534,0,548.8,0
534,0,548.8,0
534,0,548.8,0
534,0,548.8,0
534,0,548.8,0
534,0,548.8,0
535,0,548.8,0
535,0,548.8,0
535,0,548.8,0
535,0,548.8,0
535,0,548.8,0
535,0.1,548.8,0
535,0.2,548.8,0
535,0.3,548.8,0
535,0.4,548.8,0
534,0.5,548.8,0
534,0.5,548.8,0
534,0.6,548.8,0
534,0.7,548.8,0
534,0.8,548.8,0
534,0.9,548.8,0
534,1,548.8,0
534,1.1,548.8,0
534,1.3,548.8,0
534,1.4,548.8,0
534,1.5,548.8,0
533,1.6,548.8,0
533,1.7,548.8,0
533,1.9,548.8,0
533,2,548.8,0
533,2.1,548.8,0
533,2.1,548.8,0
533,2,548.8,0
533,2,548.8,0
533,2,548.8,0
533,2,548.8,0
533,1.9,548.8,0
533,1.9,548.8,0
533,1.9,548.8,0
533,1.8,548.8,0
533,1.8,548.8,0
533,1.7,548.8,0
533,1.5,548.8,0
533,1.4,548.8,0
533,1.3,548.8,0
534,1.1,548.8,0
534,1,548.8,0
534,0.9,548.8,0
534,0.8,548.8,0
534,0.6,548.8,0
534,0.5,548.8,0
534,0.7,548.8,0
534,0.9,548.8,0
534,1.1,548.8,0
534,1.3,548.8,0
534,1.5,548.8,0
533,1.6,548.8,0
533,1.8,548.8,0
533,2,548.8,0
533,2.2,548.8,0
533,2.4,548.8,0
533,2.5,548.8,0
533,2.7,548.8,0
533,2.8,548.8,0
533,3,548.8,0
532,3.1,548.8,0
532,3.2,548.8,0
532,3.4,548.8,0
532,3.5,548.8,0
532,3.7,548.8,0
532,3.8,548.8,0
532,4.1,548.8,0
531,4.4,548.8,0
531,4.7,548.8,0
531,5,548.8,0
530,5.2,548.8,0
530,5.5,548.8,0
530,5.8,548.8,0
530,6.1,548.8,0
529,6.4,548.8,0
529,6.7,548.8,0
529,7.2,548.8,0
528,7.8,548.8,0
528,8.3,548.8,0
527,8.9,548.8,0
527,9.4,548.8,0
527,9.9,548.8,0
526,10.5,548.8,0
526,11,548.8,0
525,11.6,548.8,0
525,12.1,548.8,0
525,12.2,548.8,0
525,12.4,548.8,0
525,12.5,548.8,0
525,12.6,548.8,0
524,12.8,548.8,0
524,12.9,548.8,0
524,13,548.8,0
524,13.1,548.8,0
524,13.3,548.8,0
524,13.4,548.8,0
524,13.6,548.8,0
524,13.9,548.8,0
524,14.1,548.8,0
524,14.3,548.8,0
524,14.6,548.8,0
523,14.8,548.8,0
523,15,548.8,0
523,15.2,548.8,0
523,15.5,548.8,0
523,15.7,548.8,0
523,15.3,548.8,0
524,14.9,548.8,0
524,14.6,548.8,0
524,14.2,548.8,0
524,13.8,548.8,0
525,13.4,548.8,0
525,13,548.8,0
525,12.7,548.8,0
526,12.3,548.8,0
526,11.9,548.8,0
526,11.7,548.8,0
526,11.5,548.8,0
526,11.2,548.8,0
526,11,548.8,0
526,10.8,548.8,0
527,10.6,548.8,0
527,10.4,548.8,0
527,10.1,548.8,0
527,9.9,548.8,0
527,9.7,548.8,0
527,9.7,548.8,0
527,9.7,548.8,0
527,9.6,548.8,0
527,9.6,548.8,0
527,9.6,548.8,0
527,9.6,548.8,0
527,9.6,548.8,0
527,9.5,548.8,0
527,9.5,548.8,0
527,9.5,548.8,0
527,9.3,548.8,0
527,9.1,548.8,0
528,8.8,548.8,0
528,8.6,548.8,0
528,8.4,548.8,0
528,8.2,548.8,0
528,8,548.8,0
529,7.7,548.8,0
529,7.5,548.8,0
529,7.3,548.8,0
529,7.1,548.8,0
529,6.9,548.8,0
530,6.7,548.8,0
530,6.5,548.8,0
530,6.4,548.8,0
530,6.2,548.8,0
530,6,548.8,0
531,5.8,548.8,0
531,5.6,548.8,0
531,5.4,548.8,0
531,5.3,548.8,0
531,5.2,548.8,0
531,5.1,548.8,0
531,5,548.8,0
531,4.9,548.8,0
531,4.8,548.8,0
531,4.7,548.8,0
531,4.6,548.8,0
531,4.5,548.8,0
531,4.4,548.8,0
531,4.4,548.8,0
531,4.4,548.8,0
531,4.5,548.8,0
531,4.5,548.8,0
532,4.5,548.8,0
532,4.5,548.8,0
532,4.5,548.8,0
532,4.6,548.8,0
532,4.6,548.8,0
532,4.6,548.8,0
532,4.7,548.8,0
532,4.8,548.8,0
531,4.9,548.8,0
531,5,548.8,0
531,5.2,548.8,0
531,5.3,548.8,0
531,5.4,548.8,0
530,5.5,548.8,0
530,5.6,548.8,0
530,5.7,548.8,0
530,6,548.8,0
529,6.4,548.8,0
529,6.7,548.8,0
529,7.1,548.8,0
528,7.4,548.8,0
528,7.7,548.8,0
528,8.1,548.8,0
528,8.4,548.8,0
527,8.8,548.8,0
527,9.1,548.8,0
527,9.3,548.8,0
527,9.6,548.8,0
526,9.8,548.8,0
526,10.1,548.8,0
526,10.3,548.8,0
526,10.5,548.8,0
526,10.8,548.8,0
525,11,548.8,0
525,11.3,548.8,0
525,11.5,548.8,0
525,11.7,548.8,0
525,12,548.8,0
525,12.2,548.8,0
525,12.5,548.8,0
524,12.8,548.8,0
524,13,548.8,0
524,13.2,548.8,0
524,13.5,548.8,0
524,13.8,548.8,0
524,14,548.8,0
524,14,548.8,0
524,14,548.8,0
524,14,548.8,0
524,14,548.8,0
524,13.9,548.8,0
524,13.9,548.8,0
524,13.9,548.8,0
524,13.9,548.8,0
524,13.9,548.8,0
524,13.9,548.8,0
524,14,548.8,0
524,14.1,548.8,0
524,14.2,548.8,0
524,14.3,548.8,0
524,14.4,548.8,0
523,14.4,548.8,0
523,14.5,548.8,0
523,14.6,548.8,0
523,14.7,548.8,0
523,14.8,548.8,0
523,14.8,548.8,0
523,14.9,548.8,0
522,14.9,548.8,0
522,14.9,548.8,0
522,15,548.8,0
522,15,548.8,0
522,15,548.8,0
521,15,548.8,0
521,15.1,548.8,0
521,15.1,548.8,0
521,15.3,548.8,0
521,15.6,548.8,0
521,15.8,548.8,0
521,16.1,548.8,0
521,16.3,548.8,0
521,16.5,548.8,0
521,16.8,548.8,0
521,17,548.8,0
521,17.3,548.8,0
521,17.5,548.8,0
521,17.3,548.8,0
521,17.2,548.8,0
521,17,548.8,0
521,16.9,548.8,0
522,16.7,548.8,0
522,16.5,548.8,0
522,16.4,548.8,0
522,16.2,548.8,0
522,16.1,548.8,0
522,15.9,548.8,0
522,16.1,548.8,0
521,16.2,548.8,0
521,16.4,548.8,0
521,16.5,548.8,0
520,16.7,548.8,0
520,16.9,548.8,0
520,17,548.8,0
520,17.2,548.8,0
519,17.3,548.8,0
519,17.5,548.8,0
518,18.4,548.8,0
517,19.2,548.8,0
516,20,548.8,0
515,20.9,548.8,0
514,21.8,548.8,0
514,22.6,548.8,0
513,23.5,548.8,0
512,24.3,548.8,0
511,25.1,548.8,0
510,26,548.8,0
510,26,548.8,0
511,26.1,548.8,0
511,26.2,548.8,0
512,26.2,548.8,0
512,26.2,548.8,0
512,26.3,548.8,0
513,26.4,548.8,0
513,26.4,548.8,0
514,26.4,548.8,0
514,26.5,548.8,0
515,25.3,548.8,0
516,24.1,548.8,0
517,23,548.8,0
518,21.8,548.8,0
518,20.6,548.8,0
519,19.4,548.8,0
520,18.2,548.8,0
521,17.1,548.8,0
522,15.9,548.8,0
523,14.7,548.8,0
523,14.8,548.8,0
523,14.8,548.8,0
522,14.9,548.8,0
522,15,548.8,0
522,15.1,548.8,0
522,15.1,548.8,0
522,15.2,548.8,0
521,15.3,548.8,0
521,15.3,548.8,0
521,15.4,548.8,0
520,16,548.8,0
520,16.6,548.8,0
520,17.2,548.8,0
519,17.8,548.8,0
518,18.4,548.8,0
518,18.9,548.8,0
518,19.5,548.8,0
517,20.1,548.8,0
516,20.7,548.8,0
516,21.3,548.8,0
516,21.4,548.8,0
516,21.6,548.8,0
516,21.7,548.8,0
516,21.8,548.8,0
516,22,548.8,0
515,22.1,548.8,0
515,22.2,548.8,0
515,22.3,548.8,0
515,22.5,548.8,0
515,22.6,548.8,0
515,23,548.8,0
514,23.5,548.8,0
513,24,548.8,0
513,24.4,548.8,0
512,24.9,548.8,0
512,25.3,548.8,0
511,25.8,548.8,0
511,26.2,548.8,0
511,26.6,548.8,0
510,27.1,548.8,0
510,27.5,548.8,0
509,27.8,548.8,0
509,28.2,548.8,0
508,28.5,548.8,0
508,28.9,548.8,0
508,29.3,548.8,0
507,29.6,548.8,0
507,30,548.8,0
506,30.3,548.8,0
506,30.7,548.8,0
506,30.9,548.8,0
506,31.2,548.8,0
505,31.4,548.8,0
505,31.7,548.8,0
505,31.9,548.8,0
505,32.1,548.8,0
505,32.4,548.8,0
504,32.6,548.8,0
504,32.9,548.8,0
504,33.1,548.8,0
503,33.6,548.8,0
503,34.1,548.8,0
502,34.6,548.8,0
502,35.1,548.8,0
501,35.5,548.8,0
500,36,548.8,0
500,36.5,548.8,0
499,37,548.8,0
499,37.5,548.8,0
498,38,548.8,0
498,38.4,548.8,0
497,38.8,548.8,0
497,39.2,548.8,0
497,39.6,548.8,0
496,40,548.8,0
496,40.5,548.8,0
496,40.9,548.8,0
496,41.3,548.8,0
495,41.7,548.8,0
495,42.1,548.8,0
495,42,548.8,0
495,41.8,548.8,0
495,41.7,548.8,0
495,41.5,548.8,0
496,41.4,548.8,0
496,41.3,548.8,0
496,41.1,548.8,0
496,41,548.8,0
496,40.8,548.8,0
496,40.7,548.8,0
496,40.2,548.8,0
497,39.8,548.8,0
497,39.3,548.8,0
497,38.8,548.8,0
498,38.4,548.8,0
498,37.9,548.8,0
498,37.4,548.8,0
498,36.9,548.8,0
499,36.5,548.8,0
499,36,548.8,0
498,36.5,548.8,0
497,37.1,548.8,0
496,37.6,548.8,0
495,38.1,548.8,0
494,38.7,548.8,0
494,39.2,548.8,0
493,39.7,548.8,0
492,40.2,548.8,0
491,40.8,548.8,0
490,41.3,548.8,0
490,41.6,548.8,0
489,42,548.8,0
489,42.3,548.8,0
489,42.7,548.8,0
488,43,548.8,0
488,43.3,548.8,0
488,43.7,548.8,0
488,44,548.8,0
487,44.4,548.8,0
487,44.7,548.8,0
487,44.8,548.8,0
487,44.8,548.8,0
487,44.9,548.8,0
487,45,548.8,0
486,45.1,548.8,0
486,45.1,548.8,0
486,45.2,548.8,0
486,45.3,548.8,0
486,45.3,548.8,0
486,45.4,548.8,0
486,45.2,548.8,0
486,45,548.8,0
486,44.8,548.8,0
486,44.6,548.8,0
486,44.5,548.8,0
485,44.3,548.8,0
485,44.1,548.8,0
485,43.9,548.8,0
485,43.7,548.8,0
485,43.5,548.8,0
485,43.5,548.8,0
484,43.6,548.8,0
484,43.6,548.8,0
484,43.6,548.8,0
484,43.7,548.8,0
483,43.7,548.8,0
483,43.7,548.8,0
483,43.7,548.8,0
482,43.8,548.8,0
482,43.8,548.8,0
482,44.5,548.8,0
481,45.1,548.8,0
481,45.8,548.8,0
481,46.4,548.8,0
480,47.1,548.8,0
480,47.8,548.8,0
480,48.4,548.8,0
480,49.1,548.8,0
479,49.7,548.8,0
479,50.4,548.8,0
479,50.9,548.8,0
478,51.5,548.8,0
478,52,548.8,0
478,52.6,548.8,0
478,53.1,548.8,0
477,53.6,548.8,0
477,54.2,548.8,0
477,54.7,548.8,0
476,55.3,548.8,0
476,55.8,548.8,0
477,55.2,548.8,0
478,54.7,548.8,0
479,54.1,548.8,0
480,53.5,548.8,0
482,53,548.8,0
483,52.4,548.8,0
484,51.8,548.8,0
485,51.2,548.8,0
486,50.7,548.8,0
487,50.1,548.8,0
489,48,548.8,0
491,45.9,548.8,0
494,43.8,548.8,0
496,41.7,548.8,0
498,39.7,548.8,0
500,37.6,548.8,0
502,35.5,548.8,0
505,33.4,548.8,0
507,31.3,548.8,0
509,29.2,548.8,0
510,28.3,548.8,0
510,27.4,548.8,0
511,26.5,548.8,0
511,25.6,548.8,0
512,24.8,548.8,0
513,23.9,548.8,0
513,23,548.8,0
514,22.1,548.8,0
514,21.2,548.8,0
515,20.3,548.8,0
516,19.5,548.8,0
517,18.6,548.8,0
518,17.8,548.8,0
519,16.9,548.8,0
520,16.1,548.8,0
520,15.3,548.8,0
521,14.4,548.8,0
522,13.6,548.8,0
523,12.7,548.8,0
524,11.9,548.8,0
525,11,548.8,0
525,10,548.8,0
526,9.1,548.8,0
527,8.1,548.8,0
528,7.2,548.8,0
528,6.3,548.8,0
529,5.3,548.8,0
530,4.4,548.8,0
530,3.4,548.8,0
531,2.5,548.8,0
531,2.1,548.8,0
531,1.8,548.8,0
532,1.4,548.8,0
532,1,548.8,0
532,0.6,548.8,0
532,0.3,548.8,0
532,-0.1,548.8,0
533,-0.5,548.8,0
533,-0.8,548.8,0
533,-1.2,548.8,0
533,-1.2,548.8,0
533,-1.2,548.8,0
533,-1.3,548.8,0
533,-1.3,548.8,0
533,-1.3,548.8,0
533,-1.3,548.8,0
533,-1.3,548.8,0
533,-1.4,548.8,0
533,-1.4,548.8,0
533,-1.4,548.8,0
533,-1.4,548.8,0
533,-1.4,548.8,0
533,-1.5,548.8,0
533,-1.5,548.8,0
533,-1.5,548.8,0
533,-1.5,548.8,0
533,-1.5,548.8,0
533,-1.6,548.8,0
533,-1.6,548.8,0
533,-1.6,548.8,0
533,-1.6,548.8,0
533,-1.6,548.8,0
533,-1.5,548.8,0
533,-1.5,548.8,0
533,-1.5,548.8,0
533,-1.5,548.8,0
533,-1.5,548.8,0
533,-1.4,548.8,0
533,-1.4,548.8,0
533,-1.4,548.8,0
533,-1.4,548.8,0
533,-1.4,548.8,0
533,-1.4,548.8,0
533,-1.4,548.8,0
533,-1.4,548.8,0
533,-1.3,548.8,0
533,-1.3,548.8,0
533,-1.3,548.8,0
533,-1.3,548.8,0
533,-1.3,548.8,0
533,-1.3,548.8,0
533,-1.3,548.8,0
533,-1.2,548.8,0
533,-1.2,548.8,0
533,-1.2,548.8,0
533,-1.2,548.8,0
533,-1.2,548.8,0
533,-1.1,548.8,0
533,-1.1,548.8,0
533,-1.1,548.8,0
533,-1.1,548.8,0
533,-1.1,548.8,0
533,-1,548.8,0
533,-1,548.8,0
533,-1,548.8,0
533,-1,548.8,0
533,-1,548.8,0
533,-0.9,548.8,0
533,-0.9,548.8,0
533,-0.9,548.8,0
533,-0.8,548.8,0
533,-0.8,548.8,0
532,-0.7,548.8,0
532,-0.7,548.8,0
532,-0.6,548.8,0
532,-0.5,548.8,0
532,-0.5,548.8,0
531,-0.4,548.8,0
531,-0.4,548.8,0
531,-0.3,548.8,0
531,-0.3,548.8,0
531,-0.2,548.8,0
531,-0.2,548.8,0
531,-0.1,548.8,0
531,-0.1,548.8,0
531,0,548.8,0
531,0,548.8,0
531,0.1,548.8,0
531,0.2,548.8,0
531,0.2,548.8,0
531,0.2,548.8,0
531,0.3,548.8,0
531,0.3,548.8,0
531,0.4,548.8,0
531,0.4,548.8,0
531,0.4,548.8,0
531,0.5,548.8,0
531,0.5,548.8,0
531,0.6,548.8,0
531,0.6,548.8,0
531,0.7,548.8,0
531,0.9,548.8,0
531,1,548.8,0
531,1.2,548.8,0
530,1.3,548.8,0
530,1.4,548.8,0
530,1.6,548.8,0
530,1.7,548.8,0
530,1.9,548.8,0
530,2,548.8,0
530,2.1,548.8,0
530,2.2,548.8,0
530,2.3,548.8,0
530,2.4,548.8,0
530,2.5,548.8,0
530,2.5,548.8,0
530,2.6,548.8,0
530,2.7,548.8,0
530,2.8,548.8,0
530,2.9,548.8,0
530,2.9,548.8,0
530,3,548.8,0
530,3,548.8,0
530,3.1,548.8,0
530,3.1,548.8,0
530,3.1,548.8,0
530,3.2,548.8,0
530,3.2,548.8,0
530,3.3,548.8,0
530,3.3,548.8,0
530,3.3,548.8,0
530,3.4,548.8,0
530,3.4,548.8,0
530,3.5,548.8,0
530,3.5,548.8,0
530,3.5,548.8,0
530,3.6,548.8,0
530,3.6,548.8,0
530,3.7,548.8,0
530,3.7,548.8,0
530,3.9,548.8,0
530,4.1,548.8,0
529,4.3,548.8,0
529,4.5,548.8,0
529,4.7,548.8,0
529,4.8,548.8,0
529,5,548.8,0
528,5.2,548.8,0
528,5.4,548.8,0
528,5.6,548.8,0
528,5.4,548.8,0
528,5.2,548.8,0
529,5,548.8,0
529,4.8,548.8,0
529,4.6,548.8,0
529,4.4,548.8,0
529,4.2,548.8,0
530,4,548.8,0
530,3.8,548.8,0
530,3.6,548.8,0
530,3.5,548.8,0
530,3.4,548.8,0
530,3.2,548.8,0
530,3.1,548.8,0
530,3,548.8,0
531,2.9,548.8,0
531,2.8,548.8,0
531,2.6,548.8,0
531,2.5,548.8,0
531,2.4,548.8,0
531,2.3,548.8,0
531,2.2,548.8,0
531,2.2,548.8,0
531,2.1,548.8,0
532,2,548.8,0
532,1.9,548.8,0
532,1.8,548.8,0
532,1.8,548.8,0
532,1.7,548.8,0
532,1.6,548.8,0
532,1.7,548.8,0
532,1.8,548.8,0
532,1.9,548.8,0
532,2,548.8,0
532,2,548.8,0
531,2.1,548.8,0
531,2.2,548.8,0
531,2.3,548.8,0
531,2.4,548.8,0
531,2.5,548.8,0
531,3,548.8,0
530,3.4,548.8,0
530,3.9,548.8,0
529,4.3,548.8,0
529,4.8,548.8,0
529,5.3,548.8,0
528,5.7,548.8,0
528,6.2,548.8,0
527,6.6,548.8,0
527,7.1,548.8,0
527,7.1,548.8,0
527,7.2,548.8,0
527,7.2,548.8,0
527,7.3,548.8,0
527,7.3,548.8,0
527,7.3,548.8,0
527,7.4,548.8,0
527,7.4,548.8,0
527,7.5,548.8,0
527,7.5,548.8,0
527,7.4,548.8,0
527,7.2,548.8,0
528,7,548.8,0
528,6.9,548.8,0
528,6.8,548.8,0
528,6.6,548.8,0
528,6.4,548.8,0
529,6.3,548.8,0
529,6.2,548.8,0
529,6,548.8,0
529,5.7,548.8,0
529,5.3,548.8,0
530,5,548.8,0
530,4.7,548.8,0
530,4.3,548.8,0
530,4,548.8,0
530,3.7,548.8,0
531,3.4,548.8,0
531,3,548.8,0
531,2.7,548.8,0
531,2.4,548.8,0
531,2.2,548.8,0
532,1.9,548.8,0
532,1.7,548.8,0
532,1.4,548.8,0
532,1.1,548.8,0
532,0.9,548.8,0
533,0.6,548.8,0
533,0.4,548.8,0
533,0.1,548.8,0
533,0.2,548.8,0
533,0.3,548.8,0
533,0.5,548.8,0
533,0.6,548.8,0
532,0.7,548.8,0
532,0.8,548.8,0
532,0.9,548.8,0
532,1.1,548.8,0
532,1.2,548.8,0
532,1.3,548.8,0
532,1.4,548.8,0
532,1.5,548.8,0
532,1.6,548.8,0
532,1.7,548.8,0
532,1.9,548.8,0
531,2,548.8,0
531,2.1,548.8,0
531,2.2,548.8,0
531,2.3,548.8,0
531,2.4,548.8,0
531,2.5,548.8,0
531,2.6,548.8,0
531,2.6,548.8,0
531,2.7,548.8,0
530,2.8,548.8,0
530,2.9,548.8,0
530,3,548.8,0
530,3,548.8,0
530,3.1,548.8,0
530,3.2,548.8,0
530,3.4,548.8,0
530,3.6,548.8,0
529,3.9,548.8,0
529,4.1,548.8,0
529,4.3,548.8,0
529,4.5,548.8,0
529,4.7,548.8,0
528,5,548.8,0
528,5.2,548.8,0
528,5.4,548.8,0
528,5.4,548.8,0
528,5.3,548.8,0
529,5.3,548.8,0
529,5.3,548.8,0
529,5.2,548.8,0
529,5.2,548.8,0
529,5.2,548.8,0
530,5.2,548.8,0
530,5.1,548.8,0
530,5.1,548.8,0
530,5.1,548.8,0
530,5.1,548.8,0
530,5.1,548.8,0
530,5.1,548.8,0
530,5.2,548.8,0
529,5.2,548.8,0
529,5.2,548.8,0
529,5.2,548.8,0
529,5.2,548.8,0
529,5.2,548.8,0
529,5.5,548.8,0
529,5.8,548.8,0
528,6,548.8,0
528,6.3,548.8,0
528,6.6,548.8,0
528,6.9,548.8,0
528,7.2,548.8,0
527,7.4,548.8,0
527,7.7,548.8,0
527,8,548.8,0
527,8.5,548.8,0
526,9,548.8,0
525,9.6,548.8,0
525,10.1,548.8,0
524,10.6,548.8,0
524,11.1,548.8,0
523,11.6,548.8,0
523,12.2,548.8,0
523,12.7,548.8,0
522,13.2,548.8,0
522,13.4,548.8,0
522,13.6,548.8,0
522,13.8,548.8,0
522,14,548.8,0
522,14.2,548.8,0
521,14.5,548.8,0
521,14.7,548.8,0
521,14.9,548.8,0
521,15.1,548.8,0
521,15.3,548.8,0
521,15.1,548.8,0
521,14.9,548.8,0
522,14.6,548.8,0
522,14.4,548.8,0
522,14.2,548.8,0
522,14,548.8,0
522,13.8,548.8,0
523,13.5,548.8,0
523,13.3,548.8,0
523,13.1,548.8,0
523,13.2,548.8,0
523,13.2,548.8,0
523,13.3,548.8,0
523,13.3,548.8,0
523,13.4,548.8,0
523,13.5,548.8,0
523,13.5,548.8,0
523,13.6,548.8,0
523,13.6,548.8,0
523,13.7,548.8,0
523,13.7,548.8,0
523,13.7,548.8,0
523,13.6,548.8,0
523,13.6,548.8,0
523,13.6,548.8,0
523,13.6,548.8,0
523,13.6,548.8,0
523,13.5,548.8,0
523,13.5,548.8,0
523,13.5,548.8,0
523,13.6,548.8,0
523,13.7,548.8,0
522,13.7,548.8,0
522,13.8,548.8,0
522,13.9,548.8,0
522,14,548.8,0
522,14.1,548.8,0
521,14.1,548.8,0
521,14.2,548.8,0
521,14.3,548.8,0
521,14.6,548.8,0
521,14.9,548.8,0
520,15.3,548.8,0
520,15.6,548.8,0
520,15.9,548.8,0
520,16.2,548.8,0
520,16.5,548.8,0
519,16.9,548.8,0
519,17.2,548.8,0
519,17.5,548.8,0
519,17.4,548.8,0
519,17.3,548.8,0
519,17.2,548.8,0
519,17.1,548.8,0
520,17,548.8,0
520,16.9,548.8,0
520,16.8,548.8,0
520,16.7,548.8,0
520,16.6,548.8,0
520,16.5,548.8,0
520,16.2,548.8,0
521,15.9,548.8,0
521,15.5,548.8,0
521,15.2,548.8,0
522,14.9,548.8,0
522,14.6,548.8,0
522,14.3,548.8,0
522,13.9,548.8,0
523,13.6,548.8,0
523,13.3,548.8,0
523,13,548.8,0
523,12.6,548.8,0
524,12.3,548.8,0
524,12,548.8,0
524,11.7,548.8,0
524,11.3,548.8,0
524,11,548.8,0
525,10.7,548.8,0
525,10.3,548.8,0
525,10,548.8,0
525,9.9,548.8,0
525,9.8,548.8,0
525,9.7,548.8,0
525,9.6,548.8,0
526,9.6,548.8,0
526,9.5,548.8,0
526,9.4,548.8,0
526,9.3,548.8,0
526,9.2,548.8,0
526,9.1,548.8,0
526,9,548.8,0
526,8.9,548.8,0
526,8.7,548.8,0
526,8.6,548.8,0
526,8.5,548.8,0
527,8.4,548.8,0
527,8.3,548.8,0
527,8.1,548.8,0
527,8,548.8,0
527,7.9,548.8,0
527,7.7,548.8,0
527,7.5,548.8,0
528,7.3,548.8,0
528,7.1,548.8,0
528,6.9,548.8,0
528,6.7,548.8,0
528,6.5,548.8,0
529,6.3,548.8,0
529,6.1,548.8,0
529,5.9,548.8,0
529,5.7,548.8,0
529,5.4,548.8,0
529,5.2,548.8,0
529,4.9,548.8,0
530,4.7,548.8,0
530,4.5,548.8,0
530,4.2,548.8,0
530,4,548.8,0
530,3.7,548.8,0
530,3.5,548.8,0
530,3.7,548.8,0
530,3.9,548.8,0
530,4.2,548.8,0
530,4.4,548.8,0
530,4.6,548.8,0
529,4.8,548.8,0
529,5,548.8,0
529,5.3,548.8,0
529,5.5,548.8,0
529,5.7,548.8,0
529,6,548.8,0
528,6.3,548.8,0
528,6.6,548.8,0
528,6.9,548.8,0
528,7.2,548.8,0
527,7.6,548.8,0
527,7.9,548.8,0
527,8.2,548.8,0
526,8.5,548.8,0
526,8.8,548.8,0
526,9.3,548.8,0
525,9.8,548.8,0
525,10.3,548.8,0
524,10.8,548.8,0
524,11.4,548.8,0
524,11.9,548.8,0
523,12.4,548.8,0
523,12.9,548.8,0
522,13.4,548.8,0
522,13.9,548.8,0
521,14.6,548.8,0
521,15.3,548.8,0
520,15.9,548.8,0
519,16.6,548.8,0
518,17.3,548.8,0
518,18,548.8,0
517,18.7,548.8,0
516,19.3,548.8,0
516,20,548.8,0
515,20.7,548.8,0
515,20.8,548.8,0
515,20.9,548.8,0
515,21,548.8,0
515,21.1,548.8,0
516,21.2,548.8,0
516,21.3,548.8,0
516,21.4,548.8,0
516,21.5,548.8,0
516,21.6,548.8,0
516,21.7,548.8,0
516,21.5,548.8,0
516,21.4,548.8,0
516,21.2,548.8,0
516,21,548.8,0
516,20.9,548.8,0
517,20.7,548.8,0
517,20.5,548.8,0
517,20.3,548.8,0
517,20.2,548.8,0
517,20,548.8,0
517,20,548.8,0
517,20.1,548.8,0
517,20.2,548.8,0
517,20.2,548.8,0
516,20.2,548.8,0
516,20.3,548.8,0
516,20.4,548.8,0
516,20.4,548.8,0
516,20.4,548.8,0
516,20.5,548.8,0
516,20.3,548.8,0
516,20,548.8,0
517,19.8,548.8,0
517,19.5,548.8,0
517,19.3,548.8,0
517,19.1,548.8,0
517,18.8,548.8,0
518,18.6,548.8,0
518,18.3,548.8,0
518,18.1,548.8,0
518,18.6,548.8,0
517,19.1,548.8,0
517,19.7,548.8,0
516,20.2,548.8,0
516,20.7,548.8,0
515,21.2,548.8,0
515,21.7,548.8,0
514,22.3,548.8,0
513,22.8,548.8,0
513,23.3,548.8,0
513,23.4,548.8,0
513,23.6,548.8,0
513,23.7,548.8,0
513,23.9,548.8,0
512,24,548.8,0
512,24.1,548.8,0
512,24.3,548.8,0
512,24.4,548.8,0
512,24.6,548.8,0
512,24.7,548.8,0
512,24.6,548.8,0
512,24.5,548.8,0
512,24.4,548.8,0
512,24.3,548.8,0
512,24.2,548.8,0
513,24,548.8,0
513,23.9,548.8,0
513,23.8,548.8,0
513,23.7,548.8,0
513,23.6,548.8,0
513,23.7,548.8,0
513,23.8,548.8,0
513,23.9,548.8,0
513,24,548.8,0
513,24.2,548.8,0
513,24.3,548.8,0
513,24.4,548.8,0
513,24.5,548.8,0
513,24.6,548.8,0
513,24.7,548.8,0
513,24.7,548.8,0
512,24.6,548.8,0
512,24.5,548.8,0
512,24.5,548.8,0
512,24.5,548.8,0
511,24.4,548.8,0
511,24.3,548.8,0
511,24.3,548.8,0
510,24.2,548.8,0
510,24.2,548.8,0
510,24.8,548.8,0
510,25.4,548.8,0
509,25.9,548.8,0
509,26.5,548.8,0
509,27.1,548.8,0
509,27.7,548.8,0
509,28.3,548.8,0
508,28.8,548.8,0
508,29.4,548.8,0
508,30,548.8,0
508,29.6,548.8,0
509,29.3,548.8,0
509,28.9,548.8,0
509,28.5,548.8,0
510,28.1,548.8,0
510,27.8,548.8,0
510,27.4,548.8,0
510,27,548.8,0
511,26.7,548.8,0
511,26.3,548.8,0
511,26.1,548.8,0
511,26,548.8,0
511,25.9,548.8,0
511,25.7,548.8,0
511,25.6,548.8,0
511,25.4,548.8,0
511,25.2,548.8,0
511,25.1,548.8,0
511,25,548.8,0
511,24.8,548.8,0
511,24.9,548.8,0
511,25,548.8,0
511,25.1,548.8,0
511,25.2,548.8,0
511,25.3,548.8,0
511,25.4,548.8,0
511,25.5,548.8,0
511,25.6,548.8,0
511,25.7,548.8,0
511,25.8,548.8,0
511,25.9,548.8,0
511,25.9,548.8,0
511,26,548.8,0
511,26,548.8,0
510,26.1,548.8,0
510,26.2,548.8,0
510,26.2,548.8,0
510,26.3,548.8,0
510,26.3,548.8,0
510,26.4,548.8,0
510,26.7,548.8,0
509,27,548.8,0
509,27.3,548.8,0
508,27.6,548.8,0
508,27.9,548.8,0
508,28.2,548.8,0
507,28.5,548.8,0
507,28.8,548.8,0
506,29.1,548.8,0
506,29.4,548.8,0
506,29.7,548.8,0
505,30,548.8,0
505,30.3,548.8,0
505,30.6,548.8,0
504,31,548.8,0
504,31.3,548.8,0
504,31.6,548.8,0
504,31.9,548.8,0
503,32.2,548.8,0
503,32.5,548.8,0
503,32.7,548.8,0
503,32.9,548.8,0
503,33,548.8,0
503,33.2,548.8,0
502,33.4,548.8,0
502,33.6,548.8,0
502,33.8,548.8,0
502,33.9,548.8,0
502,34.1,548.8,0
502,34.3,548.8,0
502,34,548.8,0
503,33.7,548.8,0
503,33.4,548.8,0
503,33.1,548.8,0
504,32.9,548.8,0
504,32.6,548.8,0
504,32.3,548.8,0
504,32,548.8,0
505,31.7,548.8,0
505,31.4,548.8,0
505,31.4,548.8,0
505,31.3,548.8,0
504,31.3,548.8,0
504,31.3,548.8,0
504,31.2,548.8,0
504,31.2,548.8,0
504,31.2,548.8,0
503,31.2,548.8,0
503,31.1,548.8,0
503,31.1,548.8,0
503,31.4,548.8,0
503,31.7,548.8,0
503,32,548.8,0
503,32.3,548.8,0
502,32.6,548.8,0
502,32.9,548.8,0
502,33.2,548.8,0
502,33.5,548.8,0
502,33.8,548.8,0
502,34.1,548.8,0
502,33.6,548.8,0
503,33.2,548.8,0
503,32.7,548.8,0
504,32.3,548.8,0
504,31.8,548.8,0
504,31.3,548.8,0
505,30.9,548.8,0
505,30.4,548.8,0
506,30,548.8,0
506,29.5,548.8,0
506,29.7,548.8,0
506,30,548.8,0
505,30.2,548.8,0
505,30.4,548.8,0
505,30.6,548.8,0
505,30.9,548.8,0
505,31.1,548.8,0
504,31.3,548.8,0
504,31.6,548.8,0
504,31.8,548.8,0
504,31.5,548.8,0
504,31.3,548.8,0
504,31,548.8,0
504,30.7,548.8,0
504,30.5,548.8,0
505,30.2,548.8,0
505,29.9,548.8,0
505,29.6,548.8,0
505,29.4,548.8,0
505,29.1,548.8,0
505,29.3,548.8,0
504,29.5,548.8,0
504,29.6,548.8,0
504,29.8,548.8,0
504,30,548.8,0
503,30.2,548.8,0
503,30.4,548.8,0
503,30.5,548.8,0
502,30.7,548.8,0
502,30.9,548.8,0
502,31.2,548.8,0
501,31.6,548.8,0
501,31.9,548.8,0
501,32.2,548.8,0
500,32.6,548.8,0
500,32.9,548.8,0
500,33.2,548.8,0
500,33.5,548.8,0
499,33.9,548.8,0
499,34.2,548.8,0
499,34.1,548.8,0
499,34,548.8,0
500,33.9,548.8,0
500,33.8,548.8,0
500,33.8,548.8,0
500,33.7,548.8,0
500,33.6,548.8,0
501,33.5,548.8,0
501,33.4,548.8,0
501,33.3,548.8,0
501,33.3,548.8,0
501,33.2,548.8,0
501,33.2,548.8,0
501,33.2,548.8,0
502,33.2,548.8,0
502,33.1,548.8,0
502,33.1,548.8,0
502,33.1,548.8,0
502,33,548.8,0
502,33,548.8,0
503,32.4,548.8,0
504,31.8,548.8,0
504,31.1,548.8,0
505,30.5,548.8,0
506,29.9,548.8,0
507,29.3,548.8,0
508,28.7,548.8,0
508,28,548.8,0
509,27.4,548.8,0
510,26.8,548.8,0
512,24.2,548.8,0
514,21.7,548.8,0
515,19.1,548.8,0
517,16.6,548.8,0
519,14,548.8,0
521,11.4,548.8,0
523,8.9,548.8,0
524,6.3,548.8,0
526,3.8,548.8,0
528,1.2,548.8,0
528,1.2,548.8,0
528,1.1,548.8,0
528,1.1,548.8,0
528,1,548.8,0
528,1,548.8,0
529,0.9,548.8,0
529,0.9,548.8,0
529,0.8,548.8,0
529,0.7,548.8,0
529,0.7,548.8,0
529,0.7,548.8,0
529,0.8,548.8,0
529,0.8,548.8,0
529,0.9,548.8,0
530,0.9,548.8,0
530,0.9,548.8,0
530,1,548.8,0
530,1,548.8,0
530,1.1,548.8,0
530,1.1,548.8,0
530,1,548.8,0
530,0.9,548.8,0
530,0.7,548.8,0
530,0.6,548.8,0
530,0.5,548.8,0
531,0.4,548.8,0
531,0.3,548.8,0
531,0.1,548.8,0
531,0,548.8,0
531,-0.1,548.8,0
531,-0.1,548.8,0
531,0,548.8,0
531,0,548.8,0
531,0,548.8,0
531,0.1,548.8,0
531,0.1,548.8,0
531,0.1,548.8,0
531,0.1,548.8,0
531,0.2,548.8,0
531,0.2,548.8,0
531,0.3,548.8,0
531,0.4,548.8,0
530,0.5,548.8,0
530,0.6,548.8,0
530,0.7,548.8,0
530,0.7,548.8,0
530,0.8,548.8,0
529,0.9,548.8,0
529,1,548.8,0
529,1.1,548.8,0
529,1,548.8,0
529,1,548.8,0
530,0.9,548.8,0
530,0.8,548.8,0
530,0.8,548.8,0
530,0.7,548.8,0
530,0.6,548.8,0
531,0.5,548.8,0
531,0.5,548.8,0
531,0.4,548.8,0
531,0.5,548.8,0
531,0.6,548.8,0
531,0.7,548.8,0
531,0.8,548.8,0
530,0.9,548.8,0
530,0.9,548.8,0
530,1,548.8,0
530,1.1,548.8,0
530,1.2,548.8,0
530,1.3,548.8,0
530,1.5,548.8,0
530,1.6,548.8,0
530,1.8,548.8,0
530,2,548.8,0
530,2.1,548.8,0
529,2.3,548.8,0
529,2.5,548.8,0
529,2.7,548.8,0
529,2.8,548.8,0
529,3,548.8,0
529,3.4,548.8,0
528,3.9,548.8,0
527,4.3,548.8,0
527,4.7,548.8,0
526,5.2,548.8,0
526,5.6,548.8,0
526,6,548.8,0
525,6.4,548.8,0
525,6.9,548.8,0
524,7.3,548.8,0
524,7.8,548.8,0
523,8.2,548.8,0
523,8.7,548.8,0
523,9.1,548.8,0
522,9.6,548.8,0
522,10.1,548.8,0
522,10.5,548.8,0
522,11,548.8,0
521,11.4,548.8,0
521,11.9,548.8,0
521,12.3,548.8,0
520,12.7,548.8,0
520,13.2,548.8,0
520,13.6,548.8,0
520,14,548.8,0
519,14.4,548.8,0
519,14.8,548.8,0
519,15.3,548.8,0
518,15.7,548.8,0
518,16.1,548.8,0
518,16.3,548.8,0
518,16.5,548.8,0
518,16.7,548.8,0
518,16.9,548.8,0
518,17.1,548.8,0
517,17.3,548.8,0
517,17.5,548.8,0
517,17.7,548.8,0
517,17.9,548.8,0
517,18.1,548.8,0
517,17.7,548.8,0
518,17.2,548.8,0
518,16.8,548.8,0
519,16.3,548.8,0
519,15.9,548.8,0
519,15.5,548.8,0
520,15,548.8,0
520,14.6,548.8,0
521,14.1,548.8,0
521,13.7,548.8,0
521,13.7,548.8,0
521,13.6,548.8,0
521,13.6,548.8,0
521,13.5,548.8,0
521,13.5,548.8,0
521,13.5,548.8,0
521,13.4,548.8,0
521,13.4,548.8,0
521,13.3,548.8,0
521,13.3,548.8,0
521,13.3,548.8,0
521,13.3,548.8,0
521,13.3,548.8,0
521,13.3,548.8,0
520,13.2,548.8,0
520,13.2,548.8,0
520,13.2,548.8,0
520,13.2,548.8,0
520,13.2,548.8,0
520,13.2,548.8,0
520,13.2,548.8,0
520,13.2,548.8,0
520,13.1,548.8,0
520,13.1,548.8,0
520,13.1,548.8,0
521,13.1,548.8,0
521,13.1,548.8,0
521,13,548.8,0
521,13,548.8,0
521,13,548.8,0
521,13,548.8,0
521,13,548.8,0
521,13.1,548.8,0
521,13.1,548.8,0
522,13.1,548.8,0
522,13.1,548.8,0
522,13.1,548.8,0
522,13.2,548.8,0
522,13.2,548.8,0
522,13.2,548.8,0
522,13.2,548.8,0
522,13.2,548.8,0
522,13.1,548.8,0
522,13.1,548.8,0
522,13.1,548.8,0
521,13.1,548.8,0
521,13.1,548.8,0
521,13,548.8,0
521,13,548.8,0
521,13,548.8,0
521,12.7,548.8,0
521,12.5,548.8,0
522,12.2,548.8,0
522,12,548.8,0
522,11.7,548.8,0
522,11.4,548.8,0
522,11.2,548.8,0
523,10.9,548.8,0
523,10.7,548.8,0
523,10.4,548.8,0
523,10.4,548.8,0
523,10.4,548.8,0
523,10.4,548.8,0
523,10.4,548.8,0
523,10.4,548.8,0
523,10.5,548.8,0
523,10.5,548.8,0
523,10.5,548.8,0
523,10.5,548.8,0
523,10.5,548.8,0
523,10.6,548.8,0
523,10.6,548.8,0
523,10.7,548.8,0
523,10.7,548.8,0
523,10.8,548.8,0
523,10.9,548.8,0
523,10.9,548.8,0
523,11,548.8,0
523,11,548.8,0
523,11.1,548.8,0
523,11.1,548.8,0
523,11.1,548.8,0
523,11,548.8,0
523,11,548.8,0
523,11,548.8,0
523,11,548.8,0
523,11,548.8,0
523,10.9,548.8,0
523,10.9,548.8,0
523,10.9,548.8,0
523,10.9,548.8,0
523,10.9,548.8,0
523,11,548.8,0
523,11,548.8,0
523,11,548.8,0
523,11,548.8,0
523,11,548.8,0
523,11.1,548.8,0
523,11.1,548.8,0
523,11.1,548.8,0
522,11.6,548.8,0
522,12.1,548.8,0
521,12.6,548.8,0
521,13.1,548.8,0
520,13.6,548.8,0
519,14.1,548.8,0
519,14.6,548.8,0
518,15.1,548.8,0
518,15.6,548.8,0
517,16.1,548.8,0
516,16.9,548.8,0
516,17.7,548.8,0
515,18.4,548.8,0
514,19.2,548.8,0
514,20,548.8,0
513,20.8,548.8,0
512,21.6,548.8,0
511,22.3,548.8,0
511,23.1,548.8,0
510,23.9,548.8,0
510,24.2,548.8,0
509,24.6,548.8,0
509,24.9,548.8,0
509,25.3,548.8,0
508,25.6,548.8,0
508,25.9,548.8,0
508,26.3,548.8,0
508,26.6,548.8,0
507,27,548.8,0
507,27.3,548.8,0
507,27.6,548.8,0
507,27.9,548.8,0
506,28.2,548.8,0
506,28.5,548.8,0
506,28.8,548.8,0
506,29.1,548.8,0
506,29.4,548.8,0
505,29.7,548.8,0
505,30,548.8,0
505,30.3,548.8,0
505,30,548.8,0
506,29.8,548.8,0
506,29.5,548.8,0
506,29.3,548.8,0
506,29,548.8,0
507,28.7,548.8,0
507,28.5,548.8,0
507,28.2,548.8,0
508,28,548.8,0
508,27.7,548.8,0
508,27.3,548.8,0
509,26.8,548.8,0
509,26.3,548.8,0
510,25.9,548.8,0
510,25.5,548.8,0
510,25,548.8,0
511,24.6,548.8,0
511,24.1,548.8,0
512,23.7,548.8,0
512,23.2,548.8,0
512,23.2,548.8,0
512,23.3,548.8,0
511,23.4,548.8,0
511,23.4,548.8,0
511,23.5,548.8,0
511,23.5,548.8,0
511,23.5,548.8,0
510,23.6,548.8,0
510,23.7,548.8,0
510,23.7,548.8,0
510,23.9,548.8,0
509,24.1,548.8,0
509,24.3,548.8,0
509,24.5,548.8,0
508,24.7,548.8,0
508,24.9,548.8,0
508,25.1,548.8,0
508,25.3,548.8,0
507,25.5,548.8,0
507,25.7,548.8,0
507,26,548.8,0
507,26.3,548.8,0
507,26.5,548.8,0
507,26.8,548.8,0
506,27.1,548.8,0
506,27.4,548.8,0
506,27.7,548.8,0
506,27.9,548.8,0
506,28.2,548.8,0
506,28.5,548.8,0
506,28.7,548.8,0
506,28.9,548.8,0
505,29.1,548.8,0
505,29.3,548.8,0
505,29.5,548.8,0
505,29.6,548.8,0
505,29.8,548.8,0
504,30,548.8,0
504,30.2,548.8,0
504,30.4,548.8,0
504,30.2,548.8,0
504,30.1,548.8,0
505,29.9,548.8,0
505,29.7,548.8,0
505,29.6,548.8,0
505,29.4,548.8,0
505,29.2,548.8,0
506,29,548.8,0
506,28.9,548.8,0
506,28.7,548.8,0
506,29,548.8,0
505,29.3,548.8,0
505,29.6,548.8,0
504,29.9,548.8,0
504,30.2,548.8,0
504,30.4,548.8,0
503,30.7,548.8,0
503,31,548.8,0
502,31.3,548.8,0
502,31.6,548.7,0
502,31.9,548.7,0
501,32.3,548.7,0
501,32.7,548.7,0
501,33,548.7,0
500,33.4,548.7,0
500,33.7,548.7,0
500,34,548.7,0
500,34.4,548.7,0
499,34.8,548.7,0
499,35.1,548.7,0
499,34.9,548.7,0
500,34.6,548.7,0
500,34.4,548.7,0
500,34.1,548.7,0
500,33.9,548.7,0
501,33.7,548.7,0
501,33.4,548.7,0
501,33.2,548.7,0
502,32.9,548.7,0
502,32.7,548.7,0
503,32,548.7,0
504,31.3,548.7,0
504,30.6,548.7,0
505,29.9,548.7,0
506,29.2,548.7,0
507,28.4,548.7,0
508,27.7,548.7,0
508,27,548.7,0
509,26.3,548.7,0
510,25.6,548.7,0
510,25.4,548.7,0
510,25.3,548.8,0
510,25.1,548.8,0
510,25,548.8,0
510,24.8,548.8,0
509,24.6,548.8,0
509,24.5,548.8,0
509,24.3,548.8,0
509,24.2,548.8,0
509,24,548.8,0
509,24.1,548.8,0
509,24.2,548.8,0
509,24.2,548.8,0
509,24.3,548.8,0
509,24.4,548.8,0
509,24.5,548.8,0
509,24.6,548.8,0
509,24.6,548.8,0
509,24.7,548.8,0
509,24.8,548.8,0
509,24.3,548.8,0
510,23.8,548.8,0
511,23.2,548.8,0
511,22.7,548.8,0
512,22.2,548.8,0
512,21.7,548.8,0
512,21.2,548.8,0
513,20.6,548.8,0
514,20.1,548.8,0
514,19.6,548.8,0
514,19.7,548.8,0
514,19.9,548.8,0
514,20,548.8,0
514,20.2,548.8,0
514,20.3,548.8,0
513,20.4,548.8,0
513,20.6,548.8,0
513,20.7,548.8,0
513,20.9,548.8,0
513,21,548.8,0
513,20.6,548.8,0
514,20.3,548.8,0
514,19.9,548.8,0
514,19.6,548.8,0
514,19.2,548.8,0
515,18.8,548.8,0
515,18.5,548.8,0
515,18.1,548.8,0
516,17.8,548.8,0
516,17.4,548.8,0
516,17.3,548.8,0
516,17.3,548.8,0
516,17.2,548.8,0
516,17.1,548.8,0
516,17.1,548.8,0
516,17,548.8,0
516,16.9,548.8,0
516,16.8,548.8,0
516,16.8,548.8,0
516,16.7,548.8,0
515,17.2,548.8,0
515,17.7,548.8,0
514,18.2,548.8,0
514,18.7,548.8,0
513,19.2,548.8,0
512,19.7,548.8,0
512,20.2,548.8,0
511,20.7,548.8,0
511,21.2,548.8,0
510,21.7,548.8,0
509,22.3,548.8,0
509,23,548.8,0
508,23.7,548.8,0
507,24.3,548.8,0
506,25,548.8,0
506,25.6,548.8,0
505,26.2,548.8,0
504,26.9,548.8,0
504,27.6,548.8,0
503,28.2,548.8,0
503,28.9,548.8,0
502,29.5,548.8,0
502,30.2,548.8,0
502,30.8,548.8,0
502,31.5,548.8,0
501,32.1,548.8,0
501,32.7,548.8,0
501,33.4,548.8,0
500,34.1,548.8,0
500,34.7,548.8,0
502,33.3,548.8,0
503,31.9,548.8,0
505,30.5,548.8,0
506,29.1,548.8,0
508,27.7,548.8,0
510,26.3,548.8,0
511,24.9,548.8,0
513,23.5,548.8,0
514,22.1,548.8,0
516,20.7,548.8,0
517,19.7,548.8,0
517,18.6,548.8,0
518,17.6,548.8,0
519,16.5,548.8,0
520,15.5,548.8,0
520,14.5,548.8,0
521,13.4,548.8,0
522,12.4,548.8,0
522,11.3,548.8,0
523,10.3,548.8,0
522,10.6,548.8,0
522,11,548.8,0
521,11.3,548.8,0
520,11.7,548.8,0
520,12,548.8,0
519,12.3,548.8,0
518,12.7,548.8,0
517,13,548.8,0
517,13.4,548.8,0
516,13.7,548.8,0
515,14.8,548.8,0
513,15.9,548.8,0
512,17,548.8,0
510,18.1,548.8,0
509,19.2,548.8,0
508,20.4,548.8,0
506,21.5,548.8,0
505,22.6,548.8,0
503,23.7,548.8,0
502,24.8,548.8,0
501,26.2,548.8,0
500,27.7,548.8,0
498,29.1,548.8,0
497,30.6,548.8,0
496,32,548.8,0
495,33.4,548.8,0
494,34.9,548.8,0
492,36.3,548.8,0
491,37.8,548.8,0
490,39.2,548.8,0
491,39.1,548.8,0
492,39.1,548.8,0
492,39,548.8,0
493,39,548.8,0
494,38.9,548.8,0
495,38.8,548.8,0
496,38.8,548.8,0
496,38.7,548.8,0
497,38.7,548.8,0
498,38.6,548.8,0
499,37.3,548.8,0
501,36,548.8,0
502,34.7,548.8,0
504,33.4,548.8,0
505,32,548.8,0
506,30.7,548.8,0
508,29.4,548.8,0
509,28.1,548.8,0
511,26.8,548.8,0
512,25.5,548.8,0
512,24.6,548.8,0
513,23.7,548.8,0
513,22.8,548.8,0
514,21.9,548.8,0
514,21.1,548.8,0
514,20.2,548.8,0
515,19.3,548.8,0
515,18.4,548.8,0
516,17.5,548.8,0
516,16.6,548.8,0
515,17,548.8,0
514,17.5,548.8,0
514,17.9,548.8,0
513,18.3,548.8,0
512,18.8,548.8,0
511,19.2,548.8,0
510,19.6,548.8,0
510,20,548.8,0
509,20.5,548.8,0
508,20.9,548.8,0
506,22.2,548.8,0
505,23.6,548.8,0
503,24.9,548.8,0
502,26.2,548.8,0
500,27.6,548.8,0
499,28.9,548.8,0
498,30.2,548.8,0
496,31.5,548.8,0
494,32.9,548.8,0
493,34.2,548.8,0
493,34.7,548.8,0
492,35.2,548.8,0
492,35.8,548.8,0
492,36.3,548.8,0
492,36.8,548.8,0
491,37.3,548.8,0
491,37.8,548.8,0
491,38.4,548.8,0
490,38.9,548.8,0
490,39.4,548.8,0
490,39.3,548.8,0
490,39.3,548.8,0
490,39.2,548.8,0
490,39.2,548.8,0
490,39.1,548.8,0
491,39,548.8,0
491,39,548.8,0
491,38.9,548.8,0
491,38.9,548.8,0
491,38.8,548.8,0
491,39.3,548.8,0
490,39.9,548.8,0
489,40.5,548.8,0
489,41,548.8,0
488,41.6,548.8,0
488,42.1,548.8,0
488,42.6,548.8,0
487,43.2,548.8,0
486,43.8,548.8,0
486,44.3,548.8,0
487,43.7,548.8,0
488,43.1,548.8,0
489,42.6,548.8,0
490,42,548.8,0
491,41.4,548.8,0
492,40.8,548.8,0
493,40.2,548.8,0
494,39.7,548.8,0
495,39.1,548.8,0
496,38.5,548.8,0
497,37.7,548.8,0
497,36.9,548.8,0
498,36.1,548.8,0
499,35.3,548.8,0
500,34.5,548.8,0
500,33.6,548.8,0
501,32.8,548.8,0
502,32,548.8,0
502,31.2,548.8,0
503,30.4,548.8,0
502,30.4,548.8,0
501,30.4,548.8,0
501,30.4,548.8,0
500,30.4,548.8,0
499,30.4,548.8,0
498,30.4,548.8,0
497,30.4,548.8,0
497,30.4,548.8,0
496,30.4,548.8,0
495,30.4,548.8,0
493,32.1,548.8,0
491,33.8,548.8,0
489,35.5,548.8,0
487,37.2,548.8,0
485,39,548.8,0
483,40.7,548.8,0
481,42.4,548.8,0
479,44.1,548.8,0
477,45.8,548.8,0
475,47.5,548.8,0
476,47.3,548.8,0
478,47,548.8,0
480,46.7,548.8,0
481,46.5,548.8,0
482,46.2,548.8,0
484,46,548.8,0
485,45.8,548.8,0
487,45.5,548.8,0
489,45.2,548.8,0
490,45,548.8,0
492,43.1,548.8,0
494,41.2,548.8,0
496,39.3,548.8,0
498,37.4,548.8,0
500,35.5,548.8,0
503,33.7,548.8,0
505,31.8,548.8,0
507,29.9,548.8,0
509,28,548.8,0
511,26.1,548.8,0
512,24.3,548.8,0
513,22.6,548.8,0
514,20.8,548.8,0
515,19.1,548.8,0
516,17.4,548.8,0
518,15.6,548.8,0
519,13.9,548.8,0
520,12.1,548.8,0
521,10.3,548.8,0
522,8.6,548.8,0
522,7.8,548.8,0
523,6.9,548.8,0
523,6.1,548.8,0
524,5.2,548.8,0
524,4.4,548.8,0
525,3.6,548.8,0
526,2.7,548.8,0
526,1.9,548.8,0
527,1,548.8,0
527,0.2,548.8,0
527,0.5,548.8,0
527,0.8,548.8,0
526,1.1,548.8,0
526,1.4,548.8,0
526,1.7,548.8,0
526,2,548.8,0
526,2.3,548.8,0
525,2.6,548.8,0
525,2.9,548.8,0
525,3.2,548.8,0
525,3,548.8,0
526,2.7,548.8,0
526,2.5,548.8,0
526,2.3,548.8,0
526,2.1,548.8,0
527,1.8,548.8,0
527,1.6,548.8,0
527,1.4,548.8,0
528,1.1,548.8,0
528,0.9,548.8,0
528,0.9,548.8,0
528,1,548.8,0
528,1,548.8,0
528,1,548.8,0
528,1.1,548.8,0
527,1.1,548.8,0
527,1.1,548.8,0
527,1.1,548.8,0
527,1.2,548.8,0
527,1.2,548.8,0
527,1.3,548.8,0
527,1.3,548.8,0
527,1.4,548.8,0
527,1.5,548.8,0
527,1.6,548.8,0
527,1.6,548.8,0
527,1.7,548.8,0
527,1.8,548.8,0
527,1.8,548.8,0
527,1.9,548.8,0
527,1.9,548.8,0
527,2,548.8,0
527,2,548.8,0
527,2.1,548.8,0
527,2.2,548.8,0
527,2.2,548.8,0
527,2.3,548.8,0
527,2.3,548.8,0
527,2.4,548.8,0
527,2.4,548.8,0
527,2.4,548.8,0
527,2.3,548.8,0
527,2.3,548.8,0
527,2.2,548.8,0
527,2.2,548.8,0
527,2.2,548.8,0
527,2.1,548.8,0
527,2.1,548.8,0
527,2,548.8,0
527,2,548.8,0
527,1.9,548.8,0
527,1.8,548.8,0
527,1.7,548.8,0
527,1.6,548.8,0
528,1.4,548.8,0
528,1.3,548.8,0
528,1.2,548.8,0
528,1.1,548.8,0
528,1,548.8,0
528,0.9,548.8,0
528,0.9,548.8,0
528,1,548.8,0
528,1,548.8,0
528,1,548.8,0
528,1.1,548.8,0
528,1.1,548.8,0
528,1.1,548.8,0
528,1.1,548.8,0
528,1.2,548.8,0
528,1.2,548.8,0
528,1.2,548.8,0
528,1.2,548.8,0
528,1.2,548.8,0
528,1.2,548.8,0
528,1.2,548.8,0
528,1.3,548.8,0
528,1.3,548.8,0
528,1.3,548.8,0
528,1.3,548.8,0
528,1.3,548.8,0
528,1.4,548.8,0
528,1.4,548.8,0
528,1.5,548.8,0
528,1.6,548.8,0
528,1.6,548.8,0
528,1.7,548.8,0
528,1.8,548.8,0
528,1.9,548.8,0
528,1.9,548.8,0
528,2,548.8,0
528,2.3,548.8,0
527,2.7,548.8,0
527,3.1,548.8,0
526,3.4,548.8,0
526,3.8,548.8,0
526,4.1,548.8,0
525,4.4,548.8,0
525,4.8,548.8,0
524,5.1,548.8,0
524,5.5,548.8,0
524,5.8,548.8,0
524,6.1,548.8,0
524,6.4,548.8,0
524,6.7,548.8,0
524,7,548.8,0
523,7.4,548.8,0
523,7.7,548.8,0
523,8,548.8,0
523,8.3,548.8,0
523,8.6,548.8,0
523,8.9,548.8,0
522,9.3,548.8,0
522,9.6,548.8,0
521,9.9,548.8,0
521,10.2,548.8,0
521,10.6,548.8,0
520,10.9,548.8,0
520,11.2,548.8,0
519,11.6,548.8,0
519,11.9,548.8,0
519,12.2,548.8,0
519,12.5,548.8,0
518,12.8,548.8,0
518,13.1,548.8,0
518,13.4,548.8,0
518,13.7,548.8,0
518,14,548.8,0
517,14.3,548.8,0
517,14.6,548.8,0
517,14.9,548.8,0
517,15.3,548.8,0
516,15.6,548.8,0
516,16,548.8,0
516,16.3,548.8,0
516,16.7,548.8,0
515,17.1,548.8,0
515,17.4,548.8,0
515,17.8,548.8,0
514,18.1,548.8,0
514,18.5,548.8,0
514,18.8,548.8,0
514,19.1,548.8,0
513,19.4,548.8,0
513,19.7,548.8,0
513,20,548.8,0
513,20.2,548.8,0
513,20.5,548.8,0
512,20.8,548.8,0
512,21.1,548.8,0
512,21.4,548.8,0
512,21,548.8,0
513,20.6,548.8,0
514,20.1,548.8,0
514,19.7,548.8,0
514,19.3,548.8,0
515,18.9,548.8,0
515,18.5,548.8,0
516,18,548.8,0
517,17.6,548.8,0
517,17.2,548.8,0
517,17,548.8,0
517,16.7,548.8,0
517,16.5,548.8,0
517,16.3,548.8,0
517,16.1,548.8,0
517,15.8,548.8,0
517,15.6,548.8,0
517,15.4,548.8,0
517,15.1,548.8,0
517,14.9,548.8,0
517,15,548.8,0
517,15.1,548.8,0
517,15.3,548.8,0
517,15.4,548.8,0
517,15.5,548.8,0
517,15.6,548.8,0
517,15.7,548.8,0
517,15.9,548.8,0
517,16,548.8,0
517,16.1,548.8,0
517,15.9,548.8,0
517,15.7,548.8,0
517,15.5,548.8,0
517,15.3,548.8,0
518,15.1,548.8,0
518,14.8,548.8,0
518,14.6,548.8,0
518,14.4,548.8,0
518,14.2,548.8,0
518,14,548.8,0
518,13.9,548.8,0
518,13.7,548.8,0
519,13.6,548.8,0
519,13.4,548.8,0
519,13.3,548.8,0
519,13.2,548.8,0
519,13,548.8,0
520,12.9,548.8,0
520,12.7,548.8,0
520,12.6,548.8,0
520,12.7,548.8,0
520,12.9,548.8,0
519,13.1,548.8,0
519,13.2,548.8,0
519,13.4,548.8,0
519,13.5,548.8,0
519,13.6,548.8,0
518,13.8,548.8,0
518,14,548.8,0
518,14.1,548.8,0
518,14.2,548.8,0
518,14.4,548.8,0
518,14.6,548.8,0
518,14.7,548.8,0
518,14.9,548.8,0
517,15,548.8,0
517,15.1,548.8,0
517,15.3,548.8,0
517,15.5,548.8,0
517,15.6,548.8,0
517,15.4,548.8,0
517,15.2,548.8,0
517,15,548.8,0
517,14.8,548.8,0
518,14.7,548.8,0
518,14.5,548.8,0
518,14.3,548.8,0
518,14.1,548.8,0
518,13.9,548.8,0
518,13.7,548.8,0
518,13.6,548.8,0
518,13.5,548.8,0
518,13.5,548.8,0
518,13.4,548.8,0
518,13.3,548.8,0
518,13.2,548.8,0
518,13.1,548.8,0
518,13.1,548.8,0
518,13,548.8,0
518,12.9,548.8,0
518,13.2,548.8,0
518,13.6,548.8,0
518,13.9,548.8,0
518,14.2,548.8,0
518,14.6,548.8,0
517,14.9,548.8,0
517,15.2,548.8,0
517,15.5,548.8,0
517,15.9,548.8,0
517,16.2,548.8,0
517,16,548.8,0
517,15.7,548.8,0
518,15.4,548.8,0
518,15.2,548.8,0
518,14.9,548.8,0
518,14.7,548.8,0
518,14.5,548.8,0
519,14.2,548.8,0
519,13.9,548.8,0
519,13.7,548.8,0
519,13.6,548.8,0
519,13.4,548.8,0
519,13.3,548.8,0
519,13.2,548.8,0
520,13.1,548.8,0
520,12.9,548.8,0
520,12.8,548.8,0
520,12.7,548.8,0
520,12.5,548.8,0
520,12.4,548.8,0
520,12.5,548.8,0
520,12.6,548.8,0
520,12.7,548.8,0
520,12.8,548.8,0
520,12.9,548.8,0
519,13.1,548.8,0
519,13.2,548.8,0
519,13.3,548.8,0
519,13.4,548.8,0
519,13.5,548.8,0
519,13.5,548.8,0
519,13.6,548.8,0
519,13.6,548.8,0
519,13.6,548.8,0
519,13.7,548.8,0
519,13.7,548.8,0
519,13.7,548.8,0
519,13.7,548.8,0
519,13.8,548.8,0
519,13.8,548.8,0
519,13.8,548.8,0
519,13.7,548.8,0
519,13.6,548.8,0
519,13.6,548.8,0
519,13.6,548.8,0
519,13.5,548.8,0
519,13.5,548.8,0
519,13.4,548.8,0
519,13.4,548.8,0
519,13.3,548.8,0
519,13.3,548.8,0
519,13.2,548.8,0
519,13.1,548.8,0
519,13.1,548.8,0
519,13.1,548.8,0
519,13,548.8,0
519,13,548.8,0
519,12.9,548.8,0
519,12.8,548.8,0
519,12.8,548.8,0
519,12.6,548.8,0
519,12.5,548.8,0
519,12.3,548.8,0
519,12.2,548.8,0
520,12,548.8,0
520,11.8,548.8,0
520,11.7,548.8,0
520,11.5,548.8,0
520,11.4,548.8,0
520,11.2,548.8,0
520,11.6,548.8,0
519,12.1,548.8,0
519,12.5,548.8,0
519,13,548.8,0
518,13.4,548.8,0
518,13.8,548.8,0
518,14.3,548.8,0
518,14.7,548.8,0
517,15.2,548.8,0
517,15.6,548.8,0
517,15.4,548.8,0
517,15.3,548.8,0
517,15.1,548.8,0
517,15,548.8,0
518,14.8,548.8,0
518,14.6,548.7,0
518,14.5,548.7,0
518,14.3,548.7,0
518,14.2,548.7,0
518,14,548.7,0
518,13.7,548.7,0
519,13.5,548.7,0
519,13.2,548.7,0
519,12.9,548.7,0
520,12.7,548.7,0
520,12.4,548.7,0
520,12.1,548.7,0
520,11.8,548.7,0
521,11.6,548.7,0
521,11.3,548.7,0
521,11.8,548.7,0
520,12.4,548.7,0
519,12.9,548.7,0
519,13.5,548.7,0
518,14,548.7,0
518,14.5,548.7,0
518,15.1,548.7,0
517,15.6,548.7,0
516,16.2,548.7,0
516,16.7,548.7,0
516,16.7,548.7,0
516,16.6,548.7,0
516,16.5,548.7,0
516,16.5,548.6,0
516,16.4,548.6,0
516,16.4,548.6,0
516,16.4,548.6,0
516,16.3,548.5,0
516,16.2,548.5,0
516,16.2,548.5,0
516,15.9,548.5,0
517,15.5,548.2,0
517,15.2,548.2,0
517,14.9,548.2,0
518,14.6,548.2,0
518,14.2,548.4,0
518,13.9,548.4,0
518,13.6,548.4,0
519,13.2,548.4,0
519,12.9,548.4,0
518,13.6,548.4,0
518,14.2,548.4,0
517,14.9,548.4,0
517,15.6,548.1,0
516,16.2,548.1,0
515,16.9,548.1,0
515,17.6,548.1,0
514,18.3,548.3,0
514,18.9,548.3,0
513,19.6,548.3,0
513,19.6,548.3,0
513,19.7,548.3,0
513,19.7,548.3,0
513,19.7,548.3,0
513,19.8,548.3,0
513,19.8,548.1,0
513,19.8,548.1,0
513,19.8,548.1,0
513,19.9,548.1,0
513,19.9,548.4,0
513,19.4,548.4,0
514,18.9,548.4,0
515,18.5,548.4,0
515,18,548.5,0
516,17.5,548.5,0
516,17,548.5,0
516,16.5,548.5,0
517,16.1,548.5,0
518,15.6,548.5,0
518,15.1,548.5,0
517,15.8,548.5,0
516,16.6,548.5,0
515,17.3,548.5,0
514,18.1,548.5,0
513,18.8,548.5,0
512,19.5,548.5,0
511,20.3,548.5,0
510,21,548.5,0
509,21.8,548.5,0
508,22.5,548.5,0
508,22.6,548.5,0
509,22.7,548.5,0
509,22.8,548.5,0
509,22.9,548.6,0
510,23,548.6,0
510,23,548.6,0
510,23.1,548.6,0
510,23.2,548.5,0
511,23.3,548.5,0
511,23.4,548.5,0
512,22.5,548.5,0
513,21.5,548.5,0
513,20.6,548.5,0
514,19.6,548.5,0
515,18.7,548.5,0
516,17.8,548.5,0
517,16.8,548.5,0
517,15.9,548.5,0
518,14.9,548.5,0
519,14,548.5,0
518,14.8,548.5,0
517,15.7,548.5,0
516,16.6,548.5,0
515,17.4,548.4,0
514,18.2,548.4,0
513,19.1,548.4,0
512,19.9,548.4,0
511,20.8,548.3,0
510,21.6,548.3,0
509,22.5,548.3,0
509,22.3,548.3,0
510,22.2,548.2,0
510,22,548.2,0
511,21.9,548.2,0
511,21.7,548.2,0
511,21.5,548.2,0
512,21.4,548.2,0
512,21.2,548.2,0
513,21.1,548.2,0
513,20.9,548.2,0
513,20.4,548.2,0
514,19.9,548.2,0
515,19.3,548.2,0
515,18.8,548.2,0
516,18.3,548.2,0
516,17.8,548.2,0
516,17.3,548.2,0
517,16.7,548.2,0
518,16.2,548.2,0
518,15.7,548.2,0
518,15.7,548.2,0
518,15.8,548.3,0
517,15.8,548.3,0
517,15.8,548.3,0
517,15.9,548.3,0
517,15.9,548.3,0
517,15.9,548.3,0
516,15.9,548.3,0
516,16,548.3,0
516,16,548.3,0
516,16.5,548.3,0
515,16.9,548.3,0
515,17.4,548.3,0
514,17.8,548.4,0
514,18.3,548.4,0
514,18.8,548.4,0
513,19.2,548.4,0
513,19.7,548.4,0
512,20.1,548.4,0
512,20.6,548.4,0
513,20.2,548.4,0
513,19.7,548.4,0
514,19.3,548.4,0
515,18.9,548.4,0
516,18.5,548.4,0
516,18,548.4,0
517,17.6,548.4,0
518,17.2,548.4,0
518,16.7,548.4,0
519,16.3,548.4,0
520,15.4,548.4,0
520,14.5,548.4,0
521,13.7,548.4,0
521,12.8,548.4,0
522,11.9,548.4,0
523,11,548.4,0
523,10.1,548.4,0
524,9.3,548.4,0
524,8.4,548.4,0
525,7.5,548.4,0
525,7.3,548.4,0
525,7.1,548.4,0
525,6.8,548.4,0
525,6.6,548.4,0
526,6.4,548.4,0
526,6.2,548.4,0
526,6,548.4,0
526,5.7,548.4,0
526,5.5,548.4,0
526,5.3,548.3,0
526,5.2,548.3,0
526,5.2,548.3,0
526,5.1,548.3,0
526,5,548.2,0
526,5,548.2,0
526,4.9,548.2,0
526,4.8,548.2,0
526,4.7,548.1,0
526,4.7,548.1,0
526,4.6,548.1,0
526,4.3,548.1,0
526,4.1,548.2,0
526,3.8,548.2,0
526,3.6,548.2,0
526,3.3,548.2,0
527,3,548.2,0
527,2.8,548.2,0
527,2.5,548.2,0
527,2.3,548.2,0
527,2,548.1,0
527,1.8,548.1,0
527,1.6,548.1,0
528,1.4,548.1,0
528,1.2,548.1,0
528,1,548.1,0
528,0.8,548.1,0
528,0.6,548.1,0
529,0.4,548.1,0
529,0.2,548.1,0
529,0,548.1,0
529,0,548.1,0
529,0,548.2,0
529,0,548.2,0
529,0,548.2,0
530,0,548.2,0
530,0,548.4,0
530,0,548.4,0
530,0,548.4,0
530,0,548.4,0
530,0,548.4,0
530,0,548.4,0
530,0.1,548.4,0
530,0.1,548.4,0
530,0.1,548.4,0
530,0.2,548.4,0
529,0.2,548.4,0
529,0.2,548.4,0
529,0.2,548.4,0
529,0.3,548.4,0
529,0.3,548.4,0
529,0.4,548.4,0
529,0.5,548.4,0
529,0.5,548.4,0
529,0.6,548.4,0
529,0.7,548.4,0
529,0.8,548.5,0
529,0.9,548.5,0
529,0.9,548.5,0
529,1,548.5,0
529,1.1,548.4,0
529,1.1,548.4,0
529,1,548.4,0
529,1,548.4,0
529,0.9,548.4,0
529,0.9,548.4,0
529,0.9,548.4,0
529,0.8,548.4,0
529,0.8,548.3,0
529,0.7,548.3,0
529,0.7,548.3,0
529,0.7,548.3,0
529,0.7,548.3,0
529,0.7,548.3,0
529,0.7,548.3,0
529,0.7,548.3,0
529,0.7,548.5,0
529,0.7,548.5,0
529,0.7,548.5,0
529,0.7,548.5,0
529,0.7,548.7,0
529,0.7,548.7,0
529,0.7,548.7,0
529,0.8,548.7,0
529,0.8,548.7,0
529,0.8,548.7,0
529,0.8,548.7,0
529,0.8,548.7,0
529,0.9,548.7,0
529,0.9,548.7,0
529,0.9,548.7,0
529,1.1,548.7,0
529,1.3,548.7,0
529,1.4,548.7,0
529,1.6,548.7,0
528,1.8,548.7,0
528,2,548.7,0
528,2.2,548.7,0
528,2.3,548.7,0
528,2.5,548.7,0
528,2.7,548.7,0
528,2.9,548.7,0
528,3,548.7,0
528,3.2,548.7,0
528,3.4,548.7,0
528,3.6,548.7,0
527,3.7,548.7,0
527,3.9,548.7,0
527,4.1,548.7,0
527,4.2,548.7,0
527,4.4,548.7,0
527,4.6,548.7,0
527,4.7,548.7,0
526,4.9,548.7,0
526,5,548.7,0
526,5.2,548.7,0
526,5.4,548.7,0
526,5.5,548.7,0
525,5.7,548.7,0
525,5.8,548.7,0
525,6,548.7,0
525,6.1,548.7,0
525,6.3,548.7,0
525,6.4,548.7,0
525,6.6,548.7,0
525,6.7,548.7,0
525,6.8,548.7,0
525,7,548.7,0
525,7.1,548.7,0
525,7.3,548.7,0
525,7.4,548.7,0
525,7.7,548.7,0
524,8,548.7,0
524,8.3,548.7,0
524,8.6,548.7,0
524,8.9,548.7,0
523,9.1,548.7,0
523,9.4,548.7,0
523,9.7,548.7,0
522,10,548.7,0
522,10.3,548.7,0
522,10.3,548.7,0
522,10.4,548.7,0
522,10.4,548.7,0
522,10.4,548.7,0
522,10.5,548.7,0
523,10.5,548.7,0
523,10.5,548.7,0
523,10.5,548.7,0
523,10.6,548.7,0
523,10.6,548.7,0
523,10,548.7,0
524,9.4,548.7,0
524,8.8,548.7,0
525,8.2,548.7,0
525,7.6,548.7,0
525,6.9,548.7,0
526,6.3,548.7,0
526,5.7,548.7,0
527,5.1,548.7,0
527,4.5,548.7,0
527,4.3,548.7,0
527,4.1,548.7,0
528,4,548.7,0
528,3.8,548.7,0
528,3.6,548.7,0
528,3.4,548.7,0
528,3.2,548.7,0
529,3.1,548.7,0
529,2.9,548.7,0
529,2.7,548.7,0
529,2.6,548.7,0
529,2.5,548.7,0
529,2.5,548.7,0
529,2.4,548.7,0
529,2.3,548.7,0
529,2.2,548.7,0
529,2.1,548.7,0
529,2.1,548.7,0
529,2,548.7,0
529,1.9,548.7,0
529,2,548.7,0
529,2,548.7,0
529,2.1,548.7,0
529,2.1,548.7,0
528,2.2,548.7,0
528,2.3,548.7,0
528,2.3,548.7,0
528,2.4,548.7,0
528,2.4,548.7,0
528,2.5,548.7,0
528,2.7,548.7,0
528,3,548.7,0
527,3.2,548.7,0
527,3.5,548.7,0
527,3.7,548.7,0
527,3.9,548.7,0
527,4.2,548.7,0
526,4.4,548.7,0
526,4.7,548.7,0
526,4.9,548.7,0
526,5.2,548.7,0
526,5.6,548.7,0
525,5.9,548.7,0
525,6.2,548.7,0
525,6.6,548.7,0
525,6.9,548.7,0
525,7.2,548.7,0
524,7.5,548.7,0
524,7.9,548.7,0
524,8.2,548.7,0
524,8.4,548.7,0
524,8.6,548.7,0
523,8.8,548.7,0
523,9,548.7,0
523,9.2,548.7,0
523,9.5,548.7,0
523,9.7,548.7,0
522,9.9,548.7,0
522,10.1,548.7,0
522,10.3,548.7,0
522,10.5,548.7,0
522,10.8,548.7,0
522,11,548.7,0
522,11.2,548.7,0
522,11.5,548.7,0
521,11.7,548.7,0
521,11.9,548.7,0
521,12.1,548.7,0
521,12.4,548.7,0
521,12.6,548.7,0
521,12.6,548.7,0
521,12.7,548.7,0
521,12.8,548.7,0
521,12.8,548.7,0
520,12.9,548.7,0
520,12.9,548.7,0
520,12.9,548.7,0
520,13,548.7,0
520,13.1,548.7,0
520,13.1,548.7,0
520,13,548.7,0
520,12.8,548.7,0
521,12.7,548.7,0
521,12.6,548.7,0
521,12.5,548.7,0
521,12.3,548.7,0
521,12.2,548.7,0
522,12.1,548.7,0
522,11.9,548.7,0
522,11.8,548.7,0
522,11.7,548.7,0
522,11.6,548.7,0
522,11.5,548.7,0
522,11.4,548.7,0
522,11.3,548.7,0
523,11.2,548.7,0
523,11.1,548.7,0
523,11,548.7,0
523,10.9,548.7,0
523,10.8,548.7,0
523,10.7,548.7,0
523,10.7,548.7,0
523,10.6,548.7,0
523,10.5,548.7,0
523,10.5,548.7,0
523,10.4,548.7,0
523,10.3,548.7,0
523,10.2,548.7,0
523,10.2,548.7,0
523,10.1,548.7,0
523,10,548.7,0
523,9.9,548.7,0
523,9.9,548.7,0
523,9.8,548.7,0
523,9.7,548.7,0
523,9.6,548.7,0
523,9.5,548.7,0
523,9.5,548.7,0
523,9.4,548.7,0
523,9.3,548.7,0
523,9.6,548.7,0
523,9.8,548.7,0
522,10.1,548.7,0
522,10.4,548.7,0
522,10.7,548.7,0
522,10.9,548.7,0
522,11.2,548.7,0
521,11.5,548.7,0
521,11.7,548.7,0
521,12,548.7,0
521,12.1,548.7,0
521,12.2,548.7,0
520,12.4,548.7,0
520,12.5,548.7,0
520,12.6,548.7,0
520,12.7,548.7,0
520,12.8,548.7,0
519,13,548.7,0
519,13.1,548.7,0
519,13.2,548.7,0
519,13.5,548.7,0
519,13.7,548.7,0
518,14,548.7,0
518,14.3,548.7,0
518,14.6,548.7,0
518,14.8,548.7,0
518,15.1,548.7,0
517,15.4,548.7,0
517,15.6,548.7,0
517,15.9,548.7,0
517,16.5,548.7,0
516,17.1,548.7,0
516,17.7,548.7,0
515,18.3,548.7,0
514,18.9,548.7,0
514,19.4,548.7,0
513,20,548.7,0
513,20.6,548.7,0
512,21.2,548.7,0
512,21.8,548.7,0
512,21.8,548.7,0
512,21.8,548.7,0
512,21.9,548.7,0
512,21.9,548.7,0
512,21.9,548.7,0
513,21.9,548.7,0
513,21.9,548.7,0
513,22,548.7,0
513,22,548.7,0
513,22,548.7,0
513,22,548.7,0
513,22,548.7,0
512,22,548.7,0
512,22,548.7,0
512,22,548.7,0
512,22,548.7,0
512,22,548.7,0
511,22,548.7,0
511,22,548.7,0
511,22,548.7,0
510,22.8,548.7,0
509,23.7,548.7,0
509,24.6,548.7,0
508,25.4,548.7,0
507,26.2,548.7,0
506,27.1,548.7,0
505,27.9,548.7,0
505,28.8,548.7,0
504,29.7,548.7,0
503,30.5,548.7,0
503,30.9,548.7,0
503,31.3,548.7,0
502,31.6,548.7,0
502,32,548.7,0
502,32.4,548.7,0
502,32.8,548.7,0
502,33.2,548.7,0
501,33.5,548.7,0
501,33.9,548.7,0
501,34.3,548.7,0
501,33.9,548.7,0
502,33.5,548.7,0
502,33.1,548.7,0
503,32.7,548.7,0
503,32.2,548.7,0
503,31.8,548.7,0
504,31.4,548.7,0
504,31,548.7,0
505,30.6,548.7,0
505,30.2,548.7,0
505,30.1,548.7,0
505,30,548.7,0
505,30,548.7,0
505,29.9,548.7,0
504,29.8,548.7,0
504,29.7,548.7,0
504,29.6,548.7,0
504,29.6,548.7,0
504,29.5,548.7,0
504,29.4,548.7,0
503,30,548.7,0
502,30.7,548.7,0
502,31.4,548.7,0
501,32,548.7,0
500,32.6,548.7,0
499,33.3,548.7,0
498,33.9,548.7,0
498,34.6,548.7,0
497,35.3,548.7,0
496,35.9,548.7,0
496,36.3,548.7,0
495,36.8,548.7,0
495,37.3,548.7,0
495,37.7,548.7,0
494,38.2,548.7,0
494,38.6,548.7,0
494,39,548.7,0
494,39.5,548.7,0
493,40,548.7,0
493,40.4,548.7,0
493,40.3,548.7,0
494,40.1,548.7,0
494,40,548.7,0
494,39.8,548.7,0
494,39.7,548.7,0
495,39.6,548.7,0
495,39.4,548.7,0
495,39.3,548.7,0
496,39.1,548.7,0
496,39,548.7,0
496,38.6,548.7,0
497,38.2,548.7,0
497,37.8,548.7,0
497,37.4,548.7,0
498,37,548.7,0
498,36.5,548.7,0
498,36.1,548.7,0
498,35.7,548.7,0
499,35.3,548.7,0
499,34.9,548.7,0
499,34.9,548.7,0
498,35,548.7,0
497,35,548.7,0
497,35.1,548.7,0
496,35.1,548.7,0
496,35.1,548.7,0
496,35.2,548.7,0
495,35.2,548.7,0
495,35.3,548.7,0
494,35.3,548.7,0
494,35.7,548.7,0
493,36.1,548.8,0
493,36.5,548.8,0
493,36.9,548.8,0
492,37.2,548.8,0
492,37.6,548.7,0
492,38,548.7,0
492,38.4,548.7,0
491,38.8,548.7,0
491,39.2,548.8,0
491,39.6,548.8,0
490,40,548.8,0
490,40.3,548.8,0
489,40.7,548.7,0
489,41.1,548.7,0
489,41.5,548.7,0
488,41.9,548.7,0
488,42.2,548.7,0
487,42.6,548.7,0
487,43,548.7,0
487,43.1,548.7,0
487,43.3,548.8,0
487,43.4,548.8,0
487,43.6,548.8,0
486,43.7,548.8,0
486,43.8,548.7,0
486,44,548.7,0
486,44.1,548.7,0
486,44.3,548.7,0
486,44.4,548.8,0
485,44.7,548.8,0
485,45.1,548.8,0
484,45.4,548.8,0
484,45.8,548.7,0
483,46.1,548.7,0
482,46.4,548.7,0
482,46.8,548.7,0
481,47.1,548.8,0
481,47.5,548.8,0
480,47.8,548.8,0
481,47.3,548.8,0
481,46.9,548.8,0
482,46.4,548.8,0
482,46,548.8,0
483,45.5,548.8,0
484,45,548.8,0
484,44.6,548.8,0
485,44.1,548.8,0
485,43.7,548.8,0
486,43.2,548.8,0
486,42.8,548.8,0
486,42.3,548.8,0
486,41.9,548.8,0
486,41.5,548.7,0
486,41.1,548.7,0
486,40.6,548.7,0
486,40.2,548.7,0
486,39.8,548.7,0
486,39.3,548.7,0
486,38.9,548.7,0
484,40.5,548.7,0
482,42.2,548.8,0
480,43.8,548.8,0
478,45.4,548.8,0
476,47.1,548.8,0
474,48.7,548.8,0
472,50.3,548.8,0
470,51.9,548.8,0
468,53.6,548.8,0
466,55.2,548.8,0
468,55,548.8,0
469,54.8,548.8,0
471,54.6,548.8,0
472,54.4,548.8,0
474,54.2,548.8,0
476,53.9,548.8,0
477,53.7,548.8,0
479,53.5,548.8,0
480,53.3,548.8,0
482,53.1,548.8,0
483,51.6,548.8,0
484,50.1,548.8,0
485,48.5,548.8,0
486,47,548.8,0
486,45.5,548.8,0
487,44,548.8,0
488,42.5,548.8,0
489,40.9,548.8,0
490,39.4,548.8,0
491,37.9,548.8,0
489,38.8,548.8,0
488,39.6,548.8,0
486,40.5,548.8,0
484,41.3,548.8,0
482,42.2,548.8,0
481,43.1,548.8,0
479,43.9,548.8,0
477,44.8,548.8,0
476,45.6,548.8,0
474,46.5,548.8,0
478,42.8,548.8,0
483,39,548.8,0
487,35.2,548.8,0
491,31.5,548.8,0
496,27.8,548.8,0
500,24,548.8,0
504,20.3,548.8,0
508,16.5,548.8,0
513,12.7,548.8,0
517,9,548.8,0
518,8.1,548.8,0
519,7.2,548.8,0
520,6.3,548.8,0
521,5.4,548.8,0
522,4.5,548.8,0
522,3.5,548.8,0
523,2.6,548.8,0
524,1.7,548.8,0
525,0.8,548.8,0
526,-0.1,548.8,0
526,-0.2,548.8,0
526,-0.4,548.8,0
526,-0.5,548.8,0
526,-0.6,548.8,0
526,-0.8,548.8,0
527,-0.9,548.8,0
527,-1,548.8,0
527,-1.1,548.8,0
527,-1.3,548.8,0
527,-1.4,548.8,0
527,-1.2,548.8,0
527,-1,548.8,0
527,-0.8,548.8,0
527,-0.6,548.8,0
526,-0.5,548.8,0
526,-0.3,548.8,0
526,-0.1,548.8,0
526,0.1,548.8,0
526,0.3,548.8,0
526,0.5,548.8,0
526,0.5,548.8,0
526,0.5,548.8,0
526,0.5,548.8,0
526,0.5,548.8,0
526,0.5,548.8,0
527,0.5,548.8,0
527,0.5,548.8,0
527,0.5,548.8,0
527,0.5,548.8,0
527,0.5,548.8,0
527,0.5,548.8,0
527,0.4,548.8,0
527,0.4,548.8,0
527,0.4,548.8,0
528,0.3,548.8,0
528,0.3,548.8,0
528,0.3,548.8,0
528,0.3,548.8,0
528,0.2,548.8,0
528,0.2,548.8,0
528,0.2,548.8,0
528,0.1,548.8,0
528,0,548.8,0
528,0,548.8,0
528,-0.1,548.8,0
529,-0.1,548.8,0
529,-0.1,548.8,0
529,-0.2,548.8,0
529,-0.3,548.8,0
529,-0.3,548.8,0
529,-0.3,548.8,0
529,-0.3,548.8,0
529,-0.3,548.8,0
529,-0.3,548.8,0
529,-0.2,548.8,0
529,-0.2,548.8,0
529,-0.2,548.8,0
529,-0.2,548.8,0
529,-0.2,548.8,0
529,-0.2,548.8,0
529,-0.1,548.8,0
529,-0.1,548.8,0
529,0,548.8,0
529,0.1,548.8,0
528,0.1,548.8,0
528,0.2,548.8,0
528,0.3,548.8,0
528,0.4,548.8,0
528,0.4,548.8,0
528,0.5,548.8,0
528,0.5,548.8,0
528,0.5,548.8,0
528,0.6,548.8,0
528,0.6,548.8,0
528,0.6,548.8,0
528,0.6,548.8,0
528,0.6,548.8,0
528,0.7,548.8,0
528,0.7,548.8,0
528,0.7,548.8,0
528,0.7,548.8,0
528,0.7,548.8,0
528,0.7,548.8,0
528,0.7,548.8,0
528,0.7,548.8,0
528,0.7,548.8,0
528,0.7,548.8,0
528,0.7,548.8,0
528,0.7,548.8,0
528,0.7,548.8,0
528,0.6,548.8,0
528,0.6,548.8,0
528,0.5,548.8,0
528,0.5,548.8,0
528,0.4,548.8,0
528,0.3,548.8,0
528,0.3,548.8,0
528,0.2,548.8,0
528,0.2,548.8,0
528,0.1,548.8,0
528,0.2,548.8,0
528,0.2,548.8,0
528,0.3,548.8,0
528,0.3,548.8,0
528,0.4,548.8,0
528,0.5,548.8,0
528,0.5,548.8,0
528,0.6,548.8,0
528,0.6,548.8,0
528,0.7,548.8,0
528,0.7,548.8,0
528,0.6,548.8,0
528,0.6,548.8,0
528,0.5,548.8,0
528,0.5,548.8,0
528,0.5,548.8,0
528,0.4,548.8,0
528,0.4,548.8,0
528,0.3,548.8,0
528,0.3,548.8,0
528,0.3,548.8,0
528,0.3,548.8,0
528,0.3,548.8,0
528,0.3,548.8,0
528,0.3,548.8,0
528,0.3,548.8,0
528,0.3,548.8,0
528,0.3,548.8,0
528,0.3,548.8,0
528,0.3,548.8,0
528,0.3,548.8,0
528,0.4,548.8,0
528,0.5,548.8,0
528,0.5,548.8,0
528,0.6,548.8,0
528,0.6,548.8,0
528,0.6,548.8,0
528,0.7,548.8,0
528,0.8,548.8,0
528,0.8,548.8,0
528,0.8,548.8,0
528,0.8,548.8,0
528,0.8,548.8,0
528,0.8,548.8,0
528,0.9,548.8,0
528,0.9,548.8,0
528,0.9,548.8,0
528,0.9,548.8,0
528,0.9,548.8,0
528,0.9,548.8,0
528,0.9,548.8,0
528,0.8,548.8,0
528,0.8,548.8,0
528,0.8,548.8,0
528,0.8,548.8,0
528,0.7,548.8,0
528,0.7,548.8,0
528,0.7,548.8,0
528,0.6,548.8,0
528,0.6,548.8,0
528,0.6,548.8,0
528,0.6,548.8,0
528,0.7,548.8,0
528,0.7,548.8,0
528,0.7,548.8,0
529,0.7,548.8,0
529,0.7,548.8,0
529,0.8,548.8,0
529,0.8,548.8,0
529,0.8,548.8,0
529,0.9,548.8,0
529,1,548.8,0
528,1.1,548.8,0
528,1.2,548.8,0
528,1.4,548.8,0
528,1.5,548.8,0
528,1.6,548.8,0
527,1.7,548.8,0
527,1.8,548.8,0
527,1.9,548.8,0
527,2,548.8,0
527,2.1,548.8,0
527,2.2,548.8,0
527,2.3,548.8,0
527,2.5,548.8,0
527,2.6,548.8,0
527,2.7,548.8,0
527,2.8,548.8,0
527,2.9,548.8,0
527,3,548.8,0
527,3.2,548.8,0
527,3.4,548.8,0
526,3.6,548.8,0
526,3.8,548.8,0
526,4,548.8,0
526,4.1,548.8,0
526,4.3,548.8,0
525,4.5,548.8,0
525,4.7,548.8,0
525,4.9,548.8,0
525,5.4,548.8,0
524,5.9,548.8,0
524,6.3,548.8,0
523,6.8,548.8,0
523,7.3,548.8,0
523,7.8,548.8,0
522,8.3,548.8,0
522,8.7,548.8,0
521,9.2,548.8,0
521,9.7,548.8,0
521,9.8,548.8,0
521,10,548.8,0
521,10.1,548.8,0
521,10.3,548.8,0
521,10.5,548.8,0
521,10.6,548.8,0
521,10.8,548.8,0
521,10.9,548.8,0
521,11.1,548.8,0
521,11.2,548.8,0
521,11.3,548.8,0
521,11.4,548.8,0
521,11.4,548.8,0
521,11.5,548.8,0
520,11.6,548.8,0
520,11.7,548.8,0
520,11.8,548.8,0
520,11.8,548.8,0
520,11.9,548.8,0
520,12,548.8,0
520,11.8,548.8,0
520,11.5,548.8,0
521,11.2,548.8,0
521,11,548.8,0
521,10.8,548.8,0
521,10.5,548.8,0
521,10.3,548.8,0
522,10,548.8,0
522,9.7,548.8,0
522,9.5,548.8,0
522,8.9,548.8,0
523,8.3,548.8,0
524,7.7,548.8,0
524,7.1,548.8,0
524,6.5,548.8,0
525,5.8,548.8,0
525,5.2,548.8,0
526,4.6,548.8,0
527,4,548.8,0
527,3.4,548.8,0
527,3.1,548.8,0
527,2.9,548.8,0
527,2.6,548.8,0
527,2.3,548.8,0
528,2.1,548.8,0
528,1.8,548.8,0
528,1.5,548.8,0
528,1.2,548.8,0
528,1,548.8,0
528,0.7,548.8,0
528,0.9,548.8,0
528,1.1,548.8,0
528,1.4,548.8,0
528,1.6,548.8,0
528,1.8,548.8,0
527,2,548.8,0
527,2.2,548.8,0
527,2.5,548.8,0
527,2.7,548.8,0
527,2.9,548.8,0
526,3.8,548.8,0
526,4.7,548.8,0
525,5.5,548.8,0
524,6.4,548.8,0
524,7.3,548.8,0
523,8.2,548.8,0
522,9.1,548.8,0
521,9.9,548.8,0
521,10.8,548.8,0
520,11.7,548.8,0
520,12.1,548.8,0
519,12.6,548.8,0
519,13,548.8,0
518,13.5,548.8,0
518,13.9,548.8,0
518,14.3,548.8,0
517,14.8,548.8,0
517,15.2,548.8,0
516,15.7,548.8,0
516,16.1,548.8,0
516,16.1,548.8,0
516,16.2,548.8,0
516,16.3,548.8,0
516,16.3,548.8,0
516,16.4,548.8,0
517,16.4,548.8,0
517,16.4,548.8,0
517,16.5,548.8,0
517,16.6,548.8,0
517,16.6,548.8,0
517,16.4,548.8,0
517,16.2,548.8,0
518,16,548.8,0
518,15.8,548.8,0
518,15.6,548.8,0
518,15.3,548.8,0
518,15.1,548.8,0
519,14.9,548.8,0
519,14.7,548.8,0
519,14.5,548.8,0
519,14.5,548.8,0
519,14.5,548.8,0
519,14.6,548.8,0
519,14.6,548.8,0
518,14.6,548.8,0
518,14.6,548.8,0
518,14.6,548.8,0
518,14.7,548.8,0
518,14.7,548.8,0
518,14.7,548.8,0
518,14.6,548.8,0
518,14.5,548.8,0
518,14.4,548.8,0
518,14.3,548.8,0
518,14.2,548.8,0
518,14.2,548.8,0
518,14.1,548.8,0
518,14,548.8,0
518,13.9,548.8,0
518,13.8,548.8,0
518,13.9,548.8,0
518,14,548.8,0
518,14.1,548.8,0
518,14.2,548.8,0
518,14.2,548.8,0
518,14.3,548.8,0
518,14.4,548.8,0
518,14.5,548.8,0
518,14.6,548.8,0
518,14.7,548.8,0
518,14.8,548.8,0
518,14.9,548.8,0
518,14.9,548.8,0
518,15,548.8,0
518,15.1,548.8,0
517,15.2,548.8,0
517,15.3,548.8,0
517,15.3,548.8,0
517,15.4,548.8,0
517,15.5,548.8,0
517,15.4,548.8,0
517,15.3,548.8,0
517,15.2,548.8,0
517,15.1,548.8,0
518,15,548.8,0
518,14.9,548.8,0
518,14.8,548.8,0
518,14.7,548.8,0
518,14.6,548.8,0
518,14.5,548.8,0
518,14.4,548.8,0
518,14.2,548.8,0
518,14.1,548.8,0
518,13.9,548.8,0
518,13.8,548.8,0
519,13.7,548.8,0
519,13.5,548.8,0
519,13.4,548.8,0
519,13.2,548.8,0
519,13.1,548.8,0
519,12.8,548.8,0
520,12.5,548.8,0
520,12.2,548.8,0
520,11.9,548.8,0
520,11.6,548.8,0
521,11.2,548.8,0
521,10.9,548.8,0
521,10.6,548.8,0
522,10.3,548.8,0
522,10,548.8,0
522,9.5,548.8,0
523,9.1,548.8,0
523,8.6,548.8,0
523,8.1,548.8,0
524,7.7,548.8,0
524,7.2,548.8,0
524,6.7,548.8,0
524,6.2,548.8,0
525,5.8,548.8,0
525,5.3,548.8,0
525,5.3,548.8,0
525,5.2,548.8,0
525,5.2,548.8,0
525,5.2,548.8,0
526,5.2,548.8,0
526,5.1,548.8,0
526,5.1,548.8,0
526,5.1,548.8,0
526,5,548.8,0
526,5,548.8,0
526,5.2,548.8,0
525,5.4,548.8,0
525,5.7,548.8,0
525,5.9,548.8,0
524,6.1,548.8,0
524,6.3,548.8,0
524,6.5,548.8,0
524,6.8,548.8,0
523,7,548.8,0
523,7.2,548.8,0
523,7.5,548.8,0
523,7.9,548.8,0
522,8.2,548.8,0
522,8.5,548.8,0
522,8.8,548.8,0
522,9.2,548.8,0
522,9.5,548.8,0
521,9.8,548.8,0
521,10.2,548.8,0
521,10.5,548.8,0
521,10.7,548.8,0
521,10.9,548.8,0
520,11.2,548.8,0
520,11.4,548.8,0
520,11.6,548.8,0
520,11.8,548.8,0
520,12,548.8,0
519,12.3,548.8,0
519,12.5,548.8,0
519,12.7,548.8,0
519,12.9,548.8,0
519,13.1,548.8,0
519,13.3,548.8,0
519,13.5,548.8,0
518,13.7,548.8,0
518,13.9,548.8,0
518,14.1,548.8,0
518,14.3,548.8,0
518,14.5,548.8,0
518,14.7,548.8,0
518,14.8,548.8,0
518,14.9,548.8,0
518,14.9,548.8,0
518,15,548.8,0
518,15.1,548.8,0
517,15.2,548.8,0
517,15.3,548.8,0
517,15.3,548.8,0
517,15.4,548.8,0
517,15.5,548.8,0
517,15.2,548.8,0
518,14.9,548.8,0
518,14.5,548.8,0
518,14.2,548.8,0
518,13.9,548.8,0
519,13.6,548.8,0
519,13.3,548.8,0
519,12.9,548.8,0
520,12.6,548.8,0
520,12.3,548.8,0
520,12.4,548.8,0
520,12.5,548.8,0
519,12.6,548.8,0
519,12.7,548.8,0
519,12.8,548.8,0
519,12.8,548.8,0
519,12.9,548.8,0
518,13,548.8,0
518,13.1,548.8,0
518,13.2,548.8,0
518,13.7,548.8,0
517,14.1,548.8,0
517,14.6,548.8,0
517,15,548.8,0
516,15.5,548.8,0
516,16,548.8,0
516,16.4,548.8,0
516,16.9,548.8,0
515,17.3,548.8,0
515,17.8,548.8,0
515,18,548.8,0
515,18.1,548.8,0
515,18.3,548.8,0
515,18.4,548.8,0
514,18.6,548.8,0
514,18.8,548.8,0
514,18.9,548.8,0
514,19.1,548.8,0
514,19.2,548.8,0
514,19.4,548.8,0
514,19.5,548.8,0
514,19.7,548.8,0
514,19.9,548.8,0
514,20,548.8,0
514,20.2,548.8,0
513,20.3,548.8,0
513,20.4,548.8,0
513,20.6,548.8,0
513,20.8,548.8,0
513,20.9,548.8,0
513,20.6,548.8,0
514,20.2,548.8,0
514,19.9,548.8,0
514,19.5,548.8,0
514,19.2,548.8,0
515,18.9,548.8,0
515,18.5,548.8,0
515,18.2,548.8,0
516,17.8,548.8,0
516,17.5,548.8,0
516,17.8,548.8,0
515,18,548.8,0
515,18.3,548.8,0
514,18.5,548.8,0
514,18.8,548.8,0
514,19.1,548.8,0
513,19.3,548.8,0
513,19.6,548.8,0
512,19.8,548.8,0
512,20.1,548.8,0
512,20.5,548.8,0
511,20.9,548.8,0
511,21.3,548.8,0
511,21.7,548.8,0
510,22.1,548.8,0
510,22.4,548.8,0
510,22.8,548.8,0
510,23.2,548.8,0
509,23.6,548.8,0
509,24,548.8,0
509,24,548.8,0
509,24,548.8,0
509,24,548.8,0
509,24,548.8,0
510,24.1,548.8,0
510,24.1,548.8,0
510,24.1,548.8,0
510,24.1,548.8,0
510,24.1,548.8,0
510,24.1,548.8,0
510,24.4,548.8,0
509,24.7,548.8,0
509,25,548.8,0
509,25.3,548.8,0
508,25.6,548.8,0
508,25.8,548.8,0
508,26.1,548.8,0
508,26.4,548.8,0
507,26.7,548.8,0
507,27,548.8,0
507,26.9,548.8,0
507,26.7,548.8,0
507,26.6,548.8,0
507,26.4,548.8,0
508,26.3,548.8,0
508,26.2,548.8,0
508,26,548.8,0
508,25.9,548.8,0
508,25.7,548.8,0
508,25.6,548.8,0
508,25.8,548.8,0
508,26,548.8,0
507,26.2,548.8,0
507,26.4,548.8,0
507,26.6,548.8,0
507,26.7,548.8,0
507,26.9,548.8,0
506,27.1,548.8,0
506,27.3,548.8,0
506,27.5,548.8,0
506,27.5,548.8,0
506,27.6,548.8,0
506,27.7,548.8,0
506,27.7,548.8,0
506,27.8,548.8,0
505,27.8,548.8,0
505,27.8,548.8,0
505,27.9,548.8,0
505,27.9,548.8,0
505,28,548.8,0
505,27.9,548.8,0
505,27.8,548.8,0
506,27.7,548.8,0
506,27.6,548.8,0
506,27.5,548.8,0
506,27.3,548.8,0
506,27.2,548.8,0
507,27.1,548.8,0
507,27,548.8,0
507,26.9,548.8,0
507,26.9,548.8,0
507,27,548.8,0
507,27,548.8,0
507,27,548.8,0
506,27.1,548.8,0
506,27.1,548.8,0
506,27.1,548.8,0
506,27.1,548.8,0
506,27.2,548.8,0
506,27.2,548.8,0
506,27.4,548.8,0
506,27.5,548.8,0
505,27.7,548.8,0
505,27.8,548.8,0
505,28,548.8,0
505,28.2,548.8,0
505,28.3,548.8,0
504,28.5,548.8,0
504,28.6,548.8,0
504,28.8,548.8,0
504,29.1,548.8,0
503,29.5,548.8,0
503,29.8,548.8,0
502,30.2,548.8,0
502,30.5,548.8,0
502,30.8,548.8,0
501,31.2,548.8,0
501,31.5,548.8,0
500,31.9,548.8,0
500,32.2,548.8,0
500,32.4,548.8,0
499,32.7,548.8,0
499,33,548.8,0
499,33.2,548.8,0
498,33.5,548.8,0
498,33.7,548.8,0
498,33.9,548.8,0
498,34.2,548.8,0
497,34.4,548.8,0
497,34.7,548.8,0
497,35,548.8,0
496,35.3,548.8,0
496,35.7,548.8,0
496,36,548.8,0
496,36.3,548.8,0
495,36.6,548.8,0
495,36.9,548.8,0
495,37.3,548.8,0
494,37.6,548.8,0
494,37.9,548.8,0
494,37.9,548.8,0
494,37.9,548.8,0
494,37.9,548.8,0
494,37.9,548.8,0
494,37.9,548.8,0
495,37.9,548.8,0
495,37.9,548.8,0
495,37.9,548.8,0
495,37.9,548.8,0
495,37.9,548.8,0
496,37.2,548.8,0
496,36.5,548.8,0
497,35.7,548.8,0
498,35,548.8,0
498,34.3,548.8,0
499,33.6,548.8,0
500,32.9,548.8,0
501,32.1,548.8,0
501,31.4,548.8,0
502,30.7,548.8,0
502,31,548.8,0
501,31.3,548.8,0
501,31.5,548.8,0
500,31.8,548.8,0
500,32.1,548.8,0
499,32.4,548.8,0
498,32.7,548.8,0
498,32.9,548.8,0
497,33.2,548.8,0
497,33.5,548.8,0
497,33.8,548.8,0
496,34.2,548.8,0
496,34.5,548.8,0
496,34.9,548.8,0
496,35.2,548.8,0
495,35.5,548.8,0
495,35.9,548.8,0
495,36.2,548.8,0
494,36.6,548.8,0
494,36.9,548.8,0
494,37,548.8,0
494,37.2,548.8,0
494,37.4,548.8,0
494,37.5,548.8,0
494,37.7,548.8,0
493,37.8,548.8,0
493,37.9,548.8,0
493,38.1,548.8,0
493,38.3,548.8,0
493,38.4,548.8,0
493,38,548.8,0
494,37.5,548.8,0
495,37.1,548.8,0
495,36.7,548.8,0
496,36.2,548.8,0
496,35.8,548.8,0
496,35.4,548.8,0
497,35,548.8,0
498,34.5,548.8,0
498,34.1,548.8,0
498,33.9,548.8,0
498,33.8,548.8,0
498,33.6,548.8,0
498,33.5,548.8,0
498,33.3,548.8,0
499,33.1,548.8,0
499,33,548.8,0
499,32.8,548.8,0
499,32.7,548.8,0
499,32.5,548.8,0
499,32.7,548.8,0
498,32.8,548.8,0
498,33,548.8,0
498,33.1,548.8,0
498,33.3,548.8,0
497,33.5,548.8,0
497,33.6,548.8,0
497,33.8,548.8,0
496,33.9,548.8,0
496,34.1,548.8,0
496,34.4,548.8,0
495,34.7,548.8,0
495,35.1,548.8,0
495,35.4,548.8,0
494,35.7,548.8,0
494,36,548.8,0
494,36.3,548.8,0
494,36.7,548.8,0
493,37,548.8,0
493,37.3,548.8,0
493,37.2,548.8,0
494,37.1,548.8,0
494,37.1,548.8,0
495,37,548.8,0
495,36.9,548.8,0
495,36.8,548.8,0
496,36.7,548.8,0
496,36.7,548.8,0
497,36.6,548.8,0
497,36.5,548.8,0
499,34.4,548.8,0
501,32.4,548.8,0
503,30.3,548.8,0
505,28.2,548.8,0
506,26.1,548.8,0
508,24.1,548.8,0
510,22,548.8,0
512,19.9,548.8,0
514,17.9,548.8,0
516,15.8,548.8,0
517,14.2,548.8,0
518,12.6,548.8,0
519,11.1,548.8,0
520,9.5,548.8,0
521,7.9,548.8,0
522,6.3,548.8,0
523,4.7,548.8,0
524,3.2,548.8,0
525,1.6,548.8,0
526,0,548.8,0
526,0.1,548.8,0
526,0.2,548.8,0
526,0.3,548.8,0
526,0.4,548.8,0
526,0.5,548.8,0
526,0.6,548.8,0
526,0.7,548.8,0
526,0.8,548.8,0
526,0.9,548.8,0
526,1,548.8,0
526,1.1,548.8,0
526,1.1,548.8,0
526,1.2,548.8,0
526,1.3,548.8,0
526,1.4,548.8,0
525,1.4,548.8,0
525,1.5,548.8,0
525,1.6,548.8,0
525,1.6,548.8,0
525,1.7,548.8,0
525,1.6,548.8,0
525,1.5,548.8,0
526,1.5,548.8,0
526,1.4,548.8,0
526,1.3,548.8,0
526,1.2,548.8,0
526,1.1,548.8,0
527,1.1,548.8,0
527,1,548.8,0
527,0.9,548.8,0
527,0.9,548.8,0
527,0.9,548.8,0
527,0.8,548.8,0
527,0.8,548.8,0
527,0.8,548.8,0
527,0.8,548.8,0
527,0.8,548.8,0
527,0.7,548.8,0
527,0.7,548.8,0
527,0.7,548.8,0
527,0.8,548.8,0
527,0.9,548.8,0
527,1,548.8,0
527,1.1,548.8,0
526,1.2,548.8,0
526,1.2,548.8,0
526,1.3,548.8,0
526,1.4,548.8,0
526,1.5,548.8,0
526,1.6,548.8,0
526,1.5,548.8,0
526,1.4,548.8,0
526,1.2,548.8,0
526,1.1,548.8,0
526,1,548.8,0
527,0.9,548.8,0
527,0.8,548.8,0
527,0.6,548.8,0
527,0.5,548.8,0
527,0.4,548.8,0
527,0.7,548.8,0
527,1.1,548.8,0
526,1.4,548.8,0
526,1.7,548.8,0
526,2.1,548.8,0
526,2.4,548.8,0
526,2.7,548.8,0
525,3,548.8,0
525,3.4,548.8,0
525,3.7,548.8,0
525,3.9,548.8,0
525,4.1,548.8,0
524,4.3,548.8,0
524,4.5,548.8,0
524,4.7,548.8,0
524,4.9,548.8,0
524,5.1,548.8,0
523,5.3,548.8,0
523,5.5,548.8,0
523,5.7,548.8,0
523,5.9,548.8,0
523,6.2,548.8,0
522,6.5,548.8,0
522,6.7,548.8,0
522,7,548.8,0
522,7.2,548.8,0
522,7.4,548.8,0
521,7.7,548.8,0
521,8,548.8,0
521,8.2,548.8,0
521,8.3,548.8,0
521,8.5,548.8,0
521,8.6,548.8,0
521,8.7,548.8,0
520,8.9,548.8,0
520,9,548.8,0
520,9.1,548.8,0
520,9.2,548.8,0
520,9.4,548.8,0
520,9.5,548.8,0
520,9.6,548.8,0
520,9.7,548.8,0
520,9.8,548.8,0
520,9.9,548.8,0
520,10,548.8,0
520,10.1,548.8,0
520,10.2,548.8,0
520,10.3,548.8,0
520,10.4,548.8,0
520,10.5,548.8,0
520,10.3,548.8,0
520,10.1,548.8,0
520,9.8,548.8,0
520,9.6,548.8,0
520,9.4,548.8,0
521,9.2,548.8,0
521,9,548.8,0
521,8.7,548.8,0
521,8.5,548.8,0
521,8.3,548.8,0
521,8.4,548.8,0
521,8.4,548.8,0
521,8.5,548.8,0
521,8.6,548.8,0
521,8.7,548.8,0
521,8.7,548.8,0
521,8.8,548.8,0
521,8.9,548.8,0
521,8.9,548.8,0
521,9,548.8,0
521,9.2,548.8,0
521,9.5,548.8,0
520,9.8,548.8,0
520,10,548.8,0
520,10.2,548.8,0
520,10.5,548.8,0
520,10.7,548.8,0
519,11,548.8,0
519,11.3,548.8,0
519,11.5,548.8,0
519,11.7,548.8,0
519,11.8,548.8,0
519,12,548.8,0
519,12.2,548.8,0
518,12.4,548.8,0
518,12.5,548.8,0
518,12.7,548.8,0
518,12.9,548.8,0
518,13,548.8,0
518,13.2,548.8,0
518,13.6,548.8,0
517,14,548.8,0
517,14.4,548.8,0
516,14.8,548.8,0
516,15.2,548.8,0
515,15.7,548.8,0
514,16.1,548.8,0
514,16.5,548.8,0
513,16.9,548.8,0
513,17.3,548.8,0
512,18.3,548.8,0
511,19.4,548.8,0
510,20.4,548.8,0
509,21.5,548.8,0
508,22.5,548.8,0
507,23.5,548.8,0
506,24.6,548.8,0
505,25.6,548.8,0
504,26.7,548.8,0
503,27.7,548.8,0
503,28,548.8,0
503,28.4,548.8,0
503,28.7,548.8,0
503,29.1,548.8,0
502,29.4,548.8,0
502,29.7,548.8,0
502,30.1,548.8,0
502,30.4,548.8,0
502,30.8,548.8,0
502,31.1,548.8,0
503,30.5,548.8,0
503,29.8,548.8,0
504,29.2,548.8,0
504,28.6,548.8,0
505,28,548.8,0
506,27.3,548.8,0
506,26.7,548.8,0
507,26.1,548.8,0
507,25.4,548.8,0
508,24.8,548.8,0
508,24.7,548.8,0
508,24.7,548.8,0
508,24.6,548.8,0
508,24.6,548.8,0
508,24.5,548.8,0
507,24.4,548.8,0
507,24.4,548.8,0
507,24.3,548.8,0
507,24.3,548.8,0
507,24.2,548.8,0
507,24.5,548.8,0
506,24.9,548.8,0
506,25.2,548.8,0
506,25.6,548.8,0
506,25.9,548.8,0
505,26.2,548.8,0
505,26.6,548.8,0
505,26.9,548.8,0
504,27.3,548.8,0
504,27.6,548.8,0
504,27.6,548.8,0
504,27.7,548.8,0
504,27.7,548.8,0
504,27.7,548.8,0
504,27.8,548.8,0
503,27.8,548.8,0
503,27.8,548.8,0
503,27.8,548.8,0
503,27.9,548.8,0
503,27.9,548.8,0
503,28.1,548.8,0
503,28.3,548.8,0
503,28.5,548.8,0
503,28.7,548.8,0
502,28.9,548.8,0
502,29.1,548.8,0
502,29.3,548.8,0
502,29.5,548.8,0
502,29.7,548.8,0
502,29.9,548.8,0
502,29.8,548.8,0
502,29.7,548.8,0
502,29.7,548.8,0
502,29.6,548.8,0
502,29.5,548.8,0
503,29.4,548.8,0
503,29.3,548.8,0
503,29.3,548.8,0
503,29.2,548.8,0
503,29.1,548.8,0
503,28.9,548.8,0
503,28.6,548.8,0
504,28.4,548.8,0
504,28.2,548.8,0
504,28,548.8,0
504,27.7,548.8,0
504,27.5,548.8,0
505,27.3,548.8,0
505,27,548.8,0
505,26.8,548.8,0
505,26.9,548.8,0
505,27,548.8,0
505,27.1,548.8,0
505,27.2,548.8,0
504,27.2,548.8,0
504,27.3,548.8,0
504,27.4,548.8,0
504,27.5,548.8,0
504,27.6,548.8,0
504,27.7,548.8,0
505,27.1,548.8,0
505,26.6,548.8,0
506,26,548.8,0
507,25.5,548.8,0
508,24.9,548.8,0
508,24.3,548.8,0
509,23.8,548.8,0
510,23.2,548.8,0
510,22.7,548.8,0
511,22.1,548.8,0
512,21.2,548.8,0
512,20.2,548.8,0
513,19.3,548.8,0
514,18.4,548.8,0
514,17.5,548.8,0
515,16.5,548.8,0
516,15.6,548.8,0
517,14.7,548.8,0
517,13.7,548.8,0
518,12.8,548.8,0
518,12.7,548.8,0
518,12.6,548.8,0
518,12.5,548.8,0
518,12.4,548.8,0
518,12.4,548.8,0
518,12.3,548.8,0
518,12.2,548.8,0
518,12.1,548.8,0
518,12,548.8,0
518,11.9,548.8,0
518,12,548.8,0
518,12.1,548.8,0
517,12.2,548.8,0
517,12.3,548.8,0
517,12.4,548.8,0
517,12.6,548.8,0
517,12.7,548.8,0
516,12.8,548.8,0
516,12.9,548.8,0
516,13,548.8,0
516,13.2,548.8,0
516,13.5,548.8,0
516,13.7,548.8,0
516,14,548.8,0
516,14.2,548.8,0
515,14.4,548.8,0
515,14.7,548.8,0
515,14.9,548.8,0
515,15.2,548.8,0
515,15.4,548.8,0
515,15.8,548.8,0
514,16.3,548.8,0
514,16.7,548.8,0
513,17.1,548.8,0
513,17.6,548.8,0
513,18,548.8,0
512,18.4,548.8,0
512,18.8,548.8,0
511,19.3,548.8,0
511,19.7,548.8,0
511,19.7,548.8,0
511,19.6,548.8,0
511,19.5,548.8,0
511,19.5,548.8,0
512,19.5,548.8,0
512,19.4,548.8,0
512,19.4,548.8,0
512,19.3,548.8,0
512,19.2,548.8,0
512,19.2,548.8,0
511,19.7,548.8,0
511,20.3,548.8,0
510,20.8,548.8,0
509,21.4,548.8,0
508,21.9,548.8,0
508,22.4,548.8,0
507,23,548.8,0
506,23.5,548.8,0
506,24.1,548.8,0
505,24.6,548.8,0
505,25,548.8,0
504,25.4,548.8,0
504,25.9,548.8,0
503,26.3,548.8,0
503,26.7,548.8,0
503,27.1,548.8,0
502,27.5,548.8,0
502,28,548.8,0
501,28.4,548.8,0
501,28.8,548.8,0
501,28.6,548.8,0
502,28.3,548.8,0
502,28.1,548.8,0
503,27.9,548.8,0
503,27.6,548.8,0
503,27.4,548.8,0
504,27.2,548.8,0
504,27,548.8,0
505,26.7,548.8,0
505,26.5,548.8,0
506,25.8,548.8,0
506,25.1,548.8,0
507,24.5,548.8,0
507,23.8,548.8,0
508,23.1,548.8,0
509,22.4,548.8,0
509,21.7,548.8,0
510,21.1,548.8,0
510,20.4,548.8,0
511,19.7,548.8,0
511,19.7,548.8,0
511,19.6,548.8,0
511,19.6,548.8,0
511,19.5,548.8,0
511,19.5,548.8,0
511,19.5,548.8,0
511,19.4,548.8,0
511,19.4,548.8,0
511,19.3,548.8,0
511,19.3,548.8,0
511,19.5,548.8,0
510,19.8,548.8,0
510,20,548.8,0
510,20.3,548.8,0
510,20.5,548.8,0
509,20.7,548.8,0
509,21,548.8,0
509,21.2,548.8,0
508,21.5,548.8,0
508,21.7,548.8,0
509,21.3,548.8,0
509,20.8,548.8,0
510,20.4,548.8,0
510,19.9,548.8,0
511,19.5,548.8,0
512,19.1,548.8,0
512,18.6,548.8,0
513,18.2,548.8,0
513,17.7,548.8,0
514,17.3,548.8,0
515,16.5,548.8,0
515,15.7,548.8,0
516,14.9,548.8,0
517,14.1,548.8,0
518,13.3,548.8,0
518,12.5,548.8,0
519,11.7,548.8,0
520,10.9,548.8,0
520,10.1,548.8,0
521,9.3,548.8,0
521,9.2,548.8,0
521,9.1,548.8,0
521,9,548.8,0
521,8.9,548.8,0
520,8.9,548.8,0
520,8.8,548.8,0
520,8.7,548.8,0
520,8.6,548.8,0
520,8.5,548.8,0
520,8.4,548.8,0
520,8.9,548.8,0
519,9.3,548.8,0
519,9.8,548.8,0
518,10.2,548.8,0
518,10.7,548.8,0
518,11.2,548.8,0
517,11.6,548.8,0
517,12.1,548.8,0
516,12.5,548.8,0
516,13,548.8,0
516,13.6,548.8,0
515,14.1,548.8,0
514,14.7,548.8,0
514,15.3,548.8,0
514,15.8,548.8,0
513,16.4,548.8,0
513,17,548.8,0
512,17.6,548.8,0
511,18.1,548.8,0
511,18.7,548.8,0
511,18.8,548.8,0
511,18.9,548.8,0
511,19,548.8,0
511,19.1,548.8,0
510,19.2,548.8,0
510,19.4,548.8,0
510,19.5,548.8,0
510,19.6,548.8,0
510,19.7,548.8,0
510,19.8,548.8,0
510,20.1,548.8,0
510,20.4,548.8,0
510,20.7,548.8,0
510,21,548.8,0
510,21.2,548.8,0
509,21.5,548.8,0
509,21.8,548.8,0
509,22.1,548.8,0
509,22.4,548.8,0
509,22.7,548.8,0
509,22.6,548.8,0
509,22.4,548.8,0
509,22.2,548.8,0
509,22.1,548.8,0
510,22,548.8,0
510,21.8,548.8,0
510,21.7,548.8,0
510,21.5,548.8,0
510,21.4,548.8,0
510,21.2,548.8,0
510,20.8,548.8,0
511,20.4,548.8,0
511,19.9,548.8,0
512,19.5,548.8,0
512,19.1,548.8,0
512,18.7,548.8,0
513,18.3,548.8,0
513,17.8,548.8,0
514,17.4,548.8,0
514,17,548.8,0
514,16.9,548.8,0
514,16.7,548.8,0
514,16.5,548.8,0
514,16.4,548.8,0
514,16.2,548.8,0
515,16.1,548.8,0
515,16,548.8,0
515,15.8,548.8,0
515,15.6,548.8,0
515,15.5,548.8,0
515,15.6,548.8,0
514,15.8,548.8,0
514,15.9,548.8,0
514,16.1,548.8,0
514,16.2,548.8,0
513,16.3,548.8,0
513,16.5,548.8,0
513,16.6,548.8,0
512,16.8,548.8,0
512,16.9,548.8,0
512,17,548.8,0
512,17,548.8,0
512,17.1,548.8,0
512,17.1,548.8,0
512,17.2,548.8,0
512,17.3,548.8,0
512,17.3,548.8,0
512,17.4,548.8,0
512,17.4,548.8,0
512,17.5,548.8,0
511,18.3,548.8,0
510,19.2,548.8,0
510,20,548.8,0
509,20.9,548.8,0
508,21.7,548.8,0
507,22.5,548.8,0
506,23.4,548.8,0
506,24.2,548.8,0
505,25.1,548.8,0
504,25.9,548.8,0
504,25.6,548.8,0
505,25.3,548.8,0
506,25,548.8,0
506,24.7,548.8,0
506,24.4,548.8,0
507,24.1,548.8,0
507,23.8,548.8,0
508,23.5,548.8,0
509,23.2,548.8,0
509,22.9,548.8,0
509,22.8,548.8,0
508,22.6,548.8,0
508,22.5,548.8,0
508,22.3,548.8,0
508,22.2,548.8,0
507,22.1,548.8,0
507,21.9,548.8,0
507,21.8,548.8,0
506,21.6,548.8,0
506,21.5,548.8,0
505,22.6,548.8,0
504,23.6,548.8,0
503,24.7,548.8,0
502,25.7,548.8,0
500,26.8,548.8,0
499,27.8,548.8,0
498,28.8,548.8,0
497,29.9,548.8,0
496,31,548.8,0
495,32,548.8,0
495,32.3,548.8,0
495,32.7,548.8,0
495,33,548.8,0
495,33.3,548.8,0
496,33.7,548.8,0
496,34,548.8,0
496,34.3,548.8,0
496,34.6,548.8,0
496,35,548.8,0
496,35.3,548.8,0
496,35.2,548.8,0
496,35.1,548.8,0
496,35,548.8,0
496,34.9,548.8,0
496,34.9,548.8,0
497,34.8,548.8,0
497,34.7,548.8,0
497,34.6,548.8,0
497,34.5,548.8,0
497,34.4,548.8,0
497,34.3,548.8,0
497,34.2,548.8,0
498,34,548.8,0
498,33.9,548.8,0
498,33.8,548.8,0
498,33.7,548.8,0
498,33.6,548.8,0
499,33.4,548.8,0
499,33.3,548.8,0
499,33.2,548.8,0
499,32.9,548.8,0
499,32.7,548.8,0
499,32.4,548.8,0
499,32.2,548.8,0
500,31.9,548.8,0
500,31.6,548.7,0
500,31.4,548.7,0
500,31.1,548.7,0
500,30.9,548.7,0
500,30.6,548.7,0
500,30.6,548.7,0
500,30.5,548.7,0
500,30.5,548.7,0
500,30.5,548.7,0
500,30.5,548.7,0
500,30.4,548.7,0
500,30.4,548.7,0
500,30.4,548.7,0
500,30.3,548.7,0
500,30.3,548.7,0
500,30.3,548.7,0
500,30.3,548.7,0
500,30.3,548.7,0
500,30.3,548.7,0
500,30.2,548.7,0
499,30.2,548.7,0
499,30.2,548.7,0
499,30.2,548.7,0
499,30.2,548.7,0
499,30.2,548.7,0
499,30.3,548.7,0
499,30.3,548.7,0
499,30.4,548.7,0
499,30.4,548.7,0
498,30.5,548.7,0
498,30.6,548.7,0
498,30.6,548.7,0
498,30.7,548.7,0
498,30.7,548.7,0
498,30.8,548.7,0
498,31.2,548.7,0
497,31.6,548.7,0
497,32,548.7,0
496,32.4,548.7,0
496,32.8,548.7,0
496,33.1,548.7,0
495,33.5,548.7,0
495,33.9,548.7,0
494,34.3,548.7,0
494,34.7,548.7,0
494,34.8,548.7,0
494,34.9,548.7,0
494,35,548.7,0
494,35.1,548.7,0
494,35.2,548.7,0
494,35.2,548.7,0
494,35.3,548.7,0
494,35.4,548.7,0
494,35.5,548.7,0
494,35.6,548.7,0
494,35.6,548.7,0
494,35.6,548.7,0
494,35.7,548.7,0
494,35.7,548.7,0
494,35.7,548.7,0
494,35.7,548.7,0
494,35.7,548.7,0
494,35.8,548.7,0
494,35.8,548.7,0
494,35.8,548.7,0
495,35.2,548.7,0
495,34.6,548.7,0
496,34.1,548.7,0
497,33.5,548.7,0
498,32.9,548.7,0
498,32.3,548.7,0
499,31.7,548.7,0
500,31.2,548.7,0
500,30.6,548.7,0
501,30,548.7,0
501,29.6,548.7,0
502,29.2,548.8,0
502,28.9,548.8,0
502,28.5,548.8,0
502,28.1,548.8,0
503,27.7,548.8,0
503,27.3,548.8,0
503,27,548.8,0
504,26.6,548.8,0
504,26.2,548.8,0
504,26.1,548.8,0
504,26,548.8,0
505,25.9,548.8,0
505,25.8,548.8,0
505,25.7,548.8,0
505,25.6,548.8,0
505,25.5,548.8,0
506,25.4,548.8,0
506,25.3,548.8,0
506,25.2,548.8,0
507,24.3,548.8,0
508,23.3,548.8,0
509,22.4,548.8,0
510,21.4,548.8,0
511,20.5,548.8,0
512,19.6,548.8,0
513,18.6,548.8,0
514,17.7,548.8,0
515,16.7,548.8,0
516,15.8,548.8,0
517,14.3,548.8,0
518,12.7,548.8,0
519,11.2,548.8,0
520,9.6,548.8,0
520,8.1,548.8,0
521,6.6,548.8,0
522,5,548.8,0
523,3.5,548.8,0
524,1.9,548.8,0
525,0.4,548.8,0
525,0.4,548.8,0
525,0.4,548.8,0
525,0.5,548.8,0
525,0.5,548.8,0
525,0.5,548.8,0
525,0.5,548.8,0
525,0.5,548.8,0
525,0.6,548.8,0
525,0.6,548.8,0
525,0.6,548.8,0
525,0.7,548.8,0
525,0.9,548.8,0
525,1,548.8,0
525,1.1,548.8,0
524,1.2,548.8,0
524,1.4,548.8,0
524,1.5,548.8,0
524,1.6,548.8,0
524,1.8,548.8,0
524,1.9,548.8,0
524,1.9,548.8,0
524,2,548.8,0
524,2,548.8,0
524,2.1,548.8,0
524,2.1,548.8,0
524,2.1,548.8,0
524,2.2,548.8,0
524,2.2,548.8,0
524,2.3,548.8,0
524,2.3,548.8,0
524,2.3,548.8,0
524,2.3,548.8,0
524,2.2,548.8,0
524,2.2,548.8,0
524,2.2,548.8,0
524,2.2,548.8,0
524,2.2,548.8,0
524,2.1,548.8,0
524,2.1,548.8,0
524,2.1,548.8,0
524,2,548.8,0
524,2,548.8,0
524,1.9,548.8,0
524,1.8,548.8,0
524,1.8,548.8,0
525,1.7,548.8,0
525,1.6,548.8,0
525,1.5,548.8,0
525,1.5,548.8,0
525,1.4,548.8,0
525,1.3,548.8,0
525,1.1,548.8,0
526,1,548.8,0
526,0.9,548.8,0
526,0.8,548.8,0
526,0.6,548.8,0
526,0.5,548.8,0
527,0.4,548.8,0
527,0.2,548.8,0
527,0.1,548.8,0
527,0,548.8,0
527,-0.2,548.8,0
527,-0.3,548.8,0
527,-0.5,548.8,0
528,-0.6,548.8,0
528,-0.7,548.8,0
528,-0.9,548.8,0
528,-1,548.8,0
528,-1.2,548.8,0
528,-1.3,548.8,0
528,-1.2,548.8,0
528,-1.1,548.8,0
527,-0.9,548.8,0
527,-0.8,548.8,0
527,-0.7,548.8,0
527,-0.6,548.8,0
527,-0.5,548.8,0
526,-0.3,548.8,0
526,-0.2,548.8,0
526,-0.1,548.8,0
526,0.2,548.8,0
526,0.4,548.8,0
526,0.7,548.8,0
526,0.9,548.8,0
526,1.2,548.8,0
525,1.5,548.8,0
525,1.7,548.8,0
525,2,548.8,0
525,2.2,548.8,0
525,2.5,548.8,0
525,2.7,548.8,0
525,2.9,548.8,0
524,3.2,548.8,0
524,3.4,548.8,0
524,3.6,548.8,0
524,3.8,548.8,0
524,4,548.8,0
523,4.3,548.8,0
523,4.5,548.8,0
523,4.7,548.8,0
523,4.8,548.8,0
523,4.9,548.8,0
523,5,548.8,0
523,5.1,548.8,0
523,5.2,548.8,0
523,5.2,548.8,0
523,5.3,548.8,0
523,5.4,548.8,0
523,5.5,548.8,0
523,5.6,548.8,0
523,5.8,548.8,0
523,6,548.8,0
523,6.2,548.8,0
523,6.4,548.8,0
522,6.6,548.8,0
522,6.7,548.8,0
522,6.9,548.8,0
522,7.1,548.8,0
522,7.3,548.8,0
522,7.5,548.8,0
522,7.7,548.8,0
522,7.9,548.8,0
521,8.1,548.8,0
521,8.3,548.8,0
521,8.5,548.8,0
521,8.7,548.8,0
521,8.9,548.8,0
520,9.1,548.8,0
520,9.3,548.8,0
520,9.5,548.8,0
520,9.7,548.8,0
519,10,548.8,0
519,10.3,548.8,0
519,10.5,548.8,0
518,10.8,548.8,0
518,11,548.8,0
518,11.2,548.8,0
518,11.5,548.8,0
517,11.8,548.8,0
517,12,548.8,0
517,11.9,548.8,0
518,11.8,548.8,0
518,11.6,548.8,0
518,11.5,548.8,0
518,11.4,548.8,0
519,11.3,548.8,0
519,11.2,548.8,0
519,11,548.8,0
520,10.9,548.8,0
520,10.8,548.8,0
520,10.4,548.8,0
521,9.9,548.8,0
521,9.5,548.8,0
521,9,548.8,0
522,8.6,548.8,0
522,8.2,548.8,0
522,7.7,548.8,0
522,7.3,548.8,0
523,6.8,548.8,0
523,6.4,548.8,0
523,6.4,548.8,0
523,6.4,548.8,0
523,6.4,548.8,0
523,6.4,548.8,0
522,6.4,548.8,0
522,6.3,548.8,0
522,6.3,548.8,0
522,6.3,548.8,0
522,6.3,548.8,0
522,6.3,548.8,0
522,6.5,548.8,0
522,6.7,548.8,0
521,6.9,548.8,0
521,7.1,548.8,0
521,7.4,548.8,0
521,7.6,548.8,0
521,7.8,548.8,0
520,8,548.8,0
520,8.2,548.8,0
520,8.4,548.8,0
520,8.5,548.8,0
520,8.7,548.8,0
520,8.8,548.8,0
520,9,548.8,0
520,9.1,548.8,0
520,9.2,548.8,0
520,9.4,548.8,0
520,9.5,548.8,0
520,9.7,548.8,0
520,9.8,548.8,0
520,10,548.8,0
520,10.2,548.8,0
519,10.4,548.8,0
519,10.6,548.8,0
519,10.8,548.8,0
519,10.9,548.8,0
519,11.1,548.8,0
518,11.3,548.8,0
518,11.5,548.8,0
518,11.7,548.8,0
518,11.9,548.8,0
518,12.2,548.8,0
518,12.4,548.8,0
518,12.7,548.8,0
518,12.9,548.8,0
517,13.1,548.8,0
517,13.4,548.8,0
517,13.6,548.8,0
517,13.9,548.8,0
517,14.1,548.8,0
517,14,548.8,0
517,13.8,548.8,0
517,13.7,548.8,0
517,13.6,548.8,0
518,13.5,548.8,0
518,13.3,548.8,0
518,13.2,548.8,0
518,13.1,548.8,0
518,12.9,548.8,0
518,12.8,548.8,0
518,12.5,548.8,0
518,12.2,548.8,0
519,11.8,548.8,0
519,11.5,548.8,0
519,11.2,548.8,0
519,10.9,548.8,0
519,10.6,548.8,0
520,10.2,548.8,0
520,9.9,548.8,0
520,9.6,548.8,0
520,9.7,548.8,0
520,9.8,548.8,0
520,10,548.8,0
520,10.1,548.8,0
520,10.2,548.8,0
519,10.3,548.8,0
519,10.4,548.8,0
519,10.6,548.8,0
519,10.7,548.8,0
519,10.8,548.8,0
519,11.3,548.8,0
518,11.8,548.8,0
518,12.4,548.8,0
517,12.9,548.8,0
517,13.4,548.8,0
517,13.9,548.8,0
516,14.4,548.8,0
516,15,548.8,0
515,15.5,548.8,0
515,16,548.8,0
515,16,548.8,0
515,15.9,548.8,0
515,15.9,548.8,0
515,15.9,548.8,0
516,15.9,548.8,0
516,15.8,548.8,0
516,15.8,548.8,0
516,15.8,548.8,0
516,15.7,548.8,0
516,15.7,548.8,0
516,15.5,548.8,0
516,15.4,548.8,0
516,15.2,548.8,0
516,15.1,548.8,0
516,14.9,548.8,0
516,14.7,548.8,0
516,14.6,548.8,0
516,14.4,548.8,0
516,14.3,548.8,0
516,14.1,548.8,0
516,14.5,548.8,0
515,14.9,548.8,0
515,15.2,548.8,0
515,15.6,548.8,0
514,16,548.8,0
514,16.4,548.8,0
514,16.8,548.8,0
514,17.1,548.8,0
513,17.5,548.8,0
513,17.9,548.8,0
513,17.9,548.8,0
513,17.9,548.8,0
513,18,548.8,0
513,18,548.8,0
513,18,548.8,0
513,18,548.8,0
513,18,548.8,0
513,18.1,548.8,0
513,18.1,548.8,0
513,18.1,548.8,0
513,18,548.8,0
513,17.9,548.8,0
513,17.8,548.8,0
513,17.7,548.8,0
513,17.6,548.8,0
513,17.6,548.8,0
513,17.5,548.8,0
513,17.4,548.8,0
513,17.3,548.8,0
513,17.2,548.8,0
513,17.2,548.8,0
513,17.3,548.8,0
513,17.3,548.8,0
513,17.4,548.8,0
514,17.4,548.8,0
514,17.5,548.8,0
514,17.6,548.8,0
514,17.6,548.8,0
514,17.7,548.8,0
514,17.7,548.8,0
514,17.5,548.8,0
514,17.2,548.8,0
514,17,548.8,0
514,16.8,548.8,0
514,16.6,548.8,0
514,16.3,548.8,0
514,16.1,548.8,0
514,15.9,548.8,0
514,15.6,548.8,0
514,15.4,548.8,0
514,15.4,548.8,0
514,15.5,548.8,0
514,15.6,548.8,0
514,15.6,548.8,0
514,15.7,548.8,0
515,15.7,548.8,0
515,15.7,548.8,0
515,15.8,548.8,0
515,15.9,548.8,0
515,15.9,548.8,0
515,15.6,548.8,0
515,15.3,548.8,0
516,15.1,548.8,0
516,14.8,548.8,0
516,14.5,548.8,0
516,14.2,548.8,0
516,13.9,548.8,0
517,13.7,548.8,0
517,13.4,548.8,0
517,13.1,548.8,0
517,13,548.8,0
517,13,548.8,0
517,12.9,548.8,0
517,12.9,548.8,0
517,12.9,548.8,0
517,12.8,548.8,0
517,12.8,548.8,0
517,12.7,548.8,0
517,12.6,548.8,0
517,12.6,548.8,0
517,13.2,548.8,0
516,13.7,548.8,0
516,14.3,548.8,0
515,14.9,548.8,0
514,15.5,548.8,0
514,16,548.8,0
513,16.6,548.8,0
513,17.2,548.8,0
512,17.7,548.8,0
512,18.3,548.8,0
512,18.1,548.8,0
512,18,548.8,0
513,17.8,548.8,0
513,17.7,548.8,0
513,17.5,548.8,0
513,17.3,548.8,0
513,17.2,548.8,0
514,17,548.8,0
514,16.9,548.8,0
514,16.7,548.8,0
514,16.4,548.8,0
514,16,548.8,0
515,15.7,548.8,0
515,15.4,548.8,0
515,15.1,548.8,0
515,14.7,548.8,0
515,14.4,548.8,0
516,14.1,548.8,0
516,13.7,548.8,0
516,13.4,548.8,0
515,14.4,548.8,0
514,15.3,548.8,0
513,16.3,548.8,0
512,17.2,548.8,0
512,18.2,548.8,0
511,19.2,548.8,0
510,20.1,548.8,0
509,21.1,548.8,0
508,22,548.8,0
507,23,548.8,0
508,22.6,548.8,0
508,22.2,548.8,0
509,21.9,548.8,0
510,21.5,548.8,0
510,21.1,548.8,0
511,20.7,548.8,0
512,20.3,548.8,0
513,20,548.8,0
513,19.6,548.8,0
514,19.2,548.8,0
514,18.6,548.8,0
514,18,548.8,0
515,17.4,548.8,0
515,16.8,548.8,0
515,16.2,548.8,0
515,15.5,548.8,0
515,14.9,548.8,0
516,14.3,548.8,0
516,13.7,548.8,0
516,13.1,548.8,0
515,14.2,548.8,0
514,15.2,548.8,0
513,16.3,548.8,0
512,17.4,548.8,0
512,18.5,548.8,0
511,19.5,548.8,0
510,20.6,548.8,0
509,21.7,548.8,0
508,22.7,548.8,0
507,23.8,548.8,0
508,23.1,548.8,0
509,22.4,548.8,0
509,21.6,548.8,0
510,20.9,548.8,0
511,20.2,548.8,0
512,19.5,548.8,0
513,18.8,548.8,0
513,18,548.8,0
514,17.3,548.8,0
515,16.6,548.8,0
515,16,548.8,0
516,15.3,548.8,0
517,14.6,548.8,0
517,14,548.8,0
518,13.4,548.8,0
518,12.7,548.8,0
518,12.1,548.8,0
519,11.4,548.8,0
520,10.7,548.8,0
520,10.1,548.8,0
519,11.2,548.8,0
517,12.4,548.8,0
516,13.5,548.8,0
515,14.7,548.8,0
514,15.8,548.8,0
512,16.9,548.7,0
511,18.1,548.7,0
510,19.2,548.7,0
508,20.4,548.7,0
507,21.5,548.7,0
508,21.3,548.7,0
508,21,548.7,0
509,20.8,548.7,0
509,20.5,548.7,0
510,20.3,548.7,0
511,20.1,548.7,0
511,19.8,548.7,0
512,19.6,548.7,0
512,19.3,548.7,0
513,19.1,548.7,0
513,18.5,548.7,0
514,18,548.7,0
514,17.4,548.7,0
515,16.9,548.7,0
515,16.3,548.7,0
515,15.7,548.7,0
516,15.2,548.7,0
516,14.6,548.7,0
517,14.1,548.7,0
517,13.5,548.7,0
517,13.4,548.7,0
517,13.4,548.7,0
517,13.3,548.7,0
517,13.2,548.6,0
517,13.2,548.6,0
517,13.1,548.6,0
517,13,548.6,0
517,12.9,548.6,0
517,12.9,548.6,0
517,12.8,548.6,0
517,12.6,548.6,0
517,12.4,548.6,0
518,12.3,548.6,0
518,12.1,548.6,0
518,11.9,548.6,0
518,11.7,548.6,0
518,11.5,548.6,0
519,11.4,548.6,0
519,11.2,548.6,0
519,11,548.6,0
520,9.9,548.6,0
521,8.8,548.6,0
521,7.7,548.6,0
522,6.6,548.6,0
523,5.5,548.6,0
524,4.4,548.6,0
525,3.3,548.6,0
525,2.2,548.5,0
526,1.1,548.5,0
527,0,548.5,0
527,0,548.5,0
527,0,548.4,0
527,0,548.4,0
527,0,548.4,0
527,0,548.4,0
527,0,548.4,0
527,0,548.4,0
527,0,548.4,0
527,0,548.4,0
527,0,548.3,0
527,0,548.3,0
527,0,548.3,0
527,0,548.3,0
527,0,548.3,0
527,0,548.3,0
527,0,548.3,0
527,0,548.3,0
527,0,548.3,0
527,0,548.3,0
527,0,548.3,0
527,0,548.3,0
527,0,548.4,0
527,0,548.4,0
527,0,548.4,0
527,0,548.4,0
527,0,548.5,0
527,0,548.5,0
527,0,548.5,0
527,0,548.5,0
527,0,548.5,0
527,0,548.5,0
527,0,548.5,0
527,0,548.5,0
527,0,548.7,0
527,0,548.7,0
527,0,548.7,0
527,0,548.7,0
527,0,548.7,0
527,0,548.7,0
527,0,548.7,0
527,0,548.7,0
527,0,548.7,0
527,0,548.7,0
527,0,548.7,0
527,0,548.7,0
527,0,548.8,0
527,0,548.8,0
527,0,548.8,0
527,0,548.8,0
527,0,548.7,0
527,0,548.7,0
527,0,548.7,0
527,0,548.7,0
527,0,548.8,0
527,0,548.8,0
527,0,548.8,0
527,0,548.8,0
527,0,548.7,0
527,0,548.7,0
527,0,548.7,0
527,0,548.7,0
527,0,548.7,0
527,0,548.7,0
527,0,548.7,0
528,0,548.7,0
528,0,548.6,0
528,0,548.6,0
528,0,548.6,0
528,0,548.6,0
528,0,548.6,0
528,0,548.6,0
528,0.1,548.6,0
528,0.2,548.6,0
528,0.2,548.6,0
528,0.2,548.6,0
528,0.3,548.6,0
528,0.3,548.6,0
528,0.4,548.6,0
528,0.5,548.6,0
528,0.5,548.6,0
528,0.6,548.6,0
528,0.6,548.6,0
528,0.7,548.6,0
528,0.8,548.6,0
528,0.9,548.6,0
527,0.9,548.6,0
527,1,548.6,0
527,1.1,548.6,0
527,1.1,548.6,0
527,1.2,548.6,0
527,1.1,548.6,0
527,1,548.6,0
527,1,548.6,0
527,0.9,548.6,0
528,0.8,548.6,0
528,0.7,548.6,0
528,0.6,548.6,0
528,0.6,548.6,0
528,0.5,548.6,0
528,0.4,548.6,0
528,0.5,548.6,0
528,0.7,548.5,0
527,0.8,548.5,0
527,1,548.5,0
527,1.1,548.5,0
527,1.2,548.3,0
527,1.4,548.3,0
526,1.5,548.3,0
526,1.7,548.3,0
526,1.8,548.2,0
526,1.7,548.2,0
526,1.7,548.2,0
527,1.6,548.2,0
527,1.5,548.3,0
527,1.5,548.3,0
527,1.4,548.3,0
527,1.3,548.3,0
528,1.2,548.1,0
528,1.2,548.1,0
528,1.1,548.1,0
528,1.2,548.1,0
527,1.3,548,0
527,1.5,548,0
527,1.6,548,0
526,1.7,548,0
526,1.8,548,0
526,1.9,548,0
526,2.1,548,0
525,2.2,548,0
525,2.3,548.1,0
525,2.9,548.1,0
524,3.6,548.1,0
523,4.2,548.1,0
523,4.8,548,0
522,5.5,548,0
522,6.1,548,0
522,6.7,548,0
521,7.3,548.2,0
520,8,548.2,0
520,8.6,548.2,0
519,9.4,548.2,0
519,10.1,548.4,0
518,10.9,548.4,0
518,11.7,548.4,0
518,12.4,548.4,0
517,13.2,548.5,0
517,14,548.5,0
516,14.8,548.5,0
515,15.5,548.5,0
515,16.3,548.6,0
515,16.4,548.6,0
515,16.6,548.6,0
515,16.7,548.6,0
515,16.9,548.7,0
514,17.1,548.7,0
514,17.2,548.7,0
514,17.4,548.7,0
514,17.5,548.7,0
514,17.7,548.7,0
514,17.8,548.7,0
514,18.2,548.7,0
513,18.7,548.7,0
513,19.1,548.7,0
512,19.6,548.7,0
512,20,548.7,0
512,20.4,548.7,0
511,20.9,548.7,0
511,21.3,548.7,0
510,21.8,548.7,0
510,22.2,548.7,0
511,21.6,548.7,0
511,21,548.7,0
512,20.3,548.7,0
513,19.7,548.7,0
514,19.1,548.7,0
514,18.5,548.7,0
515,17.9,548.7,0
516,17.2,548.7,0
516,16.6,548.7,0
517,16,548.7,0
517,15.4,548.7,0
518,14.7,548.7,0
518,14.1,548.7,0
519,13.5,548.7,0
519,12.9,548.7,0
519,12.2,548.7,0
520,11.6,548.7,0
520,11,548.7,0
521,10.3,548.7,0
521,9.7,548.7,0
521,9.7,548.7,0
521,9.7,548.7,0
521,9.7,548.7,0
521,9.7,548.6,0
520,9.8,548.6,0
520,9.8,548.6,0
520,9.8,548.6,0
520,9.8,548.6,0
520,9.8,548.6,0
520,9.8,548.6,0
520,10,548.6,0
520,10.1,548.6,0
520,10.3,548.6,0
520,10.5,548.6,0
520,10.7,548.6,0
519,10.8,548.6,0
519,11,548.6,0
519,11.2,548.6,0
519,11.3,548.6,0
519,11.5,548.6,0
519,11.6,548.6,0
519,11.8,548.6,0
519,11.9,548.6,0
519,12.1,548.6,0
518,12.2,548.6,0
518,12.3,548.6,0
518,12.5,548.6,0
518,12.6,548.6,0
518,12.8,548.6,0
518,12.9,548.6,0
518,12.8,548.6,0
518,12.7,548.6,0
518,12.7,548.6,0
518,12.6,548.6,0
518,12.5,548.6,0
519,12.4,548.6,0
519,12.3,548.6,0
519,12.3,548.6,0
519,12.2,548.6,0
519,12.1,548.6,0
519,12.2,548.6,0
519,12.3,548.6,0
518,12.4,548.6,0
518,12.5,548.6,0
518,12.6,548.6,0
518,12.7,548.6,0
518,12.8,548.6,0
517,12.9,548.6,0
517,13,548.6,0
517,13.1,548.6,0
517,13.2,548.6,0
517,13.3,548.6,0
517,13.4,548.6,0
517,13.5,548.6,0
517,13.7,548.6,0
517,13.8,548.4,0
517,13.9,548.4,0
517,14,548.4,0
517,14.1,548.4,0
517,14.2,548.4,0
517,14.1,548.4,0
517,13.9,548.4,0
518,13.8,548.4,0
518,13.6,548.3,0
518,13.5,548.3,0
518,13.3,548.3,0
518,13.1,548.3,0
519,13,547.9,0
519,12.8,547.9,0
519,12.7,547.9,0
519,12.4,547.9,0
519,12.1,548.1,0
520,11.8,548.1,0
520,11.5,548.1,0
520,11.2,548.1,0
520,11,548,0
520,10.7,548,0
521,10.4,548,0
521,10.1,548,0
521,9.8,547.8,0
521,9.8,547.8,0
521,9.7,547.8,0
521,9.7,547.8,0
521,9.7,547.9,0
520,9.7,547.9,0
520,9.6,547.9,0
520,9.6,547.9,0
520,9.6,547.9,0
520,9.5,547.9,0
520,9.5,547.9,0
520,9.6,547.9,0
520,9.6,547.8,0
520,9.7,547.8,0
520,9.7,547.8,0
520,9.8,547.8,0
520,9.9,547.8,0
520,9.9,547.8,0
520,10,547.8,0
520,10,547.8,0
520,10.1,548,0
520,10.3,548,0
520,10.5,548,0
519,10.7,548,0
519,10.9,547.9,0
519,11.2,547.9,0
519,11.4,547.9,0
519,11.6,547.9,0
518,11.8,548.1,0
518,12,548.1,0
518,12.2,548.1,0
518,12.5,548.1,0
517,12.9,548.1,0
517,13.2,548.1,0
517,13.5,548.1,0
516,13.9,548.1,0
516,14.2,548.2,0
516,14.5,548.2,0
516,14.8,548.2,0
515,15.2,548.2,0
515,15.5,548.2,0
515,16,548.2,0
514,16.6,548.2,0
514,17.2,548.2,0
513,17.7,548.3,0
513,18.2,548.3,0
513,18.8,548.3,0
512,19.3,548.3,0
512,19.9,548.4,0
511,20.4,548.4,0
511,21,548.4,0
511,20.8,548.4,0
512,20.6,548.4,0
512,20.3,548.4,0
512,20.1,548.4,0
512,19.9,548.4,0
513,19.7,548.5,0
513,19.5,548.5,0
513,19.2,548.5,0
514,19,548.5,0
514,18.8,548.6,0
514,18.4,548.6,0
514,18,548.6,0
515,17.7,548.6,0
515,17.3,548.5,0
515,16.9,548.5,0
515,16.5,548.5,0
515,16.1,548.5,0
516,15.8,548.5,0
516,15.4,548.5,0
516,15,548.5,0
516,15.3,548.5,0
516,15.6,548.5,0
515,15.8,548.5,0
515,16.1,548.5,0
515,16.4,548.5,0
515,16.7,548.6,0
515,17,548.6,0
514,17.2,548.6,0
514,17.5,548.6,0
514,17.8,548.6,0
514,17.4,548.6,0
515,17,548.6,0
515,16.6,548.6,0
515,16.2,548.5,0
516,15.8,548.5,0
516,15.4,548.5,0
516,15,548.5,0
516,14.6,548.4,0
517,14.2,548.4,0
517,13.8,548.4,0
517,13.8,548.4,0
517,13.8,548.5,0
517,13.8,548.5,0
517,13.8,548.5,0
517,13.8,548.5,0
517,13.7,548.4,0
517,13.7,548.4,0
517,13.7,548.4,0
517,13.7,548.4,0
517,13.7,548.3,0
516,14.3,548.3,0
516,14.9,548.3,0
515,15.4,548.3,0
515,16,548.3,0
514,16.6,548.3,0
513,17.2,548.3,0
513,17.8,548.3,0
512,18.3,548.3,0
512,18.9,548.3,0
511,19.5,548.3,0
511,20,548.3,0
510,20.5,548.3,0
510,21,548.3,0
509,21.5,548.3,0
509,22,548.3,0
509,22.4,548.3,0
508,22.9,548.3,0
508,23.4,548.3,0
507,23.9,548.3,0
507,24.4,548.3,0
507,24.4,548.3,0
507,24.3,548.3,0
507,24.3,548.3,0
507,24.3,548.3,0
508,24.2,548.3,0
508,24.2,548.3,0
508,24.2,548.3,0
508,24.2,548.4,0
508,24.1,548.4,0
508,24.1,548.4,0
508,23.9,548.4,0
508,23.7,548.4,0
509,23.5,548.4,0
509,23.3,548.4,0
509,23.1,548.4,0
509,22.9,548.4,0
509,22.7,548.4,0
510,22.5,548.4,0
510,22.3,548.4,0
510,22.1,548.5,0
510,22.3,548.5,0
509,22.5,548.5,0
509,22.8,548.5,0
508,23,548.7,0
508,23.2,548.7,0
508,23.4,548.7,0
507,23.6,548.7,0
507,23.9,548.7,0
506,24.1,548.7,0
506,24.3,548.7,0
506,24.5,548.7,0
506,24.7,548.7,0
506,24.9,548.7,0
506,25.1,548.7,0
506,25.4,548.7,0
505,25.6,548.6,0
505,25.8,548.6,0
505,26,548.6,0
505,26.2,548.6,0
505,26.4,548.7,0
505,26.4,548.7,0
505,26.4,548.7,0
505,26.3,548.7,0
505,26.3,548.6,0
505,26.3,548.6,0
505,26.3,548.6,0
505,26.3,548.6,0
505,26.2,548.7,0
505,26.2,548.7,0
505,26.2,548.7,0
505,26.1,548.7,0
505,26.1,548.7,0
505,26,548.7,0
505,26,548.7,0
505,25.9,548.7,0
505,25.8,548.6,0
505,25.8,548.6,0
505,25.7,548.6,0
505,25.7,548.6,0
505,25.6,548.6,0
504,26.3,548.6,0
504,26.9,548.6,0
503,27.6,548.6,0
502,28.2,548.7,0
502,28.9,548.7,0
501,29.6,548.7,0
500,30.2,548.7,0
499,30.9,548.7,0
499,31.5,548.7,0
498,32.2,548.7,0
498,32.5,548.7,0
497,32.8,548.7,0
497,33.2,548.7,0
497,33.5,548.7,0
496,33.8,548.7,0
496,34.1,548.7,0
496,34.4,548.7,0
496,34.8,548.7,0
495,35.1,548.7,0
495,35.4,548.7,0
495,35.5,548.7,0
495,35.6,548.7,0
495,35.6,548.7,0
495,35.7,548.7,0
496,35.8,548.7,0
496,35.9,548.7,0
496,36,548.7,0
496,36,548.7,0
496,36.1,548.7,0
496,36.2,548.7,0
496,36.1,548.7,0
496,36,548.7,0
496,35.9,548.7,0
496,35.8,548.7,0
496,35.8,548.7,0
496,35.7,548.7,0
496,35.6,548.7,0
496,35.5,548.7,0
496,35.4,548.7,0
496,35.3,548.7,0
496,35.3,548.7,0
496,35.4,548.7,0
495,35.4,548.7,0
495,35.4,548.7,0
495,35.5,548.7,0
495,35.5,548.7,0
495,35.5,548.7,0
494,35.5,548.7,0
494,35.6,548.7,0
494,35.6,548.7,0
494,35.6,548.7,0
494,35.6,548.7,0
494,35.6,548.7,0
494,35.6,548.7,0
494,35.5,548.7,0
495,35.5,548.7,0
495,35.5,548.7,0
495,35.5,548.7,0
495,35.5,548.7,0
495,35.5,548.7,0
494,36.1,548.7,0
492,36.7,548.7,0
490,37.4,548.7,0
489,38,548.6,0
488,38.6,548.6,0
486,39.2,548.6,0
485,39.8,548.6,0
483,40.5,548.6,0
482,41.1,548.6,0
480,41.7,548.6,0
479,42.9,548.6,0
479,44,548.6,0
478,45.2,548.6,0
478,46.4,548.6,0
477,47.6,548.6,0
476,48.7,548.6,0
476,49.9,548.6,0
475,51.1,548.6,0
475,52.2,548.6,0
474,53.4,548.7,0
476,52.5,548.7,0
477,51.5,548.7,0
479,50.5,548.7,0
480,49.6,548.6,0
482,48.7,548.6,0
484,47.7,548.6,0
485,46.8,548.6,0
487,45.8,548.6,0
488,44.8,548.6,0
490,43.9,548.6,0
491,42.3,548.6,0
492,40.8,548.7,0
494,39.2,548.7,0
495,37.7,548.7,0
496,36.2,548.7,0
497,34.6,548.6,0
498,33.1,548.6,0
500,31.5,548.6,0
501,29.9,548.6,0
502,28.4,548.6,0
500,28.9,548.6,0
499,29.4,548.6,0
497,30,548.6,0
495,30.5,548.6,0
494,31,548.6,0
492,31.5,548.6,0
490,32,548.6,0
488,32.6,548.6,0
487,33.1,548.6,0
485,33.6,548.6,0
484,35.2,548.6,0
483,36.9,548.6,0
483,38.5,548.6,0
482,40.1,548.6,0
481,41.8,548.6,0
480,43.4,548.6,0
479,45,548.6,0
479,46.6,548.6,0
478,48.3,548.6,0
477,49.9,548.6,0
480,48,548.6,0
483,46.2,548.6,0
485,44.3,548.6,0
488,42.5,548.6,0
491,40.6,548.6,0
494,38.7,548.6,0
497,36.9,548.6,0
499,35,548.6,0
502,33.2,548.6,0
505,31.3,548.6,0
508,27.8,548.6,0
511,24.3,548.6,0
514,20.8,548.6,0
517,17.3,548.6,0
520,13.8,548.6,0
522,10.3,548.6,0
525,6.8,548.6,0
528,3.3,548.6,0
531,-0.2,548.6,0
534,-3.7,548.6,0
534,-4.7,548.6,0
534,-5.6,548.6,0
535,-6.6,548.6,0
535,-7.5,548.5,0
535,-8.5,548.5,0
535,-9.5,548.5,0
535,-10.4,548.5,0
536,-11.4,548.5,0
536,-12.3,548.5,0
536,-13.3,548.5,0
535,-12.2,548.5,0
534,-11.1,548.5,0
533,-10.1,548.5,0
532,-9,548.5,0
532,-7.9,548.5,0
531,-6.8,548.4,0
530,-5.7,548.4,0
529,-4.7,548.4,0
528,-3.6,548.4,0
527,-2.5,548.1,0
527,-2.3,548.1,0
527,-2.1,548.1,0
527,-2,548.1,0
527,-1.8,548.2,0
526,-1.6,548.2,0
526,-1.4,548.2,0
526,-1.2,548.2,0
526,-1.1,548,0
526,-0.9,548,0
526,-0.7,548,0
526,-0.7,548,0
526,-0.7,547.9,0
526,-0.7,547.9,0
526,-0.7,547.9,0
526,-0.7,547.9,0
526,-0.6,547.8,0
526,-0.6,547.8,0
526,-0.6,547.8,0
526,-0.6,547.8,0
526,-0.6,547.8,0
526,-0.6,547.8,0
526,-0.5,547.8,0
526,-0.5,547.8,0
526,-0.4,547.9,0
526,-0.4,547.9,0
527,-0.4,547.9,0
527,-0.3,547.9,0
527,-0.3,547.9,0
527,-0.2,547.9,0
527,-0.2,547.9,0
527,-0.1,547.9,0
527,0,547.8,0
526,0.1,547.8,0
526,0.2,547.8,0
526,0.3,547.8,0
526,0.4,547.8,0
526,0.5,547.8,0
525,0.6,547.8,0
525,0.7,547.8,0
525,0.8,547.6,0
525,0.9,547.6,0
525,1,547.6,0
525,1,547.6,0
525,1.1,547.7,0
525,1.2,547.7,0
525,1.3,547.7,0
525,1.4,547.7,0
525,1.4,547.8,0
525,1.5,547.8,0
525,1.6,547.8,0
525,1.6,547.8,0
525,1.5,547.9,0
525,1.4,547.9,0
525,1.4,547.9,0
526,1.4,547.9,0
526,1.3,547.9,0
526,1.3,547.9,0
526,1.2,547.9,0
526,1.2,547.9,0
526,1.1,547.9,0
526,1,547.9,0
526,1,547.9,0
526,0.9,547.9,0
526,0.9,548,0
526,0.8,548,0
526,0.7,548,0
526,0.7,548,0
526,0.6,548.1,0
526,0.6,548.1,0
526,0.5,548.1,0
526,0.5,548.1,0
526,0.5,548.1,0
526,0.5,548.1,0
526,0.5,548.1,0
526,0.5,548.1,0
527,0.5,548.1,0
527,0.5,548.1,0
527,0.5,548.1,0
527,0.5,548.1,0
527,0.5,548,0
527,0.5,548,0
527,0.6,548,0
527,0.6,548,0
527,0.6,548.1,0
526,0.7,548.1,0
526,0.7,548.1,0
526,0.7,548.1,0
526,0.7,548.2,0
526,0.8,548.2,0
526,0.8,548.2,0
526,0.8,548.2,0
526,0.8,548.1,0
526,0.8,548.1,0
526,0.8,548.1,0
526,0.8,548.1,0
526,0.7,548,0
526,0.7,548,0
526,0.7,548,0
526,0.7,548,0
526,0.7,548.1,0
526,0.7,548.1,0
526,0.7,548.1,0
526,0.7,548.1,0
526,0.7,548.2,0
526,0.7,548.2,0
526,0.7,548.2,0
526,0.7,548.2,0
526,0.7,548.1,0
526,0.7,548.1,0
526,0.7,548.1,0
526,0.7,548.1,0
526,0.7,548.1,0
526,0.7,548.1,0
526,0.7,548.1,0
526,0.8,548.1,0
526,0.8,548.1,0
526,0.8,548.1,0
526,0.8,548.1,0
526,0.8,548.1,0
526,0.8,548.1,0
526,0.8,548.1,0
526,0.7,548.1,0
526,0.7,548.1,0
526,0.7,548.1,0
526,0.7,548.1,0
527,0.6,548.1,0
527,0.6,548.1,0
527,0.6,548.2,0
527,0.5,548.2,0
527,0.5,548.2,0
527,0.5,548.2,0
527,0.5,548.1,0
527,0.4,548.1,0
527,0.4,548.1,0
527,0.4,548.1,0
527,0.4,548.1,0
527,0.4,548.1,0
527,0.3,548.1,0
527,0.3,548.1,0
527,0.3,548.2,0
527,0.3,548.2,0
527,0.3,548.2,0
527,0.3,548.2,0
527,0.3,548.2,0
527,0.4,548.2,0
527,0.4,548.2,0
527,0.4,548.2,0
527,0.4,548.2,0
527,0.4,548.2,0
527,0.4,548.2,0
527,0.4,548.2,0
527,0.3,548.2,0
527,0.3,548.2,0
527,0.3,548.2,0
527,0.2,548.2,0
527,0.2,548.1,0
527,0.2,548.1,0
527,0.2,548.1,0
527,0.1,548.1,0
527,0.1,548.1,0
527,0.2,548.1,0
527,0.2,548.1,0
527,0.3,548.1,0
527,0.3,548.2,0
526,0.4,548.2,0
526,0.5,548.2,0
526,0.5,548.2,0
526,0.6,548.3,0
526,0.6,548.3,0
526,0.7,548.3,0
526,1.1,548.3,0
525,1.6,548.3,0
525,2,548.3,0
525,2.4,548.3,0
524,2.9,548.3,0
524,3.3,548.3,0
524,3.7,548.3,0
524,4.1,548.3,0
523,4.6,548.3,0
523,5,548.3,0
523,5.3,548.3,0
523,5.5,548.3,0
523,5.8,548.3,0
523,6.1,548.5,0
522,6.3,548.5,0
522,6.6,548.5,0
522,6.9,548.5,0
522,7.2,548.5,0
522,7.4,548.5,0
522,7.7,548.5,0
522,7.1,548.5,0
523,6.6,548.5,0
523,6,548.5,0
524,5.5,548.5,0
524,4.9,548.5,0
524,4.3,548.6,0
525,3.8,548.6,0
525,3.2,548.6,0
526,2.7,548.6,0
526,2.1,548.6,0
526,1.9,548.6,0
526,1.7,548.6,0
526,1.5,548.6,0
526,1.3,548.6,0
526,1.1,548.6,0
527,0.8,548.6,0
527,0.6,548.6,0
527,0.4,548.6,0
527,0.2,548.6,0
527,0,548.6,0
527,0.2,548.6,0
527,0.3,548.6,0
527,0.5,548.6,0
527,0.6,548.6,0
526,0.8,548.6,0
526,1,548.6,0
526,1.1,548.6,0
526,1.3,548.6,0
526,1.4,548.6,0
526,1.6,548.6,0
526,1.9,548.6,0
526,2.2,548.6,0
525,2.4,548.6,0
525,2.7,548.5,0
525,3,548.5,0
525,3.3,548.5,0
525,3.6,548.5,0
524,3.8,548.5,0
524,4.1,548.5,0
524,4.4,548.5,0
524,4.6,548.5,0
524,4.9,548.5,0
523,5.1,548.5,0
523,5.4,548.5,0
523,5.6,548.5,0
523,5.8,548.5,0
523,6.1,548.5,0
522,6.3,548.5,0
522,6.6,548.5,0
522,6.8,548.5,0
522,6.9,548.5,0
522,7,548.5,0
522,7.1,548.5,0
522,7.2,548.5,0
522,7.4,548.5,0
521,7.5,548.5,0
521,7.6,548.5,0
521,7.7,548.5,0
521,7.8,548.5,0
521,7.9,548.5,0
521,7.9,548.5,0
521,7.8,548.4,0
521,7.8,548.4,0
521,7.7,548.4,0
522,7.7,548.4,0
522,7.7,548.2,0
522,7.6,548.2,0
522,7.6,548.2,0
522,7.5,548.2,0
522,7.5,548.2,0
522,7.7,548.2,0
522,8,548.2,0
521,8.2,548.2,0
521,8.4,547.7,0
521,8.7,547.7,0
521,8.9,547.7,0
521,9.1,547.7,0
520,9.3,547.7,0
520,9.6,547.7,0
520,9.8,547.7,0
520,9.8,547.7,0
520,9.7,548,0
520,9.7,548,0
520,9.6,548,0
520,9.6,548,0
521,9.6,547.9,0
521,9.5,547.9,0
521,9.5,547.9,0
521,9.4,547.9,0
521,9.4,548,0
521,9.1,548,0
521,8.9,548,0
522,8.6,548,0
522,8.4,548,0
522,8.1,548,0
522,7.8,548,0
522,7.6,548,0
523,7.3,548,0
523,7.1,548,0
523,6.8,548,0
523,6.9,548,0
523,7,548.1,0
523,7.2,548.1,0
523,7.3,548.1,0
522,7.4,548.1,0
522,7.5,548.2,0
522,7.6,548.2,0
522,7.8,548.2,0
522,7.9,548.2,0
522,8,548.1,0
522,8.3,548.1,0
521,8.7,548.1,0
521,9.1,548.1,0
520,9.4,548.2,0
520,9.8,548.2,0
520,10.1,548.2,0
519,10.4,548.2,0
519,10.8,548.2,0
518,11.1,548.2,0
518,11.5,548.2,0
518,11.8,548.2,0
518,12.1,548.2,0
518,12.5,548.2,0
518,12.8,548.2,0
518,13.1,548.2,0
517,13.4,548.2,0
517,13.7,548.2,0
517,14.1,548.2,0
517,14.4,548.2,0
517,14.7,548.2,0
517,14.4,548.2,0
517,14.2,548.2,0
518,13.9,548.2,0
518,13.6,548.2,0
518,13.4,548.2,0
518,13.1,548.2,0
518,12.8,548.2,0
519,12.5,548.3,0
519,12.3,548.3,0
519,12,548.3,0
519,12.1,548.3,0
519,12.2,548.1,0
519,12.4,548.1,0
519,12.5,548.1,0
518,12.6,548.1,0
518,12.7,548.2,0
518,12.8,548.2,0
518,13,548.2,0
518,13.1,548.2,0
518,13.2,548.2,0
518,13.3,548.2,0
518,13.5,548.2,0
518,13.6,548.2,0
518,13.8,548.1,0
518,14,548.1,0
517,14.1,548.1,0
517,14.3,548.1,0
517,14.4,548.2,0
517,14.6,548.2,0
517,14.7,548.2,0
517,14.6,548.2,0
517,14.4,548.2,0
517,14.3,548.2,0
517,14.1,548.2,0
518,14,548.2,0
518,13.9,548,0
518,13.7,548,0
518,13.6,548,0
518,13.4,548,0
518,13.3,548.1,0
518,13.2,548.1,0
518,13.2,548.1,0
518,13.1,548.1,0
518,13.1,548.1,0
518,13,548.1,0
518,12.9,548.1,0
518,12.9,548.1,0
518,12.8,548.2,0
518,12.8,548.2,0
518,12.7,548.2,0
518,12.6,548.2,0
518,12.6,548.1,0
518,12.5,548.1,0
518,12.4,548.1,0
518,12.4,548.1,0
518,12.3,548,0
518,12.2,548,0
518,12.1,548,0
518,12.1,548,0
518,12,548,0
518,12,548,0
518,12,548,0
518,12,548,0
518,12,547.9,0
518,11.9,547.9,0
518,11.9,547.9,0
518,11.9,547.9,0
518,11.9,547.7,0
518,11.9,547.7,0
518,11.9,547.7,0
518,12.3,547.7,0
518,12.7,547.4,0
517,13,547.4,0
517,13.4,547.4,0
517,13.8,547.4,0
517,14.2,547.3,0
517,14.6,547.3,0
516,14.9,547.3,0
516,15.3,547.3,0
516,15.7,546.9,0
516,15.7,546.9,0
516,15.7,546.9,0
516,15.7,546.9,0
516,15.7,546.6,0
516,15.7,546.6,0
516,15.6,546.6,0
516,15.6,546.6,0
516,15.6,546.6,0
516,15.6,546.6,0
516,15.6,546.6,0
516,15.4,546.6,0
516,15.2,547,0
516,15,547,0
516,14.8,547,0
516,14.7,547,0
517,14.5,547,0
517,14.3,547,0
517,14.1,547,0
517,13.9,547,0
517,13.7,546.9,0
517,13.5,546.9,0
517,13.3,546.9,0
517,13.2,546.9,0
517,13,547.1,0
518,12.8,547.1,0
518,12.6,547.1,0
518,12.4,547.1,0
518,12.3,547.1,0
518,12.1,547.1,0
518,11.9,547.1,0
518,11.7,547.1,0
518,11.6,547.1,0
519,11.4,547.1,0
519,11.3,547.1,0
519,11.1,547.1,0
519,10.9,547.3,0
519,10.8,547.3,0
520,10.6,547.3,0
520,10.5,547.3,0
520,10.3,547.2,0
520,10.3,547.2,0
520,10.3,547.2,0
520,10.3,547.2,0
520,10.3,547.4,0
520,10.3,547.4,0
519,10.3,547.4,0
519,10.3,547.4,0
519,10.3,547.6,0
519,10.3,547.6,0
519,10.3,547.6,0
519,10.8,547.6,0
518,11.4,547.6,0
518,11.9,547.6,0
517,12.5,547.6,0
517,13,547.6,0
517,13.5,547.7,0
516,14.1,547.7,0
516,14.6,547.7,0
515,15.2,547.7,0
515,15.7,547.7,0
515,15.5,547.7,0
516,15.3,547.7,0
516,15.2,547.7,0
516,15,547.8,0
516,14.8,547.8,0
517,14.6,547.8,0
517,14.4,547.8,0
517,14.3,547.8,0
518,14.1,547.8,0
518,13.9,547.8,0
518,13.9,547.8,0
518,13.9,547.9,0
518,14,547.9,0
518,14,547.9,0
518,14,547.9,0
517,14,547.8,0
517,14,547.8,0
517,14.1,547.8,0
517,14.1,547.8,0
517,14.1,547.9,0
517,14.4,547.9,0
516,14.7,547.9,0
516,15,547.9,0
516,15.3,547.7,0
516,15.6,547.7,0
515,15.9,547.7,0
515,16.2,547.7,0
515,16.5,547.9,0
514,16.8,547.9,0
514,17.1,547.9,0
514,17.1,547.9,0
514,17.2,547.9,0
514,17.2,547.9,0
514,17.2,547.9,0
514,17.2,547.9,0
514,17.3,547.9,0
514,17.3,547.9,0
514,17.3,547.9,0
514,17.4,547.9,0
514,17.4,547.8,0
514,17.5,547.8,0
514,17.5,547.8,0
514,17.6,547.8,0
514,17.7,547.9,0
514,17.8,547.9,0
514,17.8,547.9,0
514,17.9,547.9,0
514,18,548,0
514,18,548,0
514,18.1,548,0
514,17.9,548,0
514,17.7,548,0
514,17.4,548,0
514,17.2,548,0
514,17,548,0
515,16.8,548.1,0
515,16.6,548.1,0
515,16.3,548.1,0
515,16.1,548.1,0
515,15.9,548,0
515,16.2,548,0
514,16.5,548,0
514,16.8,548,0
514,17.1,547.9,0
514,17.4,547.9,0
513,17.8,547.9,0
513,18.1,547.9,0
513,18.4,548,0
512,18.7,548,0
512,19,548,0
512,19.3,548,0
512,19.6,548,0
511,19.9,548,0
511,20.2,548,0
511,20.5,548,0
511,20.8,548.1,0
511,21.1,548.1,0
510,21.4,548.1,0
510,21.7,548.1,0
510,22,548.2,0
510,21.9,548.2,0
510,21.9,548.2,0
510,21.8,548.2,0
510,21.8,548.2,0
510,21.7,548.2,0
510,21.6,548.2,0
510,21.6,548.2,0
510,21.5,548.2,0
510,21.5,548.2,0
510,21.4,548.2,0
510,21.6,548.2,0
510,21.8,548.2,0
510,22,548.2,0
510,22.2,548.2,0
510,22.4,548.2,0
509,22.6,548.2,0
509,22.8,548.2,0
509,23,548.2,0
509,23.2,548.2,0
509,23.4,548.2,0
509,23.4,548.2,0
509,23.4,548.2,0
509,23.5,548.2,0
509,23.5,547.9,0
508,23.5,547.9,0
508,23.5,547.9,0
508,23.5,547.9,0
508,23.6,548.1,0
508,23.6,548.1,0
508,23.6,548.1,0
508,23.9,548.1,0
508,24.2,548.2,0
507,24.5,548.2,0
507,24.8,548.2,0
507,25.1,548.2,0
507,25.4,548.1,0
507,25.7,548.1,0
506,26,548.1,0
506,26.3,548.1,0
506,26.6,548.1,0
506,26.5,548.1,0
506,26.4,548.1,0
506,26.3,548.1,0
506,26.2,548.1,0
506,26.1,548.1,0
507,25.9,548.1,0
507,25.8,548.1,0
507,25.7,548.1,0
507,25.6,548.1,0
507,25.5,548.1,0
507,25.2,548.1,0
508,24.8,548.1,0
508,24.5,548.1,0
508,24.1,548.1,0
508,23.8,548.1,0
509,23.4,547.9,0
509,23,547.9,0
509,22.7,547.9,0
510,22.3,547.9,0
510,22,547.9,0
510,22.1,547.9,0
510,22.1,547.9,0
509,22.2,547.9,0
509,22.2,547.9,0
509,22.3,547.9,0
509,22.4,547.9,0
509,22.4,547.9,0
508,22.5,548,0
508,22.5,548,0
508,22.6,548,0
508,23,548,0
507,23.3,547.9,0
507,23.7,547.9,0
507,24,547.9,0
506,24.4,547.9,0
506,24.8,548.1,0
506,25.1,548.1,0
506,25.5,548.1,0
505,25.8,548.1,0
505,26.2,548,0
505,26.3,548,0
505,26.4,548,0
505,26.4,548,0
505,26.5,548,0
505,26.6,548,0
505,26.7,548,0
505,26.8,548,0
505,26.8,548.1,0
505,26.9,548.1,0
505,27,548.1,0
505,26.9,548.1,0
505,26.7,547.8,0
505,26.6,547.8,0
505,26.4,547.8,0
506,26.3,547.8,0
506,26.2,547.7,0
506,26,547.7,0
506,25.9,547.7,0
506,25.7,547.7,0
506,25.6,547.1,0
506,25.8,547.1,0
505,26,547.1,0
505,26.2,547.1,0
505,26.4,546.6,0
504,26.7,546.6,0
504,26.9,546.6,0
504,27.1,546.6,0
504,27.3,546.5,0
503,27.5,546.5,0
503,27.7,546.5,0
503,28,546.5,0
503,28.2,546.2,0
502,28.5,546.2,0
502,28.7,546.2,0
502,29,546.2,0
502,29.3,546.4,0
502,29.5,546.4,0
501,29.8,546.4,0
501,30,546.4,0
501,30.3,546.8,0
501,30.2,546.8,0
501,30.1,546.8,0
501,30,546.8,0
501,29.9,546.8,0
502,29.9,546.8,0
502,29.8,546.8,0
502,29.7,546.8,0
502,29.6,546.8,0
502,29.5,546.8,0
502,29.4,546.8,0
502,29.3,546.8,0
502,29.1,546.9,0
502,29,546.9,0
502,28.8,546.9,0
502,28.7,546.9,0
503,28.6,547.2,0
503,28.4,547.2,0
503,28.3,547.2,0
503,28.1,547.2,0
503,28,547,0
503,28.1,547,0
503,28.2,547,0
502,28.3,547,0
502,28.4,547.2,0
502,28.5,547.2,0
502,28.6,547.2,0
502,28.7,547.2,0
501,28.8,547.4,0
501,28.9,547.4,0
501,29,547.4,0
501,29.2,547.4,0
501,29.5,547.5,0
500,29.7,547.5,0
500,30,547.5,0
500,30.2,547.5,0
500,30.5,547.7,0
500,30.8,547.7,0
499,31,547.7,0
499,31.3,547.7,0
499,31.5,547.6,0
499,31.5,547.6,0
499,31.5,547.6,0
499,31.6,547.6,0
499,31.6,547.5,0
499,31.6,547.5,0
499,31.6,547.5,0
499,31.6,547.5,0
499,31.7,547.7,0
499,31.7,547.7,0
499,31.7,547.7,0
499,32.2,547.7,0
498,32.7,547.9,0
497,33.1,547.9,0
497,33.6,547.9,0
496,34.1,547.9,0
496,34.6,548.1,0
496,35.1,548.1,0
495,35.5,548.1,0
494,36,548.1,0
494,36.5,548.4,0
494,36.1,548.4,0
495,35.8,548.4,0
496,35.4,548.4,0
496,35.1,548.4,0
496,34.7,548.4,0
497,34.3,548.4,0
497,34,548.4,0
498,33.6,548.4,0
499,33.3,548.4,0
499,32.9,548.4,0
500,32,548.4,0
500,31.2,548.4,0
501,30.3,548.4,0
502,29.4,548.4,0
502,28.6,548.4,0
503,27.7,548.4,0
504,26.8,548.4,0
505,25.9,548.4,0
505,25.1,548.4,0
506,24.2,548.4,0
506,24.5,548.4,0
505,24.7,548.4,0
505,25,548.4,0
504,25.2,548.4,0
504,25.5,548.4,0
504,25.8,548.4,0
503,26,548.4,0
503,26.3,548.4,0
502,26.5,548.4,0
502,26.8,548.4,0
504,24.3,548.4,0
506,21.8,548.4,0
508,19.3,548.4,0
510,16.8,548.4,0
512,14.3,548.4,0
515,11.9,548.4,0
517,9.4,548.4,0
519,6.9,548.4,0
521,4.4,548.4,0
523,1.9,548.4,0
523,1.7,548.4,0
524,1.5,548.4,0
524,1.3,548.4,0
524,1.1,548.4,0
524,1,548.4,0
525,0.8,548.4,0
525,0.6,548.4,0
525,0.4,548.4,0
526,0.2,548.4,0
526,0,548.4,0
526,0,548.4,0
526,-0.1,548.4,0
526,-0.1,548.4,0
526,-0.1,548.4,0
526,-0.2,548.4,0
526,-0.2,548.4,0
526,-0.2,548.4,0
526,-0.2,548.4,0
526,-0.3,548.4,0
526,-0.3,548.5,0
526,-0.2,548.5,0
526,0,548.5,0
526,0.1,548.5,0
526,0.2,548.4,0
526,0.3,548.4,0
525,0.5,548.4,0
525,0.6,548.4,0
525,0.7,548.4,0
525,0.9,548.4,0
525,1,548.4,0
525,0.9,548.4,0
525,0.8,548.4,0
525,0.8,548.4,0
525,0.7,548.4,0
526,0.6,548.4,0
526,0.5,548.4,0
526,0.4,548.4,0
526,0.4,548.4,0
526,0.3,548.4,0
526,0.2,548.4,0
526,0.3,548.4,0
526,0.3,548.4,0
526,0.4,548.4,0
526,0.4,548.4,0
526,0.5,548.4,0
526,0.6,548.4,0
526,0.6,548.4,0
526,0.7,548.4,0
526,0.7,548.4,0
526,0.8,548.4,0
526,0.9,548.4,0
526,0.9,548.4,0
526,1,548.4,0
526,1.1,548.4,0
526,1.1,548.4,0
525,1.2,548.3,0
525,1.3,548.3,0
525,1.4,548.3,0
525,1.4,548.3,0
525,1.5,548.3,0
525,1.5,548.3,0
525,1.5,548.3,0
525,1.4,548.3,0
525,1.4,548.3,0
526,1.4,548.3,0
526,1.4,548.3,0
526,1.4,548.3,0
526,1.3,548.3,0
526,1.3,548.3,0
526,1.3,548.3,0
526,1.3,548.3,0
526,1.3,548.3,0
526,1.3,548.3,0
526,1.3,548.3,0
526,1.4,548.3,0
526,1.4,548.3,0
526,1.4,548.3,0
526,1.4,548.3,0
526,1.4,548.3,0
526,1.4,548.2,0
526,1.4,548.2,0
526,1.4,548.2,0
526,1.4,548.2,0
526,1.4,548.1,0
526,1.4,548.1,0
526,1.3,548.1,0
526,1.3,548.1,0
526,1.3,548.2,0
526,1.3,548.2,0
526,1.3,548.2,0
526,1.2,548.2,0
526,1,547.9,0
526,0.9,547.9,0
526,0.8,547.9,0
526,0.7,547.9,0
527,0.5,548.1,0
527,0.4,548.1,0
527,0.3,548.1,0
527,0.1,548.1,0
527,0,548.1,0
527,0.1,548.1,0
527,0.1,548.1,0
527,0.2,548.1,0
527,0.2,548,0
526,0.3,548,0
526,0.4,548,0
526,0.4,548,0
526,0.5,548,0
526,0.5,548,0
526,0.6,548,0
526,0.6,548,0
526,0.7,547.9,0
526,0.7,547.9,0
526,0.8,547.9,0
526,0.9,547.9,0
526,0.9,547.6,0
526,0.9,547.6,0
526,1,547.6,0
526,1,547.6,0
526,1.1,547.8,0
526,1.2,547.8,0
526,1.3,547.8,0
526,1.5,547.8,0
526,1.6,547.6,0
526,1.7,547.6,0
525,1.8,547.6,0
525,1.9,547.6,0
525,2.1,547.5,0
525,2.2,547.5,0
525,2.3,547.5,0
525,2.5,547.5,0
525,2.6,547.6,0
525,2.8,547.6,0
525,2.9,547.6,0
524,3.1,547.6,0
524,3.3,547.5,0
524,3.4,547.5,0
524,3.6,547.5,0
524,3.7,547.5,0
524,3.9,547.6,0
523,4.7,547.6,0
523,5.4,547.6,0
522,6.2,547.6,0
521,7,547.6,0
520,7.8,547.6,0
520,8.5,547.6,0
519,9.3,547.6,0
518,10.1,547.5,0
518,10.8,547.5,0
517,11.6,547.5,0
517,12.1,547.5,0
516,12.6,547.5,0
516,13.1,547.5,0
516,13.6,547.5,0
516,14.2,547.5,0
515,14.7,547.6,0
515,15.2,547.6,0
515,15.7,547.6,0
514,16.2,547.6,0
514,16.7,547.4,0
514,16.5,547.4,0
515,16.4,547.4,0
515,16.2,547.4,0
515,16.1,547.6,0
516,15.9,547.6,0
516,15.7,547.6,0
516,15.6,547.6,0
516,15.4,547.6,0
517,15.3,547.6,0
517,15.1,547.6,0
517,14.6,547.6,0
518,14.2,547.5,0
518,13.7,547.5,0
518,13.3,547.5,0
518,12.8,547.5,0
519,12.3,547.6,0
519,11.9,547.6,0
519,11.4,547.6,0
520,11,547.6,0
520,10.5,547.4,0
520,10.6,547.4,0
520,10.7,547.4,0
519,10.9,547.4,0
519,11,546.8,0
519,11.1,546.8,0
519,11.2,546.8,0
519,11.3,546.8,0
518,11.5,546.7,0
518,11.6,546.7,0
518,11.7,546.7,0
518,12.1,546.7,0
517,12.5,546.1,0
517,13,546.1,0
516,13.4,546.1,0
516,13.8,546.1,0
516,14.2,545.4,0
515,14.6,545.4,0
515,15.1,545.4,0
514,15.5,545.4,0
514,15.9,545.4,0
514,16.4,545.4,0
513,16.9,545.4,0
513,17.4,545.4,0
512,17.9,545.2,0
512,18.4,545.2,0
512,18.8,545.2,0
511,19.3,545.2,0
511,19.8,545.1,0
510,20.3,545.1,0
510,20.8,545.1,0
510,20.8,545.1,0
510,20.9,545.4,0
510,20.9,545.4,0
510,21,545.4,0
510,21.1,545.4,0
511,21.1,545.4,0
511,21.1,545.4,0
511,21.2,545.4,0
511,21.2,545.4,0
511,21.3,545.4,0
511,21.4,545.4,0
511,21.5,545.4,0
510,21.5,545.4,0
510,21.6,545.4,0
510,21.7,545.4,0
510,21.8,545.4,0
510,21.9,545.4,0
509,21.9,546.1,0
509,22,546.1,0
509,22.1,546.1,0
509,22.2,546.1,0
509,22.3,545.7,0
509,22.4,545.7,0
509,22.5,545.7,0
508,22.7,545.7,0
508,22.8,546,0
508,22.9,546,0
508,23,546,0
508,23.1,546,0
508,23.2,546.4,0
508,23.5,546.4,0
507,23.9,546.4,0
507,24.2,546.4,0
507,24.5,546.6,0
506,24.9,546.6,0
506,25.2,546.6,0
506,25.5,546.6,0
506,25.8,546.8,0
505,26.2,546.8,0
505,26.5,546.8,0
505,26.4,546.8,0
505,26.2,547,0
505,26.1,547,0
505,26,547,0
506,25.9,547,0
506,25.7,547,0
506,25.6,547,0
506,25.5,547,0
506,25.3,547,0
506,25.2,547.5,0
506,25.2,547.5,0
506,25.1,547.5,0
506,25.1,547.5,0
506,25,547.4,0
506,25,547.4,0
506,24.9,547.4,0
506,24.9,547.4,0
506,24.8,547.4,0
506,24.8,547.4,0
506,24.7,547.4,0
505,25.2,547.4,0
505,25.7,547.4,0
504,26.2,547.4,0
503,26.7,547.4,0
502,27.2,547.4,0
502,27.8,547.5,0
501,28.3,547.5,0
500,28.8,547.5,0
500,29.3,547.5,0
499,29.8,547.3,0
499,30.2,547.3,0
499,30.5,547.3,0
498,30.9,547.3,0
498,31.2,547.4,0
498,31.6,547.4,0
498,32,547.4,0
498,32.3,547.4,0
497,32.7,547.4,0
497,33,547.4,0
497,33.4,547.4,0
498,32.7,547.4,0
499,32,547.4,0
500,31.4,547.4,0
501,30.7,547.4,0
502,30,547.4,0
502,29.3,547.4,0
503,28.6,547.4,0
504,28,547.4,0
505,27.3,547.4,0
506,26.6,547.5,0
506,25.9,547.5,0
507,25.3,547.5,0
507,24.6,547.5,0
507,24,547.3,0
508,23.3,547.3,0
508,22.6,547.3,0
508,22,547.3,0
508,21.3,547.3,0
509,20.7,547.3,0
509,20,547.3,0
508,20.6,547.3,0
507,21.2,547.4,0
507,21.9,547.4,0
506,22.5,547.4,0
505,23.1,547.4,0
504,23.7,547.5,0
503,24.3,547.5,0
503,25,547.5,0
502,25.6,547.5,0
501,26.2,547.4,0
500,26.7,547.4,0
500,27.3,547.4,0
499,27.8,547.4,0
499,28.4,547.6,0
498,28.9,547.6,0
498,29.4,547.6,0
497,30,547.6,0
497,30.5,547.5,0
496,31.1,547.5,0
496,31.6,547.5,0
496,31.7,547.5,0
496,31.8,547.5,0
497,32,547.5,0
497,32.1,547.5,0
497,32.2,547.5,0
497,32.3,547.5,0
497,32.4,547.5,0
498,32.6,547.5,0
498,32.7,547.5,0
498,32.8,547.5,0
498,32.4,547.5,0
499,31.9,547.5,0
499,31.5,547.5,0
500,31.1,547.4,0
500,30.7,547.4,0
500,30.2,547.4,0
501,29.8,547.4,0
501,29.4,547.5,0
502,28.9,547.5,0
502,28.5,547.5,0
502,28.4,547.5,0
502,28.4,547.6,0
502,28.3,547.6,0
502,28.2,547.6,0
502,28.1,547.6,0
501,28.1,547.7,0
501,28,547.7,0
501,27.9,547.7,0
501,27.9,547.7,0
501,27.8,547.6,0
500,28.7,547.6,0
499,29.6,547.6,0
498,30.6,547.6,0
497,31.5,547.6,0
496,32.4,547.6,0
496,33.3,547.6,0
495,34.2,547.6,0
494,35.2,547.9,0
493,36.1,547.9,0
492,37,547.9,0
492,36.9,547.9,0
493,36.9,547.9,0
493,36.8,547.9,0
493,36.7,547.9,0
494,36.7,547.9,0
494,36.6,547.9,0
494,36.5,547.9,0
494,36.4,547.9,0
495,36.4,547.9,0
495,36.3,547.9,0
496,35.2,547.9,0
497,34.1,547.9,0
498,33,547.9,0
499,31.9,547.9,0
500,30.9,547.9,0
501,29.8,547.9,0
502,28.7,547.9,0
503,27.6,547.8,0
504,26.5,547.8,0
505,25.4,547.8,0
504,25.6,547.8,0
504,25.8,548,0
503,25.9,548,0
502,26.1,548,0
502,26.3,548,0
501,26.5,548,0
500,26.7,548,0
499,26.8,548,0
499,27,548,0
498,27.2,548.1,0
497,28.5,548.1,0
496,29.8,548.1,0
495,31.2,548.1,0
494,32.5,548.1,0
492,33.8,548.1,0
491,35.1,548.1,0
490,36.4,548.1,0
489,37.8,548.1,0
488,39.1,548.1,0
487,40.4,548.1,0
488,39.8,548.1,0
489,39.2,548.2,0
490,38.6,548.2,0
491,38,548.2,0
492,37.4,548.2,0
493,36.7,548.2,0
494,36.1,548.2,0
495,35.5,548.2,0
496,34.9,548.2,0
497,34.3,548.3,0
497,33.9,548.3,0
497,33.6,548.3,0
498,33.2,548.3,0
498,32.9,548.3,0
498,32.6,548.3,0
498,32.2,548.3,0
498,31.8,548.3,0
499,31.5,548.3,0
499,31.1,548.3,0
499,30.8,548.3,0
500,30.1,548.3,0
501,29.3,548.3,0
501,28.5,548.3,0
502,27.8,548.3,0
503,27.1,548.3,0
504,26.3,548.3,0
505,25.6,548.3,0
505,24.8,548.3,0
506,24,548.3,0
507,23.3,548.3,0
507,23.2,548.3,0
507,23,548.3,0
507,22.9,548.3,0
507,22.7,548.3,0
506,22.6,548.3,0
506,22.5,548.3,0
506,22.3,548.3,0
506,22.2,548.3,0
506,22,548.3,0
506,21.9,548.3,0
506,22.1,548.3,0
506,22.3,548.3,0
505,22.6,548.3,0
505,22.8,548.3,0
505,23,548.3,0
505,23.2,548.3,0
505,23.4,548.3,0
504,23.7,548.3,0
504,23.9,548.3,0
504,24.1,548.3,0
504,24.3,548.3,0
503,24.5,548.3,0
503,24.7,548.3,0
503,24.9,548.3,0
502,25.1,548.3,0
502,25.2,548.3,0
502,25.4,548.3,0
502,25.6,548.3,0
501,25.8,548.3,0
501,26,548.3,0
501,26.4,548.3,0
501,26.7,548.3,0
500,27.1,548.3,0
500,27.5,548.3,0
500,27.9,548.3,0
500,28.2,548.3,0
500,28.6,548.3,0
499,29,548.3,0
499,29.3,548.3,0
499,29.7,548.3,0
500,29.1,548.3,0
501,28.4,548.3,0
502,27.7,548.3,0
503,27.1,548.3,0
504,26.5,548.3,0
504,25.8,548.3,0
505,25.2,548.3,0
506,24.5,548.3,0
507,23.8,548.3,0
508,23.2,548.3,0
508,23.1,548.3,0
507,23.1,548.3,0
507,23,548.3,0
506,23,548.3,0
506,22.9,548.3,0
505,22.8,548.3,0
505,22.8,548.3,0
504,22.7,548.3,0
504,22.7,548.3,0
503,22.6,548.3,0
502,23.2,548.3,0
502,23.8,548.3,0
501,24.5,548.3,0
501,25.1,548.3,0
500,25.7,548.3,0
500,26.3,548.3,0
499,26.9,548.3,0
499,27.6,548.3,0
498,28.2,548.3,0
498,28.8,548.3,0
498,28.8,548.3,0
498,28.8,548.4,0
498,28.9,548.4,0
498,28.9,548.4,0
498,28.9,548.4,0
499,28.9,548.4,0
499,28.9,548.4,0
499,29,548.4,0
499,29,548.4,0
499,29,548.3,0
499,29,548.3,0
499,29,548.3,0
499,28.9,548.3,0
499,28.9,548.3,0
500,28.9,548.3,0
500,28.9,548.3,0
500,28.9,548.3,0
500,28.8,548.3,0
500,28.8,548.3,0
500,28.8,548.3,0
500,28.5,548.3,0
501,28.2,548.3,0
501,27.9,548.3,0
502,27.6,548.3,0
502,27.3,548.3,0
502,27,548.3,0
503,26.7,548.3,0
503,26.4,548.3,0
504,26.1,548.3,0
504,25.8,548.3,0
504,25.3,548.3,0
505,24.9,548.3,0
505,24.4,548.3,0
506,24,548.2,0
506,23.5,548.2,0
506,23,548.2,0
507,22.6,548.2,0
507,22.1,548.2,0
508,21.7,548.2,0
508,21.2,548.2,0
508,20.8,548.2,0
509,20.4,548.2,0
509,20,548.2,0
509,19.6,548.2,0
510,19.2,548.2,0
510,18.7,548.1,0
510,18.3,548.1,0
510,17.9,548.1,0
511,17.5,548.1,0
511,17.1,547.9,0
510,17.5,547.9,0
509,17.9,547.9,0
508,18.4,547.9,0
507,18.8,548,0
506,19.2,548,0
504,19.6,548,0
503,20,548,0
502,20.5,548,0
501,20.9,548,0
500,21.3,548,0
498,23,548,0
496,24.7,547.7,0
494,26.4,547.7,0
492,28.1,547.7,0
490,29.9,547.7,0
488,31.6,547.7,0
486,33.3,547.7,0
484,35,547.7,0
482,36.7,547.7,0
480,38.4,547.3,0
481,38.5,547.3,0
482,38.5,547.3,0
483,38.6,547.3,0
484,38.6,547.1,0
484,38.7,547.1,0
485,38.8,547.1,0
486,38.8,547.1,0
487,38.9,547,0
488,38.9,547,0
489,39,547,0
490,38.3,547,0
491,37.7,546.9,0
491,37,546.9,0
492,36.3,546.9,0
493,35.7,546.9,0
494,35,547,0
495,34.3,547,0
495,33.6,547,0
496,33,547,0
497,32.3,546.8,0
497,32.3,546.8,0
497,32.3,546.8,0
497,32.2,546.8,0
497,32.2,546.9,0
497,32.2,546.9,0
497,32.2,546.9,0
497,32.2,546.9,0
497,32.1,546.9,0
497,32.1,546.9,0
497,32.1,546.9,0
497,31.9,546.9,0
497,31.7,546.7,0
496,31.5,546.7,0
496,31.3,546.7,0
496,31.2,546.7,0
496,31,546.8,0
496,30.8,546.8,0
495,30.6,546.8,0
495,30.4,546.8,0
495,30.2,546.8,0
495,30.4,546.8,0
494,30.6,546.8,0
494,30.9,546.8,0
494,31.1,546.9,0
494,31.3,546.9,0
493,31.5,546.9,0
493,31.7,546.9,0
493,32,546.9,0
492,32.2,546.9,0
492,32.4,546.9,0
491,32.9,546.9,0
491,33.3,546.8,0
490,33.8,546.8,0
490,34.3,546.8,0
489,34.8,546.8,0
488,35.2,547,0
488,35.7,547,0
487,36.2,547,0
487,36.6,547,0
486,37.1,547.1,0
485,38.7,547.1,0
483,40.2,547.1,0
482,41.8,547.1,0
480,43.4,547,0
479,45,547,0
478,46.5,547,0
476,48.1,547,0
475,49.7,547.2,0
473,51.2,547.2,0
472,52.8,547.2,0
476,49.3,547.2,0
479,45.8,547.2,0
483,42.4,547.2,0
486,38.9,547.2,0
490,35.4,547.2,0
493,31.9,547.3,0
497,28.4,547.3,0
500,25,547.3,0
504,21.5,547.3,0
507,18,547.3,0
508,16.4,547.3,0
510,14.7,547.3,0
511,13.1,547.3,0
513,11.4,547.3,0
514,9.8,547.3,0
516,8.2,547.3,0
517,6.5,547.3,0
519,4.9,547.5,0
520,3.2,547.5,0
522,1.6,547.5,0
522,1.7,547.5,0
522,1.7,547.4,0
522,1.8,547.4,0
522,1.8,547.4,0
522,1.9,547.4,0
521,2,547.5,0
521,2,547.5,0
521,2.1,547.5,0
521,2.1,547.5,0
521,2.2,547.6,0
521,2,547.6,0
521,1.8,547.6,0
522,1.6,547.6,0
522,1.4,547.5,0
522,1.2,547.5,0
522,1.1,547.5,0
522,0.9,547.5,0
523,0.7,547.7,0
523,0.5,547.7,0
523,0.3,547.7,0
523,0.5,547.7,0
523,0.8,547.7,0
523,1,547.7,0
523,1.2,547.7,0
522,1.5,547.7,0
522,1.7,547.8,0
522,1.9,547.8,0
522,2.1,547.8,0
522,2.4,547.8,0
522,2.6,547.9,0
522,2.3,547.9,0
523,2,547.9,0
523,1.7,547.9,0
523,1.4,547.9,0
524,1.1,547.9,0
524,0.7,547.9,0
524,0.4,547.9,0
524,0.1,548,0
525,-0.2,548,0
525,-0.5,548,0
525,-0.5,548,0
525,-0.4,548,0
525,-0.4,548,0
525,-0.4,548,0
525,-0.3,548,0
525,-0.3,548.1,0
525,-0.3,548.1,0
525,-0.3,548.1,0
525,-0.2,548.1,0
525,-0.2,548.1,0
525,-0.2,548.1,0
525,-0.1,548.1,0
525,-0.1,548.1,0
525,0,548.1,0
524,0,548.1,0
524,0,548.1,0
524,0.1,548.1,0
524,0.1,548.1,0
524,0.2,548.1,0
524,0.2,548.1,0
524,0.3,548.1,0
524,0.4,548.1,0
524,0.5,548.1,0
524,0.6,548.1,0
524,0.7,548.1,0
523,0.7,548.1,0
523,0.8,548.1,0
523,0.9,548.1,0
523,1,548.1,0
523,1.1,548.1,0
523,1.2,548.1,0
523,1.4,548.1,0
523,1.5,548.1,0
523,1.6,548.1,0
523,1.8,548.1,0
523,1.9,548.1,0
523,2,548.1,0
523,2.1,548.1,0
523,2.3,548.1,0
523,2.4,548.1,0
523,2.5,548.1,0
523,2.6,548.1,0
522,2.7,548.1,0
522,2.8,548.1,0
522,2.9,548.1,0
522,2.9,547.9,0
522,3,547.9,0
521,3.1,547.9,0
521,3.2,547.9,0
521,3.3,547.9,0
521,3.3,547.9,0
521,3.3,547.9,0
521,3.4,547.9,0
521,3.4,547.3,0
522,3.4,547.3,0
522,3.4,547.3,0
522,3.4,547.3,0
522,3.5,547.6,0
522,3.5,547.6,0
522,3.5,547.6,0
522,3.4,547.6,0
522,3.4,547.4,0
522,3.3,547.4,0
522,3.3,547.4,0
522,3.2,547.4,0
523,3.1,547.4,0
523,3.1,547.4,0
523,3,547.4,0
523,3,547.4,0
523,2.9,547.6,0
523,2.9,547.6,0
523,2.9,547.6,0
523,2.8,547.6,0
523,2.8,547.4,0
523,2.8,547.4,0
523,2.8,547.4,0
523,2.8,547.4,0
523,2.7,547.6,0
523,2.7,547.6,0
523,2.7,547.6,0
523,2.8,547.6,0
523,2.8,547.5,0
523,2.9,547.5,0
523,2.9,547.5,0
522,3,547.5,0
522,3.1,547.4,0
522,3.1,547.4,0
522,3.2,547.4,0
522,3.2,547.4,0
522,3.3,547.5,0
522,3.4,547.5,0
522,3.5,547.5,0
522,3.5,547.5,0
522,3.6,547.5,0
522,3.7,547.5,0
522,3.8,547.5,0
522,3.9,547.5,0
522,3.9,547.5,0
522,4,547.5,0
522,4.1,547.5,0
522,4.2,547.5,0
522,4.3,547.6,0
522,4.4,547.6,0
522,4.5,547.6,0
522,4.6,547.6,0
521,4.7,547.4,0
521,4.8,547.4,0
521,4.9,547.4,0
521,5,547.4,0
521,5.1,547.5,0
521,5.4,547.5,0
520,5.7,547.5,0
520,6,547.5,0
520,6.3,547.6,0
520,6.6,547.6,0
519,6.9,547.6,0
519,7.2,547.6,0
519,7.5,547.5,0
518,7.8,547.5,0
518,8.1,547.5,0
518,8.4,547.5,0
518,8.8,547.6,0
517,9.2,547.6,0
517,9.5,547.6,0
517,9.9,547.6,0
517,10.2,547.6,0
517,10.5,547.6,0
516,10.9,547.6,0
516,11.3,547.6,0
516,11.6,547.6,0
516,11.7,547.6,0
516,11.8,547.6,0
516,12,547.6,0
516,12.1,547.4,0
516,12.2,547.4,0
516,12.3,547.4,0
516,12.4,547.4,0
516,12.6,547.5,0
516,12.7,547.5,0
516,12.8,547.5,0
516,12.6,547.5,0
516,12.4,547.3,0
517,12.2,547.3,0
517,12,547.3,0
517,11.8,547.3,0
517,11.6,547.4,0
517,11.4,547.4,0
518,11.2,547.4,0
518,11,547.4,0
518,10.8,547.3,0
518,10.6,547.3,0
518,10.3,547.3,0
518,10.1,547.3,0
518,9.9,547.2,0
518,9.7,547.2,0
519,9.4,547.2,0
519,9.2,547.2,0
519,9,547.2,0
519,8.7,547.2,0
519,8.5,547.2,0
519,8.5,547.2,0
519,8.5,547,0
519,8.5,547,0
519,8.5,547,0
519,8.4,547,0
519,8.4,546.9,0
519,8.4,546.9,0
519,8.4,546.9,0
519,8.4,546.9,0
519,8.4,546.8,0
519,8.4,546.8,0
519,8.3,546.8,0
519,8.3,546.8,0
519,8.2,546.6,0
520,8.2,546.6,0
520,8.2,546.6,0
520,8.1,546.6,0
520,8.1,546.6,0
520,8,546.6,0
520,8,546.6,0
520,8,546.6,0
520,7.9,546.7,0
520,7.9,546.7,0
520,7.9,546.7,0
520,7.8,546.7,0
520,7.8,546.4,0
520,7.8,546.4,0
520,7.8,546.4,0
520,7.7,546.4,0
520,7.7,546.6,0
520,7.8,546.6,0
520,7.9,546.6,0
520,8,546.6,0
520,8.1,546.6,0
520,8.2,546.6,0
519,8.2,546.6,0
519,8.3,546.6,0
519,8.4,546.8,0
519,8.5,546.8,0
519,8.6,546.8,0
519,8.7,546.8,0
519,8.7,546.7,0
519,8.8,546.7,0
519,8.8,546.7,0
519,8.9,546.7,0
519,9,546.7,0
519,9,546.7,0
519,9.1,546.7,0
519,9.1,546.7,0
519,9.2,546.7,0
519,9,546.7,0
519,8.8,546.7,0
519,8.6,546.7,0
519,8.4,546.7,0
520,8.2,546.7,0
520,8,546.7,0
520,7.8,546.7,0
520,7.6,546.8,0
520,7.4,546.8,0
520,7.2,546.8,0
520,7.2,546.8,0
520,7.2,546.8,0
520,7.1,546.8,0
520,7.1,546.8,0
520,7.1,546.8,0
520,7.1,547,0
520,7.1,547,0
520,7,547,0
520,7,547,0
520,7,547.1,0
520,7.4,547.1,0
520,7.7,547.1,0
519,8.1,547.1,0
519,8.4,546.9,0
519,8.8,546.9,0
519,9.2,546.9,0
519,9.5,546.9,0
518,9.9,547,0
518,10.2,547,0
518,10.6,547,0
518,10.6,547,0
518,10.6,546.9,0
518,10.6,546.9,0
518,10.6,546.9,0
518,10.6,546.9,0
518,10.5,547,0
518,10.5,547,0
518,10.5,547,0
518,10.5,547,0
518,10.5,547,0
518,10.5,547,0
518,10.5,547,0
518,10.5,547,0
518,10.5,547,0
518,10.6,547,0
517,10.6,547,0
517,10.6,547,0
517,10.6,547,0
517,10.6,547,0
517,10.6,547,0
517,10.9,547,0
517,11.2,546.9,0
516,11.5,546.9,0
516,11.8,546.9,0
516,12.1,546.9,0
516,12.4,547.1,0
516,12.7,547.1,0
515,13,547.1,0
515,13.3,547.1,0
515,13.6,547.2,0
515,13.5,547.2,0
515,13.4,547.2,0
515,13.2,547.2,0
515,13.1,547.2,0
516,13,547.2,0
516,12.9,547.2,0
516,12.8,547.2,0
516,12.6,547.3,0
516,12.5,547.3,0
516,12.4,547.3,0
516,12.2,547.3,0
517,11.9,547.1,0
517,11.7,547.1,0
517,11.5,547.1,0
518,11.2,547.1,0
518,11,547.4,0
518,10.8,547.4,0
518,10.6,547.4,0
519,10.3,547.4,0
519,10.1,547.2,0
519,10,547.2,0
519,10,547.2,0
519,9.9,547.2,0
519,9.9,547.3,0
518,9.9,547.3,0
518,9.8,547.3,0
518,9.7,547.3,0
518,9.7,547.5,0
518,9.6,547.5,0
518,9.6,547.5,0
518,9.6,547.5,0
518,9.5,547.3,0
518,9.5,547.3,0
518,9.4,547.3,0
518,9.4,547.3,0
519,9.3,547.5,0
519,9.3,547.5,0
519,9.2,547.5,0
519,9.2,547.5,0
519,9.1,547.4,0
519,9.6,547.4,0
518,10,547.4,0
518,10.5,547.4,0
517,11,547.4,0
517,11.4,547.4,0
517,11.9,547.4,0
516,12.4,547.4,0
516,12.9,547.6,0
515,13.3,547.6,0
515,13.8,547.6,0
515,13.7,547.6,0
515,13.6,547.6,0
515,13.6,547.6,0
515,13.5,547.6,0
516,13.4,547.6,0
516,13.3,547.7,0
516,13.2,547.7,0
516,13.2,547.7,0
516,13.1,547.7,0
516,13,547.6,0
516,12.9,547.6,0
516,12.7,547.6,0
516,12.6,547.6,0
516,12.4,547.8,0
516,12.2,547.8,0
517,12.1,547.8,0
517,12,547.8,0
517,11.8,547.7,0
517,11.7,547.7,0
517,11.5,547.7,0
517,11.7,547.7,0
517,11.9,547.7,0
516,12.1,547.7,0
516,12.3,547.7,0
516,12.6,547.7,0
516,12.8,547.9,0
516,13,547.9,0
515,13.2,547.9,0
515,13.4,547.9,0
515,13.6,547.9,0
515,13.7,547.9,0
515,13.9,547.9,0
515,14,547.9,0
515,14.2,547.9,0
514,14.4,547.9,0
514,14.5,547.9,0
514,14.6,547.9,0
514,14.8,547.9,0
514,14.9,547.9,0
514,15.1,547.9,0
514,14.9,547.9,0
514,14.7,547.8,0
515,14.6,547.8,0
515,14.4,547.8,0
515,14.2,547.8,0
515,14,547.8,0
515,13.8,547.8,0
516,13.7,547.8,0
516,13.5,547.8,0
516,13.3,547.8,0
516,13.7,547.8,0
515,14.2,547.8,0
514,14.7,547.8,0
514,15.1,548,0
514,15.6,548,0
513,16,548,0
513,16.4,548,0
512,16.9,548,0
511,17.4,548,0
511,17.8,548,0
511,17.7,548,0
511,17.5,548,0
512,17.4,548,0
512,17.2,548,0
512,17.1,548,0
512,16.9,548.2,0
512,16.8,548.2,0
513,16.6,548.2,0
513,16.5,548.2,0
513,16.3,548.1,0
513,15.9,548.1,0
514,15.4,548.1,0
514,15,548.1,0
515,14.6,548.1,0
515,14.2,548.1,0
515,13.7,548.1,0
516,13.3,548.1,0
516,12.9,548.1,0
517,12.4,548.1,0
517,12,548.1,0
517,12.4,548.1,0
516,12.8,548.1,0
516,13.2,548.1,0
515,13.6,548.1,0
514,14,548.1,0
514,14.4,548.2,0
514,14.8,548.2,0
513,15.2,548.2,0
513,15.6,548.2,0
512,16,548.2,0
512,16.2,548.2,0
512,16.3,548.2,0
512,16.5,548.2,0
512,16.6,548.2,0
512,16.8,548.2,0
513,16.9,548.2,0
513,17.1,548.2,0
513,17.2,548.2,0
513,17.4,548.2,0
513,17.5,548.2,0
513,16.9,548.2,0
514,16.2,548.2,0
515,15.5,548.2,0
515,14.9,548.2,0
516,14.2,548.2,0
516,13.6,548.2,0
516,13,548.2,0
517,12.3,548.2,0
518,11.6,548.2,0
518,11,548.2,0
518,11.2,548.2,0
517,11.4,548.2,0
517,11.6,548.2,0
517,11.8,548.2,0
516,12.1,548.2,0
516,12.3,548.2,0
516,12.5,548.2,0
516,12.7,548.2,0
515,12.9,548.2,0
515,13.1,548.2,0
514,14,548.2,0
514,14.9,548.2,0
513,15.8,548.2,0
512,16.7,548.2,0
512,17.6,548.2,0
511,18.4,548.2,0
510,19.3,548.2,0
509,20.2,548.2,0
509,21.1,548.2,0
508,22,548.2,0
508,21.7,548.2,0
509,21.4,548.2,0
509,21.1,548.2,0
509,20.8,548.2,0
510,20.5,548.2,0
510,20.1,548.2,0
510,19.8,548.2,0
510,19.5,548.2,0
511,19.2,548.2,0
511,18.9,548.2,0
511,18.8,548.2,0
511,18.8,548.2,0
511,18.7,548.2,0
511,18.7,548.2,0
511,18.6,548.2,0
511,18.5,548.2,0
511,18.5,548.2,0
511,18.4,548.2,0
511,18.4,548.2,0
511,18.3,548.2,0
510,19,548.2,0
509,19.7,548.2,0
508,20.4,548.2,0
507,21.1,548.2,0
506,21.9,548.2,0
506,22.6,548.2,0
505,23.3,548.2,0
504,24,548.2,0
503,24.7,548.2,0
502,25.4,548.2,0
503,24.6,548.2,0
504,23.8,548.2,0
505,23,548.2,0
506,22.2,548.2,0
506,21.5,548.2,0
507,20.7,548.2,0
508,19.9,548.2,0
509,19.1,548.2,0
510,18.3,548.2,0
511,17.5,548.2,0
512,15.7,548.2,0
514,14,548.2,0
515,12.2,548.2,0
517,10.5,548.2,0
518,8.8,548.2,0
519,7,548.2,0
521,5.2,548.2,0
522,3.5,548.2,0
524,1.7,548.2,0
525,0,548.2,0
525,0,548.2,0
525,0,548.2,0
525,0,548.2,0
525,0,548.2,0
525,0,548.2,0
525,0,548.2,0
525,0,548.2,0
525,0,548.2,0
525,0,548.2,0
525,0,548.3,0
525,0,548.3,0
525,0,548.3,0
525,0,548.3,0
525,0,548.3,0
526,0,548.3,0
526,0,548.3,0
526,0,548.3,0
526,0,548.3,0
526,0,548.3,0
526,0,548.3,0
526,0,548.3,0
526,0,548.3,0
526,0,548.3,0
526,0,548.3,0
526,0,548.3,0
526,0,548.3,0
526,0,548.3,0
526,0,548.3,0
526,0,548.3,0
526,0,548.3,0
526,0,548.3,0
526,0,548.3,0
526,0,548.3,0
526,0,548.3,0
526,0,548.3,0
525,0,548.3,0
525,0,548.3,0
525,0,548.3,0
525,0,548.3,0
525,0,548.3,0
525,0,548.3,0
525,0,548.3,0
525,0,548.3,0
525,0,548.3,0
526,0,548.3,0
526,0,548.3,0
526,0,548.3,0
526,0,548.3,0
526,0,548.3,0
526,0,548.3,0
526,0,548.3,0
526,0,548.3,0
526,0,548.3,0
526,0,548.3,0
526,0,548.3,0
526,0,548.3,0
526,0,548.3,0
526,0,548.3,0
526,0,548.3,0
526,0,548.3,0
526,0,548.3,0
526,0,548.3,0
526,0,548.3,0
526,0,548.3,0
526,0,548.3,0
526,0,548.3,0
526,0,548.3,0
526,0,548.3,0
526,0,548.3,0
526,0,548.3,0
526,0,548.3,0
526,0,548.3,0
526,0,548.3,0
526,0,548.3,0
526,0,548.3,0
526,0,548.3,0
526,0,548.3,0
526,0,548.3,0
526,0,548.3,0
526,0,548.3,0
526,0,548.3,0
526,0,548.3,0
526,0,548.3,0
526,0,548.3,0
526,0,548.3,0
526,0,548.3,0
526,0,548.3,0
526,0,548.3,0
526,0,548.3,0
526,0,548.3,0
526,0,548.3,0
526,0,548.3,0
526,0,548.3,0
526,0,548.3,0
526,0,548.3,0
526,0,548.3,0
526,0,548.3,0
526,0,548.3,0
526,0,548.3,0
526,0,548.3,0
526,0.1,548.3,0
526,0.2,548.3,0
526,0.4,548.3,0
526,0.5,548.3,0
526,0.6,548.3,0
525,0.7,548.3,0
525,0.8,548.3,0
525,1,548.3,0
525,1.1,548.3,0
525,1.2,548.3,0
525,1.5,548.3,0
525,1.8,548.3,0
524,2.1,548.3,0
524,2.4,548.3,0
524,2.7,548.3,0
524,3,548.3,0
524,3.3,548.3,0
523,3.6,548.3,0
523,3.9,548.3,0
523,4.2,548.3,0
523,4.4,548.3,0
523,4.6,548.3,0
522,4.8,548.3,0
522,5,548.3,0
522,5.2,548.3,0
522,5.5,548.3,0
522,5.7,548.3,0
521,5.9,548.3,0
521,6.1,548.3,0
521,6.3,548.3,0
521,6.6,548.3,0
521,6.9,548.3,0
520,7.2,548.3,0
520,7.5,548.3,0
520,7.8,548.3,0
520,8.1,548.3,0
520,8.4,548.3,0
519,8.7,548.3,0
519,9,548.3,0
519,9.3,548.3,0
519,9.6,548.3,0
519,9.8,548.3,0
518,10.1,548.3,0
518,10.3,548.3,0
518,10.6,548.3,0
518,10.8,548.3,0
518,11.1,548.3,0
517,11.3,548.3,0
517,11.6,548.3,0
517,11.8,548.3,0
516,12.5,548.3,0
516,13.1,548.3,0
515,13.8,548.3,0
515,14.4,548.3,0
514,15.1,548.3,0
513,15.8,548.3,0
513,16.4,548.3,0
512,17.1,548.3,0
512,17.7,548.3,0
511,18.4,548.3,0
511,18.2,548.3,0
512,18,548.3,0
512,17.8,548.3,0
512,17.6,548.3,0
512,17.4,548.3,0
513,17.2,548.3,0
513,17,548.3,0
513,16.8,548.3,0
514,16.6,548.3,0
514,16.4,548.3,0
514,15.9,548.3,0
515,15.3,548.3,0
516,14.8,548.3,0
516,14.2,548.2,0
516,13.7,548.2,0
517,13.2,548.2,0
517,12.6,548.2,0
518,12.1,548.2,0
519,11.5,548.2,0
519,11,548.2,0
519,10.7,548.2,0
519,10.4,548.2,0
520,10.1,548.2,0
520,9.8,548.2,0
520,9.4,548.2,0
520,9.1,547.9,0
520,8.8,547.9,0
521,8.5,547.9,0
521,8.2,547.9,0
521,7.9,546.3,0
521,8,546.3,0
521,8,546.3,0
520,8.1,546.3,0
520,8.2,546.2,0
520,8.2,546.2,0
520,8.3,546.2,0
520,8.4,546.2,0
519,8.5,546.4,0
519,8.5,546.4,0
519,8.6,546.4,0
519,8.7,546.4,0
519,8.9,546,0
519,9,546,0
519,9.2,546,0
520,9.3,546,0
520,9.4,544.3,0
520,9.6,544.3,0
520,9.7,544.3,0
520,9.9,544.3,0
520,10,543.8,0
520,10.1,543.8,0
520,10.1,543.8,0
519,10.2,543.8,0
519,10.2,543.8,0
519,10.2,543.8,0
519,10.3,543.8,0
519,10.4,543.8,0
518,10.4,542.4,0
518,10.5,542.4,0
518,10.5,542.4,0
518,10.6,542.4,0
518,10.7,541.4,0
518,10.7,541.4,0
518,10.8,541.4,0
518,10.9,541.4,0
518,11,540.7,0
518,11.1,540.7,0
518,11.1,540.7,0
518,11.2,540.7,0
518,11.3,540.6,0
518,11.6,540.6,0
517,11.8,540.6,0
517,12.1,540.6,0
517,12.3,540,0
516,12.6,540,0
516,12.9,540,0
516,13.1,540,0
516,13.4,540.8,0
515,13.6,540.8,0
515,13.9,540.8,0
515,14.1,540.8,0
515,14.2,541.3,0
515,14.4,541.3,0
515,14.5,541.3,0
514,14.7,541.3,0
514,14.9,542.4,0
514,15,542.4,0
514,15.2,542.4,0
514,15.3,542.4,0
514,15.5,545.2,0
514,15.5,545.2,0
514,15.5,545.2,0
514,15.5,545.2,0
514,15.5,545.5,0
514,15.5,545.5,0
514,15.5,545.5,0
514,15.5,545.5,0
514,15.5,544.9,0
514,15.5,544.9,0
514,15.5,544.9,0
514,15.5,544.9,0
514,15.5,545.5,0
514,15.5,545.5,0
514,15.5,545.5,0
514,15.5,545.5,0
514,15.5,546,0
514,15.5,546,0
514,15.5,546,0
514,15.5,546,0
514,15.5,546,0
514,15.7,546,0
514,15.8,546,0
513,16,546,0
513,16.2,546,0
513,16.4,546,0
513,16.5,546,0
513,16.7,546,0
512,16.9,546.1,0
512,17,546.1,0
512,17.2,546.1,0
512,17.2,546.1,0
512,17.2,545.8,0
512,17.1,545.8,0
512,17.1,545.8,0
512,17.1,545.8,0
512,17.1,545.4,0
512,17.1,545.4,0
512,17,545.4,0
512,17,545.4,0
512,17,544.6,0
511,17.7,544.6,0
511,18.5,544.6,0
510,19.2,544.6,0
509,20,544.7,0
508,20.7,544.7,0
508,21.4,544.7,0
507,22.2,544.7,0
506,22.9,544.6,0
506,23.7,544.6,0
505,24.4,544.6,0
505,24.1,544.6,0
506,23.8,545.1,0
506,23.6,545.1,0
507,23.3,545.1,0
507,23,545.1,0
507,22.7,545.4,0
508,22.4,545.4,0
508,22.2,545.4,0
509,21.9,545.4,0
509,21.6,546.2,0
510,20.9,546.2,0
510,20.2,546.2,0
511,19.6,546.2,0
512,18.9,546.7,0
512,18.2,546.7,0
513,17.5,546.7,0
514,16.8,546.7,0
515,16.2,546.9,0
515,15.5,546.9,0
516,14.8,546.9,0
516,15.1,546.9,0
515,15.5,546.9,0
514,15.8,546.9,0
514,16.2,546.9,0
514,16.5,546.9,0
513,16.8,547.8,0
513,17.2,547.8,0
512,17.5,547.8,0
511,17.9,547.8,0
511,18.2,547.9,0
511,18.3,547.9,0
511,18.3,547.9,0
511,18.4,547.9,0
511,18.5,547.9,0
511,18.6,547.9,0
511,18.6,547.9,0
511,18.7,547.9,0
511,18.8,547.9,0
511,18.8,547.9,0
511,18.9,547.9,0
511,19.2,547.9,0
510,19.5,547.9,0
510,19.8,547.9,0
509,20.1,547.9,0
509,20.4,547.9,0
509,20.6,547.9,0
508,20.9,547.9,0
508,21.2,547.9,0
507,21.5,547.9,0
507,21.8,547.9,0
506,22.5,547.9,0
506,23.3,547.9,0
505,24,547.9,0
505,24.8,547.9,0
504,25.5,547.9,0
503,26.2,547.9,0
503,27,547.9,0
502,27.7,547.9,0
502,28.5,547.9,0
501,29.2,547.9,0
501,29.6,547.9,0
500,30,547.9,0
500,30.3,547.9,0
499,30.7,547.9,0
499,31.1,547.9,0
499,31.5,547.9,0
498,31.9,547.9,0
498,32.2,547.9,0
497,32.6,547.9,0
497,33,547.8,0
497,32.8,547.8,0
497,32.7,547.8,0
497,32.5,547.8,0
497,32.3,547.8,0
498,32.1,547.8,0
498,32,547.8,0
498,31.8,547.8,0
498,31.6,547.7,0
498,31.5,547.7,0
498,31.3,547.7,0
498,31.4,547.7,0
498,31.5,547.7,0
498,31.7,547.7,0
498,31.8,547.7,0
498,31.9,547.7,0
497,32,547.6,0
497,32.1,547.6,0
497,32.3,547.6,0
497,32.4,547.6,0
497,32.5,547.4,0
496,32.9,547.4,0
496,33.4,547.4,0
495,33.8,547.4,0
495,34.3,547.5,0
494,34.7,547.5,0
494,35.1,547.5,0
493,35.6,547.5,0
493,36,547.3,0
492,36.5,547.3,0
492,36.9,547.3,0
492,37,547.3,0
492,37.1,547,0
492,37.2,547,0
492,37.3,547,0
492,37.4,547,0
492,37.5,546.1,0
492,37.6,546.1,0
492,37.7,546.1,0
492,37.8,546.1,0
492,37.9,546,0
492,38,546,0
492,38,546,0
492,38.1,546,0
492,38.2,545.6,0
492,38.2,545.6,0
491,38.3,545.6,0
491,38.4,545.6,0
491,38.5,545.5,0
491,38.5,545.5,0
491,38.6,545.5,0
491,38.4,545.5,0
491,38.1,545.2,0
491,37.9,545.2,0
491,37.7,545.2,0
491,37.5,545.2,0
491,37.2,545.1,0
491,37,545.1,0
491,36.8,545.1,0
491,36.5,545.1,0
491,36.3,544.9,0
491,36.4,544.9,0
491,36.5,544.9,0
491,36.5,544.9,0
491,36.6,545.2,0
490,36.7,545.2,0
490,36.8,545.2,0
490,36.9,545.2,0
490,36.9,545.4,0
490,37,545.4,0
490,37.1,545.4,0
490,37.5,545.4,0
490,37.9,545.5,0
489,38.2,545.5,0
489,38.6,545.5,0
489,39,545.5,0
489,39.4,546.5,0
489,39.8,546.5,0
488,40.1,546.5,0
488,40.5,546.5,0
488,40.9,546.6,0
489,40.4,546.6,0
489,39.8,546.6,0
490,39.3,546.6,0
490,38.7,546.8,0
491,38.2,546.8,0
492,37.6,546.8,0
492,37.1,546.8,0
493,36.5,546.7,0
493,36,546.7,0
494,35.4,546.7,0
495,34.8,546.7,0
495,34.1,547.4,0
496,33.5,547.4,0
496,32.9,547.4,0
497,32.2,547.4,0
498,31.6,547.3,0
498,31,547.3,0
499,30.4,547.3,0
499,29.7,547.3,0
500,29.1,547.6,0
500,29.2,547.6,0
499,29.2,547.6,0
498,29.3,547.6,0
498,29.4,547.8,0
498,29.5,547.8,0
497,29.5,547.8,0
497,29.6,547.8,0
496,29.7,547.8,0
495,29.7,547.8,0
495,29.8,547.8,0
495,29.7,547.8,0
495,29.7,547.9,0
494,29.6,547.9,0
494,29.5,547.9,0
494,29.5,547.9,0
494,29.4,547.9,0
494,29.3,547.9,0
493,29.2,547.9,0
493,29.2,547.9,0
493,29.1,547.9,0
492,30.1,547.9,0
491,31,547.9,0
490,32,547.9,0
489,32.9,547.9,0
488,33.9,547.9,0
487,34.8,547.9,0
486,35.8,547.9,0
485,36.7,547.9,0
484,37.7,547.9,0
483,38.6,547.9,0
482,40.2,547.9,0
481,41.9,547.9,0
479,43.5,547.9,0
478,45.1,547.9,0
477,46.8,547.9,0
476,48.4,547.9,0
475,50,547.9,0
473,51.6,547.9,0
472,53.3,547.9,0
471,54.9,547.9,0
473,53.6,547.9,0
475,52.3,547.9,0
477,51,547.9,0
479,49.7,547.9,0
481,48.4,547.9,0
483,47.1,547.9,0
485,45.8,547.9,0
487,44.5,547.9,0
489,43.2,547.9,0
491,41.9,547.9,0
493,39.5,547.9,0
495,37.1,548,0
497,34.7,548,0
499,32.3,548,0
501,29.9,548,0
503,27.5,547.9,0
505,25.1,547.9,0
507,22.7,547.9,0
509,20.3,547.9,0
511,17.9,547.9,0
511,17,547.9,0
512,16,547.9,0
512,15.1,547.9,0
513,14.2,547.9,0
514,13.2,547.9,0
514,12.3,547.9,0
514,11.4,547.9,0
515,10.5,547.9,0
515,9.5,547.9,0
516,8.6,547.9,0
517,7.7,547.9,0
517,6.9,547.9,0
518,6,547.9,0
519,5.2,547.9,0
520,4.3,547.9,0
520,3.4,547.9,0
521,2.6,547.9,0
522,1.7,547.9,0
522,0.9,547.9,0
523,0,547.9,0
523,0.1,547.9,0
523,0.3,547.9,0
523,0.4,547.9,0
523,0.6,547.9,0
522,0.8,547.9,0
522,0.9,547.9,0
522,1,547.9,0
522,1.2,547.9,0
522,1.3,547.9,0
522,1.5,547.9,0
522,1.5,547.9,0
522,1.5,547.9,0
522,1.5,547.9,0
522,1.5,547.9,0
522,1.5,547.9,0
523,1.5,547.9,0
523,1.5,547.9,0
523,1.5,547.9,0
523,1.5,547.9,0
523,1.5,547.8,0
523,1.4,547.8,0
523,1.3,547.8,0
523,1.3,547.8,0
523,1.2,547.8,0
524,1.1,547.8,0
524,1,547.8,0
524,0.9,547.8,0
524,0.9,547.8,0
524,0.8,547.8,0
524,0.7,547.8,0
524,0.6,547.8,0
524,0.6,547.8,0
524,0.5,547.8,0
524,0.5,547.8,0
524,0.4,547.8,0
524,0.3,547.8,0
524,0.3,547.8,0
524,0.2,547.8,0
524,0.2,547.8,0
524,0.1,547.8,0
524,0.1,547.8,0
524,0.1,547.8,0
524,0.1,547.8,0
524,0.1,547.7,0
524,0.2,547.7,0
524,0.2,547.7,0
524,0.2,547.7,0
524,0.2,547.7,0
524,0.2,547.7,0
524,0.2,547.7,0
524,0.2,547.7,0
524,0.2,547.6,0
524,0.2,547.6,0
524,0.2,547.6,0
524,0.2,547.6,0
524,0.2,547.6,0
524,0.2,547.6,0
524,0.2,547.6,0
524,0.2,547.6,0
524,0.2,547.6,0
524,0.2,547.6,0
524,0.3,547.6,0
524,0.3,547.6,0
524,0.3,547.6,0
524,0.3,547.6,0
524,0.4,547.6,0
524,0.4,547.6,0
524,0.4,547.6,0
524,0.5,547.6,0
524,0.5,547.6,0
524,0.5,547.6,0
524,0.5,547.6,0
524,0.5,547.6,0
524,0.5,547.6,0
524,0.6,547.6,0
525,0.6,547.5,0
525,0.6,547.5,0
525,0.6,547.5,0
525,0.6,547.5,0
525,0.6,547.6,0
525,0.6,547.6,0
525,0.6,547.6,0
525,0.6,547.6,0
525,0.6,547.6,0
524,0.6,547.6,0
524,0.6,547.6,0
524,0.6,547.6,0
524,0.6,547,0
524,0.6,547,0
524,0.6,547,0
524,0.6,547,0
524,0.7,547.1,0
524,0.7,547.1,0
524,0.7,547.1,0
524,0.8,547.1,0
525,0.8,546.6,0
525,0.8,546.6,0
525,0.8,546.6,0
525,0.9,546.6,0
525,0.9,546.4,0
525,0.9,546.4,0
525,0.9,546.4,0
525,0.9,546.4,0
525,0.9,545.5,0
524,0.9,545.5,0
524,0.9,545.5,0
524,0.9,545.5,0
524,0.9,544.6,0
524,0.9,544.6,0
524,0.9,544.6,0
524,0.9,544.6,0
524,0.9,542.5,0
524,0.9,542.5,0
524,0.9,542.5,0
524,0.9,542.5,0
525,0.9,541.2,0
525,0.9,541.2,0
525,0.9,541.2,0
525,0.9,541.2,0
525,0.9,540.3,0
525,0.9,540.3,0
525,0.9,540.3,0
525,0.8,540.3,0
525,0.8,536.3,0
525,0.8,536.3,0
525,0.8,536.3,0
525,0.8,536.3,0
525,0.7,536.4,0
525,0.7,536.4,0
525,0.7,536.4,0
525,0.7,536.4,0
525,0.7,535.7,0
525,0.7,535.7,0
525,0.7,535.7,0
525,0.7,535.7,0
525,0.6,535.9,0
525,0.6,535.9,0
525,0.6,535.9,0
525,0.6,535.9,0
525,0.6,535.1,0
525,0.6,535.1,0
525,0.6,535.1,0
525,0.6,535.1,0
525,0.6,534.6,0
525,0.6,534.6,0
525,0.5,534.6,0
525,0.5,534.6,0
525,0.5,534.5,0
525,0.5,534.5,0
525,0.5,534.5,0
525,0.5,534.5,0
525,0.5,534.1,0
525,0.5,534.1,0
525,0.5,534.1,0
525,0.5,534.1,0
525,0.5,535.2,0
525,0.5,535.2,0
525,0.5,535.2,0
525,0.5,535.2,0
525,0.5,536.1,0
525,0.5,536.1,0
525,0.5,536.1,0
525,0.5,536.1,0
525,0.5,537,0
525,0.5,537,0
525,0.4,537,0
525,0.4,537,0
525,0.4,537.9,0
525,0.4,537.9,0
525,0.4,537.9,0
525,0.4,537.9,0
525,0.5,539.8,0
525,0.5,539.8,0
525,0.5,539.8,0
524,0.6,539.8,0
524,0.6,540.2,0
524,0.6,540.2,0
524,0.6,540.2,0
524,0.7,540.2,0
524,0.7,541.5,0
524,0.7,541.5,0
524,0.8,541.5,0
524,0.8,541.5,0
524,0.9,543.2,0
524,1,543.2,0
524,1,543.2,0
524,1,543.2,0
524,1.1,544.2,0
524,1.1,544.2,0
524,1.2,544.2,0
524,1.2,544.2,0
524,1.1,545.5,0
524,1.1,545.5,0
524,1.1,545.5,0
524,1.1,545.5,0
525,1,545.6,0
525,1,545.6,0
525,1,545.6,0
525,0.9,545.6,0
525,0.9,545.6,0
525,0.9,545.6,0
525,0.8,545.6,0
525,0.8,545.6,0
525,0.8,545.7,0
525,0.8,545.7,0
525,0.7,545.7,0
525,0.7,545.7,0
525,0.7,546,0
525,0.6,546,0
525,0.6,546,0
525,0.6,546,0
525,0.5,546,0
525,0.5,546,0
525,0.5,546,0
526,0.5,546,0
526,0.4,546.2,0
526,0.4,546.2,0
526,0.4,546.2,0
526,0.3,546.2,0
526,0.3,546.2,0
526,0.4,546.2,0
526,0.4,546.2,0
526,0.5,546.2,0
526,0.6,546.1,0
526,0.7,546.1,0
525,0.7,546.1,0
525,0.8,546.1,0
525,0.9,546.1,0
525,0.9,546.1,0
525,1,546.1,0
525,1.1,546.1,0
525,1.3,545,0
525,1.4,545,0
525,1.6,545,0
524,1.8,545,0
524,1.9,544.5,0
524,2,544.5,0
524,2.2,544.5,0
524,2.3,544.5,0
524,2.5,543.9,0
524,2.7,543.9,0
524,2.8,543.9,0
524,3,543.9,0
524,3.2,541.8,0
524,3.4,541.8,0
523,3.5,541.8,0
523,3.7,541.8,0
523,3.9,541.5,0
523,4,541.5,0
523,4.2,541.5,0
523,4,541.5,0
523,3.7,540.9,0
523,3.5,540.9,0
523,3.3,540.9,0
524,3.1,540.9,0
524,2.8,540.5,0
524,2.6,540.5,0
524,2.4,540.5,0
524,2.1,540.5,0
524,1.9,542.4,0
524,1.8,542.4,0
524,1.6,542.4,0
525,1.5,542.4,0
525,1.3,543,0
525,1.2,543,0
525,1.1,543,0
525,0.9,543,0
526,0.8,543,0
526,0.6,543,0
526,0.5,543,0
526,0.8,543,0
525,1.1,542.5,0
525,1.3,542.5,0
525,1.6,542.5,0
524,1.9,542.5,0
524,2.2,542,0
524,2.5,542,0
524,2.7,542,0
523,3,542,0
523,3.3,541.5,0
523,4.1,541.5,0
522,4.9,541.5,0
522,5.7,541.5,0
521,6.5,541.5,0
520,7.3,541.5,0
520,8.1,541.5,0
520,8.9,541.5,0
519,9.7,539.7,0
519,10.5,539.7,0
518,11.3,539.7,0
518,11.5,539.7,0
518,11.7,539.2,0
517,11.9,539.2,0
517,12.1,539.2,0
517,12.3,539.2,0
517,12.5,537.7,0
517,12.7,537.7,0
516,12.9,537.7,0
516,13.1,537.7,0
516,13.3,536.7,0
516,13.3,536.7,0
516,13.3,536.7,0
516,13.3,536.7,0
516,13.3,536,0
516,13.2,536,0
516,13.2,536,0
516,13.2,536,0
516,13.2,536,0
516,13.2,536,0
516,13.2,536,0
516,13,536,0
516,12.8,536.1,0
516,12.7,536.1,0
516,12.5,536.1,0
516,12.3,536.1,0
517,12.1,535.6,0
517,11.9,535.6,0
517,11.8,535.6,0
517,11.6,535.6,0
517,11.4,535.7,0
517,11.2,535.7,0
517,10.9,535.7,0
518,10.7,535.7,0
518,10.5,536.7,0
518,10.2,536.7,0
518,10,536.7,0
518,9.8,536.7,0
519,9.6,536,0
519,9.3,536,0
519,9.1,536,0
519,8.9,536,0
519,8.7,536.4,0
520,8.5,536.4,0
520,8.3,536.4,0
520,8.1,536.4,0
520,7.9,535.8,0
520,7.7,535.8,0
521,7.5,535.8,0
521,7.3,535.8,0
521,7.1,534.3,0
521,6.9,534.3,0
521,6.8,534.3,0
521,6.6,534.3,0
521,6.5,533.1,0
522,6.3,533.1,0
522,6.1,533.1,0
522,6,533.1,0
522,5.8,531.1,0
522,5.7,531.1,0
522,5.5,531.1,0
522,5.7,531.1,0
522,5.9,529.6,0
521,6.1,529.6,0
521,6.3,529.6,0
521,6.5,529.6,0
521,6.7,527.1,0
521,6.9,527.1,0
520,7.1,527.1,0
520,7.3,527.1,0
520,7.5,525.4,0
520,7.8,525.4,0
520,8.1,525.4,0
519,8.4,525.4,0
519,8.7,525.4,0
519,9.1,525.4,0
519,9.4,525.4,0
519,9.7,525.4,0
518,10,524.2,0
518,10.3,524.2,0
518,10.6,524.2,0
518,10.8,524.2,0
518,11,524.4,0
518,11.2,524.4,0
518,11.4,524.4,0
518,11.6,524.4,0
517,11.7,522.8,0
517,11.9,522.8,0
517,12.1,522.8,0
517,12.3,522.8,0
517,12.5,520.8,0
517,12.6,520.8,0
517,12.6,520.8,0
517,12.7,520.8,0
517,12.7,524.7,0
517,12.8,524.7,0
517,12.9,524.7,0
517,12.9,524.7,0
517,13,526.1,0
517,13,526.1,0
517,13.1,526.1,0
517,13.3,526.1,0
517,13.5,529.6,0
516,13.7,529.6,0
516,13.9,529.6,0
516,14.1,529.6,0
516,14.3,536,0
516,14.5,536,0
515,14.7,536,0
515,14.9,536,0
515,15.1,536,0
515,15,536,0
515,14.8,536,0
515,14.7,536,0
515,14.5,543,0
516,14.4,543,0
516,14.2,543,0
516,14.1,543,0
516,13.9,541.8,0
516,13.8,541.8,0
516,13.6,541.8,0
516,13.5,541.8,0
516,13.3,539.7,0
516,13.2,539.7,0
516,13.1,539.7,0
516,13,539.7,0
516,12.8,539.4,0
516,12.7,539.4,0
516,12.6,539.4,0
516,12.4,539.4,0
516,12.3,541.4,0
516,12.4,541.4,0
516,12.6,541.4,0
516,12.8,541.4,0
516,12.9,541.2,0
516,13.1,541.2,0
516,13.2,541.2,0
516,13.3,541.2,0
516,13.5,541.9,0
516,13.7,541.9,0
516,13.8,541.9,0
516,13.7,541.9,0
516,13.5,543.7,0
516,13.4,543.7,0
516,13.3,543.7,0
516,13.2,543.7,0
516,13,544,0
516,12.9,544,0
516,12.8,544,0
516,12.6,544,0
516,12.5,544.4,0
516,12.3,544.4,0
517,12,544.4,0
517,11.8,544.4,0
517,11.5,545.8,0
518,11.3,545.8,0
518,11.1,545.8,0
518,10.8,545.8,0
518,10.6,545.8,0
519,10.3,545.8,0
519,10.1,545.8,0
519,10.2,545.8,0
519,10.3,545.8,0
519,10.4,545.8,0
519,10.5,545.8,0
518,10.6,545.8,0
518,10.7,545.8,0
518,10.8,545.8,0
518,10.9,545.8,0
518,11,545.8,0
518,11.1,545.9,0
518,11.2,545.9,0
518,11.2,545.9,0
518,11.3,545.9,0
518,11.3,546,0
518,11.4,546,0
517,11.4,546,0
517,11.5,546,0
517,11.5,546,0
517,11.6,546,0
517,11.6,546,0
517,11.8,546,0
517,11.9,546,0
517,12.1,546,0
517,12.2,546,0
516,12.4,546,0
516,12.6,546,0
516,12.7,546,0
516,12.9,546,0
516,13,546,0
516,13.2,546.1,0
516,13.3,546.1,0
516,13.5,546.1,0
516,13.6,546.1,0
516,13.8,546.1,0
516,13.9,546.1,0
515,14,546.1,0
515,14.2,546.1,0
515,14.3,546.1,0
515,14.5,546.1,0
515,14.6,546.1,0
515,14.5,546.1,0
515,14.4,546.1,0
515,14.2,546.1,0
515,14.1,546.1,0
516,14,546.1,0
516,13.9,546.2,0
516,13.8,546.2,0
516,13.6,546.2,0
516,13.5,546.2,0
516,13.4,546.2,0
516,13.7,546.2,0
515,14.1,546.2,0
515,14.4,546.2,0
515,14.8,546.2,0
514,15.2,546.2,0
514,15.5,546.2,0
514,15.8,546.2,0
514,16.2,546.2,0
513,16.5,546.2,0
513,16.9,546.2,0
513,16.9,546.2,0
513,16.9,546.2,0
513,16.9,546.2,0
513,16.9,546.2,0
513,16.9,546.2,0
513,16.8,546.3,0
513,16.8,546.3,0
513,16.8,546.3,0
513,16.8,546.3,0
513,16.8,546.3,0
513,17.2,546.3,0
512,17.5,546.3,0
512,17.9,546.3,0
511,18.2,546.3,0
511,18.6,546.3,0
511,19,546.3,0
510,19.3,546.3,0
510,19.7,546.3,0
509,20,546.3,0
509,20.4,546.3,0
509,21,546.3,0
508,21.5,546.3,0
508,22.1,546.3,0
507,22.7,546.3,0
506,23.2,546.3,0
506,23.8,546.3,0
506,24.4,546.3,0
505,25,546.3,0
505,25.5,546.3,0
504,26.1,546.3,0
504,26.2,546.3,0
504,26.3,546.3,0
504,26.3,546.3,0
504,26.4,546.4,0
504,26.5,546.4,0
504,26.6,546.4,0
504,26.7,546.4,0
504,26.7,546.4,0
504,26.8,546.4,0
504,26.9,546.4,0
504,26.8,546.4,0
504,26.7,546.4,0
504,26.7,546.4,0
504,26.6,546.4,0
504,26.5,546.4,0
505,26.4,546.4,0
505,26.3,546.4,0
505,26.3,546.4,0
505,26.2,546.4,0
505,26.1,546.4,0
505,25.8,546.4,0
505,25.5,546.4,0
506,25.1,546.4,0
506,24.8,546.4,0
506,24.5,546.4,0
506,24.2,546.4,0
506,23.9,546.4,0
507,23.5,546.4,0
507,23.2,546.4,0
507,22.9,546.4,0
507,23.3,546.4,0
506,23.8,546.5,0
506,24.2,546.5,0
506,24.7,546.5,0
506,25.1,546.5,0
505,25.5,546.5,0
505,26,546.5,0
505,26.4,546.5,0
504,26.9,546.5,0
504,27.3,546.5,0
504,27.4,546.5,0
504,27.5,546.5,0
503,27.5,546.5,0
503,27.6,546.5,0
503,27.7,546.5,0
503,27.8,546.5,0
503,27.9,546.5,0
502,27.9,546.5,0
502,28,546.5,0
502,28.1,546.5,0
502,28.2,546.5,0
502,28.3,546.5,0
502,28.4,546.5,0
502,28.5,546.5,0
502,28.6,546.5,0
502,28.7,546.5,0
502,28.8,546.5,0
502,28.9,546.5,0
502,29,546.5,0
502,29.1,546.5,0
502,29.4,546.5,0
501,29.6,546.5,0
501,29.9,546.5,0
501,30.1,546.5,0
500,30.4,546.5,0
500,30.7,546.5,0
500,30.9,546.5,0
500,31.2,546.6,0
499,31.4,546.6,0
499,31.7,546.6,0
499,31.7,546.6,0
499,31.6,546.6,0
499,31.6,546.6,0
499,31.6,546.6,0
499,31.6,546.6,0
499,31.5,546.6,0
499,31.5,546.6,0
499,31.5,546.6,0
499,31.4,546.6,0
499,31.4,546.6,0
499,31.4,546.6,0
499,31.4,546.6,0
499,31.4,546.6,0
499,31.4,546.6,0
499,31.4,546.6,0
499,31.3,546.6,0
499,31.3,546.6,0
499,31.3,546.6,0
499,31.3,546.6,0
499,31.3,546.6,0
499,31,546.6,0
500,30.6,546.6,0
500,30.3,546.6,0
500,29.9,546.6,0
500,29.6,546.6,0
501,29.3,546.6,0
501,28.9,546.6,0
501,28.6,546.6,0
502,28.2,546.6,0
502,27.9,546.6,0
502,28.1,546.6,0
501,28.2,546.6,0
501,28.4,546.6,0
501,28.5,546.6,0
500,28.7,546.6,0
500,28.8,546.6,0
500,29,546.6,0
500,29.1,546.6,0
499,29.3,546.6,0
499,29.4,546.6,0
499,29.8,546.6,0
498,30.2,546.7,0
498,30.6,546.7,0
498,31,546.7,0
498,31.4,546.7,0
497,31.8,546.7,0
497,32.2,546.7,0
497,32.6,546.7,0
496,33,546.7,0
496,33.4,546.7,0
496,33.3,546.7,0
496,33.2,546.7,0
496,33.1,546.7,0
496,33,546.7,0
496,33,546.7,0
497,32.9,546.7,0
497,32.8,546.7,0
497,32.7,546.7,0
497,32.6,546.7,0
497,32.5,546.7,0
497,32,546.7,0
498,31.6,546.7,0
499,31.1,546.7,0
499,30.6,546.7,0
500,30.1,546.7,0
500,29.7,546.7,0
500,29.2,546.7,0
501,28.7,546.7,0
502,28.3,546.7,0
502,27.8,546.7,0
502,27.5,546.7,0
502,27.3,546.7,0
502,27,546.7,0
502,26.7,546.7,0
502,26.5,546.7,0
503,26.2,546.7,0
503,25.9,546.7,0
503,25.6,546.7,0
503,25.4,546.7,0
503,25.1,546.7,0
503,25.2,546.7,0
503,25.3,546.7,0
503,25.4,546.7,0
503,25.5,546.7,0
502,25.6,546.7,0
502,25.7,546.7,0
502,25.8,546.7,0
502,25.9,546.7,0
502,26,546.7,0
502,26.1,546.7,0
502,26.1,546.7,0
502,26.1,546.7,0
502,26,546.7,0
502,26,546.8,0
502,26,546.8,0
503,26,546.8,0
503,26,546.8,0
503,25.9,546.8,0
503,25.9,546.8,0
503,25.9,546.8,0
503,25.5,546.8,0
504,25.2,546.8,0
504,24.8,546.8,0
505,24.5,546.8,0
505,24.2,546.8,0
505,23.8,546.8,0
506,23.4,546.8,0
506,23.1,546.8,0
507,22.7,546.8,0
507,22.4,546.8,0
507,22.5,546.8,0
506,22.6,546.8,0
506,22.7,546.8,0
505,22.8,546.8,0
505,22.9,546.8,0
505,23,546.8,0
504,23.1,546.8,0
504,23.2,546.8,0
503,23.3,546.8,0
503,23.4,546.8,0
502,24,546.8,0
502,24.5,546.8,0
501,25.1,546.8,0
501,25.7,546.8,0
500,26.2,546.8,0
499,26.8,546.8,0
499,27.4,546.8,0
498,28,546.8,0
498,28.5,546.8,0
497,29.1,546.8,0
497,29.6,546.8,0
496,30.2,546.8,0
496,30.7,546.8,0
496,31.2,546.8,0
496,31.8,546.8,0
495,32.3,546.8,0
495,32.8,546.8,0
495,33.3,546.8,0
494,33.9,546.8,0
494,34.4,546.8,0
495,33.8,546.8,0
496,33.2,546.8,0
496,32.5,546.8,0
497,31.9,546.8,0
498,31.3,546.8,0
499,30.7,546.8,0
500,30.1,546.8,0
500,29.4,546.8,0
501,28.8,546.8,0
502,28.2,546.8,0
504,25.5,546.8,0
506,22.9,546.8,0
508,20.2,546.8,0
510,17.5,546.9,0
512,14.9,546.9,0
514,12.2,546.9,0
516,9.5,546.9,0
518,6.8,546.9,0
520,4.2,546.9,0
522,1.5,546.9,0
522,1.4,546.9,0
522,1.2,546.8,0
522,1.1,546.8,0
522,1,546.8,0
522,0.8,546.8,0
523,0.7,546.8,0
523,0.6,546.8,0
523,0.5,546.8,0
523,0.3,546.8,0
523,0.2,546.7,0
523,0.4,546.7,0
523,0.7,546.7,0
523,0.9,546.7,0
523,1.1,546.7,0
522,1.4,546.7,0
522,1.6,546.7,0
522,1.8,546.7,0
522,2,546.7,0
522,2.3,546.7,0
522,2.5,546.7,0
522,2.4,546.7,0
522,2.3,546.6,0
522,2.2,546.6,0
522,2.1,546.6,0
522,2,546.6,0
523,1.8,546.5,0
523,1.7,546.5,0
523,1.6,546.5,0
523,1.5,546.5,0
523,1.4,545.8,0
523,1.4,545.8,0
523,1.5,545.8,0
523,1.5,545.8,0
523,1.6,544.8,0
522,1.6,544.8,0
522,1.6,544.8,0
522,1.7,544.8,0
522,1.7,544.8,0
522,1.8,544.8,0
522,1.8,544.8,0
522,1.8,544.8,0
522,1.8,545,0
522,1.7,545,0
522,1.7,545,0
522,1.7,545,0
523,1.7,544.8,0
523,1.7,544.8,0
523,1.6,544.8,0
523,1.6,544.8,0
523,1.6,545.1,0
523,1.5,545.1,0
523,1.3,545.1,0
523,1.1,545.1,0
523,1,544.9,0
524,0.9,544.9,0
524,0.7,544.9,0
524,0.6,544.9,0
524,0.4,545,0
524,0.2,545,0
524,0.1,545,0
524,0.3,545,0
524,0.6,545,0
523,0.8,545,0
523,1.1,545,0
523,1.3,545,0
523,1.5,545,0
523,1.8,545,0
522,2,545,0
522,2.3,545,0
522,2.5,545.1,0
522,2.7,545.1,0
522,2.9,545.1,0
522,3,545.1,0
522,3.2,544.9,0
522,3.4,544.9,0
521,3.6,544.9,0
521,3.8,544.9,0
521,3.9,545.1,0
521,4.1,545.1,0
521,4.3,545.1,0
521,4.9,545.1,0
520,5.5,545,0
520,6,545,0
519,6.6,545,0
518,7.2,545,0
518,7.8,545,0
518,8.4,545,0
517,8.9,545,0
517,9.5,545,0
516,10.1,545.3,0
516,10.5,545.3,0
516,10.8,545.3,0
515,11.2,545.3,0
515,11.5,545.8,0
515,11.9,545.8,0
515,12.2,545.8,0
515,12.6,545.8,0
514,12.9,545.7,0
514,13.3,545.7,0
514,13.6,545.7,0
514,13.8,545.7,0
514,14,546,0
514,14.3,546,0
514,14.5,546,0
514,14.7,546,0
513,14.9,546.2,0
513,15.1,546.2,0
513,15.4,546.2,0
513,15.6,546.2,0
513,15.8,546.3,0
513,15.7,546.3,0
513,15.6,546.3,0
513,15.5,546.3,0
513,15.4,546.4,0
514,15.2,546.4,0
514,15.1,546.4,0
514,15,546.4,0
514,14.9,546.4,0
514,14.8,546.4,0
514,14.7,546.4,0
514,14.7,546.4,0
514,14.7,546.5,0
513,14.8,546.5,0
513,14.8,546.5,0
513,14.8,546.5,0
513,14.8,546.5,0
513,14.8,546.5,0
512,14.9,546.5,0
512,14.9,546.5,0
512,14.9,546.5,0
512,15.6,546.5,0
511,16.3,546.5,0
511,17,546.5,0
510,17.7,546.5,0
510,18.4,546.5,0
509,19.1,546.5,0
509,19.8,546.5,0
508,20.5,546.5,0
508,21.2,546.5,0
507,21.9,546.5,0
507,21.7,546.5,0
508,21.4,546.6,0
508,21.2,546.6,0
508,20.9,546.6,0
508,20.7,546.6,0
509,20.5,546.6,0
509,20.2,546.6,0
509,20,546.6,0
510,19.7,546.6,0
510,19.5,546.5,0
510,19.2,546.5,0
510,18.9,546.5,0
511,18.6,546.5,0
511,18.3,546.5,0
511,18,546.5,0
511,17.7,546.5,0
511,17.4,546.5,0
512,17.1,546.1,0
512,16.8,546.1,0
512,16.5,546.1,0
512,16.8,546.1,0
511,17,546.2,0
511,17.3,546.2,0
511,17.5,546.2,0
510,17.8,546.2,0
510,18.1,546.2,0
510,18.3,546.2,0
510,18.6,546.2,0
509,18.8,546.2,0
509,19.1,546,0
509,19,546,0
509,18.9,546,0
509,18.8,546,0
509,18.7,546.2,0
510,18.6,546.2,0
510,18.6,546.2,0
510,18.5,546.2,0
510,18.4,546.3,0
510,18.3,546.3,0
510,18.2,546.3,0
510,18,546.3,0
510,17.8,546.3,0
511,17.7,546.3,0
511,17.5,546.3,0
511,17.3,546.3,0
511,17.1,546.3,0
511,16.9,546.3,0
512,16.8,546.3,0
512,16.6,546.3,0
512,16.4,546.2,0
512,16.4,546.2,0
512,16.5,546.2,0
512,16.5,546.2,0
512,16.6,546.4,0
512,16.6,546.4,0
511,16.6,546.4,0
511,16.7,546.4,0
511,16.7,546.5,0
511,16.8,546.5,0
511,16.8,546.5,0
511,16.9,546.5,0
511,17,546.6,0
511,17,546.6,0
511,17.1,546.6,0
511,17.2,546.6,0
511,17.3,546.6,0
511,17.4,546.6,0
511,17.4,546.6,0
511,17.5,546.6,0
511,17.6,546.9,0
511,17.8,546.9,0
510,18,546.9,0
510,18.2,546.9,0
510,18.4,546.9,0
510,18.6,546.9,0
509,18.7,546.9,0
509,18.9,546.9,0
509,19.1,547,0
508,19.3,547,0
508,19.5,547,0
507,20.2,547,0
507,20.9,547,0
506,21.7,547,0
505,22.4,547,0
504,23.1,547,0
504,23.8,547,0
503,24.5,547,0
502,25.3,547,0
502,26,547,0
501,26.7,547,0
501,27.1,547,0
500,27.6,547,0
500,28,547,0
499,28.5,547,0
499,28.9,547,0
499,29.3,547,0
498,29.8,547,0
498,30.2,547,0
497,30.7,547,0
497,31.1,547,0
498,30.8,547,0
498,30.5,547,0
499,30.3,547,0
499,30,547,0
500,29.7,547,0
500,29.4,547,0
501,29.1,547,0
501,28.9,547,0
502,28.6,547,0
502,28.3,547,0
502,28.1,547,0
502,28,547,0
502,27.8,547,0
502,27.7,547,0
502,27.5,547,0
501,27.3,547,0
501,27.2,547,0
501,27,547,0
501,26.9,547,0
501,26.7,547,0
501,26.7,547,0
501,26.7,547,0
501,26.8,547,0
501,26.8,547,0
502,26.8,547,0
502,26.8,547,0
502,26.8,547,0
502,26.9,547,0
502,26.9,547,0
502,26.9,547,0
502,26.7,547,0
502,26.6,547,0
503,26.4,547,0
503,26.3,547,0
503,26.2,547,0
503,26,547,0
503,25.8,547,0
504,25.7,547,0
504,25.5,547,0
504,25.4,547,0
504,25.2,547,0
504,25,547,0
504,24.7,547,0
504,24.5,547,0
504,24.3,547,0
505,24.1,547.1,0
505,23.9,547.1,0
505,23.6,547.1,0
505,23.4,547.1,0
505,23.2,547,0
505,23.3,547,0
505,23.4,547,0
504,23.5,547,0
504,23.6,547,0
504,23.7,547,0
504,23.7,547,0
504,23.8,547,0
503,23.9,547,0
503,24,547,0
503,24.1,547,0
503,24.4,547,0
502,24.7,546.9,0
502,25,546.9,0
501,25.3,546.9,0
501,25.7,546.9,0
501,26,546.9,0
500,26.3,546.9,0
500,26.6,546.9,0
499,26.9,546.9,0
499,27.2,546.9,0
499,27.4,546.9,0
499,27.5,546.9,0
499,27.7,546.9,0
499,27.9,546.8,0
499,28.1,546.8,0
499,28.2,546.8,0
499,28.4,546.8,0
499,28.6,546.6,0
499,28.7,546.6,0
499,28.9,546.6,0
499,28.5,546.6,0
500,28.2,546.3,0
500,27.8,546.3,0
501,27.5,546.3,0
501,27.1,546.3,0
501,26.7,546.5,0
502,26.4,546.5,0
502,26,546.5,0
503,25.7,546.5,0
503,25.3,546.8,0
503,25.7,546.8,0
502,26,546.8,0
502,26.4,546.8,0
501,26.8,546.8,0
501,27.1,546.8,0
501,27.5,546.8,0
500,27.9,546.8,0
500,28.3,546.8,0
499,28.6,546.8,0
499,29,546.8,0
499,28.9,546.8,0
499,28.8,546.9,0
499,28.8,546.9,0
499,28.7,546.9,0
500,28.6,546.9,0
500,28.5,546.9,0
500,28.4,546.9,0
500,28.4,546.9,0
500,28.3,546.9,0
500,28.2,546.9,0
500,28.2,546.9,0
500,28.1,546.9,0
500,28.1,546.9,0
500,28.1,546.9,0
500,28.1,546.9,0
500,28,546.9,0
500,28,546.9,0
500,28,546.9,0
500,27.9,546.9,0
500,27.9,546.9,0
501,27.4,546.9,0
501,26.9,546.7,0
502,26.3,546.7,0
502,25.8,546.7,0
503,25.3,546.7,0
504,24.8,546.7,0
504,24.3,546.7,0
505,23.7,546.7,0
505,23.2,546.7,0
506,22.7,546.4,0
506,22.5,546.4,0
506,22.4,546.4,0
506,22.2,546.4,0
506,22.1,546.5,0
506,21.9,546.5,0
507,21.7,546.5,0
507,21.6,546.5,0
507,21.4,546.5,0
507,21.3,546.5,0
507,21.1,546.5,0
507,20.9,546.5,0
507,20.8,545.8,0
507,20.6,545.8,0
507,20.4,545.8,0
507,20.2,545.8,0
507,20.1,546.3,0
507,19.9,546.3,0
507,19.7,546.3,0
507,19.6,546.3,0
507,19.4,546.3,0
506,20.1,546.3,0
506,20.9,546.3,0
505,21.6,546.3,0
504,22.3,546.2,0
504,23.1,546.2,0
503,23.8,546.2,0
502,24.5,546.2,0
501,25.2,546.2,0
501,26,546.2,0
500,26.7,546.2,0
500,26.5,546.2,0
501,26.2,546.2,0
501,26,546.2,0
502,25.8,546.2,0
502,25.6,546.2,0
502,25.3,545.9,0
503,25.1,545.9,0
503,24.9,545.9,0
504,24.6,545.9,0
504,24.4,546.1,0
505,23.8,546.1,0
505,23.1,546.1,0
506,22.5,546.1,0
506,21.9,546,0
507,21.2,546,0
508,20.6,546,0
508,20,546,0
509,19.4,545.9,0
509,18.7,545.9,0
510,18.1,545.9,0
510,17.9,545.9,0
510,17.8,546.1,0
510,17.6,546.1,0
510,17.4,546.1,0
510,17.2,546.1,0
510,17.1,546,0
510,16.9,546,0
510,16.7,546,0
510,16.6,546,0
510,16.4,546,0
510,16.6,546,0
509,16.8,546,0
509,17,546,0
509,17.2,546.1,0
508,17.4,546.1,0
508,17.5,546.1,0
508,17.7,546.1,0
508,17.9,545.9,0
507,18.1,545.9,0
507,18.3,545.9,0
506,19.3,545.9,0
505,20.2,546.1,0
504,21.2,546.1,0
503,22.1,546.1,0
502,23.1,546.1,0
502,24.1,546.2,0
501,25,546.2,0
500,26,546.2,0
499,26.9,546.2,0
498,27.9,546.3,0
498,27.8,546.3,0
499,27.7,546.3,0
499,27.6,546.3,0
500,27.5,546.5,0
500,27.4,546.5,0
500,27.3,546.5,0
501,27.2,546.5,0
501,27.1,546.6,0
502,27,546.6,0
502,26.9,546.6,0
502,26.3,546.6,0
503,25.7,546.8,0
503,25.1,546.8,0
504,24.5,546.8,0
504,23.9,546.8,0
505,23.3,547.1,0
505,22.7,547.1,0
506,22.1,547.1,0
506,21.5,547.1,0
507,20.9,547.1,0
507,21.1,547.1,0
506,21.3,547.1,0
506,21.6,547.1,0
505,21.8,547.1,0
505,22,547.1,0
505,22.2,547.1,0
504,22.4,547.1,0
504,22.7,547.1,0
503,22.9,547.1,0
503,23.1,547.1,0
503,23.2,547.1,0
502,23.3,547.1,0
502,23.4,547.1,0
502,23.5,547.1,0
502,23.7,547.1,0
501,23.8,547.1,0
501,23.9,547.1,0
501,24,547.1,0
500,24.1,547.1,0
500,24.2,547.1,0
499,25.1,547.1,0
499,26,547.1,0
498,26.9,547.1,0
497,27.8,547.1,0
496,28.7,547.1,0
496,29.5,547.1,0
495,30.4,547.1,0
494,31.3,547.1,0
494,32.2,547.1,0
493,33.1,547.1,0
494,32.8,547.1,0
494,32.5,547.1,0
495,32.2,547.1,0
496,31.9,547.1,0
496,31.6,547.1,0
497,31.3,547.2,0
498,31,547.2,0
499,30.7,547.2,0
499,30.4,547.2,0
500,30.1,547.2,0
501,29.1,547.2,0
502,28,547.2,0
503,27,547.2,0
504,25.9,547.2,0
504,24.9,547.2,0
505,23.9,547.2,0
506,22.8,547.2,0
507,21.8,547.2,0
508,20.7,547.2,0
509,19.7,547.2,0
509,19.6,547.2,0
509,19.4,547.2,0
509,19.3,547.2,0
509,19.2,547.2,0
508,19.1,547.2,0
508,18.9,547.2,0
508,18.8,547.2,0
508,18.7,547.2,0
508,18.5,547.2,0
508,18.4,547.2,0
507,18.9,547.2,0
506,19.3,547.2,0
506,19.8,547.2,0
505,20.3,547.2,0
504,20.8,547.2,0
503,21.2,547.2,0
502,21.7,547.2,0
502,22.2,547.2,0
501,22.6,547.2,0
500,23.1,547.2,0
498,24.8,547.2,0
496,26.4,547.2,0
494,28.1,547.2,0
492,29.7,547.2,0
490,31.4,547.2,0
487,33.1,547.2,0
485,34.7,547.2,0
483,36.4,547.2,0
481,38,547.2,0
479,39.7,547.2,0
480,40.1,547.2,0
480,40.5,547.2,0
481,40.9,547.2,0
481,41.3,547.2,0
482,41.7,547.2,0
483,42.1,547.2,0
483,42.5,547.2,0
484,42.9,547.2,0
484,43.3,547.2,0
485,43.7,547.2,0
486,42.5,547.2,0
488,41.3,547.2,0
489,40.1,547.2,0
491,38.9,547.2,0
492,37.8,547.2,0
493,36.6,547.2,0
495,35.4,547.2,0
496,34.2,547.2,0
498,33,547.2,0
499,31.8,547.2,0
499,31.5,547.2,0
499,31.3,547.2,0
498,31,547.2,0
498,30.8,547.2,0
498,30.6,547.2,0
498,30.3,547.2,0
498,30,547.2,0
497,29.8,547.2,0
497,29.5,547.2,0
497,29.3,547.2,0
496,29.8,547.2,0
495,30.3,547.2,0
495,30.9,547.2,0
494,31.4,547.2,0
493,31.9,547.2,0
492,32.4,547.2,0
491,32.9,547.2,0
491,33.5,547.2,0
490,34,547.2,0
489,34.5,547.2,0
489,34.5,547.2,0
489,34.5,547.2,0
490,34.5,547.2,0
490,34.5,547.2,0
490,34.5,547.2,0
490,34.6,547.2,0
490,34.6,547.2,0
491,34.6,547.2,0
491,34.6,547.2,0
491,34.6,547.2,0
491,34.6,547.2,0
491,34.6,547.2,0
491,34.6,547.2,0
491,34.6,547.2,0
491,34.5,547.2,0
491,34.5,547.2,0
491,34.5,547.2,0
491,34.5,547.2,0
491,34.5,547.2,0
491,34.5,547.2,0
490,35.5,547.2,0
489,36.4,547.2,0
488,37.4,547.2,0
487,38.4,547.2,0
486,39.4,547.2,0
484,40.3,547.2,0
483,41.3,547.2,0
482,42.3,547.2,0
481,43.2,547.2,0
480,44.2,547.2,0
481,43.7,547.2,0
482,43.3,547.2,0
483,42.8,547.2,0
484,42.4,547.2,0
486,42,547.2,0
487,41.5,547.1,0
488,41,547.1,0
489,40.6,547.1,0
490,40.1,547.1,0
491,39.7,547.1,0
493,37.7,547.1,0
494,35.6,547.1,0
496,33.6,547.1,0
497,31.5,547.1,0
499,29.5,547.1,0
501,27.5,547.1,0
502,25.4,547.1,0
504,23.4,547,0
505,21.3,547,0
507,19.3,547,0
509,17.3,547,0
510,15.3,546.8,0
512,13.3,546.8,0
513,11.3,546.8,0
514,9.3,546.8,0
516,7.4,546.8,0
518,5.4,546.8,0
519,3.4,546.8,0
521,1.4,546.8,0
522,-0.6,546.5,0
522,-0.5,546.5,0
522,-0.4,546.5,0
522,-0.3,546.5,0
522,-0.2,546.3,0
522,-0.1,546.3,0
522,0,546.3,0
522,0.1,546.3,0
522,0.2,546.6,0
522,0.3,546.6,0
522,0.4,546.6,0
522,0.7,546.6,0
522,0.9,546.3,0
521,1.2,546.3,0
521,1.4,546.3,0
521,1.7,546.3,0
521,2,546.4,0
521,2.2,546.4,0
520,2.5,546.4,0
520,2.7,546.4,0
520,3,546.4,0
520,3,546.4,0
520,2.9,546.4,0
520,2.9,546.4,0
520,2.9,546.3,0
520,2.9,546.3,0
520,2.8,546.3,0
520,2.8,546.3,0
520,2.8,546.4,0
520,2.7,546.4,0
520,2.7,546.4,0
520,2.6,546.4,0
520,2.4,546.2,0
521,2.3,546.2,0
521,2.1,546.2,0
521,2,546.2,0
521,1.9,546.2,0
521,1.7,546.2,0
522,1.6,546.2,0
522,1.4,546.2,0
522,1.3,546.2,0
522,1.3,546.2,0
522,1.4,546.2,0
522,1.4,546.2,0
522,1.4,546.2,0
522,1.5,546.2,0
522,1.5,546.2,0
522,1.5,546.2,0
522,1.5,546.5,0
522,1.6,546.5,0
522,1.6,546.5,0
522,1.6,546.5,0
522,1.7,546.5,0
522,1.7,546.5,0
522,1.8,546.5,0
522,1.8,546.5,0
521,1.8,546.4,0
521,1.9,546.4,0
521,1.9,546.4,0
521,2,546.4,0
521,2,546.5,0
521,2,546.5,0
521,1.9,546.5,0
521,1.9,546.5,0
521,1.8,546.4,0
522,1.8,546.4,0
522,1.8,546.4,0
522,1.7,546.4,0
522,1.7,546.4,0
522,1.6,546.4,0
522,1.6,546.4,0
522,1.6,546.4,0
522,1.5,546.4,0
522,1.5,546.4,0
522,1.5,546.4,0
522,1.5,546.4,0
522,1.4,546.4,0
522,1.4,546.4,0
522,1.4,546.4,0
522,1.3,546.4,0
522,1.3,546.4,0
522,1.2,546.4,0
522,1,546.4,0
522,0.9,546.4,0
522,0.7,546.3,0
522,0.6,546.3,0
523,0.4,546.3,0
523,0.3,546.3,0
523,0.1,546.4,0
523,0,546.4,0
523,-0.2,546.4,0
523,0.1,546.4,0
523,0.3,546.4,0
522,0.6,546.4,0
522,0.9,546.4,0
522,1.1,546.4,0
522,1.4,546.3,0
522,1.7,546.3,0
521,2,546.3,0
521,2.2,546.3,0
521,2.5,546.3,0
521,2.6,546.3,0
521,2.7,546.3,0
521,2.8,546.3,0
521,2.9,546.2,0
520,3,546.2,0
520,3.2,546.2,0
520,3.3,546.2,0
520,3.4,546.2,0
520,3.5,546.2,0
520,3.6,546.2,0
520,3.8,546.2,0
520,3.9,546.3,0
520,4.1,546.3,0
520,4.2,546.3,0
520,4.4,546.3,0
519,4.6,546.2,0
519,4.7,546.2,0
519,4.9,546.2,0
519,5,546.2,0
519,5.2,546.1,0
519,5.4,546.1,0
519,5.7,546.1,0
519,5.9,546.1,0
519,6.2,546.2,0
518,6.4,546.2,0
518,6.6,546.2,0
518,6.9,546.2,0
518,7.1,546.3,0
518,7.4,546.3,0
518,7.6,546.3,0
518,7.7,546.3,0
518,7.7,546.2,0
518,7.8,546.2,0
518,7.9,546.2,0
518,8,546.2,0
517,8,546.1,0
517,8.1,546.1,0
517,8.2,546.1,0
517,8.2,546.1,0
517,8.3,546.3,0
517,8.2,546.3,0
517,8.1,546.3,0
517,8,546.3,0
517,7.9,546.1,0
517,7.9,546.1,0
517,7.8,546.1,0
517,7.7,546.1,0
517,7.6,546.1,0
517,7.5,546.1,0
517,7.4,546.1,0
517,7.5,546.1,0
517,7.7,546.2,0
517,7.8,546.2,0
517,8,546.2,0
517,8.1,546.2,0
517,8.2,546.2,0
517,8.4,546.2,0
517,8.5,546.2,0
517,8.7,546.2,0
517,8.8,546.2,0
517,8.8,546.2,0
517,8.9,546.2,0
517,8.9,546.2,0
517,8.9,546.2,0
517,8.9,546.2,0
517,9,546.2,0
517,9,546.2,0
517,9,546.2,0
517,9.1,546.2,0
517,9.1,546.2,0
517,9,546.2,0
517,9,546,0
517,8.9,546,0
517,8.9,546,0
517,8.8,546,0
517,8.8,545.9,0
517,8.7,545.9,0
517,8.7,545.9,0
517,8.6,545.9,0
517,8.6,545.8,0
517,8.5,545.8,0
517,8.4,545.8,0
517,8.4,545.8,0
517,8.3,545.6,0
517,8.2,545.6,0
517,8.1,545.6,0
517,8,545.6,0
517,8,545.6,0
517,7.9,545.6,0
517,7.8,545.6,0
517,7.9,545.6,0
517,7.9,545.3,0
517,8,545.3,0
517,8,545.3,0
517,8.1,545.3,0
517,8.2,545.2,0
517,8.2,545.2,0
517,8.3,545.2,0
517,8.3,545.2,0
517,8.4,545.4,0
517,8.3,545.4,0
517,8.3,545.4,0
517,8.2,545.4,0
517,8.2,545,0
518,8.1,545,0
518,8,545,0
518,8,545,0
518,7.9,545.1,0
518,7.9,545.1,0
518,7.8,545.1,0
518,8.2,545.1,0
517,8.7,545.1,0
517,9.1,545.1,0
516,9.6,545.1,0
516,10.1,545.1,0
515,10.5,545.1,0
515,10.9,545.1,0
514,11.4,545.1,0
514,11.8,545.1,0
513,12.3,545.4,0
513,12.7,545.4,0
513,13,545.4,0
512,13.4,545.4,0
512,13.7,545.5,0
512,14.1,545.5,0
512,14.4,545.5,0
512,14.8,545.5,0
511,15.1,545.5,0
511,15.5,545.5,0
511,15.8,545.5,0
511,15.9,545.5,0
511,16,545.6,0
511,16.1,545.6,0
511,16.2,545.6,0
511,16.3,545.6,0
511,16.4,545.6,0
511,16.5,545.6,0
511,16.6,545.6,0
511,16.7,545.6,0
511,16.8,545.7,0
511,16.2,545.7,0
512,15.6,545.7,0
512,15.1,545.7,0
513,14.5,545.6,0
513,13.9,545.6,0
513,13.3,545.6,0
514,12.7,545.6,0
514,12.2,545.7,0
515,11.6,545.7,0
515,11,545.7,0
515,11.4,545.7,0
514,11.9,545.6,0
514,12.3,545.6,0
513,12.7,545.6,0
513,13.2,545.6,0
513,13.6,545.7,0
512,14,545.7,0
512,14.4,545.7,0
511,14.9,545.7,0
511,15.3,545.6,0
511,15.5,545.6,0
511,15.7,545.6,0
511,15.8,545.6,0
511,16,545.6,0
510,16.2,545.6,0
510,16.4,545.6,0
510,16.6,545.6,0
510,16.7,545.7,0
510,16.9,545.7,0
510,17.1,545.7,0
510,16.7,545.7,0
511,16.3,545.4,0
511,15.9,545.4,0
512,15.5,545.4,0
512,15.1,545.4,0
512,14.7,545.5,0
513,14.3,545.5,0
513,13.9,545.5,0
514,13.5,545.5,0
514,13.1,545.4,0
514,13.3,545.4,0
513,13.6,545.4,0
513,13.8,545.4,0
513,14.1,545.3,0
512,14.4,545.3,0
512,14.6,545.3,0
512,14.8,545.3,0
512,15.1,545.3,0
511,15.3,545.3,0
511,15.6,545.3,0
511,15.6,545.3,0
511,15.6,545.4,0
511,15.5,545.4,0
511,15.5,545.4,0
512,15.5,545.4,0
512,15.5,545.1,0
512,15.5,545.1,0
512,15.4,545.1,0
512,15.4,545.1,0
512,15.4,545.4,0
512,15.3,545.4,0
512,15.2,545.4,0
512,15,545.4,0
512,14.9,545.6,0
512,14.8,545.6,0
513,14.7,545.6,0
513,14.6,545.6,0
513,14.4,545.4,0
513,14.3,545.4,0
513,14.2,545.4,0
513,14.3,545.4,0
513,14.3,545.5,0
513,14.4,545.5,0
513,14.5,545.5,0
512,14.6,545.5,0
512,14.6,545.4,0
512,14.7,545.4,0
512,14.8,545.4,0
512,14.8,545.4,0
512,14.9,545.6,0
512,14.8,545.6,0
512,14.7,545.6,0
512,14.5,545.6,0
512,14.4,545.5,0
512,14.3,545.5,0
513,14.2,545.5,0
513,14.1,545.5,0
513,13.9,545.5,0
513,13.8,545.5,0
513,13.7,545.5,0
513,14,545.5,0
512,14.3,544.7,0
512,14.6,544.7,0
512,14.9,544.7,0
512,15.2,544.7,0
511,15.5,543.6,0
511,15.8,543.6,0
511,16.1,543.6,0
510,16.4,543.6,0
510,16.7,541,0
510,16.4,541,0
511,16.1,541,0
511,15.9,541,0
512,15.6,539,0
512,15.3,539,0
512,15,539,0
513,14.7,539,0
513,14.5,536.5,0
514,14.2,536.5,0
514,13.9,536.5,0
514,13.7,536.5,0
514,13.5,533.4,0
514,13.3,533.4,0
514,13.1,533.4,0
514,12.9,533.4,0
514,12.6,532.3,0
514,12.4,532.3,0
514,12.2,532.3,0
514,12,532.3,0
514,11.8,530.8,0
513,12.6,530.8,0
512,13.5,530.8,0
512,14.3,530.8,0
511,15.2,527.9,0
510,16,527.9,0
509,16.8,527.9,0
508,17.7,527.9,0
508,18.5,527.7,0
507,19.4,527.7,0
506,20.2,527.7,0
506,20.1,527.7,0
507,20.1,526.4,0
507,20,526.4,0
507,20,526.4,0
508,19.9,526.4,0
508,19.8,526.3,0
508,19.8,526.3,0
508,19.7,526.3,0
509,19.7,526.3,0
509,19.6,523.3,0
509,19,523.3,0
510,18.4,523.3,0
510,17.8,523.3,0
511,17.2,521.9,0
512,16.6,521.9,0
512,16,521.9,0
512,15.4,521.9,0
513,14.8,520.3,0
513,14.2,520.3,0
514,13.6,520.3,0
513,14,520.3,0
513,14.3,518.2,0
512,14.7,518.2,0
512,15,518.2,0
511,15.4,518.2,0
510,15.7,518.1,0
510,16.1,518.1,0
509,16.4,518.1,0
509,16.8,518.1,0
508,17.1,514.9,0
508,17.3,514.9,0
508,17.6,514.9,0
508,17.8,514.9,0
508,18,514.9,0
508,18.2,514.9,0
509,18.5,514.9,0
509,18.7,514.9,0
509,18.9,512.1,0
509,19.2,512.1,0
509,19.4,512.1,0
510,18.7,512.1,0
510,18,510.2,0
511,17.2,510.2,0
511,16.5,510.2,0
512,15.8,510.2,0
513,15.1,510.9,0
513,14.4,510.9,0
514,13.6,510.9,0
514,12.9,510.9,0
515,12.2,516.7,0
514,12.9,516.7,0
513,13.6,516.7,0
513,14.2,516.7,0
512,14.9,518.1,0
511,15.6,518.1,0
510,16.3,518.1,0
509,17,518.1,0
509,17.6,522.4,0
508,18.3,522.4,0
507,19,522.4,0
507,19,522.4,0
508,19.1,525.4,0
508,19.1,525.4,0
508,19.1,525.4,0
508,19.1,525.4,0
509,19.2,517.2,0
509,19.2,517.2,0
509,19.2,517.2,0
510,19.3,517.2,0
510,19.3,514.6,0
511,18.2,514.6,0
512,17.1,514.6,0
513,16,514.6,0
514,14.9,514.5,0
514,13.8,514.5,0
515,12.6,514.5,0
516,11.5,514.5,0
517,10.4,517.4,0
518,9.3,517.4,0
519,8.2,517.4,0
519,8.4,517.4,0
518,8.7,526.4,0
518,8.9,526.4,0
517,9.2,526.4,0
517,9.4,526.4,0
517,9.6,532.3,0
516,9.9,532.3,0
516,10.1,532.3,0
515,10.4,532.3,0
515,10.6,536.1,0
515,10.6,536.1,0
515,10.5,536.1,0
515,10.5,536.1,0
515,10.4,543.8,0
516,10.4,543.8,0
516,10.4,543.8,0
516,10.3,543.8,0
516,10.3,544.3,0
516,10.2,544.3,0
516,10.2,544.3,0
516,9.8,544.3,0
517,9.5,544.4,0
517,9.1,544.4,0
517,8.7,544.4,0
518,8.4,544.4,0
518,8,544.5,0
518,7.6,544.5,0
518,7.2,544.5,0
519,6.9,544.5,0
519,6.5,544.5,0
519,5.9,544.5,0
520,5.3,544.5,0
520,4.8,544.5,0
521,4.2,544.6,0
521,3.6,544.6,0
521,3,544.6,0
522,2.4,544.6,0
522,1.9,544.6,0
523,1.3,544.6,0
523,0.7,544.6,0
523,0.6,544.6,0
523,0.5,544.7,0
523,0.5,544.7,0
523,0.4,544.7,0
524,0.3,544.7,0
524,0.2,544.8,0
524,0.1,544.8,0
524,0.1,544.8,0
524,0,544.8,0
524,-0.1,544.8,0
524,-0.1,544.8,0
524,0,544.8,0
524,0,544.8,0
524,0.1,544.9,0
524,0.1,544.9,0
524,0.1,544.9,0
524,0.2,544.9,0
524,0.2,544.9,0
524,0.3,544.9,0
524,0.3,544.9,0
524,0.7,544.9,0
523,1.1,544.5,0
523,1.4,544.5,0
522,1.8,544.5,0
522,2.2,544.5,0
522,2.6,544,0
521,3,544,0
521,3.3,544,0
520,3.7,544,0
520,4.1,543.7,0
519,4.9,543.7,0
519,5.7,543.7,0
518,6.6,543.7,0
517,7.4,541.3,0
516,8.2,541.3,0
516,9,541.3,0
515,9.8,541.3,0
514,10.7,535.7,0
514,11.5,535.7,0
513,12.3,535.7,0
513,12.6,535.7,0
513,12.9,534,0
512,13.2,534,0
512,13.5,534,0
512,13.9,534,0
512,14.2,531.4,0
512,14.5,531.4,0
511,14.8,531.4,0
511,15.1,531.4,0
511,15.4,530.5,0
511,15.1,530.5,0
512,14.9,530.5,0
512,14.6,530.5,0
513,14.4,531.4,0
513,14.2,531.4,0
513,13.9,531.4,0
514,13.6,531.4,0
514,13.4,529.1,0
515,13.1,529.1,0
515,12.9,529.1,0
515,12.3,529.1,0
516,11.6,530.6,0
517,11,530.6,0
517,10.4,530.6,0
518,9.8,530.6,0
518,9.1,533.8,0
518,8.5,533.8,0
519,7.9,533.8,0
520,7.2,533.8,0
520,6.6,536.9,0
520,6.4,536.9,0
520,6.3,536.9,0
520,6.1,536.9,0
520,6,540.4,0
520,5.8,540.4,0
520,5.6,540.4,0
520,5.5,540.4,0
520,5.3,542.4,0
520,5.2,542.4,0
520,5,542.4,0
520,5.3,542.4,0
519,5.6,542.9,0
519,5.9,542.9,0
519,6.2,542.9,0
518,6.5,542.9,0
518,6.8,542.6,0
518,7.1,542.6,0
518,7.4,542.6,0
517,7.7,542.6,0
517,8,543.1,0
517,8.5,543.1,0
516,9,543.1,0
516,9.5,543.1,0
515,10,542.9,0
515,10.4,542.9,0
515,10.9,542.9,0
514,11.4,542.9,0
514,11.9,539.3,0
513,12.4,539.3,0
513,12.9,539.3,0
513,13,539.3,0
513,13,537.2,0
513,13.1,537.2,0
513,13.2,537.2,0
514,13.2,537.2,0
514,13.3,532.1,0
514,13.4,532.1,0
514,13.5,532.1,0
514,13.5,532.1,0
514,13.6,526.9,0
514,13.1,526.9,0
515,12.5,526.9,0
515,12,526.9,0
516,11.5,521.2,0
516,11,521.2,0
516,10.4,521.2,0
517,9.9,521.2,0
517,9.4,521.2,0
518,8.8,521.2,0
518,8.3,521.2,0
518,8,521.2,0
519,7.7,516.8,0
519,7.5,516.8,0
519,7.2,516.8,0
520,6.9,516.8,0
520,6.6,516.5,0
520,6.3,516.5,0
520,6.1,516.5,0
521,5.8,516.5,0
521,5.5,517.7,0
521,5.4,517.7,0
521,5.4,517.7,0
521,5.3,517.7,0
521,5.3,522,0
521,5.2,522,0
521,5.1,522,0
521,5.1,522,0
521,5,522,0
521,5,522,0
521,4.9,522,0
521,4.9,522,0
521,4.9,524.5,0
521,4.8,524.5,0
521,4.8,524.5,0
521,4.8,524.5,0
521,4.8,536,0
521,4.8,536,0
521,4.7,536,0
521,4.7,536,0
521,4.7,539.2,0
521,4.6,539.2,0
521,4.6,539.2,0
521,4.5,539.2,0
521,4.4,542,0
522,4.3,542,0
522,4.3,542,0
522,4.2,542,0
522,4.1,543.9,0
522,4.1,543.9,0
522,4,543.9,0
522,4,543.9,0
522,3.9,544.1,0
522,3.8,544.1,0
522,3.8,544.1,0
522,3.8,544.1,0
522,3.7,544.1,0
522,3.7,544.1,0
522,3.6,544.1,0
522,3.5,544.1,0
522,3.5,544.1,0
522,3.5,544.1,0
522,3.4,544.1,0
522,3.4,544.1,0
522,3.3,544.2,0
522,3.3,544.2,0
522,3.3,544.2,0
522,3.2,544.2,0
522,3.2,544.2,0
522,3.1,544.2,0
522,3.1,544.2,0
522,3.1,544.2,0
522,3.1,544.3,0
522,3.1,544.3,0
522,3.1,544.3,0
522,3.2,544.3,0
522,3.2,544.4,0
522,3.2,544.4,0
522,3.2,544.4,0
522,3.2,544.4,0
522,3.2,544.4,0
522,3.2,544.4,0
522,3.3,544.4,0
522,3.3,544.4,0
522,3.4,544.4,0
522,3.5,544.4,0
522,3.5,544.4,0
522,3.5,544.4,0
522,3.6,544.5,0
522,3.6,544.5,0
522,3.7,544.5,0
522,3.8,544.5,0
522,3.9,544.5,0
522,4.1,544.5,0
522,4.2,544.5,0
522,4.3,544.5,0
521,4.4,544.5,0
521,4.5,544.5,0
521,4.7,544.5,0
521,4.8,544.5,0
521,4.9,544.6,0
521,5.1,544.6,0
521,5.4,544.6,0
520,5.7,544.6,0
520,5.9,544.6,0
520,6.2,544.6,0
520,6.4,544.6,0
520,6.6,544.6,0
519,6.9,544.6,0
519,7.2,544.6,0
519,7.4,544.6,0
519,7.5,544.6,0
519,7.5,544.7,0
519,7.6,544.7,0
519,7.6,544.7,0
518,7.7,544.7,0
518,7.8,544.7,0
518,7.8,544.7,0
518,7.9,544.7,0
518,7.9,544.7,0
518,8,544.7,0
518,7.8,544.7,0
518,7.6,544.7,0
519,7.4,544.7,0
519,7.2,544.7,0
519,7.1,544.7,0
519,6.9,544.7,0
519,6.7,544.7,0
520,6.5,544.8,0
520,6.3,544.8,0
520,6.1,544.8,0
520,6.1,544.8,0
520,6.1,544.8,0
520,6,544.8,0
520,6,544.8,0
520,6,544.8,0
520,6,544.8,0
520,6,544.8,0
520,5.9,544.8,0
520,5.9,544.8,0
520,5.9,544.8,0
520,6.2,544.8,0
519,6.5,544.8,0
519,6.9,544.8,0
519,7.2,544.8,0
518,7.5,544.8,0
518,7.8,544.8,0
518,8.1,544.8,0
518,8.5,544.8,0
517,8.8,544.8,0
517,9.1,544.8,0
517,9.5,544.8,0
516,9.8,544.9,0
516,10.2,544.9,0
516,10.5,544.9,0
516,10.9,544.9,0
515,11.3,544.9,0
515,11.6,544.9,0
515,12,544.9,0
514,12.3,544.9,0
514,12.7,544.9,0
514,12.7,544.9,0
514,12.7,544.9,0
514,12.8,544.9,0
514,12.8,544.9,0
514,12.8,544.9,0
515,12.8,544.9,0
515,12.8,544.9,0
515,12.9,545,0
515,12.9,545,0
515,12.9,545,0
515,12.5,545,0
516,12.1,545,0
516,11.7,545,0
516,11.3,545,0
516,10.9,545,0
517,10.4,545,0
517,10,545,0
517,9.6,545,0
518,9.2,545,0
518,8.8,545,0
518,8.6,545,0
518,8.4,545,0
519,8.2,545,0
519,8,545,0
519,7.8,545,0
519,7.5,545,0
519,7.3,545,0
520,7.1,545,0
520,6.9,545,0
520,6.7,545,0
520,6.7,545,0
520,6.6,545.1,0
520,6.6,545.1,0
520,6.6,545.1,0
520,6.6,545.1,0
520,6.5,545.1,0
520,6.5,545.1,0
520,6.5,545.1,0
520,6.4,545.1,0
520,6.4,545.2,0
520,6.4,545.2,0
520,6.4,545.2,0
520,6.4,545.2,0
520,6.4,545,0
520,6.4,545,0
520,6.4,545,0
520,6.4,545,0
520,6.4,545.1,0
520,6.4,545.1,0
520,6.4,545.1,0
520,6.5,545.1,0
520,6.6,545.1,0
520,6.8,545.1,0
520,6.9,545.1,0
520,7,545.1,0
519,7.1,545,0
519,7.2,545,0
519,7.4,545,0
519,7.5,545,0
519,7.6,544.9,0
519,7.8,544.9,0
519,8,544.9,0
518,8.2,544.9,0
518,8.4,544.8,0
518,8.6,544.8,0
518,8.7,544.8,0
518,8.9,544.8,0
517,9.1,544.8,0
517,9.3,544.8,0
517,9.5,544.8,0
517,9.5,544.8,0
517,9.4,544.8,0
517,9.4,544.8,0
517,9.3,544.8,0
518,9.3,544.8,0
518,9.3,544.7,0
518,9.2,544.7,0
518,9.2,544.7,0
518,9.1,544.7,0
518,9.1,544.7,0
518,9.4,544.7,0
517,9.6,544.7,0
517,9.9,544.7,0
517,10.1,545.2,0
516,10.4,545.2,0
516,10.7,545.2,0
516,10.9,545.2,0
516,11.2,545.2,0
515,11.4,545.2,0
515,11.7,545.2,0
514,12.7,545.2,0
513,13.8,545.2,0
513,14.8,545.2,0
512,15.8,545.2,0
511,16.9,545.2,0
510,17.9,545.3,0
509,18.9,545.3,0
509,19.9,545.3,0
508,21,545.3,0
507,22,545.2,0
507,21.6,545.2,0
508,21.2,545.2,0
508,20.8,545.2,0
509,20.4,545.3,0
509,20,545.3,0
509,19.6,545.3,0
510,19.2,545.3,0
510,18.8,545.3,0
511,18.4,545.3,0
511,18,545.3,0
512,17.3,545.3,0
512,16.7,545.2,0
513,16,545.2,0
513,15.4,545.2,0
514,14.7,545.2,0
515,14,545,0
515,13.4,545,0
516,12.7,545,0
516,12.1,545,0
517,11.4,545,0
517,11,545,0
517,10.6,545,0
518,10.2,545,0
518,9.8,544.9,0
518,9.4,544.9,0
518,9.1,544.9,0
518,8.7,544.9,0
519,8.3,544.9,0
519,7.9,544.9,0
519,7.5,544.9,0
519,7.6,544.9,0
519,7.8,544.8,0
519,7.9,544.8,0
519,8.1,544.8,0
518,8.2,544.8,0
518,8.3,544.8,0
518,8.5,544.8,0
518,8.6,544.8,0
518,8.8,544.8,0
518,8.9,544.7,0
517,9.5,544.7,0
517,10.2,544.7,0
516,10.8,544.7,0
516,11.5,544.6,0
515,12.1,544.6,0
514,12.7,544.6,0
514,13.4,544.6,0
513,14,544,0
513,14.7,544,0
512,15.3,544,0
511,16,544,0
511,16.6,544.2,0
510,17.3,544.2,0
509,18,544.2,0
508,18.6,544.2,0
508,19.3,544.2,0
507,20,544.2,0
506,20.7,544.2,0
506,21.3,544.2,0
505,22,543.7,0
505,22.6,543.7,0
504,23.1,543.7,0
504,23.7,543.7,0
503,24.3,543.2,0
503,24.9,543.2,0
503,25.4,543.2,0
502,26,543.2,0
502,26.6,542.9,0
501,27.1,542.9,0
501,27.7,542.9,0
501,27.6,542.9,0
502,27.4,543,0
502,27.3,543,0
502,27.1,543,0
502,27,543,0
503,26.9,543.5,0
503,26.7,543.5,0
503,26.6,543.5,0
504,26.4,543.5,0
504,26.3,543.3,0
504,26,543.3,0
504,25.7,543.3,0
505,25.4,543.3,0
505,25.1,543.3,0
505,24.8,543.3,0
505,24.4,543.3,0
505,24.1,543.3,0
506,23.8,543.3,0
506,23.5,543.3,0
506,23.2,543.3,0
506,23,543.3,0
506,22.9,543.5,0
506,22.7,543.5,0
506,22.6,543.5,0
506,22.4,543.5,0
507,22.2,543.5,0
507,22.1,543.5,0
507,21.9,543.5,0
507,21.8,543.5,0
507,21.6,543.1,0
507,21.8,543.1,0
507,22,543.1,0
506,22.2,543.1,0
506,22.4,543.1,0
506,22.6,543.1,0
506,22.7,543.1,0
506,22.9,543.1,0
505,23.1,542.9,0
505,23.3,542.9,0
505,23.5,542.9,0
504,23.9,542.9,0
504,24.3,543,0
503,24.7,543,0
503,25.1,543,0
502,25.6,543,0
502,26,543.3,0
501,26.4,543.3,0
501,26.8,543.3,0
500,27.2,543.3,0
500,27.6,543.3,0
500,27.7,543.3,0
500,27.8,543.3,0
500,28,543.3,0
500,28.1,543.1,0
500,28.2,543.1,0
500,28.3,543.1,0
500,28.4,543.1,0
500,28.6,543.1,0
500,28.7,543.1,0
500,28.8,543.1,0
500,28.6,543.1,0
500,28.5,543,0
501,28.3,543,0
501,28.1,543,0
501,28,543,0
501,27.8,543.3,0
501,27.6,543.3,0
502,27.4,543.3,0
502,27.3,543.3,0
502,27.1,543.7,0
502,27.1,543.7,0
502,27.1,543.7,0
502,27.1,543.7,0
502,27.1,543.6,0
502,27.2,543.6,0
501,27.2,543.6,0
501,27.2,543.6,0
501,27.2,543.6,0
501,27.2,543.6,0
501,27.2,543.6,0
500,27.6,543.6,0
500,28.1,544.3,0
499,28.5,544.3,0
499,29,544.3,0
498,29.4,544.3,0
497,29.8,544.3,0
497,30.3,544.3,0
496,30.7,544.3,0
496,31.2,544.3,0
495,31.6,544.6,0
495,31.6,544.6,0
495,31.5,544.6,0
495,31.5,544.6,0
495,31.4,544.7,0
494,31.4,544.7,0
494,31.4,544.7,0
494,31.3,544.7,0
494,31.3,544.7,0
494,31.2,544.7,0
494,31.2,544.7,0
493,32,544.7,0
492,32.8,544.4,0
492,33.6,544.4,0
491,34.4,544.4,0
490,35.2,544.4,0
489,36,544.2,0
488,36.8,544.2,0
488,37.6,544.2,0
487,38.4,544.2,0
486,39.2,544.3,0
486,39.6,544.3,0
485,40.1,544.3,0
485,40.5,544.3,0
485,41,543.9,0
484,41.4,543.9,0
484,41.8,543.9,0
484,42.3,543.9,0
484,42.7,543.7,0
483,43.2,543.7,0
483,43.6,543.7,0
484,42.7,543.7,0
486,41.8,542.8,0
488,40.9,542.8,0
489,40,542.8,0
490,39,542.8,0
492,38.1,543,0
493,37.2,543,0
495,36.3,543,0
497,35.4,543,0
498,34.5,542.9,0
499,33.1,542.9,0
500,31.7,542.9,0
501,30.3,542.9,0
502,28.9,542.4,0
504,27.5,542.4,0
505,26.1,542.4,0
506,24.7,542.4,0
507,23.3,541.9,0
508,21.9,541.9,0
509,20.5,541.9,0
508,20.6,541.9,0
508,20.6,541.2,0
507,20.7,541.2,0
507,20.8,541.2,0
506,20.9,541.2,0
505,20.9,539.1,0
505,21,539.1,0
504,21.1,539.1,0
504,21.1,539.1,0
503,21.2,538.4,0
502,22.3,538.4,0
500,23.5,538.4,0
499,24.6,538.4,0
498,25.8,537.4,0
496,26.9,537.4,0
495,28,537.4,0
494,29.2,537.4,0
493,30.3,536.2,0
491,31.5,536.2,0
490,32.6,536.2,0
490,33.2,536.2,0
490,33.9,535.4,0
489,34.5,535.4,0
489,35.1,535.4,0
489,35.8,535.4,0
489,36.4,535.6,0
489,37,535.6,0
488,37.6,535.6,0
488,38.3,535.6,0
488,38.9,535,0
490,37.1,535,0
492,35.2,535,0
493,33.4,535,0
495,31.6,537.2,0
497,29.8,537.2,0
499,27.9,537.2,0
501,26.1,537.2,0
502,24.3,537.8,0
504,22.4,537.8,0
506,20.6,537.8,0
507,18.5,537.8,0
509,16.5,538,0
510,14.4,538,0
512,12.4,538,0
514,10.3,538,0
515,8.2,537.7,0
516,6.2,537.7,0
518,4.1,537.7,0
519,2.1,537.7,0
521,0,538.4,0
521,0,538.4,0
521,0,538.4,0
521,0,538.4,0
521,0,538.8,0
522,-0.1,538.8,0
522,-0.1,538.8,0
522,-0.1,538.8,0
522,-0.1,539.7,0
522,-0.1,539.7,0
522,-0.1,539.7,0
522,-0.1,539.7,0
522,0,540.3,0
522,0,540.3,0
522,0.1,540.3,0
522,0.2,540.3,0
522,0.2,540.7,0
522,0.2,540.7,0
522,0.3,540.7,0
522,0.3,540.7,0
522,0.4,540.8,0
522,0.5,540.8,0
522,0.7,540.8,0
522,0.8,540.8,0
522,1,540.4,0
522,1.1,540.4,0
521,1.2,540.4,0
521,1.4,540.4,0
521,1.5,540.5,0
521,1.7,540.5,0
521,1.8,540.5,0
521,1.8,540.5,0
521,1.7,540.6,0
521,1.7,540.6,0
521,1.7,540.6,0
522,1.6,540.6,0
522,1.6,540.3,0
522,1.6,540.3,0
522,1.6,540.3,0
522,1.5,540.3,0
522,1.5,539,0
522,1.4,539,0
522,1.4,539,0
522,1.3,539,0
522,1.3,537.6,0
522,1.2,537.6,0
523,1.1,537.6,0
523,1.1,537.6,0
523,1,535.3,0
523,1,535.3,0
523,0.9,535.3,0
523,0.9,535.3,0
523,0.8,531.6,0
523,0.8,531.6,0
523,0.8,531.6,0
523,0.8,531.6,0
523,0.7,530.9,0
523,0.7,530.9,0
523,0.7,530.9,0
523,0.6,530.9,0
523,0.6,530.5,0
523,0.6,530.5,0
523,0.5,530.5,0
523,0.5,530.5,0
523,0.4,530.4,0
523,0.4,530.4,0
523,0.3,530.4,0
523,0.3,530.4,0
523,0.2,531.6,0
523,0.2,531.6,0
523,0.1,531.6,0
523,0.1,531.6,0
523,0.1,531.2,0
523,0.1,531.2,0
523,0.1,531.2,0
523,0.1,531.2,0
523,0,531.4,0
523,0,531.4,0
523,0,531.4,0
523,0,531.4,0
523,0,532.4,0
523,0,532.4,0
523,0.1,532.4,0
523,0.1,532.4,0
523,0.1,533.8,0
524,0.2,533.8,0
524,0.2,533.8,0
524,0.2,533.8,0
524,0.2,533.6,0
524,0.3,533.6,0
524,0.3,533.6,0
524,0.3,533.6,0
524,0.3,535.7,0
524,0.3,535.7,0
524,0.3,535.7,0
524,0.4,535.7,0
524,0.4,537,0
524,0.4,537,0
524,0.4,537,0
524,0.4,537,0
524,0.4,537.2,0
524,0.4,537.2,0
524,0.4,537.2,0
524,0.4,537.2,0
524,0.4,537.2,0
524,0.5,537.2,0
524,0.5,537.2,0
524,0.5,537.2,0
524,0.5,538.9,0
524,0.5,538.9,0
524,0.5,538.9,0
524,0.5,538.9,0
524,0.5,540,0
524,0.5,540,0
524,0.5,540,0
524,0.6,540,0
523,0.6,538.9,0
523,0.6,538.9,0
523,0.6,538.9,0
523,0.6,538.9,0
523,0.6,539.3,0
523,0.6,539.3,0
523,0.6,539.3,0
523,0.6,539.3,0
523,0.6,539.7,0
523,0.6,539.7,0
523,0.5,539.7,0
523,0.5,539.7,0
523,0.5,540.2,0
523,0.5,540.2,0
523,0.5,540.2,0
523,0.5,540.2,0
523,0.5,540.7,0
523,0.5,540.7,0
523,0.5,540.7,0
524,0.5,540.7,0
524,0.5,541.8,0
524,0.5,541.8,0
524,0.5,541.8,0
524,0.5,541.8,0
524,0.5,541.6,0
524,0.5,541.6,0
524,0.5,541.6,0
524,0.5,541.6,0
524,0.5,541.4,0
524,0.6,541.4,0
524,0.6,541.4,0
524,0.6,541.4,0
524,0.6,542.7,0
524,0.6,542.7,0
524,0.6,542.7,0
524,0.7,542.7,0
524,0.7,542.9,0
524,0.8,542.9,0
524,0.8,542.9,0
524,0.9,542.9,0
523,0.9,542.5,0
523,1,542.5,0
523,1,542.5,0
523,1.1,542.5,0
523,1.1,542.7,0
523,1.1,542.7,0
523,1.1,542.7,0
523,1.1,542.7,0
523,1.1,542.9,0
523,1.1,542.9,0
523,1.1,542.9,0
523,1.1,542.9,0
523,1.1,542.7,0
523,1.1,542.7,0
523,1.1,542.7,0
523,1.1,542.7,0
523,1.1,542.8,0
523,1.1,542.8,0
523,1.1,542.8,0
523,1.1,542.8,0
523,1.1,543.1,0
523,1.1,543.1,0
523,1.1,543.1,0
523,1.1,543.1,0
523,1.1,543.1,0
523,1.1,543.1,0
523,1.2,543.1,0
523,1.2,543.1,0
523,1.3,542.9,0
524,1.3,542.9,0
524,1.3,542.9,0
524,1.4,542.9,0
524,1.4,543.3,0
524,1.5,543.3,0
524,1.5,543.3,0
524,1.6,543.3,0
524,1.7,543.3,0
524,1.8,543.3,0
524,1.9,543.3,0
524,2,543.3,0
523,2,544.7,0
523,2.1,544.7,0
523,2.2,544.7,0
523,2.3,544.7,0
523,2.4,544.7,0
523,2.8,544.7,0
522,3.1,544.7,0
522,3.5,544.7,0
521,3.8,544.8,0
521,4.2,544.8,0
521,4.6,544.8,0
520,4.9,544.8,0
520,5.3,544.8,0
519,5.6,544.8,0
519,6,544.8,0
519,6.3,544.8,0
519,6.7,544.8,0
518,7,544.8,0
518,7.3,544.8,0
518,7.7,544.8,0
518,8,544.8,0
518,8.3,544.8,0
517,8.6,544.8,0
517,9,544.8,0
517,9.3,544.8,0
517,9.2,544.8,0
517,9.2,544.8,0
517,9.1,544.8,0
517,9,544.9,0
518,8.9,544.9,0
518,8.9,544.9,0
518,8.8,544.9,0
518,8.7,544.9,0
518,8.7,544.9,0
518,8.6,544.9,0
518,8.5,544.9,0
518,8.4,544.9,0
518,8.3,544.9,0
518,8.2,544.9,0
518,8.2,544.9,0
519,8.1,544.9,0
519,8,544.9,0
519,7.9,544.9,0
519,7.8,544.9,0
519,7.7,544.9,0
519,7.4,544.9,0
519,7,544.9,0
520,6.7,544.9,0
520,6.3,544.9,0
520,6,544.9,0
520,5.7,544.9,0
520,5.3,544.9,0
521,5,544.9,0
521,4.6,544.9,0
521,4.3,544.9,0
521,4.2,544.9,0
521,4,545,0
521,3.9,545,0
521,3.8,545,0
522,3.6,545,0
522,3.5,545,0
522,3.4,545,0
522,3.3,545,0
522,3.1,545,0
522,3,545,0
522,3,545,0
522,3.1,545,0
522,3.1,545,0
522,3.1,545,0
522,3.2,545,0
522,3.2,545,0
522,3.2,545,0
522,3.2,545,0
522,3.3,545,0
522,3.3,545,0
522,3.6,545,0
521,4,545,0
521,4.3,545,0
521,4.7,545,0
520,5,545,0
520,5.3,545,0
520,5.7,545,0
520,6,545,0
519,6.4,545,0
519,6.7,545.1,0
519,7.1,545.1,0
518,7.5,545.1,0
518,7.9,545.1,0
518,8.3,545.1,0
518,8.7,545.1,0
517,9,545.1,0
517,9.4,545.1,0
517,9.8,545.1,0
516,10.2,545.1,0
516,10.6,545.1,0
516,10.8,545.1,0
516,11.1,545.1,0
516,11.3,545.1,0
516,11.6,545.1,0
516,11.8,545.1,0
515,12,545.1,0
515,12.3,545.1,0
515,12.5,545.1,0
515,12.8,545.1,0
515,13,545.1,0
516,12.4,545.1,0
516,11.7,545.1,0
517,11.1,545.1,0
517,10.5,545.1,0
518,9.8,545.1,0
518,9.2,545.1,0
519,8.6,545.1,0
519,8,545,0
520,7.3,545,0
520,6.7,545,0
520,6.4,545,0
520,6.1,545,0
521,5.8,545,0
521,5.5,545,0
521,5.2,545,0
521,5,545.2,0
521,4.7,545.2,0
522,4.4,545.2,0
522,4.1,545.2,0
522,3.8,545.2,0
522,3.8,545.2,0
522,3.8,545.2,0
522,3.7,545.2,0
522,3.7,545.2,0
522,3.7,545.2,0
522,3.7,545.2,0
522,3.7,545.2,0
522,3.6,545.2,0
522,3.6,545.2,0
522,3.6,545.2,0
522,3.9,545.2,0
522,4.1,545.2,0
521,4.4,545.2,0
521,4.7,545.2,0
521,5,545.2,0
521,5.2,545.2,0
521,5.5,545.2,0
520,5.8,545.2,0
520,6,545.2,0
520,6.3,545.2,0
520,6.8,545.2,0
519,7.2,545.2,0
519,7.7,545.2,0
519,8.2,545.2,0
518,8.7,545.2,0
518,9.1,545.2,0
518,9.6,545.2,0
518,10.1,545.2,0
517,10.5,545.2,0
517,11,545.2,0
517,11.4,545.2,0
516,11.7,545.2,0
516,12.1,545.2,0
516,12.5,545.2,0
516,12.9,545.2,0
515,13.2,545.3,0
515,13.6,545.3,0
515,14,545.3,0
514,14.3,545.3,0
514,14.7,545.3,0
514,14.8,545.3,0
514,14.9,545.3,0
514,15,545.3,0
514,15.1,545.3,0
514,15.2,545.3,0
514,15.4,545.3,0
514,15.5,545.3,0
514,15.6,545.3,0
514,15.7,545.3,0
514,15.8,545.3,0
514,15.8,545.3,0
514,15.9,545.3,0
514,15.9,545.3,0
514,16,545.3,0
514,16,545.3,0
513,16,545.3,0
513,16.1,545.3,0
513,16.1,545.3,0
513,16.2,545.3,0
513,16.2,545.3,0
513,16,545.3,0
513,15.7,545.3,0
514,15.4,545.3,0
514,15.2,545.3,0
514,14.9,545.3,0
514,14.7,545.3,0
514,14.5,545.3,0
515,14.2,545.3,0
515,13.9,545.3,0
515,13.7,545.3,0
515,13.7,545.3,0
515,13.7,545.3,0
515,13.8,545.3,0
515,13.8,545.3,0
515,13.8,545.3,0
515,13.8,545.3,0
515,13.8,545.3,0
515,13.9,545.3,0
515,13.9,545.3,0
515,13.9,545.4,0
515,14,545.4,0
515,14.2,545.4,0
514,14.3,545.4,0
514,14.5,545.4,0
514,14.6,545.4,0
514,14.7,545.4,0
514,14.9,545.4,0
513,15,545.4,0
513,15.2,545.4,0
513,15.3,545.4,0
513,15.5,545.4,0
513,15.6,545.4,0
512,15.8,545.4,0
512,15.9,545.4,0
512,16.1,545.4,0
512,16.3,545.4,0
512,16.4,545.4,0
511,16.6,545.4,0
511,16.7,545.4,0
511,16.9,545.4,0
511,16.9,545.4,0
511,16.9,545.4,0
511,17,545.4,0
511,17,545.4,0
511,17,545.4,0
511,17,545.4,0
511,17,545.4,0
511,17.1,545.4,0
511,17.1,545.4,0
511,17.1,545.4,0
511,17.4,545.4,0
511,17.6,545.4,0
510,17.9,545.4,0
510,18.1,545.4,0
510,18.4,545.4,0
510,18.7,545.4,0
510,18.9,545.4,0
509,19.2,545.4,0
509,19.4,545.4,0
509,19.7,545.4,0
509,19.4,545.4,0
510,19,545.4,0
510,18.7,545.4,0
510,18.3,545.4,0
510,18,545.4,0
511,17.6,545.4,0
511,17.3,545.4,0
511,16.9,545.5,0
512,16.6,545.5,0
512,16.2,545.5,0
512,16.1,545.5,0
512,16,545.5,0
512,16,545.5,0
512,15.9,545.5,0
512,15.8,545.5,0
513,15.7,545.5,0
513,15.6,545.5,0
513,15.6,545.5,0
513,15.5,545.5,0
513,15.4,545.5,0
513,15.5,545.5,0
513,15.5,545.5,0
513,15.6,545.5,0
513,15.7,545.5,0
512,15.8,545.5,0
512,15.8,545.5,0
512,15.9,545.5,0
512,16,545.5,0
512,16,545.5,0
512,16.1,545.5,0
512,16,545.5,0
512,15.8,545.5,0
512,15.7,545.5,0
512,15.6,545.5,0
512,15.5,545.5,0
513,15.3,545.5,0
513,15.2,545.5,0
513,15.1,545.5,0
513,14.9,545.5,0
513,14.8,545.5,0
513,15.1,545.5,0
512,15.5,545.5,0
512,15.8,545.5,0
512,16.2,545.5,0
512,16.5,545.5,0
511,16.8,545.5,0
511,17.2,545.5,0
511,17.5,545.5,0
510,17.9,545.5,0
510,18.2,545.5,0
510,18,545.5,0
510,17.8,545.5,0
511,17.6,545.5,0
511,17.4,545.5,0
511,17.2,545.5,0
511,17,545.5,0
511,16.8,545.5,0
512,16.6,545.5,0
512,16.4,545.5,0
512,16.2,545.5,0
512,16.5,545.5,0
511,16.8,545.5,0
511,17.1,545.5,0
511,17.4,545.5,0
510,17.7,545.5,0
510,18,545.5,0
510,18.3,545.5,0
510,18.6,545.5,0
509,18.9,545.5,0
509,19.2,545.5,0
509,19.5,545.5,0
509,19.8,545.5,0
508,20,545.5,0
508,20.3,545.5,0
508,20.6,545.5,0
508,20.9,545.4,0
508,21.2,545.4,0
507,21.4,545.4,0
507,21.7,545.4,0
507,22,545.4,0
507,22,545.4,0
507,22,545.4,0
507,22,545.4,0
507,22,545.4,0
506,22,545.4,0
506,22,545.4,0
506,22,545.4,0
506,22,545.3,0
506,22,545.3,0
506,22,545.3,0
506,22.2,545.3,0
506,22.4,545.1,0
506,22.6,545.1,0
506,22.8,545.1,0
506,23,545.1,0
505,23.2,544.8,0
505,23.4,544.8,0
505,23.6,544.8,0
505,23.8,544.8,0
505,24,543.4,0
505,24,543.4,0
505,24.1,543.4,0
505,24.1,543.4,0
505,24.1,544,0
504,24.1,544,0
504,24.2,544,0
504,24.2,544,0
504,24.2,543.8,0
504,24.3,543.8,0
504,24.3,543.8,0
504,24.5,543.8,0
504,24.7,543.6,0
504,24.9,543.6,0
504,25.1,543.6,0
504,25.2,543.6,0
503,25.4,543.4,0
503,25.6,543.4,0
503,25.8,543.4,0
503,26,543.4,0
503,26.2,543.1,0
503,26.3,543.1,0
503,26.4,543.1,0
503,26.5,543.1,0
503,26.6,543,0
502,26.7,543,0
502,26.7,543,0
502,26.8,543,0
502,26.9,543,0
502,27,543,0
502,27.1,543,0
502,27.2,543,0
502,27.2,543,0
502,27.3,543,0
502,27.4,543,0
502,27.5,543,0
501,27.5,543.2,0
501,27.6,543.2,0
501,27.7,543.2,0
501,27.7,543.2,0
501,27.8,543.6,0
501,28.2,543.6,0
500,28.6,543.6,0
500,29,543.6,0
500,29.4,543.7,0
500,29.9,543.7,0
499,30.3,543.7,0
499,30.7,543.7,0
499,31.1,544.2,0
498,31.5,544.2,0
498,31.9,544.2,0
498,31.9,544.2,0
498,31.9,543.9,0
498,31.9,543.9,0
498,31.9,543.9,0
498,32,543.9,0
498,32,543.9,0
498,32,543.9,0
498,32,543.9,0
498,32,543.9,0
498,32,543.8,0
498,32,543.8,0
498,31.9,543.8,0
498,31.9,543.8,0
498,31.9,543.7,0
498,31.9,543.7,0
497,31.8,543.7,0
497,31.8,543.7,0
497,31.8,543.7,0
497,31.7,543.7,0
497,31.7,543.7,0
497,31.6,543.7,0
497,31.5,543.8,0
497,31.4,543.8,0
497,31.3,543.8,0
498,31.2,543.8,0
498,31.1,544,0
498,31,544,0
498,30.9,544,0
498,30.8,544,0
498,30.7,543.9,0
498,30.9,543.9,0
497,31,543.9,0
497,31.2,543.9,0
497,31.4,543.8,0
496,31.6,543.8,0
496,31.7,543.8,0
496,31.9,543.8,0
496,32.1,543.6,0
495,32.2,543.6,0
495,32.4,543.6,0
495,32.5,543.6,0
495,32.7,543.6,0
495,32.8,543.6,0
495,33,543.6,0
495,33.1,543.6,0
495,33.2,543.6,0
495,33.4,543.6,0
495,33.5,543.6,0
495,33.7,543.6,0
495,33.8,543.9,0
495,33.8,543.9,0
495,33.7,543.9,0
495,33.7,543.9,0
495,33.6,544,0
494,33.6,544,0
494,33.5,544,0
494,33.5,544,0
494,33.4,544,0
494,33.4,544,0
494,33.3,544,0
494,33.3,544,0
494,33.4,544,0
494,33.4,544,0
494,33.5,544,0
494,33.5,544,0
494,33.5,544,0
494,33.6,544,0
494,33.6,544,0
494,33.7,544,0
494,33.7,544.1,0
494,33.7,544.1,0
494,33.7,544.1,0
494,33.6,544.1,0
494,33.6,544,0
494,33.6,544,0
494,33.6,544,0
494,33.6,544,0
494,33.5,544,0
494,33.5,544,0
494,33.5,544,0
495,32.8,544,0
496,32.1,544.3,0
496,31.4,544.3,0
497,30.7,544.3,0
498,30.1,544.3,0
499,29.4,544.4,0
500,28.7,544.4,0
500,28,544.4,0
501,27.3,544.4,0
502,26.6,544.6,0
502,26.1,544.6,0
503,25.5,544.6,0
503,24.9,544.6,0
504,24.4,544.5,0
504,23.9,544.5,0
504,23.3,544.5,0
505,22.8,544.5,0
505,22.2,544.5,0
506,21.6,544.5,0
506,21.1,544.5,0
506,20.9,544.5,0
506,20.7,544.6,0
506,20.6,544.6,0
506,20.4,544.6,0
506,20.2,544.6,0
507,20,544.5,0
507,19.8,544.5,0
507,19.7,544.5,0
507,19.5,544.5,0
507,19.3,544.8,0
507,19.6,544.8,0
506,20,544.8,0
506,20.3,544.8,0
505,20.6,545.1,0
505,21,545.1,0
505,21.3,545.1,0
504,21.6,545.1,0
504,21.9,545.1,0
503,22.3,545.1,0
503,22.6,545.1,0
502,23.3,545.1,0
501,24,545.2,0
501,24.8,545.2,0
500,25.5,545.2,0
499,26.2,545.2,0
498,26.9,545.2,0
497,27.6,545.2,0
497,28.4,545.2,0
496,29.1,545.2,0
495,29.8,545.3,0
497,27.7,545.3,0
499,25.6,545.3,0
501,23.4,545.3,0
503,21.3,545.6,0
504,19.2,545.6,0
506,17.1,545.6,0
508,15,545.6,0
510,12.8,545.6,0
512,10.7,545.6,0
514,8.6,545.6,0
515,7.7,545.6,0
516,6.9,545.6,0
516,6,545.6,0
517,5.2,545.6,0
518,4.3,545.6,0
519,3.4,545.6,0
520,2.6,545.6,0
520,1.7,545.6,0
521,0.9,545.6,0
522,0,545.6,0
522,0,545.6,0
522,0,545.6,0
522,0,545.6,0
522,0,545.6,0
522,0,545.6,0
522,0,545.6,0
522,0,545.6,0
522,0,545.6,0
522,0,545.6,0
522,0,545.6,0
522,0,545.6,0
522,0,545.6,0
522,0,545.6,0
522,0,545.6,0
522,0,545.6,0
522,0,545.6,0
522,0,545.6,0
522,0,545.6,0
522,0,545.6,0
522,0,545.5,0
522,0,545.5,0
522,0,545.5,0
522,0,545.5,0
522,0,545.5,0
522,-0.1,545.5,0
522,-0.1,545.5,0
522,-0.1,545.5,0
522,-0.1,545.5,0
522,-0.1,545.5,0
522,-0.1,545.5,0
522,-0.1,545.5,0
522,-0.1,545.5,0
522,-0.1,545.5,0
522,-0.1,545.5,0
522,-0.1,545.5,0
523,-0.1,545.5,0
523,-0.1,545.5,0
523,-0.1,545.5,0
523,-0.1,545.5,0
523,-0.1,545.5,0
523,0,545.5,0
523,0.1,545.5,0
523,0.2,545.5,0
523,0.3,545.5,0
522,0.4,545.5,0
522,0.5,545.5,0
522,0.6,545.5,0
522,0.7,545.5,0
522,0.8,545.5,0
522,0.9,545.5,0
522,1.1,545.5,0
522,1.2,545.5,0
522,1.4,545.5,0
522,1.5,545.5,0
522,1.7,545.5,0
521,1.9,545.4,0
521,2,545.4,0
521,2.2,545.4,0
521,2.3,545.4,0
521,2.5,545.3,0
521,2.5,545.3,0
521,2.6,545.3,0
521,2.6,545.3,0
521,2.6,545.3,0
521,2.7,545.3,0
521,2.7,545.3,0
521,2.7,545.3,0
521,2.7,545.4,0
521,2.8,545.4,0
521,2.8,545.4,0
521,2.9,545.4,0
521,3,545.3,0
521,3.2,545.3,0
521,3.3,545.3,0
520,3.4,545.3,0
520,3.5,544.7,0
520,3.6,544.7,0
520,3.8,544.7,0
520,3.9,544.7,0
520,4,544.7,0
520,4.5,544.7,0
519,4.9,544.7,0
519,5.4,544.7,0
518,5.8,545,0
518,6.2,545,0
518,6.7,545,0
517,7.2,545,0
517,7.6,545.1,0
516,8.1,545.1,0
516,8.5,545.1,0
516,8.8,545.1,0
516,9.2,545,0
516,9.5,545,0
516,9.9,545,0
516,10.2,545,0
515,10.5,545.1,0
515,10.9,545.1,0
515,11.2,545.1,0
515,11.6,545.1,0
515,11.9,545,0
515,11.7,545,0
515,11.6,545,0
515,11.4,545,0
515,11.2,545.1,0
516,11.1,545.1,0
516,10.9,545.1,0
516,10.7,545.1,0
516,10.5,545,0
516,10.4,545,0
516,10.2,545,0
516,10.4,545,0
516,10.7,544.8,0
515,10.9,544.8,0
515,11.2,544.8,0
515,11.4,544.8,0
515,11.6,544.8,0
515,11.9,544.8,0
514,12.1,544.8,0
514,12.4,544.8,0
514,12.6,544.7,0
514,12.1,544.7,0
515,11.7,544.7,0
515,11.2,544.7,0
516,10.8,544.7,0
516,10.3,544.7,0
516,9.8,544.7,0
517,9.4,544.7,0
517,8.9,544.8,0
518,8.5,544.8,0
518,8,544.8,0
518,7.8,544.8,0
518,7.6,544.8,0
518,7.4,544.8,0
518,7.2,544.8,0
518,7,544.8,0
519,6.7,544.8,0
519,6.5,544.8,0
519,6.3,544.8,0
519,6.1,544.8,0
519,5.9,544.9,0
518,6.9,544.9,0
517,7.9,544.9,0
516,8.9,544.9,0
515,9.9,544.7,0
514,10.9,544.7,0
513,12,544.7,0
512,13,544.7,0
511,14,544.7,0
510,15,544.7,0
509,16,544.7,0
508,16.9,544.7,0
507,17.8,544.6,0
507,18.7,544.6,0
506,19.6,544.6,0
505,20.5,544.6,0
504,21.3,544.8,0
503,22.2,544.8,0
503,23.1,544.8,0
502,24,544.8,0
501,24.9,544.7,0
501,25.5,544.7,0
500,26.1,544.7,0
500,26.8,544.7,0
500,27.4,544.7,0
500,28,544.7,0
499,28.6,544.7,0
499,29.2,544.7,0
499,29.9,544.8,0
498,30.5,544.8,0
498,31.1,544.8,0
498,31.1,544.8,0
498,31.1,544.3,0
498,31.1,544.3,0
498,31.1,544.3,0
498,31.1,544.3,0
499,31.1,544.2,0
499,31.1,544.2,0
499,31.1,544.2,0
499,31.1,544.2,0
499,31.1,543.5,0
500,30.5,543.5,0
500,29.9,543.5,0
501,29.3,543.5,0
501,28.7,543.4,0
502,28.1,543.4,0
502,27.5,543.4,0
503,26.9,543.4,0
503,26.3,543,0
504,25.7,543,0
504,25.1,543,0
504,24.5,543,0
505,23.8,542.5,0
506,23.2,542.5,0
506,22.5,542.5,0
506,21.9,542.5,0
507,21.3,542.6,0
507,20.6,542.6,0
508,20,542.6,0
509,19.3,542.6,0
509,18.7,542.8,0
509,18.5,542.8,0
509,18.4,542.8,0
509,18.2,542.8,0
509,18.1,543.4,0
509,17.9,543.4,0
509,17.7,543.4,0
509,17.6,543.4,0
509,17.4,543.4,0
509,17.3,543.4,0
509,17.1,543.4,0
508,17.5,543.4,0
508,18,543.9,0
507,18.4,543.9,0
507,18.9,543.9,0
506,19.3,543.9,0
506,19.7,544.3,0
505,20.2,544.3,0
505,20.6,544.3,0
504,21.1,544.3,0
504,21.5,544.5,0
504,21.8,544.5,0
504,22.2,544.5,0
503,22.5,544.5,0
503,22.8,544.2,0
503,23.1,544.2,0
503,23.5,544.2,0
503,23.8,544.2,0
502,24.1,544.4,0
502,24.5,544.4,0
502,24.8,544.4,0
502,24.9,544.4,0
502,25,544.4,0
502,25.1,544.4,0
502,25.2,544.4,0
502,25.4,544.4,0
502,25.5,544.5,0
502,25.6,544.5,0
502,25.7,544.5,0
502,25.8,544.5,0
502,25.9,544.5,0
502,25.8,544.5,0
502,25.6,544.5,0
502,25.4,544.5,0
502,25.3,544.5,0
502,25.2,544.5,0
503,25,544.5,0
503,24.9,544.5,0
503,24.7,544.4,0
503,24.5,544.4,0
503,24.4,544.4,0
503,24.6,544.4,0
502,24.8,544.5,0
502,25,544.5,0
501,25.2,544.5,0
501,25.4,544.5,0
501,25.5,544.2,0
500,25.7,544.2,0
500,25.9,544.2,0
499,26.1,544.2,0
499,26.3,544.5,0
499,26.8,544.5,0
498,27.3,544.5,0
498,27.9,544.5,0
497,28.4,544.3,0
497,28.9,544.3,0
497,29.4,544.3,0
496,29.9,544.3,0
496,30.5,544.4,0
495,31,544.4,0
495,31.5,544.4,0
495,31.6,544.4,0
495,31.7,544.2,0
495,31.8,544.2,0
495,31.9,544.2,0
495,32,544.2,0
495,32.2,544.5,0
495,32.3,544.5,0
495,32.4,544.5,0
495,32.5,544.5,0
495,32.6,544.8,0
494,32.9,544.8,0
494,33.3,544.8,0
493,33.6,544.8,0
492,33.9,545,0
492,34.2,545,0
491,34.6,545,0
490,34.9,545,0
489,35.2,544.8,0
489,35.6,544.8,0
488,35.9,544.8,0
487,36.7,544.8,0
487,37.5,544.8,0
486,38.3,544.8,0
485,39.1,544.8,0
484,39.9,544.8,0
484,40.7,545,0
483,41.5,545,0
482,42.3,545,0
482,43.1,545,0
481,43.9,544.9,0
482,43.2,544.9,0
483,42.6,544.9,0
484,41.9,544.9,0
485,41.3,545,0
486,40.6,545,0
487,39.9,545,0
488,39.3,545,0
489,38.6,545,0
490,38,545,0
491,37.3,545,0
492,36.5,545,0
492,35.8,545.2,0
493,35,545.2,0
493,34.3,545.2,0
494,33.6,545.2,0
495,32.8,545.1,0
495,32,545.1,0
496,31.3,545.1,0
496,30.5,545.1,0
497,29.8,545,0
497,30,545,0
496,30.3,545,0
496,30.5,545,0
495,30.8,545.1,0
494,31.1,545.1,0
494,31.3,545.1,0
494,31.5,545.1,0
493,31.8,545.1,0
493,32,545.1,0
492,32.3,545.1,0
492,32.4,545.1,0
492,32.4,544.9,0
492,32.5,544.9,0
492,32.5,544.9,0
492,32.6,544.9,0
491,32.7,545.1,0
491,32.7,545.1,0
491,32.8,545.1,0
491,32.8,545.1,0
491,32.9,545,0
491,33.5,545,0
490,34.2,545,0
490,34.8,545,0
490,35.5,544.9,0
490,36.1,544.9,0
489,36.7,544.9,0
489,37.4,544.9,0
489,38,544.9,0
488,38.7,544.9,0
488,39.3,544.9,0
489,38.6,544.9,0
490,37.8,545,0
491,37.1,545,0
492,36.3,545,0
493,35.6,545,0
494,34.9,545,0
495,34.1,545,0
496,33.4,545,0
497,32.6,545,0
498,31.9,544.9,0
499,30.4,544.9,0
500,28.9,544.9,0
502,27.4,544.9,0
503,25.9,544.9,0
504,24.4,544.9,0
505,22.8,544.9,0
506,21.3,544.9,0
508,19.8,544.9,0
509,18.3,544.9,0
510,16.8,544.9,0
510,16.7,544.9,0
510,16.5,545.1,0
509,16.4,545.1,0
509,16.2,545.1,0
509,16.1,545.1,0
509,15.9,545,0
509,15.8,545,0
508,15.6,545,0
508,15.5,545,0
508,15.3,545,0
507,15.9,545,0
507,16.5,545,0
506,17.2,545,0
506,17.8,544.9,0
505,18.4,544.9,0
504,19,544.9,0
504,19.6,544.9,0
503,20.3,545,0
503,20.9,545,0
502,21.5,545,0
502,21.4,545,0
502,21.3,545.1,0
503,21.3,545.1,0
503,21.2,545.1,0
503,21.1,545.1,0
503,21,544.9,0
503,20.9,544.9,0
504,20.9,544.9,0
504,20.8,544.9,0
504,20.7,544.9,0
504,20.9,544.9,0
504,21.1,544.9,0
504,21.3,544.9,0
504,21.5,544.9,0
504,21.8,544.9,0
503,22,544.9,0
503,22.2,544.9,0
503,22.4,544.9,0
503,22.6,544.9,0
503,22.8,544.9,0
503,22.4,544.9,0
504,22.1,544.9,0
504,21.7,544.9,0
505,21.4,544.9,0
505,21,544.9,0
505,20.6,544.9,0
506,20.3,544.9,0
506,19.9,544.9,0
507,19.6,544.9,0
507,19.2,544.7,0
507,19.2,544.7,0
507,19.1,544.7,0
507,19.1,544.7,0
507,19,544.9,0
506,19,544.9,0
506,19,544.9,0
506,18.9,544.9,0
506,18.9,545.1,0
506,18.8,545.1,0
506,18.8,545.1,0
506,18.9,545.1,0
506,19,545.4,0
506,19.1,545.4,0
506,19.2,545.4,0
506,19.2,545.4,0
505,19.3,545.4,0
505,19.4,545.4,0
505,19.5,545.4,0
505,19.6,545.4,0
505,19.7,545.8,0
505,19.9,545.8,0
504,20.2,545.8,0
504,20.4,545.8,0
504,20.6,545.8,0
504,20.9,545.8,0
503,21.1,545.8,0
503,21.3,545.8,0
503,21.5,545.8,0
502,21.8,545.8,0
502,22,545.8,0
502,22.4,545.8,0
502,22.8,545.9,0
502,23.1,545.9,0
502,23.5,545.9,0
502,23.9,545.9,0
501,24.3,545.8,0
501,24.7,545.8,0
501,25,545.8,0
501,25.4,545.8,0
501,25.8,545.9,0
502,25.2,545.9,0
502,24.6,545.9,0
503,23.9,545.9,0
503,23.3,545.9,0
504,22.7,545.9,0
504,22.1,545.9,0
505,21.5,545.9,0
505,20.8,545.9,0
506,20.2,545.9,0
506,19.6,545.9,0
506,19.9,545.9,0
505,20.2,545.8,0
505,20.6,545.8,0
504,20.9,545.8,0
504,21.2,545.8,0
504,21.5,545.8,0
503,21.8,545.8,0
503,22.2,545.8,0
502,22.5,545.8,0
502,22.8,545.9,0
502,23.1,545.9,0
502,23.3,545.9,0
501,23.6,545.9,0
501,23.8,545.9,0
501,24.1,545.9,0
501,24.4,545.9,0
501,24.6,545.9,0
500,24.9,545.9,0
500,25.1,545.9,0
500,25.4,545.9,0
499,25.8,545.9,0
499,26.2,545.9,0
498,26.7,545.9,0
498,27.1,545.9,0
497,27.5,545.9,0
496,27.9,545.9,0
496,28.3,545.9,0
495,28.8,545.9,0
495,29.2,545.9,0
494,29.6,545.9,0
494,29.6,545.9,0
494,29.7,545.9,0
495,29.7,545.9,0
495,29.7,545.9,0
495,29.8,545.9,0
495,29.8,545.9,0
495,29.8,545.9,0
496,29.8,545.9,0
496,29.9,545.9,0
496,29.9,545.9,0
497,29.2,545.9,0
497,28.6,545.9,0
498,27.9,545.9,0
499,27.2,545.9,0
500,26.6,545.9,0
500,25.9,545.9,0
501,25.2,545.9,0
502,24.5,545.9,0
502,23.9,545.9,0
503,23.2,545.9,0
502,23.6,545.9,0
501,24,545.9,0
501,24.4,545.9,0
500,24.8,546,0
499,25.2,546,0
498,25.5,546,0
497,25.9,546,0
497,26.3,545.9,0
496,26.7,545.9,0
495,27.1,545.9,0
495,27.5,545.9,0
494,27.9,546,0
494,28.2,546,0
494,28.6,546,0
494,29,546,0
493,29.4,546,0
493,29.8,546,0
493,30.1,546,0
492,30.5,546,0
492,30.9,546,0
492,31.3,546,0
492,31.8,546,0
491,32.2,546,0
491,32.7,546,0
491,33.1,546,0
491,33.5,546,0
491,34,546,0
490,34.4,546,0
490,34.9,546,0
490,35.3,546,0
490,35.1,546,0
491,34.8,546,0
491,34.6,546,0
492,34.4,546,0
492,34.2,546,0
492,33.9,545.9,0
493,33.7,545.9,0
493,33.5,545.9,0
494,33.2,545.9,0
494,33,546,0
494,32.4,546,0
494,31.8,546,0
495,31.2,546,0
495,30.6,546,0
495,30.1,546,0
495,29.5,546,0
495,28.9,546,0
496,28.3,546,0
496,27.7,546,0
496,27.1,546,0
494,28,546,0
493,29,546,0
491,29.9,546,0
489,30.8,546,0
488,31.8,546,0
486,32.7,546,0
484,33.6,546,0
482,34.5,546,0
481,35.5,546,0
479,36.4,546,0
479,37.5,546,0
478,38.7,546,0
478,39.8,546,0
477,40.9,546,0
477,42,546,0
477,43.2,546,0
476,44.3,546,0
476,45.4,546,0
475,46.6,546,0
475,47.7,546,0
477,46.6,546,0
479,45.4,546,0
481,44.2,546,0
483,43.1,546,0
484,42,546,0
486,40.8,546,0
488,39.7,546,0
490,38.5,546,0
492,37.3,546,0
494,36.2,546,0
495,34.7,546,0
497,33.1,546,0
498,31.6,546,0
499,30,546,0
500,28.5,546,0
502,27,546,0
503,25.4,546,0
504,23.9,546,0
506,22.3,546,0
507,20.8,546,0
506,21,546,0
505,21.2,546,0
505,21.4,546,0
504,21.6,546,0
503,21.9,546,0
502,22.1,546,0
501,22.3,546,0
501,22.5,546,0
500,22.7,546,0
499,22.9,546,0
498,23.9,546,0
498,24.8,546,0
497,25.8,546,0
497,26.8,546,0
496,27.8,546,0
495,28.7,546,0
495,29.7,546,0
494,30.7,546,0
494,31.6,546,0
493,32.6,546,0
495,30.7,546,0
497,28.9,546,0
499,27,546,0
501,25.2,546,0
502,23.3,546,0
504,21.4,546,0
506,19.6,546,0
508,17.7,546,0
510,15.9,546,0
512,14,546,0
513,12.7,546,0
513,11.3,546,0
514,10,546,0
515,8.7,545.9,0
516,7.3,545.9,0
516,6,545.9,0
517,4.7,545.9,0
518,3.4,545.9,0
518,2,545.9,0
519,0.7,545.9,0
519,0.7,545.9,0
519,0.8,545.8,0
519,0.8,545.8,0
519,0.8,545.8,0
519,0.9,545.8,0
519,0.9,545.7,0
519,0.9,545.7,0
519,0.9,545.7,0
519,1,545.7,0
519,1,545.5,0
519,1.3,545.5,0
519,1.6,545.5,0
518,1.8,545.5,0
518,2.1,545,0
518,2.4,545,0
518,2.7,545,0
518,3,545,0
517,3.2,545.1,0
517,3.5,545.1,0
517,3.8,545.1,0
517,3.7,545.1,0
517,3.5,544.9,0
518,3.4,544.9,0
518,3.2,544.9,0
518,3.1,544.9,0
518,2.9,544.9,0
518,2.8,544.9,0
519,2.6,544.9,0
519,2.5,544.9,0
519,2.3,544.8,0
519,2.3,544.8,0
519,2.3,544.8,0
519,2.3,544.8,0
519,2.3,544.7,0
519,2.2,544.7,0
519,2.2,544.7,0
519,2.2,544.7,0
519,2.2,544.7,0
519,2.2,544.7,0
519,2.2,544.7,0
519,2.2,544.7,0
519,2.2,544.8,0
519,2.2,544.8,0
519,2.2,544.8,0
519,2.2,544.8,0
519,2.3,544.6,0
519,2.3,544.6,0
519,2.3,544.6,0
519,2.3,544.6,0
519,2.3,544.7,0
519,2.3,544.7,0
519,2.3,544.7,0
519,2.4,544.7,0
519,2.4,544.5,0
519,2.4,544.5,0
519,2.4,544.5,0
519,2.4,544.5,0
519,2.5,544.5,0
519,2.5,544.5,0
519,2.5,544.5,0
519,2.4,544.5,0
519,2.4,544.3,0
519,2.3,544.3,0
519,2.3,544.3,0
520,2.2,544.3,0
520,2.1,544,0
520,2.1,544,0
520,2,544,0
520,2,544,0
520,1.9,544.1,0
520,1.7,544.1,0
520,1.5,544.1,0
520,1.2,544.1,0
520,1,543.8,0
520,0.8,543.8,0
521,0.6,543.8,0
521,0.4,543.8,0
521,0.1,543.7,0
521,-0.1,543.7,0
521,-0.3,543.7,0
521,-0.2,543.7,0
521,-0.2,543.8,0
521,-0.1,543.8,0
521,-0.1,543.8,0
521,-0.1,543.8,0
521,0,543.9,0
521,0.1,543.9,0
521,0.1,543.9,0
521,0.2,543.9,0
521,0.2,544.1,0
521,0.6,544.1,0
520,1.1,544.1,0
520,1.6,544.1,0
520,2,544,0
520,2.5,544,0
519,2.9,544,0
519,3.3,544,0
519,3.8,544,0
518,4.3,544,0
518,4.7,544,0
518,5,544,0
517,5.4,544.2,0
517,5.7,544.2,0
517,6,544.2,0
516,6.3,544.2,0
516,6.7,544.2,0
516,7,544.2,0
516,7.3,544.2,0
515,7.7,544.2,0
515,8,544.1,0
515,8,544.1,0
515,8,544.1,0
515,8.1,544.1,0
515,8.1,544.4,0
515,8.1,544.4,0
515,8.1,544.4,0
515,8.1,544.4,0
515,8.2,544.5,0
515,8.2,544.5,0
515,8.2,544.5,0
515,8,544.5,0
516,7.8,544.3,0
516,7.7,544.3,0
516,7.5,544.3,0
516,7.3,544.3,0
517,7.1,544.4,0
517,6.9,544.4,0
517,6.8,544.4,0
518,6.6,544.4,0
518,6.4,544.4,0
518,6.3,544.4,0
518,6.1,544.4,0
518,6,544.4,0
518,5.8,544.3,0
518,5.7,544.3,0
518,5.6,544.3,0
518,5.4,544.3,0
518,5.3,544.5,0
518,5.1,544.5,0
518,5,544.5,0
518,5.1,544.5,0
518,5.3,544.4,0
518,5.4,544.4,0
518,5.6,544.4,0
518,5.7,544.4,0
517,5.8,544.5,0
517,6,544.5,0
517,6.1,544.5,0
517,6.3,544.5,0
517,6.4,544.4,0
517,6.7,544.4,0
516,7.1,544.4,0
516,7.4,544.4,0
516,7.8,544.3,0
516,8.2,544.3,0
515,8.5,544.3,0
515,8.8,544.3,0
515,9.2,544.5,0
514,9.5,544.5,0
514,9.9,544.5,0
514,10.2,544.5,0
513,10.6,544.3,0
513,10.9,544.3,0
513,11.3,544.3,0
512,11.6,544.3,0
512,11.9,544.3,0
512,12.3,544.3,0
512,12.6,544.3,0
511,13,544.3,0
511,13.3,544.5,0
511,13.3,544.5,0
511,13.4,544.5,0
511,13.4,544.5,0
511,13.5,544.6,0
512,13.5,544.6,0
512,13.5,544.6,0
512,13.6,544.6,0
512,13.6,544.6,0
512,13.7,544.6,0
512,13.7,544.6,0
512,13.4,544.6,0
513,13.1,544.4,0
513,12.8,544.4,0
513,12.5,544.4,0
514,12.2,544.4,0
514,11.8,544.5,0
514,11.5,544.5,0
514,11.2,544.5,0
515,10.9,544.5,0
515,10.6,544.6,0
515,10.5,544.6,0
515,10.4,544.6,0
515,10.3,544.6,0
515,10.2,544.7,0
515,10.2,544.7,0
515,10.1,544.7,0
515,10,544.7,0
515,9.9,544.7,0
515,9.8,544.7,0
515,9.7,544.7,0
515,9.6,544.7,0
515,9.6,544.5,0
515,9.5,544.5,0
515,9.5,544.5,0
515,9.4,544.5,0
515,9.3,544.7,0
515,9.3,544.7,0
515,9.2,544.7,0
515,9.2,544.7,0
515,9.1,544.7,0
515,9.2,544.7,0
515,9.2,544.7,0
515,9.3,544.7,0
515,9.3,544.5,0
514,9.4,544.5,0
514,9.4,544.5,0
514,9.5,544.5,0
514,9.5,544.7,0
514,9.6,544.7,0
514,9.6,544.7,0
514,9.8,544.7,0
514,10,544.6,0
513,10.3,544.6,0
513,10.5,544.6,0
513,10.7,544.6,0
513,10.9,544.6,0
513,11.1,544.6,0
512,11.4,544.6,0
512,11.6,544.6,0
512,11.8,544.5,0
512,12,544.5,0
512,12.2,544.5,0
512,12.5,544.5,0
512,12.7,544.6,0
512,12.9,544.6,0
511,13.1,544.6,0
511,13.3,544.6,0
511,13.6,544.4,0
511,13.8,544.4,0
511,14,544.4,0
511,14,544.4,0
511,13.9,544.6,0
511,13.9,544.6,0
511,13.8,544.6,0
512,13.8,544.6,0
512,13.8,544.5,0
512,13.7,544.5,0
512,13.7,544.5,0
512,13.6,544.5,0
512,13.6,544.5,0
512,13.7,544.5,0
512,13.9,544.5,0
511,14,544.5,0
511,14.2,544.6,0
511,14.4,544.6,0
511,14.5,544.6,0
511,14.6,544.6,0
510,14.8,544.5,0
510,14.9,544.5,0
510,15.1,544.5,0
510,15.2,544.5,0
510,15.2,544.5,0
510,15.3,544.5,0
510,15.3,544.5,0
510,15.4,544.5,0
510,15.4,544.5,0
510,15.5,544.5,0
510,15.5,544.5,0
510,15.6,544.5,0
510,15.6,544.6,0
510,15.3,544.6,0
511,14.9,544.6,0
511,14.6,544.6,0
511,14.2,544.7,0
512,13.9,544.7,0
512,13.6,544.7,0
512,13.2,544.7,0
512,12.9,544.7,0
513,12.5,544.7,0
513,12.2,544.7,0
513,12.1,544.7,0
513,11.9,544.5,0
513,11.8,544.5,0
513,11.6,544.5,0
514,11.5,544.5,0
514,11.4,544.7,0
514,11.2,544.7,0
514,11.1,544.7,0
514,10.9,544.7,0
514,10.8,544.5,0
514,10.8,544.5,0
514,10.8,544.5,0
514,10.8,544.5,0
514,10.8,544.7,0
514,10.8,544.7,0
515,10.7,544.7,0
515,10.7,544.7,0
515,10.7,544.4,0
515,10.7,544.4,0
515,10.7,544.4,0
515,10.5,544.4,0
515,10.3,544,0
515,10.2,544,0
515,10,544,0
516,9.8,544,0
516,9.6,543.9,0
516,9.4,543.9,0
516,9.3,543.9,0
516,9.1,543.9,0
516,8.9,543.5,0
516,9,543.5,0
516,9,543.5,0
516,9.1,543.5,0
516,9.2,542.8,0
516,9.2,542.8,0
515,9.3,542.8,0
515,9.4,542.8,0
515,9.5,542.5,0
515,9.5,542.5,0
515,9.6,542.5,0
515,9.6,542.5,0
515,9.7,542.3,0
515,9.7,542.3,0
515,9.8,542.3,0
515,9.9,542.3,0
515,9.9,542.5,0
515,9.9,542.5,0
515,10,542.5,0
515,10,542.5,0
515,10.1,542.5,0
515,10.2,542.5,0
515,10.3,542.5,0
514,10.4,542.5,0
514,10.5,542.4,0
514,10.6,542.4,0
514,10.7,542.4,0
514,10.8,542.4,0
513,10.9,542.6,0
513,11,542.6,0
513,11.1,542.6,0
513,11.4,542.6,0
513,11.7,542.5,0
513,12,542.5,0
513,12.3,542.5,0
512,12.6,542.5,0
512,12.8,543.1,0
512,13.1,543.1,0
512,13.4,543.1,0
512,13.7,543.1,0
512,14,544.1,0
512,13.6,544.1,0
513,13.3,544.1,0
513,12.9,544.1,0
513,12.6,544.7,0
514,12.2,544.7,0
514,11.8,544.7,0
514,11.5,544.7,0
514,11.1,544.8,0
515,10.8,544.8,0
515,10.4,544.8,0
514,10.8,544.8,0
514,11.3,544.2,0
513,11.7,544.2,0
513,12.2,544.2,0
512,12.6,544.2,0
511,13,543.4,0
511,13.5,543.4,0
510,13.9,543.4,0
510,14.4,543.4,0
509,14.8,543.4,0
509,15.3,543.4,0
509,15.9,543.4,0
508,16.4,543.4,0
508,17,543.4,0
508,17.6,543.4,0
508,18.1,543.4,0
508,18.6,543.4,0
507,19.2,543.4,0
507,19.7,543.4,0
507,20.3,543.4,0
508,19.3,543.4,0
509,18.2,543,0
510,17.2,543,0
511,16.2,543,0
512,15.2,543,0
512,14.1,543.1,0
513,13.1,543.1,0
514,12.1,543.1,0
515,11,543.1,0
516,10,542.9,0
516,9.9,542.9,0
516,9.8,542.9,0
516,9.6,542.9,0
516,9.5,542.9,0
516,9.4,542.9,0
516,9.3,542.9,0
516,9.2,542.9,0
516,9,543.3,0
516,8.9,543.3,0
516,8.8,543.3,0
516,8.7,543.3,0
516,8.6,543.5,0
516,8.5,543.5,0
516,8.4,543.5,0
516,8.2,543.5,0
516,8.1,543.6,0
516,8,543.6,0
516,7.9,543.6,0
516,7.8,543.6,0
516,7.7,543.6,0
516,7.7,543.6,0
516,7.7,543.6,0
516,7.7,543.6,0
516,7.7,543.7,0
516,7.7,543.7,0
516,7.6,543.7,0
516,7.6,543.7,0
516,7.6,543.4,0
516,7.6,543.4,0
516,7.6,543.4,0
516,7.8,543.4,0
516,8,543.5,0
516,8.2,543.5,0
516,8.4,543.5,0
516,8.6,543.5,0
515,8.8,543.3,0
515,9,543.3,0
515,9.2,543.3,0
515,9.4,543.3,0
515,9.6,543.5,0
515,9.9,543.5,0
514,10.2,543.5,0
514,10.6,543.5,0
514,10.9,543.3,0
514,11.2,543.3,0
513,11.5,543.3,0
513,11.8,543.3,0
513,12.2,543.4,0
512,12.5,543.4,0
512,12.8,543.4,0
512,12.7,543.4,0
512,12.7,543.4,0
512,12.6,543.4,0
512,12.5,543.4,0
512,12.5,543.4,0
513,12.4,543.3,0
513,12.3,543.3,0
513,12.2,543.3,0
513,12.2,543.3,0
513,12.1,543.4,0
513,12,543.4,0
513,12,543.4,0
513,11.9,543.4,0
513,11.9,543.3,0
513,11.8,543.3,0
513,11.7,543.3,0
513,11.7,543.3,0
513,11.6,543.6,0
513,11.6,543.6,0
513,11.5,543.6,0
512,12.6,543.6,0
511,13.7,543.5,0
509,14.9,543.5,0
508,16,543.5,0
507,17.1,543.5,0
506,18.2,543.8,0
505,19.3,543.8,0
503,20.5,543.8,0
502,21.6,543.8,0
501,22.7,544,0
501,22.8,544,0
502,22.9,544,0
502,23,544,0
503,23.1,544.4,0
503,23.2,544.4,0
503,23.3,544.4,0
504,23.4,544.4,0
504,23.5,544.1,0
505,23.6,544.1,0
505,23.7,544.1,0
506,22.7,544.1,0
507,21.6,544.3,0
508,20.6,544.3,0
509,19.6,544.3,0
510,18.6,544.3,0
510,17.5,544.4,0
511,16.5,544.4,0
512,15.5,544.4,0
513,14.4,544.4,0
514,13.4,544.5,0
514,12.7,544.5,0
515,11.9,544.5,0
515,11.1,544.5,0
516,10.4,544.3,0
516,9.7,544.3,0
516,8.9,544.3,0
517,8.2,544.3,0
517,7.4,544.3,0
518,6.6,544.3,0
518,5.9,544.3,0
518,6,544.3,0
518,6.1,544.1,0
518,6.1,544.1,0
518,6.2,544.1,0
518,6.3,544.1,0
517,6.4,544.2,0
517,6.5,544.2,0
517,6.5,544.2,0
517,6.6,544.2,0
517,6.7,544.3,0
516,7.3,544.3,0
516,7.8,544.3,0
515,8.4,544.3,0
515,8.9,544.3,0
514,9.5,544.3,0
514,10.1,544.3,0
513,10.6,544.3,0
513,11.2,544.3,0
512,11.7,544.3,0
512,12.3,544.3,0
512,12.4,544.3,0
512,12.5,544.7,0
512,12.6,544.7,0
512,12.7,544.7,0
512,12.8,544.7,0
512,12.9,544.7,0
512,13,544.7,0
512,13.1,544.7,0
512,13.2,544.7,0
512,13.3,544.7,0
513,12.8,544.7,0
513,12.2,544.7,0
514,11.7,544.7,0
514,11.1,544.7,0
514,10.6,544.7,0
515,10.1,544.7,0
516,9.5,544.7,0
516,9,544.6,0
517,8.4,544.6,0
517,7.9,544.6,0
517,7.6,544.6,0
517,7.4,544.5,0
518,7.1,544.5,0
518,6.9,544.5,0
518,6.6,544.5,0
518,6.3,544.6,0
518,6.1,544.6,0
519,5.8,544.6,0
519,5.6,544.6,0
519,5.3,544.8,0
519,5,544.8,0
519,4.7,544.8,0
520,4.4,544.8,0
520,4.1,544.9,0
520,3.8,544.9,0
520,3.4,544.9,0
520,3.1,544.9,0
521,2.8,544.9,0
521,2.5,544.9,0
521,2.2,544.9,0
521,2,544.9,0
521,1.8,545,0
521,1.5,545,0
521,1.3,545,0
522,1.1,545,0
522,0.9,545.2,0
522,0.7,545.2,0
522,0.4,545.2,0
522,0.2,545.2,0
522,0,545.3,0
522,0,545.3,0
522,0,545.3,0
522,0,545.3,0
522,0,545.3,0
522,0,545.3,0
522,0,545.3,0
522,0,545.3,0
522,0,545.3,0
522,0,545.3,0
522,0,545.3,0
522,0,545.3,0
522,0,545.3,0
522,0,545.3,0
522,0,545.3,0
522,0,545.3,0
522,0,545.8,0
522,0,545.8,0
522,0,545.8,0
522,0,545.8,0
522,0,545.8,0
522,0,545.8,0
522,0,545.8,0
522,0,545.8,0
522,0,545.8,0
522,0,545.8,0
523,0,545.8,0
523,0,545.8,0
523,0,545.8,0
523,0,545.8,0
523,0,545.8,0
523,0,545.8,0
523,0,545.8,0
523,0,545.8,0
523,0,545.8,0
523,0,545.8,0
523,0,545.9,0
523,0,545.9,0
523,0,545.9,0
523,0,545.9,0
523,0,545.9,0
523,0,545.9,0
523,0,545.9,0
523,0,545.9,0
523,0,545.8,0
523,0,545.8,0
523,0,545.8,0
523,0,545.8,0
523,0,545.8,0
523,0,545.8,0
523,0,545.8,0
523,0,545.8,0
523,0,545.8,0
523,0,545.8,0
523,0,545.8,0
522,0,545.8,0
522,0,545.9,0
522,0,545.9,0
522,0,545.9,0
522,0,545.9,0
522,0,545.9,0
522,0.1,545.9,0
522,0.2,545.9,0
522,0.3,545.9,0
522,0.4,545.9,0
522,0.5,545.9,0
522,0.6,545.9,0
522,0.7,545.9,0
522,0.8,545.9,0
522,0.9,545.9,0
522,1,545.9,0
522,1.3,545.9,0
521,1.7,545.9,0
521,2,545.9,0
521,2.3,545.9,0
520,2.6,545.9,0
520,3,545.9,0
520,3.3,545.9,0
520,3.6,545.9,0
519,4,545.9,0
519,4.3,545.9,0
519,4.6,545.9,0
519,4.9,545.9,0
518,5.2,545.9,0
518,5.5,545.9,0
518,5.8,545.9,0
518,6,545.9,0
518,6.3,545.9,0
517,6.6,545.9,0
517,6.9,545.9,0
517,7.2,545.9,0
517,7.7,545.9,0
516,8.3,545.9,0
516,8.8,545.9,0
515,9.4,545.9,0
515,9.9,545.9,0
515,10.4,546,0
514,11,546,0
514,11.5,546,0
513,12.1,546,0
513,12.6,546,0
513,12.7,546,0
513,12.9,546,0
512,13,546,0
512,13.2,546,0
512,13.3,546,0
512,13.4,546,0
512,13.6,546,0
511,13.7,546,0
511,13.9,546,0
511,14,546,0
511,14.7,546,0
510,15.4,546,0
510,16.2,546,0
509,16.9,546,0
509,17.6,546,0
509,18.3,546,0
508,19,546,0
508,19.8,546,0
507,20.5,546,0
507,21.2,546,0
508,20.3,546,0
509,19.3,546,0
509,18.3,546,0
510,17.4,546,0
511,16.5,546,0
512,15.5,546,0
513,14.6,546,0
513,13.6,546,0
514,12.6,546,0
515,11.7,546,0
515,11.3,546,0
516,10.9,546,0
516,10.5,546,0
516,10.1,546,0
516,9.7,546,0
517,9.2,546,0
517,8.8,546,0
517,8.4,546,0
518,8,546,0
518,7.6,546,0
518,7.5,546,0
518,7.4,546,0
518,7.3,546,0
518,7.2,546,0
518,7.1,546,0
518,6.9,546,0
518,6.8,546,0
518,6.7,546,0
518,6.6,546,0
518,6.5,546,0
518,6.4,546,0
518,6.2,546,0
519,6.1,546,0
519,5.9,546,0
519,5.8,546,0
519,5.6,546,0
519,5.5,546,0
520,5.3,546,0
520,5.2,546,0
520,5,546,0
520,5,546,0
520,5,546,0
520,4.9,546,0
520,4.9,546,0
520,4.9,546,0
520,4.9,546,0
520,4.9,546,0
520,4.8,546,0
520,4.8,546,0
520,4.8,546,0
520,5,546,0
520,5.1,546,0
519,5.3,546,0
519,5.4,546,0
519,5.6,546,0
519,5.8,546,0
519,5.9,546,0
518,6.1,546,0
518,6.2,546,0
518,6.4,546,0
518,6.6,546,0
518,6.9,546,0
517,7.1,546,0
517,7.3,546,0
517,7.6,546,0
517,7.8,546,0
517,8,546,0
516,8.2,546.1,0
516,8.5,546.1,0
516,8.7,546.1,0
516,8.8,546.1,0
516,8.9,546.1,0
516,8.9,546.1,0
516,9,546.1,0
516,9.1,546.1,0
516,9.2,546.1,0
516,9.3,546.1,0
516,9.3,546.1,0
516,9.4,546.1,0
516,9.5,546.1,0
516,9.6,546.1,0
516,9.6,546.1,0
516,9.7,546.1,0
516,9.8,546.1,0
516,9.9,546.1,0
516,9.9,546.1,0
516,10,546.1,0
516,10.1,546.1,0
516,10.1,546.1,0
516,10.2,546.1,0
516,10.2,546.1,0
516,10.2,546.1,0
516,10.2,546.1,0
516,10.2,546.1,0
516,10.2,546.1,0
515,10.2,546.1,0
515,10.2,546.1,0
515,10.2,546.1,0
515,10.2,546.1,0
515,10.2,546.1,0
515,10.1,546.1,0
515,10.1,546.1,0
515,10,546.1,0
515,10,546.1,0
516,9.9,546.1,0
516,9.8,546.1,0
516,9.8,546.1,0
516,9.7,546.1,0
516,9.7,546.1,0
516,9.6,546.1,0
516,9.5,546.1,0
516,9.4,546.1,0
516,9.3,546.1,0
516,9.2,546.1,0
516,9.2,546.1,0
517,9.1,546.1,0
517,9,546.1,0
517,8.9,546.1,0
517,8.8,546.1,0
517,8.7,546.1,0
517,8.7,546.1,0
517,8.8,546.1,0
517,8.8,546.1,0
517,8.8,546.1,0
516,8.9,546.1,0
516,8.9,546.1,0
516,8.9,546.1,0
516,8.9,546.1,0
516,9,546.1,0
516,9,546.1,0
516,9.3,546.1,0
516,9.6,546.1,0
515,9.9,546.1,0
515,10.2,546.1,0
515,10.4,546.1,0
515,10.7,546.1,0
515,11,546.1,0
514,11.3,546.1,0
514,11.6,546.1,0
514,11.9,546,0
514,11.8,546,0
514,11.7,546,0
515,11.6,546,0
515,11.5,546,0
515,11.4,546,0
515,11.2,546,0
515,11.1,546,0
516,11,545.9,0
516,10.9,545.9,0
516,10.8,545.9,0
516,10.7,545.9,0
516,10.6,545,0
516,10.6,545,0
516,10.5,545,0
516,10.4,545,0
516,10.3,542.8,0
516,10.2,542.8,0
516,10.2,542.8,0
516,10.1,542.8,0
516,10,542.4,0
515,10.8,542.4,0
514,11.6,542.4,0
513,12.4,542.4,0
512,13.2,541.8,0
512,14,541.8,0
511,14.7,541.8,0
510,15.5,541.8,0
509,16.3,540.9,0
508,17.1,540.9,0
507,17.9,540.9,0
507,18.6,540.9,0
506,19.4,538.5,0
506,20.1,538.5,0
505,20.8,538.5,0
505,21.6,538.5,0
505,22.3,537.4,0
504,23,537.4,0
504,23.7,537.4,0
503,24.5,537.4,0
503,25.2,536.7,0
503,25,536.7,0
503,24.7,536.7,0
504,24.5,536.7,0
504,24.3,537,0
504,24.1,537,0
504,23.8,537,0
504,23.6,537,0
505,23.4,534.3,0
505,23.1,534.3,0
505,22.9,534.3,0
505,23.3,534.3,0
504,23.6,535,0
504,24,535,0
503,24.3,535,0
503,24.7,535,0
503,25,536.6,0
502,25.4,536.6,0
502,25.7,536.6,0
501,26.1,536.6,0
501,26.4,535.8,0
501,26.5,535.8,0
501,26.6,535.8,0
501,26.7,535.8,0
501,26.8,534.3,0
501,26.9,534.3,0
501,26.9,534.3,0
501,27,534.3,0
501,27.1,535.8,0
501,27.2,535.8,0
501,27.3,535.8,0
501,26.8,535.8,0
502,26.2,536.1,0
502,25.7,536.1,0
503,25.1,536.1,0
504,24.6,536.1,0
504,24,536.3,0
504,23.5,536.3,0
505,22.9,536.3,0
505,22.4,536.3,0
506,21.8,536,0
506,21.9,536,0
506,21.9,536,0
505,22,536,0
505,22,537.8,0
505,22.1,537.8,0
505,22.1,537.8,0
505,22.2,537.8,0
504,22.2,537.8,0
504,22.3,537.8,0
504,22.3,537.8,0
503,23.2,537.8,0
502,24.1,538.8,0
501,25,538.8,0
500,25.9,538.8,0
498,26.9,538.8,0
497,27.8,539.3,0
496,28.7,539.3,0
495,29.6,539.3,0
494,30.5,539.3,0
493,31.4,540.1,0
492,32.2,540.1,0
492,33,540.1,0
491,33.8,540.1,0
491,34.6,540.6,0
490,35.4,540.6,0
490,36.2,540.6,0
489,37,540.6,0
489,37.8,539.1,0
488,38.6,539.1,0
488,39.4,539.1,0
488,39.2,539.1,0
489,39,537.5,0
489,38.9,537.5,0
489,38.7,537.5,0
490,38.5,537.5,0
490,38.3,534.4,0
490,38.1,534.4,0
490,38,534.4,0
491,37.8,534.4,0
491,37.6,532.9,0
491,37.5,532.9,0
491,37.3,532.9,0
491,37.2,532.9,0
491,37,531.4,0
492,36.9,531.4,0
492,36.8,531.4,0
492,36.6,531.4,0
492,36.5,529.3,0
492,36.3,529.3,0
492,36.2,529.3,0
492,36.1,529.3,0
492,35.9,525.4,0
491,35.8,525.4,0
491,35.6,525.4,0
491,35.5,525.4,0
491,35.4,525.6,0
491,35.2,525.6,0
490,35.1,525.6,0
490,34.9,525.6,0
490,34.8,522.6,0
489,35.2,522.6,0
489,35.6,522.6,0
488,36,522.6,0
488,36.4,522.4,0
487,36.8,522.4,0
486,37.2,522.4,0
486,37.6,522.4,0
485,38,517.4,0
485,38.4,517.4,0
484,38.8,517.4,0
484,39.1,517.4,0
483,39.3,514.8,0
483,39.6,514.8,0
483,39.8,514.8,0
482,40.1,514.8,0
482,40.4,511.9,0
482,40.6,511.9,0
482,40.9,511.9,0
481,41.1,511.9,0
481,41.4,511.7,0
481,41.5,511.7,0
481,41.5,511.7,0
482,41.6,511.7,0
482,41.6,512.5,0
482,41.7,512.5,0
482,41.8,512.5,0
482,41.8,512.5,0
483,41.9,516.5,0
483,41.9,516.5,0
483,42,516.5,0
483,42,516.5,0
482,42,520.6,0
482,42.1,520.6,0
482,42.1,520.6,0
482,42.1,520.6,0
481,42.1,526.6,0
481,42.1,526.6,0
481,42.2,526.6,0
480,42.2,526.6,0
480,42.2,529.1,0
481,41.7,529.1,0
482,41.2,529.1,0
483,40.7,529.1,0
484,40.2,530.9,0
484,39.8,530.9,0
485,39.3,530.9,0
486,38.8,530.9,0
487,38.3,533.8,0
488,37.8,533.8,0
489,37.3,533.8,0
489,36.7,533.8,0
490,36,534.9,0
490,35.4,534.9,0
490,34.7,534.9,0
490,34.1,534.9,0
491,33.4,534.5,0
491,32.8,534.5,0
491,32.1,534.5,0
492,31.5,534.5,0
492,30.8,538,0
491,31.5,538,0
490,32.2,538,0
489,32.9,538,0
488,33.6,542,0
486,34.2,542,0
485,34.9,542,0
484,35.6,542,0
483,36.3,542.9,0
482,37,542.9,0
481,37.7,542.9,0
479,39.7,542.9,0
477,41.6,543,0
475,43.6,543,0
473,45.6,543,0
471,47.6,543,0
469,49.5,543.1,0
467,51.5,543.1,0
465,53.5,543.1,0
463,55.4,543.1,0
461,57.4,543,0
463,56.8,543,0
465,56.2,543,0
467,55.7,543,0
469,55.1,542.6,0
470,54.5,542.6,0
472,53.9,542.6,0
474,53.3,542.6,0
476,52.8,536.8,0
478,52.2,536.8,0
480,51.6,536.8,0
483,48.4,536.8,0
486,45.3,534.4,0
488,42.1,534.4,0
491,39,534.4,0
494,35.9,534.4,0
497,32.7,533.3,0
500,29.5,533.3,0
502,26.4,533.3,0
505,23.2,533.3,0
508,20.1,532.2,0
507,19.5,532.2,0
507,19,532.2,0
506,18.4,532.2,0
505,17.8,531.4,0
504,17.2,531.4,0
504,16.7,531.4,0
503,16.1,531.4,0
502,15.5,530.1,0
502,15,530.1,0
501,14.4,530.1,0
498,16.7,530.1,0
495,19.1,527.3,0
492,21.4,527.3,0
489,23.7,527.3,0
486,26.1,527.3,0
483,28.4,523.1,0
480,30.7,523.1,0
477,33,523.1,0
474,35.4,523.1,0
471,37.7,523.1,0
473,37.5,523.1,0
474,37.3,523.1,0
476,37.1,523.1,0
478,36.9,519.2,0
480,36.8,519.2,0
481,36.6,519.2,0
483,36.4,519.2,0
485,36.2,517.3,0
486,36,517.3,0
488,35.8,517.3,0
491,32.1,517.3,0
494,28.4,515.5,0
498,24.7,515.5,0
501,21,515.5,0
504,17.4,515.5,0
507,13.7,515.2,0
510,10,515.2,0
514,6.3,515.2,0
517,2.6,515.2,0
520,-1.1,511.8,0
520,-1,511.8,0
520,-0.8,511.8,0
520,-0.7,511.8,0
520,-0.5,511,0
520,-0.4,511,0
519,-0.3,511,0
519,-0.1,511,0
519,0,507.5,0
519,0.2,507.5,0
519,0.3,507.5,0
519,0.3,507.5,0
519,0.3,505.7,0
519,0.4,505.7,0
519,0.4,505.7,0
519,0.4,505.7,0
519,0.4,507.5,0
519,0.4,507.5,0
519,0.5,507.5,0
519,0.5,507.5,0
519,0.5,509.8,0
519,0.5,509.8,0
519,0.4,509.8,0
519,0.4,509.8,0
519,0.3,516.3,0
520,0.3,516.3,0
520,0.3,516.3,0
520,0.2,516.3,0
520,0.2,517.6,0
520,0.1,517.6,0
520,0.1,517.6,0
520,0.1,517.6,0
520,0.1,514.3,0
520,0.1,514.3,0
520,0.1,514.3,0
520,0.1,514.3,0
520,0,510.7,0
520,0,510.7,0
520,0,510.7,0
520,0,510.7,0
520,0,507.5,0
520,0.1,507.5,0
520,0.2,507.5,0
520,0.3,507.5,0
520,0.4,503.1,0
520,0.5,503.1,0
520,0.5,503.1,0
520,0.6,503.1,0
520,0.7,520.6,0
520,0.8,520.6,0
520,0.9,520.6,0
520,0.9,520.6,0
520,0.9,526.8,0
520,0.9,526.8,0
520,0.9,526.8,0
520,0.9,526.8,0
520,1,524.3,0
520,1,524.3,0
520,1,524.3,0
520,1,524.3,0
520,1,521.1,0
520,1,521.1,0
520,0.9,521.1,0
520,0.9,521.1,0
520,0.8,516,0
520,0.8,516,0
520,0.8,516,0
520,0.7,516,0
520,0.7,518.5,0
520,0.6,518.5,0
520,0.6,518.5,0
520,0.5,518.5,0
520,0.5,526,0
520,0.4,526,0
520,0.4,526,0
520,0.4,526,0
521,0.3,530.7,0
521,0.2,530.7,0
521,0.2,530.7,0
521,0.1,530.7,0
521,0.1,534.7,0
521,0.1,534.7,0
521,0,534.7,0
521,0,534.7,0
521,0,536.7,0
521,-0.1,536.7,0
521,-0.1,536.7,0
521,-0.1,536.7,0
521,-0.1,539.5,0
521,-0.2,539.5,0
521,-0.2,539.5,0
521,-0.2,539.5,0
521,-0.1,539.3,0
521,-0.1,539.3,0
521,0,539.3,0
521,0.1,539.3,0
521,0.1,537.3,0
521,0.1,537.3,0
521,0.2,537.3,0
521,0.2,537.3,0
521,0.3,537.3,0
521,0.3,537.3,0
521,0.3,537.3,0
521,0.3,537.3,0
521,0.3,534.4,0
521,0.2,534.4,0
521,0.2,534.4,0
521,0.2,534.4,0
521,0.2,532.3,0
521,0.2,532.3,0
521,0.2,532.3,0
521,0.2,532.3,0
521,0.2,527.6,0
521,0.3,527.6,0
521,0.3,527.6,0
521,0.3,527.6,0
521,0.3,514.7,0
521,0.3,514.7,0
521,0.4,514.7,0
521,0.4,514.7,0
521,0.4,504.5,0
521,0.5,504.5,0
521,0.6,504.5,0
521,0.6,504.5,0
521,0.7,502.6,0
520,0.8,502.6,0
520,0.9,502.6,0
520,1,502.6,0
520,1,501.3,0
520,1.1,501.3,0
520,1.2,501.3,0
520,1.2,501.3,0
520,1.1,509,0
520,1,509,0
520,1,509,0
520,1,509,0
521,0.9,512.7,0
521,0.9,512.7,0
521,0.8,512.7,0
521,0.7,512.7,0
521,0.7,517.7,0
521,0.7,517.7,0
521,0.6,517.7,0
521,0.6,517.7,0
521,0.6,516,0
521,0.6,516,0
521,0.5,516,0
521,0.5,516,0
521,0.5,518,0
521,0.4,518,0
521,0.4,518,0
521,0.5,518,0
521,0.5,516.4,0
521,0.6,516.4,0
521,0.7,516.4,0
520,0.8,516.4,0
520,0.8,505,0
520,0.9,505,0
520,1,505,0
520,1,505,0
520,1.1,505.2,0
520,1.2,505.2,0
520,1.3,505.2,0
520,1.4,505.2,0
520,1.5,506.7,0
520,1.6,506.7,0
520,1.6,506.7,0
520,1.7,506.7,0
520,1.8,511,0
520,1.9,511,0
520,2,511,0
520,2,511,0
520,2,520.1,0
520,2,520.1,0
520,2,520.1,0
520,2,520.1,0
520,2,523.5,0
520,2,523.5,0
520,2,523.5,0
520,2,523.5,0
520,2,523.8,0
520,2,523.8,0
520,2,523.8,0
520,2.1,523.8,0
520,2.1,527.8,0
520,2.1,527.8,0
520,2.1,527.8,0
520,2.1,527.8,0
520,2.2,526.3,0
520,2.2,526.3,0
520,2.2,526.3,0
520,2.2,526.3,0
520,2.3,525.1,0
520,2.3,525.1,0
520,2.4,525.1,0
520,2.4,525.1,0
520,2.4,520.8,0
520,2.5,520.8,0
520,2.5,520.8,0
520,2.6,520.8,0
520,2.6,520.8,0
520,2.7,520.8,0
520,2.7,520.8,0
520,2.8,520.8,0
520,2.9,519.6,0
520,3,519.6,0
519,3,519.6,0
519,3.1,519.6,0
519,3.2,522.6,0
519,3.2,522.6,0
519,3.3,522.6,0
519,3.4,522.6,0
519,3.6,521.5,0
519,3.7,521.5,0
519,3.8,521.5,0
519,4,521.5,0
519,4.1,526.6,0
519,4.2,526.6,0
519,4.3,526.6,0
519,4.5,526.6,0
519,4.6,540.4,0
519,4.6,540.4,0
519,4.5,540.4,0
519,4.5,540.4,0
519,4.5,540.6,0
519,4.5,540.6,0
519,4.4,540.6,0
519,4.4,540.6,0
519,4.4,540.7,0
519,4.3,540.7,0
519,4.3,540.7,0
519,4.2,540.7,0
519,4.2,540.8,0
519,4.1,540.8,0
519,4,540.8,0
519,4,540.8,0
519,3.9,540.9,0
519,3.8,540.9,0
519,3.7,540.9,0
519,3.7,540.9,0
519,3.6,541,0
519,3.9,541,0
519,4.2,541,0
518,4.5,541,0
518,4.8,541,0
518,5,541,0
518,5.3,541,0
518,5.6,541,0
517,5.9,541.1,0
517,6.2,541.1,0
517,6.5,541.1,0
517,6.7,541.1,0
517,6.9,541.2,0
517,7.2,541.2,0
517,7.4,541.2,0
516,7.6,541.2,0
516,7.8,541.3,0
516,8,541.3,0
516,8.3,541.3,0
516,8.5,541.3,0
516,8.7,541.3,0
516,8.7,541.3,0
516,8.7,541.3,0
516,8.7,541.3,0
516,8.7,541.4,0
516,8.8,541.4,0
516,8.8,541.4,0
516,8.8,541.4,0
516,8.8,541.4,0
516,8.8,541.4,0
516,8.8,541.4,0
516,8.8,541.4,0
516,8.8,541.5,0
516,8.8,541.5,0
516,8.8,541.5,0
516,8.8,541.5,0
517,8.7,541.5,0
517,8.7,541.5,0
517,8.7,541.5,0
517,8.7,541.5,0
517,8.7,541.6,0
517,8.9,541.6,0
516,9.2,541.6,0
516,9.5,541.6,0
516,9.7,541.6,0
516,10,541.6,0
515,10.2,541.6,0
515,10.4,541.6,0
515,10.7,541.6,0
514,11,541.6,0
514,11.2,541.6,0
514,11.5,541.6,0
514,11.7,541.7,0
513,12,541.7,0
513,12.3,541.7,0
513,12.6,541.7,0
513,12.8,541.8,0
513,13.1,541.8,0
512,13.4,541.8,0
512,13.6,541.8,0
512,13.9,541.8,0
512,13.9,541.8,0
512,13.9,541.8,0
512,13.9,541.8,0
512,13.9,541.8,0
512,13.9,541.8,0
512,14,541.8,0
512,14,541.8,0
512,14,541.9,0
512,14,541.9,0
512,14,541.9,0
512,13.8,541.9,0
512,13.5,541.9,0
513,13.3,541.9,0
513,13,541.9,0
513,12.8,541.9,0
513,12.6,541.9,0
513,12.3,541.9,0
514,12.1,541.9,0
514,11.8,541.9,0
514,11.6,542,0
514,11.4,542,0
514,11.3,542,0
514,11.1,542,0
514,11,542,0
514,10.8,542,0
515,10.6,542,0
515,10.5,542,0
515,10.3,542,0
515,10.2,542,0
515,10,542,0
515,10,542,0
515,10,542.1,0
515,10,542.1,0
515,10,542.1,0
515,9.9,542.1,0
515,9.9,542.1,0
515,9.9,542.1,0
515,9.9,542.1,0
515,9.9,542.1,0
515,9.9,542.1,0
515,10.1,542.1,0
515,10.3,542.1,0
515,10.4,542.1,0
515,10.6,542.1,0
514,10.8,542.1,0
514,11,542.1,0
514,11.2,542.1,0
514,11.3,542.2,0
514,11.5,542.2,0
514,11.7,542.2,0
514,12.2,542.2,0
513,12.6,542.2,0
513,13.1,542.2,0
512,13.5,542.2,0
512,13.9,542.2,0
512,14.4,542.2,0
511,14.9,542.2,0
511,15.3,542.2,0
510,15.8,542.2,0
510,16.2,542.3,0
510,16.1,542.3,0
510,16,542.3,0
510,15.8,542.3,0
510,15.7,542.3,0
510,15.6,542.3,0
511,15.5,542.3,0
511,15.4,542.3,0
511,15.2,542.3,0
511,15.1,542.3,0
511,15,542.3,0
511,14.7,542.3,0
511,14.3,542.4,0
512,14,542.4,0
512,13.6,542.4,0
512,13.3,542.4,0
512,13,542.4,0
512,12.6,542.4,0
513,12.3,542.4,0
513,11.9,542.4,0
513,11.6,542.4,0
513,11.5,542.4,0
513,11.4,542.4,0
514,11.3,542.4,0
514,11.2,542.4,0
514,11.1,542.4,0
514,11,542.4,0
514,10.9,542.4,0
515,10.8,542.4,0
515,10.7,542.4,0
515,10.6,542.4,0
515,10.7,542.4,0
515,10.9,542.5,0
515,11,542.5,0
515,11.2,542.5,0
514,11.3,542.5,0
514,11.4,542.5,0
514,11.6,542.5,0
514,11.7,542.5,0
514,11.9,542.5,0
514,12,542.5,0
513,12.7,542.5,0
513,13.3,542.5,0
512,14,542.5,0
511,14.7,542.5,0
510,15.3,542.5,0
510,16,542.5,0
509,16.7,542.5,0
508,17.4,542.5,0
508,18,542.5,0
507,18.7,542.5,0
507,18.7,542.5,0
507,18.6,542.6,0
507,18.6,542.6,0
507,18.5,542.6,0
508,18.5,542.6,0
508,18.5,542.6,0
508,18.4,542.6,0
508,18.4,542.6,0
508,18.3,542.6,0
508,18.3,542.6,0
508,18.1,542.6,0
508,18,542.6,0
508,17.8,542.6,0
508,17.6,542.6,0
508,17.5,542.6,0
509,17.3,542.6,0
509,17.1,542.6,0
509,16.9,542.6,0
509,16.8,542.6,0
509,16.6,542.6,0
509,16.6,542.6,0
509,16.6,542.6,0
509,16.5,542.6,0
509,16.5,542.6,0
510,16.5,542.6,0
510,16.5,542.6,0
510,16.5,542.6,0
510,16.4,542.6,0
510,16.4,542.6,0
510,16.4,542.5,0
510,16.1,542.5,0
510,15.9,542.5,0
511,15.6,542.5,0
511,15.3,542.4,0
511,15.1,542.4,0
511,14.8,542.4,0
511,14.5,542.4,0
512,14.2,541.8,0
512,14,541.8,0
512,13.7,541.8,0
512,14.1,541.8,0
511,14.4,541.6,0
511,14.8,541.6,0
510,15.2,541.6,0
510,15.6,541.6,0
510,15.9,540.2,0
509,16.3,540.2,0
509,16.7,540.2,0
508,17,540.2,0
508,17.4,541.1,0
508,17.5,541.1,0
508,17.7,541.1,0
508,17.8,541.1,0
508,18,541.4,0
508,18.1,541.4,0
508,18.2,541.4,0
508,18.4,541.4,0
508,18.5,542,0
508,18.7,542,0
508,18.8,542,0
508,18.9,542,0
508,18.9,542.2,0
508,19,542.2,0
508,19,542.2,0
508,19.1,542.2,0
507,19.1,542.3,0
507,19.2,542.3,0
507,19.2,542.3,0
507,19.3,542.3,0
507,19.3,542,0
507,19.5,542,0
507,19.8,542,0
506,20,542,0
506,20.3,542.4,0
506,20.5,542.4,0
506,20.7,542.4,0
506,21,542.4,0
505,21.2,542.4,0
505,21.5,542.4,0
505,21.7,542.4,0
505,21.6,542.4,0
505,21.5,542.4,0
505,21.4,542.4,0
505,21.3,542.4,0
505,21.2,542.4,0
505,21.2,542.3,0
505,21.1,542.3,0
505,21,542.3,0
505,20.9,542.3,0
505,20.8,542.3,0
505,21.1,542.3,0
505,21.3,542.3,0
504,21.6,542.3,0
504,21.9,542,0
504,22.1,542,0
504,22.4,542,0
504,22.7,542,0
503,23,541.7,0
503,23.2,541.7,0
503,23.5,541.7,0
503,23.5,541.7,0
503,23.5,541.1,0
503,23.5,541.1,0
503,23.5,541.1,0
503,23.5,541.1,0
503,23.4,541.2,0
503,23.4,541.2,0
503,23.4,541.2,0
503,23.4,541.2,0
503,23.4,541.1,0
503,23.6,541.1,0
503,23.7,541.1,0
502,23.9,541.1,0
502,24,540.8,0
502,24.2,540.8,0
502,24.4,540.8,0
502,24.5,540.8,0
501,24.7,540.5,0
501,24.8,540.5,0
501,25,540.5,0
501,24.8,540.5,0
501,24.6,540.3,0
502,24.5,540.3,0
502,24.3,540.3,0
502,24.1,540.3,0
502,23.9,540.4,0
502,23.7,540.4,0
503,23.6,540.4,0
503,23.4,540.4,0
503,23.2,540.1,0
503,23.7,540.1,0
502,24.1,540.1,0
502,24.6,540.1,0
502,25.1,539.8,0
502,25.6,539.8,0
501,26,539.8,0
501,26.5,539.8,0
501,27,539.9,0
500,27.4,539.9,0
500,27.9,539.9,0
500,28.2,539.9,0
499,28.5,539.8,0
499,28.7,539.8,0
498,29,539.8,0
498,29.3,539.8,0
498,29.6,539.4,0
497,29.9,539.4,0
497,30.1,539.4,0
496,30.4,539.4,0
496,30.7,539,0
496,30.6,539,0
496,30.5,539,0
496,30.4,539,0
496,30.3,539.1,0
496,30.2,539.1,0
497,30,539.1,0
497,29.9,539.1,0
497,29.8,539,0
497,29.7,539,0
497,29.6,539,0
497,29.5,539,0
497,29.4,538.5,0
497,29.3,538.5,0
497,29.2,538.5,0
498,29.1,538.5,0
498,29,538.7,0
498,28.9,538.7,0
498,28.8,538.7,0
498,28.7,538.7,0
498,28.6,538.9,0
498,28.5,538.9,0
498,28.5,538.9,0
498,28.4,538.9,0
498,28.4,539.1,0
498,28.3,539.1,0
498,28.2,539.1,0
498,28.2,539.1,0
498,28.1,539.3,0
498,28.1,539.3,0
498,28,539.3,0
498,28.1,539.3,0
498,28.3,539.5,0
498,28.4,539.5,0
498,28.6,539.5,0
498,28.7,539.5,0
497,28.8,539.5,0
497,29,539.5,0
497,29.1,539.5,0
497,29.3,539.5,0
497,29.4,539.6,0
497,29.6,539.6,0
497,29.7,539.6,0
496,29.9,539.6,0
496,30,539.3,0
496,30.2,539.3,0
496,30.4,539.3,0
496,30.5,539.3,0
495,30.7,539.5,0
495,30.8,539.5,0
495,31,539.5,0
494,31.5,539.5,0
494,32,539.6,0
493,32.5,539.6,0
492,33,539.6,0
492,33.5,539.6,0
491,33.9,539.5,0
490,34.4,539.5,0
489,34.9,539.5,0
489,35.4,539.5,0
488,35.9,539.7,0
488,35.9,539.7,0
489,35.9,539.7,0
489,35.8,539.7,0
489,35.8,539.9,0
490,35.8,539.9,0
490,35.8,539.9,0
490,35.8,539.9,0
490,35.7,540.1,0
491,35.7,540.1,0
491,35.7,540.1,0
491,35.2,540.1,0
492,34.7,540.6,0
492,34.2,540.6,0
493,33.7,540.6,0
493,33.2,540.6,0
493,32.6,540.5,0
494,32.1,540.5,0
494,31.6,540.5,0
495,31.1,540.5,0
495,30.6,540.7,0
494,31.5,540.7,0
493,32.3,540.7,0
491,33.2,540.7,0
490,34,540.5,0
489,34.9,540.5,0
488,35.8,540.5,0
487,36.6,540.5,0
485,37.5,540.6,0
484,38.3,540.6,0
483,39.2,540.6,0
482,39.9,540.6,0
482,40.5,540.5,0
481,41.2,540.5,0
481,41.8,540.5,0
480,42.5,540.5,0
480,43.2,541,0
479,43.8,541,0
479,44.5,541,0
478,45.1,541,0
478,45.8,541.1,0
479,45.2,541.1,0
480,44.5,541.1,0
481,43.9,541.1,0
482,43.2,540.9,0
484,42.6,540.9,0
485,42,540.9,0
486,41.3,540.9,0
487,40.7,541.1,0
488,40,541.1,0
489,39.4,541.1,0
490,38.1,541.1,0
491,36.8,541,0
492,35.5,541,0
493,34.2,541,0
494,32.9,541,0
496,31.6,541.2,0
497,30.3,541.2,0
498,29,541.2,0
499,27.7,541.2,0
500,26.4,541.1,0
500,25.8,541.1,0
501,25.1,541.1,0
501,24.5,541.1,0
502,23.8,541.4,0
502,23.2,541.4,0
502,22.6,541.4,0
503,21.9,541.4,0
503,21.3,541.6,0
504,20.6,541.6,0
504,20,541.6,0
504,19.9,541.6,0
504,19.8,542,0
504,19.6,542,0
504,19.5,542,0
504,19.4,542,0
503,19.3,541.9,0
503,19.2,541.9,0
503,19,541.9,0
503,18.9,541.9,0
503,18.8,541.9,0
505,16.9,541.9,0
506,15,541.9,0
508,13.2,541.9,0
509,11.3,542.1,0
511,9.4,542.1,0
513,7.5,542.1,0
514,5.6,542.1,0
516,3.8,542,0
517,1.9,542,0
519,0,542,0
519,0.1,542,0
519,0.1,542.3,0
519,0.2,542.3,0
519,0.3,542.3,0
519,0.4,542.3,0
519,0.4,542.4,0
519,0.5,542.4,0
519,0.6,542.4,0
519,0.6,542.4,0
519,0.7,542.6,0
519,0.8,542.6,0
519,1,542.6,0
519,1.1,542.6,0
519,1.3,542.6,0
518,1.4,542.6,0
518,1.5,542.6,0
518,1.7,542.6,0
518,1.8,542.6,0
518,2,542.6,0
518,2.1,542.6,0
518,2.1,542.6,0
518,2.1,542.7,0
518,2,542.7,0
518,2,542.7,0
518,2,542.7,0
519,2,542.7,0
519,2,542.7,0
519,1.9,542.7,0
519,1.9,542.7,0
519,1.9,542.7,0
519,1.8,542.7,0
519,1.8,542.7,0
519,1.7,542.7,0
519,1.7,542.8,0
519,1.6,542.8,0
519,1.5,542.8,0
519,1.5,542.8,0
519,1.4,542.8,0
519,1.4,542.8,0
519,1.3,542.8,0
519,1.5,542.8,0
519,1.7,542.8,0
519,2,542.8,0
519,2.2,542.8,0
518,2.4,542.8,0
518,2.6,542.8,0
518,2.8,542.8,0
518,3.1,542.8,0
518,3.3,542.8,0
518,3.5,542.8,0
518,3.7,542.8,0
518,3.9,542.8,0
517,4.1,542.8,0
517,4.3,542.8,0
517,4.6,542.8,0
517,4.8,542.8,0
517,5,542.8,0
516,5.2,542.9,0
516,5.4,542.9,0
516,5.6,542.9,0
516,5.8,542.9,0
516,6.1,542.9,0
515,6.3,542.9,0
515,6.6,542.9,0
515,6.8,542.9,0
515,7,542.9,0
515,7.3,542.9,0
514,7.5,542.9,0
514,7.8,542.9,0
514,8,542.9,0
514,7.8,542.9,0
514,7.7,542.9,0
515,7.5,542.9,0
515,7.4,542.9,0
515,7.2,542.9,0
515,7,542.9,0
515,6.9,542.9,0
516,6.7,543.3,0
516,6.6,543.3,0
516,6.4,543.3,0
516,6.2,543.3,0
516,6,543.4,0
517,5.8,543.4,0
517,5.6,543.4,0
517,5.4,543.4,0
517,5.2,543.4,0
517,5,543.4,0
518,4.8,543.4,0
518,4.6,543.4,0
518,4.4,543.4,0
518,4.5,543.4,0
518,4.6,543.4,0
518,4.7,543.4,0
518,4.8,543.4,0
518,4.9,543.4,0
517,4.9,543.4,0
517,5,543.4,0
517,5.1,543.4,0
517,5.2,543.4,0
517,5.3,543.4,0
517,5.5,543.4,0
517,5.6,543.5,0
516,5.8,543.5,0
516,6,543.5,0
516,6.2,543.5,0
516,6.3,543.5,0
516,6.5,543.5,0
515,6.7,543.5,0
515,6.8,543.5,0
515,7,543.5,0
514,7.8,543.5,0
514,8.6,543.5,0
513,9.3,543.5,0
512,10.1,543.5,0
512,10.9,543.5,0
511,11.7,543.5,0
510,12.5,543.5,0
509,13.2,543.5,0
509,14,543.5,0
508,14.8,543.5,0
508,15.2,543.5,0
507,15.7,543.5,0
507,16.1,543.5,0
506,16.6,543.5,0
506,17,543.5,0
506,17.4,543.5,0
505,17.9,543.5,0
505,18.3,543.5,0
504,18.8,543.5,0
504,19.2,543.5,0
504,19.6,543.5,0
503,20.1,543.5,0
503,20.5,543.5,0
503,21,543.6,0
502,21.5,543.6,0
502,21.9,543.6,0
502,22.3,543.6,0
502,22.8,543.6,0
501,23.2,543.6,0
501,23.7,543.6,0
502,23.4,543.6,0
502,23,543.6,0
503,22.7,543.6,0
503,22.3,543.6,0
504,22,543.6,0
504,21.7,543.6,0
505,21.3,543.6,0
505,21,543.6,0
506,20.6,543.6,0
506,20.3,543.6,0
507,19.1,543.6,0
508,17.8,543.6,0
509,16.6,543.6,0
510,15.3,543.6,0
511,14.1,543.6,0
512,12.8,543.6,0
513,11.6,543.6,0
514,10.3,543.6,0
515,9.1,543.6,0
516,7.8,543.6,0
516,7.6,543.6,0
516,7.4,543.6,0
516,7.2,543.6,0
516,7,543.6,0
516,6.8,543.6,0
517,6.6,543.6,0
517,6.4,543.6,0
517,6.2,543.6,0
517,6,543.6,0
517,5.8,543.6,0
517,6.1,543.6,0
516,6.3,543.6,0
516,6.6,543.6,0
516,6.9,543.7,0
516,7.2,543.7,0
515,7.4,543.7,0
515,7.7,543.7,0
515,8,543.7,0
514,8.2,543.7,0
514,8.5,543.7,0
513,9.4,543.7,0
512,10.4,543.7,0
511,11.3,543.7,0
510,12.2,543.7,0
510,13.2,543.7,0
509,14.1,543.7,0
508,15,543.7,0
507,15.9,543.7,0
506,16.9,543.7,0
505,17.8,543.7,0
504,18.9,543.7,0
503,20,543.7,0
502,21.1,543.7,0
501,22.2,543.7,0
500,23.2,543.7,0
499,24.3,543.7,0
498,25.4,543.7,0
497,26.5,543.7,0
496,27.6,543.7,0
495,28.7,543.7,0
495,28.9,543.7,0
495,29.1,543.7,0
495,29.3,543.7,0
495,29.5,543.7,0
496,29.8,543.7,0
496,30,543.7,0
496,30.2,543.7,0
496,30.4,543.7,0
496,30.6,543.7,0
496,30.8,543.7,0
497,30.1,543.7,0
497,29.3,543.7,0
498,28.6,543.7,0
499,27.9,543.7,0
500,27.1,543.7,0
500,26.4,543.7,0
501,25.7,543.7,0
502,25,543.8,0
502,24.2,543.8,0
503,23.5,543.8,0
503,23.2,543.8,0
503,22.9,543.8,0
504,22.5,543.8,0
504,22.2,543.8,0
504,21.9,543.8,0
504,21.6,543.8,0
504,21.3,543.8,0
505,20.9,543.8,0
505,20.6,543.8,0
505,20.3,543.8,0
505,20.5,543.8,0
504,20.8,543.8,0
504,21,543.8,0
503,21.3,543.8,0
503,21.5,543.8,0
503,21.7,543.8,0
502,22,543.8,0
502,22.2,543.8,0
501,22.5,543.8,0
501,22.7,543.8,0
501,23,543.8,0
501,23.2,543.8,0
501,23.5,543.8,0
501,23.7,543.8,0
500,24,543.8,0
500,24.2,543.8,0
500,24.5,543.8,0
500,24.7,543.8,0
500,25,543.8,0
500,25.2,543.8,0
500,25.5,543.8,0
500,25.7,543.8,0
499,26,543.8,0
499,26.3,543.8,0
499,26.6,543.8,0
499,26.8,543.8,0
499,27.1,543.8,0
498,27.4,543.9,0
498,27.6,543.9,0
498,27.9,543.9,0
498,27.9,543.9,0
498,27.9,543.9,0
498,27.9,543.9,0
498,27.9,543.9,0
498,27.9,543.9,0
497,27.9,543.9,0
497,27.9,543.9,0
497,27.9,543.9,0
497,27.9,543.9,0
497,27.9,543.9,0
497,28.3,543.9,0
496,28.6,543.9,0
495,29,543.9,0
495,29.3,543.9,0
494,29.7,543.9,0
494,30.1,543.9,0
494,30.4,543.9,0
493,30.8,543.9,0
492,31.1,543.9,0
492,31.5,543.9,0
492,31.9,543.9,0
491,32.3,543.9,0
491,32.7,543.9,0
491,33.1,543.9,0
490,33.5,543.9,0
490,33.8,543.9,0
490,34.2,543.9,0
490,34.6,543.9,0
489,35,543.9,0
489,35.4,543.9,0
489,35.3,543.9,0
489,35.3,543.9,0
490,35.2,543.9,0
490,35.1,543.9,0
490,35,543.9,0
490,35,543.9,0
490,34.9,543.9,0
491,34.8,543.9,0
491,34.8,543.9,0
491,34.7,543.9,0
491,34.2,543.9,0
492,33.8,543.9,0
492,33.3,543.9,0
493,32.9,543.9,0
493,32.4,543.9,0
493,31.9,544,0
494,31.5,544,0
494,31,544,0
495,30.6,544,0
495,30.1,544,0
495,30.3,544,0
495,30.4,544,0
494,30.6,544,0
494,30.7,544,0
494,30.9,544,0
494,31.1,544,0
494,31.2,544,0
493,31.4,544,0
493,31.5,544,0
493,31.7,544,0
493,32.1,544,0
492,32.5,544,0
491,32.9,544,0
491,33.3,544,0
490,33.7,544,0
490,34,544,0
490,34.4,544,0
489,34.8,544,0
488,35.2,544,0
488,35.6,544,0
488,35.6,544,0
488,35.6,544,0
488,35.7,544,0
488,35.7,544,0
488,35.7,544,0
488,35.7,544,0
488,35.7,544,0
488,35.8,544,0
488,35.8,544,0
488,35.8,544,0
488,35.8,544,0
488,35.9,544,0
488,35.9,544,0
488,36,544,0
488,36,544,0
488,36,544,0
488,36.1,544,0
488,36.1,544,0
488,36.2,544,0
488,36.2,544,0
488,36,544,0
488,35.7,544,0
488,35.5,544,0
488,35.2,544,0
488,35,544,0
489,34.7,544,0
489,34.5,544,0
489,34.2,544,0
489,34,544,0
489,33.7,544,0
488,34.2,544,0
488,34.7,544.1,0
487,35.2,544.1,0
486,35.7,544.1,0
486,36.2,544.1,0
485,36.7,544.1,0
484,37.2,544.1,0
483,37.7,544.1,0
483,38.2,544.1,0
482,38.7,544.1,0
482,38.8,544.1,0
482,39,544.1,0
483,39.2,544.1,0
483,39.3,544.1,0
483,39.5,544.1,0
483,39.6,544.1,0
483,39.7,544.1,0
484,39.9,544.1,0
484,40.1,544.1,0
484,40.2,544.1,0
485,39.5,544.1,0
486,38.7,544.1,0
488,38,544.1,0
489,37.3,544.1,0
490,36.5,544.1,0
491,35.8,544.1,0
492,35.1,544.1,0
494,34.4,544.1,0
495,33.6,544.1,0
496,32.9,544.1,0
498,30.7,544.1,0
500,28.5,544.1,0
502,26.3,544.1,0
504,24.1,544.1,0
506,21.9,544.1,0
507,19.7,544.1,0
509,17.5,544.1,0
511,15.3,544.1,0
513,13.1,544.1,0
515,10.9,544.1,0
516,9.7,544.1,0
516,8.4,544.1,0
517,7.2,544.1,0
518,5.9,544.1,0
518,4.7,544.1,0
519,3.5,544.1,0
520,2.2,544.1,0
521,1,544.1,0
521,-0.3,544.1,0
522,-1.5,544.1,0
522,-1.3,544.1,0
521,-1.1,544.1,0
521,-1,544.1,0
520,-0.8,544.1,0
520,-0.6,544.1,0
520,-0.4,544.1,0
519,-0.2,544.1,0
519,-0.1,544.1,0
518,0.1,544.1,0
518,0.3,544.1,0
518,0.8,544.1,0
517,1.3,544.2,0
517,1.7,544.2,0
516,2.2,544.2,0
516,2.7,544.2,0
516,3.2,544.2,0
515,3.7,544.2,0
515,4.1,544.2,0
514,4.6,544.2,0
514,5.1,544.2,0
514,5.5,544.2,0
514,5.9,544.2,0
513,6.2,544.2,0
513,6.6,544.2,0
513,7,544.2,0
513,7.4,544.2,0
513,7.8,544.2,0
512,8.1,544.2,0
512,8.5,544.2,0
512,8.9,544.2,0
511,9.5,544.2,0
511,10,544.2,0
510,10.6,544.2,0
510,11.1,544.2,0
509,11.7,544.2,0
508,12.3,544.2,0
508,12.8,544.2,0
507,13.4,544.2,0
507,13.9,544.2,0
506,14.5,544.2,0
506,15.1,544.2,0
505,15.6,544.2,0
505,16.2,544.2,0
504,16.7,544.2,0
504,17.3,544.2,0
504,17.9,544.2,0
503,18.4,544.2,0
503,19,544.2,0
502,19.5,544.2,0
502,20.1,544.2,0
502,20.5,544.2,0
501,20.9,544.2,0
501,21.3,544.2,0
501,21.7,544.2,0
500,22.1,544.2,0
500,22.5,544.2,0
500,22.9,544.2,0
500,23.3,544.2,0
499,23.7,544.2,0
499,24.1,544.2,0
499,24.3,544.2,0
499,24.4,544.2,0
499,24.6,544.2,0
499,24.8,544.2,0
499,25,544.2,0
499,25.1,544.2,0
499,25.3,544.2,0
499,25.5,544.2,0
499,25.6,544.2,0
499,25.8,544.2,0
500,24.6,544.2,0
502,23.3,544.2,0
503,22.1,544.2,0
504,20.9,544.2,0
506,19.6,544.2,0
507,18.4,544.3,0
508,17.2,544.3,0
509,16,544.3,0
511,14.7,544.3,0
512,13.5,544.3,0
512,12.9,544.3,0
513,12.2,544.3,0
513,11.6,544.3,0
513,11,544.3,0
514,10.3,544.3,0
514,9.7,544.3,0
514,9.1,544.3,0
514,8.5,544.3,0
515,7.8,544.3,0
515,7.2,544.3,0
515,6.5,544.3,0
516,5.8,544.3,0
516,5,544.3,0
517,4.3,544.3,0
517,3.6,544.3,0
517,2.9,544.3,0
518,2.2,544.3,0
518,1.4,544.3,0
519,0.7,544.3,0
519,0,544.3,0
519,0,544.3,0
519,0,544.3,0
519,0,544.3,0
519,0,544.3,0
519,0,544.3,0
519,0,544.3,0
519,0,544.3,0
519,0,544.3,0
519,0,544.3,0
519,0,544.3,0
519,0,544.3,0
519,0,544.3,0
519,0,544.3,0
519,0,544.3,0
520,0,544.3,0
520,0,544.3,0
520,0,544.3,0
520,0,544.3,0
520,0,544.3,0
520,0,544.3,0
520,0.1,544.3,0
520,0.2,544.3,0
520,0.3,544.3,0
520,0.4,544.3,0
520,0.5,544.3,0
519,0.6,544.3,0
519,0.7,544.3,0
519,0.8,544.3,0
519,0.9,544.3,0
519,1,544.3,0
519,1.1,544.3,0
519,1.2,544.3,0
519,1.2,544.3,0
519,1.3,544.3,0
518,1.4,544.3,0
518,1.5,544.3,0
518,1.6,544.3,0
518,1.6,544.3,0
518,1.7,544.3,0
518,1.8,544.3,0
518,1.9,544.3,0
518,1.9,544.3,0
518,2,544.3,0
518,2,544.4,0
518,2.1,544.4,0
518,2.2,544.4,0
518,2.2,544.4,0
518,2.3,544.4,0
518,2.3,544.4,0
518,2.4,544.4,0
518,2.4,544.4,0
518,2.3,544.4,0
518,2.3,544.4,0
518,2.3,544.4,0
518,2.2,544.4,0
518,2.2,544.4,0
518,2.2,544.4,0
518,2.2,544.4,0
518,2.1,544.4,0
518,2.1,544.4,0
518,1.9,544.4,0
518,1.8,544.4,0
519,1.6,544.4,0
519,1.4,544.4,0
519,1.2,544.4,0
519,1.1,544.4,0
519,0.9,544.4,0
520,0.7,544.4,0
520,0.6,544.4,0
520,0.4,544.4,0
520,0.4,544.4,0
520,0.3,544.4,0
520,0.3,544.4,0
520,0.2,544.4,0
520,0.2,544.4,0
520,0.2,544.4,0
520,0.1,544.4,0
520,0.1,544.4,0
520,0,544.4,0
520,0,544.4,0
520,-0.1,544.4,0
520,-0.1,544.4,0
520,-0.2,544.4,0
520,-0.2,544.4,0
520,-0.2,544.4,0
521,-0.3,544.4,0
521,-0.4,544.4,0
521,-0.4,544.4,0
521,-0.5,544.4,0
521,-0.5,544.4,0
521,-0.5,544.4,0
521,-0.4,544.4,0
521,-0.4,544.4,0
521,-0.3,544.4,0
521,-0.3,544.4,0
521,-0.3,544.4,0
521,-0.2,544.4,0
521,-0.2,544.4,0
521,-0.1,544.4,0
521,-0.1,544.4,0
521,-0.1,544.4,0
521,-0.1,544.4,0
521,-0.1,544.4,0
521,-0.1,544.4,0
521,-0.1,544.4,0
521,0,544.4,0
521,0,544.4,0
521,0,544.4,0
521,0,544.4,0
521,0,544.4,0
521,0,544.4,0
521,0,544.4,0
521,0.1,544.4,0
521,0.1,544.4,0
520,0.1,544.4,0
520,0.1,544.4,0
520,0.1,544.4,0
520,0.2,544.4,0
520,0.2,544.4,0
520,0.2,544.5,0
520,0.2,544.5,0
520,0.2,544.5,0
520,0.2,544.5,0
520,0.2,544.5,0
520,0.2,544.5,0
520,0.3,544.5,0
520,0.3,544.5,0
520,0.3,544.5,0
520,0.3,544.5,0
520,0.3,544.5,0
520,0.3,544.5,0
520,0.3,544.5,0
520,0.3,544.5,0
520,0.3,544.5,0
520,0.4,544.5,0
520,0.4,544.5,0
520,0.4,544.5,0
520,0.4,544.5,0
520,0.4,544.5,0
520,0.4,544.5,0
520,0.4,544.5,0
520,0.4,544.5,0
520,0.4,544.5,0
520,0.4,544.5,0
520,0.4,544.5,0
520,0.4,544.5,0
520,0.4,544.5,0
520,0.4,544.5,0
520,0.4,544.5,0
520,0.4,544.5,0
520,0.4,544.5,0
520,0.4,544.5,0
520,0.4,544.5,0
520,0.4,544.5,0
520,0.5,544.5,0
520,0.5,544.5,0
520,0.5,544.5,0
520,0.5,544.5,0
520,0.5,544.5,0
520,0.5,544.5,0
520,0.5,544.5,0
520,0.5,544.5,0
520,0.5,544.5,0
520,0.5,544.5,0
520,0.5,544.5,0
521,0.4,544.5,0
521,0.4,544.5,0
521,0.4,544.5,0
521,0.4,544.5,0
521,0.4,544.5,0
521,0.4,544.5,0
521,0.4,544.5,0
521,0.4,544.5,0
521,0.4,544.5,0
521,0.5,544.5,0
521,0.5,544.5,0
521,0.5,544.5,0
521,0.5,544.5,0
521,0.5,544.5,0
521,0.5,544.5,0
521,0.5,544.5,0
521,0.5,544.5,0
521,0.5,544.5,0
521,0.5,544.5,0
520,0.5,544.5,0
520,0.5,544.5,0
520,0.5,544.5,0
520,0.5,544.5,0
520,0.5,544.5,0
520,0.5,544.5,0
520,0.5,544.5,0
520,0.5,544.5,0
520,0.5,544.5,0
520,0.5,544.5,0
520,0.5,544.5,0
520,0.5,544.5,0
520,0.5,544.5,0
520,0.5,544.5,0
520,0.5,544.5,0
520,0.5,544.6,0
520,0.5,544.6,0
520,0.5,544.6,0
520,0.4,544.6,0
520,0.4,544.6,0
520,0.4,544.6,0
521,0.4,544.6,0
521,0.4,544.6,0
521,0.3,544.6,0
521,0.3,544.6,0
521,0.3,544.6,0
521,0.3,544.6,0
521,0.3,544.6,0
521,0.3,544.6,0
521,0.3,544.6,0
521,0.2,544.6,0
521,0.2,544.6,0
521,0.2,544.6,0
521,0.2,544.6,0
521,0.2,544.6,0
521,0.2,544.6,0
521,0.2,544.6,0
521,0.2,544.6,0
521,0.2,544.6,0
521,0.2,544.6,0
521,0.2,544.6,0
521,0.2,544.6,0
521,0.2,544.6,0
521,0.2,544.6,0
521,0.2,544.6,0
521,0.2,544.6,0
521,0.2,544.6,0
521,0.2,544.6,0
521,0.2,544.6,0
521,0.2,544.6,0
521,0.2,544.6,0
521,0.1,544.6,0
521,0.1,544.6,0
521,0.1,544.6,0
521,0.1,544.6,0
521,0.1,544.6,0
521,0.1,544.6,0
521,0.1,544.6,0
521,0.1,544.6,0
521,0.1,544.6,0
521,0.1,544.6,0
521,0,544.6,0
521,0,544.6,0
521,0,544.6,0
521,0,544.6,0
521,0,544.6,0
521,0,544.6,0
521,0,544.6,0
521,0,544.6,0
521,0,544.6,0
521,0,544.6,0
521,0,544.6,0
521,0,544.6,0
521,0,544.6,0
521,0,544.6,0
521,0,544.6,0
521,0,544.6,0
521,0,544.6,0
521,0,544.6,0
521,0,544.6,0
521,0,544.6,0
521,0,544.6,0
521,0,544.6,0
521,0,544.6,0
521,0,544.6,0
521,0,544.6,0
521,0,544.6,0
521,0,544.6,0
521,0,544.6,0
521,0,544.6,0
521,0,544.6,0
521,0,544.6,0
521,0,544.6,0
521,0,544.6,0
521,0,544.6,0
521,0,544.6,0
521,0,544.6,0
521,0,544.6,0
521,0,544.6,0
521,0,544.6,0
521,0,544.6,0
521,0,544.6,0
521,0,544.6,0
521,0,544.6,0
521,0,544.6,0
521,0,544.6,0
521,0,544.6,0
521,0,544.7,0
521,0,544.7,0
521,0,544.7,0
522,0,544.7,0
522,0,544.7,0
522,0,544.7,0
522,0,544.7,0
522,0,544.7,0
522,0,544.7,0
522,0,544.7,0
522,0,544.7,0
522,0,544.7,0
522,0,544.7,0
522,0,544.7,0
521,0,544.7,0
521,0,544.7,0
521,0,544.7,0
521,0,544.7,0
521,0,544.7,0
521,0,544.7,0
521,0,544.7,0
521,0,544.7,0
521,0,544.7,0
522,0,544.7,0
522,0,544.7,0
522,0,544.7,0
522,0,544.7,0
522,0,544.7,0
522,0,544.7,0
522,0,544.7,0
522,0,544.7,0
522,0,544.7,0
522,0,544.7,0
522,0,544.7,0
522,0,544.7,0
522,0,544.7,0
522,0,544.7,0
522,0,544.7,0
522,0,544.7,0
522,0,544.7,0
522,0,544.7,0
522,0,544.7,0
522,0,544.7,0
522,0,544.7,0
522,0,544.7,0
522,0,544.7,0
522,0,544.7,0
522,0,544.7,0
522,0,544.7,0
522,0,544.7,0
522,0,544.7,0
522,0,544.7,0
522,0,544.7,0
522,0,544.7,0
522,0,544.7,0
522,0,544.7,0
522,0,544.7,0
522,0,544.7,0
522,0,544.7,0
522,0,544.7,0
522,0,544.7,0
522,0,544.7,0
522,0,544.7,0
522,0,544.7,0
522,0,544.7,0
522,0,544.7,0
522,0,544.7,0
522,0,544.7,0
522,0,544.7,0
522,0,544.7,0
522,0,544.7,0
522,0,544.7,0
522,0,544.7,0
522,0,544.7,0
522,0,544.7,0
522,0,544.7,0
522,0,544.7,0
522,0,544.7,0
522,0,544.7,0
522,0,544.7,0
522,0,544.7,0
522,0,544.7,0
522,0,544.7,0
522,0,544.7,0
522,0,544.7,0
522,0,544.7,0
522,0,544.7,0
522,0,544.7,0
522,0,544.7,0
522,0,544.7,0
522,0,544.7,0
522,0,544.7,0
522,0,544.7,0
522,0,544.7,0
522,0,544.7,0
522,0,544.7,0
522,0,544.7,0
522,0,544.7,0
522,0,544.7,0
522,0,544.7,0
522,0,544.8,0
522,0,544.8,0
522,0,544.8,0
522,0,544.8,0
523,0,544.8,0
523,0,544.8,0
523,0,544.8,0
523,0,544.8,0
523,0,544.8,0
523,0,544.8,0
523,0,544.8,0
523,0,544.8,0
523,0,544.8,0
523,0,544.8,0
523,0,544.8,0
523,0,544.8,0
523,0,544.8,0
523,0,544.8,0
523,0,544.8,0
523,0,544.8,0
523,0,544.8,0
523,0,544.8,0
523,0,544.8,0
522,0,544.8,0
522,0,544.8,0
522,0,544.8,0
522,0,544.8,0
522,0,544.8,0
522,0,544.8,0
522,0,544.8,0
522,0,544.8,0
522,0,544.8,0
522,0,544.8,0
522,0,544.8,0
522,0,544.8,0
522,0,544.8,0
522,0,544.8,0
522,0,544.8,0
522,0,544.8,0
522,0,544.8,0
522,0,544.8,0
522,0,544.8,0
522,0,544.8,0
522,0,544.8,0
523,0,544.8,0
523,0,544.8,0
523,0,544.8,0
523,0,544.8,0
523,0,544.8,0
523,0,544.8,0
523,0,544.8,0
523,0,544.8,0
523,0,544.8,0
523,0,544.8,0
523,0,544.8,0
523,0,544.8,0
523,0,544.8,0
523,0,544.8,0
523,0,544.8,0
523,0,544.8,0
523,0,544.8,0
523,0,544.8,0
523,0,544.8,0
523,0,544.8,0
523,0,544.8,0
523,0,544.8,0
523,0,544.8,0
523,0,544.8,0
523,0,544.8,0
523,0,544.8,0
523,0,544.8,0
523,0,544.8,0
523,0,544.8,0
523,0,544.8,0
523,0,544.8,0
523,0,544.8,0
523,0,544.8,0
523,0,544.8,0
523,0,544.8,0
523,0,544.8,0
523,0,544.8,0
523,0,544.8,0
523,0,544.8,0
522,0,544.8,0
522,0,544.8,0
522,0,544.8,0
522,0,544.8,0
522,0,544.8,0
522,0,544.8,0
522,0,544.8,0
522,0,544.8,0
522,0,544.8,0
522,0,544.8,0
522,0,544.8,0
523,0,544.8,0
523,0,544.8,0
523,0,544.8,0
523,0,544.8,0
523,0,544.8,0
523,0,544.8,0
523,0,544.8,0
523,0,544.8,0
523,0,544.8,0
523,0,544.8,0
523,0,544.9,0
523,0,544.9,0
523,0,544.9,0
523,0,544.9,0
523,0,544.9,0
523,0,544.9,0
523,0,544.9,0
523,0,544.9,0
523,0,544.9,0
523,0,544.9,0
523,0,544.9,0
523,0,544.9,0
523,0,544.9,0
523,0,544.9,0
523,0,544.9,0
523,0,544.9,0
523,0,544.9,0
523,0,544.9,0
523,0,544.9,0
523,0,544.9,0
523,0,544.9,0
523,0,544.9,0
523,0,544.9,0
523,0,544.9,0
523,0,544.9,0
523,0,544.9,0
523,0,544.9,0
523,0,544.9,0
523,0,544.9,0
523,0,544.9,0
523,0,544.9,0
523,0,544.9,0
523,0,544.9,0
523,0,544.9,0
523,0,544.9,0
523,0,544.9,0
523,0,544.9,0
523,0,544.9,0
523,0,544.9,0
523,0,544.9,0
523,0,544.9,0
523,0,544.9,0
523,0,544.9,0
523,0,544.9,0
523,0,544.9,0
523,0,544.9,0
523,0,544.9,0
523,0,544.9,0
523,0,544.9,0
522,0,544.9,0
522,0,544.9,0
522,0,544.9,0
522,0,544.9,0
522,0,544.9,0
522,0,544.9,0
522,0,544.9,0
522,0,544.9,0
522,0,544.9,0
522,0,544.9,0
522,0,544.9,0
523,0,544.9,0
523,0,544.9,0
523,0,544.9,0
523,0,544.9,0
523,0,544.9,0
523,0,544.9,0
523,0,544.9,0
523,0,544.9,0
523,0,544.9,0
523,0,544.9,0
523,0,544.9,0
523,0,544.9,0
523,0,544.9,0
523,0,544.9,0
523,0,544.9,0
523,0,544.9,0
523,0,544.9,0
523,0,544.9,0
523,0,544.9,0
523,0,544.9,0
523,0,544.9,0
523,0,544.9,0
523,0,544.9,0
523,0,544.9,0
523,0,544.9,0
523,0,544.9,0
523,0,544.9,0
523,0,544.9,0
523,0,544.9,0
523,0,544.9,0
523,0,544.9,0
523,0,544.9,0
523,0,544.9,0
523,0,544.9,0
523,0,544.9,0
523,0,544.9,0
523,0,544.9,0
523,0,544.9,0
523,0,544.9,0
524,0,544.9,0
524,0,544.9,0
524,0,544.9,0
524,0,544.9,0
524,0,544.9,0
524,0,545,0
524,0,545,0
524,0,545,0
524,0,545,0
524,0,545,0
524,0,545,0
523,0,545,0
523,0,545,0
523,0,545,0
523,0,545,0
523,0,545,0
523,0,545,0
523,0,545,0
523,0,545,0
523,0,545,0
523,0,545,0
523,0,545,0
523,0,545,0
523,0,545,0
523,0,545,0
523,0,545,0
523,0,545,0
523,0,545,0
523,0,545,0
523,0,545,0
523,0,545,0
523,0,545,0
523,0,545,0
523,0,545,0
523,0,545,0
523,0,545,0
523,0,545,0
523,0,545,0
523,0,545,0
523,0,545,0
523,0,545,0
523,0,545,0
523,0,545,0
523,0,545,0
523,0,545,0
523,0,545,0
523,0,545,0
523,0,545,0
523,0,545,0
523,0,545,0
524,0,545,0
524,0,545,0
524,0,545,0
524,0,545,0
524,0,545,0
524,0,545,0
524,0,545,0
524,0,545,0
524,0,545,0
524,0,545,0
524,0,545,0
524,0,545,0
524,0,545,0
524,0,545,0
524,0,545,0
524,0,545,0
524,0,545,0
524,0,545,0
524,0,545,0
524,0,545,0
524,0,545,0
524,0,545,0
524,0,545,0
524,0,545,0
524,0,545,0
524,0,545,0
524,0,545,0
524,0,545,0
524,0,545,0
524,0,545,0
524,0,545,0
523,0,545,0
523,0,545,0
523,0,545,0
523,0,545,0
523,0,545,0
523,0,545,0
523,0,545,0
523,0,545,0
523,0,545,0
523,0.1,545,0
523,0.1,545,0
523,0.1,545,0
523,0.1,545,0
523,0.1,545,0
523,0.1,545,0
523,0.1,545,0
523,0.2,545,0
523,0.2,545,0
523,0.2,545,0
524,0.2,545,0
524,0.3,545,0
524,0.3,545,0
524,0.3,545,0
524,0.4,545,0
524,0.4,545,0
524,0.4,545,0
524,0.5,545,0
524,0.5,545,0
524,0.6,545,0
524,0.6,545,0
523,0.6,545,0
523,0.7,545,0
523,0.7,545,0
523,0.8,545,0
523,0.8,545,0
523,0.8,545,0
523,0.9,545,0
523,0.9,545,0
523,0.9,545,0
522,1,545,0
522,1,545,0
522,1,545,0
522,1,545,0
522,1.1,545,0
522,1.1,545,0
522,1.1,545,0
522,1.2,545,0
522,1.2,545,0
522,1.2,545,0
522,1.2,545,0
523,1.3,545,0
523,1.3,545,0
523,1.3,545,0
523,1.4,545,0
523,1.4,545,0
523,1.4,545,0
523,1.4,545.1,0
523,1.4,545.1,0
523,1.4,545.1,0
523,1.4,545.1,0
523,1.4,545.1,0
523,1.4,545.1,0
523,1.4,545.1,0
523,1.4,545.1,0
523,1.4,545.1,0
523,1.3,545.1,0
523,1.2,545.1,0
523,1,545.1,0
523,0.9,545.1,0
523,0.8,545.1,0
523,0.7,545.1,0
523,0.6,545.1,0
523,0.4,545.1,0
523,0.3,545.1,0
523,0.2,545.1,0
523,0.2,545.1,0
523,0.2,545.1,0
523,0.1,545.1,0
523,0.1,545.1,0
524,0.1,545.1,0
524,0.1,545.1,0
524,0.1,545.1,0
524,0,545.1,0
524,0,545.1,0
524,0,545.1,0
0,0,545.1,0
,,545.1,0
,,545.1,0
,,545.1,0
,,545.1,0
,,545.1,0
,,545.1,0
,,545.1,0
,,545.1,0
,,545.1,0
,,545.1,0
,,545.1,0
,,545.1,0
,,545.1,0
,,545.1,0
,,545.1,0
,,545.1,0
,,545.1,0
,,545.1,0
,,545.1,0
,,545.1,0
,,545.1,0
,,545.1,0
,,545.1,0
,,545.1,0
,,545.1,0
,,545.1,0
,,545.1,0
,,545.1,0
,,545.1,0
,,545.1,0
,,545.1,0
,,545.1,0
,,545.1,0
,,545.1,0
,,545.1,0
,,545.1,0
,,545.1,0
,,545.1,0
,,545.1,0
,,545.1,0
,,545.1,0
,,545.1,0
,,545.1,0
,,545.1,0
,,545.1,0
,,545.1,0
,,545.1,0
,,545.1,0
,,545.1,0
,,545.1,0
,,545.1,0
,,545.1,0
,,545.1,0
,,545.1,0
,,545.1,0
,,545.1,0
,,545.1,0
,,545.1,0
,,545.1,0
,,545.1,0
,,545.1,0
,,545.1,0
,,545.1,0
,,545.1,0
,,545.1,0
,,545.1,0
,,545.1,0
,,545.1,0
,,545.1,0
,,545.1,0
,,545.1,0
,,545.1,0
,,545.1,0
,,545.1,0
,,545.1,0
,,545.1,0
,,545.1,0
,,545.1,0
,,545.1,0
,,545.1,0
,,545.1,0
,,545.1,0
,,545.1,0
,,545.1,0
,,545.1,0
,,545.1,0
,,545.1,0
,,545.1,0
,,545.1,0
,,545.1,0
,,545.1,0
,,545.1,0
,,545.1,0
,,545.1,0
,,545.1,0
,,545.1,0
,,545.1,0
,,545.1,0
,,545.1,0
,,545.1,0
,,545.1,0
,,545.1,0
,,545.1,0
,,545.1,0
,,545.1,0
,,545.1,0
,,545.1,0
,,545.1,0
,,545.1,0
,,545.1,0
,,545.2,0
,,545.2,0
,,545.2,0
,,545.2,0
,,545.2,0
,,545.2,0
,,545.2,0
,,545.2,0
,,545.2,0
,,545.2,0
,,545.2,0
,,545.2,0
,,545.2,0
,,545.2,0
,,545.2,0
,,545.2,0
,,545.2,0
,,545.2,0
,,545.2,0
,,545.2,0
,,545.2,0
,,545.2,0
,,545.2,0
,,545.2,0
,,545.2,0
,,545.2,0
,,545.2,0
,,545.2,0
,,545.2,0
,,545.2,0
,,545.2,0
,,545.2,0
,,545.2,0
,,545.2,0
,,545.2,0
,,545.2,0
,,545.2,0
,,545.2,0
,,545.2,0
,,545.2,0
,,545.2,0
,,545.2,0
,,545.2,0
,,545.2,0
,,545.2,0
,,545.2,0
,,545.2,0
,,545.2,0
,,545.2,0
,,545.2,0
,,545.2,0
,,545.2,0
,,545.2,0
,,545.2,0
,,545.2,0
,,545.2,0
,,545.2,0
,,545.2,0
,,545.2,0
,,545.2,0
,,545.2,0
,,545.2,0
,,545.2,0
,,545.2,0
,,545.2,0
,,545.2,0
,,545.2,0
,,545.2,0
,,545.2,0
,,545.2,0
,,545.2,0
,,545.2,0
,,545.2,0
,,545.2,0
,,545.2,0
,,545.2,0
,,545.2,0
,,545.2,0
,,545.2,0
,,545.2,0
,,545.2,0
,,545.2,0
,,545.2,0
,,545.2,0
,,545.2,0
,,545.2,0
,,545.2,0
,,545.2,0
,,545.2,0
,,545.2,0
,,545.2,0
,,545.2,0
,,545.2,0
,,545.2,0
,,545.2,0
,,545.2,0
,,545.2,0
,,545.2,0
,,545.2,0
,,545.2,0
,,545.2,0
,,545.2,0
,,545.2,0
,,545.2,0
,,545.2,0
,,545.2,0
,,545.2,0
,,545.2,0
,,545.2,0
,,545.2,0
,,545.2,0
,,545.2,0
,,545.2,0
,,545.2,0
,,545.2,0
,,545.2,0
,,545.2,0
,,545.2,0
,,545.2,0
,,545.2,0
,,545.2,0
,,545.2,0
,,545.2,0
,,545.2,0
,,545.2,0
,,545.2,0
,,545.2,0
,,545.2,0
,,545.2,0
,,545.2,0
,,545.2,0
,,545.2,0
,,545.2,0
,,545.2,0
,,545.2,0
,,545.2,0
,,545.2,0
,,545.2,0
,,545.2,0
,,545.2,0
,,545.2,0
,,545.2,0
,,545.2,0
,,545.2,0
,,545.2,0
,,545.2,0
,,545.2,0
,,545.2,0
,,545.2,0
,,545.2,0
,,545.2,0
,,545.2,0
,,545.2,0
,,545.2,0
,,545.2,0
,,545.2,0
,,545.2,0
,,545.2,0
,,545.2,0
,,545.2,0
,,545.2,0
,,545.2,0
,,545.2,0
,,545.2,0
,,545.3,0
,,545.3,0
,,545.3,0
,,545.3,0
,,545.3,0
,,545.3,0
,,545.3,0
,,545.3,0
,,545.3,0
,,545.3,0
,,545.3,0
,,545.3,0
,,545.3,0
,,545.3,0
,,545.3,0
,,545.3,0
,,545.3,0
,,545.3,0
,,545.3,0
,,545.3,0
,,545.3,0
,,545.3,0
,,545.3,0
,,545.3,0
,,545.3,0
,,545.3,0
,,545.3,0
,,545.3,0
,,545.3,0
,,545.3,0
,,545.3,0
,,545.3,0
,,545.3,0
,,545.3,0
,,545.3,0
,,545.3,0
,,545.3,0
,,545.3,0
,,545.3,0
,,545.3,0
,,545.3,0
,,545.3,0
,,545.3,0
,,545.3,0
,,545.3,0
,,545.3,0
,,545.3,0
,,545.3,0
,,545.3,0
,,545.3,0
,,545.3,0
,,545.3,0
,,545.3,0
,,545.3,0
,,545.3,0
,,545.3,0
,,545.3,0
,,545.3,0
,,545.3,0
,,545.3,0
,,545.3,0
,,545.3,0
,,545.3,0
,,545.3,0
,,545.3,0
,,545.3,0
,,545.3,0
,,545.3,0
,,545.3,0
,,545.3,0
,,545.3,0
,,545.3,0
,,545.3,0
,,545.3,0
,,545.3,0
,,545.3,0
,,545.3,0
,,545.3,0
,,545.3,0
,,545.3,0
,,545.3,0
,,545.3,0
,,545.3,0
,,545.3,0
,,545.3,0
,,545.3,0
,,545.3,0
,,545.3,0
,,545.3,0
,,545.3,0
,,545.3,0
,,545.3,0
,,545.3,0
,,545.3,0
,,545.3,0
,,545.3,0
,,545.3,0
,,545.3,0
,,545.3,0
,,545.3,0
,,545.3,0
,,545.3,0
,,545.3,0
,,545.3,0
,,545.3,0
,,545.3,0
,,545.3,0
,,545.3,0
,,545.3,0
,,545.3,0
,,545.3,0
,,545.3,0
,,545.3,0
,,545.3,0
,,545.3,0
,,545.3,0
,,545.3,0
,,545.3,0
,,545.3,0
,,545.3,0
,,545.3,0
,,545.3,0
,,545.3,0
,,545.3,0
,,545.3,0
,,545.3,0
,,545.3,0
,,545.3,0
,,545.3,0
,,545.3,0
,,545.3,0
,,545.3,0
,,545.3,0
,,545.3,0
,,545.3,0
,,545.3,0
,,545.3,0
,,545.3,0
,,545.3,0
,,545.3,0
,,545.3,0
,,545.3,0
,,545.3,0
,,545.3,0
,,545.3,0
,,545.3,0
,,545.3,0
,,545.3,0
,,545.3,0
,,545.3,0
,,545.3,0
,,545.3,0
,,545.3,0
,,545.3,0
,,545.3,0
,,545.3,0
,,545.3,0
,,545.3,0
,,545.3,0
,,545.3,0
,,545.3,0
,,545.3,0
,,545.3,0
,,545.3,0
,,545.3,0
,,545.3,0
,,545.3,0
,,545.3,0
,,545.3,0
,,545.3,0
,,545.3,0
,,545.3,0
,,545.3,0
,,545.3,0
,,545.3,0
,,545.3,0
,,545.3,0
,,545.3,0
,,545.3,0
,,545.3,0
,,545.3,0
,,545.3,0
,,545.3,0
,,545.3,0
,,545.4,0
,,545.4,0
,,545.4,0
,,545.4,0
,,545.4,0
,,545.4,0
,,545.4,0
,,545.4,0
,,545.4,0
,,545.4,0
,,545.4,0
,,545.4,0
,,545.4,0
,,545.4,0
,,545.4,0
,,545.4,0
,,545.4,0
,,545.4,0
,,545.4,0
,,545.4,0
,,545.4,0
,,545.4,0
,,545.4,0
,,545.4,0
,,545.4,0
,,545.4,0
,,545.4,0
,,545.4,0
,,545.4,0
,,545.4,0
,,545.4,0
,,545.4,0
,,545.4,0
,,545.4,0
,,545.4,0
,,545.4,0
,,545.4,0
,,545.4,0
,,545.4,0
,,545.4,0
,,545.4,0
,,545.4,0
,,545.4,0
,,545.4,0
,,545.4,0
,,545.4,0
,,545.4,0
,,545.4,0
,,545.4,0
,,545.4,0
,,545.4,0
,,545.4,0
,,545.4,0
,,545.4,0
,,545.4,0
,,545.4,0
,,545.4,0
,,545.4,0
,,545.4,0
,,545.4,0
,,545.4,0
,,545.4,0
,,545.4,0
,,545.4,0
,,545.4,0
,,545.4,0
,,545.4,0
,,545.4,0
,,545.4,0
,,545.4,0
,,545.4,0
,,545.4,0
,,545.4,0
,,545.4,0
,,545.4,0
,,545.4,0
,,545.4,0
,,545.4,0
,,545.4,0
,,545.4,0
,,545.4,0
,,545.4,0
,,545.4,0
,,545.4,0
,,545.4,0
,,545.4,0
,,545.4,0
,,545.4,0
,,545.4,0
,,545.4,0
,,545.4,0
,,545.4,0
,,545.4,0
,,545.4,0
,,545.4,0
,,545.4,0
,,545.4,0
,,545.4,0
,,545.4,0
,,545.4,0
,,545.4,0
,,545.4,0
,,545.4,0
,,545.4,0
,,545.4,0
,,545.4,0
,,545.4,0
,,545.4,0
,,545.4,0
,,545.4,0
,,545.4,0
,,545.4,0
,,545.4,0
,,545.4,0
,,545.4,0
,,545.4,0
,,545.4,0
,,545.4,0
,,545.4,0
,,545.4,0
,,545.4,0
,,545.4,0
,,545.4,0
,,545.4,0
,,545.4,0
,,545.4,0
,,545.4,0
,,545.4,0
,,545.4,0
,,545.4,0
,,545.4,0
,,545.4,0
,,545.4,0
,,545.4,0
,,545.4,0
,,545.4,0
,,545.4,0
,,545.4,0
,,545.4,0
,,545.4,0
,,545.4,0
,,545.4,0
,,545.4,0
,,545.4,0
,,545.4,0
,,545.4,0
,,545.4,0
,,545.4,0
,,545.4,0
,,545.4,0
,,545.4,0
,,545.4,0
,,545.4,0
,,545.4,0
,,545.4,0
,,545.4,0
,,545.4,0
,,545.4,0
,,545.4,0
,,545.4,0
,,545.4,0
,,545.4,0
,,545.4,0
,,545.4,0
,,545.4,0
,,545.4,0
,,545.4,0
,,545.4,0
,,545.4,0
,,545.4,0
,,545.4,0
,,545.4,0
,,545.4,0
,,545.4,0
,,545.4,0
,,545.4,0
,,545.4,0
,,545.4,0
,,545.4,0
,,545.4,0
,,545.4,0
,,545.4,0
,,545.4,0
,,545.4,0
,,545.4,0
,,545.4,0
,,545.4,0
,,545.4,0
,,545.4,0
,,545.4,0
,,545.4,0
,,545.4,0
,,545.4,0
,,545.4,0
,,545.4,0
,,545.4,0
,,545.4,0
,,545.4,0
,,545.4,0
,,545.4,0
,,545.4,0
,,545.4,0
,,545.4,0
,,545.4,0
,,545.4,0
,,545.4,0
,,545.4,0
,,545.4,0
,,545.4,0
,,545.4,0
,,545.4,0
,,545.4,0
,,545.5,0
,,545.5,0
,,545.5,0
,,545.5,0
,,545.5,0
,,545.5,0
,,545.5,0
,,545.5,0
,,545.5,0
,,545.5,0
,,545.5,0
,,545.5,0
,,545.5,0
,,545.5,0
,,545.5,0
,,545.5,0
,,545.5,0
,,545.5,0
,,545.5,0
,,545.5,0
,,545.5,0
,,545.5,0
,,545.5,0
,,545.5,0
,,545.5,0
,,545.5,0
,,545.5,0
,,545.5,0
,,545.5,0
,,545.5,0
,,545.5,0
,,545.5,0
,,545.5,0
,,545.5,0
,,545.5,0
,,545.5,0
,,545.5,0
,,545.5,0
,,545.5,0
,,545.5,0
,,545.5,0
,,545.5,0
,,545.5,0
,,545.5,0
,,545.5,0
,,545.5,0
,,545.5,0
,,545.5,0
,,545.5,0
,,545.5,0
,,545.5,0
,,545.5,0
,,545.5,0
,,545.5,0
,,545.5,0
,,545.5,0
,,545.5,0
,,545.5,0
,,545.5,0
,,545.5,0
,,545.5,0
,,545.5,0
,,545.5,0
,,545.5,0
,,545.5,0
,,545.5,0
,,545.5,0
,,545.5,0
,,545.5,0
,,545.5,0
,,545.5,0
,,545.5,0
,,545.5,0
,,545.5,0
,,545.5,0
,,545.5,0
,,545.5,0
,,545.5,0
,,545.5,0
,,545.5,0
,,545.5,0
,,545.5,0
,,545.5,0
,,545.5,0
,,545.5,0
,,545.5,0
,,545.5,0
,,545.5,0
,,545.5,0
,,545.5,0
,,545.5,0
,,545.5,0
,,545.5,0
,,545.5,0
,,545.5,0
,,545.5,0
,,545.5,0
,,545.5,0
,,545.5,0
,,545.5,0
,,545.5,0
,,545.5,0
,,545.5,0
,,545.5,0
,,545.5,0
,,545.5,0
,,545.5,0
,,545.5,0
,,545.5,0
,,545.5,0
,,545.5,0
,,545.5,0
,,545.5,0
,,545.5,0
,,545.5,0
,,545.5,0
,,545.5,0
,,545.5,0
,,545.5,0
,,545.5,0
,,545.5,0
,,545.5,0
,,545.5,0
,,545.5,0
,,545.5,0
,,545.5,0
,,545.5,0
,,545.5,0
,,545.5,0
,,545.5,0
,,545.5,0
,,545.5,0
,,545.5,0
,,545.5,0
,,545.5,0
,,545.5,0
,,545.5,0
,,545.5,0
,,545.5,0
,,545.5,0
,,545.5,0
,,545.5,0
,,545.5,0
,,545.5,0
,,545.5,0
,,545.5,0
,,545.5,0
,,545.5,0
,,545.5,0
,,545.5,0
,,545.5,0
,,545.5,0
,,545.5,0
,,545.5,0
,,545.5,0
,,545.5,0
,,545.5,0
,,545.5,0
,,545.5,0
,,545.5,0
,,545.5,0
,,545.5,0
,,545.5,0
,,545.5,0
,,545.5,0
,,545.5,0
,,545.5,0
,,545.5,0
,,545.5,0
,,545.5,0
,,545.5,0
,,545.5,0
,,545.5,0
,,545.5,0
,,545.5,0
,,545.5,0
,,545.5,0
,,545.5,0
,,545.5,0
,,545.5,0
,,545.5,0
,,545.5,0
,,545.5,0
,,545.5,0
,,545.5,0
,,545.5,0
,,545.5,0
,,545.5,0
,,545.5,0
,,545.5,0
,,545.5,0
,,545.5,0
,,545.5,0
,,545.5,0
,,545.5,0
,,545.5,0
,,545.5,0
,,545.5,0
,,545.5,0
,,545.5,0
,,545.5,0
,,545.5,0
,,545.5,0
,,545.5,0
,,545.5,0
,,545.5,0
,,545.5,0
,,545.5,0
,,545.5,0
,,545.5,0
,,545.5,0
,,545.5,0
,,545.5,0
,,545.5,0
,,545.5,0
,,545.5,0
,,545.5,0
,,545.5,0
,,545.5,0
,,545.5,0
,,545.5,0
,,545.5,0
,,545.5,0
,,545.5,0
,,545.5,0
,,545.5,0
,,545.5,0
,,545.5,0
,,545.5,0
,,545.5,0
,,545.5,0
,,545.5,0
,,545.5,0
,,545.5,0
,,545.5,0
,,545.5,0
,,545.5,0
,,545.5,0
,,545.5,0
,,545.5,0
,,545.5,0
,,545.5,0
,,545.5,0
,,545.5,0
,,545.5,0
,,545.5,0
,,545.5,0
,,545.5,0
,,545.6,0
,,545.6,0
,,545.6,0
,,545.6,0
,,545.6,0
,,545.6,0
,,545.6,0
,,545.6,0
,,545.6,0
,,545.6,0
,,545.6,0
,,545.6,0
,,545.6,0
,,545.6,0
,,545.6,0
,,545.6,0
,,545.6,0
,,545.6,0
,,545.6,0
,,545.6,0
,,545.6,0
,,545.6,0
,,545.6,0
,,545.6,0
,,545.6,0
,,545.6,0
,,545.6,0
,,545.6,0
,,545.6,0
,,545.6,0
,,545.6,0
,,545.6,0
,,545.6,0
,,545.6,0
,,545.6,0
,,545.6,0
,,545.6,0
,,545.6,0
,,545.6,0
,,545.6,0
,,545.6,0
,,545.6,0
,,545.6,0
,,545.6,0
,,545.6,0
,,545.6,0
,,545.6,0
,,545.6,0
,,545.6,0
,,545.6,0
,,545.6,0
,,545.6,0
,,545.6,0
,,545.6,0
,,545.6,0
,,545.6,0
,,545.6,0
,,545.6,0
,,545.6,0
,,545.6,0
,,545.6,0
,,545.6,0
,,545.6,0
,,545.6,0
,,545.6,0
,,545.6,0
,,545.6,0
,,545.6,0
,,545.6,0
,,545.6,0
,,545.6,0
,,545.6,0
,,545.6,0
,,545.6,0
,,545.6,0
,,545.6,0
,,545.6,0
,,545.6,0
,,545.6,0
,,545.6,0
,,545.6,0
,,545.6,0
,,545.6,0
,,545.6,0
,,545.6,0
,,545.6,0
,,545.6,0
,,545.6,0
,,545.6,0
,,545.6,0
,,545.6,0
,,545.6,0
,,545.6,0
,,545.6,0
,,545.6,0
,,545.6,0
,,545.6,0
,,545.6,0
,,545.6,0
,,545.6,0
,,545.6,0
,,545.6,0
,,545.6,0
,,545.6,0
,,545.6,0
,,545.6,0
,,545.6,0
,,545.6,0
,,545.6,0
,,545.6,0
,,545.6,0
,,545.6,0
,,545.6,0
,,545.6,0
,,545.6,0
,,545.6,0
,,545.6,0
,,545.6,0
,,545.6,0
,,545.6,0
,,545.6,0
,,545.6,0
,,545.6,0
,,545.6,0
,,545.6,0
,,545.6,0
,,545.6,0
,,545.6,0
,,545.6,0
,,545.6,0
,,545.6,0
,,545.6,0
,,545.6,0
,,545.6,0
,,545.6,0
,,545.6,0
,,545.6,0
,,545.6,0
,,545.6,0
,,545.6,0
,,545.6,0
,,545.6,0
,,545.6,0
,,545.6,0
,,545.6,0
,,545.6,0
,,545.6,0
,,545.6,0
,,545.6,0
,,545.6,0
,,545.6,0
,,545.6,0
,,545.6,0
,,545.6,0
,,545.6,0
,,545.6,0
,,545.6,0
,,545.6,0
,,545.6,0
,,545.6,0
,,545.6,0
,,545.6,0
,,545.6,0
,,545.6,0
,,545.6,0
,,545.6,0
,,545.6,0
,,545.6,0
,,545.6,0
,,545.6,0
,,545.6,0
,,545.6,0
,,545.6,0
,,545.6,0
,,545.6,0
,,545.6,0
,,545.6,0
,,545.6,0
,,545.6,0
,,545.6,0
,,545.6,0
,,545.6,0
,,545.6,0
,,545.6,0
,,545.6,0
,,545.6,0
,,545.6,0
,,545.6,0
,,545.6,0
,,545.6,0
,,545.6,0
,,545.6,0
,,545.6,0
,,545.6,0
,,545.6,0
,,545.6,0
,,545.6,0
,,545.6,0
,,545.6,0
,,545.6,0
,,545.6,0
,,545.6,0
,,545.6,0
,,545.6,0
,,545.6,0
,,545.6,0
,,545.6,0
,,545.6,0
,,545.6,0
,,545.6,0
,,545.6,0
,,545.6,0
,,545.6,0
,,545.6,0
,,545.6,0
,,545.6,0
,,545.6,0
,,545.6,0
,,545.6,0
,,545.6,0
,,545.6,0
,,545.6,0
,,545.6,0
,,545.6,0
,,545.6,0
,,545.6,0
,,545.6,0
,,545.6,0
,,545.6,0
,,545.6,0
,,545.6,0
,,545.6,0
,,545.6,0
,,545.6,0
,,545.6,0
,,545.6,0
,,545.6,0
,,545.6,0
,,545.6,0
,,545.6,0
,,545.6,0
,,545.6,0
,,545.6,0
,,545.6,0
,,545.6,0
,,545.6,0
,,545.6,0
,,545.6,0
,,545.6,0
,,545.6,0
,,545.6,0
,,545.6,0
,,545.6,0
,,545.6,0
,,545.6,0
,,545.6,0
,,545.6,0
,,545.6,0
,,545.6,0
,,545.6,0
,,545.6,0
,,545.6,0
,,545.6,0
,,545.6,0
,,545.6,0
,,545.6,0
,,545.6,0
,,545.6,0
,,545.6,0
,,545.6,0
,,545.6,0
,,545.6,0
,,545.6,0
,,545.6,0
,,545.6,0
,,545.6,0
,,545.6,0
,,545.6,0
,,545.6,0
,,545.6,0
,,545.6,0
,,545.6,0
,,545.6,0
,,545.6,0
,,545.6,0
,,545.6,0
,,545.6,0
,,545.6,0
,,545.6,0
,,545.6,0
,,545.6,0
,,545.6,0
,,545.7,0
,,545.7,0
,,545.7,0
,,545.7,0
,,545.7,0
,,545.7,0
,,545.7,0
,,545.7,0
,,545.7,0
,,545.7,0
,,545.7,0
,,545.7,0
,,545.7,0
,,545.7,0
,,545.7,0
,,545.7,0
,,545.7,0
,,545.7,0
,,545.7,0
,,545.7,0
,,545.7,0
,,545.7,0
,,545.7,0
,,545.7,0
,,545.7,0
,,545.7,0
,,545.7,0
,,545.7,0
,,545.7,0
,,545.7,0
,,545.7,0
,,545.7,0
,,545.7,0
,,545.7,0
,,545.7,0
,,545.7,0
,,545.7,0
,,545.7,0
,,545.7,0
,,545.7,0
,,545.7,0
,,545.7,0
,,545.7,0
,,545.7,0
,,545.7,0
,,545.7,0
,,545.7,0
,,545.7,0
,,545.7,0
,,545.7,0
,,545.7,0
,,545.7,0
,,545.7,0
,,545.7,0
,,545.7,0
,,545.7,0
,,545.7,0
,,545.7,0
,,545.7,0
,,545.7,0
,,545.7,0
,,545.7,0
,,545.7,0
,,545.7,0
,,545.7,0
,,545.7,0
,,545.7,0
,,545.7,0
,,545.7,0
,,545.7,0
,,545.7,0
,,545.7,0
,,545.7,0
,,545.7,0
,,545.7,0
,,545.7,0
,,545.7,0
,,545.7,0
,,545.7,0
,,545.7,0
,,545.7,0
,,545.7,0
,,545.7,0
,,545.7,0
,,545.7,0
,,545.7,0
,,545.7,0
,,545.7,0
,,545.7,0
,,545.7,0
,,545.7,0
,,545.7,0
,,545.7,0
,,545.7,0
,,545.7,0
,,545.7,0
,,545.7,0
,,545.7,0
,,545.7,0
,,545.7,0
,,545.7,0
,,545.7,0
,,545.7,0
,,545.7,0
,,545.7,0
,,545.7,0
,,545.7,0
,,545.7,0
,,545.7,0
,,545.7,0
,,545.7,0
,,545.7,0
,,545.7,0
,,545.7,0
,,545.7,0
,,545.7,0
,,545.7,0
,,545.7,0
,,545.7,0
,,545.7,0
,,545.7,0
,,545.7,0
,,545.7,0
,,545.7,0
,,545.7,0
,,545.7,0
,,545.7,0
,,545.7,0
,,545.7,0
,,545.7,0
,,545.7,0
,,545.7,0
,,545.7,0
,,545.7,0
,,545.7,0
,,545.7,0
,,545.7,0
,,545.7,0
,,545.7,0
,,545.7,0
,,545.7,0
,,545.7,0
,,545.7,0
,,545.7,0
,,545.7,0
,,545.7,0
,,545.7,0
,,545.7,0
,,545.7,0
,,545.7,0
,,545.7,0
,,545.7,0
,,545.7,0
,,545.7,0
,,545.7,0
,,545.7,0
,,545.7,0
,,545.7,0
,,545.7,0
,,545.7,0
,,545.7,0
,,545.7,0
,,545.7,0
,,545.7,0
,,545.7,0
,,545.7,0
,,545.7,0
,,545.7,0
,,545.7,0
,,545.7,0
,,545.7,0
,,545.7,0
,,545.7,0
,,545.7,0
,,545.7,0
,,545.7,0
,,545.7,0
,,545.7,0
,,545.7,0
,,545.7,0
,,545.7,0
,,545.7,0
,,545.7,0
,,545.7,0
,,545.7,0
,,545.7,0
,,545.7,0
,,545.7,0
,,545.7,0
,,545.7,0
,,545.7,0
,,545.7,0
,,545.7,0
,,545.7,0
,,545.7,0
,,545.7,0
,,545.7,0
,,545.7,0
,,545.7,0
,,545.7,0
,,545.7,0
,,545.7,0
,,545.7,0
,,545.7,0
,,545.7,0
,,545.7,0
,,545.7,0
,,545.7,0
,,545.7,0
,,545.7,0
,,545.7,0
,,545.7,0
,,545.7,0
,,545.7,0
,,545.7,0
,,545.7,0
,,545.7,0
,,545.7,0
,,545.7,0
,,545.7,0
,,545.7,0
,,545.7,0
,,545.7,0
,,545.7,0
,,545.7,0
,,545.7,0
,,545.7,0
,,545.7,0
,,545.7,0
,,545.7,0
,,545.7,0
,,545.7,0
,,545.7,0
,,545.7,0
,,545.7,0
,,545.7,0
,,545.7,0
,,545.7,0
,,545.7,0
,,545.7,0
,,545.7,0
,,545.7,0
,,545.7,0
,,545.7,0
,,545.7,0
,,545.7,0
,,545.7,0
,,545.7,0
,,545.7,0
,,545.7,0
,,545.7,0
,,545.7,0
,,545.7,0
,,545.7,0
,,545.7,0
,,545.7,0
,,545.7,0
,,545.7,0
,,545.7,0
,,545.7,0
,,545.7,0
,,545.7,0
,,545.7,0
,,545.7,0
,,545.7,0
,,545.7,0
,,545.7,0
,,545.7,0
,,545.7,0
,,545.7,0
,,545.7,0
,,545.7,0
,,545.7,0
,,545.7,0
,,545.7,0
,,545.7,0
,,545.7,0
,,545.7,0
,,545.7,0
,,545.7,0
,,545.7,0
,,545.7,0
,,545.7,0
,,545.7,0
,,545.7,0
,,545.7,0
,,545.7,0
,,545.7,0
,,545.7,0
,,545.7,0
,,545.7,0
,,545.7,0
,,545.7,0
,,545.7,0
,,545.7,0
,,545.7,0
,,545.7,0
,,545.7,0
,,545.7,0
,,545.7,0
,,545.7,0
,,545.7,0
,,545.7,0
,,545.7,0
,,545.7,0
,,545.7,0
,,545.7,0
,,545.7,0
,,545.7,0
,,545.7,0
,,545.7,0
,,545.7,0
,,545.7,0
,,545.7,0
,,545.7,0
,,545.7,0
,,545.7,0
,,545.7,0
,,545.7,0
,,545.7,0
,,545.7,0
,,545.7,0
,,545.7,0
,,545.7,0
,,545.7,0
,,545.7,0
,,545.7,0
,,545.7,0
,,545.7,0
,,545.7,0
,,545.7,0
,,545.7,0
,,545.7,0
,,545.7,0
,,545.7,0
,,545.7,0
,,545.7,0
,,545.7,0
,,545.7,0
,,545.7,0
,,545.7,0
,,545.7,0
,,545.7,0
,,545.7,0
,,545.7,0
,,545.7,0
,,545.7,0
,,545.7,0
,,545.8,0
,,545.8,0
,,545.8,0
,,545.8,0
,,545.8,0
,,545.8,0
,,545.8,0
,,545.8,0
,,545.8,0
,,545.8,0
,,545.8,0
,,545.8,0
,,545.8,0
,,545.8,0
,,545.8,0
,,545.8,0
,,545.8,0
,,545.8,0
,,545.8,0
,,545.8,0
,,545.8,0
,,545.8,0
,,545.8,0
,,545.8,0
,,545.8,0
,,545.8,0
,,545.8,0
,,545.8,0
,,545.8,0
,,545.8,0
,,545.8,0
,,545.8,0
,,545.8,0
,,545.8,0
,,545.8,0
,,545.8,0
,,545.8,0
,,545.8,0
,,545.8,0
,,545.8,0
,,545.8,0
,,545.8,0
,,545.8,0
,,545.8,0
,,545.8,0
,,545.8,0
,,545.8,0
,,545.8,0
,,545.8,0
,,545.8,0
,,545.8,0
,,545.8,0
,,545.8,0
,,545.8,0
,,545.8,0
,,545.8,0
,,545.8,0
,,545.8,0
,,545.8,0
,,545.8,0
,,545.7,0
,,545.7,0
,,545.7,0
,,545.7,0
,,545.7,0
,,545.7,0
,,545.7,0
,,545.7,0
,,545.7,0
,,545.7,0
,,545.7,0
,,545.7,0
,,545.7,0
,,545.7,0
,,545.7,0
,,545.7,0
,,545.7,0
,,545.7,0
,,545.7,0
,,545.7,0
,,545.7,0
,,545.7,0
,,545.7,0
,,545.7,0
,,545.7,0
,,545.7,0
,,545.7,0
,,545.7,0
,,545.7,0
,,545.7,0
,,545.7,0
,,545.7,0
,,545.7,0
,,545.7,0
,,545.7,0
,,545.7,0
,,545.7,0
,,545.7,0
,,545.7,0
,,545.7,0
,,545.7,0
,,545.7,0
,,545.7,0
,,545.7,0
,,545.7,0
,,545.7,0
,,545.7,0
,,545.7,0
,,545.7,0
,,545.7,0
,,545.7,0
,,545.7,0
,,545.7,0
,,545.7,0
,,545.7,0
,,545.7,0
,,545.7,0
,,545.7,0
,,545.7,0
,,545.7,0
,,545.7,0
,,545.7,0
,,545.7,0
,,545.7,0
,,545.7,0
,,545.7,0
,,545.7,0
,,545.7,0
,,545.7,0
,,545.7,0
,,545.7,0
,,545.7,0
,,545.7,0
,,545.7,0
,,545.7,0
,,545.7,0
,,545.8,0
,,545.8,0
,,545.8,0
,,545.8,0
,,545.8,0
,,545.8,0
,,545.8,0
,,545.8,0
,,545.8,0
,,545.8,0
,,545.8,0
,,545.8,0
,,545.8,0
,,545.8,0
,,545.8,0
,,545.8,0
,,545.8,0
,,545.8,0
,,545.8,0
,,545.8,0
,,545.8,0
,,545.8,0
,,545.8,0
,,545.8,0
,,545.8,0
,,545.8,0
,,545.8,0
,,545.8,0
,,545.8,0
,,545.8,0
,,545.8,0
,,545.8,0
,,545.8,0
,,545.8,0
,,545.8,0
,,545.8,0
,,545.8,0
,,545.8,0
,,545.8,0
,,545.8,0
,,545.8,0
,,545.8,0
,,545.8,0
,,545.8,0
,,545.8,0
,,545.8,0
,,545.8,0
,,545.8,0
,,545.8,0
,,545.8,0
,,545.8,0
,,545.8,0
,,545.8,0
,,545.8,0
,,545.8,0
,,545.8,0
,,545.8,0
,,545.8,0
,,545.8,0
,,545.8,0
,,545.8,0
,,545.8,0
,,545.8,0
,,545.8,0
,,545.8,0
,,545.8,0
,,545.8,0
,,545.8,0
,,545.8,0
,,545.8,0
,,545.8,0
,,545.8,0
,,545.8,0
,,545.8,0
,,545.8,0
,,545.8,0
,,545.8,0
,,545.8,0
,,545.8,0
,,545.8,0
,,545.8,0
,,545.8,0
,,545.8,0
,,545.8,0
,,545.8,0
,,545.8,0
,,545.8,0
,,545.8,0
,,545.8,0
,,545.8,0
,,545.8,0
,,545.8,0
,,545.8,0
,,545.8,0
,,545.8,0
,,545.8,0
,,545.8,0
,,545.8,0
,,545.8,0
,,545.8,0
,,545.8,0
,,545.8,0
,,545.8,0
,,545.8,0
,,545.8,0
,,545.8,0
,,545.8,0
,,545.8,0
,,545.8,0
,,545.8,0
,,545.8,0
,,545.8,0
,,545.8,0
,,545.8,0
,,545.8,0
,,545.8,0
,,545.8,0
,,545.8,0
,,545.8,0
,,545.8,0
,,545.8,0
,,545.8,0
,,545.8,0
,,545.8,0
,,545.8,0
,,545.8,0
,,545.8,0
,,545.8,0
,,545.8,0
,,545.8,0
,,545.8,0
,,545.8,0
,,545.8,0
,,545.8,0
,,545.8,0
,,545.8,0
,,545.8,0
,,545.8,0
,,545.8,0
,,545.8,0
,,545.8,0
,,545.8,0
,,545.8,0
,,545.8,0
,,545.8,0
,,545.8,0
,,545.8,0
,,545.8,0
,,545.8,0
,,545.8,0
,,545.8,0
,,545.8,0
,,545.8,0
,,545.8,0
,,545.8,0
,,545.8,0
,,545.8,0
,,545.8,0
,,545.8,0
,,545.8,0
,,545.8,0
,,545.8,0
,,545.8,0
,,545.8,0
,,545.8,0
,,545.8,0
,,545.8,0
,,545.8,0
,,545.8,0
,,545.8,0
,,545.8,0
,,545.8,0
,,545.8,0
,,545.8,0
,,545.8,0
,,545.8,0
,,545.8,0
,,545.8,0
,,545.8,0
,,545.8,0
,,545.8,0
,,545.8,0
,,545.8,0
,,545.8,0
,,545.8,0
,,545.8,0
,,545.8,0
,,545.8,0
,,545.8,0
,,545.8,0
,,545.8,0
,,545.8,0
,,545.8,0
,,545.8,0
,,545.8,0
,,545.8,0
,,545.8,0
,,545.8,0
,,545.8,0
,,545.8,0
,,545.8,0
,,545.8,0
,,545.8,0
,,545.8,0
,,545.8,0
,,545.8,0
,,545.8,0
,,545.8,0
,,545.8,0
,,545.8,0
,,545.8,0
,,545.8,0
,,545.8,0
,,545.8,0
,,545.8,0
,,545.8,0
,,545.8,0
,,545.8,0
,,545.8,0
,,545.8,0
,,545.8,0
,,545.8,0
,,545.8,0
,,545.8,0
,,545.8,0
,,545.8,0
,,545.8,0
,,545.8,0
,,545.8,0
,,545.8,0
,,545.8,0
,,545.8,0
,,545.8,0
,,545.8,0
,,545.8,0
,,545.8,0
,,545.8,0
,,545.8,0
,,545.8,0
,,545.8,0
,,545.8,0
,,545.8,0
,,545.8,0
,,545.8,0
,,545.8,0
,,545.8,0
,,545.8,0
,,545.8,0
,,545.8,0
,,545.8,0
,,545.8,0
,,545.8,0
,,545.8,0
,,545.8,0
,,545.8,0
,,545.8,0
,,545.8,0
,,545.8,0
,,545.8,0
,,545.8,0
,,545.8,0
,,545.8,0
,,545.8,0
,,545.8,0
,,545.8,0
,,545.8,0
,,545.8,0
,,545.8,0
,,545.8,0
,,545.8,0
,,545.8,0
,,545.8,0
,,545.8,0
,,545.8,0
,,545.8,0
,,545.8,0
,,545.8,0
,,545.8,0
,,545.8,0
,,545.8,0
,,545.8,0
,,545.8,0
,,545.8,0
,,545.8,0
,,545.8,0
,,545.8,0
,,545.8,0
,,545.8,0
,,545.8,0
,,545.8,0
,,545.8,0
,,545.8,0
,,545.8,0
,,545.8,0
,,545.8,0
,,545.8,0
,,545.8,0
,,545.8,0
,,545.8,0
,,545.8,0
,,545.8,0
,,545.8,0
,,545.8,0
,,545.8,0
,,545.8,0
,,545.8,0
,,545.8,0
,,545.8,0
,,545.8,0
,,545.8,0
,,545.8,0
,,545.8,0
,,545.8,0
,,545.8,0
,,545.8,0
,,545.8,0
,,545.8,0
,,545.8,0
,,545.8,0
,,545.8,0
,,545.8,0
,,545.8,0
,,545.8,0
,,545.8,0
,,545.8,0
,,545.8,0
,,545.8,0
,,545.8,0
,,545.8,0
,,545.8,0
,,545.8,0
,,545.8,0
,,545.8,0
,,545.8,0
,,545.8,0
,,545.8,0
,,545.8,0
,,545.8,0
,,545.8,0
,,545.8,0
,,545.8,0
,,545.8,0
,,545.8,0
,,545.8,0
,,545.8,0
,,545.8,0
,,545.8,0
,,545.8,0
,,545.8,0
,,545.8,0
,,545.8,0
,,545.8,0
,,545.9,0
,,545.9,0
,,545.9,0
,,545.9,0
,,545.9,0
,,545.9,0
,,545.9,0
,,545.9,0
,,545.9,0
,,545.9,0
,,545.9,0
,,545.9,0
,,545.9,0
,,545.9,0
,,545.9,0
,,545.9,0
,,545.9,0
,,545.9,0
,,545.9,0
,,545.9,0
,,545.9,0
,,545.9,0
,,545.9,0
,,545.9,0
,,545.9,0
,,545.9,0
,,545.9,0
,,545.9,0
,,545.9,0
,,545.9,0
,,545.9,0
,,545.9,0
,,545.9,0
,,545.9,0
,,545.9,0
,,545.9,0
,,545.9,0
,,545.9,0
,,545.9,0
,,545.9,0
,,545.9,0
,,545.9,0
,,545.9,0
,,545.9,0
,,545.9,0
,,545.9,0
,,545.9,0
,,545.9,0
,,545.9,0
,,545.9,0
,,545.9,0
,,545.9,0
,,545.9,0
,,545.9,0
,,545.9,0
,,545.9,0
,,545.9,0
,,545.9,0
,,545.9,0
,,545.9,0
,,545.9,0
,,545.9,0
,,545.9,0
,,545.9,0
,,545.9,0
,,545.9,0
,,545.9,0
,,545.9,0
,,545.9,0
,,545.9,0
,,545.9,0
,,545.9,0
,,545.9,0
,,545.9,0
,,545.9,0
,,545.9,0
,,545.9,0
,,545.9,0
,,545.9,0
,,545.9,0
,,545.9,0
,,545.9,0
,,545.9,0
,,545.9,0
,,545.9,0
,,545.9,0
,,545.9,0
,,545.9,0
,,545.9,0
,,545.9,0
,,545.9,0
,,545.9,0
,,545.9,0
,,545.9,0
,,545.9,0
,,545.9,0
,,545.9,0
,,545.9,0
,,545.9,0
,,545.9,0
,,545.9,0
,,545.9,0
,,545.9,0
,,545.9,0
,,545.9,0
,,545.9,0
,,545.9,0
,,545.9,0
,,545.9,0
,,545.9,0
,,545.9,0
,,545.9,0
,,545.9,0
,,545.9,0
,,545.9,0
,,545.9,0
,,545.9,0
,,545.9,0
,,545.9,0
,,545.9,0
,,545.9,0
,,545.9,0
,,545.9,0
,,545.9,0
,,545.9,0
,,545.9,0
,,545.9,0
,,545.9,0
,,545.9,0
,,545.9,0
,,545.9,0
,,545.9,0
,,545.9,0
,,545.9,0
,,545.9,0
,,545.9,0
,,545.9,0
,,545.9,0
,,545.9,0
,,545.9,0
,,545.9,0
,,545.9,0
,,545.9,0
,,545.9,0
,,545.9,0
,,545.9,0
,,545.9,0
,,545.9,0
,,545.9,0
,,545.9,0
,,545.9,0
,,545.9,0
,,545.9,0
,,545.9,0
,,545.9,0
,,545.9,0
,,545.9,0
,,545.9,0
,,545.9,0
,,545.9,0
,,545.9,0
,,545.9,0
,,545.9,0
,,545.9,0
,,545.9,0
,,545.9,0
,,545.9,0
,,545.9,0
,,545.9,0
,,545.9,0
,,545.9,0
,,545.9,0
,,545.9,0
,,545.9,0
,,545.9,0
,,545.9,0
,,545.9,0
,,545.9,0
,,545.9,0
,,545.9,0
,,545.9,0
,,545.9,0
,,545.9,0
,,545.9,0
,,545.9,0
,,545.9,0
,,545.9,0
,,545.9,0
,,545.9,0
,,545.9,0
,,545.9,0
,,545.9,0
,,545.9,0
,,545.9,0
,,545.9,0
,,545.9,0
,,545.8,0
,,545.8,0
,,545.8,0
,,545.8,0
,,545.8,0
,,545.8,0
,,545.8,0
,,545.8,0
,,545.8,0
,,545.8,0
,,545.8,0
,,545.8,0
,,545.8,0
,,545.8,0
,,545.8,0
,,545.8,0
,,545.8,0
,,545.8,0
,,545.8,0
,,545.8,0
,,545.7,0
,,545.7,0
,,545.7,0
,,545.7,0
,,545.6,0
,,545.6,0
,,545.6,0
,,545.6,0
,,545.5,0
,,545.5,0
,,545.5,0
,,545.5,0
,,545.5,0
,,545.5,0
,,545.5,0
,,545.5,0
,,545.5,0
,,545.5,0
,,545.5,0
,,545.5,0
,,545.3,0
,,545.3,0
,,545.3,0
,,545.3,0
,,545.3,0
,,545.3,0
,,545.3,0
,,545.3,0
,,545.1,0
,,545.1,0
,,545.1,0
,,545.1,0
,,545.2,0
,,545.2,0
,,545.2,0
,,545.2,0
,,545,0
,,545,0
,,545,0
,,545,0
,,545.2,0
,,545.2,0
,,545.2,0
,,545.2,0
,,545.2,0
,,545.2,0
,,545.2,0
,,545.2,0
,,544.9,0
,,544.9,0
,,544.9,0
,,544.9,0
,,544.8,0
,,544.8,0
,,544.8,0
,,544.8,0
,,545,0
,,545,0
,,545,0
,,545,0
,,545,0
,,545,0
,,545,0
,,545,0
,,544.9,0
,,544.9,0
,,544.9,0
,,544.9,0
,,544.9,0
,,544.9,0
,,544.9,0
,,544.9,0
,,545,0
,,545,0
,,545,0
,,545,0
,,545,0
,,545,0
,,545,0
,,545,0
,,544.8,0
,,544.8,0
,,544.8,0
,,544.8,0
,,544.9,0
,,544.9,0
,,544.9,0
,,544.9,0
,,544.8,0
,,544.8,0
,,544.8,0
,,544.8,0
,,544.6,0
,,544.6,0
,,544.6,0
,,544.6,0
,,544.7,0
,,544.7,0
,,544.7,0
,,544.7,0
,,544.5,0
,,544.5,0
,,544.5,0
,,544.5,0
,,544.5,0
,,544.5,0
,,544.5,0
,,544.5,0
,,544,0
,,544,0
,,544,0
,,544,0
,,544,0
,,544,0
,,544,0
,,544,0
,,543.8,0
,,543.8,0
,,543.8,0
,,543.8,0
,,543.9,0
,,543.9,0
,,543.9,0
,,543.9,0
,,544.1,0
,,544.1,0
,,544.1,0
,,544.1,0
,,543.8,0
,,543.8,0
,,543.8,0
,,543.8,0
,,544.3,0
,,544.3,0
,,544.3,0
,,544.3,0
,,544.2,0
,,544.2,0
,,544.2,0
,,544.2,0
,,544.1,0
,,544.1,0
,,544.1,0
,,544.1,0
,,544,0
,,544,0
,,544,0
,,544,0
,,544,0
,,544,0
,,544,0
,,544,0
,,544,0
,,544,0
,,544,0
,,544,0
,,543.3,0
,,543.3,0
,,543.3,0
,,543.3,0
,,543.4,0
,,543.4,0
,,543.4,0
,,543.4,0
,,543.4,0
,,543.4,0
,,543.4,0
,,543.4,0
,,543.6,0
,,543.6,0
,,543.6,0
,,543.6,0
,,543.6,0
,,543.6,0
,,543.6,0
,,543.6,0
,,543.6,0
,,543.6,0
,,543.6,0
,,543.6,0
,,544,0
,,544,0
,,544,0
,,544,0
,,543.9,0
,,543.9,0
,,543.9,0
,,543.9,0
,,543.9,0
,,543.9,0
,,543.9,0
,,543.9,0
,,544,0
,,544,0
,,544,0
,,544,0
,,544,0
,,544,0
,,544,0
,,544,0
,,543.7,0
,,543.7,0
,,543.7,0
,,543.7,0
,,543.9,0
,,543.9,0
,,543.9,0
,,543.9,0
,,543.6,0
,,543.6,0
,,543.6,0
,,543.6,0
,,543.5,0
,,543.5,0
,,543.5,0
,,543.5,0
,,543.1,0
,,543.1,0
,,543.1,0
,,543.1,0
,,542.9,0
,,542.9,0
,,542.9,0
,,542.9,0
,,542.6,0
,,542.6,0
,,542.6,0
,,542.6,0
,,542.6,0
,,542.6,0
,,542.6,0
,,542.6,0
,,542.3,0
,,542.3,0
,,542.3,0
,,542.3,0
,,542.6,0
,,542.6,0
,,542.6,0
,,542.6,0
,,542.7,0
,,542.7,0
,,542.7,0
,,542.7,0
,,542.9,0
,,542.9,0
,,542.9,0
,,542.9,0
,,543.1,0
,,543.1,0
,,543.1,0
,,543.1,0
,,543.1,0
,,543.1,0
,,543.1,0
,,543.1,0
,,542.9,0
,,542.9,0
,,542.9,0
,,542.9,0
,,541.9,0
,,541.9,0
,,541.9,0
,,541.9,0
,,539.4,0
,,539.4,0
,,539.4,0
,,539.4,0
,,537.1,0
,,537.1,0
,,537.1,0
,,537.1,0
,,533.6,0
,,533.6,0
,,533.6,0
,,533.6,0
,,532.1,0
,,532.1,0
,,532.1,0
,,532.1,0
,,532.5,0
,,532.5,0
,,532.5,0
,,532.5,0
,,531.7,0
,,531.7,0
,,531.7,0
,,531.7,0
,,531.6,0
,,531.6,0
,,531.6,0
,,531.6,0
,,530.3,0
,,530.3,0
,,530.3,0
,,530.3,0
,,529.6,0
,,529.6,0
,,529.6,0
,,529.6,0
,,530,0
,,530,0
,,530,0
,,530,0
,,529.5,0
,,529.5,0
,,529.5,0
,,529.5,0
,,527.6,0
,,527.6,0
,,527.6,0
,,527.6,0
,,528,0
,,528,0
,,528,0
,,528,0
,,526.6,0
,,526.6,0
,,526.6,0
,,526.6,0
,,525.9,0
,,525.9,0
,,525.9,0
,,525.9,0
,,525.8,0
,,525.8,0
,,525.8,0
,,525.8,0
,,525,0
,,525,0
,,525,0
,,525,0
,,524.8,0
,,524.8,0
,,524.8,0
,,524.8,0
,,523.2,0
,,523.2,0
,,523.2,0
,,523.2,0
,,523.2,0
,,523.2,0
,,523.2,0
,,523.2,0
,,523.4,0
,,523.4,0
,,523.4,0
,,523.4,0
,,522.3,0
,,522.3,0
,,522.3,0
,,522.3,0
,,522.7,0
,,522.7,0
,,522.7,0
,,522.7,0
,,522.2,0
,,522.2,0
,,522.2,0
,,522.2,0
,,521,0
,,521,0
,,521,0
,,521,0
,,521,0
,,521,0
,,521,0
,,521,0
,,520.3,0
,,520.3,0
,,520.3,0
,,520.3,0
,,520.2,0
,,520.2,0
,,520.2,0
,,520.2,0
,,519.9,0
,,519.9,0
,,519.9,0
,,519.9,0
,,520,0
,,520,0
,,520,0
,,520,0
,,519.7,0
,,519.7,0
,,519.7,0
,,519.7,0
,,520.6,0
,,520.6,0
,,520.6,0
,,520.6,0
,,521.1,0
,,521.1,0
,,521.1,0
,,521.1,0
,,521.5,0
,,521.5,0
,,521.5,0
,,521.5,0
,,519.9,0
,,519.9,0
,,519.9,0
,,519.9,0
,,522.1,0
,,522.1,0
,,522.1,0
,,522.1,0
,,524.4,0
,,524.4,0
,,524.4,0
,,524.4,0
,,525.3,0
,,525.3,0
,,525.3,0
,,525.3,0
,,529.4,0
,,529.4,0
,,529.4,0
,,529.4,0
,,530.6,0
,,530.6,0
,,530.6,0
,,530.6,0
,,531.5,0
,,531.5,0
,,531.5,0
,,531.5,0
,,532.1,0
,,532.1,0
,,532.1,0
,,532.1,0
,,532.9,0
,,532.9,0
,,532.9,0
,,532.9,0
,,533.2,0
,,533.2,0
,,533.2,0
,,533.2,0
,,533.6,0
,,533.6,0
,,533.6,0
,,533.6,0
,,534.3,0
,,534.3,0
,,534.3,0
,,534.3,0
,,535.7,0
,,535.7,0
,,535.7,0
,,535.7,0
,,537.1,0
,,537.1,0
,,537.1,0
,,537.1,0
,,538.2,0
,,538.2,0
,,538.2,0
,,538.2,0
,,538.6,0
,,538.6,0
,,538.6,0
,,538.6,0
,,537.7,0
,,537.7,0
,,537.7,0
,,537.7,0
,,536.7,0
,,536.7,0
,,536.7,0
,,536.7,0
,,535.6,0
,,535.6,0
,,535.6,0
,,535.6,0
,,527.8,0
,,527.8,0
,,527.8,0
,,527.8,0
,,521.1,0
,,521.1,0
,,521.1,0
,,521.1,0
,,513.7,0
,,513.7,0
,,513.7,0
,,513.7,0
,,509.7,0
,,509.7,0
,,509.7,0
,,509.7,0
,,508.1,0
,,508.1,0
,,508.1,0
,,508.1,0
,,509,0
,,509,0
,,509,0
,,509,0
,,508.2,0
,,508.2,0
,,508.2,0
,,508.2,0
,,509.4,0
,,509.4,0
,,509.4,0
,,509.4,0
,,511.2,0
,,511.2,0
,,511.2,0
,,511.2,0
,,513.6,0
,,513.6,0
,,513.6,0
,,513.6,0
,,515.8,0
,,515.8,0
,,515.8,0
,,515.8,0
,,517.9,0
,,517.9,0
,,517.9,0
,,517.9,0
,,523.3,0
,,523.3,0
,,523.3,0
,,523.3,0
,,529.4,0
,,529.4,0
,,529.4,0
,,529.4,0
,,529.4,0
,,529.4,0
,,529.4,0
,,529.4,0
,,535.2,0
,,535.2,0
,,535.2,0
,,535.2,0
,,526.5,0
,,526.5,0
,,526.5,0
,,526.5,0
,,527.4,0
,,527.4,0
,,527.4,0
,,527.4,0
,,530.6,0
,,530.6,0
,,530.6,0
,,530.6,0
,,533.8,0
,,533.8,0
,,533.8,0
,,533.8,0
,,537.6,0
,,537.6,0
,,537.6,0
,,537.6,0
,,541.5,0
,,541.5,0
,,541.5,0
,,541.5,0
,,541.8,0
,,541.8,0
,,541.8,0
,,541.8,0
,,541.9,0
,,541.9,0
,,541.9,0
,,541.9,0
,,542,0
,,542,0
,,542,0
,,542,0
,,542,0
,,542,0
,,542,0
,,542,0
,,542.1,0
,,542.1,0
,,542.1,0
,,542.1,0
,,542.1,0
,,542.1,0
,,542.1,0
,,542.1,0
,,542.2,0
,,542.2,0
,,542.2,0
,,542.2,0
,,542.2,0
,,542.2,0
,,542.2,0
,,542.2,0
,,542.3,0
,,542.3,0
,,542.3,0
,,542.3,0
,,542.3,0
,,542.3,0
,,542.3,0
,,542.3,0
,,542.4,0
,,542.4,0
,,542.4,0
,,542.4,0
,,542.4,0
,,542.4,0
,,542.4,0
,,542.4,0
,,542.5,0
,,542.5,0
,,542.5,0
,,542.5,0
,,542.5,0
,,542.5,0
,,542.5,0
,,542.5,0
,,542.5,0
,,542.5,0
,,542.5,0
,,542.5,0
,,542.6,0
,,542.6,0
,,542.6,0
,,542.6,0
,,542.6,0
,,542.6,0
,,542.6,0
,,542.6,0
,,542.6,0
,,542.6,0
,,542.6,0
,,542.6,0
,,542.6,0
,,542.6,0
,,542.6,0
,,542.6,0
,,542.7,0
,,542.7,0
,,542.7,0
,,542.7,0
,,542.7,0
,,542.7,0
,,542.7,0
,,542.7,0
,,542.7,0
,,542.7,0
,,542.7,0
,,542.7,0
,,542.7,0
,,542.7,0
,,542.7,0
,,542.7,0
,,542.8,0
,,542.8,0
,,542.8,0
,,542.8,0
,,542.8,0
,,542.8,0
,,542.8,0
,,542.8,0
,,542.8,0
,,542.8,0
,,542.8,0
,,542.8,0
,,542.8,0
,,542.8,0
,,542.8,0
,,542.8,0
,,542.8,0
,,542.8,0
,,542.8,0
,,542.8,0
,,542.9,0
,,542.9,0
,,542.9,0
,,542.9,0
,,542.9,0
,,542.9,0
,,542.9,0
,,542.9,0
,,542.9,0
,,542.9,0
,,542.9,0
,,542.9,0
,,542.9,0
,,542.9,0
,,542.9,0
,,542.9,0
,,543,0
,,543,0
,,543,0
,,543,0
,,543,0
,,543,0
,,543,0
,,543,0
,,543,0
,,543,0
,,543,0
,,543,0
,,543,0
,,543,0
,,543,0
,,543,0
,,543,0
,,543,0
,,543,0
,,543,0
,,543.1,0
,,543.1,0
,,543.1,0
,,543.1,0
,,543.1,0
,,543.1,0
,,543.1,0
,,543.1,0
,,543.1,0
,,543.1,0
,,543.1,0
,,543.1,0
,,543.1,0
,,543.1,0
,,543.1,0
,,543.1,0
,,543.1,0
,,543.1,0
,,543.1,0
,,543.1,0
,,543,0
,,543,0
,,543,0
,,543,0
,,543,0
,,543,0
,,543,0
,,543,0
,,542.5,0
,,542.5,0
,,542.5,0
,,542.5,0
,,542.3,0
,,542.3,0
,,542.3,0
,,542.3,0
,,542.1,0
,,542.1,0
,,542.1,0
,,542.1,0
,,541.8,0
,,541.8,0
,,541.8,0
,,541.8,0
,,540.9,0
,,540.9,0
,,540.9,0
,,540.9,0
,,541,0
,,541,0
,,541,0
,,541,0
,,541,0
,,541,0
,,541,0
,,541,0
,,540.6,0
,,540.6,0
,,540.6,0
,,540.6,0
,,541,0
,,541,0
,,541,0
,,541,0
,,540.5,0
,,540.5,0
,,540.5,0
,,540.5,0
,,540.1,0
,,540.1,0
,,540.1,0
,,540.1,0
,,540,0
,,540,0
,,540,0
,,540,0
,,539.2,0
,,539.2,0
,,539.2,0
,,539.2,0
,,537.8,0
,,537.8,0
,,537.8,0
,,537.8,0
,,535.6,0
,,535.6,0
,,535.6,0
,,535.6,0
,,534.1,0
,,534.1,0
,,534.1,0
,,534.1,0
,,532,0
,,532,0
,,532,0
,,532,0
,,527.1,0
,,527.1,0
,,527.1,0
,,527.1,0
,,526.9,0
,,526.9,0
,,526.9,0
,,526.9,0
,,526.2,0
,,526.2,0
,,526.2,0
,,526.2,0
,,527,0
,,527,0
,,527,0
,,527,0
,,534.1,0
,,534.1,0
,,534.1,0
,,534.1,0
,,535.5,0
,,535.5,0
,,535.5,0
,,535.5,0
,,535.5,0
,,535.5,0
,,535.5,0
,,535.5,0
,,536.2,0
,,536.2,0
,,536.2,0
,,536.2,0
,,536.7,0
,,536.7,0
,,536.7,0
,,536.7,0
,,537.3,0
,,537.3,0
,,537.3,0
,,537.3,0
,,537.6,0
,,537.6,0
,,537.6,0
,,537.6,0
,,538,0
,,538,0
,,538,0
,,538,0
,,537.2,0
,,537.2,0
,,537.2,0
,,537.2,0
,,537.7,0
,,537.7,0
,,537.7,0
,,537.7,0
,,537.8,0
,,537.8,0
,,537.8,0
,,537.8,0
,,536.7,0
,,536.7,0
,,536.7,0
,,536.7,0
,,536.1,0
,,536.1,0
,,536.1,0
,,536.1,0
,,537.7,0
,,537.7,0
,,537.7,0
,,537.7,0
,,538.5,0
,,538.5,0
,,538.5,0
,,538.5,0
,,538.5,0
,,538.5,0
,,538.5,0
,,538.5,0
,,539.1,0
,,539.1,0
,,539.1,0
,,539.1,0
,,539.2,0
,,539.2,0
,,539.2,0
,,539.2,0
,,539,0
,,539,0
,,539,0
,,539,0
,,539.7,0
,,539.7,0
,,539.7,0
,,539.7,0
,,539.7,0
,,539.7,0
,,539.7,0
,,539.7,0
,,540.2,0
,,540.2,0
,,540.2,0
,,540.2,0
,,540.8,0
,,540.8,0
,,540.8,0
,,540.8,0
,,540.4,0
,,540.4,0
,,540.4,0
,,540.4,0
,,540.2,0
,,540.2,0
,,540.2,0
,,540.2,0
,,540.8,0
,,540.8,0
,,540.8,0
,,540.8,0
,,540.5,0
,,540.5,0
,,540.5,0
,,540.5,0
,,541.1,0
,,541.1,0
,,541.1,0
,,541.1,0
,,542.8,0
,,542.8,0
,,542.8,0
,,542.8,0
,,542.9,0
,,542.9,0
,,542.9,0
,,542.9,0
,,542.9,0
,,542.9,0
,,542.9,0
,,542.9,0
,,542.9,0
,,542.9,0
,,542.9,0
,,542.9,0
,,542.9,0
,,542.9,0
,,542.9,0
,,542.9,0
,,543,0
,,543,0
,,543,0
,,543,0
,,543,0
,,543,0
,,543,0
,,543,0
,,543,0
,,543,0
,,543,0
,,543,0
,,543,0
,,543,0
,,543,0
,,543,0
,,543.1,0
,,543.1,0
,,543.1,0
,,543.1,0
,,543.1,0
,,543.1,0
,,543.1,0
,,543.1,0
,,543.1,0
,,543.1,0
,,543.1,0
,,543.1,0
,,543.1,0
,,543.1,0
,,543.1,0
,,543.1,0
,,543.1,0
,,543.1,0
,,543.1,0
,,543.1,0
,,543.1,0
,,543.1,0
,,543.1,0
,,543.1,0
,,543.2,0
,,543.2,0
,,543.2,0
,,543.2,0
,,543.2,0
,,543.2,0
,,543.2,0
,,543.2,0
,,543.2,0
,,543.2,0
,,543.2,0
,,543.2,0
,,543.2,0
,,543.2,0
,,543.2,0
,,543.2,0
,,543.2,0
,,543.2,0
,,543.2,0
,,543.2,0
,,543.2,0
,,543.2,0
,,543.2,0
,,543.2,0
,,543.2,0
,,543.2,0
,,543.2,0
,,543.2,0
,,543.3,0
,,543.3,0
,,543.3,0
,,543.3,0
,,543.3,0
,,543.3,0
,,543.3,0
,,543.3,0
,,543.1,0
,,543.1,0
,,543.1,0
,,543.1,0
,,542.9,0
,,542.9,0
,,542.9,0
,,542.9,0
,,542.8,0
,,542.8,0
,,542.8,0
,,542.8,0
,,542.7,0
,,542.7,0
,,542.7,0
,,542.7,0
,,542.6,0
,,542.6,0
,,542.6,0
,,542.6,0
,,542.6,0
,,542.6,0
,,542.6,0
,,542.6,0
,,542.4,0
,,542.4,0
,,542.4,0
,,542.4,0
,,542.1,0
,,542.1,0
,,542.1,0
,,542.1,0
,,542.1,0
,,542.1,0
,,542.1,0
,,542.1,0
,,541.3,0
,,541.3,0
,,541.3,0
,,541.3,0
,,541.5,0
,,541.5,0
,,541.5,0
,,541.5,0
,,541.2,0
,,541.2,0
,,541.2,0
,,541.2,0
,,541.2,0
,,541.2,0
,,541.2,0
,,541.2,0
,,541.3,0
,,541.3,0
,,541.3,0
,,541.3,0
,,541.6,0
,,541.6,0
,,541.6,0
,,541.6,0
,,541.5,0
,,541.5,0
,,541.5,0
,,541.5,0
,,541.2,0
,,541.2,0
,,541.2,0
,,541.2,0
,,541.3,0
,,541.3,0
,,541.3,0
,,541.3,0
,,541.5,0
,,541.5,0
,,541.5,0
,,541.5,0
,,541.5,0
,,541.5,0
,,541.5,0
,,541.5,0
,,541.5,0
,,541.5,0
,,541.5,0
,,541.5,0
,,542.2,0
,,542.2,0
,,542.2,0
,,542.2,0
,,542.3,0
,,542.3,0
,,542.3,0
,,542.3,0
,,542.4,0
,,542.4,0
,,542.4,0
,,542.4,0
,,542.3,0
,,542.3,0
,,542.3,0
,,542.3,0
,,542,0
,,542,0
,,542,0
,,542,0
,,542.2,0
,,542.2,0
,,542.2,0
,,542.2,0
,,542.1,0
,,542.1,0
,,542.1,0
,,542.1,0
,,542.1,0
,,542.1,0
,,542.1,0
,,542.1,0
,,542,0
,,542,0
,,542,0
,,542,0
,,542,0
,,542,0
,,542,0
,,542,0
,,541.8,0
,,541.8,0
,,541.8,0
,,541.8,0
,,541.7,0
,,541.7,0
,,541.7,0
,,541.7,0
,,541.2,0
,,541.2,0
,,541.2,0
,,541.2,0
,,541.3,0
,,541.3,0
,,541.3,0
,,541.3,0
,,541.3,0
,,541.3,0
,,541.3,0
,,541.3,0
,,541.3,0
,,541.3,0
,,541.3,0
,,541.3,0
,,541.3,0
,,541.3,0
,,541.3,0
,,541.3,0
,,541.6,0
,,541.6,0
,,541.6,0
,,541.6,0
,,542.2,0
,,542.2,0
,,542.2,0
,,542.2,0
,,542.4,0
,,542.4,0
,,542.4,0
,,542.4,0
,,542.5,0
,,542.5,0
,,542.5,0
,,542.5,0
,,542.3,0
,,542.3,0
,,542.3,0
,,542.3,0
,,541.7,0
,,541.7,0
,,541.7,0
,,541.7,0
,,538.1,0
,,538.1,0
,,538.1,0
,,538.1,0
,,532.5,0
,,532.5,0
,,532.5,0
,,532.5,0
,,524.9,0
,,524.9,0
,,524.9,0
,,524.9,0
,,518.3,0
,,518.3,0
,,518.3,0
,,518.3,0
,,520,0
,,520,0
,,520,0
,,520,0
,,518,0
,,518,0
,,518,0
,,518,0
,,516.1,0
,,516.1,0
,,516.1,0
,,516.1,0
,,513.1,0
,,513.1,0
,,513.1,0
,,513.1,0
,,512.7,0
,,512.7,0
,,512.7,0
,,512.7,0
,,511.5,0
,,511.5,0
,,511.5,0
,,511.5,0
,,510.9,0
,,510.9,0
,,510.9,0
,,510.9,0
,,506.4,0
,,506.4,0
,,506.4,0
,,506.4,0
,,508.3,0
,,508.3,0
,,508.3,0
,,508.3,0
,,514.8,0
,,514.8,0
,,514.8,0
,,514.8,0
,,518.7,0
,,518.7,0
,,518.7,0
,,518.7,0
,,525.2,0
,,525.2,0
,,525.2,0
,,525.2,0
,,532.7,0
,,532.7,0
,,532.7,0
,,532.7,0
,,530.7,0
,,530.7,0
,,530.7,0
,,530.7,0
,,508.7,0
,,508.7,0
,,508.7,0
,,508.7,0
,,523.1,0
,,523.1,0
,,523.1,0
,,523.1,0
,,516.4,0
,,516.4,0
,,516.4,0
,,516.4,0
,,508.1,0
,,508.1,0
,,508.1,0
,,508.1,0
,,503.9,0
,,503.9,0
,,503.9,0
,,503.9,0
,,508.1,0
,,508.1,0
,,508.1,0
,,508.1,0
,,514.1,0
,,514.1,0
,,514.1,0
,,514.1,0
,,520,0
,,520,0
,,520,0
,,520,0
,,526.6,0
,,526.6,0
,,526.6,0
,,526.6,0
,,523.2,0
,,523.2,0
,,523.2,0
,,523.2,0
,,511.1,0
,,511.1,0
,,511.1,0
,,511.1,0
,,515.9,0
,,515.9,0
,,515.9,0
,,515.9,0
,,515.5,0
,,515.5,0
,,515.5,0
,,515.5,0
,,508.8,0
,,508.8,0
,,508.8,0
,,508.8,0
,,508.8,0
,,508.8,0
,,508.8,0
,,508.8,0
,,504.1,0
,,504.1,0
,,504.1,0
,,504.1,0
,,506.4,0
,,506.4,0
,,506.4,0
,,506.4,0
,,509.1,0
,,509.1,0
,,509.1,0
,,509.1,0
,,509.7,0
,,509.7,0
,,509.7,0
,,509.7,0
,,513,0
,,513,0
,,513,0
,,513,0
,,513.5,0
,,513.5,0
,,513.5,0
,,513.5,0
,,515.7,0
,,515.7,0
,,515.7,0
,,515.7,0
,,515.4,0
,,515.4,0
,,515.4,0
,,515.4,0
,,511.6,0
,,511.6,0
,,511.6,0
,,511.6,0
,,509.3,0
,,509.3,0
,,509.3,0
,,509.3,0
,,510.4,0
,,510.4,0
,,510.4,0
,,510.4,0
,,513,0
,,513,0
,,513,0
,,513,0
,,519.2,0
,,519.2,0
,,519.2,0
,,519.2,0
,,521,0
,,521,0
,,521,0
,,521,0
,,521.2,0
,,521.2,0
,,521.2,0
,,521.2,0
,,517.2,0
,,517.2,0
,,517.2,0
,,517.2,0
,,513.3,0
,,513.3,0
,,513.3,0
,,513.3,0
,,511.9,0
,,511.9,0
,,511.9,0
,,511.9,0
,,515.4,0
,,515.4,0
,,515.4,0
,,515.4,0
,,515.4,0
,,515.4,0
,,515.4,0
,,515.4,0
,,522.3,0
,,522.3,0
,,522.3,0
,,522.3,0
,,523.9,0
,,523.9,0
,,523.9,0
,,523.9,0
,,528.2,0
,,528.2,0
,,528.2,0
,,528.2,0
,,528.8,0
,,528.8,0
,,528.8,0
,,528.8,0
,,526.5,0
,,526.5,0
,,526.5,0
,,526.5,0
,,525.1,0
,,525.1,0
,,525.1,0
,,525.1,0
,,524.9,0
,,524.9,0
,,524.9,0
,,524.9,0
,,525.6,0
,,525.6,0
,,525.6,0
,,525.6,0
,,525.7,0
,,525.7,0
,,525.7,0
,,525.7,0
,,526.1,0
,,526.1,0
,,526.1,0
,,526.1,0
,,528.4,0
,,528.4,0
,,528.4,0
,,528.4,0
,,528.4,0
,,528.4,0
,,528.4,0
,,528.4,0
,,529.6,0
,,529.6,0
,,529.6,0
,,529.6,0
,,529.3,0
,,529.3,0
,,529.3,0
,,529.3,0
,,528.1,0
,,528.1,0
,,528.1,0
,,528.1,0
,,539.4,0
,,539.4,0
,,539.4,0
,,539.4,0
,,539.6,0
,,539.6,0
,,539.6,0
,,539.6,0
,,539.7,0
,,539.7,0
,,539.7,0
,,539.7,0
,,539.9,0
,,539.9,0
,,539.9,0
,,539.9,0
,,539.9,0
,,539.9,0
,,539.9,0
,,539.9,0
,,539.9,0
,,539.9,0
,,539.9,0
,,539.9,0
,,540,0
,,540,0
,,540,0
,,540,0
,,540.1,0
,,540.1,0
,,540.1,0
,,540.1,0
,,540.2,0
,,540.2,0
,,540.2,0
,,540.2,0
,,540.2,0
,,540.2,0
,,540.2,0
,,540.2,0
,,540.3,0
,,540.3,0
,,540.3,0
,,540.3,0
,,540.3,0
,,540.3,0
,,540.3,0
,,540.3,0
,,540.3,0
,,540.3,0
,,540.3,0
,,540.3,0
,,540.4,0
,,540.4,0
,,540.4,0
,,540.4,0
,,540.4,0
,,540.4,0
,,540.4,0
,,540.4,0
,,540.5,0
,,540.5,0
,,540.5,0
,,540.5,0
,,540.5,0
,,540.5,0
,,540.5,0
,,540.5,0
,,540.6,0
,,540.6,0
,,540.6,0
,,540.6,0
,,540.6,0
,,540.6,0
,,540.6,0
,,540.6,0
,,540.6,0
,,540.6,0
,,540.6,0
,,540.6,0
,,540.7,0
,,540.7,0
,,540.7,0
,,540.7,0
,,540.7,0
,,540.7,0
,,540.7,0
,,540.7,0
,,540.7,0
,,540.7,0
,,540.7,0
,,540.7,0
,,540.8,0
,,540.8,0
,,540.8,0
,,540.8,0
,,540.8,0
,,540.8,0
,,540.8,0
,,540.8,0
,,540.8,0
,,540.8,0
,,540.8,0
,,540.8,0
,,540.9,0
,,540.9,0
,,540.9,0
,,540.9,0
,,540.9,0
,,540.9,0
,,540.9,0
,,540.9,0
,,540.9,0
,,540.9,0
,,540.9,0
,,540.9,0
,,541,0
,,541,0
,,541,0
,,541,0
,,541,0
,,541,0
,,541,0
,,541,0
,,541,0
,,541,0
,,541,0
,,541,0
,,541,0
,,541,0
,,541,0
,,541,0
,,541.1,0
,,541.1,0
,,541.1,0
,,541.1,0
,,541.1,0
,,541.1,0
,,541.1,0
,,541.1,0
,,541.1,0
,,541.1,0
,,541.1,0
,,541.1,0
,,541.1,0
,,541.1,0
,,541.1,0
,,541.1,0
,,541.2,0
,,541.2,0
,,541.2,0
,,541.2,0
,,541.2,0
,,541.2,0
,,541.2,0
,,541.2,0
,,541.2,0
,,541.2,0
,,541.2,0
,,541.2,0
,,541.2,0
,,541.2,0
,,541.2,0
,,541.2,0
,,541.3,0
,,541.3,0
,,541.3,0
,,541.3,0
,,541.3,0
,,541.3,0
,,541.3,0
,,541.3,0
,,541.3,0
,,541.3,0
,,541.3,0
,,541.3,0
,,541.3,0
,,541.3,0
,,541.3,0
,,541.3,0
,,541.3,0
,,541.3,0
,,541.3,0
,,541.3,0
,,541.4,0
,,541.4,0
,,541.4,0
,,541.4,0
,,541.4,0
,,541.4,0
,,541.4,0
,,541.4,0
,,541.4,0
,,541.4,0
,,541.4,0
,,541.4,0
,,541.4,0
,,541.4,0
,,541.4,0
,,541.4,0
,,541.4,0
,,541.4,0
,,541.4,0
,,541.4,0
,,541.5,0
,,541.5,0
,,541.5,0
,,541.5,0
,,541.5,0
,,541.5,0
,,541.5,0
,,541.5,0
,,541.5,0
,,541.5,0
,,541.5,0
,,541.5,0
,,541.5,0
,,541.5,0
,,541.5,0
,,541.5,0
,,541.6,0
,,541.6,0
,,541.6,0
,,541.6,0
,,541.6,0
,,541.6,0
,,541.6,0
,,541.6,0
,,541.6,0
,,541.6,0
,,541.6,0
,,541.6,0
,,541.6,0
,,541.6,0
,,541.6,0
,,541.6,0
,,541.6,0
,,541.6,0
,,541.6,0
,,541.6,0
,,541.6,0
,,541.6,0
,,541.6,0
,,541.6,0
,,541.7,0
,,541.7,0
,,541.7,0
,,541.7,0
,,541.7,0
,,541.7,0
,,541.7,0
,,541.7,0
,,541.7,0
,,541.7,0
,,541.7,0
,,541.7,0
,,541.7,0
,,541.7,0
,,541.7,0
,,541.7,0
,,541.7,0
,,541.7,0
,,541.7,0
,,541.7,0
,,541.7,0
,,541.7,0
,,541.7,0
,,541.7,0
,,541.8,0
,,541.8,0
,,541.8,0
,,541.8,0
,,541.8,0
,,541.8,0
,,541.8,0
,,541.8,0
,,541.8,0
,,541.8,0
,,541.8,0
,,541.8,0
,,541.8,0
,,541.8,0
,,541.8,0
,,541.8,0
,,541.8,0
,,541.8,0
,,541.8,0
,,541.8,0
,,541.8,0
,,541.8,0
,,541.8,0
,,541.8,0
,,541.8,0
,,541.8,0
,,541.8,0
,,541.8,0
,,541.9,0
,,541.9,0
,,541.9,0
,,541.9,0
,,541.9,0
,,541.9,0
,,541.9,0
,,541.9,0
,,541.9,0
,,541.9,0
,,541.9,0
,,541.9,0
,,541.9,0
,,541.9,0
,,541.9,0
,,541.9,0
,,541.9,0
,,541.9,0
,,541.9,0
,,541.9,0
,,541.9,0
,,541.9,0
,,541.9,0
,,541.9,0
,,541.9,0
,,541.9,0
,,541.9,0
,,541.9,0
,,542,0
,,542,0
,,542,0
,,542,0
,,542,0
,,542,0
,,542,0
,,542,0
,,542,0
,,542,0
,,542,0
,,542,0
,,542,0
,,542,0
,,542,0
,,542,0
,,542,0
,,542,0
,,542,0
,,542,0
,,542,0
,,542,0
,,542,0
,,542,0
,,542,0
,,542,0
,,542,0
,,542,0
,,542.1,0
,,542.1,0
,,542.1,0
,,542.1,0
,,542.1,0
,,542.1,0
,,542.1,0
,,542.1,0
,,542.1,0
,,542.1,0
,,542.1,0
,,542.1,0
,,542.1,0
,,542.1,0
,,542.1,0
,,542.1,0
,,542.1,0
,,542.1,0
,,542.1,0
,,542.1,0
,,542.1,0
,,542.1,0
,,542.1,0
,,542.1,0
,,542.1,0
,,542.1,0
,,542.1,0
,,542.1,0
,,542.1,0
,,542.1,0
,,542.1,0
,,542.1,0
,,542.2,0
,,542.2,0
,,542.2,0
,,542.2,0
,,542.2,0
,,542.2,0
,,542.2,0
,,542.2,0
,,542.2,0
,,542.2,0
,,542.2,0
,,542.2,0
,,542.2,0
,,542.2,0
,,542.2,0
,,542.2,0
,,542.2,0
,,542.2,0
,,542.2,0
,,542.2,0
,,542.2,0
,,542.2,0
,,542.2,0
,,542.2,0
,,542.2,0
,,542.2,0
,,542.2,0
,,542.2,0
,,542.2,0
,,542.2,0
,,542.2,0
,,542.2,0
,,542,0
,,542,0
,,542,0
,,542,0
,,536,0
,,536,0
,,536,0
,,536,0
,,537,0
,,537,0
,,537,0
,,537,0
,,535.9,0
,,535.9,0
,,535.9,0
,,535.9,0
,,535.9,0
,,535.9,0
,,535.9,0
,,535.9,0
,,535.3,0
,,535.3,0
,,535.3,0
,,535.3,0
,,533.9,0
,,533.9,0
,,533.9,0
,,533.9,0
,,534.1,0
,,534.1,0
,,534.1,0
,,534.1,0
,,534.6,0
,,534.6,0
,,534.6,0
,,534.6,0
,,534.7,0
,,534.7,0
,,534.7,0
,,534.7,0
,,535.2,0
,,535.2,0
,,535.2,0
,,535.2,0
,,536.5,0
,,536.5,0
,,536.5,0
,,536.5,0
,,537.8,0
,,537.8,0
,,537.8,0
,,537.8,0
,,539,0
,,539,0
,,539,0
,,539,0
,,539.6,0
,,539.6,0
,,539.6,0
,,539.6,0
,,539.6,0
,,539.6,0
,,539.6,0
,,539.6,0
,,539.8,0
,,539.8,0
,,539.8,0
,,539.8,0
,,540.5,0
,,540.5,0
,,540.5,0
,,540.5,0
,,540.9,0
,,540.9,0
,,540.9,0
,,540.9,0
,,541.2,0
,,541.2,0
,,541.2,0
,,541.2,0
,,541.5,0
,,541.5,0
,,541.5,0
,,541.5,0
,,541.5,0
,,541.5,0
,,541.5,0
,,541.5,0
,,542.1,0
,,542.1,0
,,542.1,0
,,542.1,0
,,542.1,0
,,542.1,0
,,542.1,0
,,542.1,0
,,542.1,0
,,542.1,0
,,542.1,0
,,542.1,0
,,542.2,0
,,542.2,0
,,542.2,0
,,542.2,0
,,542.2,0
,,542.2,0
,,542.2,0
,,542.2,0
,,542.2,0
,,542.2,0
,,542.2,0
,,542.2,0
,,542.2,0
,,542.2,0
,,542.2,0
,,542.2,0
,,542.2,0
,,542.2,0
,,542.2,0
,,542.2,0
,,542.2,0
,,542.2,0
,,542.2,0
,,542.2,0
,,542.3,0
,,542.3,0
,,542.3,0
,,542.3,0
,,542.3,0
,,542.3,0
,,542.3,0
,,542.3,0
,,542.3,0
,,542.3,0
,,542.3,0
,,542.3,0
,,542.3,0
,,542.3,0
,,542.3,0
,,542.3,0
,,542.3,0
,,542.3,0
,,542.3,0
,,542.3,0
,,542.3,0
,,542.3,0
,,542.3,0
,,542.3,0
,,542.3,0
,,542.3,0
,,542.3,0
,,542.3,0
,,542.4,0
,,542.4,0
,,542.4,0
,,542.4,0
,,542.4,0
,,542.4,0
,,542.4,0
,,542.4,0
,,542.4,0
,,542.4,0
,,542.4,0
,,542.4,0
,,542.4,0
,,542.4,0
,,542.4,0
,,542.4,0
,,542.4,0
,,542.4,0
,,542.4,0
,,542.4,0
,,542.4,0
,,542.4,0
,,542.4,0
,,542.4,0
,,542.4,0
,,542.4,0
,,542.4,0
,,542.4,0
,,542.4,0
,,542.4,0
,,542.4,0
,,542.4,0
,,542.4,0
,,542.4,0
,,542.4,0
,,542.4,0
,,542.5,0
,,542.5,0
,,542.5,0
,,542.5,0
,,542.5,0
,,542.5,0
,,542.5,0
,,542.5,0
,,542.5,0
,,542.5,0
,,542.5,0
,,542.5,0
,,542.5,0
,,542.5,0
,,542.5,0
,,542.5,0
,,542.5,0
,,542.5,0
,,542.5,0
,,542.5,0
,,542.5,0
,,542.5,0
,,542.5,0
,,542.5,0
,,542.5,0
,,542.5,0
,,542.5,0
,,542.5,0
,,542.5,0
,,542.5,0
,,542.5,0
,,542.5,0
,,542.5,0
,,542.5,0
,,542.5,0
,,542.5,0
,,542.6,0
,,542.6,0
,,542.6,0
,,542.6,0
,,542.6,0
,,542.6,0
,,542.6,0
,,542.6,0
,,542.6,0
,,542.6,0
,,542.6,0
,,542.6,0
,,542.6,0
,,542.6,0
,,542.6,0
,,542.6,0
,,542.6,0
,,542.6,0
,,542.6,0
,,542.6,0
,,542.6,0
,,542.6,0
,,542.6,0
,,542.6,0
,,542.6,0
,,542.6,0
,,542.6,0
,,542.6,0
,,542.6,0
,,542.6,0
,,542.6,0
,,542.6,0
,,542.6,0
,,542.6,0
,,542.6,0
,,542.6,0
,,542.6,0
,,542.6,0
,,542.6,0
,,542.6,0
,,542.6,0
,,542.6,0
,,542.6,0
,,542.6,0
,,542.7,0
,,542.7,0
,,542.7,0
,,542.7,0
,,542.7,0
,,542.7,0
,,542.7,0
,,542.7,0
,,542.7,0
,,542.7,0
,,542.7,0
,,542.7,0
,,542.6,0
,,542.6,0
,,542.6,0
,,542.6,0
,,542.6,0
,,542.6,0
,,542.6,0
,,542.6,0
,,542.6,0
,,542.6,0
,,542.6,0
,,542.6,0
,,542.5,0
,,542.5,0
,,542.5,0
,,542.5,0
,,542.2,0
,,542.2,0
,,542.2,0
,,542.2,0
,,541.8,0
,,541.8,0
,,541.8,0
,,541.8,0
,,540.3,0
,,540.3,0
,,540.3,0
,,540.3,0
,,540.9,0
,,540.9,0
,,540.9,0
,,540.9,0
,,540.9,0
,,540.9,0
,,540.9,0
,,540.9,0
,,540.5,0
,,540.5,0
,,540.5,0
,,540.5,0
,,540.5,0
,,540.5,0
,,540.5,0
,,540.5,0
,,540.5,0
,,540.5,0
,,540.5,0
,,540.5,0
,,540.7,0
,,540.7,0
,,540.7,0
,,540.7,0
,,541,0
,,541,0
,,541,0
,,541,0
,,541.3,0
,,541.3,0
,,541.3,0
,,541.3,0
,,541.5,0
,,541.5,0
,,541.5,0
,,541.5,0
,,541.6,0
,,541.6,0
,,541.6,0
,,541.6,0
,,542.1,0
,,542.1,0
,,542.1,0
,,542.1,0
,,542.7,0
,,542.7,0
,,542.7,0
,,542.7,0
,,542.7,0
,,542.7,0
,,542.7,0
,,542.7,0
,,542.7,0
,,542.7,0
,,542.7,0
,,542.7,0
,,542.7,0
,,542.7,0
,,542.7,0
,,542.7,0
,,542.7,0
,,542.7,0
,,542.7,0
,,542.7,0
,,542.7,0
,,542.7,0
,,542.7,0
,,542.7,0
,,541.9,0
,,541.9,0
,,541.9,0
,,541.9,0
,,541.5,0
,,541.5,0
,,541.5,0
,,541.5,0
,,540.2,0
,,540.2,0
,,540.2,0
,,540.2,0
,,541.1,0
,,541.1,0
,,541.1,0
,,541.1,0
,,541.8,0
,,541.8,0
,,541.8,0
,,541.8,0
,,541.4,0
,,541.4,0
,,541.4,0
,,541.4,0
,,541.4,0
,,541.4,0
,,541.4,0
,,541.4,0
,,541.6,0
,,541.6,0
,,541.6,0
,,541.6,0
,,541.6,0
,,541.6,0
,,541.6,0
,,541.6,0
,,541.3,0
,,541.3,0
,,541.3,0
,,541.3,0
,,541.2,0
,,541.2,0
,,541.2,0
,,541.2,0
,,541.5,0
,,541.5,0
,,541.5,0
,,541.5,0
,,541.7,0
,,541.7,0
,,541.7,0
,,541.7,0
,,541,0
,,541,0
,,541,0
,,541,0
,,541.3,0
,,541.3,0
,,541.3,0
,,541.3,0
,,541.6,0
,,541.6,0
,,541.6,0
,,541.6,0
,,541.5,0
,,541.5,0
,,541.5,0
,,541.5,0
,,541.4,0
,,541.4,0
,,541.4,0
,,541.4,0
,,541.5,0
,,541.5,0
,,541.5,0
,,541.5,0
,,541.6,0
,,541.6,0
,,541.6,0
,,541.6,0
,,541.6,0
,,541.6,0
,,541.6,0
,,541.6,0
,,541.6,0
,,541.6,0
,,541.6,0
,,541.6,0
,,541.8,0
,,541.8,0
,,541.8,0
,,541.8,0
,,541.8,0
,,541.8,0
,,541.8,0
,,541.8,0
,,541.8,0
,,541.8,0
,,541.8,0
,,541.8,0
,,541.8,0
,,541.8,0
,,541.8,0
,,541.8,0
,,542,0
,,542,0
,,542,0
,,542,0
,,542,0
,,542,0
,,542,0
,,542,0
,,542.2,0
,,542.2,0
,,542.2,0
,,542.2,0
,,542.2,0
,,542.2,0
,,542.2,0
,,542.2,0
,,542.3,0
,,542.3,0
,,542.3,0
,,542.3,0
,,542.3,0
,,542.3,0
,,542.3,0
,,542.3,0
,,542.6,0
,,542.6,0
,,542.6,0
,,542.6,0
,,542.5,0
,,542.5,0
,,542.5,0
,,542.5,0
,,542.5,0
,,542.5,0
,,542.5,0
,,542.5,0
,,542.6,0
,,542.6,0
,,542.6,0
,,542.6,0
,,542.7,0
,,542.7,0
,,542.7,0
,,542.7,0
,,542.6,0
,,542.6,0
,,542.6,0
,,542.6,0
,,542.8,0
,,542.8,0
,,542.8,0
,,542.8,0
,,542.8,0
,,542.8,0
,,542.8,0
,,542.8,0
,,542.9,0
,,542.9,0
,,542.9,0
,,542.9,0
,,543,0
,,543,0
,,543,0
,,543,0
,,542.9,0
,,542.9,0
,,542.9,0
,,542.9,0
,,543,0
,,543,0
,,543,0
,,543,0
,,543,0
,,543,0
,,543,0
,,543,0
,,543,0
,,543,0
,,543,0
,,543,0
,,543,0
,,543,0
,,543,0
,,543,0
,,542.9,0
,,542.9,0
,,542.9,0
,,542.9,0
,,543,0
,,543,0
,,543,0
,,543,0
,,543,0
,,543,0
,,543,0
,,543,0
,,543,0
,,543,0
,,543,0
,,543,0
,,543,0
,,543,0
,,543,0
,,543,0
,,543,0
,,543,0
,,543,0
,,543,0
,,543.1,0
,,543.1,0
,,543.1,0
,,543.1,0
,,543.1,0
,,543.1,0
,,543.1,0
,,543.1,0
,,543,0
,,543,0
,,543,0
,,543,0
,,543,0
,,543,0
,,543,0
,,543,0
,,543,0
,,543,0
,,543,0
,,543,0
,,543,0
,,543,0
,,543,0
,,543,0
,,543,0
,,543,0
,,543,0
,,543,0
,,542.2,0
,,542.2,0
,,542.2,0
,,542.2,0
,,542.2,0
,,542.2,0
,,542.2,0
,,542.2,0
,,541.9,0
,,541.9,0
,,541.9,0
,,541.9,0
,,542.2,0
,,542.2,0
,,542.2,0
,,542.2,0
,,541.9,0
,,541.9,0
,,541.9,0
,,541.9,0
,,541.9,0
,,541.9,0
,,541.9,0
,,541.9,0
,,541.9,0
,,541.9,0
,,541.9,0
,,541.9,0
,,542,0
,,542,0
,,542,0
,,542,0
,,542.2,0
,,542.2,0
,,542.2,0
,,542.2,0
,,542.2,0
,,542.2,0
,,542.2,0
,,542.2,0
,,542.3,0
,,542.3,0
,,542.3,0
,,542.3,0
,,542.5,0
,,542.5,0
,,542.5,0
,,542.5,0
,,543.1,0
,,543.1,0
,,543.1,0
,,543.1,0
,,543.1,0
,,543.1,0
,,543.1,0
,,543.1,0
,,543.1,0
,,543.1,0
,,543.1,0
,,543.1,0
,,543.1,0
,,543.1,0
,,543.1,0
,,543.1,0
,,543.1,0
,,543.1,0
,,543.1,0
,,543.1,0
,,543.2,0
,,543.2,0
,,543.2,0
,,543.2,0
,,543.2,0
,,543.2,0
,,543.2,0
,,543.2,0
,,543.2,0
,,543.2,0
,,543.2,0
,,543.2,0
,,543.2,0
,,543.2,0
,,543.2,0
,,543.2,0
,,543.2,0
,,543.2,0
,,543.2,0
,,543.2,0
,,543.2,0
,,543.2,0
,,543.2,0
,,543.2,0
,,543.2,0
,,543.2,0
,,543.2,0
,,543.2,0
,,543.2,0
,,543.2,0
,,543.2,0
,,543.2,0
,,543.2,0
,,543.2,0
,,543.2,0
,,543.2,0
,,543.2,0
,,543.2,0
,,543.2,0
,,543.2,0
,,543.2,0
,,543.2,0
,,543.2,0
,,543.2,0
,,543.2,0
,,543.2,0
,,543.2,0
,,543.2,0
,,543.2,0
,,543.2,0
,,543.2,0
,,543.2,0
,,543.2,0
,,543.2,0
,,543.2,0
,,543.2,0
,,543.2,0
,,543.2,0
,,543.2,0
,,543.2,0
,,543.3,0
,,543.3,0
,,543.3,0
,,543.3,0
,,543.3,0
,,543.3,0
,,543.3,0
,,543.3,0
,,543.1,0
,,543.1,0
,,543.1,0
,,543.1,0
,,543.1,0
,,543.1,0
,,543.1,0
,,543.1,0
,,542.6,0
,,542.6,0
,,542.6,0
,,542.6,0
,,540.7,0
,,540.7,0
,,540.7,0
,,540.7,0
,,539.9,0
,,539.9,0
,,539.9,0
,,539.9,0
,,539.9,0
,,539.9,0
,,539.9,0
,,539.9,0
,,539.3,0
,,539.3,0
,,539.3,0
,,539.3,0
,,539.3,0
,,539.3,0
,,539.3,0
,,539.3,0
,,539.3,0
,,539.3,0
,,539.3,0
,,539.3,0
,,539.3,0
,,539.3,0
,,539.3,0
,,539.3,0
,,537.4,0
,,537.4,0
,,537.4,0
,,537.4,0
,,536.2,0
,,536.2,0
,,536.2,0
,,536.2,0
,,534.3,0
,,534.3,0
,,534.3,0
,,534.3,0
,,534.7,0
,,534.7,0
,,534.7,0
,,534.7,0
,,534.5,0
,,534.5,0
,,534.5,0
,,534.5,0
,,533.4,0
,,533.4,0
,,533.4,0
,,533.4,0
,,532.6,0
,,532.6,0
,,532.6,0
,,532.6,0
,,532.4,0
,,532.4,0
,,532.4,0
,,532.4,0
,,531.7,0
,,531.7,0
,,531.7,0
,,531.7,0
,,529.5,0
,,529.5,0
,,529.5,0
,,529.5,0
,,530.4,0
,,530.4,0
,,530.4,0
,,530.4,0
,,529.7,0
,,529.7,0
,,529.7,0
,,529.7,0
,,529.9,0
,,529.9,0
,,529.9,0
,,529.9,0
,,528.6,0
,,528.6,0
,,528.6,0
,,528.6,0
,,527.7,0
,,527.7,0
,,527.7,0
,,527.7,0
,,527.7,0
,,527.7,0
,,527.7,0
,,527.7,0
,,527.6,0
,,527.6,0
,,527.6,0
,,527.6,0
,,527.2,0
,,527.2,0
,,527.2,0
,,527.2,0
,,521.7,0
,,521.7,0
,,521.7,0
,,521.7,0
,,518.8,0
,,518.8,0
,,518.8,0
,,518.8,0
,,519.9,0
,,519.9,0
,,519.9,0
,,519.9,0
,,520.9,0
,,520.9,0
,,520.9,0
,,520.9,0
,,520.5,0
,,520.5,0
,,520.5,0
,,520.5,0
,,518.4,0
,,518.4,0
,,518.4,0
,,518.4,0
,,515.7,0
,,515.7,0
,,515.7,0
,,515.7,0
,,513.4,0
,,513.4,0
,,513.4,0
,,513.4,0
,,512.7,0
,,512.7,0
,,512.7,0
,,512.7,0
,,514.3,0
,,514.3,0
,,514.3,0
,,514.3,0
,,513.1,0
,,513.1,0
,,513.1,0
,,513.1,0
,,508.8,0
,,508.8,0
,,508.8,0
,,508.8,0
,,507,0
,,507,0
,,507,0
,,507,0
,,505.3,0
,,505.3,0
,,505.3,0
,,505.3,0
,,504.8,0
,,504.8,0
,,504.8,0
,,504.8,0
,,503.4,0
,,503.4,0
,,503.4,0
,,503.4,0
,,503.2,0
,,503.2,0
,,503.2,0
,,503.2,0
,,503.4,0
,,503.4,0
,,503.4,0
,,503.4,0
,,506.3,0
,,506.3,0
,,506.3,0
,,506.3,0
,,509,0
,,509,0
,,509,0
,,509,0
,,512.6,0
,,512.6,0
,,512.6,0
,,512.6,0
,,512.2,0
,,512.2,0
,,512.2,0
,,512.2,0
,,511.9,0
,,511.9,0
,,511.9,0
,,511.9,0
,,503.4,0
,,503.4,0
,,503.4,0
,,503.4,0
,,498.9,0
,,498.9,0
,,498.9,0
,,498.9,0
,,510.2,0
,,510.2,0
,,510.2,0
,,510.2,0
,,511.1,0
,,511.1,0
,,511.1,0
,,511.1,0
,,507.5,0
,,507.5,0
,,507.5,0
,,507.5,0
,,500,0
,,500,0
,,500,0
,,500,0
,,500,0
,,500,0
,,500,0
,,500,0
,,503.8,0
,,503.8,0
,,503.8,0
,,503.8,0
,,503.8,0
,,503.8,0
,,503.8,0
,,503.8,0
,,511.3,0
,,511.3,0
,,511.3,0
,,511.3,0
,,513.1,0
,,513.1,0
,,513.1,0
,,513.1,0
,,510.6,0
,,510.6,0
,,510.6,0
,,510.6,0
,,508.7,0
,,508.7,0
,,508.7,0
,,508.7,0
,,498.7,0
,,498.7,0
,,498.7,0
,,498.7,0
,,497.7,0
,,497.7,0
,,497.7,0
,,497.7,0
,,500.1,0
,,500.1,0
,,500.1,0
,,500.1,0
,,505.1,0
,,505.1,0
,,505.1,0
,,505.1,0
,,506.5,0
,,506.5,0
,,506.5,0
,,506.5,0
,,508.5,0
,,508.5,0
,,508.5,0
,,508.5,0
,,509.8,0
,,509.8,0
,,509.8,0
,,509.8,0
,,509.1,0
,,509.1,0
,,509.1,0
,,509.1,0
,,508.6,0
,,508.6,0
,,508.6,0
,,508.6,0
,,508.4,0
,,508.4,0
,,508.4,0
,,508.4,0
,,510.8,0
,,510.8,0
,,510.8,0
,,510.8,0
,,510.1,0
,,510.1,0
,,510.1,0
,,510.1,0
,,514.5,0
,,514.5,0
,,514.5,0
,,514.5,0
,,514.5,0
,,514.5,0
,,514.5,0
,,514.5,0
,,515.5,0
,,515.5,0
,,515.5,0
,,515.5,0
,,515.5,0
,,515.5,0
,,515.5,0
,,515.5,0
,,514.1,0
,,514.1,0
,,514.1,0
,,514.1,0
,,514.3,0
,,514.3,0
,,514.3,0
,,514.3,0
,,516.9,0
,,516.9,0
,,516.9,0
,,516.9,0
,,518.3,0
,,518.3,0
,,518.3,0
,,518.3,0
,,521.2,0
,,521.2,0
,,521.2,0
,,521.2,0
,,527.6,0
,,527.6,0
,,527.6,0
,,527.6,0
,,537.9,0
,,537.9,0
,,537.9,0
,,537.9,0
,,538.1,0
,,538.1,0
,,538.1,0
,,538.1,0
,,538.2,0
,,538.2,0
,,538.2,0
,,538.2,0
,,538.3,0
,,538.3,0
,,538.3,0
,,538.3,0
,,538.5,0
,,538.5,0
,,538.5,0
,,538.5,0
,,538.5,0
,,538.5,0
,,538.5,0
,,538.5,0
,,538.7,0
,,538.7,0
,,538.7,0
,,538.7,0
,,538.7,0
,,538.7,0
,,538.7,0
,,538.7,0
,,538.8,0
,,538.8,0
,,538.8,0
,,538.8,0
,,538.9,0
,,538.9,0
,,538.9,0
,,538.9,0
,,538.9,0
,,538.9,0
,,538.9,0
,,538.9,0
,,539,0
,,539,0
,,539,0
,,539,0
,,539.1,0
,,539.1,0
,,539.1,0
,,539.1,0
,,539.1,0
,,539.1,0
,,539.1,0
,,539.1,0
,,539.2,0
,,539.2,0
,,539.2,0
,,539.2,0
,,539.2,0
,,539.2,0
,,539.2,0
,,539.2,0
,,539.2,0
,,539.2,0
,,539.2,0
,,539.2,0
,,539.3,0
,,539.3,0
,,539.3,0
,,539.3,0
,,539.3,0
,,539.3,0
,,539.3,0
,,539.3,0
,,539.4,0
,,539.4,0
,,539.4,0
,,539.4,0
,,539.5,0
,,539.5,0
,,539.5,0
,,539.5,0
,,539.5,0
,,539.5,0
,,539.5,0
,,539.5,0
,,539.5,0
,,539.5,0
,,539.5,0
,,539.5,0
,,539.6,0
,,539.6,0
,,539.6,0
,,539.6,0
,,539.6,0
,,539.6,0
,,539.6,0
,,539.6,0
,,539.7,0
,,539.7,0
,,539.7,0
,,539.7,0
,,539.7,0
,,539.7,0
,,539.7,0
,,539.7,0
,,539.7,0
,,539.7,0
,,539.7,0
,,539.7,0
,,539.7,0
,,539.7,0
,,539.7,0
,,539.7,0
,,539.8,0
,,539.8,0
,,539.8,0
,,539.8,0
,,539.8,0
,,539.8,0
,,539.8,0
,,539.8,0
,,539.9,0
,,539.9,0
,,539.9,0
,,539.9,0
,,539.9,0
,,539.9,0
,,539.9,0
,,539.9,0
,,539.9,0
,,539.9,0
,,539.9,0
,,539.9,0
,,540,0
,,540,0
,,540,0
,,540,0
,,540,0
,,540,0
,,540,0
,,540,0
,,540,0
,,540,0
,,540,0
,,540,0
,,540.1,0
,,540.1,0
,,540.1,0
,,540.1,0
,,540.1,0
,,540.1,0
,,540.1,0
,,540.1,0
,,540.1,0
,,540.1,0
,,540.1,0
,,540.1,0
,,540.1,0
,,540.1,0
,,540.1,0
,,540.1,0
,,540.2,0
,,540.2,0
,,540.2,0
,,540.2,0
,,540.2,0
,,540.2,0
,,540.2,0
,,540.2,0
,,540.2,0
,,540.2,0
,,540.2,0
,,540.2,0
,,540.2,0
,,540.2,0
,,540.2,0
,,540.2,0
,,540.1,0
,,540.1,0
,,540.1,0
,,540.1,0
,,540,0
,,540,0
,,540,0
,,540,0
,,539.8,0
,,539.8,0
,,539.8,0
,,539.8,0
,,539.8,0
,,539.8,0
,,539.8,0
,,539.8,0
,,539.4,0
,,539.4,0
,,539.4,0
,,539.4,0
,,539.4,0
,,539.4,0
,,539.4,0
,,539.4,0
,,539.6,0
,,539.6,0
,,539.6,0
,,539.6,0
,,540.4,0
,,540.4,0
,,540.4,0
,,540.4,0
,,540.4,0
,,540.4,0
,,540.4,0
,,540.4,0
,,540.5,0
,,540.5,0
,,540.5,0
,,540.5,0
,,540.5,0
,,540.5,0
,,540.5,0
,,540.5,0
,,540.5,0
,,540.5,0
,,540.5,0
,,540.5,0
,,540.5,0
,,540.5,0
,,540.5,0
,,540.5,0
,,540.5,0
,,540.5,0
,,540.5,0
,,540.5,0
,,540.6,0
,,540.6,0
,,540.6,0
,,540.6,0
,,540.6,0
,,540.6,0
,,540.6,0
,,540.6,0
,,540.6,0
,,540.6,0
,,540.6,0
,,540.6,0
,,540.6,0
,,540.6,0
,,540.6,0
,,540.6,0
,,540.7,0
,,540.7,0
,,540.7,0
,,540.7,0
,,540.7,0
,,540.7,0
,,540.7,0
,,540.7,0
,,540.7,0
,,540.7,0
,,540.7,0
,,540.7,0
,,540.7,0
,,540.7,0
,,540.7,0
,,540.7,0
,,540.7,0
,,540.7,0
,,540.7,0
,,540.7,0
,,540.7,0
,,540.7,0
,,540.7,0
,,540.7,0
,,540.8,0
,,540.8,0
,,540.8,0
,,540.8,0
,,540.8,0
,,540.8,0
,,540.8,0
,,540.8,0
,,540.8,0
,,540.8,0
,,540.8,0
,,540.8,0
,,540.8,0
,,540.8,0
,,540.8,0
,,540.8,0
,,540.8,0
,,540.8,0
,,540.8,0
,,540.8,0
,,540.9,0
,,540.9,0
,,540.9,0
,,540.9,0
,,540.9,0
,,540.9,0
,,540.9,0
,,540.9,0
,,540.9,0
,,540.9,0
,,540.9,0
,,540.9,0
,,540.9,0
,,540.9,0
,,540.9,0
,,540.9,0
,,540.9,0
,,540.9,0
,,540.9,0
,,540.9,0
,,540.9,0
,,540.9,0
,,540.9,0
,,540.9,0
,,541,0
,,541,0
,,541,0
,,541,0
,,541,0
,,541,0
,,541,0
,,541,0
,,541,0
,,541,0
,,541,0
,,541,0
,,541,0
,,541,0
,,541,0
,,541,0
,,541,0
,,541,0
,,541,0
,,541,0
,,541,0
,,541,0
,,541,0
,,541,0
,,541.1,0
,,541.1,0
,,541.1,0
,,541.1,0
,,541.1,0
,,541.1,0
,,541.1,0
,,541.1,0
,,541.1,0
,,541.1,0
,,541.1,0
,,541.1,0
,,541.1,0
,,541.1,0
,,541.1,0
,,541.1,0
,,541.1,0
,,541.1,0
,,541.1,0
,,541.1,0
,,541.1,0
,,541.1,0
,,541.1,0
,,541.1,0
,,541.1,0
,,541.1,0
,,541.1,0
,,541.1,0
,,541.1,0
,,541.1,0
,,541.1,0
,,541.1,0
,,541.1,0
,,541.1,0
,,541.1,0
,,541.1,0
,,541.1,0
,,541.1,0
,,541.1,0
,,541.1,0
,,541.1,0
,,541.1,0
,,541.1,0
,,541.1,0
,,541.2,0
,,541.2,0
,,541.2,0
,,541.2,0
,,541.2,0
,,541.2,0
,,541.2,0
,,541.2,0
,,541.2,0
,,541.2,0
,,541.2,0
,,541.2,0
,,541.3,0
,,541.3,0
,,541.3,0
,,541.3,0
,,541.3,0
,,541.3,0
,,541.3,0
,,541.3,0
,,541.3,0
,,541.3,0
,,541.3,0
,,541.3,0
,,541.3,0
,,541.3,0
,,541.3,0
,,541.3,0
,,541.3,0
,,541.3,0
,,541.3,0
,,541.3,0
,,541.3,0
,,541.3,0
,,541.3,0
,,541.3,0
,,541.3,0
,,541.3,0
,,541.3,0
,,541.3,0
,,541.3,0
,,541.3,0
,,541.3,0
,,541.3,0
,,541.4,0
,,541.4,0
,,541.4,0
,,541.4,0
,,541.4,0
,,541.4,0
,,541.4,0
,,541.4,0
,,541.4,0
,,541.4,0
,,541.4,0
,,541.4,0
,,541.4,0
,,541.4,0
,,541.4,0
,,541.4,0
,,541.4,0
,,541.4,0
,,541.4,0
,,541.4,0
,,541.4,0
,,541.4,0
,,541.4,0
,,541.4,0
,,541.4,0
,,541.4,0
,,541.4,0
,,541.4,0
,,541.4,0
,,541.4,0
,,541.4,0
,,541.4,0
,,541.5,0
,,541.5,0
,,541.5,0
,,541.5,0
,,541.5,0
,,541.5,0
,,541.5,0
,,541.5,0
,,541.5,0
,,541.5,0
,,541.5,0
,,541.5,0
,,541.5,0
,,541.5,0
,,541.5,0
,,541.5,0
,,541.5,0
,,541.5,0
,,541.5,0
,,541.5,0
,,541.5,0
,,541.5,0
,,541.5,0
,,541.5,0
,,541.5,0
,,541.5,0
,,541.5,0
,,541.5,0
,,541.5,0
,,541.5,0
,,541.5,0
,,541.5,0
,,541.6,0
,,541.6,0
,,541.6,0
,,541.6,0
,,541.6,0
,,541.6,0
,,541.6,0
,,541.6,0
,,541.6,0
,,541.6,0
,,541.6,0
,,541.6,0
,,541.6,0
,,541.6,0
,,541.6,0
,,541.6,0
,,541.6,0
,,541.6,0
,,541.6,0
,,541.6,0
,,541.6,0
,,541.6,0
,,541.6,0
,,541.6,0
,,541.6,0
,,541.6,0
,,541.6,0
,,541.6,0
,,541.6,0
,,541.6,0
,,541.6,0
,,541.6,0
,,541.6,0
,,541.6,0
,,541.6,0
,,541.6,0
,,541.6,0
,,541.6,0
,,541.6,0
,,541.6,0
,,541.7,0
,,541.7,0
,,541.7,0
,,541.7,0
,,541.7,0
,,541.7,0
,,541.7,0
,,541.7,0
,,541.7,0
,,541.7,0
,,541.7,0
,,541.7,0
,,541.7,0
,,541.7,0
,,541.7,0
,,541.7,0
,,541.7,0
,,541.7,0
,,541.7,0
,,541.7,0
,,541.7,0
,,541.7,0
,,541.7,0
,,541.7,0
,,541.7,0
,,541.7,0
,,541.7,0
,,541.7,0
,,541.7,0
,,541.7,0
,,541.7,0
,,541.7,0
,,541.7,0
,,541.7,0
,,541.7,0
,,541.7,0
,,541.7,0
,,541.7,0
,,541.7,0
,,541.7,0
,,541.8,0
,,541.8,0
,,541.8,0
,,541.8,0
,,541.8,0
,,541.8,0
,,541.8,0
,,541.8,0
,,541.8,0
,,541.8,0
,,541.8,0
,,541.8,0
,,541.8,0
,,541.8,0
,,541.8,0
,,541.8,0
,,541.8,0
,,541.8,0
,,541.8,0
,,541.8,0
,,541.8,0
,,541.8,0
,,541.8,0
,,541.8,0
,,541.8,0
,,541.8,0
,,541.8,0
,,541.8,0
,,541.8,0
,,541.8,0
,,541.8,0
,,541.8,0
,,541.8,0
,,541.8,0
,,541.8,0
,,541.8,0
,,541.8,0
,,541.8,0
,,541.8,0
,,541.8,0
,,541.9,0
,,541.9,0
,,541.9,0
,,541.9,0
,,541.9,0
,,541.9,0
,,541.9,0
,,541.9,0
,,541.9,0
,,541.9,0
,,541.9,0
,,541.9,0
,,541.9,0
,,541.9,0
,,541.9,0
,,541.9,0
,,541.9,0
,,541.9,0
,,541.9,0
,,541.9,0
,,541.9,0
,,541.9,0
,,541.9,0
,,541.9,0
,,541.9,0
,,541.9,0
,,541.9,0
,,541.9,0
,,541.9,0
,,541.9,0
,,541.9,0
,,541.9,0
,,541.9,0
,,541.9,0
,,541.9,0
,,541.9,0
,,541.9,0
,,541.9,0
,,541.9,0
,,541.9,0
,,541.9,0
,,541.9,0
,,541.9,0
,,541.9,0
,,541.9,0
,,541.9,0
,,541.9,0
,,541.9,0
,,542,0
,,542,0
,,542,0
,,542,0
,,542,0
,,542,0
,,542,0
,,542,0
,,542,0
,,542,0
,,542,0
,,542,0
,,542,0
,,542,0
,,542,0
,,542,0
,,542,0
,,542,0
,,542,0
,,542,0
,,542,0
,,542,0
,,542,0
,,542,0
,,542,0
,,542,0
,,542,0
,,542,0
,,542,0
,,542,0
,,542,0
,,542,0
,,542,0
,,542,0
,,542,0
,,542,0
,,542,0
,,542,0
,,542,0
,,542,0
,,542,0
,,542,0
,,542,0
,,542,0
,,542,0
,,542,0
,,542,0
,,542,0
,,542.1,0
,,542.1,0
,,542.1,0
,,542.1,0
,,542.1,0
,,542.1,0
,,542.1,0
,,542.1,0
,,542.1,0
,,542.1,0
,,542.1,0
,,542.1,0
,,542.1,0
,,542.1,0
,,542.1,0
,,542.1,0
,,542.1,0
,,542.1,0
,,542.1,0
,,542.1,0
,,542.1,0
,,542.1,0
,,542.1,0
,,542.1,0
,,542.1,0
,,542.1,0
,,542.1,0
,,542.1,0
,,542.1,0
,,542.1,0
,,542.1,0
,,542.1,0
,,542.1,0
,,542.1,0
,,542.1,0
,,542.1,0
,,542.1,0
,,542.1,0
,,542.1,0
,,542.1,0
,,542.1,0
,,542.1,0
,,542.1,0
,,542.1,0
,,542.1,0
,,542.1,0
,,542.1,0
,,542.1,0
,,542.2,0
,,542.2,0
,,542.2,0
,,542.2,0
,,542.2,0
,,542.2,0
,,542.2,0
,,542.2,0
,,542.2,0
,,542.2,0
,,542.2,0
,,542.2,0
,,542.2,0
,,542.2,0
,,542.2,0
,,542.2,0
,,542.2,0
,,542.2,0
,,542.2,0
,,542.2,0
,,542.2,0
,,542.2,0
,,542.2,0
,,542.2,0
,,542.2,0
,,542.2,0
,,542.2,0
,,542.2,0
,,542.2,0
,,542.2,0
,,542.2,0
,,542.2,0
,,542.2,0
,,542.2,0
,,542.2,0
,,542.2,0
,,542.2,0
,,542.2,0
,,542.2,0
,,542.2,0
,,542.2,0
,,542.2,0
,,542.2,0
,,542.2,0
,,542.2,0
,,542.2,0
,,542.2,0
,,542.2,0
,,542.2,0
,,542.2,0
,,542.2,0
,,542.2,0
,,542.2,0
,,542.2,0
,,542.2,0
,,542.2,0
,,542.3,0
,,542.3,0
,,542.3,0
,,542.3,0
,,542.3,0
,,542.3,0
,,542.3,0
,,542.3,0
,,542.3,0
,,542.3,0
,,542.3,0
,,542.3,0
,,542.3,0
,,542.3,0
,,542.3,0
,,542.3,0
,,542.3,0
,,542.3,0
,,542.3,0
,,542.3,0
,,542.3,0
,,542.3,0
,,542.3,0
,,542.3,0
,,542.3,0
,,542.3,0
,,542.3,0
,,542.3,0
,,542.3,0
,,542.3,0
,,542.3,0
,,542.3,0
,,542.3,0
,,542.3,0
,,542.3,0
,,542.3,0
,,542.3,0
,,542.3,0
,,542.3,0
,,542.3,0
,,542.3,0
,,542.3,0
,,542.3,0
,,542.3,0
,,542.3,0
,,542.3,0
,,542.3,0
,,542.3,0
,,542.3,0
,,542.3,0
,,542.3,0
,,542.3,0
,,542.3,0
,,542.3,0
,,542.3,0
,,542.3,0
,,542.3,0
,,542.3,0
,,542.3,0
,,542.3,0
,,542.4,0
,,542.4,0
,,542.4,0
,,542.4,0
,,542.4,0
,,542.4,0
,,542.4,0
,,542.4,0
,,542.4,0
,,542.4,0
,,542.4,0
,,542.4,0
,,542.4,0
,,542.4,0
,,542.4,0
,,542.4,0
,,542.4,0
,,542.4,0
,,542.4,0
,,542.4,0
,,542.4,0
,,542.4,0
,,542.4,0
,,542.4,0
,,542.4,0
,,542.4,0
,,542.4,0
,,542.4,0
,,542.4,0
,,542.4,0
,,542.4,0
,,542.4,0
,,542.4,0
,,542.4,0
,,542.4,0
,,542.4,0
,,542.4,0
,,542.4,0
,,542.4,0
,,542.4,0
,,542.4,0
,,542.4,0
,,542.4,0
,,542.4,0
,,542.4,0
,,542.4,0
,,542.4,0
,,542.4,0
,,542.4,0
,,542.4,0
,,542.4,0
,,542.4,0
,,542.4,0
,,542.4,0
,,542.4,0
,,542.4,0
,,542.4,0
,,542.4,0
,,542.4,0
,,542.4,0
,,542.4,0
,,542.4,0
,,542.4,0
,,542.4,0
,,542.5,0
,,542.5,0
,,542.5,0
,,542.5,0
,,542.5,0
,,542.5,0
,,542.5,0
,,542.5,0
,,542.5,0
,,542.5,0
,,542.5,0
,,542.5,0
,,542.5,0
,,542.5,0
,,542.5,0
,,542.5,0
,,542.5,0
,,542.5,0
,,542.5,0
,,542.5,0
,,542.5,0
,,542.5,0
,,542.5,0
,,542.5,0
,,542.5,0
,,542.5,0
,,542.5,0
,,542.5,0
,,542.5,0
,,542.5,0
,,542.5,0
,,542.5,0
,,542.5,0
,,542.5,0
,,542.5,0
,,542.5,0
,,542.5,0
,,542.5,0
,,542.5,0
,,542.5,0
,,542.5,0
,,542.5,0
,,542.5,0
,,542.5,0
,,542.5,0
,,542.5,0
,,542.5,0
,,542.5,0
,,542.5,0
,,542.5,0
,,542.5,0
,,542.5,0
,,542.5,0
,,542.5,0
,,542.5,0
,,542.5,0
,,542.5,0
,,542.5,0
,,542.5,0
,,542.5,0
,,542.5,0
,,542.5,0
,,542.5,0
,,542.5,0
,,542.5,0
,,542.5,0
,,542.5,0
,,542.5,0
,,542.6,0
,,542.6,0
,,542.6,0
,,542.6,0
,,542.6,0
,,542.6,0
,,542.6,0
,,542.6,0
,,542.6,0
,,542.6,0
,,542.6,0
,,542.6,0
,,542.6,0
,,542.6,0
,,542.6,0
,,542.6,0
,,542.6,0
,,542.6,0
,,542.6,0
,,542.6,0
,,542.6,0
,,542.6,0
,,542.6,0
,,542.6,0
,,542.6,0
,,542.6,0
,,542.6,0
,,542.6,0
,,542.6,0
,,542.6,0
,,542.6,0
,,542.6,0
,,542.6,0
,,542.6,0
,,542.6,0
,,542.6,0
,,542.6,0
,,542.6,0
,,542.6,0
,,542.6,0
,,542.6,0
,,542.6,0
,,542.6,0
,,542.6,0
,,542.6,0
,,542.6,0
,,542.6,0
,,542.6,0
,,542.6,0
,,542.6,0
,,542.6,0
,,542.6,0
,,542.6,0
,,542.6,0
,,542.6,0
,,542.6,0
,,542.6,0
,,542.6,0
,,542.6,0
,,542.6,0
,,542.6,0
,,542.6,0
,,542.6,0
,,542.6,0
,,542.6,0
,,542.6,0
,,542.6,0
,,542.6,0
,,542.5,0
,,542.5,0
,,542.5,0
,,542.5,0
,,542.5,0
,,542.5,0
,,542.5,0
,,542.5,0
,,542.5,0
,,542.5,0
,,542.5,0
,,542.5,0
,,542.6,0
,,542.6,0
,,542.6,0
,,542.6,0
,,542.6,0
,,542.6,0
,,542.6,0
,,542.6,0
,,542.6,0
,,542.6,0
,,542.6,0
,,542.6,0
,,542.6,0
,,542.6,0
,,542.6,0
,,542.6,0
,,542.6,0
,,542.6,0
,,542.6,0
,,542.6,0
,,542.6,0
,,542.6,0
,,542.6,0
,,542.6,0
,,542.6,0
,,542.6,0
,,542.6,0
,,542.6,0
,,542.6,0
,,542.6,0
,,542.6,0
,,542.6,0
,,542.6,0
,,542.6,0
,,542.6,0
,,542.6,0
,,542.6,0
,,542.6,0
,,542.6,0
,,542.6,0
,,542.6,0
,,542.6,0
,,542.6,0
,,542.6,0
,,542.6,0
,,542.6,0
,,542.6,0
,,542.6,0
,,542.6,0
,,542.6,0
,,542.6,0
,,542.6,0
,,542.6,0
,,542.6,0
,,542.6,0
,,542.6,0
,,542.6,0
,,542.6,0
,,542.6,0
,,542.6,0
,,542.6,0
,,542.6,0
,,542.6,0
,,542.6,0
,,542.6,0
,,542.6,0
,,542.6,0
,,542.6,0
,,542.6,0
,,542.6,0
,,542.6,0
,,542.6,0
,,542.6,0
,,542.6,0
,,542.6,0
,,542.6,0
,,542.6,0
,,542.6,0
,,542.6,0
,,542.6,0
,,542.6,0
,,542.6,0
,,542.6,0
,,542.6,0
,,542.6,0
,,542.6,0
,,542.6,0
,,542.6,0
,,542.6,0
,,542.6,0
,,542.6,0
,,542.6,0
,,542.6,0
,,542.6,0
,,542.6,0
,,542.6,0
,,542.6,0
,,542.6,0
,,542.6,0
,,542.6,0
,,542.6,0
,,542.6,0
,,542.6,0
,,542.6,0
,,542.7,0
,,542.7,0
,,542.7,0
,,542.7,0
,,542.7,0
,,542.7,0
,,542.7,0
,,542.7,0
,,542.7,0
,,542.7,0
,,542.7,0
,,542.7,0
,,542.7,0
,,542.7,0
,,542.7,0
,,542.7,0
,,542.7,0
,,542.7,0
,,542.7,0
,,542.7,0
,,542.7,0
,,542.7,0
,,542.7,0
,,542.7,0
,,542.7,0
,,542.7,0
,,542.7,0
,,542.7,0
,,542.6,0
,,542.6,0
,,542.6,0
,,542.6,0
,,542.6,0
,,542.6,0
,,542.6,0
,,542.6,0
,,542.6,0
,,542.6,0
,,542.6,0
,,542.6,0
,,542.6,0
,,542.6,0
,,542.6,0
,,542.6,0
,,542.6,0
,,542.6,0
,,542.6,0
,,542.6,0
,,542.6,0
,,542.6,0
,,542.6,0
,,542.6,0
,,542.6,0
,,542.6,0
,,542.6,0
,,542.6,0
,,542.6,0
,,542.6,0
,,542.6,0
,,542.6,0
,,542.6,0
,,542.6,0
,,542.6,0
,,542.6,0
,,541.3,0
,,541.3,0
,,541.3,0
,,541.3,0
,,539.9,0
,,539.9,0
,,539.9,0
,,539.9,0
,,540,0
,,540,0
,,540,0
,,540,0
,,539.8,0
,,539.8,0
,,539.8,0
,,539.8,0
,,539.6,0
,,539.6,0
,,539.6,0
,,539.6,0
,,540.1,0
,,540.1,0
,,540.1,0
,,540.1,0
,,541.1,0
,,541.1,0
,,541.1,0
,,541.1,0
,,540.7,0
,,540.7,0
,,540.7,0
,,540.7,0
,,540.5,0
,,540.5,0
,,540.5,0
,,540.5,0
,,540.5,0
,,540.5,0
,,540.5,0
,,540.5,0
,,540.7,0
,,540.7,0
,,540.7,0
,,540.7,0
,,540.5,0
,,540.5,0
,,540.5,0
,,540.5,0
,,540.9,0
,,540.9,0
,,540.9,0
,,540.9,0
,,541.1,0
,,541.1,0
,,541.1,0
,,541.1,0
,,540.9,0
,,540.9,0
,,540.9,0
,,540.9,0
,,540.7,0
,,540.7,0
,,540.7,0
,,540.7,0
,,541.1,0
,,541.1,0
,,541.1,0
,,541.1,0
,,540.8,0
,,540.8,0
,,540.8,0
,,540.8,0
,,540.7,0
,,540.7,0
,,540.7,0
,,540.7,0
,,541.2,0
,,541.2,0
,,541.2,0
,,541.2,0
,,541,0
,,541,0
,,541,0
,,541,0
,,541.1,0
,,541.1,0
,,541.1,0
,,541.1,0
,,541.2,0
,,541.2,0
,,541.2,0
,,541.2,0
,,541.3,0
,,541.3,0
,,541.3,0
,,541.3,0
,,541.2,0
,,541.2,0
,,541.2,0
,,541.2,0
,,541.1,0
,,541.1,0
,,541.1,0
,,541.1,0
,,541.6,0
,,541.6,0
,,541.6,0
,,541.6,0
,,541.7,0
,,541.7,0
,,541.7,0
,,541.7,0
,,541.6,0
,,541.6,0
,,541.6,0
,,541.6,0
,,541.6,0
,,541.6,0
,,541.6,0
,,541.6,0
,,541.9,0
,,541.9,0
,,541.9,0
,,541.9,0
,,541.7,0
,,541.7,0
,,541.7,0
,,541.7,0
,,541.9,0
,,541.9,0
,,541.9,0
,,541.9,0
,,542,0
,,542,0
,,542,0
,,542,0
,,541.9,0
,,541.9,0
,,541.9,0
,,541.9,0
,,541.7,0
,,541.7,0
,,541.7,0
,,541.7,0
,,541.5,0
,,541.5,0
,,541.5,0
,,541.5,0
,,541.3,0
,,541.3,0
,,541.3,0
,,541.3,0
,,541.2,0
,,541.2,0
,,541.2,0
,,541.2,0
,,541,0
,,541,0
,,541,0
,,541,0
,,541,0
,,541,0
,,541,0
,,541,0
,,540.8,0
,,540.8,0
,,540.8,0
,,540.8,0
,,540.9,0
,,540.9,0
,,540.9,0
,,540.9,0
,,540.9,0
,,540.9,0
,,540.9,0
,,540.9,0
,,540.9,0
,,540.9,0
,,540.9,0
,,540.9,0
,,540.6,0
,,540.6,0
,,540.6,0
,,540.6,0
,,540.8,0
,,540.8,0
,,540.8,0
,,540.8,0
,,540.7,0
,,540.7,0
,,540.7,0
,,540.7,0
,,540.7,0
,,540.7,0
,,540.7,0
,,540.7,0
,,540.7,0
,,540.7,0
,,540.7,0
,,540.7,0
,,540.7,0
,,540.7,0
,,540.7,0
,,540.7,0
,,540.6,0
,,540.6,0
,,540.6,0
,,540.6,0
,,540.9,0
,,540.9,0
,,540.9,0
,,540.9,0
,,540.8,0
,,540.8,0
,,540.8,0
,,540.8,0
,,540.8,0
,,540.8,0
,,540.8,0
,,540.8,0
,,541.1,0
,,541.1,0
,,541.1,0
,,541.1,0
,,540.9,0
,,540.9,0
,,540.9,0
,,540.9,0
,,541,0
,,541,0
,,541,0
,,541,0
,,541,0
,,541,0
,,541,0
,,541,0
,,541.1,0
,,541.1,0
,,541.1,0
,,541.1,0
,,541,0
,,541,0
,,541,0
,,541,0
,,541,0
,,541,0
,,541,0
,,541,0
,,540.9,0
,,540.9,0
,,540.9,0
,,540.9,0
,,540.7,0
,,540.7,0
,,540.7,0
,,540.7,0
,,540.5,0
,,540.5,0
,,540.5,0
,,540.5,0
,,540.7,0
,,540.7,0
,,540.7,0
,,540.7,0
,,540.5,0
,,540.5,0
,,540.5,0
,,540.5,0
,,540.6,0
,,540.6,0
,,540.6,0
,,540.6,0
,,540.5,0
,,540.5,0
,,540.5,0
,,540.5,0
,,540.6,0
,,540.6,0
,,540.6,0
,,540.6,0
,,540.4,0
,,540.4,0
,,540.4,0
,,540.4,0
,,540.5,0
,,540.5,0
,,540.5,0
,,540.5,0
,,540.6,0
,,540.6,0
,,540.6,0
,,540.6,0
,,540.4,0
,,540.4,0
,,540.4,0
,,540.4,0
,,540.7,0
,,540.7,0
,,540.7,0
,,540.7,0
,,540.5,0
,,540.5,0
,,540.5,0
,,540.5,0
,,540.6,0
,,540.6,0
,,540.6,0
,,540.6,0
,,540.5,0
,,540.5,0
,,540.5,0
,,540.5,0
,,540.6,0
,,540.6,0
,,540.6,0
,,540.6,0
,,540.5,0
,,540.5,0
,,540.5,0
,,540.5,0
,,540.5,0
,,540.5,0
,,540.5,0
,,540.5,0
,,540.6,0
,,540.6,0
,,540.6,0
,,540.6,0
,,540.3,0
,,540.3,0
,,540.3,0
,,540.3,0
,,540.5,0
,,540.5,0
,,540.5,0
,,540.5,0
,,540.3,0
,,540.3,0
,,540.3,0
,,540.3,0
,,540.3,0
,,540.3,0
,,540.3,0
,,540.3,0
,,540.4,0
,,540.4,0
,,540.4,0
,,540.4,0
,,540.3,0
,,540.3,0
,,540.3,0
,,540.3,0
,,540.4,0
,,540.4,0
,,540.4,0
,,540.4,0
,,540.3,0
,,540.3,0
,,540.3,0
,,540.3,0
,,540.2,0
,,540.2,0
,,540.2,0
,,540.2,0
,,540.2,0
,,540.2,0
,,540.2,0
,,540.2,0
,,540.2,0
,,540.2,0
,,540.2,0
,,540.2,0
,,540.2,0
,,540.2,0
,,540.2,0
,,540.2,0
,,540.4,0
,,540.4,0
,,540.4,0
,,540.4,0
,,540.2,0
,,540.2,0
,,540.2,0
,,540.2,0
,,540.3,0
,,540.3,0
,,540.3,0
,,540.3,0
,,540.1,0
,,540.1,0
,,540.1,0
,,540.1,0
,,540.2,0
,,540.2,0
,,540.2,0
,,540.2,0
,,540.1,0
,,540.1,0
,,540.1,0
,,540.1,0
,,540.3,0
,,540.3,0
,,540.3,0
,,540.3,0
,,540.2,0
,,540.2,0
,,540.2,0
,,540.2,0
,,540.3,0
,,540.3,0
,,540.3,0
,,540.3,0
,,540.4,0
,,540.4,0
,,540.4,0
,,540.4,0
,,540.2,0
,,540.2,0
,,540.2,0
,,540.2,0
,,540.1,0
,,540.1,0
,,540.1,0
,,540.1,0
,,540.1,0
,,540.1,0
,,540.1,0
,,540.1,0
,,540.1,0
,,540.1,0
,,540.1,0
,,540.1,0
,,540.3,0
,,540.3,0
,,540.3,0
,,540.3,0
,,540,0
,,540,0
,,540,0
,,540,0
,,540.3,0
,,540.3,0
,,540.3,0
,,540.3,0
,,540.4,0
,,540.4,0
,,540.4,0
,,540.4,0
,,540.7,0
,,540.7,0
,,540.7,0
,,540.7,0
,,540.5,0
,,540.5,0
,,540.5,0
,,540.5,0
,,540.8,0
,,540.8,0
,,540.8,0
,,540.8,0
,,540.7,0
,,540.7,0
,,540.7,0
,,540.7,0
,,541,0
,,541,0
,,541,0
,,541,0
,,541.1,0
,,541.1,0
,,541.1,0
,,541.1,0
,,541.1,0
,,541.1,0
,,541.1,0
,,541.1,0
,,541.1,0
,,541.1,0
,,541.1,0
,,541.1,0
,,540.9,0
,,540.9,0
,,540.9,0
,,540.9,0
,,541,0
,,541,0
,,541,0
,,541,0
,,541.1,0
,,541.1,0
,,541.1,0
,,541.1,0
,,541.1,0
,,541.1,0
,,541.1,0
,,541.1,0
,,541.1,0
,,541.1,0
,,541.1,0
,,541.1,0
,,541,0
,,541,0
,,541,0
,,541,0
,,541,0
,,541,0
,,541,0
,,541,0
,,541,0
,,541,0
,,541,0
,,541,0
,,541,0
,,541,0
,,541,0
,,541,0
,,541,0
,,541,0
,,541,0
,,541,0
,,541.2,0
,,541.2,0
,,541.2,0
,,541.2,0
,,541,0
,,541,0
,,541,0
,,541,0
,,541.2,0
,,541.2,0
,,541.2,0
,,541.2,0
,,541,0
,,541,0
,,541,0
,,541,0
,,540.9,0
,,540.9,0
,,540.9,0
,,540.9,0
,,540.9,0
,,540.9,0
,,540.9,0
,,540.9,0
,,541,0
,,541,0
,,541,0
,,541,0
,,541.1,0
,,541.1,0
,,541.1,0
,,541.1,0
,,541,0
,,541,0
,,541,0
,,541,0
,,541.2,0
,,541.2,0
,,541.2,0
,,541.2,0
,,541.1,0
,,541.1,0
,,541.1,0
,,541.1,0
,,540.9,0
,,540.9,0
,,540.9,0
,,540.9,0
,,541.1,0
,,541.1,0
,,541.1,0
,,541.1,0
,,540.9,0
,,540.9,0
,,540.9,0
,,540.9,0
,,541.2,0
,,541.2,0
,,541.2,0
,,541.2,0
,,541.1,0
,,541.1,0
,,541.1,0
,,541.1,0
,,540.9,0
,,540.9,0
,,540.9,0
,,540.9,0
,,541.1,0
,,541.1,0
,,541.1,0
,,541.1,0
,,541.3,0
,,541.3,0
,,541.3,0
,,541.3,0
,,541,0
,,541,0
,,541,0
,,541,0
,,541.2,0
,,541.2,0
,,541.2,0
,,541.2,0
,,541.2,0
,,541.2,0
,,541.2,0
,,541.2,0
,,541.2,0
,,541.2,0
,,541.2,0
,,541.2,0
,,541.3,0
,,541.3,0
,,541.3,0
,,541.3,0
,,541.3,0
,,541.3,0
,,541.3,0
,,541.3,0
,,541.1,0
,,541.1,0
,,541.1,0
,,541.1,0
,,540.5,0
,,540.5,0
,,540.5,0
,,540.5,0
,,540.7,0
,,540.7,0
,,540.7,0
,,540.7,0
,,540.7,0
,,540.7,0
,,540.7,0
,,540.7,0
,,540.6,0
,,540.6,0
,,540.6,0
,,540.6,0
,,540.9,0
,,540.9,0
,,540.9,0
,,540.9,0
,,541.1,0
,,541.1,0
,,541.1,0
,,541.1,0
,,540.9,0
,,540.9,0
,,540.9,0
,,540.9,0
,,541.1,0
,,541.1,0
,,541.1,0
,,541.1,0
,,540.9,0
,,540.9,0
,,540.9,0
,,540.9,0
,,541.1,0
,,541.1,0
,,541.1,0
,,541.1,0
,,541.2,0
,,541.2,0
,,541.2,0
,,541.2,0
,,541,0
,,541,0
,,541,0
,,541,0
,,541.2,0
,,541.2,0
,,541.2,0
,,541.2,0
,,541.3,0
,,541.3,0
,,541.3,0
,,541.3,0
,,541,0
,,541,0
,,541,0
,,541,0
,,541.2,0
,,541.2,0
,,541.2,0
,,541.2,0
,,541.2,0
,,541.2,0
,,541.2,0
,,541.2,0
,,541.2,0
,,541.2,0
,,541.2,0
,,541.2,0
,,541.2,0
,,541.2,0
,,541.2,0
,,541.2,0
,,541.1,0
,,541.1,0
,,541.1,0
,,541.1,0
,,541.1,0
,,541.1,0
,,541.1,0
,,541.1,0
,,541.2,0
,,541.2,0
,,541.2,0
,,541.2,0
,,541.2,0
,,541.2,0
,,541.2,0
,,541.2,0
,,541.2,0
,,541.2,0
,,541.2,0
,,541.2,0
,,541.1,0
,,541.1,0
,,541.1,0
,,541.1,0
,,541.1,0
,,541.1,0
,,541.1,0
,,541.1,0
,,541.2,0
,,541.2,0
,,541.2,0
,,541.2,0
,,540.9,0
,,540.9,0
,,540.9,0
,,540.9,0
,,541.1,0
,,541.1,0
,,541.1,0
,,541.1,0
,,541,0
,,541,0
,,541,0
,,541,0
,,541,0
,,541,0
,,541,0
,,541,0
,,541.2,0
,,541.2,0
,,541.2,0
,,541.2,0
,,541.2,0
,,541.2,0
,,541.2,0
,,541.2,0
,,541,0
,,541,0
,,541,0
,,541,0
,,541.2,0
,,541.2,0
,,541.2,0
,,541.2,0
,,540.9,0
,,540.9,0
,,540.9,0
,,540.9,0
,,541,0
,,541,0
,,541,0
,,541,0
,,541.2,0
,,541.2,0
,,541.2,0
,,541.2,0
,,540.9,0
,,540.9,0
,,540.9,0
,,540.9,0
,,541,0
,,541,0
,,541,0
,,541,0
,,541.1,0
,,541.1,0
,,541.1,0
,,541.1,0
,,541,0
,,541,0
,,541,0
,,541,0
,,541.2,0
,,541.2,0
,,541.2,0
,,541.2,0
,,541.2,0
,,541.2,0
,,541.2,0
,,541.2,0
,,541.4,0
,,541.4,0
,,541.4,0
,,541.4,0
,,541.6,0
,,541.6,0
,,541.6,0
,,541.6,0
,,541.5,0
,,541.5,0
,,541.5,0
,,541.5,0
,,541.4,0
,,541.4,0
,,541.4,0
,,541.4,0
,,541.5,0
,,541.5,0
,,541.5,0
,,541.5,0
,,541.5,0
,,541.5,0
,,541.5,0
,,541.5,0
,,541.6,0
,,541.6,0
,,541.6,0
,,541.6,0
,,541.5,0
,,541.5,0
,,541.5,0
,,541.5,0
,,541.5,0
,,541.5,0
,,541.5,0
,,541.5,0
,,541.6,0
,,541.6,0
,,541.6,0
,,541.6,0
,,541.4,0
,,541.4,0
,,541.4,0
,,541.4,0
,,541.3,0
,,541.3,0
,,541.3,0
,,541.3,0
,,541.4,0
,,541.4,0
,,541.4,0
,,541.4,0
,,541.3,0
,,541.3,0
,,541.3,0
,,541.3,0
,,541,0
,,541,0
,,541,0
,,541,0
,,541.2,0
,,541.2,0
,,541.2,0
,,541.2,0
,,541,0
,,541,0
,,541,0
,,541,0
,,541.2,0
,,541.2,0
,,541.2,0
,,541.2,0
,,541.3,0
,,541.3,0
,,541.3,0
,,541.3,0
,,541.2,0
,,541.2,0
,,541.2,0
,,541.2,0
,,541.4,0
,,541.4,0
,,541.4,0
,,541.4,0
,,541.4,0
,,541.4,0
,,541.4,0
,,541.4,0
,,541.2,0
,,541.2,0
,,541.2,0
,,541.2,0
,,541.2,0
,,541.2,0
,,541.2,0
,,541.2,0
,,541.2,0
,,541.2,0
,,541.2,0
,,541.2,0
,,541.4,0
,,541.4,0
,,541.4,0
,,541.4,0
,,541.5,0
,,541.5,0
,,541.5,0
,,541.5,0
,,541.6,0
,,541.6,0
,,541.6,0
,,541.6,0
,,541.5,0
,,541.5,0
,,541.5,0
,,541.5,0
,,541.5,0
,,541.5,0
,,541.5,0
,,541.5,0
,,541.4,0
,,541.4,0
,,541.4,0
,,541.4,0
,,541.4,0
,,541.4,0
,,541.4,0
,,541.4,0
,,541.4,0
,,541.4,0
,,541.4,0
,,541.4,0
,,541.5,0
,,541.5,0
,,541.5,0
,,541.5,0
,,541.5,0
,,541.5,0
,,541.5,0
,,541.5,0
,,541.6,0
,,541.6,0
,,541.6,0
,,541.6,0
,,541.3,0
,,541.3,0
,,541.3,0
,,541.3,0
,,541.4,0
,,541.4,0
,,541.4,0
,,541.4,0
,,541.6,0
,,541.6,0
,,541.6,0
,,541.6,0
,,541.6,0
,,541.6,0
,,541.6,0
,,541.6,0
,,541.7,0
,,541.7,0
,,541.7,0
,,541.7,0
,,542,0
,,542,0
,,542,0
,,542,0
,,542,0
,,542,0
,,542,0
,,542,0
,,541.9,0
,,541.9,0
,,541.9,0
,,541.9,0
,,542.2,0
,,542.2,0
,,542.2,0
,,542.2,0
,,542.8,0
,,542.8,0
,,542.8,0
,,542.8,0
,,542.8,0
,,542.8,0
,,542.8,0
,,542.8,0
,,542.8,0
,,542.8,0
,,542.8,0
,,542.8,0
,,542.8,0
,,542.8,0
,,542.8,0
,,542.8,0
,,542.8,0
,,542.8,0
,,542.8,0
,,542.8,0
,,542.8,0
,,542.8,0
,,542.8,0
,,542.8,0
,,542.9,0
,,542.9,0
,,542.9,0
,,542.9,0
,,542.9,0
,,542.9,0
,,542.9,0
,,542.9,0
,,542.9,0
,,542.9,0
,,542.9,0
,,542.9,0
,,542.8,0
,,542.8,0
,,542.8,0
,,542.8,0
,,542.9,0
,,542.9,0
,,542.9,0
,,542.9,0
,,542.9,0
,,542.9,0
,,542.9,0
,,542.9,0
,,542.9,0
,,542.9,0
,,542.9,0
,,542.9,0
,,542.9,0
,,542.9,0
,,542.9,0
,,542.9,0
,,542.8,0
,,542.8,0
,,542.8,0
,,542.8,0
,,542.8,0
,,542.8,0
,,542.8,0
,,542.8,0
,,542.8,0
,,542.8,0
,,542.8,0
,,542.8,0
,,542.8,0
,,542.8,0
,,542.8,0
,,542.8,0
,,542.8,0
,,542.8,0
,,542.8,0
,,542.8,0
,,542.8,0
,,542.8,0
,,542.8,0
,,542.8,0
,,542.7,0
,,542.7,0
,,542.7,0
,,542.7,0
,,542.7,0
,,542.7,0
,,542.7,0
,,542.7,0
,,542.7,0
,,542.7,0
,,542.7,0
,,542.7,0
,,542.6,0
,,542.6,0
,,542.6,0
,,542.6,0
,,542.6,0
,,542.6,0
,,542.6,0
,,542.6,0
,,542.6,0
,,542.6,0
,,542.6,0
,,542.6,0
,,542.4,0
,,542.4,0
,,542.4,0
,,542.4,0
,,541.8,0
,,541.8,0
,,541.8,0
,,541.8,0
,,542,0
,,542,0
,,542,0
,,542,0
,,542,0
,,542,0
,,542,0
,,542,0
,,542,0
,,542,0
,,542,0
,,542,0
,,542.1,0
,,542.1,0
,,542.1,0
,,542.1,0
,,542,0
,,542,0
,,542,0
,,542,0
,,542.2,0
,,542.2,0
,,542.2,0
,,542.2,0
,,542.2,0
,,542.2,0
,,542.2,0
,,542.2,0
,,542.5,0
,,542.5,0
,,542.5,0
,,542.5,0
,,542.6,0
,,542.6,0
,,542.6,0
,,542.6,0
,,542.6,0
,,542.6,0
,,542.6,0
,,542.6,0
,,543,0
,,543,0
,,543,0
,,543,0
,,543,0
,,543,0
,,543,0
,,543,0
,,543,0
,,543,0
,,543,0
,,543,0
,,543,0
,,543,0
,,543,0
,,543,0
,,543,0
,,543,0
,,543,0
,,543,0
,,543,0
,,543,0
,,543,0
,,543,0
,,543,0
,,543,0
,,543,0
,,543,0
,,543,0
,,543,0
,,543,0
,,543,0
,,543,0
,,543,0
,,543,0
,,543,0
,,543,0
,,543,0
,,543,0
,,543,0
,,543,0
,,543,0
,,543,0
,,543,0
,,543,0
,,543,0
,,543,0
,,543,0
,,543,0
,,543,0
,,543,0
,,543,0
,,543,0
,,543,0
,,543,0
,,543,0
,,543,0
,,543,0
,,543,0
,,543,0
,,543,0
,,543,0
,,543,0
,,543,0
,,542.9,0
,,542.9,0
,,542.9,0
,,542.9,0
,,542.9,0
,,542.9,0
,,542.9,0
,,542.9,0
,,542.8,0
,,542.8,0
,,542.8,0
,,542.8,0
,,542.8,0
,,542.8,0
,,542.8,0
,,542.8,0
,,542.6,0
,,542.6,0
,,542.6,0
,,542.6,0
,,542.4,0
,,542.4,0
,,542.4,0
,,542.4,0
,,542.1,0
,,542.1,0
,,542.1,0
,,542.1,0
,,541.7,0
,,541.7,0
,,541.7,0
,,541.7,0
,,542,0
,,542,0
,,542,0
,,542,0
,,542,0
,,542,0
,,542,0
,,542,0
,,541.9,0
,,541.9,0
,,541.9,0
,,541.9,0
,,541.7,0
,,541.7,0
,,541.7,0
,,541.7,0
,,541.6,0
,,541.6,0
,,541.6,0
,,541.6,0
,,541.6,0
,,541.6,0
,,541.6,0
,,541.6,0
,,541.7,0
,,541.7,0
,,541.7,0
,,541.7,0
,,541.7,0
,,541.7,0
,,541.7,0
,,541.7,0
,,541.8,0
,,541.8,0
,,541.8,0
,,541.8,0
,,541.6,0
,,541.6,0
,,541.6,0
,,541.6,0
,,541.9,0
,,541.9,0
,,541.9,0
,,541.9,0
,,541.6,0
,,541.6,0
,,541.6,0
,,541.6,0
,,541.8,0
,,541.8,0
,,541.8,0
,,541.8,0
,,541.7,0
,,541.7,0
,,541.7,0
,,541.7,0
,,541.7,0
,,541.7,0
,,541.7,0
,,541.7,0
,,541.8,0
,,541.8,0
,,541.8,0
,,541.8,0
,,541.8,0
,,541.8,0
,,541.8,0
,,541.8,0
,,541.9,0
,,541.9,0
,,541.9,0
,,541.9,0
,,541.9,0
,,541.9,0
,,541.9,0
,,541.9,0
,,541.9,0
,,541.9,0
,,541.9,0
,,541.9,0
,,541.9,0
,,541.9,0
,,541.9,0
,,541.9,0
,,542.2,0
,,542.2,0
,,542.2,0
,,542.2,0
,,542.2,0
,,542.2,0
,,542.2,0
,,542.2,0
,,542.3,0
,,542.3,0
,,542.3,0
,,542.3,0
,,542.1,0
,,542.1,0
,,542.1,0
,,542.1,0
,,542.3,0
,,542.3,0
,,542.3,0
,,542.3,0
,,542.1,0
,,542.1,0
,,542.1,0
,,542.1,0
,,542,0
,,542,0
,,542,0
,,542,0
,,541.8,0
,,541.8,0
,,541.8,0
,,541.8,0
,,541.8,0
,,541.8,0
,,541.8,0
,,541.8,0
,,541.8,0
,,541.8,0
,,541.8,0
,,541.8,0
,,541.9,0
,,541.9,0
,,541.9,0
,,541.9,0
,,541.8,0
,,541.8,0
,,541.8,0
,,541.8,0
,,541.7,0
,,541.7,0
,,541.7,0
,,541.7,0
,,541.7,0
,,541.7,0
,,541.7,0
,,541.7,0
,,541.6,0
,,541.6,0
,,541.6,0
,,541.6,0
,,541.5,0
,,541.5,0
,,541.5,0
,,541.5,0
,,541.3,0
,,541.3,0
,,541.3,0
,,541.3,0
,,541.4,0
,,541.4,0
,,541.4,0
,,541.4,0
,,541.3,0
,,541.3,0
,,541.3,0
,,541.3,0
,,541.3,0
,,541.3,0
,,541.3,0
,,541.3,0
,,541.2,0
,,541.2,0
,,541.2,0
,,541.2,0
,,541.4,0
,,541.4,0
,,541.4,0
,,541.4,0
,,541.4,0
,,541.4,0
,,541.4,0
,,541.4,0
,,541.7,0
,,541.7,0
,,541.7,0
,,541.7,0
,,541.8,0
,,541.8,0
,,541.8,0
,,541.8,0
,,541.9,0
,,541.9,0
,,541.9,0
,,541.9,0
,,542.2,0
,,542.2,0
,,542.2,0
,,542.2,0
,,542.3,0
,,542.3,0
,,542.3,0
,,542.3,0
,,542.3,0
,,542.3,0
,,542.3,0
,,542.3,0
,,542.3,0
,,542.3,0
,,542.3,0
,,542.3,0
,,542.3,0
,,542.3,0
,,542.3,0
,,542.3,0
,,543,0
,,543,0
,,543,0
,,543,0
,,543,0
,,543,0
,,543,0
,,543,0
,,543.1,0
,,543.1,0
,,543.1,0
,,543.1,0
,,543.1,0
,,543.1,0
,,543.1,0
,,543.1,0
,,543.1,0
,,543.1,0
,,543.1,0
,,543.1,0
,,543,0
,,543,0
,,543,0
,,543,0
,,543.1,0
,,543.1,0
,,543.1,0
,,543.1,0
,,543.1,0
,,543.1,0
,,543.1,0
,,543.1,0
,,543.1,0
,,543.1,0
,,543.1,0
,,543.1,0
,,543.1,0
,,543.1,0
,,543.1,0
,,543.1,0
,,543.1,0
,,543.1,0
,,543.1,0
,,543.1,0
,,543.1,0
,,543.1,0
,,543.1,0
,,543.1,0
,,543.1,0
,,543.1,0
,,543.1,0
,,543.1,0
,,543.1,0
,,543.1,0
,,543.1,0
,,543.1,0
,,543.1,0
,,543.1,0
,,543.1,0
,,543.1,0
,,543,0
,,543,0
,,543,0
,,543,0
,,542.9,0
,,542.9,0
,,542.9,0
,,542.9,0
,,542.1,0
,,542.1,0
,,542.1,0
,,542.1,0
,,538.9,0
,,538.9,0
,,538.9,0
,,538.9,0
,,539,0
,,539,0
,,539,0
,,539,0
,,538.8,0
,,538.8,0
,,538.8,0
,,538.8,0
,,537,0
,,537,0
,,537,0
,,537,0
,,535.2,0
,,535.2,0
,,535.2,0
,,535.2,0
,,534.1,0
,,534.1,0
,,534.1,0
,,534.1,0
,,531.3,0
,,531.3,0
,,531.3,0
,,531.3,0
,,531,0
,,531,0
,,531,0
,,531,0
,,531,0
,,531,0
,,531,0
,,531,0
,,530.9,0
,,530.9,0
,,530.9,0
,,530.9,0
,,530.6,0
,,530.6,0
,,530.6,0
,,530.6,0
,,532.8,0
,,532.8,0
,,532.8,0
,,532.8,0
,,535,0
,,535,0
,,535,0
,,535,0
,,539.5,0
,,539.5,0
,,539.5,0
,,539.5,0
,,540.3,0
,,540.3,0
,,540.3,0
,,540.3,0
,,540.6,0
,,540.6,0
,,540.6,0
,,540.6,0
,,541.1,0
,,541.1,0
,,541.1,0
,,541.1,0
,,541.7,0
,,541.7,0
,,541.7,0
,,541.7,0
,,542.6,0
,,542.6,0
,,542.6,0
,,542.6,0
,,542.7,0
,,542.7,0
,,542.7,0
,,542.7,0
,,542.7,0
,,542.7,0
,,542.7,0
,,542.7,0
,,542.7,0
,,542.7,0
,,542.7,0
,,542.7,0
,,542.6,0
,,542.6,0
,,542.6,0
,,542.6,0
,,542.7,0
,,542.7,0
,,542.7,0
,,542.7,0
,,542.7,0
,,542.7,0
,,542.7,0
,,542.7,0
,,542.8,0
,,542.8,0
,,542.8,0
,,542.8,0
,,542.8,0
,,542.8,0
,,542.8,0
,,542.8,0
,,542.8,0
,,542.8,0
,,542.8,0
,,542.8,0
,,542.8,0
,,542.8,0
,,542.8,0
,,542.8,0
,,542.8,0
,,542.8,0
,,542.8,0
,,542.8,0
,,542.8,0
,,542.8,0
,,542.8,0
,,542.8,0
,,542.9,0
,,542.9,0
,,542.9,0
,,542.9,0
,,542.9,0
,,542.9,0
,,542.9,0
,,542.9,0
,,542.9,0
,,542.9,0
,,542.9,0
,,542.9,0
,,542.9,0
,,542.9,0
,,542.9,0
,,542.9,0
,,542.9,0
,,542.9,0
,,542.9,0
,,542.9,0
,,542.9,0
,,542.9,0
,,542.9,0
,,542.9,0
,,542.9,0
,,542.9,0
,,542.9,0
,,542.9,0
,,542.9,0
,,542.9,0
,,542.9,0
,,542.9,0
,,542.9,0
,,542.9,0
,,542.9,0
,,542.9,0
,,542.9,0
,,542.9,0
,,542.9,0
,,542.9,0
,,542.9,0
,,542.9,0
,,542.9,0
,,542.9,0
,,542.9,0
,,542.9,0
,,542.9,0
,,542.9,0
,,542.9,0
,,542.9,0
,,542.9,0
,,542.9,0
,,542.9,0
,,542.9,0
,,542.9,0
,,542.9,0
,,542.9,0
,,542.9,0
,,542.9,0
,,542.9,0
,,542.8,0
,,542.8,0
,,542.8,0
,,542.8,0
,,542.7,0
,,542.7,0
,,542.7,0
,,542.7,0
,,542,0
,,542,0
,,542,0
,,542,0
,,541.5,0
,,541.5,0
,,541.5,0
,,541.5,0
,,541.2,0
,,541.2,0
,,541.2,0
,,541.2,0
,,541.1,0
,,541.1,0
,,541.1,0
,,541.1,0
,,541.1,0
,,541.1,0
,,541.1,0
,,541.1,0
,,541.1,0
,,541.1,0
,,541.1,0
,,541.1,0
,,541.2,0
,,541.2,0
,,541.2,0
,,541.2,0
,,541.1,0
,,541.1,0
,,541.1,0
,,541.1,0
,,541.3,0
,,541.3,0
,,541.3,0
,,541.3,0
,,541,0
,,541,0
,,541,0
,,541,0
,,540.9,0
,,540.9,0
,,540.9,0
,,540.9,0
,,540.5,0
,,540.5,0
,,540.5,0
,,540.5,0
,,540.5,0
,,540.5,0
,,540.5,0
,,540.5,0
,,540.1,0
,,540.1,0
,,540.1,0
,,540.1,0
,,539.9,0
,,539.9,0
,,539.9,0
,,539.9,0
,,540,0
,,540,0
,,540,0
,,540,0
,,540,0
,,540,0
,,540,0
,,540,0
,,539.7,0
,,539.7,0
,,539.7,0
,,539.7,0
,,539.4,0
,,539.4,0
,,539.4,0
,,539.4,0
,,539.5,0
,,539.5,0
,,539.5,0
,,539.5,0
,,539.2,0
,,539.2,0
,,539.2,0
,,539.2,0
,,539.6,0
,,539.6,0
,,539.6,0
,,539.6,0
,,539.5,0
,,539.5,0
,,539.5,0
,,539.5,0
,,540,0
,,540,0
,,540,0
,,540,0
,,540.4,0
,,540.4,0
,,540.4,0
,,540.4,0
,,540.5,0
,,540.5,0
,,540.5,0
,,540.5,0
,,540.4,0
,,540.4,0
,,540.4,0
,,540.4,0
,,540.8,0
,,540.8,0
,,540.8,0
,,540.8,0
,,540.7,0
,,540.7,0
,,540.7,0
,,540.7,0
,,540.8,0
,,540.8,0
,,540.8,0
,,540.8,0
,,540.9,0
,,540.9,0
,,540.9,0
,,540.9,0
,,541.1,0
,,541.1,0
,,541.1,0
,,541.1,0
,,541.3,0
,,541.3,0
,,541.3,0
,,541.3,0
,,541.3,0
,,541.3,0
,,541.3,0
,,541.3,0
,,541.5,0
,,541.5,0
,,541.5,0
,,541.5,0
,,541.9,0
,,541.9,0
,,541.9,0
,,541.9,0
,,542.2,0
,,542.2,0
,,542.2,0
,,542.2,0
,,542.3,0
,,542.3,0
,,542.3,0
,,542.3,0
,,542.4,0
,,542.4,0
,,542.4,0
,,542.4,0
,,542.4,0
,,542.4,0
,,542.4,0
,,542.4,0
,,542.3,0
,,542.3,0
,,542.3,0
,,542.3,0
,,542.4,0
,,542.4,0
,,542.4,0
,,542.4,0
,,542.3,0
,,542.3,0
,,542.3,0
,,542.3,0
,,542.4,0
,,542.4,0
,,542.4,0
,,542.4,0
,,542.4,0
,,542.4,0
,,542.4,0
,,542.4,0
,,542.4,0
,,542.4,0
,,542.4,0
,,542.4,0
,,542,0
,,542,0
,,542,0
,,542,0
,,541.5,0
,,541.5,0
,,541.5,0
,,541.5,0
,,541.7,0
,,541.7,0
,,541.7,0
,,541.7,0
,,541.5,0
,,541.5,0
,,541.5,0
,,541.5,0
,,541.6,0
,,541.6,0
,,541.6,0
,,541.6,0
,,541.5,0
,,541.5,0
,,541.5,0
,,541.5,0
,,541.5,0
,,541.5,0
,,541.5,0
,,541.5,0
,,541.2,0
,,541.2,0
,,541.2,0
,,541.2,0
,,541.3,0
,,541.3,0
,,541.3,0
,,541.3,0
,,541.1,0
,,541.1,0
,,541.1,0
,,541.1,0
,,541,0
,,541,0
,,541,0
,,541,0
,,540.9,0
,,540.9,0
,,540.9,0
,,540.9,0
,,541.1,0
,,541.1,0
,,541.1,0
,,541.1,0
,,540.9,0
,,540.9,0
,,540.9,0
,,540.9,0
,,540.9,0
,,540.9,0
,,540.9,0
,,540.9,0
,,541,0
,,541,0
,,541,0
,,541,0
,,541,0
,,541,0
,,541,0
,,541,0
,,541,0
,,541,0
,,541,0
,,541,0
,,540.7,0
,,540.7,0
,,540.7,0
,,540.7,0
,,540.9,0
,,540.9,0
,,540.9,0
,,540.9,0
,,540.9,0
,,540.9,0
,,540.9,0
,,540.9,0
,,540.8,0
,,540.8,0
,,540.8,0
,,540.8,0
,,540.8,0
,,540.8,0
,,540.8,0
,,540.8,0
,,540.9,0
,,540.9,0
,,540.9,0
,,540.9,0
,,540.9,0
,,540.9,0
,,540.9,0
,,540.9,0
,,540.9,0
,,540.9,0
,,540.9,0
,,540.9,0
,,540.8,0
,,540.8,0
,,540.8,0
,,540.8,0
,,541,0
,,541,0
,,541,0
,,541,0
,,540.8,0
,,540.8,0
,,540.8,0
,,540.8,0
,,541,0
,,541,0
,,541,0
,,541,0
,,540.8,0
,,540.8,0
,,540.8,0
,,540.8,0
,,540.7,0
,,540.7,0
,,540.7,0
,,540.7,0
,,540.7,0
,,540.7,0
,,540.7,0
,,540.7,0
,,540.8,0
,,540.8,0
,,540.8,0
,,540.8,0
,,540.9,0
,,540.9,0
,,540.9,0
,,540.9,0
,,540.8,0
,,540.8,0
,,540.8,0
,,540.8,0
,,540.9,0
,,540.9,0
,,540.9,0
,,540.9,0
,,540.6,0
,,540.6,0
,,540.6,0
,,540.6,0
,,540.8,0
,,540.8,0
,,540.8,0
,,540.8,0
,,540.8,0
,,540.8,0
,,540.8,0
,,540.8,0
,,541.3,0
,,541.3,0
,,541.3,0
,,541.3,0
,,541.3,0
,,541.3,0
,,541.3,0
,,541.3,0
,,541.3,0
,,541.3,0
,,541.3,0
,,541.3,0
,,541.2,0
,,541.2,0
,,541.2,0
,,541.2,0
,,541.3,0
,,541.3,0
,,541.3,0
,,541.3,0
,,541.3,0
,,541.3,0
,,541.3,0
,,541.3,0
,,541.5,0
,,541.5,0
,,541.5,0
,,541.5,0
,,541.3,0
,,541.3,0
,,541.3,0
,,541.3,0
,,541.3,0
,,541.3,0
,,541.3,0
,,541.3,0
,,541.1,0
,,541.1,0
,,541.1,0
,,541.1,0
,,541.3,0
,,541.3,0
,,541.3,0
,,541.3,0
,,541.2,0
,,541.2,0
,,541.2,0
,,541.2,0
,,541.2,0
,,541.2,0
,,541.2,0
,,541.2,0
,,540.9,0
,,540.9,0
,,540.9,0
,,540.9,0
,,541,0
,,541,0
,,541,0
,,541,0
,,541.1,0
,,541.1,0
,,541.1,0
,,541.1,0
,,541,0
,,541,0
,,541,0
,,541,0
,,541.1,0
,,541.1,0
,,541.1,0
,,541.1,0
,,541.2,0
,,541.2,0
,,541.2,0
,,541.2,0
,,541.1,0
,,541.1,0
,,541.1,0
,,541.1,0
,,540.9,0
,,540.9,0
,,540.9,0
,,540.9,0
,,541.3,0
,,541.3,0
,,541.3,0
,,541.3,0
,,541.5,0
,,541.5,0
,,541.5,0
,,541.5,0
,,541.7,0
,,541.7,0
,,541.7,0
,,541.7,0
,,541.8,0
,,541.8,0
,,541.8,0
,,541.8,0
,,542.1,0
,,542.1,0
,,542.1,0
,,542.1,0
,,542,0
,,542,0
,,542,0
,,542,0
,,542.2,0
,,542.2,0
,,542.2,0
,,542.2,0
,,542.3,0
,,542.3,0
,,542.3,0
,,542.3,0
,,542.3,0
,,542.3,0
,,542.3,0
,,542.3,0
,,542.4,0
,,542.4,0
,,542.4,0
,,542.4,0
,,542.4,0
,,542.4,0
,,542.4,0
,,542.4,0
,,542.4,0
,,542.4,0
,,542.4,0
,,542.4,0
,,542.4,0
,,542.4,0
,,542.4,0
,,542.4,0
,,542.4,0
,,542.4,0
,,542.4,0
,,542.4,0
,,542.4,0
,,542.4,0
,,542.4,0
,,542.4,0
,,542.3,0
,,542.3,0
,,542.3,0
,,542.3,0
,,542,0
,,542,0
,,542,0
,,542,0
,,542,0
,,542,0
,,542,0
,,542,0
,,542.1,0
,,542.1,0
,,542.1,0
,,542.1,0
,,542,0
,,542,0
,,542,0
,,542,0
,,540.9,0
,,540.9,0
,,540.9,0
,,540.9,0
,,541.6,0
,,541.6,0
,,541.6,0
,,541.6,0
,,541.9,0
,,541.9,0
,,541.9,0
,,541.9,0
,,541.8,0
,,541.8,0
,,541.8,0
,,541.8,0
,,541.9,0
,,541.9,0
,,541.9,0
,,541.9,0
,,541.7,0
,,541.7,0
,,541.7,0
,,541.7,0
,,541.8,0
,,541.8,0
,,541.8,0
,,541.8,0
,,541.9,0
,,541.9,0
,,541.9,0
,,541.9,0
,,542.1,0
,,542.1,0
,,542.1,0
,,542.1,0
,,542.2,0
,,542.2,0
,,542.2,0
,,542.2,0
,,542.3,0
,,542.3,0
,,542.3,0
,,542.3,0
,,542.9,0
,,542.9,0
,,542.9,0
,,542.9,0
,,542.9,0
,,542.9,0
,,542.9,0
,,542.9,0
,,543,0
,,543,0
,,543,0
,,543,0
,,543,0
,,543,0
,,543,0
,,543,0
,,543,0
,,543,0
,,543,0
,,543,0
,,543,0
,,543,0
,,543,0
,,543,0
,,543,0
,,543,0
,,543,0
,,543,0
,,543,0
,,543,0
,,543,0
,,543,0
,,543,0
,,543,0
,,543,0
,,543,0
,,543,0
,,543,0
,,543,0
,,543,0
,,543,0
,,543,0
,,543,0
,,543,0
,,543,0
,,543,0
,,543,0
,,543,0
,,543,0
,,543,0
,,543,0
,,543,0
,,543,0
,,543,0
,,543,0
,,543,0
,,542.9,0
,,542.9,0
,,542.9,0
,,542.9,0
,,542.8,0
,,542.8,0
,,542.8,0
,,542.8,0
,,542.8,0
,,542.8,0
,,542.8,0
,,542.8,0
,,542.8,0
,,542.8,0
,,542.8,0
,,542.8,0
,,542.7,0
,,542.7,0
,,542.7,0
,,542.7,0
,,542.8,0
,,542.8,0
,,542.8,0
,,542.8,0
,,542.8,0
,,542.8,0
,,542.8,0
,,542.8,0
,,542.8,0
,,542.8,0
,,542.8,0
,,542.8,0
,,542.7,0
,,542.7,0
,,542.7,0
,,542.7,0
,,542.7,0
,,542.7,0
,,542.7,0
,,542.7,0
,,542.7,0
,,542.7,0
,,542.7,0
,,542.7,0
,,542.6,0
,,542.6,0
,,542.6,0
,,542.6,0
,,542.6,0
,,542.6,0
,,542.6,0
,,542.6,0
,,542.5,0
,,542.5,0
,,542.5,0
,,542.5,0
,,542.4,0
,,542.4,0
,,542.4,0
,,542.4,0
,,542.3,0
,,542.3,0
,,542.3,0
,,542.3,0
,,542.4,0
,,542.4,0
,,542.4,0
,,542.4,0
,,542.4,0
,,542.4,0
,,542.4,0
,,542.4,0
,,542.3,0
,,542.3,0
,,542.3,0
,,542.3,0
,,542,0
,,542,0
,,542,0
,,542,0
,,542,0
,,542,0
,,542,0
,,542,0
,,542.1,0
,,542.1,0
,,542.1,0
,,542.1,0
,,542.2,0
,,542.2,0
,,542.2,0
,,542.2,0
,,542.2,0
,,542.2,0
,,542.2,0
,,542.2,0
,,542.2,0
,,542.2,0
,,542.2,0
,,542.2,0
,,542.3,0
,,542.3,0
,,542.3,0
,,542.3,0
,,542.4,0
,,542.4,0
,,542.4,0
,,542.4,0
,,542.5,0
,,542.5,0
,,542.5,0
,,542.5,0
,,542.5,0
,,542.5,0
,,542.5,0
,,542.5,0
,,542.5,0
,,542.5,0
,,542.5,0
,,542.5,0
,,542.5,0
,,542.5,0
,,542.5,0
,,542.5,0
,,542.5,0
,,542.5,0
,,542.5,0
,,542.5,0
,,542.5,0
,,542.5,0
,,542.5,0
,,542.5,0
,,542.6,0
,,542.6,0
,,542.6,0
,,542.6,0
,,542.6,0
,,542.6,0
,,542.6,0
,,542.6,0
,,542.5,0
,,542.5,0
,,542.5,0
,,542.5,0
,,542.5,0
,,542.5,0
,,542.5,0
,,542.5,0
,,542.6,0
,,542.6,0
,,542.6,0
,,542.6,0
,,542.6,0
,,542.6,0
,,542.6,0
,,542.6,0
,,542.6,0
,,542.6,0
,,542.6,0
,,542.6,0
,,542.6,0
,,542.6,0
,,542.6,0
,,542.6,0
,,542.5,0
,,542.5,0
,,542.5,0
,,542.5,0
,,542.5,0
,,542.5,0
,,542.5,0
,,542.5,0
,,542.6,0
,,542.6,0
,,542.6,0
,,542.6,0
,,542.6,0
,,542.6,0
,,542.6,0
,,542.6,0
,,542.6,0
,,542.6,0
,,542.6,0
,,542.6,0
,,542.6,0
,,542.6,0
,,542.6,0
,,542.6,0
,,542.6,0
,,542.6,0
,,542.6,0
,,542.6,0
,,542.6,0
,,542.6,0
,,542.6,0
,,542.6,0
,,542.6,0
,,542.6,0
,,542.6,0
,,542.6,0
,,542.6,0
,,542.6,0
,,542.6,0
,,542.6,0
,,542.6,0
,,542.6,0
,,542.6,0
,,542.6,0
,,542.6,0
,,542.6,0
,,542.6,0
,,542.6,0
,,542.6,0
,,542.6,0
,,542.6,0
,,542.6,0
,,542.7,0
,,542.7,0
,,542.7,0
,,542.7,0
,,542.7,0
,,542.7,0
,,542.7,0
,,542.7,0
,,542.7,0
,,542.7,0
,,542.7,0
,,542.7,0
,,542.7,0
,,542.7,0
,,542.7,0
,,542.7,0
,,542.8,0
,,542.8,0
,,542.8,0
,,542.8,0
,,542.8,0
,,542.8,0
,,542.8,0
,,542.8,0
,,542.8,0
,,542.8,0
,,542.8,0
,,542.8,0
,,543.1,0
,,543.1,0
,,543.1,0
,,543.1,0
,,543.2,0
,,543.2,0
,,543.2,0
,,543.2,0
,,543.1,0
,,543.1,0
,,543.1,0
,,543.1,0
,,543.2,0
,,543.2,0
,,543.2,0
,,543.2,0
,,543.2,0
,,543.2,0
,,543.2,0
,,543.2,0
,,543.2,0
,,543.2,0
,,543.2,0
,,543.2,0
,,543.2,0
,,543.2,0
,,543.2,0
,,543.2,0
,,543.2,0
,,543.2,0
,,543.2,0
,,543.2,0
,,543.2,0
,,543.2,0
,,543.2,0
,,543.2,0
,,543.2,0
,,543.2,0
,,543.2,0
,,543.2,0
,,543.2,0
,,543.2,0
,,543.2,0
,,543.2,0
,,543.2,0
,,543.2,0
,,543.2,0
,,543.2,0
,,543.2,0
,,543.2,0
,,543.2,0
,,543.2,0
,,543.2,0
,,543.2,0
,,543.2,0
,,543.2,0
,,543.2,0
,,543.2,0
,,543.2,0
,,543.2,0
,,543.2,0
,,543.2,0
,,543.2,0
,,543.2,0
,,543.2,0
,,543.2,0
,,543.2,0
,,543.2,0
,,543.2,0
,,543.2,0
,,543.2,0
,,543.2,0
,,543.2,0
,,543.2,0
,,543.2,0
,,543.2,0
,,543.2,0
,,543.2,0
,,543.2,0
,,543.2,0
,,543.2,0
,,543.2,0
,,543.2,0
,,543.2,0
,,543.2,0
,,543.2,0
,,543.2,0
,,543.2,0
,,543.2,0
,,543.2,0
,,543.2,0
,,543.2,0
,,543.2,0
,,543.2,0
,,543.2,0
,,543.2,0
,,543.2,0
,,543.2,0
,,543.2,0
,,543.2,0
,,543.2,0
,,543.2,0
,,543.2,0
,,543.2,0
,,543.2,0
,,543.2,0
,,543.2,0
,,543.2,0
,,543.2,0
,,543.2,0
,,543.2,0
,,543.2,0
,,543.3,0
,,543.3,0
,,543.3,0
,,543.3,0
,,543.3,0
,,543.3,0
,,543.3,0
,,543.3,0
,,543.3,0
,,543.3,0
,,543.3,0
,,543.3,0
,,543.3,0
,,543.3,0
,,543.3,0
,,543.3,0
,,543.3,0
,,543.3,0
,,543.3,0
,,543.3,0
,,543.3,0
,,543.3,0
,,543.3,0
,,543.3,0
,,543.3,0
,,543.3,0
,,543.3,0
,,543.3,0
,,543.3,0
,,543.3,0
,,543.3,0
,,543.3,0
,,543.3,0
,,543.3,0
,,543.3,0
,,543.3,0
,,543.3,0
,,543.3,0
,,543.3,0
,,543.3,0
,,543.3,0
,,543.3,0
,,543.3,0
,,543.3,0
,,543.3,0
,,543.3,0
,,543.3,0
,,543.3,0
,,543.3,0
,,543.3,0
,,543.3,0
,,543.3,0
,,543.2,0
,,543.2,0
,,543.2,0
,,543.2,0
,,543.2,0
,,543.2,0
,,543.2,0
,,543.2,0
,,543.2,0
,,543.2,0
,,543.2,0
,,543.2,0
,,543.1,0
,,543.1,0
,,543.1,0
,,543.1,0
,,543.1,0
,,543.1,0
,,543.1,0
,,543.1,0
,,543,0
,,543,0
,,543,0
,,543,0
,,542.6,0
,,542.6,0
,,542.6,0
,,542.6,0
,,542.5,0
,,542.5,0
,,542.5,0
,,542.5,0
,,541.6,0
,,541.6,0
,,541.6,0
,,541.6,0
,,542,0
,,542,0
,,542,0
,,542,0
,,542,0
,,542,0
,,542,0
,,542,0
,,541.8,0
,,541.8,0
,,541.8,0
,,541.8,0
,,541.7,0
,,541.7,0
,,541.7,0
,,541.7,0
,,541.7,0
,,541.7,0
,,541.7,0
,,541.7,0
,,541.7,0
,,541.7,0
,,541.7,0
,,541.7,0
,,541.7,0
,,541.7,0
,,541.7,0
,,541.7,0
,,541.5,0
,,541.5,0
,,541.5,0
,,541.5,0
,,541.5,0
,,541.5,0
,,541.5,0
,,541.5,0
,,541.5,0
,,541.5,0
,,541.5,0
,,541.5,0
,,541.4,0
,,541.4,0
,,541.4,0
,,541.4,0
,,541.5,0
,,541.5,0
,,541.5,0
,,541.5,0
,,541.7,0
,,541.7,0
,,541.7,0
,,541.7,0
,,541.6,0
,,541.6,0
,,541.6,0
,,541.6,0
,,541.6,0
,,541.6,0
,,541.6,0
,,541.6,0
,,541.5,0
,,541.5,0
,,541.5,0
,,541.5,0
,,541.7,0
,,541.7,0
,,541.7,0
,,541.7,0
,,541.5,0
,,541.5,0
,,541.5,0
,,541.5,0
,,541.5,0
,,541.5,0
,,541.5,0
,,541.5,0
,,541.7,0
,,541.7,0
,,541.7,0
,,541.7,0
,,541.6,0
,,541.6,0
,,541.6,0
,,541.6,0
,,541.8,0
,,541.8,0
,,541.8,0
,,541.8,0
,,541.7,0
,,541.7,0
,,541.7,0
,,541.7,0
,,541.7,0
,,541.7,0
,,541.7,0
,,541.7,0
,,541.9,0
,,541.9,0
,,541.9,0
,,541.9,0
,,541.9,0
,,541.9,0
,,541.9,0
,,541.9,0
,,541.6,0
,,541.6,0
,,541.6,0
,,541.6,0
,,541.7,0
,,541.7,0
,,541.7,0
,,541.7,0
,,541.5,0
,,541.5,0
,,541.5,0
,,541.5,0
,,541.5,0
,,541.5,0
,,541.5,0
,,541.5,0
,,541.5,0
,,541.5,0
,,541.5,0
,,541.5,0
,,541.5,0
,,541.5,0
,,541.5,0
,,541.5,0
,,541.8,0
,,541.8,0
,,541.8,0
,,541.8,0
,,541.5,0
,,541.5,0
,,541.5,0
,,541.5,0
,,541.6,0
,,541.6,0
,,541.6,0
,,541.6,0
,,541.7,0
,,541.7,0
,,541.7,0
,,541.7,0
,,541.6,0
,,541.6,0
,,541.6,0
,,541.6,0
,,541.3,0
,,541.3,0
,,541.3,0
,,541.3,0
,,541.3,0
,,541.3,0
,,541.3,0
,,541.3,0
,,541.5,0
,,541.5,0
,,541.5,0
,,541.5,0
,,541.4,0
,,541.4,0
,,541.4,0
,,541.4,0
,,541.6,0
,,541.6,0
,,541.6,0
,,541.6,0
,,541.1,0
,,541.1,0
,,541.1,0
,,541.1,0
,,541.1,0
,,541.1,0
,,541.1,0
,,541.1,0
,,541.1,0
,,541.1,0
,,541.1,0
,,541.1,0
,,541.1,0
,,541.1,0
,,541.1,0
,,541.1,0
,,541.4,0
,,541.4,0
,,541.4,0
,,541.4,0
,,541.5,0
,,541.5,0
,,541.5,0
,,541.5,0
,,541.5,0
,,541.5,0
,,541.5,0
,,541.5,0
,,541.3,0
,,541.3,0
,,541.3,0
,,541.3,0
,,541.4,0
,,541.4,0
,,541.4,0
,,541.4,0
,,541.5,0
,,541.5,0
,,541.5,0
,,541.5,0
,,541.5,0
,,541.5,0
,,541.5,0
,,541.5,0
,,541.4,0
,,541.4,0
,,541.4,0
,,541.4,0
,,541.5,0
,,541.5,0
,,541.5,0
,,541.5,0
,,541.4,0
,,541.4,0
,,541.4,0
,,541.4,0
,,541.3,0
,,541.3,0
,,541.3,0
,,541.3,0
,,541.3,0
,,541.3,0
,,541.3,0
,,541.3,0
,,541.6,0
,,541.6,0
,,541.6,0
,,541.6,0
,,541.4,0
,,541.4,0
,,541.4,0
,,541.4,0
,,541.6,0
,,541.6,0
,,541.6,0
,,541.6,0
,,541.7,0
,,541.7,0
,,541.7,0
,,541.7,0
,,542.1,0
,,542.1,0
,,542.1,0
,,542.1,0
,,542.2,0
,,542.2,0
,,542.2,0
,,542.2,0
,,542.4,0
,,542.4,0
,,542.4,0
,,542.4,0
,,542.5,0
,,542.5,0
,,542.5,0
,,542.5,0
,,542.5,0
,,542.5,0
,,542.5,0
,,542.5,0
,,542.5,0
,,542.5,0
,,542.5,0
,,542.5,0
,,542.5,0
,,542.5,0
,,542.5,0
,,542.5,0
,,542.6,0
,,542.6,0
,,542.6,0
,,542.6,0
,,542.6,0
,,542.6,0
,,542.6,0
,,542.6,0
,,542.7,0
,,542.7,0
,,542.7,0
,,542.7,0
,,542.7,0
,,542.7,0
,,542.7,0
,,542.7,0
,,542.7,0
,,542.7,0
,,542.7,0
,,542.7,0
,,542.7,0
,,542.7,0
,,542.7,0
,,542.7,0
,,542.7,0
,,542.7,0
,,542.7,0
,,542.7,0
,,542.7,0
,,542.7,0
,,542.7,0
,,542.7,0
,,542.8,0
,,542.8,0
,,542.8,0
,,542.8,0
,,542.8,0
,,542.8,0
,,542.8,0
,,542.8,0
,,542.8,0
,,542.8,0
,,542.8,0
,,542.8,0
,,542.8,0
,,542.8,0
,,542.8,0
,,542.8,0
,,542.8,0
,,542.8,0
,,542.8,0
,,542.8,0
,,542.8,0
,,542.8,0
,,542.8,0
,,542.8,0
,,542.8,0
,,542.8,0
,,542.8,0
,,542.8,0
,,542.8,0
,,542.8,0
,,542.8,0
,,542.8,0
,,542.8,0
,,542.8,0
,,542.8,0
,,542.8,0
,,542.8,0
,,542.8,0
,,542.8,0
,,542.8,0
,,542.8,0
,,542.8,0
,,542.8,0
,,542.8,0
,,542.8,0
,,542.8,0
,,542.8,0
,,542.8,0
,,542.8,0
,,542.8,0
,,542.8,0
,,542.8,0
,,542.8,0
,,542.8,0
,,542.8,0
,,542.8,0
,,542.9,0
,,542.9,0
,,542.9,0
,,542.9,0
,,542.9,0
,,542.9,0
,,542.9,0
,,542.9,0
,,542.9,0
,,542.9,0
,,542.9,0
,,542.9,0
,,542.9,0
,,542.9,0
,,542.9,0
,,542.9,0
,,542.9,0
,,542.9,0
,,542.9,0
,,542.9,0
,,542.9,0
,,542.9,0
,,542.9,0
,,542.9,0
,,542.9,0
,,542.9,0
,,542.9,0
,,542.9,0
,,542.9,0
,,542.9,0
,,542.9,0
,,542.9,0
,,542.8,0
,,542.8,0
,,542.8,0
,,542.8,0
,,542.8,0
,,542.8,0
,,542.8,0
,,542.8,0
,,542.8,0
,,542.8,0
,,542.8,0
,,542.8,0
,,542.7,0
,,542.7,0
,,542.7,0
,,542.7,0
,,542.7,0
,,542.7,0
,,542.7,0
,,542.7,0
,,542.1,0
,,542.1,0
,,542.1,0
,,542.1,0
,,542.1,0
,,542.1,0
,,542.1,0
,,542.1,0
,,542.2,0
,,542.2,0
,,542.2,0
,,542.2,0
,,542.3,0
,,542.3,0
,,542.3,0
,,542.3,0
,,542.2,0
,,542.2,0
,,542.2,0
,,542.2,0
,,542.3,0
,,542.3,0
,,542.3,0
,,542.3,0
,,542.1,0
,,542.1,0
,,542.1,0
,,542.1,0
,,542,0
,,542,0
,,542,0
,,542,0
,,542.2,0
,,542.2,0
,,542.2,0
,,542.2,0
,,542.1,0
,,542.1,0
,,542.1,0
,,542.1,0
,,542.1,0
,,542.1,0
,,542.1,0
,,542.1,0
,,542.1,0
,,542.1,0
,,542.1,0
,,542.1,0
,,542.1,0
,,542.1,0
,,542.1,0
,,542.1,0
,,542,0
,,542,0
,,542,0
,,542,0
,,542.1,0
,,542.1,0
,,542.1,0
,,542.1,0
,,542.2,0
,,542.2,0
,,542.2,0
,,542.2,0
,,542.1,0
,,542.1,0
,,542.1,0
,,542.1,0
,,542.2,0
,,542.2,0
,,542.2,0
,,542.2,0
,,542.2,0
,,542.2,0
,,542.2,0
,,542.2,0
,,542.2,0
,,542.2,0
,,542.2,0
,,542.2,0
,,542.2,0
,,542.2,0
,,542.2,0
,,542.2,0
,,542.3,0
,,542.3,0
,,542.3,0
,,542.3,0
,,542.4,0
,,542.4,0
,,542.4,0
,,542.4,0
,,542.2,0
,,542.2,0
,,542.2,0
,,542.2,0
,,542.3,0
,,542.3,0
,,542.3,0
,,542.3,0
,,542.1,0
,,542.1,0
,,542.1,0
,,542.1,0
,,542.2,0
,,542.2,0
,,542.2,0
,,542.2,0
,,542.2,0
,,542.2,0
,,542.2,0
,,542.2,0
,,542.2,0
,,542.2,0
,,542.2,0
,,542.2,0
,,542.2,0
,,542.2,0
,,542.2,0
,,542.2,0
,,542.4,0
,,542.4,0
,,542.4,0
,,542.4,0
,,542.3,0
,,542.3,0
,,542.3,0
,,542.3,0
,,542.2,0
,,542.2,0
,,542.2,0
,,542.2,0
,,542.3,0
,,542.3,0
,,542.3,0
,,542.3,0
,,542.4,0
,,542.4,0
,,542.4,0
,,542.4,0
,,542.4,0
,,542.4,0
,,542.4,0
,,542.4,0
,,542.5,0
,,542.5,0
,,542.5,0
,,542.5,0
,,542.4,0
,,542.4,0
,,542.4,0
,,542.4,0
,,542.4,0
,,542.4,0
,,542.4,0
,,542.4,0
,,542.3,0
,,542.3,0
,,542.3,0
,,542.3,0
,,542.3,0
,,542.3,0
,,542.3,0
,,542.3,0
,,542.4,0
,,542.4,0
,,542.4,0
,,542.4,0
,,542.5,0
,,542.5,0
,,542.5,0
,,542.5,0
,,542.5,0
,,542.5,0
,,542.5,0
,,542.5,0
,,542.3,0
,,542.3,0
,,542.3,0
,,542.3,0
,,542.4,0
,,542.4,0
,,542.4,0
,,542.4,0
,,542.4,0
,,542.4,0
,,542.4,0
,,542.4,0
,,542.6,0
,,542.6,0
,,542.6,0
,,542.6,0
,,543.2,0
,,543.2,0
,,543.2,0
,,543.2,0
,,543.2,0
,,543.2,0
,,543.2,0
,,543.2,0
,,543.2,0
,,543.2,0
,,543.2,0
,,543.2,0
,,543.3,0
,,543.3,0
,,543.3,0
,,543.3,0
,,543.3,0
,,543.3,0
,,543.3,0
,,543.3,0
,,543.3,0
,,543.3,0
,,543.3,0
,,543.3,0
,,543.3,0
,,543.3,0
,,543.3,0
,,543.3,0
,,543.3,0
,,543.3,0
,,543.3,0
,,543.3,0
,,543.3,0
,,543.3,0
,,543.3,0
,,543.3,0
,,543.3,0
,,543.3,0
,,543.3,0
,,543.3,0
,,543.3,0
,,543.3,0
,,543.3,0
,,543.3,0
,,543.3,0
,,543.3,0
,,543.3,0
,,543.3,0
,,543.3,0
,,543.3,0
,,543.3,0
,,543.3,0
,,543.3,0
,,543.3,0
,,543.3,0
,,543.3,0
,,543.2,0
,,543.2,0
,,543.2,0
,,543.2,0
,,543.2,0
,,543.2,0
,,543.2,0
,,543.2,0
,,543.2,0
,,543.2,0
,,543.2,0
,,543.2,0
,,543.2,0
,,543.2,0
,,543.2,0
,,543.2,0
,,543.2,0
,,543.2,0
,,543.2,0
,,543.2,0
,,543.2,0
,,543.2,0
,,543.2,0
,,543.2,0
,,543.2,0
,,543.2,0
,,543.2,0
,,543.2,0
,,543.2,0
,,543.2,0
,,543.2,0
,,543.2,0
,,543.2,0
,,543.2,0
,,543.2,0
,,543.2,0
,,543.2,0
,,543.2,0
,,543.2,0
,,543.2,0
,,543.1,0
,,543.1,0
,,543.1,0
,,543.1,0
,,543.1,0
,,543.1,0
,,543.1,0
,,543.1,0
,,543.2,0
,,543.2,0
,,543.2,0
,,543.2,0
,,543.2,0
,,543.2,0
,,543.2,0
,,543.2,0
,,543.1,0
,,543.1,0
,,543.1,0
,,543.1,0
,,543.1,0
,,543.1,0
,,543.1,0
,,543.1,0
,,543.1,0
,,543.1,0
,,543.1,0
,,543.1,0
,,543.1,0
,,543.1,0
,,543.1,0
,,543.1,0
,,543.1,0
,,543.1,0
,,543.1,0
,,543.1,0
,,543.1,0
,,543.1,0
,,543.1,0
,,543.1,0
,,543.1,0
,,543.1,0
,,543.1,0
,,543.1,0
,,543,0
,,543,0
,,543,0
,,543,0
,,543,0
,,543,0
,,543,0
,,543,0
,,543,0
,,543,0
,,543,0
,,543,0
,,542.7,0
,,542.7,0
,,542.7,0
,,542.7,0
,,542.6,0
,,542.6,0
,,542.6,0
,,542.6,0
,,542.6,0
,,542.6,0
,,542.6,0
,,542.6,0
,,542.5,0
,,542.5,0
,,542.5,0
,,542.5,0
,,542.5,0
,,542.5,0
,,542.5,0
,,542.5,0
,,542.4,0
,,542.4,0
,,542.4,0
,,542.4,0
,,542.2,0
,,542.2,0
,,542.2,0
,,542.2,0
,,542.3,0
,,542.3,0
,,542.3,0
,,542.3,0
,,542.3,0
,,542.3,0
,,542.3,0
,,542.3,0
,,542.2,0
,,542.2,0
,,542.2,0
,,542.2,0
,,542.4,0
,,542.4,0
,,542.4,0
,,542.4,0
,,542.2,0
,,542.2,0
,,542.2,0
,,542.2,0
,,542.3,0
,,542.3,0
,,542.3,0
,,542.3,0
,,542.2,0
,,542.2,0
,,542.2,0
,,542.2,0
,,542.3,0
,,542.3,0
,,542.3,0
,,542.3,0
,,542.2,0
,,542.2,0
,,542.2,0
,,542.2,0
,,542.3,0
,,542.3,0
,,542.3,0
,,542.3,0
,,542.2,0
,,542.2,0
,,542.2,0
,,542.2,0
,,542.3,0
,,542.3,0
,,542.3,0
,,542.3,0
,,542.4,0
,,542.4,0
,,542.4,0
,,542.4,0
,,542.2,0
,,542.2,0
,,542.2,0
,,542.2,0
,,542.3,0
,,542.3,0
,,542.3,0
,,542.3,0
,,542.2,0
,,542.2,0
,,542.2,0
,,542.2,0
,,542.3,0
,,542.3,0
,,542.3,0
,,542.3,0
,,542.2,0
,,542.2,0
,,542.2,0
,,542.2,0
,,542.2,0
,,542.2,0
,,542.2,0
,,542.2,0
,,542.2,0
,,542.2,0
,,542.2,0
,,542.2,0
,,542.4,0
,,542.4,0
,,542.4,0
,,542.4,0
,,542.2,0
,,542.2,0
,,542.2,0
,,542.2,0
,,542.2,0
,,542.2,0
,,542.2,0
,,542.2,0
,,542.2,0
,,542.2,0
,,542.2,0
,,542.2,0
,,542.3,0
,,542.3,0
,,542.3,0
,,542.3,0
,,542.3,0
,,542.3,0
,,542.3,0
,,542.3,0
,,542.3,0
,,542.3,0
,,542.3,0
,,542.3,0
,,542.2,0
,,542.2,0
,,542.2,0
,,542.2,0
,,542.2,0
,,542.2,0
,,542.2,0
,,542.2,0
,,542.2,0
,,542.2,0
,,542.2,0
,,542.2,0
,,542.2,0
,,542.2,0
,,542.2,0
,,542.2,0
,,542.3,0
,,542.3,0
,,542.3,0
,,542.3,0
,,542.2,0
,,542.2,0
,,542.2,0
,,542.2,0
,,542.3,0
,,542.3,0
,,542.3,0
,,542.3,0
,,542.2,0
,,542.2,0
,,542.2,0
,,542.2,0
,,542.2,0
,,542.2,0
,,542.2,0
,,542.2,0
,,542.2,0
,,542.2,0
,,542.2,0
,,542.2,0
,,542.3,0
,,542.3,0
,,542.3,0
,,542.3,0
,,542.4,0
,,542.4,0
,,542.4,0
,,542.4,0
,,542.2,0
,,542.2,0
,,542.2,0
,,542.2,0
,,542.3,0
,,542.3,0
,,542.3,0
,,542.3,0
,,542.2,0
,,542.2,0
,,542.2,0
,,542.2,0
,,542.1,0
,,542.1,0
,,542.1,0
,,542.1,0
,,542.3,0
,,542.3,0
,,542.3,0
,,542.3,0
,,542.3,0
,,542.3,0
,,542.3,0
,,542.3,0
,,542.3,0
,,542.3,0
,,542.3,0
,,542.3,0
,,542.3,0
,,542.3,0
,,542.3,0
,,542.3,0
,,542.2,0
,,542.2,0
,,542.2,0
,,542.2,0
,,542.4,0
,,542.4,0
,,542.4,0
,,542.4,0
,,542.1,0
,,542.1,0
,,542.1,0
,,542.1,0
,,542.2,0
,,542.2,0
,,542.2,0
,,542.2,0
,,542.2,0
,,542.2,0
,,542.2,0
,,542.2,0
,,542.1,0
,,542.1,0
,,542.1,0
,,542.1,0
,,542.3,0
,,542.3,0
,,542.3,0
,,542.3,0
,,542.1,0
,,542.1,0
,,542.1,0
,,542.1,0
,,542.3,0
,,542.3,0
,,542.3,0
,,542.3,0
,,542.1,0
,,542.1,0
,,542.1,0
,,542.1,0
,,542.1,0
,,542.1,0
,,542.1,0
,,542.1,0
,,542.3,0
,,542.3,0
,,542.3,0
,,542.3,0
,,542.3,0
,,542.3,0
,,542.3,0
,,542.3,0
,,542.2,0
,,542.2,0
,,542.2,0
,,542.2,0
,,542.3,0
,,542.3,0
,,542.3,0
,,542.3,0
,,542.2,0
,,542.2,0
,,542.2,0
,,542.2,0
,,542.5,0
,,542.5,0
,,542.5,0
,,542.5,0
,,542.4,0
,,542.4,0
,,542.4,0
,,542.4,0
,,542.5,0
,,542.5,0
,,542.5,0
,,542.5,0
,,542.3,0
,,542.3,0
,,542.3,0
,,542.3,0
,,542.4,0
,,542.4,0
,,542.4,0
,,542.4,0
,,542.6,0
,,542.6,0
,,542.6,0
,,542.6,0
,,542.5,0
,,542.5,0
,,542.5,0
,,542.5,0
,,542.6,0
,,542.6,0
,,542.6,0
,,542.6,0
,,542.4,0
,,542.4,0
,,542.4,0
,,542.4,0
,,542.5,0
,,542.5,0
,,542.5,0
,,542.5,0
,,542.5,0
,,542.5,0
,,542.5,0
,,542.5,0
,,542.4,0
,,542.4,0
,,542.4,0
,,542.4,0
,,542.6,0
,,542.6,0
,,542.6,0
,,542.6,0
,,542.6,0
,,542.6,0
,,542.6,0
,,542.6,0
,,542.7,0
,,542.7,0
,,542.7,0
,,542.7,0
,,542.4,0
,,542.4,0
,,542.4,0
,,542.4,0
,,542.5,0
,,542.5,0
,,542.5,0
,,542.5,0
,,542.5,0
,,542.5,0
,,542.5,0
,,542.5,0
,,542.5,0
,,542.5,0
,,542.5,0
,,542.5,0
,,542.4,0
,,542.4,0
,,542.4,0
,,542.4,0
,,542.6,0
,,542.6,0
,,542.6,0
,,542.6,0
,,542.6,0
,,542.6,0
,,542.6,0
,,542.6,0
,,542.6,0
,,542.6,0
,,542.6,0
,,542.6,0
,,542.4,0
,,542.4,0
,,542.4,0
,,542.4,0
,,542.6,0
,,542.6,0
,,542.6,0
,,542.6,0
,,542.5,0
,,542.5,0
,,542.5,0
,,542.5,0
,,542.6,0
,,542.6,0
,,542.6,0
,,542.6,0
,,542.5,0
,,542.5,0
,,542.5,0
,,542.5,0
,,542.6,0
,,542.6,0
,,542.6,0
,,542.6,0
,,542.6,0
,,542.6,0
,,542.6,0
,,542.6,0
,,542.5,0
,,542.5,0
,,542.5,0
,,542.5,0
,,542.5,0
,,542.5,0
,,542.5,0
,,542.5,0
,,542.5,0
,,542.5,0
,,542.5,0
,,542.5,0
,,542.6,0
,,542.6,0
,,542.6,0
,,542.6,0
,,542.6,0
,,542.6,0
,,542.6,0
,,542.6,0
,,542.5,0
,,542.5,0
,,542.5,0
,,542.5,0
,,542.6,0
,,542.6,0
,,542.6,0
,,542.6,0
,,542.5,0
,,542.5,0
,,542.5,0
,,542.5,0
,,542.6,0
,,542.6,0
,,542.6,0
,,542.6,0
,,542.4,0
,,542.4,0
,,542.4,0
,,542.4,0
,,542.6,0
,,542.6,0
,,542.6,0
,,542.6,0
,,542.6,0
,,542.6,0
,,542.6,0
,,542.6,0
,,542.6,0
,,542.6,0
,,542.6,0
,,542.6,0
,,542.6,0
,,542.6,0
,,542.6,0
,,542.6,0
,,542.6,0
,,542.6,0
,,542.6,0
,,542.6,0
,,542.5,0
,,542.5,0
,,542.5,0
,,542.5,0
,,542.6,0
,,542.6,0
,,542.6,0
,,542.6,0
,,542.5,0
,,542.5,0
,,542.5,0
,,542.5,0
,,542.7,0
,,542.7,0
,,542.7,0
,,542.7,0
,,542.5,0
,,542.5,0
,,542.5,0
,,542.5,0
,,542.7,0
,,542.7,0
,,542.7,0
,,542.7,0
,,542.5,0
,,542.5,0
,,542.5,0
,,542.5,0
,,542.4,0
,,542.4,0
,,542.4,0
,,542.4,0
,,542.4,0
,,542.4,0
,,542.4,0
,,542.4,0
,,542.6,0
,,542.6,0
,,542.6,0
,,542.6,0
,,542.5,0
,,542.5,0
,,542.5,0
,,542.5,0
,,542.5,0
,,542.5,0
,,542.5,0
,,542.5,0
,,542.5,0
,,542.5,0
,,542.5,0
,,542.5,0
,,542.6,0
,,542.6,0
,,542.6,0
,,542.6,0
,,542.5,0
,,542.5,0
,,542.5,0
,,542.5,0
,,542.7,0
,,542.7,0
,,542.7,0
,,542.7,0
,,542.7,0
,,542.7,0
,,542.7,0
,,542.7,0
,,542.8,0
,,542.8,0
,,542.8,0
,,542.8,0
,,542.9,0
,,542.9,0
,,542.9,0
,,542.9,0
,,542.9,0
,,542.9,0
,,542.9,0
,,542.9,0
,,542.9,0
,,542.9,0
,,542.9,0
,,542.9,0
,,542.9,0
,,542.9,0
,,542.9,0
,,542.9,0
,,542.9,0
,,542.9,0
,,542.9,0
,,542.9,0
,,543,0
,,543,0
,,543,0
,,543,0
,,543,0
,,543,0
,,543,0
,,543,0
,,543,0
,,543,0
,,543,0
,,543,0
,,543.1,0
,,543.1,0
,,543.1,0
,,543.1,0
,,543.3,0
,,543.3,0
,,543.3,0
,,543.3,0
,,543.3,0
,,543.3,0
,,543.3,0
,,543.3,0
,,543.4,0
,,543.4,0
,,543.4,0
,,543.4,0
,,543.3,0
,,543.3,0
,,543.3,0
,,543.3,0
,,543.4,0
,,543.4,0
,,543.4,0
,,543.4,0
,,543.4,0
,,543.4,0
,,543.4,0
,,543.4,0
,,543.3,0
,,543.3,0
,,543.3,0
,,543.3,0
,,543.3,0
,,543.3,0
,,543.3,0
,,543.3,0
,,543.3,0
,,543.3,0
,,543.3,0
,,543.3,0
,,543.4,0
,,543.4,0
,,543.4,0
,,543.4,0
,,543.3,0
,,543.3,0
,,543.3,0
,,543.3,0
,,543.4,0
,,543.4,0
,,543.4,0
,,543.4,0
,,543.3,0
,,543.3,0
,,543.3,0
,,543.3,0
,,543.3,0
,,543.3,0
,,543.3,0
,,543.3,0
,,543.3,0
,,543.3,0
,,543.3,0
,,543.3,0
,,543.3,0
,,543.3,0
,,543.3,0
,,543.3,0
,,543.2,0
,,543.2,0
,,543.2,0
,,543.2,0
,,543.2,0
,,543.2,0
,,543.2,0
,,543.2,0
,,543.1,0
,,543.1,0
,,543.1,0
,,543.1,0
,,543.1,0
,,543.1,0
,,543.1,0
,,543.1,0
,,542.9,0
,,542.9,0
,,542.9,0
,,542.9,0
,,542.5,0
,,542.5,0
,,542.5,0
,,542.5,0
,,542.4,0
,,542.4,0
,,542.4,0
,,542.4,0
,,542.4,0
,,542.4,0
,,542.4,0
,,542.4,0
,,542.2,0
,,542.2,0
,,542.2,0
,,542.2,0
,,542.4,0
,,542.4,0
,,542.4,0
,,542.4,0
,,542.2,0
,,542.2,0
,,542.2,0
,,542.2,0
,,542.1,0
,,542.1,0
,,542.1,0
,,542.1,0
,,542.2,0
,,542.2,0
,,542.2,0
,,542.2,0
,,542.1,0
,,542.1,0
,,542.1,0
,,542.1,0
,,542.2,0
,,542.2,0
,,542.2,0
,,542.2,0
,,542.2,0
,,542.2,0
,,542.2,0
,,542.2,0
,,542.2,0
,,542.2,0
,,542.2,0
,,542.2,0
,,542.3,0
,,542.3,0
,,542.3,0
,,542.3,0
,,542.3,0
,,542.3,0
,,542.3,0
,,542.3,0
,,542.2,0
,,542.2,0
,,542.2,0
,,542.2,0
,,542.2,0
,,542.2,0
,,542.2,0
,,542.2,0
,,542.1,0
,,542.1,0
,,542.1,0
,,542.1,0
,,542.3,0
,,542.3,0
,,542.3,0
,,542.3,0
,,542.2,0
,,542.2,0
,,542.2,0
,,542.2,0
,,542.4,0
,,542.4,0
,,542.4,0
,,542.4,0
,,542.3,0
,,542.3,0
,,542.3,0
,,542.3,0
,,542.3,0
,,542.3,0
,,542.3,0
,,542.3,0
,,542.4,0
,,542.4,0
,,542.4,0
,,542.4,0
,,542.4,0
,,542.4,0
,,542.4,0
,,542.4,0
,,542.2,0
,,542.2,0
,,542.2,0
,,542.2,0
,,542.4,0
,,542.4,0
,,542.4,0
,,542.4,0
,,542.3,0
,,542.3,0
,,542.3,0
,,542.3,0
,,542.4,0
,,542.4,0
,,542.4,0
,,542.4,0
,,542.2,0
,,542.2,0
,,542.2,0
,,542.2,0
,,542.2,0
,,542.2,0
,,542.2,0
,,542.2,0
,,542.2,0
,,542.2,0
,,542.2,0
,,542.2,0
,,542.4,0
,,542.4,0
,,542.4,0
,,542.4,0
,,542.3,0
,,542.3,0
,,542.3,0
,,542.3,0
,,542.3,0
,,542.3,0
,,542.3,0
,,542.3,0
,,542.3,0
,,542.3,0
,,542.3,0
,,542.3,0
,,542.4,0
,,542.4,0
,,542.4,0
,,542.4,0
,,542.2,0
,,542.2,0
,,542.2,0
,,542.2,0
,,542.5,0
,,542.5,0
,,542.5,0
,,542.5,0
,,542.3,0
,,542.3,0
,,542.3,0
,,542.3,0
,,542.4,0
,,542.4,0
,,542.4,0
,,542.4,0
,,542.4,0
,,542.4,0
,,542.4,0
,,542.4,0
,,542.3,0
,,542.3,0
,,542.3,0
,,542.3,0
,,542.4,0
,,542.4,0
,,542.4,0
,,542.4,0
,,542.2,0
,,542.2,0
,,542.2,0
,,542.2,0
,,542.2,0
,,542.2,0
,,542.2,0
,,542.2,0
,,542.2,0
,,542.2,0
,,542.2,0
,,542.2,0
,,542.3,0
,,542.3,0
,,542.3,0
,,542.3,0
,,542.6,0
,,542.6,0
,,542.6,0
,,542.6,0
,,542.8,0
,,542.8,0
,,542.8,0
,,542.8,0
,,542.9,0
,,542.9,0
,,542.9,0
,,542.9,0
,,543,0
,,543,0
,,543,0
,,543,0
,,542.9,0
,,542.9,0
,,542.9,0
,,542.9,0
,,543,0
,,543,0
,,543,0
,,543,0
,,543.3,0
,,543.3,0
,,543.3,0
,,543.3,0
,,543.4,0
,,543.4,0
,,543.4,0
,,543.4,0
,,543.4,0
,,543.4,0
,,543.4,0
,,543.4,0
,,543.4,0
,,543.4,0
,,543.4,0
,,543.4,0
,,543.3,0
,,543.3,0
,,543.3,0
,,543.3,0
,,543.3,0
,,543.3,0
,,543.3,0
,,543.3,0
,,543.3,0
,,543.3,0
,,543.3,0
,,543.3,0
,,543.3,0
,,543.3,0
,,543.3,0
,,543.3,0
,,543.3,0
,,543.3,0
,,543.3,0
,,543.3,0
,,543.3,0
,,543.3,0
,,543.3,0
,,543.3,0
,,543.3,0
,,543.3,0
,,543.3,0
,,543.3,0
,,543.2,0
,,543.2,0
,,543.2,0
,,543.2,0
,,543.2,0
,,543.2,0
,,543.2,0
,,543.2,0
,,543.2,0
,,543.2,0
,,543.2,0
,,543.2,0
,,543.2,0
,,543.2,0
,,543.2,0
,,543.2,0
,,543.2,0
,,543.2,0
,,543.2,0
,,543.2,0
,,542.5,0
,,542.5,0
,,542.5,0
,,542.5,0
,,542.2,0
,,542.2,0
,,542.2,0
,,542.2,0
,,542.4,0
,,542.4,0
,,542.4,0
,,542.4,0
,,542.4,0
,,542.4,0
,,542.4,0
,,542.4,0
,,542.1,0
,,542.1,0
,,542.1,0
,,542.1,0
,,542.3,0
,,542.3,0
,,542.3,0
,,542.3,0
,,542.3,0
,,542.3,0
,,542.3,0
,,542.3,0
,,542.2,0
,,542.2,0
,,542.2,0
,,542.2,0
,,542.3,0
,,542.3,0
,,542.3,0
,,542.3,0
,,542.3,0
,,542.3,0
,,542.3,0
,,542.3,0
,,542.5,0
,,542.5,0
,,542.5,0
,,542.5,0
,,542.5,0
,,542.5,0
,,542.5,0
,,542.5,0
,,542.6,0
,,542.6,0
,,542.6,0
,,542.6,0
,,542.7,0
,,542.7,0
,,542.7,0
,,542.7,0
,,542.5,0
,,542.5,0
,,542.5,0
,,542.5,0
,,542.8,0
,,542.8,0
,,542.8,0
,,542.8,0
,,542.7,0
,,542.7,0
,,542.7,0
,,542.7,0
,,542.6,0
,,542.6,0
,,542.6,0
,,542.6,0
,,542.8,0
,,542.8,0
,,542.8,0
,,542.8,0
,,542.7,0
,,542.7,0
,,542.7,0
,,542.7,0
,,542.8,0
,,542.8,0
,,542.8,0
,,542.8,0
,,542.8,0
,,542.8,0
,,542.8,0
,,542.8,0
,,542.8,0
,,542.8,0
,,542.8,0
,,542.8,0
,,542.9,0
,,542.9,0
,,542.9,0
,,542.9,0
,,542.9,0
,,542.9,0
,,542.9,0
,,542.9,0
,,542.9,0
,,542.9,0
,,542.9,0
,,542.9,0
,,542.9,0
,,542.9,0
,,542.9,0
,,542.9,0
,,543,0
,,543,0
,,543,0
,,543,0
,,543.1,0
,,543.1,0
,,543.1,0
,,543.1,0
,,543.1,0
,,543.1,0
,,543.1,0
,,543.1,0
,,543,0
,,543,0
,,543,0
,,543,0
,,543.2,0
,,543.2,0
,,543.2,0
,,543.2,0
,,543.3,0
,,543.3,0
,,543.3,0
,,543.3,0
,,543.3,0
,,543.3,0
,,543.3,0
,,543.3,0
,,543.3,0
,,543.3,0
,,543.3,0
,,543.3,0
,,543.4,0
,,543.4,0
,,543.4,0
,,543.4,0
,,543.4,0
,,543.4,0
,,543.4,0
,,543.4,0
,,543.4,0
,,543.4,0
,,543.4,0
,,543.4,0
,,543.4,0
,,543.4,0
,,543.4,0
,,543.4,0
,,543.4,0
,,543.4,0
,,543.4,0
,,543.4,0
,,543.4,0
,,543.4,0
,,543.4,0
,,543.4,0
,,543.4,0
,,543.4,0
,,543.4,0
,,543.4,0
,,543.4,0
,,543.4,0
,,543.4,0
,,543.4,0
,,543.4,0
,,543.4,0
,,543.4,0
,,543.4,0
,,543.4,0
,,543.4,0
,,543.4,0
,,543.4,0
,,543.4,0
,,543.4,0
,,543.4,0
,,543.4,0
,,543.4,0
,,543.4,0
,,543.4,0
,,543.4,0
,,543.5,0
,,543.5,0
,,543.5,0
,,543.5,0
,,543.5,0
,,543.5,0
,,543.5,0
,,543.5,0
,,543.5,0
,,543.5,0
,,543.5,0
,,543.5,0
,,543.5,0
,,543.5,0
,,543.5,0
,,543.5,0
,,543.5,0
,,543.5,0
,,543.5,0
,,543.5,0
,,543.5,0
,,543.5,0
,,543.5,0
,,543.5,0
,,543.5,0
,,543.5,0
,,543.5,0
,,543.5,0
,,543.5,0
,,543.5,0
,,543.5,0
,,543.5,0
,,543.5,0
,,543.5,0
,,543.5,0
,,543.5,0
,,543.5,0
,,543.5,0
,,543.5,0
,,543.5,0
,,543.5,0
,,543.5,0
,,543.5,0
,,543.5,0
,,543.5,0
,,543.5,0
,,543.5,0
,,543.5,0
,,543.5,0
,,543.5,0
,,543.5,0
,,543.5,0
,,543.5,0
,,543.5,0
,,543.5,0
,,543.5,0
,,543.5,0
,,543.5,0
,,543.5,0
,,543.5,0
,,543.5,0
,,543.5,0
,,543.5,0
,,543.5,0
,,543.5,0
,,543.5,0
,,543.5,0
,,543.5,0
,,543.5,0
,,543.5,0
,,543.5,0
,,543.5,0
,,543.5,0
,,543.5,0
,,543.5,0
,,543.5,0
,,543.5,0
,,543.5,0
,,543.5,0
,,543.5,0
,,543.5,0
,,543.5,0
,,543.5,0
,,543.5,0
,,543.5,0
,,543.5,0
,,543.5,0
,,543.5,0
,,543.5,0
,,543.5,0
,,543.5,0
,,543.5,0
,,543.5,0
,,543.5,0
,,543.5,0
,,543.5,0
,,543.5,0
,,543.5,0
,,543.5,0
,,543.5,0
,,543.5,0
,,543.5,0
,,543.5,0
,,543.5,0
,,543.5,0
,,543.5,0
,,543.5,0
,,543.5,0
,,543.5,0
,,543.5,0
,,543.5,0
,,543.5,0
,,543.5,0
,,543.5,0
,,543.5,0
,,543.5,0
,,543.5,0
,,543.5,0
,,543.5,0
,,543.5,0
,,543.5,0
,,543.5,0
,,543.5,0
,,543.5,0
,,543.5,0
,,543.5,0
,,543.5,0
,,543.5,0
,,543.5,0
,,543.5,0
,,543.5,0
,,543.5,0
,,543.5,0
,,543.5,0
,,543.5,0
,,543.5,0
,,543.5,0
,,543.5,0
,,543.5,0
,,543.5,0
,,543.5,0
,,543.5,0
,,543.5,0
,,543.5,0
,,543.5,0
,,543.5,0
,,543.5,0
,,543.5,0
,,543.5,0
,,543.5,0
,,543.5,0
,,543.5,0
,,543.5,0
,,543.5,0
,,543.5,0
,,543.5,0
,,543.5,0
,,543.5,0
,,543.5,0
,,543.5,0
,,543.5,0
,,543.5,0
,,543.5,0
,,543.5,0
,,543.5,0
,,543.5,0
,,543.5,0
,,543.5,0
,,543.5,0
,,543.5,0
,,543.5,0
,,543.5,0
,,543.5,0
,,543.5,0
,,543.5,0
,,543.5,0
,,543.5,0
,,543.5,0
,,543.5,0
,,543.5,0
,,543.5,0
,,543.5,0
,,543.5,0
,,543.5,0
,,543.5,0
,,543.5,0
,,543.5,0
,,543.5,0
,,543.5,0
,,543.5,0
,,543.5,0
,,543.5,0
,,543.6,0
,,543.6,0
,,543.6,0
,,543.6,0
,,543.6,0
,,543.6,0
,,543.6,0
,,543.6,0
,,543.6,0
,,543.6,0
,,543.6,0
,,543.6,0
,,543.6,0
,,543.6,0
,,543.6,0
,,543.6,0
,,543.6,0
,,543.6,0
,,543.6,0
,,543.6,0
,,543.6,0
,,543.6,0
,,543.6,0
,,543.6,0
,,543.6,0
,,543.6,0
,,543.6,0
,,543.6,0
,,543.6,0
,,543.6,0
,,543.6,0
,,543.6,0
,,543.6,0
,,543.6,0
,,543.6,0
,,543.6,0
,,543.6,0
,,543.6,0
,,543.6,0
,,543.6,0
,,543.6,0
,,543.6,0
,,543.6,0
,,543.6,0
,,543.6,0
,,543.6,0
,,543.6,0
,,543.6,0
,,543.6,0
,,543.6,0
,,543.6,0
,,543.6,0
,,543.6,0
,,543.6,0
,,543.6,0
,,543.6,0
,,543.6,0
,,543.6,0
,,543.6,0
,,543.6,0
,,543.6,0
,,543.6,0
,,543.6,0
,,543.6,0
,,543.6,0
,,543.6,0
,,543.6,0
,,543.6,0
,,543.6,0
,,543.6,0
,,543.6,0
,,543.6,0
,,543.6,0
,,543.6,0
,,543.6,0
,,543.6,0
,,543.6,0
,,543.6,0
,,543.6,0
,,543.6,0
,,543.6,0
,,543.6,0
,,543.6,0
,,543.6,0
,,543.6,0
,,543.6,0
,,543.6,0
,,543.6,0
,,543.6,0
,,543.6,0
,,543.6,0
,,543.6,0
,,543.6,0
,,543.6,0
,,543.6,0
,,543.6,0
,,543.6,0
,,543.6,0
,,543.6,0
,,543.6,0
,,543.6,0
,,543.6,0
,,543.6,0
,,543.6,0
,,543.6,0
,,543.6,0
,,543.6,0
,,543.6,0
,,543.6,0
,,543.6,0
,,543.6,0
,,543.6,0
,,543.6,0
,,543.6,0
,,543.6,0
,,543.6,0
,,543.6,0
,,543.6,0
,,543.6,0
,,543.6,0
,,543.6,0
,,543.6,0
,,543.6,0
,,543.6,0
,,543.6,0
,,543.6,0
,,543.6,0
,,543.6,0
,,543.6,0
,,543.6,0
,,543.6,0
,,543.6,0
,,543.6,0
,,543.6,0
,,543.6,0
,,543.6,0
,,543.6,0
,,543.6,0
,,543.6,0
,,543.6,0
,,543.6,0
,,543.6,0
,,543.6,0
,,543.6,0
,,543.6,0
,,543.6,0
,,543.6,0
,,543.6,0
,,543.6,0
,,543.6,0
,,543.6,0
,,543.6,0
,,543.6,0
,,543.6,0
,,543.6,0
,,543.6,0
,,543.6,0
,,543.6,0
,,543.6,0
,,543.6,0
,,543.6,0
,,543.6,0
,,543.6,0
,,543.6,0
,,543.6,0
,,543.6,0
,,543.6,0
,,543.6,0
,,543.6,0
,,543.6,0
,,543.6,0
,,543.6,0
,,543.6,0
,,543.6,0
,,543.6,0
,,543.6,0
,,543.6,0
,,543.6,0
,,543.6,0
,,543.6,0
,,543.6,0
,,543.6,0
,,543.6,0
,,543.6,0
,,543.6,0
,,543.6,0
,,543.6,0
,,543.6,0
,,543.6,0
,,543.6,0
,,543.6,0
,,543.6,0
,,543.6,0
,,543.6,0
,,543.6,0
,,543.6,0
,,543.6,0
,,543.6,0
,,543.6,0
,,543.6,0
,,543.6,0
,,543.6,0
,,543.6,0
,,543.6,0
,,543.6,0
,,543.6,0
,,543.6,0
,,543.6,0
,,543.6,0
,,543.6,0
,,543.6,0
,,543.6,0
,,543.6,0
,,543.6,0
,,543.6,0
,,543.6,0
,,543.6,0
,,543.6,0
,,543.6,0
,,543.6,0
,,543.6,0
,,543.6,0
,,543.6,0
,,543.6,0
,,543.6,0
,,543.6,0
,,543.6,0
,,543.6,0
,,543.6,0
,,543.6,0
,,543.6,0
,,543.6,0
,,543.6,0
,,543.6,0
,,543.6,0
,,543.6,0
,,543.6,0
,,543.6,0
,,543.6,0
,,543.6,0
,,543.6,0
,,543.6,0
,,543.6,0
,,543.6,0
,,543.7,0
,,543.7,0
,,543.7,0
,,543.7,0
,,543.7,0
,,543.7,0
,,543.7,0
,,543.7,0
,,543.7,0
,,543.7,0
,,543.7,0
,,543.7,0
,,543.7,0
,,543.7,0
,,543.7,0
,,543.7,0
,,543.7,0
,,543.7,0
,,543.7,0
,,543.7,0
,,543.7,0
,,543.7,0
,,543.7,0
,,543.7,0
,,543.7,0
,,543.7,0
,,543.7,0
,,543.7,0
,,543.7,0
,,543.7,0
,,543.7,0
,,543.7,0
,,543.7,0
,,543.7,0
,,543.7,0
,,543.7,0
,,543.7,0
,,543.7,0
,,543.7,0
,,543.7,0
,,543.7,0
,,543.7,0
,,543.7,0
,,543.7,0
,,543.7,0
,,543.7,0
,,543.7,0
,,543.7,0
,,543.7,0
,,543.7,0
,,543.7,0
,,543.7,0
,,543.7,0
,,543.7,0
,,543.7,0
,,543.7,0
,,543.7,0
,,543.7,0
,,543.7,0
,,543.7,0
,,543.7,0
,,543.7,0
,,543.7,0
,,543.7,0
,,543.7,0
,,543.7,0
,,543.7,0
,,543.7,0
,,543.7,0
,,543.7,0
,,543.7,0
,,543.7,0
,,543.7,0
,,543.7,0
,,543.7,0
,,543.7,0
,,543.7,0
,,543.7,0
,,543.7,0
,,543.7,0
,,543.7,0
,,543.7,0
,,543.7,0
,,543.7,0
,,543.7,0
,,543.7,0
,,543.7,0
,,543.7,0
,,543.7,0
,,543.7,0
,,543.7,0
,,543.7,0
,,543.7,0
,,543.7,0
,,543.7,0
,,543.7,0
,,543.7,0
,,543.7,0
,,543.7,0
,,543.7,0
,,543.7,0
,,543.7,0
,,543.7,0
,,543.7,0
,,543.7,0
,,543.7,0
,,543.7,0
,,543.7,0
,,543.7,0
,,543.7,0
,,543.7,0
,,543.7,0
,,543.7,0
,,543.7,0
,,543.7,0
,,543.7,0
,,543.7,0
,,543.7,0
,,543.7,0
,,543.7,0
,,543.7,0
,,543.7,0
,,543.7,0
,,543.7,0
,,543.7,0
,,543.7,0
,,543.7,0
,,543.7,0
,,543.7,0
,,543.7,0
,,543.7,0
,,543.7,0
,,543.7,0
,,543.7,0
,,543.7,0
,,543.7,0
,,543.7,0
,,543.7,0
,,543.7,0
,,543.7,0
,,543.7,0
,,543.7,0
,,543.7,0
,,543.7,0
,,543.7,0
,,543.7,0
,,543.7,0
,,543.7,0
,,543.7,0
,,543.7,0
,,543.7,0
,,543.7,0
,,543.7,0
,,543.7,0
,,543.7,0
,,543.7,0
,,543.7,0
,,543.7,0
,,543.7,0
,,543.7,0
,,543.7,0
,,543.7,0
,,543.7,0
,,543.7,0
,,543.7,0
,,543.7,0
,,543.7,0
,,543.7,0
,,543.7,0
,,543.7,0
,,543.7,0
,,543.7,0
,,543.7,0
,,543.7,0
,,543.7,0
,,543.7,0
,,543.7,0
,,543.7,0
,,543.7,0
,,543.7,0
,,543.7,0
,,543.7,0
,,543.7,0
,,543.7,0
,,543.7,0
,,543.7,0
,,543.7,0
,,543.7,0
,,543.7,0
,,543.7,0
,,543.7,0
,,543.7,0
,,543.7,0
,,543.7,0
,,543.7,0
,,543.7,0
,,543.7,0
,,543.7,0
,,543.7,0
,,543.7,0
,,543.7,0
,,543.7,0
,,543.7,0
,,543.7,0
,,543.7,0
,,543.7,0
,,543.7,0
,,543.7,0
,,543.7,0
,,543.7,0
,,543.7,0
,,543.7,0
,,543.7,0
,,543.7,0
,,543.7,0
,,543.7,0
,,543.7,0
,,543.7,0
,,543.7,0
,,543.7,0
,,543.7,0
,,543.7,0
,,543.7,0
,,543.7,0
,,543.7,0
,,543.7,0
,,543.7,0
,,543.7,0
,,543.7,0
,,543.7,0
,,543.7,0
,,543.7,0
,,543.7,0
,,543.7,0
,,543.7,0
,,543.7,0
,,543.7,0
,,543.7,0
,,543.7,0
,,543.7,0
,,543.7,0
,,543.7,0
,,543.7,0
,,543.7,0
,,543.7,0
,,543.7,0
,,543.7,0
,,543.7,0
,,543.7,0
,,543.7,0
,,543.7,0
,,543.7,0
,,543.7,0
,,543.7,0
,,543.7,0
,,543.7,0
,,543.7,0
,,543.7,0
,,543.7,0
,,543.7,0
,,543.7,0
,,543.7,0
,,543.7,0
,,543.7,0
,,543.7,0
,,543.7,0
,,543.7,0
,,543.7,0
,,543.7,0
,,543.7,0
,,543.7,0
,,543.7,0
,,543.7,0
,,543.7,0
,,543.7,0
,,543.7,0
,,543.7,0
,,543.7,0
,,543.7,0
,,543.7,0
,,543.7,0
,,543.7,0
,,543.7,0
,,543.7,0
,,543.7,0
,,543.7,0
,,543.7,0
,,543.7,0
,,543.7,0
,,543.7,0
,,543.7,0
,,543.7,0
,,543.7,0
,,543.7,0
,,543.7,0
,,543.7,0
,,543.7,0
,,543.7,0
,,543.7,0
,,543.7,0
,,543.7,0
,,543.7,0
,,543.7,0
,,543.7,0
,,543.7,0
,,543.7,0
,,543.7,0
,,543.7,0
,,543.7,0
,,543.7,0
,,543.7,0
,,543.7,0
,,543.7,0
,,543.7,0
,,543.7,0
,,543.7,0
,,543.7,0
,,543.7,0
,,543.7,0
,,543.7,0
,,543.7,0
,,543.7,0
,,543.7,0
,,543.7,0
,,543.7,0
,,543.7,0
,,543.7,0
,,543.7,0
,,543.7,0
,,543.7,0
,,543.7,0
,,543.7,0
,,543.7,0
,,543.7,0
,,543.7,0
,,543.7,0
,,543.7,0
,,543.7,0
,,543.7,0
,,543.7,0
,,543.8,0
,,543.8,0
,,543.8,0
,,543.8,0
,,543.8,0
,,543.8,0
,,543.8,0
,,543.8,0
,,543.8,0
,,543.8,0
,,543.8,0
,,543.8,0
,,543.8,0
,,543.8,0
,,543.8,0
,,543.8,0
,,543.8,0
,,543.8,0
,,543.8,0
,,543.8,0
,,543.8,0
,,543.8,0
,,543.8,0
,,543.8,0
,,543.8,0
,,543.8,0
,,543.8,0
,,543.8,0
,,543.8,0
,,543.8,0
,,543.8,0
,,543.8,0
,,543.8,0
,,543.8,0
,,543.8,0
,,543.8,0
,,543.8,0
,,543.8,0
,,543.8,0
,,543.8,0
,,543.8,0
,,543.8,0
,,543.8,0
,,543.8,0
,,543.8,0
,,543.8,0
,,543.8,0
,,543.8,0
,,543.8,0
,,543.8,0
,,543.8,0
,,543.8,0
,,543.8,0
,,543.8,0
,,543.8,0
,,543.8,0
,,543.8,0
,,543.8,0
,,543.8,0
,,543.8,0
,,543.8,0
,,543.8,0
,,543.8,0
,,543.8,0
,,543.8,0
,,543.8,0
,,543.8,0
,,543.8,0
,,543.8,0
,,543.8,0
,,543.8,0
,,543.8,0
,,543.8,0
,,543.8,0
,,543.8,0
,,543.8,0
,,543.8,0
,,543.8,0
,,543.8,0
,,543.8,0
,,543.8,0
,,543.8,0
,,543.8,0
,,543.8,0
,,543.8,0
,,543.8,0
,,543.8,0
,,543.8,0
,,543.8,0
,,543.8,0
,,543.8,0
,,543.8,0
,,543.8,0
,,543.8,0
,,543.8,0
,,543.8,0
,,543.8,0
,,543.8,0
,,543.8,0
,,543.8,0
,,543.8,0
,,543.8,0
,,543.8,0
,,543.8,0
,,543.8,0
,,543.8,0
,,543.8,0
,,543.8,0
,,543.8,0
,,543.8,0
,,543.8,0
,,543.8,0
,,543.8,0
,,543.8,0
,,543.8,0
,,543.8,0
,,543.8,0
,,543.8,0
,,543.8,0
,,543.8,0
,,543.8,0
,,543.8,0
,,543.8,0
,,543.8,0
,,543.8,0
,,543.8,0
,,543.8,0
,,543.8,0
,,543.8,0
,,543.8,0
,,543.8,0
,,543.8,0
,,543.8,0
,,543.8,0
,,543.8,0
,,543.8,0
,,543.8,0
,,543.8,0
,,543.8,0
,,543.8,0
,,543.8,0
,,543.8,0
,,543.8,0
,,543.8,0
,,543.8,0
,,543.8,0
,,543.8,0
,,543.8,0
,,543.8,0
,,543.8,0
,,543.8,0
,,543.8,0
,,543.8,0
,,543.8,0
,,543.8,0
,,543.8,0
,,543.8,0
,,543.8,0
,,543.8,0
,,543.8,0
,,543.8,0
,,543.8,0
,,543.8,0
,,543.8,0
,,543.8,0
,,543.8,0
,,543.8,0
,,543.8,0
,,543.8,0
,,543.8,0
,,543.8,0
,,543.8,0
,,543.8,0
,,543.8,0
,,543.8,0
,,543.8,0
,,543.8,0
,,543.8,0
,,543.8,0
,,543.8,0
,,543.8,0
,,543.8,0
,,543.8,0
,,543.8,0
,,543.8,0
,,543.8,0
,,543.8,0
,,543.8,0
,,543.8,0
,,543.8,0
,,543.8,0
,,543.8,0
,,543.8,0
,,543.8,0
,,543.8,0
,,543.8,0
,,543.8,0
,,543.8,0
,,543.8,0
,,543.8,0
,,543.8,0
,,543.8,0
,,543.8,0
,,543.8,0
,,543.8,0
,,543.8,0
,,543.8,0
,,543.8,0
,,543.8,0
,,543.8,0
,,543.8,0
,,543.8,0
,,543.8,0
,,543.8,0
,,543.8,0
,,543.8,0
,,543.8,0
,,543.8,0
,,543.8,0
,,543.8,0
,,543.8,0
,,543.8,0
,,543.8,0
,,543.8,0
,,543.8,0
,,543.8,0
,,543.8,0
,,543.8,0
,,543.8,0
,,543.8,0
,,543.8,0
,,543.8,0
,,543.8,0
,,543.8,0
,,543.8,0
,,543.8,0
,,543.8,0
,,543.8,0
,,543.8,0
,,543.8,0
,,543.8,0
,,543.8,0
,,543.8,0
,,543.8,0
,,543.8,0
,,543.8,0
,,543.8,0
,,543.8,0
,,543.8,0
,,543.8,0
,,543.8,0
,,543.8,0
,,543.8,0
,,543.8,0
,,543.8,0
,,543.8,0
,,543.8,0
,,543.8,0
,,543.8,0
,,543.8,0
,,543.8,0
,,543.8,0
,,543.8,0
,,543.8,0
,,543.8,0
,,543.8,0
,,543.8,0
,,543.8,0
,,543.8,0
,,543.8,0
,,543.8,0
,,543.8,0
,,543.8,0
,,543.8,0
,,543.8,0
,,543.8,0
,,543.8,0
,,543.8,0
,,543.8,0
,,543.8,0
,,543.8,0
,,543.8,0
,,543.8,0
,,543.8,0
,,543.8,0
,,543.8,0
,,543.8,0
,,543.8,0
,,543.8,0
,,543.8,0
,,543.8,0
,,543.8,0
,,543.8,0
,,543.8,0
,,543.8,0
,,543.8,0
,,543.8,0
,,543.8,0
,,543.8,0
,,543.8,0
,,543.8,0
,,543.8,0
,,543.8,0
,,543.8,0
,,543.8,0
,,543.8,0
,,543.8,0
,,543.8,0
,,543.8,0
,,543.8,0
,,543.8,0
,,543.8,0
,,543.8,0
,,543.8,0
,,543.8,0
,,543.8,0
,,543.8,0
,,543.8,0
,,543.8,0
,,543.8,0
,,543.8,0
,,543.8,0
,,543.8,0
,,543.8,0
,,543.8,0
,,543.8,0
,,543.8,0
,,543.8,0
,,543.8,0
,,543.8,0
,,543.8,0
,,543.8,0
,,543.8,0
,,543.8,0
,,543.8,0
,,543.8,0
,,543.8,0
,,543.8,0
,,543.8,0
,,543.8,0
,,543.8,0
,,543.8,0
,,543.8,0
,,543.8,0
,,543.8,0
,,543.8,0
,,543.8,0
,,543.8,0
,,543.8,0
,,543.8,0
,,543.8,0
,,543.8,0
,,543.8,0
,,543.8,0
,,543.8,0
,,543.8,0
,,543.8,0
,,543.8,0
,,543.8,0
,,543.8,0
,,543.8,0
,,543.8,0
,,543.8,0
,,543.8,0
,,543.8,0
,,543.8,0
,,543.8,0
,,543.8,0
,,543.8,0
,,543.8,0
,,543.8,0
,,543.8,0
,,543.8,0
,,543.8,0
,,543.8,0
,,543.8,0
,,543.8,0
,,543.8,0
,,543.8,0
,,543.8,0
,,543.8,0
,,543.8,0
,,543.8,0
,,543.8,0
,,543.8,0
,,543.8,0
,,543.8,0
,,543.8,0
,,543.8,0
,,543.8,0
,,543.8,0
,,543.8,0
,,543.8,0
,,543.8,0
,,543.8,0
,,543.8,0
,,543.8,0
,,543.8,0
,,543.8,0
,,543.8,0
,,543.8,0
,,543.8,0
,,543.8,0
,,543.8,0
,,543.8,0
,,543.8,0
,,543.8,0
,,543.8,0
,,543.8,0
,,543.8,0
,,543.8,0
,,543.8,0
,,543.8,0
,,543.8,0
,,543.8,0
,,543.8,0
,,543.8,0
,,543.8,0
,,543.8,0
,,543.8,0
,,543.8,0
,,543.8,0
,,543.8,0
,,543.8,0
,,543.8,0
,,543.8,0
,,543.8,0
,,543.8,0
,,543.8,0
,,543.8,0
,,543.8,0
,,543.8,0
,,543.8,0
,,543.8,0
,,543.8,0
,,543.8,0
,,543.8,0
,,543.8,0
,,543.8,0
,,543.8,0
,,543.8,0
,,543.8,0
,,543.8,0
,,543.8,0
,,543.8,0
,,543.8,0
,,543.8,0
,,543.8,0
,,543.8,0
,,543.8,0
,,543.8,0
,,543.8,0
,,543.8,0
,,543.8,0
,,543.8,0
,,543.8,0
,,543.8,0
,,543.8,0
,,543.8,0
,,543.8,0
,,543.9,0
,,543.9,0
,,543.9,0
,,543.9,0
,,543.9,0
,,543.9,0
,,543.9,0
,,543.9,0
,,543.9,0
,,543.9,0
,,543.9,0
,,543.9,0
,,543.9,0
,,543.9,0
,,543.9,0
,,543.9,0
,,543.9,0
,,543.9,0
,,543.9,0
,,543.9,0
,,543.9,0
,,543.9,0
,,543.9,0
,,543.9,0
,,543.9,0
,,543.9,0
,,543.9,0
,,543.9,0
,,543.9,0
,,543.9,0
,,543.9,0
,,543.9,0
,,543.9,0
,,543.9,0
,,543.9,0
,,543.9,0
,,543.9,0
,,543.9,0
,,543.9,0
,,543.9,0
,,543.9,0
,,543.9,0
,,543.9,0
,,543.9,0
,,543.9,0
,,543.9,0
,,543.9,0
,,543.9,0
,,543.9,0
,,543.9,0
,,543.9,0
,,543.9,0
,,543.9,0
,,543.9,0
,,543.9,0
,,543.9,0
,,543.9,0
,,543.9,0
,,543.9,0
,,543.9,0
,,543.9,0
,,543.9,0
,,543.9,0
,,543.9,0
,,543.9,0
,,543.9,0
,,543.9,0
,,543.9,0
,,543.9,0
,,543.9,0
,,543.9,0
,,543.9,0
,,543.9,0
,,543.9,0
,,543.9,0
,,543.9,0
,,543.9,0
,,543.9,0
,,543.9,0
,,543.9,0
,,543.9,0
,,543.9,0
,,543.9,0
,,543.9,0
,,543.9,0
,,543.9,0
,,543.9,0
,,543.9,0
,,543.9,0
,,543.9,0
,,543.9,0
,,543.9,0
,,543.9,0
,,543.9,0
,,543.9,0
,,543.9,0
,,543.9,0
,,543.9,0
,,543.9,0
,,543.9,0
,,543.9,0
,,543.9,0
,,543.9,0
,,543.9,0
,,543.9,0
,,543.9,0
,,543.9,0
,,543.9,0
,,543.9,0
,,543.9,0
,,543.9,0
,,543.9,0
,,543.9,0
,,543.9,0
,,543.9,0
,,543.9,0
,,543.9,0
,,543.9,0
,,543.9,0
,,543.9,0
,,543.9,0
,,543.9,0
,,543.9,0
,,543.9,0
,,543.9,0
,,543.9,0
,,543.9,0
,,543.9,0
,,543.9,0
,,543.9,0
,,543.9,0
,,543.9,0
,,543.9,0
,,543.9,0
,,543.9,0
,,543.9,0
,,543.9,0
,,543.9,0
,,543.9,0
,,543.9,0
,,543.9,0
,,543.9,0
,,543.9,0
,,543.9,0
,,543.9,0
,,543.9,0
,,543.9,0
,,543.9,0
,,543.9,0
,,543.9,0
,,543.9,0
,,543.9,0
,,543.9,0
,,543.9,0
,,543.9,0
,,543.9,0
,,543.9,0
,,543.9,0
,,543.9,0
,,543.9,0
,,543.9,0
,,543.9,0
,,543.9,0
,,543.9,0
,,543.9,0
,,543.9,0
,,543.9,0
,,543.9,0
,,543.9,0
,,543.9,0
,,543.9,0
,,543.9,0
,,543.9,0
,,543.9,0
,,543.9,0
,,543.9,0
,,543.9,0
,,543.9,0
,,543.9,0
,,543.9,0
,,543.9,0
,,543.9,0
,,543.9,0
,,543.9,0
,,543.9,0
,,543.9,0
,,543.9,0
,,543.9,0
,,543.9,0
,,543.9,0
,,543.9,0
,,543.9,0
,,543.9,0
,,543.9,0
,,543.9,0
,,543.9,0
,,543.9,0
,,543.9,0
,,543.9,0
,,543.9,0
,,543.9,0
,,543.9,0
,,543.9,0
,,543.9,0
,,543.9,0
,,543.9,0
,,543.9,0
,,543.9,0
,,543.9,0
,,543.9,0
,,543.9,0
,,543.9,0
,,543.9,0
,,543.9,0
,,543.9,0
,,543.9,0
,,543.9,0
,,543.9,0
,,543.9,0
,,543.9,0
,,543.9,0
,,543.9,0
,,543.9,0
,,543.9,0
,,543.9,0
,,543.9,0
,,543.9,0
,,543.9,0
,,543.9,0
,,543.9,0
,,543.9,0
,,543.9,0
,,543.9,0
,,543.9,0
,,543.9,0
,,543.9,0
,,543.9,0
,,543.9,0
,,543.9,0
,,543.9,0
,,543.9,0
,,543.9,0
,,543.9,0
,,543.9,0
,,543.9,0
,,543.9,0
,,543.9,0
,,543.9,0
,,543.9,0
,,543.9,0
,,543.9,0
,,543.9,0
,,543.9,0
,,543.9,0
,,543.9,0
,,543.9,0
,,543.9,0
,,543.9,0
,,543.9,0
,,543.9,0
,,543.9,0
,,543.9,0
,,543.9,0
,,543.9,0
,,543.9,0
,,543.9,0
,,543.9,0
,,543.9,0
,,543.9,0
,,543.9,0
,,543.9,0
,,543.9,0
,,543.9,0
,,543.9,0
,,543.9,0
,,543.9,0
,,543.9,0
,,543.9,0
,,543.9,0
,,543.9,0
,,543.9,0
,,543.9,0
,,543.9,0
,,543.9,0
,,543.9,0
,,543.9,0
,,543.9,0
,,543.9,0
,,543.9,0
,,543.9,0
,,543.9,0
,,543.9,0
,,543.9,0
,,543.9,0
,,543.9,0
,,543.9,0
,,543.9,0
,,543.9,0
,,543.9,0
,,543.9,0
,,543.9,0
,,543.9,0
,,543.9,0
,,543.9,0
,,543.9,0
,,543.9,0
,,543.9,0
,,543.9,0
,,543.9,0
,,543.9,0
,,543.9,0
,,543.9,0
,,543.9,0
,,543.9,0
,,543.9,0
,,543.9,0
,,543.9,0
,,543.9,0
,,543.9,0
,,543.9,0
,,543.9,0
,,543.9,0
,,543.9,0
,,543.9,0
,,543.9,0
,,543.9,0
,,543.9,0
,,543.9,0
,,543.9,0
,,543.9,0
,,543.9,0
,,543.9,0
,,543.9,0
,,543.9,0
,,543.9,0
,,543.9,0
,,543.9,0
,,543.9,0
,,543.9,0
,,543.9,0
,,543.9,0
,,543.9,0
,,543.9,0
,,543.9,0
,,543.9,0
,,543.9,0
,,543.9,0
,,543.9,0
,,543.9,0
,,543.9,0
,,543.9,0
,,543.9,0
,,543.9,0
,,543.9,0
,,543.9,0
,,543.9,0
,,543.9,0
,,543.9,0
,,543.9,0
,,543.9,0
,,543.9,0
,,543.9,0
,,543.9,0
,,543.9,0
,,543.9,0
,,543.9,0
,,543.9,0
,,543.9,0
,,543.9,0
,,543.9,0
,,543.9,0
,,543.9,0
,,543.9,0
,,543.9,0
,,543.9,0
,,543.9,0
,,543.9,0
,,543.9,0
,,543.9,0
,,543.9,0
,,543.9,0
,,543.9,0
,,543.9,0
,,543.9,0
,,543.9,0
,,543.9,0
,,543.9,0
,,543.9,0
,,543.9,0
,,543.9,0
,,543.9,0
,,543.9,0
,,543.9,0
,,543.9,0
,,543.9,0
,,543.9,0
,,543.9,0
,,543.9,0
,,543.9,0
,,543.9,0
,,543.9,0
,,543.9,0
,,543.9,0
,,543.9,0
,,543.9,0
,,543.9,0
,,543.9,0
,,543.9,0
,,543.9,0
,,543.9,0
,,543.9,0
,,543.9,0
,,543.9,0
,,543.9,0
,,543.9,0
,,543.9,0
,,543.9,0
,,543.9,0
,,543.9,0
,,543.9,0
,,543.9,0
,,543.9,0
,,543.9,0
,,543.9,0
,,543.9,0
,,543.9,0
,,543.9,0
,,543.9,0
,,543.9,0
,,543.9,0
,,543.9,0
,,543.9,0
,,543.9,0
,,543.9,0
,,543.9,0
,,543.9,0
,,543.9,0
,,543.9,0
,,543.9,0
,,543.9,0
,,543.9,0
,,543.9,0
,,543.9,0
,,543.9,0
,,543.9,0
,,543.9,0
,,543.9,0
,,543.9,0
,,543.9,0
,,543.9,0
,,543.9,0
,,543.9,0
,,543.9,0
,,543.9,0
,,543.9,0
,,543.9,0
,,543.9,0
,,543.9,0
,,543.9,0
,,543.9,0
,,543.9,0
,,543.9,0
,,543.9,0
,,543.9,0
,,543.9,0
,,543.9,0
,,543.9,0
,,543.9,0
,,543.9,0
,,543.9,0
,,543.9,0
,,543.9,0
,,543.9,0
,,543.9,0
,,543.9,0
,,543.9,0
,,543.9,0
,,543.9,0
,,543.9,0
,,543.9,0
,,543.9,0
,,543.9,0
,,543.9,0
,,543.9,0
,,543.9,0
,,543.9,0
,,543.9,0
,,543.9,0
,,543.9,0
,,543.9,0
,,543.9,0
,,543.9,0
,,543.9,0
,,543.9,0
,,543.9,0
,,543.9,0
,,543.9,0
,,543.9,0
,,543.9,0
,,543.9,0
,,543.9,0
,,543.9,0
,,543.9,0
,,543.9,0
,,543.9,0
,,543.9,0
,,543.9,0
,,543.9,0
,,543.9,0
,,543.9,0
,,543.9,0
,,543.9,0
,,543.9,0
,,543.9,0
,,543.9,0
,,543.9,0
,,543.9,0
,,543.9,0
,,543.9,0
,,543.9,0
,,543.9,0
,,543.9,0
,,543.9,0
,,543.9,0
,,543.9,0
,,543.9,0
,,543.9,0
,,543.9,0
,,543.9,0
,,543.9,0
,,543.9,0
,,543.9,0
,,543.9,0
,,543.9,0
,,543.9,0
,,543.9,0
,,543.9,0
,,543.9,0
,,543.9,0
,,543.9,0
,,543.9,0
,,543.9,0
,,543.9,0
,,543.9,0
,,543.9,0
,,543.9,0
,,543.9,0
,,543.9,0
,,543.9,0
,,543.9,0
,,543.9,0
,,543.9,0
,,543.9,0
,,543.9,0
,,543.9,0
,,543.9,0
,,543.9,0
,,543.9,0
,,543.9,0
,,543.9,0
,,543.9,0
,,543.9,0
,,543.9,0
,,543.9,0
,,543.9,0
,,543.9,0
,,543.9,0
,,543.9,0
,,543.9,0
,,543.9,0
,,543.9,0
,,543.9,0
,,543.9,0
,,543.9,0
,,543.9,0
,,543.9,0
,,543.9,0
,,543.9,0
,,543.9,0
,,543.9,0
,,544,0
,,544,0
,,544,0
,,544,0
,,544,0
,,544,0
,,544,0
,,544,0
,,544,0
,,544,0
,,544,0
,,544,0
,,544,0
,,544,0
,,544,0
,,544,0
,,544,0
,,544,0
,,544,0
,,544,0
,,544,0
,,544,0
,,544,0
,,544,0
,,544,0
,,544,0
,,544,0
,,544,0
,,544,0
,,544,0
,,544,0
,,544,0
,,544,0
,,544,0
,,544,0
,,544,0
,,544,0
,,544,0
,,544,0
,,544,0
,,544,0
,,544,0
,,544,0
,,544,0
,,544,0
,,544,0
,,544,0
,,544,0
,,544,0
,,544,0
,,544,0
,,544,0
,,544,0
,,544,0
,,544,0
,,544,0
,,544,0
,,544,0
,,544,0
,,544,0
,,544,0
,,544,0
,,544,0
,,544,0
,,544,0
,,544,0
,,544,0
,,544,0
,,544,0
,,544,0
,,544,0
,,544,0
,,544,0
,,544,0
,,544,0
,,544,0
,,544,0
,,544,0
,,544,0
,,544,0
,,544,0
,,544,0
,,544,0
,,544,0
,,544,0
,,544,0
,,544,0
,,544,0
,,544,0
,,544,0
,,544,0
,,544,0
,,544,0
,,544,0
,,544,0
,,544,0
,,544,0
,,544,0
,,544,0
,,544,0
,,544,0
,,544,0
,,544,0
,,544,0
,,544,0
,,544,0
,,544,0
,,544,0
,,544,0
,,544,0
,,544,0
,,544,0
,,544,0
,,544,0
,,544,0
,,544,0
,,544,0
,,544,0
,,544,0
,,544,0
,,544,0
,,544,0
,,544,0
,,544,0
,,544,0
,,544,0
,,544,0
,,544,0
,,544,0
,,544,0
,,544,0
,,544,0
,,544,0
,,544,0
,,544,0
,,544,0
,,544,0
,,544,0
,,544,0
,,544,0
,,544,0
,,544,0
,,544,0
,,544,0
,,544,0
,,544,0
,,544,0
,,544,0
,,544,0
,,544,0
,,544,0
,,544,0
,,544,0
,,544,0
,,544,0
,,544,0
,,544,0
,,544,0
,,544,0
,,544,0
,,544,0
,,544,0
,,544,0
,,544,0
,,544,0
,,544,0
,,544,0
,,544,0
,,544,0
,,544,0
,,544,0
,,544,0
,,544,0
,,544,0
,,544,0
,,544,0
,,544,0
,,544,0
,,544,0
,,544,0
,,544,0
,,544,0
,,544,0
,,544,0
,,544,0
,,544,0
,,544,0
,,544,0
,,544,0
,,544,0
,,544,0
,,544,0
,,544,0
,,544,0
,,544,0
,,544,0
,,544,0
,,544,0
,,544,0
,,544,0
,,544,0
,,544,0
,,544,0
,,544,0
,,544,0
,,544,0
,,544,0
,,544,0
,,544,0
,,544,0
,,544,0
,,544,0
,,544,0
,,544,0
,,544,0
,,544,0
,,544,0
,,544,0
,,544,0
,,544,0
,,544,0
,,544,0
,,544,0
,,544,0
,,544,0
,,544,0
,,544,0
,,544,0
,,544,0
,,544,0
,,544,0
,,544,0
,,544,0
,,544,0
,,544,0
,,544,0
,,544,0
,,544,0
,,544,0
,,544,0
,,544,0
,,544,0
,,544,0
,,544,0
,,544,0
,,544,0
,,544,0
,,544,0
,,544,0
,,544,0
,,544,0
,,544,0
,,544,0
,,544,0
,,544,0
,,544,0
,,544,0
,,544,0
,,544,0
,,544,0
,,544,0
,,544,0
,,544,0
,,544,0
,,544,0
,,544,0
,,544,0
,,544,0
,,544,0
,,544,0
,,544,0
,,544,0
,,544,0
,,544,0
,,544,0
,,544,0
,,544,0
,,544,0
,,544,0
,,544,0
,,544,0
,,544,0
,,544,0
,,544,0
,,544,0
,,544,0
,,544,0
,,544,0
,,544,0
,,544,0
,,544,0
,,544,0
,,544,0
,,544,0
,,544,0
,,544,0
,,544,0
,,544,0
,,544,0
,,544,0
,,544,0
,,544,0
,,544,0
,,544,0
,,544,0
,,544,0
,,544,0
,,544,0
,,544,0
,,544,0
,,544,0
,,544,0
,,544,0
,,544,0
,,544,0
,,544,0
,,544,0
,,544,0
,,544,0
,,544,0
,,544,0
,,544,0
,,544,0
,,544,0
,,544,0
,,544,0
,,544,0
,,544,0
,,544,0
,,544,0
,,544,0
,,544,0
,,544,0
,,544,0
,,544,0
,,544,0
,,544,0
,,544,0
,,544,0
,,544,0
,,544,0
,,544,0
,,544,0
,,544,0
,,544,0
,,544,0
,,544,0
,,544,0
,,544,0
,,544,0
,,544,0
,,544,0
,,544,0
,,544,0
,,544,0
,,544,0
,,544,0
,,544,0
,,544,0
,,544,0
,,544,0
,,544,0
,,544,0
,,544,0
,,544,0
,,544,0
,,544,0
,,544,0
,,544,0
,,544,0
,,544,0
,,544,0
,,544,0
,,544,0
,,544,0
,,544,0
,,544,0
,,544,0
,,544,0
,,544,0
,,544,0
,,544,0
,,544,0
,,544,0
,,544,0
,,544,0
,,544,0
,,544,0
,,544,0
,,544,0
,,544,0
,,544,0
,,544,0
,,544,0
,,544,0
,,544,0
,,544,0
,,544,0
,,544,0
,,544,0
,,544,0
,,544,0
,,544,0
,,544,0
,,544,0
,,544,0
,,544,0
,,544,0
,,544,0
,,544,0
,,544,0
,,544,0
,,544,0
,,544,0
,,544,0
,,544,0
,,544,0
,,544,0
,,544,0
,,544,0
,,544,0
,,544,0
,,544,0
,,544,0
,,544,0
,,544,0
,,544,0
,,544,0
,,544,0
,,544,0
,,544,0
,,544,0
,,544,0
,,544,0
,,544,0
,,544,0
,,544,0
,,544,0
,,544,0
,,544,0
,,544,0
,,544,0
,,544,0
,,544,0
,,544,0
,,544,0
,,544,0
,,544,0
,,544,0
,,544,0
,,544,0
,,544,0
,,544,0
,,544,0
,,544,0
,,544,0
,,544,0
,,544,0
,,544,0
,,544,0
,,544,0
,,544,0
,,544,0
,,544,0
,,544,0
,,544,0
,,544,0
,,544,0
,,544,0
,,544,0
,,544,0
,,544,0
,,544,0
,,544,0
,,544,0
,,544,0
,,544,0
,,544,0
,,544,0
,,544,0
,,544,0
,,544,0
,,544,0
,,544,0
,,544,0
,,544,0
,,544,0
,,544,0
,,544,0
,,544,0
,,544,0
,,544,0
,,544,0
,,544,0
,,544,0
,,544,0
,,544,0
,,544,0
,,544,0
,,544,0
,,544,0
,,544,0
,,544,0
,,544,0
,,544,0
,,544,0
,,544,0
,,544,0
,,544,0
,,544,0
,,544,0
,,544,0
,,544,0
,,544,0
,,544,0
,,544,0
,,544,0
,,544,0
,,544,0
,,544,0
,,544,0
,,544,0
,,544,0
,,544,0
,,544,0
,,544,0
,,544,0
,,544,0
,,544,0
,,544,0
,,544,0
,,544,0
,,544,0
,,544,0
,,544,0
,,544,0
,,544,0
,,544,0
,,544,0
,,544,0
,,544,0
,,544,0
,,544,0
,,544,0
,,544,0
,,544,0
,,544,0
,,544,0
,,544,0
,,544,0
,,544,0
,,544,0
,,544,0
,,544,0
,,544,0
,,544,0
,,544,0
,,544,0
,,544,0
,,544,0
,,544,0
,,544,0
,,544,0
,,544,0
,,544,0
,,544,0
,,544,0
,,544,0
,,544,0
,,544,0
,,544,0
,,544,0
,,544,0
,,544,0
,,544,0
,,544,0
,,544,0
,,544,0
,,544,0
,,544,0
,,544,0
,,544,0
,,544,0
,,544,0
,,544,0
,,544,0
,,544,0
,,544,0
,,544,0
,,544,0
,,544,0
,,544,0
,,544,0
,,544,0
,,544,0
,,544,0
,,544,0
,,544,0
,,544,0
,,544,0
,,544,0
,,544,0
,,544,0
,,544,0
,,544,0
,,544,0
,,544,0
,,544,0
,,544,0
,,544,0
,,544,0
,,544,0
,,544,0
,,544,0
,,544,0
,,544,0
,,544,0
,,544,0
,,544,0
,,544,0
,,544,0
,,544,0
,,544,0
,,544,0
,,544,0
,,544,0
,,544,0
,,544,0
,,544,0
,,544,0
,,544,0
,,544,0
,,544,0
,,544,0
,,544,0
,,544,0
,,544,0
,,544,0
,,544,0
,,544,0
,,544,0
,,544,0
,,544,0
,,544,0
,,544,0
,,544,0
,,544,0
,,544,0
,,544,0
,,544,0
,,544,0
,,544,0
,,544,0
,,544,0
,,544,0
,,544,0
,,544,0
,,544,0
,,544,0
,,544,0
,,544,0
,,544,0
,,544,0
,,544,0
,,544,0
,,544,0
,,544,0
,,544,0
,,544,0
,,544,0
,,544,0
,,544,0
,,544,0
,,544,0
,,544,0
,,544,0
,,544,0
,,544,0
,,544,0
,,544,0
,,544,0
,,544,0
,,544,0
,,544,0
,,544,0
,,544,0
,,544,0
,,544,0
,,544,0
,,544,0
,,544,0
,,544,0
,,544,0
,,544,0
,,544,0
,,544,0
,,544,0
,,544,0
,,544,0
,,544,0
,,544,0
,,544,0
,,544,0
,,544,0
,,544,0
,,544,0
,,544,0
,,544,0
,,544,0
,,544,0
,,544,0
,,544,0
,,544,0
,,544,0
,,544,0
,,544,0
,,544,0
,,544,0
,,544,0
,,544,0
,,544,0
,,544,0
,,544,0
,,544,0
,,544,0
,,544,0
,,544,0
,,544,0
,,544,0
,,544,0
,,544,0
,,544,0
,,544,0
,,544,0
,,544,0
,,544,0
,,544,0
,,544,0
,,544,0
,,544,0
,,544,0
,,544,0
,,544,0
,,544,0
,,544,0
,,544,0
,,544,0
,,544,0
,,544,0
,,544,0
,,544,0
,,544,0
,,544,0
,,544,0
,,544,0
,,544,0
,,544,0
,,544,0
,,544,0
,,544,0
,,544,0
,,544,0
,,544,0
,,544,0
,,544,0
,,544,0
,,544,0
,,544,0
,,544,0
,,544,0
,,544,0
,,544,0
,,544,0
,,544,0
,,544,0
,,544,0
,,544,0
,,544,0
,,544,0
,,544,0
,,544,0
,,544,0
,,544,0
,,544,0
,,544.1,0
,,544.1,0
,,544.1,0
,,544.1,0
,,544,0
,,544,0
,,544,0
,,544,0
,,544.1,0
,,544.1,0
,,544.1,0
,,544.1,0
,,544.1,0
,,544.1,0
,,544.1,0
,,544.1,0
,,544.1,0
,,544.1,0
,,544.1,0
,,544.1,0
,,544,0
,,544,0
,,544,0
,,544,0
,,544.1,0
,,544.1,0
,,544.1,0
,,544.1,0
,,544.1,0
,,544.1,0
,,544.1,0
,,544.1,0
,,544.1,0
,,544.1,0
,,544.1,0
,,544.1,0
,,544.1,0
,,544.1,0
,,544.1,0
,,544.1,0
,,544.1,0
,,544.1,0
,,544.1,0
,,544.1,0
,,544.1,0
,,544.1,0
,,544.1,0
,,544.1,0
,,544.1,0
,,544.1,0
,,544.1,0
,,544.1,0
,,544.1,0
,,544.1,0
,,544.1,0
,,544.1,0
,,544.1,0
,,544.1,0
,,544.1,0
,,544.1,0
,,544.1,0
,,544.1,0
,,544.1,0
,,544.1,0
,,544.1,0
,,544.1,0
,,544.1,0
,,544.1,0
,,544.1,0
,,544.1,0
,,544.1,0
,,544.1,0
,,544.1,0
,,544.1,0
,,544.1,0
,,544.1,0
,,544.1,0
,,544.1,0
,,544.1,0
,,544.1,0
,,544.1,0
,,544.1,0
,,544.1,0
,,544.1,0
,,544.1,0
,,544.1,0
,,544.1,0
,,544.1,0
,,544.1,0
,,544.1,0
,,544.1,0
,,544.1,0
,,544.1,0
,,544.1,0
,,544.1,0
,,544.1,0
,,544.1,0
,,544.1,0
,,544.1,0
,,544.1,0
,,544.1,0
,,544.1,0
,,544.1,0
,,544.1,0
,,544.1,0
,,544.1,0
,,544.1,0
,,544.1,0
,,544.1,0
,,544.1,0
,,544.1,0
,,544.1,0
,,544.1,0
,,544.1,0
,,544.1,0
,,544.1,0
,,544.1,0
,,544.1,0
,,544.1,0
,,544.1,0
,,544.1,0
,,544.1,0
,,544.1,0
,,544.1,0
,,544.1,0
,,544.1,0
,,544.1,0
,,544.1,0
,,544.1,0
,,544.1,0
,,544.1,0
,,544.1,0
,,544.1,0
,,544.1,0
,,544.1,0
,,544.1,0
,,544.1,0
,,544.1,0
,,544.1,0
,,544.1,0
,,544.1,0
,,544.1,0
,,544.1,0
,,544.1,0
,,544.1,0
,,544.1,0
,,544.1,0
,,544.1,0
,,544.1,0
,,544.1,0
,,544.1,0
,,544.1,0
,,544.1,0
,,544.1,0
,,544.1,0
,,544.1,0
,,544.1,0
,,544.1,0
,,544.1,0
,,544.1,0
,,544.1,0
,,544.1,0
,,544.1,0
,,544.1,0
,,544.1,0
,,544.1,0
,,544.1,0
,,544.1,0
,,544.1,0
,,544.1,0
,,544.1,0
,,544.1,0
,,544.1,0
,,544.1,0
,,544.1,0
,,544.1,0
,,544.1,0
,,544.1,0
,,544.1,0
,,544.1,0
,,544.1,0
,,544.1,0
,,544.1,0
,,544.1,0
,,544.1,0
,,544.1,0
,,544.1,0
,,544.1,0
,,544.1,0
,,544.1,0
,,544.1,0
,,544.1,0
,,544.1,0
,,544.1,0
,,544.1,0
,,544.1,0
,,544.1,0
,,544.1,0
,,544.1,0
,,544.1,0
,,544.1,0
,,544.1,0
,,544.1,0
,,544.1,0
,,544.1,0
,,544.1,0
,,544.1,0
,,544.1,0
,,544.1,0
,,544.1,0
,,544.1,0
,,544.1,0
,,544.1,0
,,544.1,0
,,544.1,0
,,544.1,0
,,544.1,0
,,544.1,0
,,544.1,0
,,544.1,0
,,544.1,0
,,544.1,0
,,544.1,0
,,544.1,0
,,544.1,0
,,544.1,0
,,544.1,0
,,544.1,0
,,544.1,0
,,544.1,0
,,544.1,0
,,544.1,0
,,544.1,0
,,544.1,0
,,544.1,0
,,544.1,0
,,544.1,0
,,544.1,0
,,544.1,0
,,544.1,0
,,544.1,0
,,544.1,0
,,544.1,0
,,544.1,0
,,544.1,0
,,544.1,0
,,544.1,0
,,544.1,0
,,544.1,0
,,544.1,0
,,544.1,0
,,544.1,0
,,544.1,0
,,544.1,0
,,544.1,0
,,544.1,0
,,544.1,0
,,544.1,0
,,544.1,0
,,544.1,0
,,544.1,0
,,544.1,0
,,544.1,0
,,544.1,0
,,544.1,0
,,544.1,0
,,544.1,0
,,544.1,0
,,544.1,0
,,544.1,0
,,544.1,0
,,544.1,0
,,544.1,0
,,544.1,0
,,544.1,0
,,544.1,0
,,544.1,0
,,544.1,0
,,544.1,0
,,544.1,0
,,544.1,0
,,544.1,0
,,544.1,0
,,544.1,0
,,544.1,0
,,544.1,0
,,544.1,0
,,544.1,0
,,544.1,0
,,544.1,0
,,544.1,0
,,544.1,0
,,544.1,0
,,544.1,0
,,544.1,0
,,544.1,0
,,544.1,0
,,544.1,0
,,544.1,0
,,544.1,0
,,544.1,0
,,544.1,0
,,544.1,0
,,544.1,0
,,544.1,0
,,544.1,0
,,544.1,0
,,544.1,0
,,544.1,0
,,544.1,0
,,544.1,0
,,544.1,0
,,544.1,0
,,544.1,0
,,544.1,0
,,544.1,0
,,544.1,0
,,544.1,0
,,544.1,0
,,544.1,0
,,544.1,0
,,544.1,0
,,544.1,0
,,544.1,0
,,544.1,0
,,544.1,0
,,544.1,0
,,544.1,0
,,544.1,0
,,544.1,0
,,544.1,0
,,544.1,0
,,544.1,0
,,544.1,0
,,544.1,0
,,544.1,0
,,544.1,0
,,544.1,0
,,544.1,0
,,544.1,0
,,544.1,0
,,544.1,0
,,544.1,0
,,544.1,0
,,544.1,0
,,544.1,0
,,544.1,0
,,544.1,0
,,544.1,0
,,544.1,0
,,544.1,0
,,544.1,0
,,544.1,0
,,544.1,0
,,544.1,0
,,544.1,0
,,544.1,0
,,544.1,0
,,544.1,0
,,544.1,0
,,544.1,0
,,544.1,0
,,544.1,0
,,544.1,0
,,544.1,0
,,544.1,0
,,544.1,0
,,544.1,0
,,544.1,0
,,544.1,0
,,544.1,0
,,544.1,0
,,544.1,0
,,544.1,0
,,544.1,0
,,544.1,0
,,544.1,0
,,544.1,0
,,544.1,0
,,544.1,0
,,544.1,0
,,544.1,0
,,544.1,0
,,544.1,0
,,544.1,0
,,544.1,0
,,544.1,0
,,544.1,0
,,544.1,0
,,544.1,0
,,544.1,0
,,544.1,0
,,544.1,0
,,544.1,0
,,544.1,0
,,544.1,0
,,544.1,0
,,544.1,0
,,544.1,0
,,544.1,0
,,544.1,0
,,544.1,0
,,544.1,0
,,544.1,0
,,544.1,0
,,544.1,0
,,544.1,0
,,544.1,0
,,544.1,0
,,544.1,0
,,544.1,0
,,544.1,0
,,544.1,0
,,544.1,0
,,544.1,0
,,544.1,0
,,544.1,0
,,544.1,0
,,544.1,0
,,544.1,0
,,544.1,0
,,544.1,0
,,544.1,0
,,544.1,0
,,544.1,0
,,544.1,0
,,544.1,0
,,544.1,0
,,544.1,0
,,544.1,0
,,544.1,0
,,544.1,0
,,544.1,0
,,544.1,0
,,544.1,0
,,544.1,0
,,544.1,0
,,544.1,0
,,544.1,0
,,544.1,0
,,544.1,0
,,544.1,0
,,544.1,0
,,544.1,0
,,544.1,0
,,544.1,0
,,544.1,0
,,544.1,0
,,544.1,0
,,544.1,0
,,544.1,0
,,544.1,0
,,544.1,0
,,544.1,0
,,544.1,0
,,544.1,0
,,544.1,0
,,544.1,0
,,544.1,0
,,544.1,0
,,544.1,0
,,544.1,0
,,544.1,0
,,544.1,0
,,544.1,0
,,544.1,0
,,544.1,0
,,544.1,0
,,544.1,0
,,544.1,0
,,544.1,0
,,544.1,0
,,544.1,0
,,544.1,0
,,544.1,0
,,544.1,0
,,544.1,0
,,544.1,0
,,544.1,0
,,544.1,0
,,544.1,0
,,544.1,0
,,544.1,0
,,544.1,0
,,544.1,0
,,544.1,0
,,544.1,0
,,544.1,0
,,544.1,0
,,544.1,0
,,544.1,0
,,544.1,0
,,544.1,0
,,544.1,0
,,544.1,0
,,544.1,0
,,544.1,0
,,544.1,0
,,544.1,0
,,544.1,0
,,544.1,0
,,544.1,0
,,544.1,0
,,544.1,0
,,544.1,0
,,544.1,0
,,544.1,0
,,544.1,0
,,544.1,0
,,544.1,0
,,544.1,0
,,544.1,0
,,544.1,0
,,544.1,0
,,544.1,0
,,544.1,0
,,544.1,0
,,544.1,0
,,544.1,0
,,544.1,0
,,544.1,0
,,544.1,0
,,544.1,0
,,544.1,0
,,544.1,0
,,544.1,0
,,544.1,0
,,544.1,0
,,544.1,0
,,544.1,0
,,544.1,0
,,544.1,0
,,544.1,0
,,544.1,0
,,544.1,0
,,544.1,0
,,544.1,0
,,544.1,0
,,544.1,0
,,544.1,0
,,544.1,0
,,544.1,0
,,544.1,0
,,544.1,0
,,544.1,0
,,544.1,0
,,544.1,0
,,544.1,0
,,544.1,0
,,544.1,0
,,544.1,0
,,544.1,0
,,544.1,0
,,544.1,0
,,544.1,0
,,544.1,0
,,544.1,0
,,544.1,0
,,544.1,0
,,544.1,0
,,544.1,0
,,544.1,0
,,544.1,0
,,544.1,0
,,544.1,0
,,544.1,0
,,544.1,0
,,544.1,0
,,544.1,0
,,544.1,0
,,544.1,0
,,544.1,0
,,544.1,0
,,544.1,0
,,544.1,0
,,544.1,0
,,544.1,0
,,544.1,0
,,544.1,0
,,544.1,0
,,544.1,0
,,544.1,0
,,544.1,0
,,544.1,0
,,544.1,0
,,544.1,0
,,544.1,0
,,544.1,0
,,544.1,0
,,544.1,0
,,544.1,0
,,544.1,0
,,544.1,0
,,544.1,0
,,544.1,0
,,544.1,0
,,544.1,0
,,544.1,0
,,544.1,0
,,544.1,0
,,544.1,0
,,544.1,0
,,544.1,0
,,544.1,0
,,544.1,0
,,544.1,0
,,544.1,0
,,544.1,0
,,544.1,0
,,544.1,0
,,544.1,0
,,544.1,0
,,544.1,0
,,544.1,0
,,544.1,0
,,544.1,0
,,544.1,0
,,544.1,0
,,544.1,0
,,544.1,0
,,544.1,0
,,544.1,0
,,544.1,0
,,544.1,0
,,544.1,0
,,544.1,0
,,544.1,0
,,544.1,0
,,544.1,0
,,544.1,0
,,544.1,0
,,544.1,0
,,544.1,0
,,544.1,0
,,544.1,0
,,544.1,0
,,544.1,0
,,544.1,0
,,544.1,0
,,544.1,0
,,544.1,0
,,544.1,0
,,544.1,0
,,544.1,0
,,544.1,0
,,544.1,0
,,544.1,0
,,544.1,0
,,544.1,0
,,544.1,0
,,544.1,0
,,544.1,0
,,544.1,0
,,544.1,0
,,544.1,0
,,544.1,0
,,544.1,0
,,544.1,0
,,544.1,0
,,544.1,0
,,544.1,0
,,544.1,0
,,544.1,0
,,544.1,0
,,544.1,0
,,544.1,0
,,544.1,0
,,544.1,0
,,544.1,0
,,544.1,0
,,544.1,0
,,544.1,0
,,544.1,0
,,544.1,0
,,544.1,0
,,544.1,0
,,544.1,0
,,544.1,0
,,544.1,0
,,544.1,0
,,544.1,0
,,544.1,0
,,544.1,0
,,544.1,0
,,544.1,0
,,544.1,0
,,544.1,0
,,544.1,0
,,544.1,0
,,544.1,0
,,544.1,0
,,544.1,0
,,544.1,0
,,544.1,0
,,544.1,0
,,544.1,0
,,544.1,0
,,544.1,0
,,544.1,0
,,544.1,0
,,544.1,0
,,544.1,0
,,544.1,0
,,544.1,0
,,544.1,0
,,544.1,0
,,544.1,0
,,544.1,0
,,544.1,0
,,544.1,0
,,544.1,0
,,544.1,0
,,544.1,0
,,544.1,0
,,544.1,0
,,544.1,0
,,544.1,0
,,544.1,0
,,544.1,0
,,544.1,0
,,544.1,0
,,544.1,0
,,544.1,0
,,544.1,0
,,544.1,0
,,544.1,0
,,544.1,0
,,544.1,0
,,544.1,0
,,544.1,0
,,544.1,0
,,544.1,0
,,544.1,0
,,544.1,0
,,544.1,0
,,544.1,0
,,544.1,0
,,544.1,0
,,544.1,0
,,544.1,0
,,544.1,0
,,544.1,0
,,544.1,0
,,544.1,0
,,544.1,0
,,544.1,0
,,544.1,0
,,544.1,0
,,544.1,0
,,544.1,0
,,544.1,0
,,544.1,0
,,544.1,0
,,544.1,0
,,544.1,0
,,544.1,0
,,544.1,0
,,544.1,0
,,544.1,0
,,544.1,0
,,544.1,0
,,544.1,0
,,544.1,0
,,544.1,0
,,544.1,0
,,544.1,0
,,544.1,0
,,544.1,0
,,544.1,0
,,544.1,0
,,544.1,0
,,544.1,0
,,544.1,0
,,544.1,0
,,544.1,0
,,544.1,0
,,544.1,0
,,544.1,0
,,544.1,0
,,544.1,0
,,544.1,0
,,544.1,0
,,544.1,0
,,544.1,0
,,544.1,0
,,544.1,0
,,544.1,0
,,544.1,0
,,544.1,0
,,544.1,0
,,544.1,0
,,544.1,0
,,544.1,0
,,544.1,0
,,544.1,0
,,544.1,0
,,544.1,0
,,544.1,0
,,544.1,0
,,544.1,0
,,544.1,0
,,544.1,0
,,544.1,0
,,544.1,0
,,544.1,0
,,544.1,0
,,544.1,0
,,544.1,0
,,544.1,0
,,544.1,0
,,544.1,0
,,544.1,0
,,544.1,0
,,544.1,0
,,544.1,0
,,544.1,0
,,544.1,0
,,544.1,0
,,544.1,0
,,544.1,0
,,544.1,0
,,544.1,0
,,544.1,0
,,544.1,0
,,544.1,0
,,544.1,0
,,544.1,0
,,544.1,0
,,544.1,0
,,544.1,0
,,544.1,0
,,544.1,0
,,544.1,0
,,544.1,0
,,544.1,0
,,544.1,0
,,544.1,0
,,544.1,0
,,544.1,0
,,544.1,0
,,544.1,0
,,544.1,0
,,544.1,0
,,544.1,0
,,544.1,0
,,544.1,0
,,544.1,0
,,544.1,0
,,544.1,0
,,544.1,0
,,544.1,0
,,544.1,0
,,544.1,0
,,544.1,0
,,544.1,0
,,544.1,0
,,544.1,0
,,544.1,0
,,544.1,0
,,544.1,0
,,544.1,0
,,544.1,0
,,544.1,0
,,544.1,0
,,544.1,0
,,544.1,0
,,544.1,0
,,544.1,0
,,544.1,0
,,544.1,0
,,544.1,0
,,544.1,0
,,544.1,0
,,544.1,0
,,544.1,0
,,544.1,0
,,544.1,0
,,544.1,0
,,544.1,0
,,544.1,0
,,544.1,0
,,544.1,0
,,544.1,0
,,544.1,0
,,544.1,0
,,544.1,0
,,544.1,0
,,544.1,0
,,544.1,0
,,544.1,0
,,544.1,0
,,544.1,0
,,544.1,0
,,544.1,0
,,544.1,0
,,544.1,0
,,544.1,0
,,544.1,0
,,544.1,0
,,544.1,0
,,544.1,0
,,544.1,0
,,544.1,0
,,544.1,0
,,544.1,0
,,544.1,0
,,544.1,0
,,544.1,0
,,544.1,0
,,544.1,0
,,544.1,0
,,544.1,0
,,544.1,0
,,544.1,0
,,544.1,0
,,544.1,0
,,544.1,0
,,544.1,0
,,544.1,0
,,544.1,0
,,544.1,0
,,544.1,0
,,544.1,0
,,544.1,0
,,544.1,0
,,544.1,0
,,544.1,0
,,544.1,0
,,544.1,0
,,544.1,0
,,544.1,0
,,544.1,0
,,544.1,0
,,544.1,0
,,544.1,0
,,544.1,0
,,544.1,0
,,544.1,0
,,544.1,0
,,544.1,0
,,544.1,0
,,544.1,0
,,544.1,0
,,544.1,0
,,544.1,0
,,544.1,0
,,544.1,0
,,544.1,0
,,544.1,0
,,544.1,0
,,544.1,0
,,544.1,0
,,544.1,0
,,544.1,0
,,544.1,0
,,544.1,0
,,544.1,0
,,544.1,0
,,544.1,0
,,544.1,0
,,544.1,0
,,544.1,0
,,544.1,0
,,544.1,0
,,544.1,0
,,544.1,0
,,544.1,0
,,544.1,0
,,544.1,0
,,544.1,0
,,544.1,0
,,544.1,0
,,544.1,0
,,544.1,0
,,544.1,0
,,544.1,0
,,544.1,0
,,544.1,0
,,544.1,0
,,544.1,0
,,544.1,0
,,544.1,0
,,544.1,0
,,544.1,0
,,544.1,0
,,544.1,0
,,544.1,0
,,544.1,0
,,544.1,0
,,544.1,0
,,544.1,0
,,544.1,0
,,544.1,0
,,544.1,0
,,544.1,0
,,544.1,0
,,544.1,0
,,544.1,0
,,544.1,0
,,544.1,0
,,544.1,0
,,544.1,0
,,544.1,0
,,544.1,0
,,544.1,0
,,544.1,0
,,544.1,0
,,544.1,0
,,544.1,0
,,544.1,0
,,544.1,0
,,544.1,0
,,544.1,0
,,544.1,0
,,544.1,0
,,544.1,0
,,544.1,0
,,544.1,0
,,544.1,0
,,544.1,0
,,544.1,0
,,544.1,0
,,544.1,0
,,544.1,0
,,544.1,0
,,544.1,0
,,544.1,0
,,544.1,0
,,544.1,0
,,544.1,0
,,544.1,0
,,544.1,0
,,544.1,0
,,544.1,0
,,544.1,0
,,544.1,0
,,544.1,0
,,544.1,0
,,544.1,0
,,544.1,0
,,544.1,0
,,544.1,0
,,544.1,0
,,544.1,0
,,544.1,0
,,544.1,0
,,544.1,0
,,544.1,0
,,544.1,0
,,544.1,0
,,544.1,0
,,544.1,0
,,544.1,0
,,544.1,0
,,544.1,0
,,544.1,0
,,544.1,0
,,544.1,0
,,544.1,0
,,544.1,0
,,544.1,0
,,544.1,0
,,544.1,0
,,544.1,0
,,544.1,0
,,544.1,0
,,544.1,0
,,544.1,0
,,544.2,0
,,544.2,0
,,544.2,0
,,544.2,0
,,544.2,0
,,544.2,0
,,544.2,0
,,544.2,0
,,544.2,0
,,544.2,0
,,544.2,0
,,544.2,0
,,544.2,0
,,544.2,0
,,544.2,0
,,544.2,0
,,544.2,0
,,544.2,0
,,544.2,0
,,544.2,0
,,544.2,0
,,544.2,0
,,544.2,0
,,544.2,0
,,544.2,0
,,544.2,0
,,544.2,0
,,544.2,0
,,544.2,0
,,544.2,0
,,544.2,0
,,544.2,0
,,544.2,0
,,544.2,0
,,544.2,0
,,544.2,0
,,544.2,0
,,544.2,0
,,544.2,0
,,544.2,0
,,544.2,0
,,544.2,0
,,544.2,0
,,544.2,0
,,544.2,0
,,544.2,0
,,544.2,0
,,544.2,0
,,544.2,0
,,544.2,0
,,544.2,0
,,544.2,0
,,544.2,0
,,544.2,0
,,544.2,0
,,544.2,0
,,544.2,0
,,544.2,0
,,544.2,0
,,544.2,0
,,544.2,0
,,544.2,0
,,544.2,0
,,544.2,0
,,544.2,0
,,544.2,0
,,544.2,0
,,544.2,0
,,544.2,0
,,544.2,0
,,544.2,0
,,544.2,0
,,544.2,0
,,544.2,0
,,544.2,0
,,544.2,0
,,544.2,0
,,544.2,0
,,544.2,0
,,544.2,0
,,544.2,0
,,544.2,0
,,544.2,0
,,544.2,0
,,544.2,0
,,544.2,0
,,544.2,0
,,544.2,0
,,544.2,0
,,544.2,0
,,544.2,0
,,544.2,0
,,544.2,0
,,544.2,0
,,544.2,0
,,544.2,0
,,544.2,0
,,544.2,0
,,544.2,0
,,544.2,0
,,544.2,0
,,544.2,0
,,544.2,0
,,544.2,0
,,544.2,0
,,544.2,0
,,544.2,0
,,544.2,0
,,544.2,0
,,544.2,0
,,544.2,0
,,544.2,0
,,544.2,0
,,544.2,0
,,544.2,0
,,544.2,0
,,544.2,0
,,544.2,0
,,544.2,0
,,544.2,0
,,544.2,0
,,544.2,0
,,544.2,0
,,544.2,0
,,544.2,0
,,544.2,0
,,544.2,0
,,544.2,0
,,544.2,0
,,544.2,0
,,544.2,0
,,544.2,0
,,544.2,0
,,544.2,0
,,544.2,0
,,544.2,0
,,544.2,0
,,544.2,0
,,544.2,0
,,544.2,0
,,544.2,0
,,544.2,0
,,544.2,0
,,544.2,0
,,544.2,0
,,544.2,0
,,544.2,0
,,544.2,0
,,544.2,0
,,544.2,0
,,544.2,0
,,544.2,0
,,544.2,0
,,544.2,0
,,544.2,0
,,544.2,0
,,544.2,0
,,544.2,0
,,544.2,0
,,544.2,0
,,544.2,0
,,544.2,0
,,544.2,0
,,544.2,0
,,544.2,0
,,544.2,0
,,544.2,0
,,544.2,0
,,544.2,0
,,544.2,0
,,544.2,0
,,544.2,0
,,544.2,0
,,544.2,0
,,544.2,0
,,544.2,0
,,544.2,0
,,544.2,0
,,544.2,0
,,544.2,0
,,544.2,0
,,544.2,0
,,544.2,0
,,544.2,0
,,544.2,0
,,544.2,0
,,544.2,0
,,544.2,0
,,544.2,0
,,544.2,0
,,544.2,0
,,544.2,0
,,544.2,0
,,544.2,0
,,544.2,0
,,544.2,0
,,544.2,0
,,544.2,0
,,544.2,0
,,544.2,0
,,544.2,0
,,544.2,0
,,544.2,0
,,544.2,0
,,544.2,0
,,544.2,0
,,544.2,0
,,544.2,0
,,544.2,0
,,544.2,0
,,544.2,0
,,544.2,0
,,544.2,0
,,544.2,0
,,544.2,0
,,544.2,0
,,544.2,0
,,544.2,0
,,544.2,0
,,544.2,0
,,544.2,0
,,544.2,0
,,544.2,0
,,544.2,0
,,544.2,0
,,544.2,0
,,544.2,0
,,544.2,0
,,544.2,0
,,544.2,0
,,544.2,0
,,544.2,0
,,544.2,0
,,544.2,0
,,544.2,0
,,544.2,0
,,544.2,0
,,544.2,0
,,544.2,0
,,544.2,0
,,544.2,0
,,544.2,0
,,544.2,0
,,544.2,0
,,544.2,0
,,544.2,0
,,544.2,0
,,544.2,0
,,544.2,0
,,544.2,0
,,544.2,0
,,544.2,0
,,544.2,0
,,544.2,0
,,544.2,0
,,544.2,0
,,544.2,0
,,544.2,0
,,544.2,0
,,544.2,0
,,544.2,0
,,544.2,0
,,544.2,0
,,544.2,0
,,544.2,0
,,544.2,0
,,544.2,0
,,544.2,0
,,544.2,0
,,544.2,0
,,544.2,0
,,544.2,0
,,544.2,0
,,544.2,0
,,544.2,0
,,544.2,0
,,544.2,0
,,544.2,0
,,544.2,0
,,544.2,0
,,544.2,0
,,544.2,0
,,544.2,0
,,544.2,0
,,544.2,0
,,544.2,0
,,544.2,0
,,544.2,0
,,544.2,0
,,544.2,0
,,544.2,0
,,544.2,0
,,544.2,0
,,544.2,0
,,544.2,0
,,544.2,0
,,544.2,0
,,544.2,0
,,544.2,0
,,544.2,0
,,544.2,0
,,544.2,0
,,544.2,0
,,544.2,0
,,544.2,0
,,544.2,0
,,544.2,0
,,544.2,0
,,544.2,0
,,544.2,0
,,544.2,0
,,544.2,0
,,544.2,0
,,544.2,0
,,544.2,0
,,544.2,0
,,544.2,0
,,544.2,0
,,544.2,0
,,544.2,0
,,544.2,0
,,544.2,0
,,544.2,0
,,544.2,0
,,544.2,0
,,544.2,0
,,544.2,0
,,544.2,0
,,544.2,0
,,544.2,0
,,544.2,0
,,544.2,0
,,544.2,0
,,544.2,0
,,544.2,0
,,544.2,0
,,544.2,0
,,544.2,0
,,544.2,0
,,544.2,0
,,544.2,0
,,544.2,0
,,544.2,0
,,544.2,0
,,544.2,0
,,544.2,0
,,544.2,0
,,544.2,0
,,544.2,0
,,544.2,0
,,544.2,0
,,544.2,0
,,544.2,0
,,544.2,0
,,544.2,0
,,544.2,0
,,544.2,0
,,544.2,0
,,544.2,0
,,544.2,0
,,544.2,0
,,544.2,0
,,544.2,0
,,544.2,0
,,544.2,0
,,544.2,0
,,544.2,0
,,544.2,0
,,544.2,0
,,544.2,0
,,544.2,0
,,544.2,0
,,544.2,0
,,544.2,0
,,544.2,0
,,544.2,0
,,544.2,0
,,544.2,0
,,544.2,0
,,544.2,0
,,544.2,0
,,544.2,0
,,544.2,0
,,544.2,0
,,544.2,0
,,544.2,0
,,544.2,0
,,544.2,0
,,544.2,0
,,544.2,0
,,544.2,0
,,544.2,0
,,544.2,0
,,544.2,0
,,544.2,0
,,544.2,0
,,544.2,0
,,544.2,0
,,544.2,0
,,544.2,0
,,544.2,0
,,544.2,0
,,544.2,0
,,544.2,0
,,544.2,0
,,544.2,0
,,544.2,0
,,544.2,0
,,544.2,0
,,544.2,0
,,544.2,0
,,544.2,0
,,544.2,0
,,544.2,0
,,544.2,0
,,544.2,0
,,544.2,0
,,544.2,0
,,544.2,0
,,544.2,0
,,544.2,0
,,544.2,0
,,544.2,0
,,544.2,0
,,544.2,0
,,544.2,0
,,544.2,0
,,544.2,0
,,544.2,0
,,544.2,0
,,544.2,0
,,544.2,0
,,544.2,0
,,544.2,0
,,544.2,0
,,544.2,0
,,544.2,0
,,544.2,0
,,544.2,0
,,544.2,0
,,544.2,0
,,544.2,0
,,544.2,0
,,544.2,0
,,544.2,0
,,544.2,0
,,544.2,0
,,544.2,0
,,544.2,0
,,544.2,0
,,544.2,0
,,544.2,0
,,544.2,0
,,544.2,0
,,544.2,0
,,544.2,0
,,544.2,0
,,544.2,0
,,544.2,0
,,544.2,0
,,544.2,0
,,544.2,0
,,544.2,0
,,544.2,0
,,544.2,0
,,544.2,0
,,544.2,0
,,544.2,0
,,544.2,0
,,544.2,0
,,544.2,0
,,544.2,0
,,544.2,0
,,544.2,0
,,544.2,0
,,544.2,0
,,544.2,0
,,544.2,0
,,544.2,0
,,544.2,0
,,544.2,0
,,544.2,0
,,544.2,0
,,544.2,0
,,544.2,0
,,544.2,0
,,544.2,0
,,544.2,0
,,544.2,0
,,544.2,0
,,544.2,0
,,544.2,0
,,544.2,0
,,544.2,0
,,544.2,0
,,544.2,0
,,544.2,0
,,544.2,0
,,544.2,0
,,544.2,0
,,544.2,0
,,544.2,0
,,544.2,0
,,544.2,0
,,544.2,0
,,544.2,0
,,544.2,0
,,544.2,0
,,544.2,0
,,544.2,0
,,544.2,0
,,544.2,0
,,544.2,0
,,544.2,0
,,544.2,0
,,544.2,0
,,544.2,0
,,544.2,0
,,544.2,0
,,544.2,0
,,544.2,0
,,544.2,0
,,544.2,0
,,544.2,0
,,544.2,0
,,544.2,0
,,544.2,0
,,544.2,0
,,544.2,0
,,544.2,0
,,544.2,0
,,544.2,0
,,544.2,0
,,544.2,0
,,544.2,0
,,544.2,0
,,544.2,0
,,544.2,0
,,544.2,0
,,544.2,0
,,544.2,0
,,544.2,0
,,544.2,0
,,544.2,0
,,544.2,0
,,544.2,0
,,544.2,0
,,544.2,0
,,544.2,0
,,544.2,0
,,544.2,0
,,544.2,0
,,544.2,0
,,544.2,0
,,544.2,0
,,544.2,0
,,544.2,0
,,544.2,0
,,544.2,0
,,544.2,0
,,544.2,0
,,544.2,0
,,544.2,0
,,544.2,0
,,544.2,0
,,544.2,0
,,544.2,0
,,544.2,0
,,544.2,0
,,544.2,0
,,544.2,0
,,544.2,0
,,544.2,0
,,544.2,0
,,544.2,0
,,544.2,0
,,544.2,0
,,544.2,0
,,544.2,0
,,544.2,0
,,544.2,0
,,544.2,0
,,544.2,0
,,544.2,0
,,544.2,0
,,544.2,0
,,544.2,0
,,544.2,0
,,544.2,0
,,544.2,0
,,544.2,0
,,544.2,0
,,544.2,0
,,544.2,0
,,544.2,0
,,544.2,0
,,544.2,0
,,544.2,0
,,544.2,0
,,544.2,0
,,544.2,0
,,544.2,0
,,544.2,0
,,544.2,0
,,544.2,0
,,544.2,0
,,544.2,0
,,544.2,0
,,544.2,0
,,544.2,0
,,544.2,0
,,544.2,0
,,544.2,0
,,544.2,0
,,544.2,0
,,544.2,0
,,544.2,0
,,544.2,0
,,544.2,0
,,544.2,0
,,544.2,0
,,544.2,0
,,544.2,0
,,544.2,0
,,544.2,0
,,544.2,0
,,544.2,0
,,544.2,0
,,544.2,0
,,544.2,0
,,544.2,0
,,544.2,0
,,544.2,0
,,544.2,0
,,544.2,0
,,544.2,0
,,544.2,0
,,544.2,0
,,544.2,0
,,544.2,0
,,544.2,0
,,544.2,0
,,544.2,0
,,544.2,0
,,544.2,0
,,544.2,0
,,544.2,0
,,544.2,0
,,544.2,0
,,544.2,0
,,544.2,0
,,544.2,0
,,544.2,0
,,544.2,0
,,544.2,0
,,544.2,0
,,544.2,0
,,544.2,0
,,544.2,0
,,544.2,0
,,544.2,0
,,544.2,0
,,544.2,0
,,544.2,0
,,544.2,0
,,544.2,0
,,544.2,0
,,544.2,0
,,544.2,0
,,544.2,0
,,544.2,0
,,544.2,0
,,544.2,0
,,544.2,0
,,544.2,0
,,544.2,0
,,544.2,0
,,544.2,0
,,544.2,0
,,544.2,0
,,544.2,0
,,544.2,0
,,544.2,0
,,544.2,0
,,544.2,0
,,544.2,0
,,544.2,0
,,544.2,0
,,544.2,0
,,544.2,0
,,544.2,0
,,544.2,0
,,544.2,0
,,544.2,0
,,544.2,0
,,544.2,0
,,544.2,0
,,544.2,0
,,544.2,0
,,544.2,0
,,544.2,0
,,544.2,0
,,544.2,0
,,544.2,0
,,544.2,0
,,544.2,0
,,544.2,0
,,544.2,0
,,544.2,0
,,544.2,0
,,544.2,0
,,544.2,0
,,544.2,0
,,544.2,0
,,544.2,0
,,544.2,0
,,544.2,0
,,544.2,0
,,544.2,0
,,544.2,0
,,544.2,0
,,544.2,0
,,544.2,0
,,544.2,0
,,544.2,0
,,544.2,0
,,544.2,0
,,544.2,0
,,544.2,0
,,544.2,0
,,544.2,0
,,544.2,0
,,544.2,0
,,544.2,0
,,544.2,0
,,544.2,0
,,544.2,0
,,544.2,0
,,544.2,0
,,544.2,0
,,544.2,0
,,544.2,0
,,544.2,0
,,544.2,0
,,544.2,0
,,544.2,0
,,544.2,0
,,544.2,0
,,544.2,0
,,544.2,0
,,544.2,0
,,544.2,0
,,544.2,0
,,544.2,0
,,544.2,0
,,544.2,0
,,544.2,0
,,544.2,0
,,544.2,0
,,544.2,0
,,544.2,0
,,544.2,0
,,544.2,0
,,544.2,0
,,544.2,0
,,544.2,0
,,544.2,0
,,544.2,0
,,544.2,0
,,544.2,0
,,544.2,0
,,544.2,0
,,544.2,0
,,544.2,0
,,544.2,0
,,544.2,0
,,544.2,0
,,544.2,0
,,544.2,0
,,544.2,0
,,544.2,0
,,544.2,0
,,544.2,0
,,544.2,0
,,544.2,0
,,544.2,0
,,544.2,0
,,544.2,0
,,544.2,0
,,544.2,0
,,544.2,0
,,544.2,0
,,544.2,0
,,544.2,0
,,544.2,0
,,544.2,0
,,544.2,0
,,544.2,0
,,544.2,0
,,544.2,0
,,544.2,0
,,544.2,0
,,544.2,0
,,544.2,0
,,544.2,0
,,544.2,0
,,544.2,0
,,544.2,0
,,544.2,0
,,544.2,0
,,544.2,0
,,544.2,0
,,544.2,0
,,544.2,0
,,544.2,0
,,544.2,0
,,544.2,0
,,544.2,0
,,544.2,0
,,544.2,0
,,544.2,0
,,544.2,0
,,544.2,0
,,544.2,0
,,544.2,0
,,544.2,0
,,544.2,0
,,544.2,0
,,544.2,0
,,544.2,0
,,544.2,0
,,544.2,0
,,544.2,0
,,544.2,0
,,544.2,0
,,544.2,0
,,544.2,0
,,544.2,0
,,544.2,0
,,544.2,0
,,544.2,0
,,544.2,0
,,544.2,0
,,544.2,0
,,544.2,0
,,544.2,0
,,544.2,0
,,544.2,0
,,544.2,0
,,544.2,0
,,544.2,0
,,544.2,0
,,544.2,0
,,544.2,0
,,544.2,0
,,544.2,0
,,544.2,0
,,544.2,0
,,544.2,0
,,544.2,0
,,544.2,0
,,544.2,0
,,544.2,0
,,544.2,0
,,544.2,0
,,544.2,0
,,544.2,0
,,544.2,0
,,544.2,0
,,544.2,0
,,544.2,0
,,544.2,0
,,544.2,0
,,544.2,0
,,544.2,0
,,544.2,0
,,544.2,0
,,544.2,0
,,544.2,0
,,544.2,0
,,544.2,0
,,544.2,0
,,544.2,0
,,544.2,0
,,544.2,0
,,544.2,0
,,544.2,0
,,544.2,0
,,544.2,0
,,544.2,0
,,544.2,0
,,544.2,0
,,544.2,0
,,544.2,0
,,544.2,0
,,544.2,0
,,544.2,0
,,544.2,0
,,544.2,0
,,544.2,0
,,544.2,0
,,544.2,0
,,544.2,0
,,544.2,0
,,544.2,0
,,544.2,0
,,544.2,0
,,544.2,0
,,544.2,0
,,544.2,0
,,544.2,0
,,544.2,0
,,544.2,0
,,544.2,0
,,544.2,0
,,544.2,0
,,544.2,0
,,544.2,0
,,544.2,0
,,544.2,0
,,544.2,0
,,544.2,0
,,544.2,0
,,544.2,0
,,544.2,0
,,544.2,0
,,544.2,0
,,544.2,0
,,544.2,0
,,544.2,0
,,544.2,0
,,544.2,0
,,544.2,0
,,544.2,0
,,544.2,0
,,544.2,0
,,544.2,0
,,544.2,0
,,544.2,0
,,544.2,0
,,544.2,0
,,544.2,0
,,544.2,0
,,544.2,0
,,544.2,0
,,544.2,0
,,544.2,0
,,544.2,0
,,544.2,0
,,544.2,0
,,544.2,0
,,544.2,0
,,544.2,0
,,544.2,0
,,544.2,0
,,544.2,0
,,544.2,0
,,544.2,0
,,544.2,0
,,544.2,0
,,544.2,0
,,544.2,0
,,544.2,0
,,544.2,0
,,544.2,0
,,544.2,0
,,544.2,0
,,544.2,0
,,544.2,0
,,544.2,0
,,544.2,0
,,544.2,0
,,544.2,0
,,544.2,0
,,544.2,0
,,544.2,0
,,544.2,0
,,544.2,0
,,544.2,0
,,544.2,0
,,544.2,0
,,544.2,0
,,544.2,0
,,544.2,0
,,544.2,0
,,544.2,0
,,544.2,0
,,544.2,0
,,544.2,0
,,544.2,0
,,544.2,0
,,544.2,0
,,544.2,0
,,544.2,0
,,544.2,0
,,544.2,0
,,544.2,0
,,544.2,0
,,544.2,0
,,544.2,0
,,544.2,0