Time,Vdc
0.1,539.999514720443
0.11,539.999514720443
0.12,539.999514720443
0.13,539.999514720445
0.14,539.999514720445
0.15,539.999514720445
0.16,539.999514720445
0.17,539.999514720445
0.18,539.999514720445
0.19,539.999514720445
0.2,539.999514720445
0.21,539.999514720445
0.22,539.999514720445
0.23,539.999514720445
0.24,539.999514720445
0.25,539.999514720445
0.26,539.999514720445
0.27,539.999514112679
0.28,539.99951411268
0.29,539.999514112679
0.3,539.999514679339
0.31,539.99951411268
0.32,539.999514430153
0.33,539.999514112679
0.34,539.999438608922
0.35,539.999512331171
0.36,539.999513888205
0.37,539.999512212839
0.38,539.999513888206
0.39,539.999513888205
0.4,539.999513888206
0.41,539.999513888205
0.42,539.999513888205
0.43,539.999513888205
0.44,539.999514099723
0.45,539.999514112679
0.46,539.9995141126
0.47,539.999513888177
0.48,539.984942394615
0.49,539.999513887287
0.5,539.999513887351
0.51,539.99951390039
0.52,539.999514111571
0.53,539.999513888204
0.54,539.974678683349
0.55,539.999513888204
0.56,539.910238936545
0.57,539.910941309018
0.58,539.999513888206
0.59,539.999513888206
0.6,539.999514112679
0.61,539.999512474609
0.62,539.999504100699
0.63,539.999513888205
0.64,539.99951411268
0.65,539.999514112494
0.66,539.999153042317
0.67,539.999482653964
0.68,539.975050293683
0.69,539.999513888205
0.7,539.99847955472
0.71,539.999506016999
0.72,539.999507404404
0.73,539.999189988333
0.74,539.999437674433
0.75,539.999433833883
0.76,539.999514113783
0.77,539.999508052268
0.78,539.999513888203
0.79,539.999513888204
0.8,539.999513888205
0.81,539.999514081745
0.82,539.999510364644
0.83,540.000642817107
0.84,539.999513881138
0.85,539.949951496803
0.86,539.99951345126
0.87,539.999514117178
0.88,539.999514112713
0.89,539.999513851161
0.9,539.999514109579
0.91,539.999513888205
0.92,539.999513888257
0.93,539.999463777253
0.94,539.999514112282
0.95,539.999497075027
0.96,539.999514181691
0.97,539.999514092739
0.98,539.999514106636
0.99,540.003066099726
1,539.999513888279
1.01,539.999514078869
1.02,539.96669782467
1.03,539.999513882485
1.04,539.999306141939
1.05,539.999514111064
1.06,539.999498071348
1.07,539.999513001639
1.08,539.999514112495
1.09,539.999514117557
1.1,539.999514112567
1.11,539.999514112377
1.12,539.999513863773
1.13,539.999513851428
1.14,539.999513888196
1.15,539.999513885713
1.16,539.999514112027
1.17,539.999513822727
1.18,539.999513888186
1.19,539.999514088481
1.2,539.999513832488
1.21,539.999514112714
1.22,540.000706101871
1.23,539.999514089745
1.24,539.974319980391
1.25,539.973725553
1.26,539.99951409331
1.27,539.999513886331
1.28,539.999514187776
1.29,539.999513668991
1.3,539.999501422427
1.31,539.999513843034
1.32,539.999391933853
1.33,539.99951410843
1.34,539.999510475697
1.35,539.999514112688
1.36,539.999482425273
1.37,539.991378828274
1.38,539.999501167316
1.39,539.999513888303
1.4,539.999513877871
1.41,539.999513821314
1.42,539.99940947244
1.43,539.998908619386
1.44,539.999514112716
1.45,539.999513847392
1.46,539.999514031789
1.47,539.999455355325
1.48,539.99951392676
1.49,539.999510695614
1.5,539.999513843303
1.51,539.997631184884
1.52,539.998919584705
1.53,539.999513886731
1.54,539.989502604696
1.55,539.999514099209
1.56,539.999513887147
1.57,539.971453507022
1.58,539.999514112643
1.59,539.998945548476
1.6,539.999514108903
1.61,539.999461445156
1.62,539.999513797151
1.63,539.999513860836
1.64,539.999513887966
1.65,539.99951378117
1.66,540.001202431733
1.67,539.999513888258
1.68,539.997343597723
1.69,539.999514111556
1.7,539.999513802762
1.71,539.999513812178
1.72,539.999503031248
1.73,539.99951385201
1.74,539.99951093292
1.75,539.99951411263
1.76,539.99945465383
1.77,539.999357813123
1.78,539.999293285092
1.79,539.999513689374
1.8,539.99951407955
1.81,539.999514092169
1.82,539.999512777253
1.83,539.999513886954
1.84,539.999172485836
1.85,539.999514112289
1.86,539.999514112675
1.87,539.999499328525
1.88,539.999513888642
1.89,539.999513438322
1.9,539.999342060068
1.91,539.999513883972
1.92,539.999514145532
1.93,539.999512844543
1.94,539.997814559287
1.95,539.999446536866
1.96,539.999514151547
1.97,539.999514103288
1.98,539.999495207961
1.99,539.958694212402
2,539.999513078407
2.01,539.999305580813
2.02,539.999514087491
2.03,539.999328557939
2.04,539.959466089824
2.05,539.999513789141
2.06,539.999513868997
2.07,539.999511835594
2.08,539.999513864395
2.09,539.999509350183
2.1,539.999514072426
2.11,539.999513860377
2.12,539.99951379543
2.13,539.953399295706
2.14,539.999513893558
2.15,539.999513801589
2.16,539.990535409654
2.17,539.99951411218
2.18,539.999513816062
2.19,539.998424488765
2.2,539.984321264852
2.21,539.999508518597
2.22,539.999513216928
2.23,539.999514112678
2.24,539.999373668143
2.25,539.999457411604
2.26,539.999214270538
2.27,540.002215522929
2.28,539.998636111226
2.29,539.999223674548
2.3,539.99921734009
2.31,539.99850785173
2.32,539.999513695637
2.33,539.999489823401
2.34,539.999443347304
2.35,539.988644034046
2.36,539.997232167304
2.37,539.999514015977
2.38,539.998439401775
2.39,539.999513581714
2.4,539.998251372466
2.41,539.999513559805
2.42,539.998111294809
2.43,539.999464114004
2.44,539.986159957417
2.45,539.999507724245
2.46,539.999426204797
2.47,539.999507430843
2.48,539.99950106577
2.49,539.999396104709
2.5,539.959273306247
2.51,539.999512230934
2.52,539.999480058798
2.53,539.999509431779
2.54,539.999513754452
2.55,539.931327629796
2.56,539.999440249856
2.57,539.982392583275
2.58,539.999217377253
2.59,539.999484133867
2.6,539.997117738453
2.61,539.998129899754
2.62,539.935209660075
2.63,539.999397438931
2.64,539.981805510799
2.65,539.99921719547
2.66,539.99939683816
2.67,539.99371181333
2.68,539.986018275805
2.69,539.969968548874
2.7,539.999061113274
2.71,539.969454497599
2.72,539.91939486899
2.73,539.999493118382
2.74,539.999511730159
2.75,539.993307715119
2.76,539.922847123065
2.77,539.999505775631
2.78,539.999486516173
2.79,539.916022246277
2.8,539.999492088775
2.81,539.999061972565
2.82,539.999485904368
2.83,539.999511444887
2.84,539.999503403321
2.85,539.946817589449
2.86,539.999503506288
2.87,539.983075787712
2.88,539.944687726612
2.89,539.998802393824
2.9,539.999510867309
2.91,539.999063165714
2.92,539.961296019069
2.93,539.997903721295
2.94,539.999045436889
2.95,539.98899126742
2.96,539.992099237484
2.97,539.999507448402
2.98,539.993121361387
2.99,539.999207073762
3,539.975277415719
3.01,539.92123133168
3.02,539.972101835731
3.03,539.99950735913
3.04,539.997868367447
3.05,539.945464411674
3.06,539.999059883588
3.07,539.99653499261
3.08,539.972585423884
3.09,539.911831924314
3.1,539.975226061269
3.11,539.988753012049
3.12,539.999476545199
3.13,539.948445049118
3.14,539.991878044987
3.15,539.999394459448
3.16,539.998980867751
3.17,539.941259340957
3.18,539.99773071629
3.19,539.999504053146
3.2,539.999499111966
3.21,539.999308440139
3.22,539.923349695984
3.23,539.953761808778
3.24,539.974245879086
3.25,539.959917836938
3.26,539.99951221108
3.27,539.9979237912
3.28,539.998963358496
3.29,539.977384294606
3.3,539.957905538313
3.31,539.999479626841
3.32,539.999008445197
3.33,539.999000926476
3.34,539.919201334427
3.35,539.980408270578
3.36,539.999051091132
3.37,539.945331889725
3.38,539.997483955666
3.39,539.989544203559
3.4,539.961329639107
3.41,539.999025965263
3.42,539.909174565488
3.43,539.999309824247
3.44,539.973812720311
3.45,539.992001248098
3.46,539.997662930529
3.47,539.950190404952
3.48,539.957628878323
3.49,539.906632384728
3.5,539.996430449302
3.51,539.999451366799
3.52,539.791912887213
3.53,539.958086262541
3.54,539.999066080966
3.55,539.903781779029
3.56,539.999031372726
3.57,539.991413061272
3.58,539.994976048862
3.59,539.987351037595
3.6,539.891590329114
3.61,539.988451714559
3.62,539.999490543239
3.63,539.991820182595
3.64,539.998970316007
3.65,539.999176651591
3.66,539.888787903615
3.67,539.999277318717
3.68,539.997428455247
3.69,539.914723195972
3.7,539.996353105869
3.71,539.997662771153
3.72,539.904662789415
3.73,539.993000300324
3.74,539.939895084416
3.75,539.996790644928
3.76,539.998570529
3.77,539.982357374356
3.78,539.842515907155
3.79,539.928963739741
3.8,539.997163138005
3.81,539.989207260138
3.82,539.989334307613
3.83,539.937125103707
3.84,539.792641109716
3.85,539.999430010831
3.86,539.996792349472
3.87,539.956101933009
3.88,539.969190688087
3.89,539.853316074114
3.9,539.998319244987
3.91,539.987176524889
3.92,539.972806877388
3.93,539.843909885042
3.94,539.992575320704
3.95,539.961309712737
3.96,539.894833410909
3.97,539.85258556159
3.98,539.963813874492
3.99,539.796560972536
4,539.931534034521
4.01,539.946338674687
4.02,539.961385242485
4.03,539.974422323739
4.04,539.962652363086
4.05,539.99731012387
4.06,539.843251863892
4.07,539.864435263632
4.08,539.954366670815
4.09,539.996788707767
4.1,539.966151349819
4.11,539.85804847683
4.12,539.958039612029
4.13,539.95902319838
4.14,539.998533088772
4.15,539.986190457265
4.16,539.945121476694
4.17,539.91283265766
4.18,539.932898176409
4.19,539.962460865217
4.2,539.996724188651
4.21,539.996785687153
4.22,539.998437162751
4.23,539.692625310743
4.24,539.817645185716
4.25,539.999306770633
4.26,539.996482247578
4.27,539.998704074182
4.28,539.944784502428
4.29,539.996662287671
4.3,539.962496649512
4.31,539.858958568711
4.32,539.902205747129
4.33,539.936020523142
4.34,539.89192632469
4.35,539.99262439258
4.36,539.933407489079
4.37,539.960826578284
4.38,539.998522970667
4.39,539.894039878767
4.4,539.929688066218
4.41,539.722512308895
4.42,539.998777485644
4.43,539.938375306994
4.44,539.959453225758
4.45,539.997949674945
4.46,539.847818611906
4.47,539.982122702629
4.48,539.938974750462
4.49,539.993116146319
4.5,539.737101421489
4.51,539.997998856923
4.52,539.996939057694
4.53,539.835546787944
4.54,539.960612092293
4.55,539.989424393914
4.56,539.85864163269
4.57,539.998314492644
4.58,539.929124767215
4.59,539.734252528177
4.6,539.971811548039
4.61,539.994667275916
4.62,539.964078338256
4.63,539.764029324369
4.64,539.983186342033
4.65,539.994473073584
4.66,539.898465260419
4.67,539.745424737508
4.68,539.998024678048
4.69,539.990244753729
4.7,539.847248831357
4.71,539.986054166504
4.72,539.949845806166
4.73,539.967388699413
4.74,539.979578580652
4.75,539.9035131993
4.76,539.961576402887
4.77,539.887775631178
4.78,539.834301058651
4.79,539.974808226511
4.8,539.964933294079
4.81,539.890263232775
4.82,539.926098769868
4.83,539.932318596478
4.84,539.828534964006
4.85,539.849409736827
4.86,539.994597790777
4.87,539.944305450933
4.88,539.778277070045
4.89,539.764153101172
4.9,539.920264506554
4.91,539.996812788699
4.92,539.726871050835
4.93,539.995028821978
4.94,539.982104205838
4.95,539.956612173754
4.96,539.993405347282
4.97,539.933746726303
4.98,539.928580071014
4.99,539.86875477466
5,539.95172491998
5.01,539.831655719282
5.02,539.994052541182
5.03,539.933170042901
5.04,539.959253522289
5.05,539.989123063589
5.06,539.846299974561
5.07,539.767325052422
5.08,539.92397030799
5.09,539.995968829619
5.1,539.978522163468
5.11,539.806853080953
5.12,539.818164120521
5.13,539.895671138551
5.14,539.960929863464
5.15,539.872452214186
5.16,539.919350799741
5.17,539.833351546911
5.18,539.773745388354
5.19,539.951196795459
5.2,539.869494169075
5.21,539.962761080215
5.22,539.925833315502
5.23,539.927853768411
5.24,539.845844761139
5.25,539.9379934653
5.26,539.769688170027
5.27,539.953543490179
5.28,539.987190296396
5.29,539.918968893789
5.3,539.978711340068
5.31,539.918764840928
5.32,539.713048462355
5.33,539.880060378161
5.34,539.979062870859
5.35,539.942946977823
5.36,539.907723036041
5.37,539.995050841722
5.38,539.924185219065
5.39,539.812484566502
5.4,539.982973017592
5.41,539.954880680614
5.42,539.992468764671
5.43,539.820602785227
5.44,539.830932845153
5.45,539.944150541448
5.46,539.875586887273
5.47,539.972860668791
5.48,539.817157721603
5.49,539.748259636308
5.5,539.83411768295
5.51,539.815976132075
5.52,539.793089922297
5.53,539.934535324934
5.54,539.716340926332
5.55,539.809962359069
5.56,539.884907606372
5.57,539.978903803575
5.58,539.675411877805
5.59,539.746020252847
5.6,539.649724353672
5.61,539.810986732413
5.62,539.892471871523
5.63,539.588911965669
5.64,539.640753499771
5.65,539.713712220781
5.66,539.768451878637
5.67,539.764022805217
5.68,539.597928500845
5.69,539.978867365602
5.7,539.735364876192
5.71,539.857765167433
5.72,539.740325043866
5.73,539.825981673535
5.74,539.945843145187
5.75,539.793944836598
5.76,539.984739719943
5.77,539.909954385049
5.78,539.924362308347
5.79,539.991273703492
5.8,539.976382136197
5.81,539.986047711388
5.82,539.972884581992
5.83,539.994094821929
5.84,539.928657028226
5.85,539.988498655791
5.86,539.999668411359
5.87,539.99625708847
5.88,539.999028727107
5.89,540.024166797224
5.9,539.996658267834
5.91,539.996722626735
5.92,539.999953043133
5.93,539.999017642274
5.94,540.050102304615
5.95,540.029564045489
5.96,539.979204950896
5.97,540.001461988151
5.98,540.029966016998
5.99,540.008342009664
6,539.996203227451
6.01,540.033640767395
6.02,539.996473591424
6.03,540.054560004063
6.04,539.999382046384
6.05,540.003262150669
6.06,540.001122185759
6.07,539.999144792483
6.08,540.057085732873
6.09,539.999633794164
6.1,539.998398752653
6.11,540.054072977736
6.12,539.997813179543
6.13,539.997994442267
6.14,540.043041046216
6.15,539.987106312756
6.16,540.031086281224
6.17,540.061700428792
6.18,540.028958543296
6.19,540.062375270344
6.2,539.994126361965
6.21,539.993927615757
6.22,540.040048926254
6.23,540.010204197382
6.24,540.02934935651
6.25,540.092179442094
6.26,540.01178149565
6.27,540.060625080268
6.28,540.030802095553
6.29,540.024334334844
6.3,539.997983419428
6.31,540.040664535402
6.32,540.026838757646
6.33,540.029117437701
6.34,540.002022694325
6.35,540.066726501662
6.36,540.001455202003
6.37,540.050234025445
6.38,539.99940164837
6.39,539.999345619288
6.4,539.999180870235
6.41,540.029848186134
6.42,539.988864984789
6.43,540.000108867632
6.44,539.990133759865
6.45,540.007943233612
6.46,539.984306068326
6.47,540.052623255868
6.48,540.055420568179
6.49,539.997794644464
6.5,539.994494792831
6.51,539.995150864079
6.52,540.088158037167
6.53,540.046896721823
6.54,539.98654924967
6.55,539.998129818031
6.56,540.008699497655
6.57,540.000700091438
6.58,540.038335532927
6.59,540.032315241275
6.6,539.997464120123
6.61,540.018278199305
6.62,539.994035179983
6.63,539.990761381682
6.64,540.020965534879
6.65,539.994368683574
6.66,540.01057757286
6.67,540.030555057412
6.68,540.024012374533
6.69,540.038866040145
6.7,539.996964732745
6.71,539.999129044721
6.72,539.978397651054
6.73,539.987620702322
6.74,539.993177527963
6.75,540.04642686885
6.76,540.042014911982
6.77,540.04563352042
6.78,540.057807730574
6.79,540.046150008577
6.8,539.96521028917
6.81,539.994109037375
6.82,540.039571295621
6.83,540.021699104338
6.84,539.990332715549
6.85,540.047204749042
6.86,540.042514628285
6.87,539.998915944498
6.88,540.058187155355
6.89,540.017070576435
6.9,540.001129721632
6.91,540.071777217609
6.92,539.954561646327
6.93,540.003063169429
6.94,540.050047221279
6.95,540.031190478537
6.96,539.999672115105
6.97,540.006239184341
6.98,539.999288873148
6.99,540.074673928274
7,539.995098740012
7.01,539.998035968564
7.02,539.996367846906
7.03,540.051508301291
7.04,540.000092326307
7.05,540.052552289741
7.06,540.056084989652
7.07,540.0310762105
7.08,540.009143584919
7.09,540.000626707259
7.1,540.069653052461
7.11,539.995826280864
7.12,539.996887927075
7.13,539.986998723617
7.14,540.044144131186
7.15,539.955185524067
7.16,539.961311695509
7.17,540.000615703474
7.18,540.026129136515
7.19,540.023297929833
7.2,539.998629224528
7.21,539.944137036567
7.22,539.997021464983
7.23,540.042275123191
7.24,540.022427445599
7.25,540.072193522545
7.26,539.96244658058
7.27,540.030201983684
7.28,540.036194694827
7.29,539.999547066092
7.3,539.998621988396
7.31,539.998825947506
7.32,540.043124757403
7.33,540.042560957203
7.34,539.999573584329
7.35,540.000044386215
7.36,540.012543696352
7.37,540.001764046104
7.38,540.082678389063
7.39,540.02255787315
7.4,540.036508268973
7.41,539.977149752018
7.42,539.982574588096
7.43,539.97640316365
7.44,540.045289835466
7.45,540.010893367244
7.46,540.076129039519
7.47,539.998878113221
7.48,539.999049162023
7.49,539.99612629586
7.5,539.996656224739
7.51,540.003593596985
7.52,539.993329115429
7.53,540.075879901331
7.54,540.052423015702
7.55,539.998683890359
7.56,540.061788372162
7.57,540.000133153956
7.58,540.034105928391
7.59,540.026903671463
7.6,540.002633462516
7.61,540.03709829619
7.62,539.999215813014
7.63,540.04287601727
7.64,540.051352731928
7.65,539.997824912761
7.66,539.996669133889
7.67,540.00557146427
7.68,540.043652599574
7.69,539.998814802756
7.7,540.000420968163
7.71,540.033289760824
7.72,540.027041932695
7.73,540.05482056461
7.74,540.028523700402
7.75,540.001362536717
7.76,540.016035811345
7.77,539.999080664621
7.78,539.992483774213
7.79,539.997773774096
7.8,540.00143364514
7.81,539.994459628933
7.82,540.047465545997
7.83,540.041709898565
7.84,539.958021180631
7.85,540.087340720403
7.86,539.998087290593
7.87,539.985476988214
7.88,539.999006132846
7.89,540.019410094171
7.9,540.001795021383
7.91,540.043130163522
7.92,540.060473642056
7.93,540.052184473091
7.94,539.997956487008
7.95,539.998967098016
7.96,540.029319214331
7.97,539.997995250003
7.98,539.991179681464
7.99,540.056567259466
8,540.022346502181
8.01,539.999062509667
8.02,540.054621595558
8.03,539.999730125355
8.04,539.999175972449
8.05,539.996695499367
8.06,540.017629319089
8.07,539.996380687693
8.08,539.990833157116
8.09,539.99947497725
8.1,540.062027757949
8.11,540.034152028088
8.12,540.026943151201
8.13,540.030466786418
8.14,539.997582920679
8.15,539.982886972033
8.16,539.997983155892
8.17,539.971178810858
8.18,540.054179143898
8.19,539.995181888297
8.2,540.022825414123
8.21,540.033345007647
8.22,540.025036021814
8.23,540.05163539841
8.24,539.998221086784
8.25,539.994068482648
8.26,540.025570123611
8.27,540.052088355862
8.28,539.999240786007
8.29,539.993354895591
8.3,539.982118521828
8.31,539.996049041664
8.32,539.994383814471
8.33,539.982193025783
8.34,540.031999561578
8.35,540.017013136757
8.36,540.029563416053
8.37,539.989384935961
8.38,540.001034068987
8.39,540.018605023429
8.4,539.997096920554
8.41,540.034027986311
8.42,540.015254811004
8.43,540.044152125
8.44,540.053135606773
8.45,539.998186397798
8.46,539.996943399171
8.47,539.992396376863
8.48,539.996592988755
8.49,539.980818611568
8.5,539.978946510491
8.51,539.986143004786
8.52,539.979928190786
8.53,540.004665373729
8.54,540.018952768748
8.55,539.952291621515
8.56,540.014754011967
8.57,540.010853653972
8.58,539.956456911057
8.59,540.012168301053
8.6,540.012504670277
8.61,540.018615271609
8.62,539.996582999856
8.63,540.024048401729
8.64,539.982067977345
8.65,539.988110091873
8.66,540.016263498866
8.67,540.000163461755
8.68,539.98200403005
8.69,539.990178221349
8.7,539.960404864902
8.71,539.959487541862
8.72,540.013274867508
8.73,539.996643308891
8.74,539.993865156722
8.75,539.985352362219
8.76,540.010069750408
8.77,539.983724674586
8.78,539.976821101677
8.79,539.982263669312
8.8,539.994258551681
8.81,539.994830513806
8.82,539.992938251332
8.83,539.988678051136
8.84,539.995678940935
8.85,539.948363268009
8.86,539.97364015758
8.87,539.931027978071
8.88,539.93664521449
8.89,539.997095144188
8.9,539.966367958945
8.91,539.996673699387
8.92,539.993026297703
8.93,539.979981220685
8.94,539.996025126899
8.95,539.971305670108
8.96,539.959355576147
8.97,539.956019728587
8.98,539.992991969688
8.99,539.991602154837
9,539.977993145795
9.01,539.870320050936
9.02,539.894804051434
9.03,539.982593804202
9.04,539.836449054161
9.05,539.994452250516
9.06,539.994238072631
9.07,539.911080877211
9.08,539.971748953762
9.09,539.94918708404
9.1,539.93246043304
9.11,539.917811956529
9.12,539.991779618644
9.13,539.936422946568
9.14,539.950211880448
9.15,539.991988456947
9.16,539.969971227619
9.17,539.895552840124
9.18,539.936182468413
9.19,539.986473120083
9.2,539.891640570109
9.21,539.938610092115
9.22,539.992057216577
9.23,539.892458896634
9.24,539.862274773427
9.25,539.947988348627
9.26,539.934831164737
9.27,539.996020715703
9.28,539.968075608256
9.29,539.968936529694
9.3,539.991898720661
9.31,539.928617524097
9.32,539.820382501248
9.33,539.958716369934
9.34,539.858494782049
9.35,539.956398425499
9.36,539.866781683958
9.37,539.957295274108
9.38,539.951228421811
9.39,539.787675319724
9.4,539.950409528058
9.41,539.985777735307
9.42,539.95977970749
9.43,539.73616928247
9.44,539.98640590924
9.45,539.844001497515
9.46,539.739817587663
9.47,539.952268731114
9.48,539.732156577266
9.49,539.982187238477
9.5,539.982443942397
9.51,539.930672166432
9.52,539.802218944362
9.53,539.91004724606
9.54,539.776444810862
9.55,539.982514232611
9.56,539.799751630217
9.57,539.828609249006
9.58,539.817083178467
9.59,539.794687688032
9.6,539.735866269809
9.61,539.973927488011
9.62,539.928512695268
9.63,539.852229491618
9.64,539.812331836262
9.65,539.771204681431
9.66,539.728458140464
9.67,539.679961882224
9.68,539.763422499012
9.69,539.927741929724
9.7,539.818803052231
9.71,539.607411950312
9.72,539.60200445455
9.73,539.675015794462
9.74,539.78695661621
9.75,539.681177513443
9.76,539.925273428724
9.77,539.75584353496
9.78,539.789133279131
9.79,539.769865893931
9.8,539.768971663709
9.81,539.70453393487
9.82,539.751600061793
9.83,539.781941114029
9.84,539.756464990244
9.85,539.88689845279
9.86,539.624084799677
9.87,539.684118102151
9.88,539.743432097511
9.89,539.770144328179
9.9,539.769590705054
9.91,539.734198552041
9.92,539.695913711094
9.93,539.749788135437
9.94,539.752241618164
9.95,539.765199606278
9.96,539.640415409125
9.97,539.81943682255
9.98,539.717891258556
9.99,539.692663441797
10,539.798020380751
10.01,539.678529316089
10.02,539.745278994492
10.03,539.603975924758
10.04,539.882487667539
10.05,539.963428401196
10.06,539.805798501481
10.07,539.737206360156
10.08,539.670185653548
10.09,539.598556637506
10.1,539.712484112704
10.11,539.76596727746
10.12,539.737231732727
10.13,539.56334248946
10.14,539.704528736116
10.15,539.753795278134
10.16,539.801628252302
10.17,539.69636021922
10.18,539.651167012952
10.19,539.739219219506
10.2,539.463184083624
10.21,539.669307775937
10.22,539.51087251811
10.23,539.693437996734
10.24,539.695759532881
10.25,539.440253005225
10.26,539.557737185559
10.27,539.631203928362
10.28,539.718393111049
10.29,539.649679322489
10.3,539.500184427699
10.31,539.475802466533
10.32,539.636630871555
10.33,539.65151625748
10.34,539.722721424508
10.35,539.697452317658
10.36,539.588588376296
10.37,539.666460307989
10.38,539.66729964147
10.39,539.683217222186
10.4,539.695129655093
10.41,539.618435805437
10.42,539.549053687911
10.43,539.47300585158
10.44,539.70217353097
10.45,539.500883900683
10.46,539.741824549401
10.47,539.46052191488
10.48,539.572774172145
10.49,539.588456086563
10.5,539.683318769933
10.51,539.637510067345
10.52,539.658440106493
10.53,539.542518649478
10.54,539.562423038975
10.55,539.741329185806
10.56,539.638095915185
10.57,539.504714172681
10.58,539.602793319843
10.59,539.735797948622
10.6,539.459351091242
10.61,539.504757771899
10.62,539.558632964825
10.63,539.556829253529
10.64,539.496899561581
10.65,539.514731337217
10.66,539.75771413147
10.67,539.607483162476
10.68,539.492102874982
10.69,539.668950127549
10.7,539.733504318901
10.71,539.515492735921
10.72,539.625183204326
10.73,539.725309608406
10.74,539.646706141998
10.75,539.73754200084
10.76,539.705265642423
10.77,539.627707340623
10.78,539.556432010914
10.79,539.515203935685
10.8,539.645200116678
10.81,539.566839310428
10.82,539.585679183395
10.83,539.547147856131
10.84,539.556751936095
10.85,539.620618402035
10.86,539.644830055888
10.87,539.627731726423
10.88,539.636023168275
10.89,539.58193903862
10.9,539.585693022039
10.91,539.53083199811
10.92,539.61670835846
10.93,539.537902727388
10.94,539.659916856569
10.95,539.543931092883
10.96,539.601508097554
10.97,539.602124936845
10.98,539.541076421633
10.99,539.625645979267
11,539.596785672437
11.01,539.640387706799
11.02,539.609924675271
11.03,539.48709017798
11.04,539.541913723179
11.05,539.492966891538
11.06,539.30393935725
11.07,539.561278066129
11.08,539.616254874099
11.09,539.658579141421
11.1,539.546185720522
11.11,539.541703060105
11.12,539.487636265858
11.13,539.298154529719
11.14,539.384566087415
11.15,539.563741699743
11.16,539.561919530709
11.17,539.66875303625
11.18,539.608838534582
11.19,539.55662571912
11.2,539.524684786355
11.21,539.528186567369
11.22,539.601996290044
11.23,539.549281083182
11.24,539.623343061302
11.25,539.531522694074
11.26,539.391148365863
11.27,539.299010723698
11.28,539.660840275627
11.29,539.171171874592
11.3,539.645675271167
11.31,539.274634890644
11.32,539.597341477381
11.33,539.619379069599
11.34,539.528915889394
11.35,539.472945789416
11.36,539.489217274485
11.37,539.489856086861
11.38,539.522549334299
11.39,539.499102029423
11.4,539.356247932819
11.41,539.670401723737
11.42,539.455596377356
11.43,539.508548046105
11.44,539.589786179107
11.45,539.228735846159
11.46,539.50934566391
11.47,539.484546555242
11.48,539.525782113796
11.49,539.614589941516
11.5,539.479789810133
11.51,539.11376375627
11.52,539.510037994243
11.53,539.620873996586
11.54,539.47050097747
11.55,539.616452959731
11.56,539.50745869244
11.57,539.554405082968
11.58,539.614613172065
11.59,539.629936129362
11.6,539.636073904679
11.61,539.590026175332
11.62,539.620395224672
11.63,539.614172564111
11.64,539.439550956585
11.65,539.636032242836
11.66,539.621283802476
11.67,539.547311645509
11.68,539.535795273142
11.69,539.611916098312
11.7,539.271601121963
11.71,539.646102783985
11.72,539.640074623822
11.73,539.600694665787
11.74,539.647248223436
11.75,539.565553205138
11.76,539.666554756867
11.77,539.537305494651
11.78,539.207637977835
11.79,539.626745600676
11.8,539.59966092712
11.81,539.61705181018
11.82,539.760765046687
11.83,539.665559508525
11.84,539.783088657662
11.85,539.835186934418
11.86,539.731590227695
11.87,539.835229487988
11.88,539.868528729657
11.89,539.865098337719
11.9,539.851042745236
11.91,539.9864803894
11.92,539.960552924886
11.93,539.997086653131
11.94,540.002409356995
11.95,540.102325860088
11.96,540.111414262724
11.97,540.08580836102
11.98,540.138745391024
11.99,540.112730994255
12,540.281099026244
12.01,540.105714556358
12.02,540.09303494837
12.03,540.205411946812
12.04,540.109987156792
12.05,540.152074629888
12.06,540.190741866564
12.07,540.18012315278
12.08,540.165062959779
12.09,540.177651954013
12.1,540.184631127779
12.11,540.209427994137
12.12,540.215652822164
12.13,540.147233329625
12.14,540.135347264786
12.15,540.199435750802
12.16,540.040444151441
12.17,540.246578839527
12.18,540.203273028287
12.19,540.233567707509
12.2,540.210054072923
12.21,540.133953627512
12.22,540.171872819263
12.23,540.157111702345
12.24,540.147115455406
12.25,540.096993209056
12.26,540.219183632213
12.27,540.218138453435
12.28,540.099456007182
12.29,540.312293055892
12.3,540.218796236192
12.31,540.184831895825
12.32,540.203167375424
12.33,540.115706419545
12.34,540.148449603663
12.35,540.102591604227
12.36,540.167373200847
12.37,540.200783574777
12.38,540.145297115958
12.39,540.141735250617
12.4,540.134029662619
12.41,540.074083967758
12.42,540.114217927234
12.43,540.166855771329
12.44,540.140778151839
12.45,540.138831696258
12.46,540.170016516626
12.47,540.173007329617
12.48,540.105931024286
12.49,540.221515938242
12.5,540.114938131486
12.51,540.271193648808
12.52,540.162134931853
12.53,540.17488792868
12.54,540.113738316599
12.55,540.105276420483
12.56,540.22888834791
12.57,540.223799207467
12.58,540.130101298928
12.59,540.143013077978
12.6,540.114230778735
12.61,540.117801693296
12.62,540.17333253626
12.63,540.226951143617
12.64,540.187629227756
12.65,540.170075030958
12.66,540.075988028132
12.67,540.188403911117
12.68,540.100498646197
12.69,540.307143104004
12.7,540.169735352535
12.71,540.169049310742
12.72,540.181052116697
12.73,540.178110708797
12.74,540.167352617711
12.75,540.228617000022
12.76,540.146920293009
12.77,540.093434238303
12.78,540.166523613848
12.79,540.162667228903
12.8,540.135815007519
12.81,540.182521480374
12.82,540.123747396556
12.83,540.217798310066
12.84,540.146228388184
12.85,540.212420555603
12.86,540.169936025559
12.87,540.124370561416
12.88,540.190630719646
12.89,540.17716846012
12.9,540.183662090158
12.91,540.203253950373
12.92,540.167416483411
12.93,540.197121835337
12.94,540.195873735147
12.95,540.165880663873
12.96,540.072265952496
12.97,540.20157624925
12.98,540.090986319831
12.99,540.137657434037
13,540.171567977176
13.01,540.192527970107
13.02,540.133156345803
13.03,540.139068262176
13.04,540.173426118795
13.05,540.168718351621
13.06,540.143186709681
13.07,540.156969653649
13.08,540.099193992145
13.09,540.134830402242
13.1,540.184892810786
13.11,540.120773072023
13.12,540.156649597566
13.13,540.151885047346
13.14,540.139285688315
13.15,540.15663395942
13.16,540.174931987802
13.17,540.127647569688
13.18,540.171574264714
13.19,540.16317049936
13.2,540.085835510556
13.21,540.139177206955
13.22,540.135349913375
13.23,540.134348787148
13.24,540.163896199656
13.25,540.092500841355
13.26,540.181657991348
13.27,540.15202191535
13.28,540.17762387999
13.29,540.156349390421
13.3,540.127231735451
13.31,540.143722379242
13.32,540.137474916674
13.33,540.102217155442
13.34,540.132642867491
13.35,540.119717429011
13.36,540.093775059096
13.37,540.119408390597
13.38,540.123144532564
13.39,540.103384720239
13.4,540.136163794792
13.41,540.142306767386
13.42,540.11383385997
13.43,540.083982980669
13.44,540.093224939857
13.45,540.102319425416
13.46,540.124073048547
13.47,540.129971366108
13.48,540.134174357319
13.49,540.125535945541
13.5,540.069264874485
13.51,540.088306258471
13.52,540.15881158805
13.53,540.136054949961
13.54,540.135805862773
13.55,540.107909674816
13.56,540.086144730279
13.57,540.097894342226
13.58,540.13124410829
13.59,540.118526407671
13.6,540.120127674719
13.61,540.100194160328
13.62,540.137554279345
13.63,540.111234254882
13.64,540.116161583944
13.65,540.075243265324
13.66,540.122399829879
13.67,540.128917781827
13.68,540.050261931539
13.69,540.140558958818
13.7,540.069465952056
13.71,540.091038720828
13.72,540.149787018065
13.73,540.143365300014
13.74,540.136463512189
13.75,540.143360168007
13.76,540.091166994827
13.77,540.054879228525
13.78,540.097215727852
13.79,540.157670741845
13.8,540.137093056461
13.81,540.090308622748
13.82,540.167009319852
13.83,540.130408229886
13.84,540.113360142538
13.85,540.149104600174
13.86,540.07691830461
13.87,540.087437945848
13.88,540.077367396219
13.89,540.138512709544
13.9,540.088831740962
13.91,540.161680099907
13.92,540.123043467191
13.93,540.16303440017
13.94,540.179038686184
13.95,540.127908704078
13.96,540.092796353573
13.97,540.11304910844
13.98,540.112318499782
13.99,540.157661342396
14,540.089454366252
14.01,540.12432098825
14.02,540.109301943211
14.03,540.115156001931
14.04,540.081351166281
14.05,540.147041194591
14.06,540.117311186184
14.07,540.146888147179
14.08,540.07019216154
14.09,540.068585859801
14.1,540.074568659367
14.11,540.117171995738
14.12,540.057952496434
14.13,540.126402003154
14.14,540.082027323783
14.15,540.162831802477
14.16,540.089201938601
14.17,540.128497934296
14.18,540.164764979872
14.19,540.110574574593
14.2,540.071690375538
14.21,540.146131492091
14.22,540.156855949463
14.23,540.165899013047
14.24,540.117315304319
14.25,540.108683481717
14.26,540.094813427464
14.27,540.088797070007
14.28,540.125628147135
14.29,540.086094037533
14.3,540.125001288703
14.31,540.062929962012
14.32,540.080756928945
14.33,540.072233972953
14.34,540.087917340439
14.35,540.081406892027
14.36,540.070739179081
14.37,540.112490467671
14.38,540.094958682928
14.39,540.066719250931
14.4,540.093856312607
14.41,540.113992158132
14.42,540.111794026368
14.43,540.140096092177
14.44,540.073910346219
14.45,540.068647034864
14.46,540.138145948089
14.47,540.144407748386
14.48,540.157849151113
14.49,540.06974993652
14.5,540.074574124885
14.51,540.0869781015
14.52,540.146393516828
14.53,540.106754102887
14.54,540.143216021549
14.55,540.042631384998
14.56,540.105645091544
14.57,540.111787492117
14.58,540.066195209544
14.59,540.134963825192
14.6,540.057132407173
14.61,540.143279681508
14.62,540.067083652342
14.63,540.121311738318
14.64,540.045583141391
14.65,540.099651197251
14.66,540.040745704542
14.67,540.083803881036
14.68,540.03878065499
14.69,540.104005899473
14.7,540.101642505081
14.71,540.021440756269
14.72,540.069719659804
14.73,540.024379245774
14.74,540.098627001318
14.75,540.071510413695
14.76,540.076369892196
14.77,540.039354176838
14.78,540.099818028896
14.79,540.020053050817
14.8,540.019296457991
14.81,540.08012035282
14.82,540.057772575003
14.83,540.073321604109
14.84,540.080669125923
14.85,540.132155875096
14.86,540.156067492268
14.87,540.106573839324
14.88,540.082068381691
14.89,540.054021777814
14.9,540.065096472661
14.91,540.092668615789
14.92,540.087908723123
14.93,540.147818982388
14.94,540.090202585885
14.95,540.126802380058
14.96,540.092249244737
14.97,540.099077363538
14.98,540.103014631457
14.99,540.084648226428
15,540.097242463239
15.01,540.13467961132
15.02,540.108678985522
15.03,540.127890601258
15.04,540.037689930921
15.05,540.051041617864
15.06,540.056194152172
15.07,540.103303291974
15.08,540.101574012832
15.09,540.083865598895
15.1,540.124822828107
15.11,540.062042570475
15.12,540.081594844127
15.13,540.089476693781
15.14,540.028145446477
15.15,540.085597229627
15.16,540.160395916879
15.17,540.056979319104
15.18,540.08988157728
15.19,540.168297192747
15.2,540.024608857226
15.21,540.083637102496
15.22,540.086580487705
15.23,540.052458896818
15.24,540.090884564627
15.25,540.030693821674
15.26,540.117597160933
15.27,540.010312735544
15.28,540.138358887172
15.29,540.023354069297
15.3,540.100744377256
15.31,540.029460288785
15.32,540.124252910673
15.33,540.094659765865
15.34,540.066805302792
15.35,540.119099768687
15.36,540.063953752738
15.37,540.038685565658
15.38,540.065920028824
15.39,540.015140861652
15.4,540.035812164298
15.41,540.119940896004
15.42,540.050650254345
15.43,540.000052273291
15.44,540.096311829742
15.45,540.100144806989
15.46,540.106918066283
15.47,540.085921941584
15.48,540.121255779455
15.49,540.091608750569
15.5,540.078203229056
15.51,540.011337553413
15.52,540.04399592135
15.53,540.038497154342
15.54,540.091282768516
15.55,540.127661101123
15.56,540.089359597531
15.57,540.082234506353
15.58,540.042784799358
15.59,540.063528202151
15.6,540.065719239028
15.61,540.083161053755
15.62,540.057855035056
15.63,540.051270490501
15.64,540.03126309468
15.65,540.030564763659
15.66,540.028733079567
15.67,540.069024367208
15.68,540.058286939646
15.69,540.080376603184
15.7,540.115390297459
15.71,540.132001557501
15.72,540.071459956707
15.73,540.085436832397
15.74,540.025920988279
15.75,540.026638012907
15.76,540.039802093504
15.77,540.047745925374
15.78,540.107471328906
15.79,540.092725896815
15.8,540.024504000341
15.81,540.019705110003
15.82,540.032354053657
15.83,540.071530557949
15.84,540.080299011741
15.85,540.012495693953
15.86,540.007944291732
15.87,540.077934510918
15.88,540.062854679594
15.89,540.02598380661
15.9,540.029289580688
15.91,540.008116867972
15.92,540.033919384564
15.93,540.005055304839
15.94,540.030466128094
15.95,540.078070563567
15.96,539.988449550689
15.97,540.004008843564
15.98,540.020727489672
15.99,539.988128796765
16,540.003992908164
16.01,540.095426925715
16.02,540.004825850668
16.03,539.979262025896
16.04,540.061460723947
16.05,539.987931133497
16.06,539.992905892091
16.07,539.996484295172
16.08,539.996896719011
16.09,539.962092242079
16.1,540.051604275659
16.11,539.991938877807
16.12,540.029013123006
16.13,540.054603030746
16.14,539.946531340099
16.15,539.992367118429
16.16,540.016348441109
16.17,539.985520644116
16.18,539.997896203916
16.19,540.028971076378
16.2,539.960498522522
16.21,540.039860368306
16.22,540.002989571571
16.23,540.01318545697
16.24,540.060287788098
16.25,539.981109371964
16.26,540.00199531652
16.27,540.024711056133
16.28,540.039306244409
16.29,540.073572576485
16.3,540.006001028275
16.31,540.023209364431
16.32,540.026935738802
16.33,540.014664226361
16.34,540.052133296296
16.35,540.024233236056
16.36,540.073250483718
16.37,539.987579140304
16.38,540.027607559515
16.39,540.010330010786
16.4,540.067383963835
16.41,540.007978896506
16.42,540.032220227246
16.43,540.064764636357
16.44,539.984036754151
16.45,540.018190058622
16.46,539.999560575694
16.47,540.010637909141
16.48,539.995618803347
16.49,539.936027960114
16.5,540.000435448178
16.51,539.945123355604
16.52,540.002382529952
16.53,539.989509379199
16.54,540.006760836014
16.55,539.959479453725
16.56,540.035328227662
16.57,539.981170400564
16.58,540.019034312781
16.59,539.961849663646
16.6,539.984405656471
16.61,540.019607854085
16.62,540.019916472374
16.63,540.000731460518
16.64,539.97653218327
16.65,540.019262799243
16.66,539.953841980036
16.67,540.045420807479
16.68,539.953161056451
16.69,540.020526134691
16.7,540.000514455026
16.71,539.99137606813
16.72,539.983659815807
16.73,539.962075923852
16.74,540.039779608586
16.75,540.004708631575
16.76,540.041433905103
16.77,539.941672415578
16.78,540.00638685136
16.79,539.994388998997
16.8,540.001615961756
16.81,540.081441476902
16.82,539.947573100731
16.83,539.982559973361
16.84,539.96462588226
16.85,540.010417768771
16.86,539.969619036354
16.87,539.933325037561
16.88,540.016232293805
16.89,539.936660385327
16.9,539.995859572131
16.91,539.983404563336
16.92,539.974997050999
16.93,540.02053844084
16.94,539.95806955588
16.95,540.011049160877
16.96,539.986408207887
16.97,539.977603047178
16.98,539.960677558493
16.99,539.989068914724
17,539.920084956154
17.01,539.959036971139
17.02,540.005966224863
17.03,539.932701491048
17.04,539.93810585912
17.05,539.983702219109
17.06,539.963219001869
17.07,539.916699100819
17.08,540.00262017809
17.09,539.98590870775
17.1,539.947411220022
17.11,539.920165626129
17.12,540.01353701655
17.13,539.979829647459
17.14,539.963793021504
17.15,539.980537393378
17.16,540.006950367335
17.17,539.996755183985
17.18,539.992880603746
17.19,539.927056555866
17.2,539.949898284898
17.21,540.011036209457
17.22,540.015355005942
17.23,539.972453339933
17.24,539.947192480282
17.25,539.921140728636
17.26,539.992913750689
17.27,540.036826329789
17.28,539.99783753653
17.29,539.973979677893
17.3,539.974871736167
17.31,539.969956395068
17.32,540.020485137668
17.33,540.048066246309
17.34,540.067865802672
17.35,539.999678365062
17.36,539.979508630799
17.37,539.998745562615
17.38,540.042477223345
17.39,539.987852166752
17.4,540.031633615012
17.41,540.025916281316
17.42,539.959283025048
17.43,540.047984315376
17.44,540.053858829672
17.45,540.081146879412
17.46,540.087677569667
17.47,540.028519022949
17.48,540.050752764423
17.49,540.096563056965
17.5,540.085574501013
17.51,540.039403451408
17.52,540.107607839006
17.53,540.080093913224
17.54,540.072322079101
17.55,540.049524293946
17.56,540.135903962615
17.57,540.062650475662
17.58,540.028891595689
17.59,540.086614492088
17.6,540.063902328293
17.61,540.092192248307
17.62,540.141162215299
17.63,540.071549456066
17.64,540.146424963276
17.65,540.080968395803
17.66,540.148439742158
17.67,540.039985179307
17.68,540.137047369666
17.69,540.083665159016
17.7,540.086136238357
17.71,540.091823559083
17.72,540.034339519828
17.73,540.115236023975
17.74,540.026403134309
17.75,540.089319182969
17.76,540.120457730607
17.77,540.051706905898
17.78,540.078051336572
17.79,540.131185556896
17.8,540.10367990798
17.81,540.097186864143
17.82,540.0333971707
17.83,540.131121466467
17.84,540.100806212948
17.85,540.132527894394
17.86,540.071735974732
17.87,540.044332570818
17.88,540.02417258629
17.89,540.065548013714
17.9,540.081119819595
17.91,540.046285792226
17.92,540.118352652769
17.93,540.148713050662
17.94,540.121777990494
17.95,540.119041223773
17.96,540.08752043956
17.97,540.067019616625
17.98,540.104868165521
17.99,540.050855066417
18,540.066677082859
18.01,540.038847861278
18.02,540.074859192595
18.03,540.117326023025
18.04,540.101688443262
18.05,540.151955086225
18.06,540.06608624168
18.07,540.02573150706
18.08,540.072176252405
18.09,540.053570884625
18.1,540.093499856455
18.11,540.110766612141
18.12,540.108559324263
18.13,540.133426025473
18.14,540.040512816822
18.15,540.094401425334
18.16,540.125461782954
18.17,540.062038614391
18.18,540.09582638446
18.19,540.08303435795
18.2,540.06408328931
18.21,540.144261326807
18.22,540.035150101934
18.23,540.102336711736
18.24,540.067611301434
18.25,540.072159853397
18.26,540.101348247309
18.27,540.078517827515
18.28,540.027786446986
18.29,540.074045485996
18.3,540.093756677037
18.31,540.041104435702
18.32,540.147902800031
18.33,540.058288384567
18.34,539.999875070484
18.35,540.109117999076
18.36,540.070329002845
18.37,540.042407192075
18.38,540.123722657798
18.39,540.122811406247
18.4,540.047246820341
18.41,540.01008197361
18.42,540.05774682833
18.43,540.090558289029
18.44,540.055760060045
18.45,540.023258160615
18.46,540.047754569744
18.47,540.070458533381
18.48,540.169233863427
18.49,540.172022807123
18.5,540.099770692697
18.51,540.062888474768
18.52,540.162548754126
18.53,540.043111797783
18.54,540.100422446973
18.55,540.040110079461
18.56,540.063882821087
18.57,540.112044496667
18.58,540.087633049534
18.59,540.103322444019
18.6,540.111308998583
18.61,540.142176072681
18.62,540.056587606254
18.63,540.117220970052
18.64,540.058124637839
18.65,540.032499576701
18.66,540.103308955028
18.67,540.067078608424
18.68,540.052224240723
18.69,540.081518007235
18.7,539.993939412537
18.71,540.076825111079
18.72,540.135526208448
18.73,540.058472228191
18.74,540.052435394688
18.75,540.083848322594
18.76,540.054967299399
18.77,539.998648549527
18.78,540.068823257698
18.79,540.065225950548
18.8,540.011621029434
18.81,540.068354693622
18.82,540.065877676991
18.83,539.990678786192
18.84,540.039860907211
18.85,540.028374676412
18.86,540.023039652804
18.87,540.002030107935
18.88,539.986567426519
18.89,540.079367850436
18.9,539.962411181859
18.91,540.075076057661
18.92,540.00756563285
18.93,539.984779496887
18.94,540.021492572569
18.95,539.997290449454
18.96,540.063764754158
18.97,540.001673041988
18.98,540.01561400706
18.99,540.024272141964
19,539.936913902067
19.01,540.016600477081
19.02,539.988309342466
19.03,540.073795403708
19.04,540.007516798271
19.05,540.056536545365
19.06,540.015429203826
19.07,540.027669759671
19.08,540.042921873331
19.09,539.970381889937
19.1,540.03804073066
19.11,539.98325233064
19.12,540.059973091365
19.13,539.985676172443
19.14,540.068432403181
19.15,540.051060329855
19.16,540.079964309757
19.17,540.019855960463
19.18,539.998392585457
19.19,539.974087942298
19.2,539.968176955038
19.21,540.050409481413
19.22,539.992711929752
19.23,539.995696557233
19.24,540.036343255268
19.25,539.999334699001
19.26,540.030478303093
19.27,539.985427660232
19.28,540.083289613613
19.29,540.027307645489
19.3,540.060560331243
19.31,540.035901362426
19.32,540.018120618162
19.33,540.020723182832
19.34,540.007819019541
19.35,539.98767628932
19.36,539.959760249439
19.37,539.993079657974
19.38,540.087110433602
19.39,540.024237907475
19.4,539.99820080953
19.41,540.001656659982
19.42,540.049190021075
19.43,540.087017485442
19.44,540.045506419069
19.45,540.064892026205
19.46,540.023837720568
19.47,540.06381619382
19.48,540.036446705879
19.49,540.11935626644
19.5,540.058040124695
19.51,540.018551912226
19.52,540.030929342496
19.53,540.169614433855
19.54,540.04877117845
19.55,540.055176843623
19.56,540.073040222565
19.57,540.043698204468
19.58,540.178674395768
19.59,540.073075335854
19.6,540.032535719071
19.61,540.057553404335
19.62,540.001077996673
19.63,539.997065197428
19.64,540.048618770437
19.65,540.062582424744
19.66,540.061949936151
19.67,540.054080566627
19.68,540.061904378121
19.69,540.074818381752
19.7,540.041663467702
19.71,540.191949299076
19.72,540.085997184018
19.73,539.998356314408
19.74,540.047609793702
19.75,540.035036355173
19.76,540.000582133724
19.77,540.049589023086
19.78,540.008355602485
19.79,540.075395185785
19.8,540.119901940638
19.81,540.039720852139
19.82,540.059387130951
19.83,540.019043796722
19.84,540.039201108333
19.85,540.068492005247
19.86,540.030809558945
19.87,540.067554486166
19.88,540.092163935354
19.89,540.158438414663
19.9,540.082725416919
19.91,540.020831503469
19.92,540.066220099214
19.93,540.079682387692
19.94,539.986841048314
19.95,540.061035895175
19.96,540.091925960186
19.97,539.996917860164
19.98,540.007737173812
19.99,539.997807885906
20,540.005897012928
20.01,540.096026458394
20.02,539.990544138469
20.03,540.078311818203
20.04,540.023514068208
20.05,539.932907959136
20.06,540.039338332127
20.07,539.991856019361
20.08,540.07811008018
20.09,540.034233902354
20.1,539.994449074046
20.11,540.031586504474
20.12,539.94980288996
20.13,539.967785473515
20.14,539.923376517173
20.15,540.035451316408
20.16,539.991211027204
20.17,540.005316638386
20.18,539.936131034829
20.19,539.968458644455
20.2,539.985518164388
20.21,539.970980826924
20.22,540.014220399074
20.23,540.029234155071
20.24,540.005436943296
20.25,539.988514151629
20.26,539.998446299726
20.27,539.956059573101
20.28,539.978198547089
20.29,539.994859369802
20.3,539.965490223939
20.31,539.948855511522
20.32,539.974209340768
20.33,540.002881250836
20.34,539.978083590913
20.35,539.97233059081
20.36,539.962573683734
20.37,540.002537813052
20.38,539.95586560342
20.39,539.97989724871
20.4,540.031248668968
20.41,539.954931367208
20.42,540.040028696632
20.43,539.907877644364
20.44,539.978161847105
20.45,539.987235838402
20.46,539.953945681558
20.47,539.953099953553
20.48,539.983883421216
20.49,539.921324018829
20.5,540.008855291112
20.51,540.023082295419
20.52,539.971719206578
20.53,539.924869800915
20.54,540.003256395157
20.55,539.89600604348
20.56,539.94929800608
20.57,540.020887925916
20.58,540.01348509507
20.59,539.918923048327
20.6,539.979717080119
20.61,539.969607345789
20.62,539.976514843632
20.63,539.960501623191
20.64,540.024162628385
20.65,540.026784526138
20.66,539.939638684411
20.67,540.01198589522
20.68,540.050756020907
20.69,540.036786660953
20.7,539.901438478016
20.71,539.936645497455
20.72,539.971617156833
20.73,539.966283866245
20.74,539.959234538379
20.75,539.938247604924
20.76,539.879746543545
20.77,539.907244601434
20.78,539.966461633804
20.79,539.932997791728
20.8,539.932424037383
20.81,539.90778885589
20.82,539.93718763499
20.83,539.823318152838
20.84,539.938790907661
20.85,539.939822690588
20.86,539.871522985361
20.87,539.817056812965
20.88,539.922415335552
20.89,539.889512444954
20.9,539.947432857222
20.91,539.93213196032
20.92,539.890278773639
20.93,539.908280520878
20.94,539.904565419466
20.95,539.97522233986
20.96,539.975744712591
20.97,539.968575313484
20.98,539.901149024298
20.99,539.956039510984
21,539.904520799197
21.01,539.996670885891
21.02,539.9812346695
21.03,539.861781562663
21.04,540.030988413749
21.05,539.939997382171
21.06,539.950855769103
21.07,539.978592668855
21.08,539.938179217783
21.09,540.005736769619
21.1,539.965291327921
21.11,539.860484643404
21.12,539.972234411904
21.13,539.942803723552
21.14,539.971556258992
21.15,539.888047095075
21.16,539.988574657642
21.17,539.938266084783
21.18,539.896244350506
21.19,539.991992020172
21.2,539.920107699034
21.21,539.926052330608
21.22,540.023574089628
21.23,539.946768485358
21.24,539.984388594565
21.25,539.863407027178
21.26,539.990578421913
21.27,539.972245880554
21.28,539.998536611934
21.29,539.95144503797
21.3,539.868446679828
21.31,539.979015481565
21.32,539.97984069327
21.33,539.921903961417
21.34,539.85373681284
21.35,539.937592625662
21.36,539.967139551256
21.37,539.831374306367
21.38,539.889252217871
21.39,540.010931035595
21.4,540.017136300631
21.41,539.900604641797
21.42,539.924699773357
21.43,539.830748241372
21.44,539.835539859985
21.45,539.876950181179
21.46,539.947410405799
21.47,539.890942269112
21.48,539.933215469144
21.49,539.943945999499
21.5,539.829687644153
21.51,539.945714614627
21.52,539.883482092984
21.53,539.783345263464
21.54,539.794149156881
21.55,539.8471019176
21.56,539.888858301814
21.57,539.852729705737
21.58,539.756154109882
21.59,539.861014297775
21.6,539.881299962218
21.61,539.734411704347
21.62,539.882630938961
21.63,539.745836479219
21.64,539.898859270491
21.65,539.761404378407
21.66,539.878256224827
21.67,539.746553344368
21.68,539.780693734635
21.69,539.865498761292
21.7,539.818931800423
21.71,539.677752998483
21.72,539.791514302715
21.73,539.756615386601
21.74,539.815452416002
21.75,539.802746133366
21.76,539.797828811707
21.77,539.732954540317
21.78,539.751836069948
21.79,539.71166662118
21.8,539.685237090924
21.81,539.784595704843
21.82,539.749385355099
21.83,539.79458872852
21.84,539.814974128579
21.85,539.647856030435
21.86,539.76725659205
21.87,539.669537042277
21.88,539.676719343702
21.89,539.747860389375
21.9,539.76701927413
21.91,539.650665278382
21.92,539.731759860811
21.93,539.72756195733
21.94,539.675286859651
21.95,539.738120502972
21.96,539.630384828767
21.97,539.653481391844
21.98,539.786161355774
21.99,539.797148503317
22,539.735589500899
22.01,539.652475698882
22.02,539.784162950349
22.03,539.646430006445
22.04,539.695634183786
22.05,539.792354676416
22.06,539.696884561417
22.07,539.729885819251
22.08,539.760842454016
22.09,539.679526454196
22.1,539.689129844442
22.11,539.684975448009
22.12,539.706009156102
22.13,539.705248308217
22.14,539.701561242374
22.15,539.724685531904
22.16,539.795388423119
22.17,539.741710477403
22.18,539.725089626795
22.19,539.719325489476
22.2,539.754134099081
22.21,539.718865036742
22.22,539.761149928191
22.23,539.716754007721
22.24,539.73521117916
22.25,539.758292523551
22.26,539.686790064205
22.27,539.750555874181
22.28,539.719035616697
22.29,539.767257173288
22.3,539.783831611399
22.31,539.667263281596
22.32,539.677033162778
22.33,539.736083465807
22.34,539.715009177919
22.35,539.694930965286
22.36,539.722317536108
22.37,539.635940418742
22.38,539.742338011694
22.39,539.668241222597
22.4,539.722980948095
22.41,539.726753216176
22.42,539.747989556718
22.43,539.688735521393
22.44,539.734000705242
22.45,539.744107848401
22.46,539.760495955631
22.47,539.523346526667
22.48,539.732985549359
22.49,539.683659014045
22.5,539.701000044332
22.51,539.697230010641
22.52,539.754852421665
22.53,539.620362106979
22.54,539.614954523737
22.55,539.710675661158
22.56,539.703577380421
22.57,539.683604702016
22.58,539.703249167479
22.59,539.680975119558
22.6,539.600027209236
22.61,539.27456504986
22.62,539.550164540082
22.63,539.6793845469
22.64,539.649989436797
22.65,539.62328437021
22.66,539.583383191031
22.67,539.613392506456
22.68,539.577706091681
22.69,539.728540913533
22.7,539.521419352391
22.71,539.306101233312
22.72,539.514058775857
22.73,539.457943287802
22.74,539.521472953278
22.75,539.612118391532
22.76,539.455562873452
22.77,539.656896803696
22.78,539.584104184208
22.79,539.468524657309
22.8,539.691460182644
22.81,539.654340843384
22.82,539.608147455268
22.83,539.449241570589
22.84,539.730086650956
22.85,539.703008691625
22.86,539.797484357334
22.87,539.839822197897
22.88,539.798825091233
22.89,539.800895578186
22.9,539.894415784184
22.91,539.85075307057
22.92,539.799591419812
22.93,539.836764367977
22.94,539.834908296841
22.95,539.765060696338
22.96,539.854152544525
22.97,539.836427566824
22.98,539.810139096751
22.99,539.787847849496
23,539.795203319601
23.01,539.915115511892
23.02,539.893925158339
23.03,539.828433340814
23.04,539.795112411114
23.05,539.851878709018
23.06,539.86911401123
23.07,539.920142872152
23.08,539.857516870864
23.09,539.716863289149
23.1,539.929060884479
23.11,539.950536157985
23.12,539.990904417263
23.13,540.02148407519
23.14,540.053908461047
23.15,540.035937249909
23.16,540.05564454769
23.17,540.158224258617
23.18,540.138015958263
23.19,540.215087185599
23.2,540.253939048018
23.21,540.197228245113
23.22,540.179735704005
23.23,540.083316858101
23.24,540.174114069114
23.25,540.15439827457
23.26,540.150946425779
23.27,540.130007991298
23.28,540.172459394621
23.29,540.220768734819
23.3,540.148121153444
23.31,540.177601211186
23.32,540.175384139617
23.33,540.12890496978
23.34,540.339567757908
23.35,540.154336526143
23.36,540.218082308629
23.37,540.179780284895
23.38,540.149554894911
23.39,540.152599935852
23.4,540.148028739539
23.41,540.077337121681
23.42,540.119281093
23.43,540.190159864383
23.44,540.16677332257
23.45,540.193195297839
23.46,540.186709741355
23.47,540.070848412214
23.48,540.197245149147
23.49,540.218706536702
23.5,540.170442955392
23.51,540.148222325744
23.52,540.187920209488
23.53,540.163088393652
23.54,540.163422259345
23.55,540.093071460847
23.56,540.118173303356
23.57,540.190454663412
23.58,540.20598523946
23.59,540.184552110896
23.6,540.148944722155
23.61,540.140936715529
23.62,540.182869144873
23.63,540.103925665551
23.64,540.179761926337
23.65,540.178249878803
23.66,540.192434551867
23.67,540.126323712381
23.68,540.158373059643
23.69,540.169880794716
23.7,540.125568218076
23.71,540.169578432604
23.72,540.134382454957
23.73,540.162312207611
23.74,540.186379968624
23.75,540.1956268671
23.76,540.153717281517
23.77,540.14035865149
23.78,540.149967435623
23.79,540.176630378524
23.8,540.186026181598
23.81,540.152675289868
23.82,540.167907179418
23.83,540.180863879117
23.84,540.182363854483
23.85,540.160104899663
23.86,540.131745458151
23.87,540.121191081765
23.88,540.17418689226
23.89,540.129631677172
23.9,540.144554935442
23.91,540.120606374482
23.92,540.143152159666
23.93,540.179787108187
23.94,540.164923640476
23.95,540.129579147784
23.96,540.142643670388
23.97,540.126565315858
23.98,540.155412508489
23.99,540.10801590381
24,540.174674937869
24.01,540.140832743216
24.02,540.153253683538
24.03,540.143100726103
24.04,540.106568095764
24.05,540.126883321275
24.06,540.156846435858
24.07,540.116934090638
24.08,540.165478705908
24.09,540.162162753858
24.1,540.136928205661
24.11,540.169144387713
24.12,540.107489974016
24.13,540.129690207693
24.14,540.108416203765
24.15,540.113276964128
24.16,540.083988688647
24.17,540.142505924009
24.18,540.152853198382
24.19,540.10301942202
24.2,540.158744065194
24.21,540.122108173807
24.22,540.117015739155
24.23,540.167701156664
24.24,540.099658800538
24.25,540.152646887736
24.26,540.154524422331
24.27,540.12272198013
24.28,540.173792856475
24.29,540.109572608329
24.3,540.155978522948
24.31,540.153572574691
24.32,540.130035952084
24.33,540.147706595901
24.34,540.156350377283
24.35,540.100628205363
24.36,540.093309397605
24.37,540.162346415892
24.38,540.141009465864
24.39,540.144377163531
24.4,540.137267257996
24.41,540.131232168746
24.42,540.162404207429
24.43,540.084828164309
24.44,540.067050625993
24.45,540.070659395616
24.46,540.063885623331
24.47,540.09479034821
24.48,540.076208794006
24.49,540.103485549951
24.5,540.124988341903
24.51,540.094873525181
24.52,540.175744361416
24.53,540.174125082595
24.54,540.140834219222
24.55,540.115102999062
24.56,540.137154929149
24.57,540.127844411855
24.58,540.161919988683
24.59,540.093856984216
24.6,540.124507547697
24.61,540.106960974567
24.62,540.033863185952
24.63,540.153742734527
24.64,540.135869385928
24.65,540.10655439725
24.66,540.13531913894
24.67,540.062239257672
24.68,540.133060339228
24.69,540.081046578216
24.7,540.131065197078
24.71,540.11384310667
24.72,540.099281638598
24.73,540.070354156375
24.74,540.155573589192
24.75,540.148693003555
24.76,540.04865569913
24.77,540.094324325697
24.78,540.113601523774
24.79,540.065963853657
24.8,540.107614782007
24.81,540.173264863893
24.82,540.12519667914
24.83,540.077702908305
24.84,540.161501498703
24.85,540.156733717364
24.86,540.112550876423
24.87,540.083473510475
24.88,540.078939982354
24.89,540.117253815934
24.9,540.062188864286
24.91,540.081008493901
24.92,540.076851964228
24.93,540.106082808986
24.94,540.097864247095
24.95,540.050461757
24.96,540.099270596227
24.97,540.076025088516
24.98,540.096910975593
24.99,540.15671614234
25,540.115160576675
25.01,540.132657245765
25.02,540.058807603191
25.03,540.105112376433
25.04,540.06280997659
25.05,540.131050156412
25.06,540.12153832246
25.07,540.099185394084
25.08,540.110083255469
25.09,540.124689231544
25.1,540.10788336144
25.11,540.139164634238
25.12,540.122319421429
25.13,540.06947696794
25.14,540.133751896576
25.15,540.075246953318
25.16,540.140967614705
25.17,540.037051171008
25.18,540.089467202127
25.19,540.063286997021
25.2,540.148170345674
25.21,540.075127352951
25.22,540.137765312438
25.23,540.071362488842
25.24,540.131968055071
25.25,540.066435797436
25.26,540.004915801244
25.27,540.118136849245
25.28,540.095319984217
25.29,540.080177576711
25.3,540.094814325702
25.31,540.073403658538
25.32,540.026384261226
25.33,540.102044666587
25.34,540.098352584738
25.35,540.048884058522
25.36,540.04336660379
25.37,540.105184214658
25.38,540.121028406388
25.39,540.090145921163
25.4,540.052276907732
25.41,540.040398659879
25.42,540.064865508989
25.43,540.13860437614
25.44,540.098895997697
25.45,540.145178208451
25.46,540.109287850762
25.47,540.131188386344
25.48,540.069165844614
25.49,540.118237434378
25.5,540.07716681467
25.51,540.107981717642
25.52,540.09753485798
25.53,540.094442346485
25.54,540.135212719528
25.55,540.151073207749
25.56,540.131876700287
25.57,540.122969970609
25.58,540.067616282568
25.59,540.039992048786
25.6,540.105427000444
25.61,540.099222608904
25.62,540.11310473631
25.63,540.105203866578
25.64,540.086993942665
25.65,540.169601959303
25.66,540.082380730342
25.67,540.101269781256
25.68,540.116363514011
25.69,540.064044427419
25.7,540.097666422678
25.71,540.122494874963
25.72,540.025386134741
25.73,540.141584479036
25.74,540.053232399845
25.75,540.134385488796
25.76,540.036339651634
25.77,540.148456731309
25.78,540.04836684628
25.79,540.105023512399
25.8,540.094640671677
25.81,540.099036509455
25.82,540.11998231029
25.83,540.043966501641
25.84,540.11978926271
25.85,540.053045821527
25.86,540.072245932605
25.87,540.112234415801
25.88,540.123181033797
25.89,540.078553605805
25.9,540.076290229708
25.91,540.107547883266
25.92,540.089946159524
25.93,540.058938521664
25.94,540.078599108271
25.95,540.063424503174
25.96,540.081266662856
25.97,540.110449436961
25.98,540.113967944734
25.99,540.137524383482
26,540.058787696864
26.01,540.109173502856
26.02,540.092222445303
26.03,540.151834672998
26.04,540.13775034703
26.05,540.056541032575
26.06,540.129075567374
26.07,540.131318172933
26.08,540.108522893124
26.09,540.091684744926
26.1,540.15145566724
26.11,540.079749729699
26.12,540.048127461526
26.13,540.0536824538
26.14,540.098112708488
26.15,540.101663897137
26.16,540.063013642642
26.17,540.05870315995
26.18,540.057370201043
26.19,540.130522299966
26.2,540.09030395597
26.21,540.08153048248
26.22,540.161321723921
26.23,540.132405803495
26.24,540.062343413707
26.25,540.135840351708
26.26,540.079328815381
26.27,540.069110562027
26.28,540.054319093072
26.29,540.042786561034
26.3,540.153660307057
26.31,540.040253045191
26.32,540.115802211273
26.33,540.049410540623
26.34,540.123792096517
26.35,540.062072604013
26.36,540.124980270777
26.37,540.059582770451
26.38,540.074105296413
26.39,540.064367696331
26.4,540.067142906548
26.41,540.130502746394
26.42,539.995662653
26.43,540.021688126658
26.44,540.054251575518
26.45,539.985484557108
26.46,540.024738923094
26.47,540.01540193935
26.48,539.977005662066
26.49,539.975182827849
26.5,539.986953981535
26.51,539.982263790589
26.52,539.986024313816
26.53,539.941778433587
26.54,539.997343304966
26.55,539.956087036391
26.56,539.982203623317
26.57,540.014700351061
26.58,539.986845442177
26.59,539.966973724926
26.6,539.997942026552
26.61,539.977343323628
26.62,540.06023555847
26.63,539.935501876174
26.64,539.996371914557
26.65,540.046805711076
26.66,539.930095576037
26.67,540.015922371468
26.68,539.930411109177
26.69,540.013877032653
26.7,539.978773371748
26.71,539.943859535153
26.72,539.977119588335
26.73,539.947021915759
26.74,540.011523248659
26.75,539.987321265397
26.76,539.980567011517
26.77,540.017438466548
26.78,539.993477163561
26.79,539.991426494463
26.8,539.929307222103
26.81,540.001434088289
26.82,539.975721831504
26.83,540.048979854111
26.84,539.949923874085
26.85,540.011710391092
26.86,539.966537900617
26.87,540.031143070599
26.88,540.009156664231
26.89,540.034271903664
26.9,539.925164822821
26.91,540.007057921657
26.92,539.920874096537
26.93,540.032052194919
26.94,539.998935947553
26.95,539.993297420393
26.96,539.932373617573
26.97,540.001507027967
26.98,539.969235622636
26.99,539.986725012479
27,539.955286019159
27.01,540.00897543439
27.02,539.947667688907
27.03,539.941233386232
27.04,539.964551253422
27.05,539.935977740474
27.06,539.968163392387
27.07,539.896372092248
27.08,539.945740499321
27.09,539.957702015396
27.1,539.93195641298
27.11,539.95484540329
27.12,539.966956784665
27.13,539.902864084857
27.14,539.936612080012
27.15,539.959274992686
27.16,539.911270375747
27.17,539.997219481157
27.18,539.990224320947
27.19,539.962388117256
27.2,539.970381637854
27.21,539.973832317408
27.22,539.982057401371
27.23,539.968803444472
27.24,539.995695437281
27.25,540.006860784399
27.26,540.035813681067
27.27,539.953093248459
27.28,539.992218330465
27.29,539.998120322541
27.3,540.043682482937
27.31,539.953912549257
27.32,539.998030603545
27.33,540.037781888973
27.34,540.048035712815
27.35,540.031434835778
27.36,540.005379858921
27.37,540.067816743009
27.38,540.060278114849
27.39,540.007636476286
27.4,540.018450783481
27.41,540.085104869426
27.42,540.084727297516
27.43,540.028622343131
27.44,540.077286314526
27.45,540.084338816169
27.46,540.037173653305
27.47,540.002182661885
27.48,540.082251123809
27.49,540.050334620661
27.5,540.059687191344
27.51,540.093512164901
27.52,540.025946227381
27.53,540.055169690992
27.54,540.067798903506
27.55,540.005963430522
27.56,540.12126002032
27.57,540.009895365803
27.58,540.118397937817
27.59,540.030393857896
27.6,540.088451611436
27.61,540.028294161532
27.62,540.139385043916
27.63,540.0388683285
27.64,540.068502170563
27.65,540.029075923842
27.66,540.049135514432
27.67,540.034288525851
27.68,540.069556062704
27.69,540.084031301707
27.7,540.053589083788
27.71,540.123746447501
27.72,540.034269029234
27.73,540.089915755191
27.74,540.072276344912
27.75,540.077649318927
27.76,540.101762728144
27.77,540.10577861722
27.78,540.070961319866
27.79,540.033182871462
27.8,540.037573948692
27.81,540.122701881363
27.82,540.081967709019
27.83,540.038431655792
27.84,540.042257447664
27.85,540.04250362061
27.86,540.056012940868
27.87,540.094770823947
27.88,540.065639479766
27.89,540.12826281805
27.9,540.048451606565
27.91,540.111107953038
27.92,540.098017935157
27.93,540.033520700493
27.94,540.050722155134
27.95,540.055658398427
27.96,540.049588912468
27.97,540.04394069096
27.98,540.105975100803
27.99,540.032868991083
28,540.049549187601
28.01,540.051646061083
28.02,540.054388287711
28.03,540.048063006409
28.04,540.034323870557
28.05,540.02277983196
28.06,539.984615035077
28.07,539.990661677247
28.08,539.971421173171
28.09,539.911484400596
28.1,539.980270336108
28.11,539.928457801801
28.12,539.983936912383
28.13,539.904141507814
28.14,539.956256277148
28.15,539.970205507522
28.16,539.952179276301
28.17,539.935497577186
28.18,539.921769736673
28.19,539.915269755985
28.2,539.902795291713
28.21,539.864403999646
28.22,539.890322505924
28.23,539.903180642129
28.24,539.891083736676
28.25,539.956073568605
28.26,539.959138618724
28.27,539.938593621246
28.28,539.878155801155
28.29,539.80958580123
28.3,539.932238539502
28.31,539.963126676654
28.32,539.878079234519
28.33,539.850456048669
28.34,539.940088123902
28.35,539.928252605447
28.36,539.894691648166
28.37,539.91692344395
28.38,539.837162706405
28.39,539.972069102915
28.4,539.914072739953
28.41,539.918288922343
28.42,539.908420324741
28.43,539.955338542102
28.44,539.930854436388
28.45,539.949450050526
28.46,539.911411084245
28.47,539.956301553146
28.48,539.914271407059
28.49,539.935100673885
28.5,539.928413625657
28.51,539.890508333728
28.52,539.96871415965
28.53,539.936169046513
28.54,539.895059070586
28.55,539.91724074896
28.56,539.944148672867
28.57,539.898202027103
28.58,539.883397459693
28.59,539.919841947352
28.6,539.934297279534
28.61,539.928574962929
28.62,539.869773277239
28.63,539.840372731212
28.64,539.851007937537
28.65,539.917015921766
28.66,539.879088130165
28.67,539.883065870442
28.68,539.920430693547
28.69,539.92348316053
28.7,539.914305484871
28.71,539.888637829294
28.72,539.87887689881
28.73,539.895651316508
28.74,539.86469799483
28.75,539.859207330978
28.76,539.810689429946
28.77,539.867566764921
28.78,539.902483127961
28.79,539.84644072552
28.8,539.826012531287
28.81,539.909104549956
28.82,539.88926249522
28.83,539.816177260791
28.84,539.915647750091
28.85,539.88249045303
28.86,539.873834956812
28.87,539.897949374392
28.88,539.845090629841
28.89,539.874796596066
28.9,539.891385329541
28.91,539.868479375807
28.92,539.914290492134
28.93,539.873491109427
28.94,539.941160340171
28.95,539.827331841176
28.96,539.85941251978
28.97,539.919140356052
28.98,539.825526015699
28.99,539.810212883837
29,539.89886144692
29.01,539.878283875081
29.02,539.894935860043
29.03,539.791219672216
29.04,539.81078609525
29.05,539.819045411668
29.06,539.832033383032
29.07,539.893987658876
29.08,539.89041364627
29.09,539.856203107458
29.1,539.846896745928
29.11,539.841528270715
29.12,539.837001593312
29.13,539.852387655301
29.14,539.850612146373
29.15,539.83993273544
29.16,539.895234508387
29.17,539.910174550502
29.18,539.864713890277
29.19,539.830241987202
29.2,539.91344250705
29.21,539.853457396155
29.22,539.827115961662
29.23,539.904871313985
29.24,539.845815625073
29.25,539.898465703953
29.26,539.854130215746
29.27,539.871627840061
29.28,539.866409765892
29.29,539.854309056188
29.3,539.861575918451
29.31,539.902501710492
29.32,539.88216300505
29.33,539.911864035284
29.34,539.802373839841
29.35,539.870845853045
29.36,539.861995025374
29.37,539.822143802156
29.38,539.830544854858
29.39,539.854553669416
29.4,539.873304544837
29.41,539.867434652071
29.42,539.826785401597
29.43,539.884149948917
29.44,539.848963207483
29.45,539.824573660186
29.46,539.79185532435
29.47,539.880649577119
29.48,539.84669666565
29.49,539.877085949027
29.5,539.83896050628
29.51,539.811269739666
29.52,539.836250137196
29.53,539.806432784606
29.54,539.905415089693
29.55,539.84278679141
29.56,539.851791190787
29.57,539.841755725908
29.58,539.868424534934
29.59,539.86641172154
29.6,539.840203431532
29.61,539.832262501574
29.62,539.879691316831
29.63,539.833320836597
29.64,539.887106787929
29.65,539.830871496715
29.66,539.851176423452
29.67,539.785699765925
29.68,539.865766723745
29.69,539.870009148898
29.7,539.852502440415
29.71,539.857905566286
29.72,539.783313314058
29.73,539.791916701464
29.74,539.758848951951
29.75,539.849263366657
29.76,539.763827223882
29.77,539.77739263232
29.78,539.826454624007
29.79,539.75287784102
29.8,539.732177817874
29.81,539.763867169694
29.82,539.75310764698
29.83,539.802772427636
29.84,539.801482907721
29.85,539.810610318685
29.86,539.759461397917
29.87,539.718139633812
29.88,539.734659279635
29.89,539.807073187921
29.9,539.677641413514
29.91,539.793557346973
29.92,539.766185467793
29.93,539.799001284165
29.94,539.79943169519
29.95,539.679566352841
29.96,539.741328647877
29.97,539.817601749859
29.98,539.831215446225
29.99,539.865505930289
30,539.807390982234
30.01,539.871222731753
30.02,539.810868897867
30.03,539.700316061638
30.04,539.851340785789
30.05,539.814587363285
30.06,539.815014162721
30.07,539.838492943852
30.08,539.836588630581
30.09,539.796041356777
30.1,539.845915299259
30.11,539.860932736701
30.12,539.818365536651
30.13,539.821262309547
30.14,539.863653336793
30.15,539.72764672674
30.16,539.864840842492
30.17,539.768070375603
30.18,539.85550254509
30.19,539.810392209803
30.2,539.824406697094
30.21,539.859334733508
30.22,539.857476719068
30.23,539.863403866992
30.24,539.829362209526
30.25,539.902040186262
30.26,539.849294721218
30.27,539.85209765518
30.28,539.866980378576
30.29,539.890884535185
30.3,539.808269442502
30.31,539.875852101859
30.32,539.83820362303
30.33,539.879035660073
30.34,539.872878038649
30.35,539.770508858349
30.36,539.901894982301
30.37,539.878953045089
30.38,539.911939944747
30.39,539.898012509798
30.4,539.8748181465
30.41,539.90414360474
30.42,539.91215224467
30.43,539.901360680763
30.44,539.803389482209
30.45,539.917447373164
30.46,539.904547541079
30.47,539.902362441629
30.48,539.925616253718
30.49,539.830915633336
30.5,539.874072096227
30.51,539.93004646099
30.52,539.883663670248
30.53,539.865468141157
30.54,539.810900066745
30.55,539.9392350121
30.56,539.906309690879
30.57,539.85753673355
30.58,539.899934114431
30.59,539.787959936324
30.6,539.82530558563
30.61,539.78312907243
30.62,539.876493783641
30.63,539.86202833137
30.64,539.877294693297
30.65,539.847608313066
30.66,539.919853548772
30.67,539.85877645543
30.68,539.773803082941
30.69,539.773371890767
30.7,539.804709072287
30.71,539.878137420445
30.72,539.857961267712
30.73,539.819365573851
30.74,539.743502601272
30.75,539.765421976462
30.76,539.91109066168
30.77,539.742825385175
30.78,539.807134610157
30.79,539.784408174636
30.8,539.797650852211
30.81,539.925670055403
30.82,539.759720020402
30.83,539.911984820991
30.84,539.89169287832
30.85,539.957706831236
30.86,539.937846465532
30.87,539.738410989006
30.88,539.793960060815
30.89,539.919191673898
30.9,539.960330061642
30.91,539.845707358559
30.92,539.931707610491
30.93,539.824221537199
30.94,539.88358782745
30.95,539.822537767771
30.96,540.004958631634
30.97,539.943628687164
30.98,539.950296254301
30.99,539.914879829826
31,539.958006009503
31.01,540.016539264712
31.02,540.022402010696
31.03,540.057974335688
31.04,540.092255967367
31.05,540.103386004059
31.06,540.066810511807
31.07,540.15283880254
31.08,540.272333654008
31.09,540.072242463176
31.1,540.150265084149
31.11,540.14034909541
31.12,540.1928797976
31.13,540.202364359792
31.14,540.193958369439
31.15,540.159120049142
31.16,540.160237645865
31.17,540.157583748495
31.18,540.064930207087
31.19,540.211854310437
31.2,540.173889149066
31.21,540.054163133835
31.22,540.201867420006
31.23,540.201009369505
31.24,540.077122198792
31.25,540.216388543979
31.26,540.331636753859
31.27,540.171294281988
31.28,540.174989517518
31.29,540.097038007509
31.3,540.141177197914
31.31,540.197124787257
31.32,540.157011420054
31.33,540.140790257968
31.34,540.148261580426
31.35,540.172495546553
31.36,540.139484381802
31.37,540.183545197542
31.38,540.168131872018
31.39,540.301295165858
31.4,540.139849346773
31.41,540.217490329619
31.42,540.134190282271
31.43,540.195977499626
31.44,540.171411666608
31.45,540.140424224436
31.46,540.152662709467
31.47,540.17806345842
31.48,540.211834989523
31.49,540.17502224726
31.5,540.150227297038
31.51,540.150179171004
31.52,540.116001771013
31.53,540.141460358567
31.54,540.110318061213
31.55,540.120923395077
31.56,540.168118884049
31.57,540.209819490544
31.58,540.176810406748
31.59,540.192837469889
31.6,540.161100243525
31.61,540.185383255275
31.62,540.153124386201
31.63,540.168304938074
31.64,540.145693836347
31.65,540.179655208722
31.66,540.154738928416
31.67,540.143085608919
31.68,540.126044751888
31.69,540.144032138358
31.7,540.182741409754
31.71,540.199087963282
31.72,540.171514200351
31.73,540.11041077812
31.74,540.15965335841
31.75,540.16614243368
31.76,540.191119773448
31.77,540.127001360916
31.78,540.166802422485
31.79,540.157821763944
31.8,540.150012071401
31.81,540.185938141208
31.82,540.168688902995
31.83,540.163024221353
31.84,540.145222480986
31.85,540.124440139218
31.86,540.082167658361
31.87,540.071826414104
31.88,540.095551593104
31.89,540.140786498519
31.9,540.08339797575
31.91,540.157995300528
31.92,540.217037474787
31.93,540.125779749926
31.94,540.070389654068
31.95,540.0738271871
31.96,540.050215703268
31.97,540.12275590349
31.98,540.050159973819
31.99,540.074124178107
32,540.08667961481
32.01,540.083577217441
32.02,540.072703704159
32.03,540.046432169373
32.04,540.08938171614
32.05,540.043532119238
32.06,540.062036017132
32.07,540.067963114533
32.08,540.065836669403
32.09,540.13081757964
32.1,540.074547560476
32.11,540.110464620716
32.12,540.053826756687
32.13,540.050934632833
32.14,540.065805193647
32.15,540.045327287736
32.16,540.096869078961
32.17,540.070234992745
32.18,540.070063469355
32.19,540.039217594463
32.2,540.07915602285
32.21,540.020350573029
32.22,540.022203475884
32.23,540.077740883181
32.24,540.034518208423
32.25,540.010115823355
32.26,540.010241177242
32.27,540.032066478293
32.28,539.995629469485
32.29,540.036446104099
32.3,539.995229356016
32.31,539.987095370408
32.32,540.001448493418
32.33,540.021980640569
32.34,539.99183750067
32.35,540.049844531796
32.36,540.100734607525
32.37,540.028506941986
32.38,540.065459774111
32.39,540.079437473626
32.4,540.073165726338
32.41,540.03370199402
32.42,540.075897579665
32.43,540.055653131284
32.44,540.077990495943
32.45,540.065462057698
32.46,540.008706925761
32.47,540.02128546372
32.48,540.117100121992
32.49,540.081215994975
32.5,540.062076546907
32.51,540.049782517143
32.52,540.081167485143
32.53,540.037627712416
32.54,540.060644210284
32.55,540.052253430039
32.56,540.101157576117
32.57,540.05726090576
32.58,540.042644882973
32.59,540.010351124975
32.6,540.04695676586
32.61,540.054324665917
32.62,540.028491033277
32.63,540.022072842399
32.64,540.052534255099
32.65,540.086960520835
32.66,540.033538725826
32.67,540.052522520012
32.68,540.046126374439
32.69,540.057993931917
32.7,540.03102253966
32.71,540.09421553595
32.72,540.030925497832
32.73,540.080251511815
32.74,540.091055964365
32.75,540.045857960667
32.76,540.07511354283
32.77,540.05503133892
32.78,540.06728087343
32.79,540.05804195371
32.8,540.052293194092
32.81,540.071451251644
32.82,540.055243130386
32.83,540.046626796837
32.84,540.054295785859
32.85,540.093126664557
32.86,540.079566898565
32.87,540.088041643141
32.88,540.077119463083
32.89,540.059907083366
32.9,540.065572754915
32.91,540.137258388761
32.92,540.041851799742
32.93,540.102546575408
32.94,540.106151230031
32.95,540.051089351084
32.96,540.033878927244
32.97,540.064662466105
32.98,540.083039676659
32.99,540.099789438805
33,540.128560240781
33.01,540.073445503736
33.02,540.075233016449
33.03,540.065653868669
33.04,540.047054228451
33.05,540.070419191467
33.06,540.080628250046
33.07,540.081477687005
33.08,540.076036538296
33.09,540.071762065203
33.1,540.034454848822
33.11,540.052167734885
33.12,540.080584398204
33.13,540.07294629212
33.14,540.074927819779
33.15,540.106651282547
33.16,540.081460193464
33.17,540.089574986095
33.18,540.107423757218
33.19,540.057268325126
33.2,540.067839634087
33.21,540.098416015702
33.22,540.058017423742
33.23,540.092258759217
33.24,540.030717727504
33.25,540.061608300509
33.26,540.059429370984
33.27,540.0994109125
33.28,540.066017896306
33.29,540.109536885079
33.3,540.1202602699
33.31,540.107635487276
33.32,540.048476519236
33.33,540.102883216699
33.34,540.081700626535
33.35,540.022922190288
33.36,540.117878988469
33.37,540.040657811023
33.38,540.037713452317
33.39,540.083646685421
33.4,540.064415003079
33.41,540.089057882686
33.42,540.016681299045
33.43,540.034393767014
33.44,540.018042766669
33.45,540.057851288876
33.46,540.029752515223
33.47,540.027200975924
33.48,540.005268229771
33.49,539.999783485263
33.5,540.044829140108
33.51,539.973400693243
33.52,540.018457698976
33.53,539.944778154931
33.54,539.931298173694
33.55,539.953283690399
33.56,539.957640097992
33.57,539.973014433488
33.58,539.926296647856
33.59,539.943246992166
33.6,539.871994334058
33.61,539.937290594115
33.62,539.933447356122
33.63,539.891516184541
33.64,539.906304336944
33.65,539.918004176474
33.66,539.909401552309
33.67,539.923112404825
33.68,539.875328197826
33.69,539.866660187582
33.7,539.866724900163
33.71,539.886715210306
33.72,539.852375418649
33.73,539.925008861222
33.74,539.812775561054
33.75,539.845766594338
33.76,539.871092099955
33.77,539.857223406985
33.78,539.890015943489
33.79,539.862360930402
33.8,539.863597974699
33.81,539.896901721843
33.82,539.876120598568
33.83,539.889857261815
33.84,539.834978375119
33.85,539.870669640296
33.86,539.908794798074
33.87,539.862702875204
33.88,539.932022791515
33.89,539.901526763158
33.9,539.885266185885
33.91,539.901795741249
33.92,539.899256769234
33.93,539.93470186786
33.94,539.940557089295
33.95,539.927655742232
33.96,539.895466269731
33.97,539.928475924983
33.98,539.89282759438
33.99,539.94404853092
34,539.925988690729
34.01,539.88509467928
34.02,539.909167135013
34.03,539.93893339828
34.04,539.924905220825
34.05,539.935923572423
34.06,539.882744944854
34.07,539.931571807981
34.08,539.92217452995
34.09,539.891922114758
34.1,539.892607953375
34.11,539.917101170884
34.12,539.901609122851
34.13,539.908567880939
34.14,539.92112485069
34.15,539.885987854848
34.16,539.88609235478
34.17,539.908921512741
34.18,539.843011046736
34.19,539.871773353484
34.2,539.867992057562
34.21,539.879270527073
34.22,539.916933035367
34.23,539.816850046651
34.24,539.907358801291
34.25,539.921615361143
34.26,539.85837608469
34.27,539.928479312673
34.28,539.937739003661
34.29,539.88677554362
34.3,539.931461373066
34.31,539.892529062884
34.32,539.905780095417
34.33,539.928332654207
34.34,539.901048948896
34.35,539.946438566208
34.36,539.93311181529
34.37,539.882064276456
34.38,539.924609862139
34.39,539.912129875517
34.4,539.912033723452
34.41,539.937912517731
34.42,539.902075892619
34.43,539.899574622538
34.44,539.865202806608
34.45,539.886376027252
34.46,539.940822406531
34.47,539.803911858045
34.48,539.755940066749
34.49,539.883447987799
34.5,539.702912641608
34.51,539.874226732086
34.52,539.903784742947
34.53,539.865358646837
34.54,539.877504788486
34.55,539.862068105796
34.56,539.928980826687
34.57,539.833222309735
34.58,539.874739277627
34.59,539.818020852967
34.6,539.772269613336
34.61,539.781182490745
34.62,539.816592965743
34.63,539.873792640196
34.64,539.842561098304
34.65,539.93068210669
34.66,539.748936063371
34.67,539.884539500385
34.68,539.856999657061
34.69,539.836944073982
34.7,539.83296855223
34.71,539.774448178248
34.72,539.900661638045
34.73,539.899046572391
34.74,539.894856775763
34.75,539.702972891905
34.76,539.817206145494
34.77,539.812018867834
34.78,539.937232061624
34.79,539.881351824753
34.8,539.933274711104
34.81,539.857215149446
34.82,539.950465854489
34.83,539.917299882924
34.84,539.81200596636
34.85,539.883867521838
34.86,539.897086493394
34.87,539.89555943463
34.88,539.798663447861
34.89,539.935705897793
34.9,539.946095009277
34.91,539.960761922354
34.92,539.902995246184
34.93,539.94600538169
34.94,539.932466176316
34.95,539.917914145753
34.96,539.934222935985
34.97,539.973062099291
34.98,539.916429863971
34.99,539.819071730571
35,539.921369176739
35.01,539.905198930339
35.02,539.85007729004
35.03,539.977858327241
35.04,539.949620261344
35.05,539.986232871138
35.06,539.962206598419
35.07,539.89539568781
35.08,539.956901397344
35.09,539.981287742192
35.1,539.986821815789
35.11,540.001095249804
35.12,540.028672922661
35.13,540.035540819505
35.14,540.037591237008
35.15,540.015071052178
35.16,540.057349727159
35.17,539.888704041379
35.18,540.079610692549
35.19,540.031361088423
35.2,540.024964229812
35.21,539.98532240869
35.22,540.108245293801
35.23,540.010122163357
35.24,540.020974775642
35.25,540.006906272366
35.26,540.070942487292
35.27,540.067053493046
35.28,540.068154224321
35.29,540.050673477341
35.3,540.026104691678
35.31,540.073123403358
35.32,540.043229031959
35.33,540.088298734308
35.34,540.064105404443
35.35,540.069824296392
35.36,540.046250224307
35.37,540.015129188291
35.38,540.049492520247
35.39,540.079118692836
35.4,540.068939327581
35.41,540.068398189842
35.42,540.065869446981
35.43,540.063888069155
35.44,540.06144243472
35.45,540.049583800113
35.46,539.994389621381
35.47,540.070870493091
35.48,540.01798255623
35.49,540.044071402481
35.5,539.930569207916
35.51,540.047998218698
35.52,540.042951957568
35.53,540.009629945799
35.54,539.987040388285
35.55,539.966997430844
35.56,539.945970969829
35.57,539.989595405414
35.58,539.930871645412
35.59,539.941708935316
35.6,539.975892844964
35.61,539.968398840822
35.62,539.964007015834
35.63,539.948739310811
35.64,539.966374597838
35.65,539.985145552412
35.66,539.824731484319
35.67,539.955432961221
35.68,539.969995919769
35.69,539.972805046793
35.7,539.996193318573
35.71,539.9149075583
35.72,539.988627553984
35.73,539.964300408477
35.74,539.975771826789
35.75,539.935188878258
35.76,539.98458809153
35.77,539.983230316397
35.78,539.957026416527
35.79,540.016547055285
35.8,540.027011700283
35.81,540.022664917146
35.82,540.047472144015
35.83,540.039014867356
35.84,540.035364482805
35.85,540.029742593433
35.86,539.93469850244
35.87,540.018719060315
35.88,540.03733977978
35.89,540.076036552311
35.9,540.052107451713
35.91,540.079640084226
35.92,540.034252663932
35.93,540.110780786296
35.94,540.070829950816
35.95,540.050307120387
35.96,540.035023672675
35.97,540.072202996929
35.98,540.056590486324
35.99,540.072600479376
36,540.073352070882
36.01,540.079156268996
36.02,540.064472495365
36.03,539.994502299436
36.04,540.002841955852
36.05,540.096971518503
36.06,540.039408670607
36.07,540.048954155648
36.08,540.031609100322
36.09,539.995023249402
36.1,539.988574612638
36.11,539.985997187172
36.12,539.972110189862
36.13,539.862848009557
36.14,539.961763595542
36.15,539.98458865734
36.16,539.898617432296
36.17,539.859414050549
36.18,539.91746106211
36.19,539.950302637627
36.2,539.953839215181
36.21,539.866030852233
36.22,539.82957347673
36.23,539.945865482932
36.24,539.913099599542
36.25,539.936737018836
36.26,539.851266162811
36.27,539.853160152187
36.28,539.773831808598
36.29,539.873453165677
36.3,539.800088132307
36.31,539.921773106449
36.32,539.834348094578
36.33,539.898745380046
36.34,539.934050149879
36.35,539.949109404189
36.36,539.937027771353
36.37,539.977852933656
36.38,539.971417521665
36.39,539.82152244059
36.4,539.961704563672
36.41,539.919599291558
36.42,539.994855691736
36.43,539.955929191626
36.44,540.009033443584
36.45,539.87713824812
36.46,539.889345698632
36.47,540.007535808934
36.48,540.005234719312
36.49,539.989284614108
36.5,539.972967076588
36.51,539.966156260119
36.52,539.991112086836
36.53,540.00386238288
36.54,540.026599459951
36.55,539.996356348362
36.56,539.927611117933
36.57,539.964372373648
36.58,539.987260993699
36.59,539.820496887893
36.6,539.934612853931
36.61,539.977151837777
36.62,539.974138923239
36.63,539.89189627151
36.64,539.849861839839
36.65,539.999253990528
36.66,540.014763671899
36.67,539.943073097846
36.68,540.013507372398
36.69,539.912252570226
36.7,539.971449139643
36.71,539.9708880979
36.72,539.96144206706
36.73,539.930933634528
36.74,539.947950950229
36.75,539.971855006581
36.76,540.001568621896
36.77,539.956874215372
36.78,539.990699643125
36.79,539.94884403846
36.8,539.971849013639
36.81,539.92204796262
36.82,539.93216555759
36.83,539.876076266419
36.84,539.85144395738
36.85,539.795062960764
36.86,539.703637779161
36.87,539.78541026823
36.88,539.882028680067
36.89,539.915076635683
36.9,539.809730811917
36.91,539.860545180725
36.92,539.898667017864
36.93,539.863883041818
36.94,539.88459328106
36.95,539.783375115028
36.96,539.890020738544
36.97,539.866093230606
36.98,539.823191672643
36.99,539.882950395998
37,539.920399196918
37.01,539.91905160469
37.02,539.792031537106
37.03,539.881153363553
37.04,539.89974937586
37.05,539.838662298328
37.06,539.882693865086
37.07,539.709206234922
37.08,539.940926042611
37.09,539.800956140253
37.1,539.90209143341
37.11,539.86356789087
37.12,539.884187009643
37.13,539.752507030444
37.14,539.893268862689
37.15,539.765434081544
37.16,539.84765650751
37.17,539.943168767423
37.18,539.858304411627
37.19,539.922210016414
37.2,539.80923001062
37.21,539.932633170382
37.22,539.792944401511
37.23,539.837358653199
37.24,539.95834352493
37.25,539.838955555433
37.26,539.814949630046
37.27,539.824649254102
37.28,539.914300740471
37.29,539.941078731602
37.3,539.892103409931
37.31,539.934483687198
37.32,539.901257192544
37.33,539.662572156069
37.34,539.90471804047
37.35,539.898269134586
37.36,539.934559045369
37.37,539.789641096671
37.38,539.896115665129
37.39,539.899396412715
37.4,539.865638250808
37.41,539.745450897686
37.42,539.944273371456
37.43,539.935150855855
37.44,539.823212407945
37.45,539.77751047339
37.46,539.860031348501
37.47,539.855966249778
37.48,539.834607935916
37.49,539.700910807372
37.5,539.938082612825
37.51,539.683482695114
37.52,539.865222022344
37.53,539.860738569744
37.54,539.778380609811
37.55,539.955522975283
37.56,539.851744314005
37.57,539.808191919246
37.58,539.936583501775
37.59,539.936649281962
37.6,539.915034572122
37.61,539.812981539783
37.62,539.879192753142
37.63,540.005314401111
37.64,540.015927164949
37.65,539.863519746177
37.66,539.980767262603
37.67,539.867161679262
37.68,539.944854151212
37.69,539.985868521999
37.7,539.998098088377
37.71,539.937499713581
37.72,539.902382334738
37.73,539.917048572711
37.74,539.974390071995
37.75,540.06419202003
37.76,540.021224864126
37.77,540.140894503632
37.78,540.12075802495
37.79,540.052717534749
37.8,540.088306095987
37.81,540.126592783676
37.82,540.101048797441
37.83,540.071127820232
37.84,540.164051384234
37.85,540.14440789076
37.86,540.199701631815
37.87,540.13455803891
37.88,540.234526547295
37.89,540.092063159607
37.9,540.200660384713
37.91,540.250118729433
37.92,540.159302148649
37.93,540.141117901694
37.94,540.261589086371
37.95,540.182452129255
37.96,540.224621325644
37.97,540.116038630059
37.98,540.16712168056
37.99,540.159601370865
38,540.177329337399
38.01,540.161729407059
38.02,540.174331833307
38.03,540.362312062571
38.04,540.22429840831
38.05,540.247379234059
38.06,540.149789114718
38.07,540.128317898316
38.08,540.100328938835
38.09,540.181891322869
38.1,540.171868920006
38.11,540.07352535768
38.12,540.211810632272
38.13,540.082654969648
38.14,540.148096025315
38.15,540.361717445258
38.16,540.175030865935
38.17,540.149301975317
38.18,540.152057555866
38.19,540.170820459623
38.2,540.203208405356
38.21,540.143405654606
38.22,540.193748702852
38.23,540.12389767291
38.24,540.122044293914
38.25,540.231106365057
38.26,540.194534713714
38.27,540.212910499265
38.28,540.143017642333
38.29,540.154474543899
38.3,540.156649252498
38.31,540.117923613826
38.32,540.212757025394
38.33,540.143817201443
38.34,540.098399677782
38.35,540.157207324142
38.36,540.134455246201
38.37,540.136197146748
38.38,540.149300026013
38.39,540.200814070411
38.4,540.19399547126
38.41,540.195294232217
38.42,540.197936938452
38.43,540.315432044609
38.44,540.197298833374
38.45,540.206280138953
38.46,540.17652048735
38.47,540.202310187015
38.48,540.264133470204
38.49,540.255459059649
38.5,540.176511688088
38.51,540.142140049398
38.52,540.166007860375
38.53,540.141889862971
38.54,540.195895004769
38.55,540.173094167409
38.56,540.094143392504
38.57,540.160843159432
38.58,540.166934769714
38.59,540.207851976063
38.6,540.124144587069
38.61,540.073486838564
38.62,540.131859487557
38.63,540.11881632117
38.64,540.066112102438
38.65,540.122269381074
38.66,540.170956998906
38.67,540.135716080467
38.68,540.127789157919
38.69,540.206118721797
38.7,540.146661563548
38.71,540.201592927101
38.72,540.152577263401
38.73,540.184540377389
38.74,540.129738098962
38.75,540.32843664405
38.76,540.148043570838
38.77,540.204051955031
38.78,540.166010486807
38.79,540.17054178217
38.8,540.170536926914
38.81,540.18265801386
38.82,540.118404866934
38.83,540.10527721727
38.84,540.134188440113
38.85,540.133881483632
38.86,540.127033821966
38.87,540.078120015692
38.88,540.099512480998
38.89,540.112475275612
38.9,540.139475502357
38.91,540.096131706728
38.92,540.089358429535
38.93,540.092500166896
38.94,540.10685623697
38.95,540.083879688175
38.96,540.111560540851
38.97,540.119669835734
38.98,540.126147379953
38.99,540.116953227002
39,540.098337014851
39.01,540.049293669181
39.02,540.077315131711
39.03,540.098941822759
39.04,540.089294221667
39.05,540.093270158217
39.06,540.054533338753
39.07,540.028890111937
39.08,540.048265704513
39.09,540.06458874698
39.1,540.021546733231
39.11,540.031689212387
39.12,540.056179234119
39.13,540.060490900845
39.14,540.0392773394
39.15,540.04709071169
39.16,539.97781218868
39.17,540.031941514672
39.18,540.00420108519
39.19,540.068825129667
39.2,540.060247261783
39.21,540.014332199903
39.22,540.034710097162
39.23,540.042562499161
39.24,540.046587337535
39.25,539.953096499977
39.26,540.049159316411
39.27,540.047739661506
39.28,540.02589797789
39.29,540.065680666669
39.3,540.012805842094
39.31,539.988739066226
39.32,540.054797202493
39.33,540.057053647626
39.34,540.043629081394
39.35,540.036768386634
39.36,540.036840813079
39.37,540.03056591174
39.38,540.039645504961
39.39,540.028921842773
39.4,539.989133721822
39.41,540.004153646877
39.42,540.0024869897
39.43,540.020880655821
39.44,540.023230342272
39.45,540.045134782065
39.46,540.018972694979
39.47,540.021796867645
39.48,540.030387099212
39.49,540.068633488863
39.5,540.011458859787
39.51,540.078446028685
39.52,540.0119649895
39.53,539.9622669593
39.54,540.038560706045
39.55,540.094933158039
39.56,540.026659496267
39.57,540.031694355245
39.58,540.021516193116
39.59,540.044790117908
39.6,540.033627981473
39.61,540.016622061668
39.62,540.065462233024
39.63,540.051596669064
39.64,540.002326981169
39.65,540.001947641851
39.66,540.018456353386
39.67,539.99632128844
39.68,540.045385376134
39.69,539.983429557301
39.7,540.014175745023
39.71,540.03042741051
39.72,540.056787848603
39.73,539.982198816093
39.74,539.973537266668
39.75,540.016992076061
39.76,540.040104958305
39.77,540.049980014462
39.78,540.017696190374
39.79,540.035367340225
39.8,540.06226075136
39.81,540.042900800333
39.82,540.049355210302
39.83,540.056621563041
39.84,540.041156674295
39.85,540.076521084723
39.86,540.03340763661
39.87,540.031448011274
39.88,540.028690376377
39.89,540.019099102086
39.9,540.023117139202
39.91,540.063202074496
39.92,540.031046625423
39.93,540.064563670174
39.94,540.00593907673
39.95,540.021653482313
39.96,540.024152363417
39.97,540.052616655761
39.98,540.034265222524
39.99,540.039826913342
40,540.017252795656
40.01,540.08215104938
40.02,540.0413808626
40.03,540.046452120618
40.04,540.054003298959
40.05,540.063174357907
40.06,540.063631596125
40.07,540.072086190035
40.08,540.059620464924
40.09,540.106319248348
40.1,540.063286421661
40.11,540.01404831509
40.12,540.032033537813
40.13,540.047261552041
40.14,540.060522837916
40.15,540.044010506012
40.16,540.031167562357
40.17,540.017474830511
40.18,540.045485537754
40.19,540.070856844946
40.2,540.072664488586
40.21,540.023467462011
40.22,540.032395770938
40.23,540.092089078576
40.24,540.078789424789
40.25,540.057156374584
40.26,540.038700253148
40.27,540.066743255735
40.28,540.008801323179
40.29,540.042474955314
40.3,540.056625726647
40.31,540.049604597234
40.32,540.002441461356
40.33,539.998703374353
40.34,540.051103780277
40.35,540.032591049873
40.36,540.068786269347
40.37,540.032793769313
40.38,540.060670317148
40.39,540.071104413757
40.4,540.050339137442
40.41,540.065386841884
40.42,540.052587118929
40.43,540.054365617331
40.44,540.045825478323
40.45,540.081817917264
40.46,540.028908052033
40.47,540.044358466823
40.48,540.069676540264
40.49,540.09299481013
40.5,540.074299988892
40.51,540.059671816187
40.52,540.065130371063
40.53,540.037532788661
40.54,540.097440199866
40.55,540.112277389945
40.56,540.106694648899
40.57,540.061455922425
40.58,540.043173363699
40.59,540.065628552054
40.6,540.048298502146
40.61,540.090204242795
40.62,540.102647077021
40.63,540.092365495065
40.64,540.057599537485
40.65,540.047862589001
40.66,540.08713724016
40.67,540.098426851151
40.68,540.079272319117
40.69,540.082057131693
40.7,540.030917834507
40.71,540.093799371777
40.72,540.068219635069
40.73,540.061381378462
40.74,540.071494504309
40.75,540.098969287866
40.76,540.074301274148
40.77,540.068760358829
40.78,540.092471849498
40.79,540.08287637172
40.8,540.060552205796
40.81,540.080059626558
40.82,540.036509985215
40.83,540.037493427216
40.84,540.071848924258
40.85,540.103232015177
40.86,540.052934367324
40.87,540.030561964437
40.88,540.082498213989
40.89,540.088347702448
40.9,540.034351378983
40.91,540.048419211208
40.92,540.074512613166
40.93,540.109147731401
40.94,540.088276647302
40.95,540.100368617035
40.96,540.021624809259
40.97,540.070416148727
40.98,540.048377104592
40.99,540.091457824559
41,540.084193781423
41.01,540.054424833109
41.02,540.0712763979
41.03,540.082054940013
41.04,540.083808001356
41.05,540.064923947539
41.06,540.06008006401
41.07,540.094803898175
41.08,540.086613205066
41.09,540.065299881434
41.1,539.990818352738
41.11,540.006974478592
41.12,540.04891354074
41.13,540.05274424836
41.14,540.087066269088
41.15,540.057102177361
41.16,540.068616632054
41.17,540.074111936418
41.18,539.991814652885
41.19,540.015284056031
41.2,540.078027342323
41.21,540.045348774688
41.22,540.080911027748
41.23,540.05370808381
41.24,539.996428481394
41.25,540.022817517337
41.26,540.099145834076
41.27,540.085387309
41.28,540.011957071896
41.29,540.065523333886
41.3,540.038193752217
41.31,540.070188458407
41.32,540.013981863127
41.33,540.04940913967
41.34,540.043640011649
41.35,540.048323820074
41.36,540.04365501194
41.37,540.097484519701
41.38,540.045764894519
41.39,540.034415229116
41.4,540.059909788654
41.41,539.984933398279
41.42,540.021611774379
41.43,540.093195562031
41.44,540.017342563237
41.45,540.0751164691
41.46,540.030828378554
41.47,540.027605468356
41.48,540.05239479017
41.49,540.024986207858
41.5,540.05489992087
41.51,540.065685919236
41.52,540.069944086767
41.53,540.050586201671
41.54,540.055662339593
41.55,540.017849558029
41.56,540.013946253733
41.57,540.039307048801
41.58,540.026090191552
41.59,540.040918340642
41.6,540.007065641308
41.61,540.083433135432
41.62,540.052083366685
41.63,540.04771461178
41.64,540.075611418988
41.65,539.999226767437
41.66,540.058668433646
41.67,540.044496410935
41.68,540.087780264314
41.69,540.01421474736
41.7,540.044619744824
41.71,540.027562188299
41.72,540.015074780957
41.73,540.063031931922
41.74,540.021095097835
41.75,540.031985737851
41.76,540.051517046104
41.77,540.008438983289
41.78,540.035359813146
41.79,540.041643670166
41.8,540.068287637653
41.81,540.066859283376
41.82,540.047885638957
41.83,540.064555064697
41.84,540.050577929375
41.85,540.011016738385
41.86,540.040349427231
41.87,540.00985625528
41.88,539.949084333773
41.89,540.048441435988
41.9,539.996402478267
41.91,540.0204759799
41.92,540.033069105192
41.93,540.043633429738
41.94,539.982669651104
41.95,539.995741167008
41.96,540.021280109978
41.97,540.024384931633
41.98,540.037988103001
41.99,539.974503197321
42,539.997978763214
42.01,540.03997412367
42.02,539.997544823778
42.03,540.00744477399
42.04,540.004031878431
42.05,540.024846129001
42.06,539.972508115331
42.07,539.949407468844
42.08,539.973603517266
42.09,539.992838344417
42.1,540.010125310497
42.11,540.00475425037
42.12,540.00111527662
42.13,539.941184919049
42.14,540.01086685673
42.15,540.03415825003
42.16,539.970692032496
42.17,540.037455706313
42.18,540.021034235671
42.19,539.958032914501
42.2,540.036398250307
42.21,539.975819074605
42.22,539.936666160669
42.23,540.014412196941
42.24,539.973119417766
42.25,540.007706407829
42.26,540.018171575147
42.27,540.012252101696
42.28,539.976731026162
42.29,539.991410538044
42.3,539.983639362991
42.31,539.937203923587
42.32,539.989655168219
42.33,539.965314166253
42.34,539.942193524188
42.35,540.013269383398
42.36,539.929533703531
42.37,540.033123958726
42.38,539.996450668161
42.39,539.922025434626
42.4,539.978809456769
42.41,539.9919715063
42.42,539.996692784546
42.43,540.016591108934
42.44,539.976260216559
42.45,539.977703666845
42.46,540.010500919391
42.47,540.003124025017
42.48,540.031012709014
42.49,540.005623025357
42.5,540.001761865873
42.51,539.966006338295
42.52,540.050712607029
42.53,539.996822538724
42.54,539.964123694896
42.55,540.037616401881
42.56,539.99078500234
42.57,540.060939382032
42.58,540.036168510988
42.59,539.973689725592
42.6,540.043789819589
42.61,539.99404878985
42.62,540.047128749996
42.63,540.001125303862
42.64,540.002624416577
42.65,540.007361506235
42.66,540.024585792795
42.67,539.989808234036
42.68,539.999895676587
42.69,540.014044267936
42.7,540.056164975951
42.71,539.985707881462
42.72,539.968272361717
42.73,540.025000886579
42.74,540.021216336035
42.75,539.985610483329
42.76,539.98908266067
42.77,539.984557874714
42.78,540.019574687461
42.79,540.013374155829
42.8,539.967018510491
42.81,540.016978671994
42.82,539.954827561907
42.83,540.004716284364
42.84,539.952292823853
42.85,539.96487430262
42.86,539.964993659021
42.87,540.023398012543
42.88,540.015554742516
42.89,539.964689744055
42.9,540.00446117639
42.91,540.045249683524
42.92,539.988684011606
42.93,540.069801950177
42.94,540.051802467373
42.95,539.997055733897
42.96,540.075119966313
42.97,540.017886457615
42.98,540.083366758966
42.99,540.07099571526
43,540.062914023265
43.01,540.075715683398
43.02,540.124507185221
43.03,540.096521923132
43.04,540.041188636718
43.05,540.07433754874
43.06,540.104453166214
43.07,540.078755568735
43.08,540.142540564528
43.09,540.154367492105
43.1,540.099495641536
43.11,540.095011382246
43.12,540.101397033119
43.13,540.081475582138
43.14,540.053084646033
43.15,540.137181674139
43.16,540.152669133096
43.17,540.133152352161
43.18,540.125128841939
43.19,540.141799610471
43.2,540.118527977847
43.21,540.140520034362
43.22,540.15895832674
43.23,540.042758912423
43.24,540.048986328183
43.25,540.048731915129
43.26,540.107118563664
43.27,540.11970938976
43.28,540.151279152899
43.29,540.147631288306
43.3,540.082742199514
43.31,540.099907579406
43.32,540.108847729523
43.33,540.129680183832
43.34,540.059770223674
43.35,540.11191308572
43.36,540.165846538239
43.37,540.062006540293
43.38,540.143979267891
43.39,540.055750135194
43.4,540.108516106763
43.41,540.117453739634
43.42,540.107164555018
43.43,540.135497033687
43.44,540.082308794901
43.45,540.151037539973
43.46,540.071827929494
43.47,540.167303521493
43.48,540.090693404076
43.49,540.110359257198
43.5,540.136459244267
43.51,540.093772057553
43.52,540.072670022726
43.53,540.101719095864
43.54,540.118011537546
43.55,540.074516802708
43.56,540.113580628052
43.57,540.143897529163
43.58,540.118467870338
43.59,540.084307211479
43.6,540.055691769247
43.61,540.092275126113
43.62,540.137701983597
43.63,540.130117568127
43.64,540.134938853242
43.65,540.143095304194
43.66,540.127723847471
43.67,540.098784387212
43.68,540.089155716904
43.69,540.11398960168
43.7,540.077584213627
43.71,540.055343512863
43.72,540.13883526619
43.73,540.072919225131
43.74,540.113064509789
43.75,540.142443491637
43.76,540.13425747481
43.77,540.13533864227
43.78,540.030785923601
43.79,540.058793311372
43.8,540.09450138563
43.81,540.141943048438
43.82,540.08537029269
43.83,540.129121737957
43.84,540.133334672077
43.85,540.076358659041
43.86,540.044528288637
43.87,540.136505778793
43.88,540.12203475032
43.89,540.071201350025
43.9,540.157024762337
43.91,540.038131491429
43.92,540.081985160408
43.93,540.050201251708
43.94,540.106356954219
43.95,540.062452606088
43.96,540.129994879965
43.97,540.049147934498
43.98,540.127379869519
43.99,540.105358145032
44,540.137731235789
44.01,540.098304033367
44.02,540.089670401336
44.03,540.159794099479
44.04,540.099771941016
44.05,540.064319823998
44.06,540.148929107224
44.07,540.100325490681
44.08,540.125204493974
44.09,540.045515054654
44.1,540.127227306287
44.11,540.113885581654
44.12,540.119386757476
44.13,540.09214406416
44.14,540.044545849349
44.15,540.038826613041
44.16,540.071817601489
44.17,540.051930182146
44.18,540.139670103535
44.19,540.144032559972
44.2,540.097822947573
44.21,540.111097738472
44.22,540.134965881118
44.23,540.093593891795
44.24,540.110976515841
44.25,540.098682967238
44.26,540.060596347187
44.27,540.058790166112
44.28,540.028385275192
44.29,540.043205307383
44.3,540.106361827229
44.31,540.072521259479
44.32,540.127449323714
44.33,540.101840962957
44.34,540.042057828651
44.35,540.099291341286
44.36,540.129863302824
44.37,540.149041418211
44.38,540.031908410634
44.39,540.078704657549
44.4,540.120105277971
44.41,540.06025703133
44.42,540.044385053583
44.43,540.118272665242
44.44,540.06219747074
44.45,540.10418268538
44.46,540.116124120492
44.47,540.031200418201
44.48,540.10965478039
44.49,540.034511763664
44.5,540.087248989134
44.51,540.07886114664
44.52,540.05726018037
44.53,540.037687766259
44.54,540.049609665662
44.55,540.054599230334
44.56,540.117345978612
44.57,540.031321647463
44.58,540.122989455407
44.59,540.075199212355
44.6,540.074192415193
44.61,540.083420615281
44.62,540.034062630732
44.63,540.150910865222
44.64,540.041432694103
44.65,540.073361972199
44.66,540.036268836408
44.67,540.036667878317
44.68,540.054272257011
44.69,540.11755407
44.7,540.056838197241
44.71,540.014286293674
44.72,540.058133429417
44.73,540.108198924596
44.74,540.115996977992
44.75,540.035948785029
44.76,540.034427110203
44.77,540.02481703965
44.78,540.060592943999
44.79,540.106115423232
44.8,540.163724120265
44.81,540.108412873591
44.82,540.031740818143
44.83,540.081652798483
44.84,540.042579093326
44.85,540.062788178968
44.86,540.061689257647
44.87,540.046184171513
44.88,540.161860173193
44.89,540.124023397981
44.9,540.121774475827
44.91,540.12060227192
44.92,540.142541127954
44.93,540.054895110262
44.94,540.05978278512
44.95,540.024933299689
44.96,540.079367837081
44.97,540.048558727319
44.98,540.14206503074
44.99,540.128380137522
45,540.06043767
45.01,540.071065980473
45.02,540.102528518724
45.03,540.084645401537
45.04,540.041622473372
45.05,540.092202052529
45.06,540.120067859189
45.07,540.03297555645
45.08,540.142249497659
45.09,540.047879509262
45.1,540.084110665047
45.11,540.111749381129
45.12,540.08528617477
45.13,540.200288046836
45.14,540.008018054681
45.15,540.025328501595
45.16,540.062241019046
45.17,540.107405544825
45.18,540.001438993449
45.19,540.1093041283
45.2,540.001045706618
45.21,540.140629877881
45.22,540.00102055033
45.23,540.099048810336
45.24,540.030859760659
45.25,540.039692289429
45.26,540.09807460609
45.27,539.995894644443
45.28,540.04464072287
45.29,540.082856198337
45.3,540.070441493145
45.31,540.032132398267
45.32,540.117907232327
45.33,539.976183281963
45.34,540.067031554078
45.35,540.127148605141
45.36,540.035488271882
45.37,540.007731895482
45.38,540.024864709816
45.39,540.092985488152
45.4,540.05821090983
45.41,539.976301683889
45.42,540.039960868876
45.43,540.124987196909
45.44,540.084386761835
45.45,540.073020159839
45.46,539.983605777376
45.47,540.000834897158
45.48,539.998580896408
45.49,540.044112294198
45.5,540.077882269977
45.51,540.037171099085
45.52,539.976799703572
45.53,539.965503174108
45.54,540.027382307175
45.55,540.044980400407
45.56,540.126062668554
45.57,539.967215305557
45.58,540.020697490188
45.59,539.934481499821
45.6,540.007178573949
45.61,539.986357436963
45.62,539.998544182496
45.63,540.014899791724
45.64,540.059900159971
45.65,540.041369188763
45.66,539.992943424686
45.67,539.941959492478
45.68,539.969325119504
45.69,539.998332314832
45.7,540.044460570469
45.71,540.031356473728
45.72,540.014908062329
45.73,540.040464722116
45.74,540.053806189952
45.75,540.040072448532
45.76,540.089221289525
45.77,540.007124823031
45.78,540.053427357896
45.79,539.973269101569
45.8,540.022570813678
45.81,539.980120024818
45.82,540.003128119215
45.83,539.977044932032
45.84,540.002354993155
45.85,539.969174661364
45.86,539.978274013963
45.87,539.979066592303
45.88,539.98739057666
45.89,539.966406511303
45.9,539.95695397421
45.91,539.983706917196
45.92,539.981729105694
45.93,539.98464127365
45.94,540.035705189003
45.95,539.976994557056
45.96,540.019380135864
45.97,540.018407914115
45.98,540.021794097492
45.99,540.025230008026
46,540.104105464116
46.01,540.073747372503
46.02,540.049812294918
46.03,540.072691439595
46.04,540.045007022677
46.05,539.996918054256
46.06,540.032101981729
46.07,540.050632350182
46.08,540.052161276478
46.09,540.072876163195
46.1,540.038493455687
46.11,540.008892940702
46.12,540.012675229428
46.13,540.053038359466
46.14,540.03875245648
46.15,540.047608465193
46.16,539.995534268407
46.17,540.022818256122
46.18,540.048411425499
46.19,540.032933077512
46.2,539.988915589556
46.21,539.979402107532
46.22,539.995827802307
46.23,540.041669694552
46.24,540.021822174766
46.25,539.907752078664
46.26,539.919998181729
46.27,539.975786229662
46.28,539.986335488799
46.29,539.932839925953
46.3,539.933843371477
46.31,539.965458579168
46.32,540.000545544757
46.33,539.97966196711
46.34,539.982376609657
46.35,539.923650085123
46.36,539.935649431533
46.37,539.983866773673
46.38,539.973648962737
46.39,540.001166159322
46.4,539.982153462927
46.41,539.922140904673
46.42,539.987391822955
46.43,539.888057032885
46.44,539.916570288739
46.45,539.916831226259
46.46,539.928389411609
46.47,539.945751677794
46.48,539.962622980187
46.49,539.93621275654
46.5,539.977282418351
46.51,539.981316328051
46.52,539.982477190209
46.53,539.986097156864
46.54,539.935347820214
46.55,539.980406853319
46.56,539.959200391663
46.57,539.885413500546
46.58,539.826731225722
46.59,539.799002351325
46.6,539.873459053838
46.61,539.930202412745
46.62,539.871302607038
46.63,539.858596823211
46.64,539.743035782815
46.65,539.906981779993
46.66,539.856741400818
46.67,539.747396631129
46.68,539.870801517202
46.69,539.757330471383
46.7,539.879730582455
46.71,539.781804215503
46.72,539.861489540907
46.73,539.745148482646
46.74,539.904221491926
46.75,539.736075009606
46.76,539.83300793203
46.77,539.870956190745
46.78,539.892573258906
46.79,539.836984041738
46.8,539.719926174744
46.81,539.785562101258
46.82,539.810799652259
46.83,539.830273596747
46.84,539.790585735878
46.85,539.859519271621
46.86,539.797792515936
46.87,539.812390956352
46.88,539.741196495052
46.89,539.828148253887
46.9,539.892313568559
46.91,539.81585255247
46.92,539.756873004715
46.93,539.880675736551
46.94,539.87250514573
46.95,539.798476444384
46.96,539.892906633807
46.97,539.745319967403
46.98,539.902665518457
46.99,539.773188633974
47,539.880396610858
47.01,539.78844561723
47.02,539.809235363959
47.03,539.841425462068
47.04,539.826575494393
47.05,539.737328070722
47.06,539.798291440348
47.07,539.850222978186
47.08,539.854701625472
47.09,539.864082037735
47.1,539.81839527678
47.11,539.800296738581
47.12,539.790874917768
47.13,539.820288775652
47.14,539.780289462142
47.15,539.71551279697
47.16,539.796865720177
47.17,539.790653174795
47.18,539.707231564836
47.19,539.798924589547
47.2,539.767184348777
47.21,539.710134662615
47.22,539.72551886428
47.23,539.822926164216
47.24,539.77421078401
47.25,539.816775952469
47.26,539.841072252812
47.27,539.695219366273
47.28,539.724862722372
47.29,539.742179842244
47.3,539.737597208015
47.31,539.763389192707
47.32,539.791582363893
47.33,539.745956023384
47.34,539.786470867659
47.35,539.707644553321
47.36,539.68803421064
47.37,539.779524681237
47.38,539.780294527427
47.39,539.748358645454
47.4,539.802915570374
47.41,539.758760873092
47.42,539.806032900789
47.43,539.721107397933
47.44,539.814914015934
47.45,539.716725780506
47.46,539.751818782879
47.47,539.843675807368
47.48,539.774120329203
47.49,539.724910365724
47.5,539.786740454414
47.51,539.808152722483
47.52,539.721960119311
47.53,539.754997808303
47.54,539.794625605963
47.55,539.784056439064
47.56,539.784879574458
47.57,539.738530495182
47.58,539.708537049789
47.59,539.589673137524
47.6,539.764808800138
47.61,539.714952515067
47.62,539.758558275538
47.63,539.719279916928
47.64,539.694183576157
47.65,539.754462075172
47.66,539.760363444084
47.67,539.753301545023
47.68,539.748017736582
47.69,539.749134436606
47.7,539.712461150518
47.71,539.795467764532
47.72,539.717846230689
47.73,539.733324749926
47.74,539.762998837156
47.75,539.786627208523
47.76,539.746472659985
47.77,539.735267380478
47.78,539.730171706671
47.79,539.751433830229
47.8,539.714562673126
47.81,539.74734266753
47.82,539.712153838353
47.83,539.745218770585
47.84,539.730345486153
47.85,539.751593534914
47.86,539.711707357848
47.87,539.690143717422
47.88,539.595432568036
47.89,539.770842981934
47.9,539.739858618299
47.91,539.768671427177
47.92,539.784141301893
47.93,539.750088256034
47.94,539.693534296355
47.95,539.634483164669
47.96,539.733440229773
47.97,539.697897521678
47.98,539.707228196602
47.99,539.689529791731
48,539.769216440649
48.01,539.773588139708
48.02,539.760060904451
48.03,539.445637247288
48.04,539.672858285897
48.05,539.643539116307
48.06,539.753660761839
48.07,539.649407192398
48.08,539.699817490997
48.09,539.77123127421
48.1,539.843364863501
48.11,539.691734348336
48.12,539.802610087821
48.13,539.739768265129
48.14,539.81348077011
48.15,539.66690575146
48.16,539.691269824865
48.17,539.671132003197
48.18,539.753985297512
48.19,539.829739268777
48.2,539.788971568432
48.21,539.670588465648
48.22,539.703170285257
48.23,539.801244993149
48.24,539.648231990006
48.25,539.750102643739
48.26,539.756029936973
48.27,539.578802034082
48.28,539.679715906934
48.29,539.693093586079
48.3,539.626168811222
48.31,539.734769019942
48.32,539.772086413734
48.33,539.600568702599
48.34,539.752157287428
48.35,539.735757914717
48.36,539.721376904359
48.37,539.482525225249
48.38,539.578290653018
48.39,539.575137307176
48.4,539.595207185824
48.41,539.425107635626
48.42,539.752911816167
48.43,539.763838336725
48.44,539.504015462912
48.45,539.679032134962
48.46,539.654059675204
48.47,539.362645441358
48.48,539.649761068622
48.49,539.646528684036
48.5,539.752913245307
48.51,539.71119843325
48.52,539.744598176838
48.53,539.690133796402
48.54,539.809428447717
48.55,539.890671248147
48.56,540.035996512691
48.57,540.109315797245
48.58,540.128098635627
48.59,540.191804562325
48.6,540.238849578061
48.61,540.236943377931
48.62,540.140705988206
48.63,540.177075370419
48.64,540.140795892823
48.65,540.109436115293
48.66,540.166976810001
48.67,540.156951359694
48.68,540.129374782583
48.69,540.142016626544
48.7,540.179651856659
48.71,540.081925997036
48.72,540.184293089289
48.73,540.193252206486
48.74,540.164871789903
48.75,540.173883666903
48.76,540.192893578244
48.77,540.204613786526
48.78,540.059119880785
48.79,540.175453562299
48.8,540.111559107278
48.81,540.169467199872
48.82,540.174553445702
48.83,540.082891875736
48.84,540.131259991339
48.85,540.212975335988
48.86,540.087425259601
48.87,540.096978359933
48.88,540.171062925363
48.89,540.126474544014
48.9,540.137740555571
48.91,540.20143052671
48.92,540.150563815434
48.93,540.193570790902
48.94,540.10129883274
48.95,540.17370988183
48.96,540.183691439022
48.97,540.182626271273
48.98,540.215893630919
48.99,540.144460981799
49,540.199775233047
49.01,540.144729315469
49.02,540.164391886466
49.03,540.142110485231
49.04,540.207637790688
49.05,540.165643689296
49.06,540.196323551051
49.07,540.079560531872
49.08,540.036066361203
49.09,540.227987626277
49.1,540.178614594721
49.11,540.160671875824
49.12,540.128587157225
49.13,540.189970665748
49.14,540.110592513931
49.15,540.206384061711
49.16,540.175308888493
49.17,540.188725262611
49.18,540.185604892978
49.19,540.11761626767
49.2,540.130392686808
49.21,540.207993659072
49.22,540.172675505008
49.23,540.131418749507
49.24,540.167851035528
49.25,540.03111766724
49.26,540.132500857933
49.27,540.102124356261
49.28,540.154250360295
49.29,540.181802545602
49.3,540.111816694939
49.31,540.131553709295
49.32,540.155182125882
49.33,540.149272465838
49.34,540.148423842675
49.35,540.089193282211
49.36,540.156861006549
49.37,540.164476031755
49.38,540.190521159015
49.39,540.177340917001
49.4,540.164679529424
49.41,540.13335482018
49.42,540.133063969893
49.43,540.159048762341
49.44,540.195625549334
49.45,540.215827994096
49.46,540.169454099967
49.47,540.12781838616
49.48,540.201728570103
49.49,540.132709488577
49.5,540.174052614363
49.51,540.151464982825
49.52,540.116709505018
49.53,540.145518570139
49.54,540.148627977575
49.55,540.122936900758
49.56,540.125248841311
49.57,540.169840232811
49.58,540.147976993691
49.59,540.186913314168
49.6,540.124507078968
49.61,540.120459786241
49.62,540.129970590374
49.63,540.161093687662
49.64,540.123392591822
49.65,540.161286716445
49.66,540.099017773568
49.67,540.156728792898
49.68,540.110192399154
49.69,540.114589472785
49.7,540.138830524426
49.71,540.0867813165
49.72,540.111245212193
49.73,540.11121380548
49.74,540.179987767963
49.75,540.126162384524
49.76,540.089412190231
49.77,540.157246411084
49.78,540.189899027271
49.79,540.119163307534
49.8,540.174950015483
49.81,540.142967645999
49.82,540.051360135391
49.83,540.152770947771
49.84,540.125195424905
49.85,540.146643619683
49.86,540.157958650514
49.87,540.099297712772
49.88,540.130484129127
49.89,540.113413085962
49.9,540.109589660599
49.91,540.074898689988
49.92,540.092546944103
49.93,540.140873302124
49.94,540.160021455623
49.95,540.16933384816
49.96,540.141543331894
49.97,540.077544294862
49.98,540.137544238173
49.99,540.106391197076
50,540.150163448747
50.01,540.165436531495
50.02,540.111494820993
50.03,540.108663970322
50.04,540.133466313686
50.05,540.170670863918
50.06,540.083939296143
50.07,540.136852536805
50.08,540.145246925157
50.09,540.112123110041
50.1,540.183400888883
50.11,540.145079600363
50.12,540.085458614498
50.13,540.118862665851
50.14,540.086003610387
50.15,540.095791505663
50.16,540.127812877631
50.17,540.057101450647
50.18,540.088173242488
50.19,540.092852544022
50.2,540.086087025504
50.21,540.117125336038
50.22,540.132812638833
50.23,540.133411195155
50.24,540.114767249232
50.25,540.097239228392
50.26,540.091839215051
50.27,540.154783154952
50.28,540.117922170134
50.29,540.05890320196
50.3,540.15242082282
50.31,540.118224976726
50.32,540.059077158091
50.33,540.086589207373
50.34,540.126354805796
50.35,540.121130936993
50.36,540.137006161832
50.37,540.065054796586
50.38,540.121162371316
50.39,540.066603374953
50.4,540.110818395083
50.41,540.127429093856
50.42,540.17691437768
50.43,540.121269980636
50.44,540.108343631824
50.45,540.114919925745
50.46,540.096336094118
50.47,540.06381507774
50.48,540.14333578805
50.49,540.102245973265
50.5,540.059912252044
50.51,540.147359731332
50.52,540.140130018142
50.53,540.099648469838
50.54,540.073719385515
50.55,540.07772933268
50.56,540.122621538765
50.57,540.146647854705
50.58,540.109521844754
50.59,540.147133552706
50.6,540.093165933852
50.61,540.09675232702
50.62,540.154133792132
50.63,540.159667257134
50.64,540.132848189721
50.65,540.130562377904
50.66,540.170910468792
50.67,540.117153958676
50.68,540.107115857361
50.69,540.067049684357
50.7,540.099899208517
50.71,540.105099450136
50.72,540.111767200376
50.73,540.095096504668
50.74,540.106517974884
50.75,540.048840552761
50.76,540.074994669714
50.77,540.076155395645
50.78,540.113478433906
50.79,540.030521620946
50.8,540.037418401895
50.81,540.068505281562
50.82,540.021540792931
50.83,540.047550859606
50.84,540.049700418433
50.85,540.043181736052
50.86,540.016058372318
50.87,540.071589948746
50.88,539.995320313548
50.89,540.08173687849
50.9,540.021656998918
50.91,540.033059130936
50.92,540.057986102541
50.93,540.016797635457
50.94,540.043905782368
50.95,540.033758368305
50.96,540.040049056283
50.97,540.007707519825
50.98,540.042204205006
50.99,540.069140362123
51,540.038682711649
51.01,539.991548912337
51.02,540.054230991823
51.03,540.064448072833
51.04,540.064049994573
51.05,539.999571286157
51.06,540.089579153244
51.07,540.024216945476
51.08,540.06527536203
51.09,540.092935922083
51.1,540.070971838404
51.11,540.097324702867
51.12,540.035409698903
51.13,540.061621446279
51.14,540.075891218317
51.15,540.03452897577
51.16,540.152065251465
51.17,540.087852743411
51.18,540.059254789356
51.19,540.142610596057
51.2,540.120963076231
51.21,540.129908293288
51.22,540.099716934365
51.23,540.066620569014
51.24,540.156351799757
51.25,540.130102638189
51.26,540.105005320735
51.27,540.140379058451
51.28,540.076314528524
51.29,540.08724184092
51.3,540.038470980262
51.31,540.09020502487
51.32,540.029859434775
51.33,540.094433983751
51.34,540.049515487376
51.35,540.05156096041
51.36,540.102470765243
51.37,540.067325470794
51.38,540.093676917206
51.39,540.08554904977
51.4,540.083807118561
51.41,540.085203292551
51.42,540.018470352383
51.43,539.971288496094
51.44,539.983741746574
51.45,540.062123697756
51.46,540.055977093564
51.47,540.033128661765
51.48,539.999689726104
51.49,539.944797685027
51.5,539.964933436264
51.51,539.979856578207
51.52,540.033649618625
51.53,539.981866735424
51.54,539.976402553663
51.55,539.964860549713
51.56,540.028633399414
51.57,540.017978855971
51.58,540.028851066175
51.59,540.002624926586
51.6,539.920680448222
51.61,539.980089119868
51.62,540.00650135194
51.63,540.024075312631
51.64,540.047833478918
51.65,539.962801487364
51.66,539.943152092125
51.67,539.923953100957
51.68,539.939573578867
51.69,539.978561373763
51.7,540.056962127573
51.71,540.008023252391
51.72,539.972120493313
51.73,539.945858287646
51.74,539.941916310592
51.75,539.937136648335
51.76,539.958609617246
51.77,539.985319292414
51.78,540.000473923659
51.79,540.010775233576
51.8,540.013639725591
51.81,540.030750906344
51.82,539.963033586291
51.83,539.941350551392
51.84,539.982276322797
51.85,539.932431289656
51.86,540.003405291035
51.87,540.011828969617
51.88,540.012479828733
51.89,539.998600027667
51.9,539.961503621231
51.91,540.007934929599
51.92,539.984712666423
51.93,540.028183288578
51.94,539.972189057595
51.95,539.993340149441
51.96,539.978753811295
51.97,539.997669870692
51.98,539.961014185668
51.99,539.931312217183
52,539.96093107547
52.01,539.968104604108
52.02,539.960515007616
52.03,539.914544519264
52.04,539.938894301368
52.05,539.959896434522
52.06,539.959113913345
52.07,539.986283001067
52.08,539.969944571961
52.09,539.999844779376
52.1,539.962008832951
52.11,539.965869177366
52.12,539.973715873158
52.13,539.956357023639
52.14,539.992235297516
52.15,539.963125905731
52.16,539.967519193998
52.17,539.99556598334
52.18,539.991093611285
52.19,539.92043573007
52.2,539.963715586191
52.21,539.979103422009
52.22,539.976668193097
52.23,539.978243262666
52.24,539.973474204369
52.25,539.984106130834
52.26,540.011995070975
52.27,540.03659267286
52.28,540.00441516041
52.29,540.002969529734
52.3,540.018128270106
52.31,539.996691035153
52.32,539.962502352435
52.33,539.966797685298
52.34,539.987490551029
52.35,539.947639390213
52.36,540.005236287215
52.37,539.967597350364
52.38,539.989802969449
52.39,540.03716899246
52.4,539.996360209407
52.41,540.039688860371
52.42,540.073629667955
52.43,540.012043718359
52.44,540.07769257119
52.45,540.066862680261
52.46,540.031314153294
52.47,540.047025918825
52.48,540.064331478858
52.49,540.004668339563
52.5,540.002997356381
52.51,540.057599377671
52.52,540.033512995385
52.53,540.086850682059
52.54,540.054032853227
52.55,540.061035697756
52.56,540.062731892432
52.57,540.055399844829
52.58,540.118183656786
52.59,540.122275746056
52.6,540.132504517106
52.61,540.105654785605
52.62,540.059045168016
52.63,540.074021261103
52.64,540.105358956248
52.65,540.100465451999
52.66,540.139301133074
52.67,540.08193718558
52.68,540.070282304248
52.69,540.095491596272
52.7,540.164952797771
52.71,540.038696827947
52.72,540.114047802386
52.73,540.128056797436
52.74,540.018515082466
52.75,540.095997736492
52.76,540.125850548019
52.77,540.067524582174
52.78,540.12076851561
52.79,540.050196048347
52.8,540.141383754123
52.81,540.025658077017
52.82,540.077609720043
52.83,540.056988223502
52.84,540.098169488013
52.85,540.041625706671
52.86,540.041881221747
52.87,540.021122412888
52.88,540.100899242233
52.89,540.018515806741
52.9,540.085630089658
52.91,539.997900885406
52.92,540.101838946011
52.93,540.072484911431
52.94,540.018022941041
52.95,540.032999163684
52.96,539.983728939902
52.97,540.059622563638
52.98,539.98172241325
52.99,540.00921508357
53,540.039537180633
53.01,539.990557471791
53.02,540.023971457668
53.03,539.997450665181
53.04,539.960615049729
53.05,540.049510558735
53.06,539.999865996504
53.07,539.973349978557
53.08,539.995089126976
53.09,539.948936850929
53.1,540.051094575359
53.11,540.021662153632
53.12,539.961571485399
53.13,540.027581735986
53.14,539.995806074333
53.15,539.993980180155
53.16,540.023052614594
53.17,539.976874037313
53.18,540.031346940599
53.19,539.99809022655
53.2,539.990725028288
53.21,540.028507227658
53.22,539.976318642873
53.23,540.050229261586
53.24,540.012053288951
53.25,539.982363028579
53.26,540.026346718291
53.27,539.986628271743
53.28,540.033020976561
53.29,539.983766387829
53.3,539.997831084439
53.31,540.040149822908
53.32,539.999846740161
53.33,540.056808166514
53.34,539.991357957995
53.35,539.969806277583
53.36,540.044960859418
53.37,540.000869524649
53.38,539.970563777029
53.39,540.02232652661
53.4,539.969319938408
53.41,540.045932815911
53.42,539.972859305725
53.43,539.972229014225
53.44,539.983364075595
53.45,539.923994157219
53.46,539.993962906085
53.47,539.964663372162
53.48,539.964198483246
53.49,539.969880564031
53.5,539.883217124799
53.51,539.933465625873
53.52,539.882993106422
53.53,539.957870295899
53.54,539.923348239478
53.55,539.947494167247
53.56,539.939118482057
53.57,539.935865433771
53.58,539.866753985064
53.59,539.949604969005
53.6,539.923892754769
53.61,539.890398932713
53.62,539.941813312805
53.63,539.890636911405
53.64,539.896992562555
53.65,539.988576783406
53.66,539.846775116012
53.67,539.88814027543
53.68,539.976251654578
53.69,539.848483505949
53.7,539.891684115973
53.71,539.925150558439
53.72,539.982958429141
53.73,539.870981621215
53.74,539.94579981188
53.75,539.92651531233
53.76,539.950692001532
53.77,539.982490341866
53.78,539.940417624883
53.79,539.937957401334
53.8,539.94217579632
53.81,539.971444098578
53.82,539.984137786649
53.83,539.958029467092
53.84,539.957744557926
53.85,539.996215780702
53.86,539.946360403587
53.87,539.924091735855
53.88,539.943693258418
53.89,539.944319675382
53.9,539.847372710818
53.91,539.921443417914
53.92,539.902989039702
53.93,539.914080228695
53.94,539.942004961799
53.95,539.900957434816
53.96,539.924783895669
53.97,539.893184322571
53.98,539.891343289264
53.99,539.845305430003
54,539.845381222285
54.01,539.946653925219
54.02,539.937432971488
54.03,539.870454740191
54.04,539.855551288681
54.05,539.858334735079
54.06,539.897654339925
54.07,539.849917973178
54.08,539.891402382108
54.09,539.91420867235
54.1,539.933481108754
54.11,539.849627611383
54.12,539.855585076956
54.13,539.90517708382
54.14,539.869546374047
54.15,539.840237557614
54.16,539.79348601331
54.17,539.860677112473
54.18,539.883488758439
54.19,539.833730287735
54.2,539.858710573066
54.21,539.894621538776
54.22,539.852827007566
54.23,539.867044262827
54.24,539.862517719289
54.25,539.855830187544
54.26,539.832200243108
54.27,539.830335390433
54.28,539.866362714327
54.29,539.840502522389
54.3,539.871194231903
54.31,539.871414698176
54.32,539.827183260167
54.33,539.807225208509
54.34,539.846471886491
54.35,539.842675282536
54.36,539.821363220069
54.37,539.846938746213
54.38,539.882654473361
54.39,539.873648782295
54.4,539.894503488007
54.41,539.856407137706
54.42,539.844145285006
54.43,539.874403687339
54.44,539.900922846852
54.45,539.811786145038
54.46,539.848836099007
54.47,539.848323327748
54.48,539.873934144214
54.49,539.874183473936
54.5,539.887857070178
54.51,539.82878419302
54.52,539.929952082886
54.53,539.891209833304
54.54,539.896223106792
54.55,539.818025330932
54.56,539.881088765065
54.57,539.819578208507
54.58,539.868225032066
54.59,539.925730999214
54.6,539.890961865696
54.61,539.852598040284
54.62,539.841683604474
54.63,539.899888524274
54.64,539.85394183176
54.65,539.878287633411
54.66,539.888799209268
54.67,539.847371839265
54.68,539.835927778043
54.69,539.843336974298
54.7,539.878198762437
54.71,539.867865461603
54.72,539.871221446955
54.73,539.844214578883
54.74,539.837186800188
54.75,539.814633204491
54.76,539.806371795382
54.77,539.823124610533
54.78,539.814725301608
54.79,539.803800394929
54.8,539.826429560152
54.81,539.728269254517
54.82,539.79518930786
54.83,539.857062724136
54.84,539.838062168099
54.85,539.82538584846
54.86,539.747705594285
54.87,539.803703469898
54.88,539.803743730723
54.89,539.821777173458
54.9,539.811458068457
54.91,539.779292256618
54.92,539.831944551294
54.93,539.842960626895
54.94,539.668015916774
54.95,539.787929754074
54.96,539.766146693233
54.97,539.784873949723
54.98,539.768110453665
54.99,539.724161737249
55,539.728709001506
55.01,539.790626321975
55.02,539.797523173399
55.03,539.786936245966
55.04,539.683434677536
55.05,539.488919535803
55.06,539.711520880074
55.07,539.671592936855
55.08,539.694441951584
55.09,539.713242062758
55.1,539.725802913625
55.11,539.723525584957
55.12,539.76171958059
55.13,539.772160511912
55.14,539.639992309308
55.15,539.59852639642
55.16,539.806424494649
55.17,539.686210644659
55.18,539.730060259669
55.19,539.81450596295
55.2,539.779978093933
55.21,539.826798192831
55.22,539.505005930631
55.23,539.760146920461
55.24,539.812616614029
55.25,539.742648296698
55.26,539.869251093558
55.27,539.785805289395
55.28,539.813659704575
55.29,539.708513760308
55.3,539.796014586388
55.31,539.911163922111
55.32,539.846298164767
55.33,539.853261551348
55.34,539.818122017425
55.35,539.727488330141
55.36,539.684989084465
55.37,539.762609326613
55.38,539.599658568149
55.39,539.803680528642
55.4,539.874652243053
55.41,539.834346713823
55.42,539.827584841662
55.43,539.827690159659
55.44,539.719029151553
55.45,539.638086721991
55.46,539.677623358841
55.47,539.874288055688
55.48,539.811973462493
55.49,539.768705790898
55.5,539.761667256467
55.51,539.757710271842
55.52,539.741101063729
55.53,539.825083321851
55.54,539.824331982014
55.55,539.843197408597
55.56,539.833373648068
55.57,539.859820136865
55.58,539.639283143513
55.59,539.72547322322
55.6,539.888454551749
55.61,539.618542253154
55.62,539.789511361665
55.63,539.70383827794
55.64,539.781721353276
55.65,539.832687468674
55.66,539.862569748682
55.67,539.80962320283
55.68,539.915613237405
55.69,539.716673390947
55.7,539.829942601825
55.71,539.827534950445
55.72,539.803797998134
55.73,539.77157501029
55.74,539.81178842269
55.75,539.862982477295
55.76,539.919973821569
55.77,539.825671112839
55.78,539.788072235526
55.79,539.895337712258
55.8,539.779597009742
55.81,539.625675768612
55.82,539.865598263452
55.83,539.760833585063
55.84,539.788178978989
55.85,539.884624913163
55.86,539.760583347462
55.87,539.874982653339
55.88,539.752860643633
55.89,539.811871803137
55.9,539.827696377568
55.91,539.65688787134
55.92,539.854274584983
55.93,539.798806399413
55.94,539.772827778457
55.95,539.893605599835
55.96,539.847737277802
55.97,539.713215831097
55.98,539.771629550471
55.99,539.860593294961
56,539.880383626967
56.01,539.827858874818
56.02,539.817886187715
56.03,539.793922566159
56.04,539.946483007447
56.05,539.753112099957
56.06,539.972064064708
56.07,539.890000495632
56.08,539.961346169971
56.09,539.903901530017
56.1,539.912115212009
56.11,539.879333388603
56.12,540.008317552417
56.13,540.024442983235
56.14,539.96527880357
56.15,540.046466382121
56.16,540.030642427037
56.17,540.03097212094
56.18,540.040492680625
56.19,540.128079024482
56.2,540.042718388682
56.21,540.162074682952
56.22,540.167821854417
56.23,540.055443242431
56.24,540.169898708329
56.25,540.123658358855
56.26,540.219308086213
56.27,540.201658428742
56.28,540.135106132679
56.29,540.221811314746
56.3,540.20482521937
56.31,540.088330993664
56.32,540.389390002189
56.33,540.158143594743
56.34,540.1003717634
56.35,540.168877456341
56.36,540.193291257371
56.37,540.212328171678
56.38,540.227604041492
56.39,540.227118165316
56.4,540.231352505635
56.41,540.171049003589
56.42,540.199071725436
56.43,540.101232299614
56.44,540.115198034377
56.45,540.075979939665
56.46,540.234954291426
56.47,540.120304332423
56.48,540.203576001393
56.49,540.146671526815
56.5,540.203946065633
56.51,540.277974730876
56.52,540.154358460904
56.53,540.093622021981
56.54,540.179678752099
56.55,540.218769022162
56.56,540.211849558779
56.57,540.187248112065
56.58,540.148907738411
56.59,540.12061553275
56.6,540.218980625339
56.61,540.083506134104
56.62,540.152174452035
56.63,540.154278573178
56.64,540.169653314877
56.65,540.231441079107
56.66,540.295359607229
56.67,540.11640573696
56.68,540.163939411523
56.69,540.156500288665
56.7,540.076598893971
56.71,540.142680437825
56.72,540.138519518035
56.73,540.177442156154
56.74,540.230262136796
56.75,540.12080674244
56.76,540.145643131618
56.77,540.217357485877
56.78,540.204620439399
56.79,540.13303308195
56.8,540.136898352893
56.81,540.145322452296
56.82,540.135538540081
56.83,540.166441750219
56.84,540.213251998052
56.85,540.152261466769
56.86,540.145438016135
56.87,540.187098021878
56.88,540.054931726644
56.89,540.149908635309
56.9,540.192592598171
56.91,540.10729348335
56.92,540.149827051146
56.93,540.171625698741
56.94,540.192291869537
56.95,540.057436210439
56.96,540.193808717783
56.97,540.215256142117
56.98,540.171304312458
56.99,540.170530905966
57,540.143886754794
57.01,540.157303014932
57.02,540.112445829836
57.03,540.05251372948
57.04,540.193364653983
57.05,540.070306533613
57.06,540.080662769594
57.07,540.181680672326
57.08,540.103862105508
57.09,540.131922019242
57.1,540.185368568489
57.11,540.125265975457
57.12,540.112747328045
57.13,540.153089599387
57.14,540.125945479367
57.15,540.171257008973
57.16,540.07970696085
57.17,540.157858052066
57.18,540.127420962911
57.19,540.0901699599
57.2,540.133871011603
57.21,540.155356034645
57.22,540.181955743013
57.23,540.098400494876
57.24,540.160288975706
57.25,540.098876787186
57.26,540.117347814832
57.27,540.121241247443
57.28,540.152028430529
57.29,540.057196805837
57.3,540.12987080029
57.31,540.170586498585
57.32,540.128569831936
57.33,540.140012381298
57.34,540.092637229626
57.35,540.105029886346
57.36,540.136455679874
57.37,540.120350347442
57.38,540.152693091927
57.39,540.106800709921
57.4,540.120273138869
57.41,540.167171107402
57.42,540.105408691726
57.43,540.1156217506
57.44,540.108329881752
57.45,540.127079632641
57.46,540.0757110248
57.47,540.128489662685
57.48,540.121731983487
57.49,540.168280430587
57.5,540.105720898481
57.51,540.075117573063
57.52,540.113435954715
57.53,540.162203443604
57.54,540.07104099437
57.55,540.117269126115
57.56,540.150271129414
57.57,540.098728300699
57.58,540.107249372359
57.59,540.066382557038
57.6,540.107183306921
57.61,540.125081532736
57.62,540.122012480737
57.63,540.096823724602
57.64,540.073256547041
57.65,540.080317576481
57.66,540.092101815996
57.67,540.073284903306
57.68,540.106678698936
57.69,540.126993271335
57.7,540.125155547913
57.71,540.116408600165
57.72,540.096015320649
57.73,540.054750554707
57.74,540.0622198972
57.75,540.076426104951
57.76,540.086250599279
57.77,540.063189380081
57.78,540.093199468573
57.79,540.061005144017
57.8,540.08167184437
57.81,540.060667605812
57.82,540.05793037331
57.83,540.043673797894
57.84,540.007305335274
57.85,539.990405492554
57.86,540.046005617131
57.87,540.01756309996
57.88,539.993160992174
57.89,539.961681570291
57.9,539.983449524737
57.91,540.022804130052
57.92,539.979834294901
57.93,539.94627661766
57.94,539.986700585977
57.95,539.958046349573
57.96,539.932384539062
57.97,539.997049618205
57.98,539.994143956564
57.99,539.978441047979
58,539.931983372046
58.01,539.916234979657
58.02,539.953703786506
58.03,539.924073206168
58.04,539.953834068901
58.05,539.954683125423
58.06,539.941340530655
58.07,539.818794512637
58.08,539.91486695941
58.09,539.879610792868
58.1,539.942372325178
58.11,539.8489610129
58.12,539.885132269189
58.13,539.779705040477
58.14,539.894352850195
58.15,539.898562432172
58.16,539.909937848155
58.17,539.870836449202
58.18,539.929030062319
58.19,539.912722205221
58.2,539.848412993599
58.21,539.884434298008
58.22,539.939230924788
58.23,539.876370048078
58.24,539.862472498815
58.25,539.855203477729
58.26,539.8514985872
58.27,539.84582358176
58.28,539.887785362164
58.29,539.857291759548
58.3,539.888564229517
58.31,539.914435732657
58.32,539.888704713326
58.33,539.91600657512
58.34,539.922262000106
58.35,539.907924127849
58.36,539.931727227041
58.37,539.954616250915
58.38,539.886815032245
58.39,539.865172612316
58.4,539.970836056782
58.41,539.917711647309
58.42,539.889539526122
58.43,539.89427900865
58.44,539.902496972517
58.45,539.86873959113
58.46,539.896796049609
58.47,539.883322480662
58.48,539.902740411265
58.49,539.924094282548
58.5,539.893204116366
58.51,539.93953025378
58.52,539.888204592219
58.53,539.915003878688
58.54,539.941449529538
58.55,539.929296554567
58.56,539.864192120367
58.57,539.8845448051
58.58,539.860032603819
58.59,539.869908863719
58.6,539.882377726337
58.61,539.838754872344
58.62,539.897497629552
58.63,539.894192715684
58.64,539.835026670999
58.65,539.955716993018
58.66,539.864016287274
58.67,539.935309493067
58.68,539.870804096442
58.69,539.902814415776
58.7,539.894404246249
58.71,539.905441693863
58.72,539.939803406976
58.73,539.914681885368
58.74,539.905077071315
58.75,539.954203798865
58.76,539.904039747343
58.77,539.9510054737
58.78,539.819486381943
58.79,539.912188442529
58.8,539.936745925253
58.81,539.878395149776
58.82,539.866794531583
58.83,539.944218716501
58.84,539.931092715688
58.85,539.977064105969
58.86,539.885153790498
58.87,539.929019946086
58.88,539.94526418411
58.89,539.804558808529
58.9,539.865149900122
58.91,539.982795540267
58.92,539.990083719748
58.93,539.93728348242
58.94,539.956390304787
58.95,540.019666350069
58.96,540.032846242124
58.97,539.962171711991
58.98,540.024817101789
58.99,540.035725316704
59,540.008131862074
59.01,540.064626109046
59.02,540.067974494571
59.03,540.050567049246
59.04,540.066041055061
59.05,540.085744371799
59.06,540.02765298204
59.07,540.044007229055
59.08,540.05726328263
59.09,540.071983702
59.1,540.047105494156
59.11,540.049260410688
59.12,540.062767223952
59.13,540.087719871514
59.14,539.980769792085
59.15,540.059614876607
59.16,540.039076551138
59.17,540.064462304475
59.18,540.097127022404
59.19,540.020773391376
59.2,540.091759203214
59.21,540.083157033695
59.22,540.104675281882
59.23,539.993962486514
59.24,540.063522099037
59.25,540.108821975827
59.26,540.063017558658
59.27,540.089635697242
59.28,540.018824832259
59.29,540.11106952298
59.3,540.069549572955
59.31,540.099032856122
59.32,540.034306659653
59.33,540.027658320256
59.34,540.1050719687
59.35,540.074334244791
59.36,540.034106708256
59.37,540.028445286468
59.38,540.034853215248
59.39,540.050014895532
59.4,540.050685232861
59.41,540.060383934667
59.42,540.0185356343
59.43,540.023953473196
59.44,540.028810647043
59.45,540.092129976317
59.46,540.009330741442
59.47,540.056646003119
59.48,540.049342195145
59.49,540.059250255065
59.5,540.010213104935
59.51,540.011071525808
59.52,540.032697168097
59.53,540.065557129304
59.54,540.033363158454
59.55,540.069971011255
59.56,540.071105055712
59.57,540.049600569534
59.58,540.091346307959
59.59,540.027964108383
59.6,540.043900934779
59.61,540.059588314017
59.62,540.033703025608
59.63,539.988145977777
59.64,539.967916045249
59.65,539.995587290516
59.66,539.965152637446
59.67,539.940042558284
59.68,539.947278668778
59.69,539.850728240991
59.7,539.931017050493
59.71,539.951566651859
59.72,539.971038746522
59.73,539.996919110049
59.74,539.967627304743
59.75,539.935583106664
59.76,539.923289126489
59.77,539.943790751751
59.78,539.884867665023
59.79,539.83762606677
59.8,539.925347196667
59.81,539.932683490736
59.82,539.948402762311
59.83,539.963866069789
59.84,540.006026135705
59.85,539.935080194361
59.86,539.902191887386
59.87,539.95747775607
59.88,540.00620685402
59.89,539.982377715555
59.9,539.974160510935
59.91,539.983249357322
59.92,539.960896944605
59.93,539.952844284302
59.94,539.960616523134
59.95,539.972739489137
59.96,539.993463293442
59.97,540.003734665392
59.98,540.011075249939
59.99,540.021626559737
60,540.043885562218
60.01,539.999594629805
60.02,540.018669505788
60.03,539.966378141571
60.04,540.005593567136
60.05,540.024639616838
60.06,539.973191068752
60.07,540.011211516854
60.08,539.947900666982
60.09,540.009180204765
60.1,540.012758125206
60.11,540.012436731004
60.12,539.990015229278
60.13,539.985344698506
60.14,539.916759798471
60.15,540.012190805967
60.16,539.985328936334
60.17,540.00306542606
60.18,540.025060458411
60.19,540.022744388127
60.2,540.021774487975
60.21,539.968239981792
60.22,540.040503705567
60.23,539.996456324535
60.24,540.079147755042
60.25,540.000152291155
60.26,540.055855936733
60.27,540.104975129632
60.28,540.097599095736
60.29,540.13398980549
60.3,540.129529476059
60.31,540.143292436261
60.32,540.157272854043
60.33,540.13045641775
60.34,540.135654701419
60.35,540.161793743298
60.36,540.063229322638
60.37,540.127891365037
60.38,540.164342174682
60.39,540.115721086984
60.4,540.140099178066
60.41,540.127440149654
60.42,540.123834520892
60.43,540.0670788331
60.44,540.076025915443
60.45,540.144008621004
60.46,540.118049644302
60.47,540.120089813576
60.48,540.081062665636
60.49,540.128901972327
60.5,540.120899701603
60.51,540.11128587805
60.52,540.087857842504
60.53,540.063201713758
60.54,540.079202038658
60.55,540.085660166964
60.56,540.01512375749
60.57,540.104621703592
60.58,540.079031181108
60.59,540.10545051491
60.6,540.09335360298
60.61,540.014822957344
60.62,540.049789986083
60.63,540.05571576917
60.64,540.075382848119
60.65,540.034696885031
60.66,540.070667203839
60.67,540.028249586388
60.68,540.027262178557
60.69,540.076792545902
60.7,539.995309753065
60.71,540.044909783617
60.72,540.020053926519
60.73,540.014121555588
60.74,540.0690714448
60.75,540.019505995331
60.76,539.994630831309
60.77,540.012826367609
60.78,540.04751248465
60.79,540.01316316717
60.8,540.004024335361
60.81,539.99846289544
60.82,539.992107720813
60.83,540.015177182241
60.84,540.027287239223
60.85,540.042363665024
60.86,539.979888009096
60.87,540.03419109665
60.88,539.999879369647
60.89,540.049532472089
60.9,540.047339976783
60.91,539.979108342014
60.92,540.001408807504
60.93,540.046670313718
60.94,540.039355187346
60.95,540.013231386946
60.96,540.027348656945
60.97,539.994493603979
60.98,539.998235930098
60.99,540.042877677636
61,539.985206943521
61.01,540.018730969646
61.02,540.046525222668
61.03,540.043950811028
61.04,540.015617886124
61.05,539.977930068814
61.06,540.019727115448
61.07,540.060272686702
61.08,540.007387240149
61.09,540.053719812671
61.1,540.04858127949
61.11,539.999423524869
61.12,540.01798397541
61.13,540.058414588128
61.14,540.078109338217
61.15,540.045795560633
61.16,540.035899190335
61.17,540.06737729507
61.18,540.035558109963
61.19,540.002466336527
61.2,540.068234761527
61.21,540.001161806804
61.22,540.035870600124
61.23,540.040527448247
61.24,540.04990220687
61.25,540.025416981316
61.26,540.055021430479
61.27,540.03479848652
61.28,539.997699311837
61.29,539.999939137976
61.3,540.019574973993
61.31,539.947429464567
61.32,539.964964890459
61.33,540.036792003713
61.34,539.995687850585
61.35,539.980520492221
61.36,539.927672354139
61.37,539.97058525857
61.38,540.009122077192
61.39,539.949383431921
61.4,540.018404330164
61.41,539.952827481529
61.42,540.0120694891
61.43,539.94968851173
61.44,539.995142243596
61.45,540.017929407955
61.46,539.966831843208
61.47,540.029336932714
61.48,540.023363556937
61.49,540.016509196005
61.5,540.004438720588
61.51,540.039342322173
61.52,540.044204207823
61.53,540.061275946993
61.54,540.054124517043
61.55,540.064473562672
61.56,540.017264532302
61.57,540.018739229993
61.58,540.024362909306
61.59,540.01209827801
61.6,540.01412997639
61.61,539.949293558294
61.62,539.996531235131
61.63,539.949359373477
61.64,539.924930488001
61.65,539.983659437616
61.66,539.980337304594
61.67,539.882079898331
61.68,539.910105291716
61.69,539.921369445266
61.7,539.884015075484
61.71,539.932881135721
61.72,539.938690151002
61.73,539.936412691359
61.74,539.900342264496
61.75,539.859778424822
61.76,539.844827149067
61.77,539.876766139746
61.78,539.893634334372
61.79,539.881778142312
61.8,539.813896826077
61.81,539.904642719186
61.82,539.944257265337
61.83,539.94454571248
61.84,539.802753986977
61.85,539.912367612489
61.86,539.947970131091
61.87,539.926176301054
61.88,539.890419519857
61.89,539.844924892196
61.9,539.947455656365
61.91,539.98865358775
61.92,539.906566584985
61.93,539.919501076993
61.94,539.934594390321
61.95,539.892370966886
61.96,539.86899725629
61.97,539.936657204541
61.98,539.937150008884
61.99,539.880184334406
62,539.829651129326
62.01,539.952709582215
62.02,539.93707140838
62.03,539.944229535379
62.04,539.88344689752
62.05,539.913920649767
62.06,539.953310516046
62.07,539.844233503665
62.08,539.860751102715
62.09,539.882898334986
62.1,539.878098784848
62.11,539.941489136607
62.12,539.832416804263
62.13,539.785502119026
62.14,539.932476705312
62.15,539.929473343313
62.16,539.85098168241
62.17,539.813749432132
62.18,539.887108452358
62.19,539.934805437248
62.2,539.818240866678
62.21,539.921164175752
62.22,539.81959592792
62.23,539.883532046707
62.24,539.852117356897
62.25,539.87485674723
62.26,539.942630778997
62.27,539.86594247528
62.28,539.892134252552
62.29,539.913950932685
62.3,539.905497425568
62.31,539.806000521068
62.32,539.960090951605
62.33,539.917817858796
62.34,539.867853784411
62.35,539.934743129162
62.36,539.837734520763
62.37,539.930421073981
62.38,539.919643400345
62.39,539.983680156754
62.4,539.850918189828
62.41,539.856862594553
62.42,539.754125544531
62.43,539.950323467153
62.44,539.914657333114
62.45,539.970084189176
62.46,539.848369538827
62.47,539.948600803702
62.48,539.815952396666
62.49,539.903866011383
62.5,539.790258767811
62.51,539.942593474396
62.52,539.845921163227
62.53,539.915036359046
62.54,539.845396870223
62.55,539.948298865318
62.56,539.92667389741
62.57,539.709689975415
62.58,539.92416870006
62.59,539.842491092006
62.6,539.92009524294
62.61,539.892878850896
62.62,539.929354301539
62.63,539.878037570303
62.64,539.809701746242
62.65,539.916707886203
62.66,539.891849164179
62.67,539.882126070319
62.68,539.966557960086
62.69,539.946381066216
62.7,539.895639859851
62.71,539.948327913512
62.72,539.872167419888
62.73,539.943930178428
62.74,539.892219604058
62.75,539.905171160239
62.76,539.93528984241
62.77,539.867005722975
62.78,539.885531626745
62.79,539.803641090562
62.8,539.972415956861
62.81,539.907605413717
62.82,539.805983821713
62.83,539.877263223345
62.84,539.843156631281
62.85,539.894580703462
62.86,539.972295578829
62.87,539.830422232666
62.88,539.921153461575
62.89,539.841277995302
62.9,539.78698911351
62.91,539.992559815886
62.92,539.913440463037
62.93,539.918133274254
62.94,539.908765988626
62.95,539.886114708905
62.96,539.859972216721
62.97,539.91519869935
62.98,539.900058203466
62.99,539.923800287537
63,539.991566310007
63.01,539.907844807097
63.02,539.986237781671
63.03,539.941912299398
63.04,540.049428418799
63.05,539.981454477097
63.06,539.952157284559
63.07,540.015861481533
63.08,539.989051944667
63.09,540.0678764895
63.1,539.966530796661
63.11,540.066377364726
63.12,540.07506920367
63.13,540.08958390449
63.14,540.090347696473
63.15,540.037654204597
63.16,540.123176914627
63.17,540.149708999804
63.18,540.339588398399
63.19,540.077187748883
63.2,540.203297084094
63.21,540.181211640561
63.22,540.21014322511
63.23,540.184885459918
63.24,540.099953448614
63.25,540.110243038049
63.26,540.146503190636
63.27,540.223177115295
63.28,540.21473880997
63.29,540.136037785927
63.3,540.171822830212
63.31,540.142711308226
63.32,540.187683703936
63.33,540.199138088294
63.34,540.201824916763
63.35,540.200153400688
63.36,540.116480099642
63.37,540.145744903923
63.38,540.176356301295
63.39,540.207901447169
63.4,540.166186651492
63.41,540.184176640579
63.42,540.0490776087
63.43,540.132408343039
63.44,540.141591371213
63.45,540.064713629067
63.46,540.134549190887
63.47,540.063754883742
63.48,540.145454456373
63.49,540.153849903859
63.5,540.12773122396
63.51,540.204917418524
63.52,540.134565647742
63.53,540.171893372847
63.54,540.104304918116
63.55,540.20961136965
63.56,540.196777665057
63.57,540.195603844565
63.58,540.215524584073
63.59,540.15926929015
63.6,540.172771886214
63.61,540.153464516632
63.62,540.113020244521
63.63,540.160366740491
63.64,540.183421029803
63.65,540.122047953833
63.66,540.12270244284
63.67,540.166226681186
63.68,540.185488549722
63.69,540.180393548316
63.7,540.200337370498
63.71,540.147462863566
63.72,540.167795421257
63.73,540.185012237416
63.74,540.058254189364
63.75,540.185864793471
63.76,540.122496035951
63.77,540.102438989198
63.78,540.140198660954
63.79,540.181056575501
63.8,540.183125477319
63.81,540.132246666852
63.82,540.207561327754
63.83,540.19182284946
63.84,540.138158647784
63.85,540.088667862435
63.86,540.141665129001
63.87,540.166911968268
63.88,540.163409755857
63.89,540.149232344992
63.9,540.193444037369
63.91,540.165016158331
63.92,540.195238707306
63.93,540.141814341666
63.94,540.168002361489
63.95,540.111664686708
63.96,540.186774005819
63.97,540.185446915658
63.98,540.161349057434
63.99,540.109220360208
64,540.173937734313
64.01,540.134273899281
64.02,540.151432941309
64.03,540.171955470984
64.04,540.129266154716
64.05,540.138299108132
64.06,540.132353565071
64.07,540.122932913855
64.08,540.126944059805
64.09,540.171518990792
64.1,540.150977556473
64.11,540.105648524165
64.12,540.127426190229
64.13,540.101876520524
64.14,540.146649852997
64.15,540.096924806504
64.16,540.093145268576
64.17,540.130972552806
64.18,540.094259152523
64.19,540.089674443588
64.2,540.18212677699
64.21,540.131691146706
64.22,540.14694708846
64.23,540.150913265932
64.24,540.102275008733
64.25,540.09514529364
64.26,540.15655350405
64.27,540.091605544178
64.28,540.144099430584
64.29,540.105253528044
64.3,540.172865565308
64.31,540.13803784476
64.32,540.16699011867
64.33,540.116096423505
64.34,540.153402284647
64.35,540.111145192339
64.36,540.084627514024
64.37,540.090161702091
64.38,540.128818464483
64.39,540.141703554694
64.4,540.12265703383
64.41,540.116960581962
64.42,540.083343535107
64.43,540.09783631536
64.44,540.083995362482
64.45,540.130447555575
64.46,540.121463573961
64.47,540.116826154408
64.48,540.140864455311
64.49,540.138360108155
64.5,540.100184296256
64.51,540.124789228964
64.52,540.114784217509
64.53,540.048789141013
64.54,540.13792253005
64.55,540.093772759125
64.56,540.046678087579
64.57,540.094468710825
64.58,540.102589245951
64.59,540.116055959711
64.6,540.083943721665
64.61,540.142396981936
64.62,540.125030813232
64.63,540.09805632953
64.64,540.114350495842
64.65,540.043594790634
64.66,540.091018060779
64.67,540.137397639956
64.68,540.10558043843
64.69,540.12978279126
64.7,540.135307760231
64.71,540.120218610536
64.72,540.078536907534
64.73,540.114117301745
64.74,540.103360425984
64.75,540.091084846163
64.76,540.13441594938
64.77,540.086589792771
64.78,540.11497485788
64.79,540.115282164821
64.8,540.165336087805
64.81,540.121937245226
64.82,540.148921607461
64.83,540.121022860329
64.84,540.107902530847
64.85,540.113528539232
64.86,540.106157146692
64.87,540.100937264024
64.88,540.156604110489
64.89,540.167694448114
64.9,540.146543102717
64.91,540.064775972949
64.92,540.110748051799
64.93,540.101645730285
64.94,540.119666371099
64.95,540.084408997477
64.96,540.052788572463
64.97,540.158231608092
64.98,540.057596719466
64.99,540.123527574178
65,540.106478879638
65.01,540.134612955276
65.02,540.035261005661
65.03,540.119519884706
65.04,540.078942813312
65.05,540.096403637554
65.06,540.129026099663
65.07,540.066022311279
65.08,540.095092429337
65.09,540.127968585308
65.1,540.066301228642
65.11,540.15906257788
65.12,540.048861836232
65.13,540.057306190414
65.14,540.084995876651
65.15,540.125545996808
65.16,540.144286010191
65.17,540.012887930602
65.18,540.119382543535
65.19,540.135877384187
65.2,540.142386019088
65.21,540.12651353253
65.22,540.067334421565
65.23,540.093090809495
65.24,540.060211067232
65.25,540.020102410128
65.26,540.116437458394
65.27,540.072291389776
65.28,540.075871460357
65.29,540.132235263597
65.3,540.108468647519
65.31,540.063780888711
65.32,540.126102953897
65.33,540.088673918709
65.34,540.104839453173
65.35,540.014720523056
65.36,540.034138415834
65.37,540.020539411821
65.38,539.994657167685
65.39,540.022194096085
65.4,540.046641542176
65.41,540.034455102031
65.42,540.100890067434
65.43,540.074687696992
65.44,540.099392084898
65.45,540.063509119262
65.46,540.065118205668
65.47,540.079316210808
65.48,540.119161356005
65.49,540.090248924522
65.5,540.032066768393
65.51,540.057408911316
65.52,540.11488327539
65.53,540.119161917032
65.54,540.084799067889
65.55,540.100302959798
65.56,540.089890789425
65.57,540.021244085831
65.58,540.071208765859
65.59,540.077689624314
65.6,540.050346831927
65.61,540.086766937176
65.62,540.103128712329
65.63,540.010162673703
65.64,540.07865684285
65.65,540.044399899774
65.66,540.039736873468
65.67,540.004317591535
65.68,540.035464960928
65.69,540.067082333582
65.7,540.028934181184
65.71,540.057642064083
65.72,540.076445601761
65.73,540.084880023962
65.74,540.002664367263
65.75,540.063727931611
65.76,540.007137450943
65.77,539.997265910119
65.78,540.017289069924
65.79,540.00444499446
65.8,540.043710448487
65.81,539.982386508326
65.82,540.083559336239
65.83,540.047546213906
65.84,540.051276598413
65.85,540.012769965516
65.86,540.001830363252
65.87,540.027270292793
65.88,540.038681286102
65.89,540.079329980721
65.9,540.004634233046
65.91,540.011714264089
65.92,540.039428994155
65.93,539.993561887686
65.94,540.032015119582
65.95,540.012293269043
65.96,540.016024571002
65.97,540.064400862858
65.98,540.002506965647
65.99,539.988321101265
66,540.024751426948
66.01,540.031512432337
66.02,540.003995461726
66.03,540.041825733825
66.04,540.025541445852
66.05,539.988288383628
66.06,540.004524394531
66.07,539.986598464029
66.08,539.95002681765
66.09,540.061242368942
66.1,540.022177641545
66.11,539.998146088093
66.12,540.058725757997
66.13,540.042245737934
66.14,539.960575283919
66.15,540.000938866546
66.16,540.027361705566
66.17,540.026489366548
66.18,539.976225329805
66.19,539.996923688401
66.2,540.041753958451
66.21,539.993831731104
66.22,540.022226769554
66.23,540.052510722973
66.24,540.012850265982
66.25,539.992750564321
66.26,540.021436035297
66.27,539.987142287501
66.28,539.969028715811
66.29,540.0526767314
66.3,540.004210148563
66.31,539.979784545066
66.32,540.038464294922
66.33,540.002391664579
66.34,539.995658688591
66.35,539.976463587471
66.36,540.027896860383
66.37,540.039483255076
66.38,539.971694369331
66.39,539.9879341985
66.4,540.052424977484
66.41,540.030340998092
66.42,539.998507280018
66.43,540.045922996313
66.44,540.01033179441
66.45,539.960553198871
66.46,539.974583042948
66.47,540.031681664108
66.48,540.013376451098
66.49,539.978381319034
66.5,539.985724783758
66.51,540.040318793674
66.52,540.015858747188
66.53,539.995247267648
66.54,540.01310589716
66.55,540.044122585339
66.56,540.025245794276
66.57,540.000896224074
66.58,540.002668902547
66.59,540.075740476602
66.6,540.059405177114
66.61,540.058654471694
66.62,539.972351016293
66.63,540.037146714778
66.64,540.086894011811
66.65,540.070524522812
66.66,540.060681117289
66.67,539.996183004399
66.68,540.004667959745
66.69,540.065014022182
66.7,540.005756662559
66.71,540.040530029713
66.72,540.036986444451
66.73,540.010255905949
66.74,540.029553298171
66.75,540.076255897505
66.76,540.033570456143
66.77,539.992918922268
66.78,540.036731218843
66.79,540.017182618037
66.8,539.992668114473
66.81,539.997703317879
66.82,540.061446904138
66.83,540.018163349779
66.84,540.021149532852
66.85,540.044632592426
66.86,539.996201142715
66.87,540.006817676316
66.88,539.984188382178
66.89,539.994444902291
66.9,540.012991546066
66.91,540.012395539155
66.92,540.060435039837
66.93,540.023720833819
66.94,540.011033013414
66.95,539.979672070325
66.96,540.019660594284
66.97,539.980609501455
66.98,539.952705491639
66.99,540.019917354468
67,540.002344655097
67.01,539.994627111052
67.02,540.03423613173
67.03,540.023935883988
67.04,539.992283077632
67.05,540.033185440837
67.06,540.074758679299
67.07,540.004738531835
67.08,540.006184702989
67.09,540.06926525382
67.1,540.057511442848
67.11,540.01970281146
67.12,540.00963880955
67.13,540.018299898547
67.14,539.95593562662
67.15,539.994512441704
67.16,540.006377922981
67.17,539.932987914415
67.18,539.970969568111
67.19,539.96639516236
67.2,539.962147555978
67.21,539.98936592052
67.22,539.992660083061
67.23,540.018578583458
67.24,540.01769199142
67.25,540.058752738208
67.26,540.009632898591
67.27,540.052196393343
67.28,540.025843359517
67.29,540.021583797447
67.3,540.005165327571
67.31,539.987870082397
67.32,539.992441068375
67.33,539.996883939987
67.34,539.981159348751
67.35,540.013456740671
67.36,540.084609122945
67.37,540.027164606092
67.38,540.033652850443
67.39,540.037796493974
67.4,540.073120057763
67.41,540.050139313218
67.42,540.018537856254
67.43,540.040399074608
67.44,540.036117073084
67.45,540.017761991473
67.46,540.016374340964
67.47,540.056344259112
67.48,540.014747611051
67.49,540.056486760145
67.5,539.998450253521
67.51,539.995456899764
67.52,540.044467954971
67.53,540.018540060259
67.54,540.031665529463
67.55,540.04942927021
67.56,540.031612279479
67.57,540.029000413932
67.58,540.036695795646
67.59,540.045522724866
67.6,540.056309567755
67.61,540.035571369313
67.62,540.048866022502
67.63,540.077362622032
67.64,540.047058853768
67.65,540.02456241715
67.66,540.053061266831
67.67,540.09227967933
67.68,539.995550269569
67.69,540.039779608559
67.7,539.96379329757
67.71,539.964018601771
67.72,539.997163726464
67.73,540.047799659776
67.74,540.004144537007
67.75,540.00531481267
67.76,540.040471976789
67.77,540.049852836007
67.78,540.065776244725
67.79,540.078703355725
67.8,540.034440495197
67.81,539.94092864277
67.82,539.970165611619
67.83,540.036987222672
67.84,540.029503809138
67.85,540.059010291136
67.86,540.045360142409
67.87,540.041385925999
67.88,540.080934009169
67.89,540.027111201769
67.9,539.960617215684
67.91,539.97656409566
67.92,540.066050605438
67.93,539.997752084584
67.94,540.056169989372
67.95,540.09719126854
67.96,539.986526286423
67.97,539.954676260778
67.98,540.020552064458
67.99,540.004004155292
68,540.066691224715
68.01,540.074090279847
68.02,539.986977725378
68.03,540.006882975665
68.04,540.01490407489
68.05,540.012402641533
68.06,540.059092324095
68.07,539.994250676741
68.08,540.000816310316
68.09,540.069065035149
68.1,540.031848712045
68.11,540.063331754365
68.12,540.000015694039
68.13,540.056242238788
68.14,540.032762340425
68.15,540.078704987426
68.16,540.031643874398
68.17,539.997809152023
68.18,540.04161859832
68.19,540.049537484122
68.2,539.964540966942
68.21,540.0683919262
68.22,540.101311989005
68.23,540.008996388843
68.24,540.032351384954
68.25,540.173500645556
68.26,540.058512987553
68.27,540.055884189387
68.28,540.123933071077
68.29,540.055968127821
68.3,540.148328670861
68.31,540.061929944735
68.32,540.128182095308
68.33,540.048305554422
68.34,540.162852779759
68.35,540.039129568204
68.36,540.102997956174
68.37,540.035165173183
68.38,540.09769689739
68.39,540.061705144338
68.4,540.137623329289
68.41,540.146246635531
68.42,540.049522937762
68.43,540.041846250886
68.44,540.118420903994
68.45,540.062946034189
68.46,540.06086008577
68.47,540.130302521464
68.48,540.138173204425
68.49,540.048958321834
68.5,540.03601066477
68.51,540.128748634803
68.52,540.109485552652
68.53,540.150237711967
68.54,540.138587573005
68.55,540.130235648014
68.56,540.067000250333
68.57,540.048029260231
68.58,540.046518126742
68.59,540.09067353487
68.6,540.054458686274
68.61,540.055969853875
68.62,540.068294312945
68.63,540.068605892746
68.64,540.043093337119
68.65,540.038676291701
68.66,540.121082309693
68.67,540.07246939492
68.68,540.132716073408
68.69,540.145199827535
68.7,540.050739885464
68.71,540.044307760033
68.72,540.110947064232
68.73,540.094525524693
68.74,540.130823515828
68.75,540.080242950898
68.76,540.063670736311
68.77,540.13199785027
68.78,540.036413217139
68.79,540.050606262969
68.8,540.13059039092
68.81,540.069185845843
68.82,540.091581691745
68.83,540.066641596873
68.84,540.017292009217
68.85,540.116692181861
68.86,540.069017502037
68.87,540.13289470652
68.88,540.038805760362
68.89,540.16262022205
68.9,540.075687591232
68.91,540.11999277417
68.92,540.063674661113
68.93,540.103905869215
68.94,540.083006787837
68.95,540.041634339811
68.96,540.1048779493
68.97,540.070063965553
68.98,540.031014900744
68.99,540.090568585028
69,540.09204994468
69.01,540.057799328576
69.02,540.067689797947
69.03,540.164664328999
69.04,540.103974707441
69.05,540.038453819778
69.06,540.069499536523
69.07,540.083339562888
69.08,540.11992001401
69.09,540.13623326219
69.1,540.091644574824
69.11,540.047549759156
69.12,540.0743328609
69.13,540.045798502996
69.14,540.083719953402
69.15,540.036380669885
69.16,540.065026486935
69.17,540.049157212822
69.18,540.057201489027
69.19,540.070763927916
69.2,540.054867173002
69.21,540.007442945693
69.22,540.052397502447
69.23,540.106291832254
69.24,540.144715814815
69.25,540.157503997947
69.26,540.124275238368
69.27,540.045872346492
69.28,539.998941129993
69.29,540.087826830233
69.3,540.131530818955
69.31,540.143162606104
69.32,540.028838444147
69.33,540.127505815601
69.34,540.104610618051
69.35,540.06153572275
69.36,540.000266450773
69.37,540.071505285704
69.38,540.06282656701
69.39,540.067884772369
69.4,540.132511868394
69.41,540.072136124096
69.42,540.118142317451
69.43,540.096989175296
69.44,540.043960218693
69.45,540.040620554885
69.46,540.044416993569
69.47,540.067839492401
69.48,540.070003385199
69.49,540.067391310766
69.5,540.068331716416
69.51,540.027853019513
69.52,540.070320592061
69.53,540.01682993656
69.54,540.106755310543
69.55,540.060581187956
69.56,540.072832652938
69.57,540.100679099553
69.58,540.036821033309
69.59,540.088710745087
69.6,540.078015098156
69.61,540.015781571519
69.62,540.045037135026
69.63,540.003161921319
69.64,540.073608112452
69.65,540.015389980526
69.66,539.950923398242
69.67,540.036695149617
69.68,540.064528806728
69.69,540.049754481373
69.7,540.058310605689
69.71,539.95402709594
69.72,539.987570201444
69.73,540.027207285633
69.74,539.948911175726
69.75,539.956340474511
69.76,539.991471512728
69.77,539.997289641419
69.78,539.951018074946
69.79,539.938007893872
69.8,539.961024478414
69.81,540.015825264921
69.82,540.002578947889
69.83,539.91566266494
69.84,539.945851429325
69.85,540.021567045009
69.86,539.999782474528
69.87,539.949137763959
69.88,540.046677289986
69.89,539.926692746731
69.9,539.956607957642
69.91,540.006039527961
69.92,539.939353347362
69.93,540.033401588678
69.94,539.971858755297
69.95,539.92553085106
69.96,539.983058247134
69.97,539.978358215386
69.98,539.970244765873
69.99,539.953327709051
70,539.98228145831
70.01,539.901848697366
70.02,540.033005441908
70.03,539.937121300181
70.04,539.964853804504
70.05,539.978709753004
70.06,539.925931351231
70.07,540.028608485445
70.08,539.946393237931
70.09,539.995581615911
70.1,539.975428906769
70.11,540.004063638043
70.12,540.060880112653
70.13,539.965366710061
70.14,540.021488116619
70.15,539.990683393997
70.16,540.098366792658
70.17,540.019858799226
70.18,540.035936191918
70.19,540.038764635682
70.2,540.080744773387
70.21,540.050751022005
70.22,540.030412864143
70.23,540.003618917324
70.24,540.050223970076
70.25,539.982706246911
70.26,540.00365635445
70.27,540.041219913711
70.28,540.022647899245
70.29,540.019697623241
70.3,540.00933033303
70.31,540.018251835851
70.32,540.051220971431
70.33,540.021195097371
70.34,539.992523994488
70.35,540.024146145101
70.36,540.100003682508
70.37,539.994826465707
70.38,540.099561920743
70.39,540.044243544887
70.4,539.98770992271
70.41,539.992491348423
70.42,540.024666652513
70.43,539.960315310879
70.44,539.970275988319
70.45,540.043480219358
70.46,540.071708895555
70.47,539.960082522484
70.48,539.979382197907
70.49,540.06960567418
70.5,540.04692947083
70.51,540.006994897639
70.52,540.026469019641
70.53,540.063587664426
70.54,540.086541212304
70.55,540.018169504322
70.56,540.017803547551
70.57,540.014697473601
70.58,540.037416162218
70.59,539.975115796751
70.6,539.964437547066
70.61,540.094841210003
70.62,540.025371474411
70.63,540.018818813105
70.64,540.010286761185
70.65,539.999671522235
70.66,540.005878259779
70.67,540.032232957541
70.68,540.009799995635
70.69,539.976752058634
70.7,539.93687626463
70.71,540.015783233418
70.72,540.04875897723
70.73,540.041061103142
70.74,540.0056139334
70.75,539.943316689395
70.76,539.967931327965
70.77,540.047322346647
70.78,540.009870568265
70.79,540.022514640106
70.8,539.982867169408
70.81,539.994751405486
70.82,540.015230656564
70.83,540.035385291624
70.84,540.089362951489
70.85,539.968013915418
70.86,540.00052798355
70.87,540.014358229859
70.88,540.056499498651
70.89,540.032855739617
70.9,539.993544577743
70.91,539.942716304305
70.92,539.985815969291
70.93,539.990441659434
70.94,540.098234099724
70.95,540.055479416861
70.96,540.068061224316
70.97,540.053458958694
70.98,539.977675051291
70.99,539.987025757339
71,539.997222189646
71.01,540.041169279838
71.02,540.038579040656
71.03,540.079168517962
71.04,540.013274762901
71.05,540.012775908672
71.06,540.075051363203
71.07,540.029837688263
71.08,540.004047313141
71.09,540.024766747564
71.1,540.03644276616
71.11,539.993471017554
71.12,540.02596550461
71.13,540.044201841451
71.14,539.994210690158
71.15,539.971164431713
71.16,540.034318704361
71.17,540.011860349594
71.18,539.985017416104
71.19,540.017147874831
71.2,540.007042907381
71.21,540.018137971185
71.22,539.995865683883
71.23,540.045993740561
71.24,540.074653630784
71.25,540.040182350086
71.26,540.056703987255
71.27,540.036706222763
71.28,540.001756088881
71.29,539.991510647597
71.3,539.990064900352
71.31,539.979657882665
71.32,539.935930647397
71.33,539.933709377116
71.34,540.010653909969
71.35,540.001137028773
71.36,539.98482686032
71.37,539.969687473906
71.38,540.020976177612
71.39,540.025738107382
71.4,540.003065473014
71.41,539.986720747469
71.42,539.93127527475
71.43,540.043260499096
71.44,539.953042291321
71.45,539.963742985044
71.46,539.927968331255
71.47,539.937349325718
71.48,539.928207576371
71.49,539.892823433713
71.5,539.924931110145
71.51,539.944279440715
71.52,539.926872935997
71.53,539.92924531963
71.54,540.012351164081
71.55,539.936887691329
71.56,539.948436924426
71.57,539.97531409847
71.58,539.942814873862
71.59,539.904107805801
71.6,539.960827173005
71.61,539.925693580258
71.62,539.9103948086
71.63,539.952375527227
71.64,539.952440484057
71.65,540.009639932638
71.66,539.969033445683
71.67,540.01786349454
71.68,539.992424074176
71.69,539.947669000357
71.7,539.929606044007
71.71,539.928742359002
71.72,539.916092681886
71.73,539.956452585234
71.74,539.98549946936
71.75,539.994662927796
71.76,540.012874169478
71.77,540.007193314268
71.78,540.003821132212
71.79,539.929316579134
71.8,539.966957604068
71.81,539.998756684327
71.82,540.022594280366
71.83,540.030424586571
71.84,539.981890830323
71.85,539.979604890172
71.86,539.963149889075
71.87,540.062733675168
71.88,540.011254743355
71.89,540.026186054354
71.9,540.044305074322
71.91,539.985678179554
71.92,539.972783439239
71.93,539.974377250348
71.94,540.023619293511
71.95,540.067361631134
71.96,539.949299210664
71.97,539.950643558819
71.98,540.013764331244
71.99,539.988774558489
72,539.976519180096
72.01,540.001580142419
72.02,539.98016444175
72.03,539.872766727698
72.04,539.966030581585
72.05,540.002354541019
72.06,539.985464736155
72.07,539.915771448527
72.08,539.914235375604
72.09,539.984573627256
72.1,539.960957340545
72.11,539.869134865161
72.12,539.930994899991
72.13,540.069153529615
72.14,539.935692147715
72.15,539.949327368625
72.16,539.968629284944
72.17,539.884759824943
72.18,539.93417681562
72.19,539.991810204901
72.2,539.871998808028
72.21,539.950795094525
72.22,539.901339333435
72.23,539.947907326372
72.24,539.863037481546
72.25,539.947715940314
72.26,539.907910084975
72.27,539.940504957689
72.28,539.929200893371
72.29,539.952387224344
72.3,539.869043131141
72.31,539.884028795055
72.32,539.940963146928
72.33,539.872658683048
72.34,539.962125657245
72.35,539.947105476472
72.36,539.889029597301
72.37,539.948475215599
72.38,539.94952877104
72.39,539.92158920392
72.4,539.961119110789
72.41,539.908547841106
72.42,539.962236614335
72.43,539.939868945015
72.44,539.877178593679
72.45,539.892172299533
72.46,539.890721844618
72.47,539.875135202213
72.48,539.907032285651
72.49,539.941350983019
72.5,539.937273087872
72.51,539.938309480882
72.52,539.979507197552
72.53,539.917969158178
72.54,539.96639488672
72.55,539.938797350746
72.56,539.947337294155
72.57,539.867688010234
72.58,539.846408590303
72.59,539.86882740367
72.6,539.91968713461
72.61,539.960658332982
72.62,539.950462274841
72.63,539.880534681012
72.64,539.860766152064
72.65,539.927753917447
72.66,539.965200578972
72.67,539.928410371409
72.68,539.899166380299
72.69,539.909847048271
72.7,539.891219297409
72.71,539.918858019354
72.72,539.898779767066
72.73,539.884769213105
72.74,539.871345922268
72.75,539.850786942038
72.76,539.894955171805
72.77,539.820445726265
72.78,539.875864593221
72.79,539.900468525786
72.8,539.864743254717
72.81,539.910034203601
72.82,539.86416812104
72.83,539.798064062762
72.84,539.852129575265
72.85,539.890711941268
72.86,539.772870600363
72.87,539.84114530042
72.88,539.770994582541
72.89,539.810952242958
72.9,539.811376913116
72.91,539.842557553271
72.92,539.82292926235
72.93,539.804769006206
72.94,539.792865308526
72.95,539.800185763687
72.96,539.769015560499
72.97,539.781045538542
72.98,539.872294583667
72.99,539.810325043493
73,539.766312211063
73.01,539.830042542209
73.02,539.86367047739
73.03,539.773110529843
73.04,539.843301115379
73.05,539.800336981794
73.06,539.879544269331
73.07,539.811154390154
73.08,539.873642159907
73.09,539.805159131878
73.1,539.795881771925
73.11,539.871943581768
73.12,539.755791738056
73.13,539.796161184112
73.14,539.853737206953
73.15,539.889251946018
73.16,539.795652536023
73.17,539.787107613511
73.18,539.769398414216
73.19,539.765556340018
73.2,539.805146618257
73.21,539.815660899559
73.22,539.765559450911
73.23,539.753999908379
73.24,539.81510042922
73.25,539.774007109701
73.26,539.83482901694
73.27,539.78051963732
73.28,539.799408779147
73.29,539.741049672021
73.3,539.874038794138
73.31,539.797168144537
73.32,539.842192619423
73.33,539.76765929901
73.34,539.689661830252
73.35,539.817400125556
73.36,539.772692748874
73.37,539.755020353092
73.38,539.829459168856
73.39,539.742357945746
73.4,539.75570859741
73.41,539.755980732879
73.42,539.785433199033
73.43,539.786963728029
73.44,539.831622419921
73.45,539.689441040194
73.46,539.700401116317
73.47,539.68595304838
73.48,539.769001782306
73.49,539.786442664821
73.5,539.744070224726
73.51,539.734675333302
73.52,539.664242629225
73.53,539.739657326715
73.54,539.71457086417
73.55,539.779759960364
73.56,539.73958399285
73.57,539.784564387991
73.58,539.717859655324
73.59,539.733337121273
73.6,539.798529516366
73.61,539.732059177019
73.62,539.755651236371
73.63,539.779453094877
73.64,539.76734665478
73.65,539.799726776104
73.66,539.771198797352
73.67,539.759130562535
73.68,539.775285109036
73.69,539.780427944803
73.7,539.763004543845
73.71,539.790641438822
73.72,539.723122511001
73.73,539.759336455079
73.74,539.802952047607
73.75,539.796575527334
73.76,539.757608598402
73.77,539.766546784979
73.78,539.803616554982
73.79,539.693542330529
73.8,539.777283267634
73.81,539.773616291063
73.82,539.777103442546
73.83,539.828337799788
73.84,539.570092548858
73.85,539.773728553259
73.86,539.754620874223
73.87,539.646261895175
73.88,539.743630568154
73.89,539.669932209307
73.9,539.789899577502
73.91,539.734240896906
73.92,539.726833053263
73.93,539.774651164406
73.94,539.704033719883
73.95,539.739485602958
73.96,539.79419783836
73.97,539.851839145038
73.98,539.85538659458
73.99,539.801371189545
74,539.823691101397
74.01,539.934492126262
74.02,539.960593409966
74.03,539.977027920326
74.04,539.943971011556
74.05,540.016229897312
74.06,540.057764462338
74.07,540.095394019302
74.08,540.156553732505
74.09,540.158059853796
74.1,540.152827810099
74.11,540.132992218131
74.12,540.167784387868
74.13,540.129131190568
74.14,540.169597522088
74.15,540.132011015757
74.16,540.112603969228
74.17,540.096726503394
74.18,540.131807667942
74.19,540.139001703346
74.2,540.11632796183
74.21,540.141891299282
74.22,540.089937532911
74.23,540.160747748531
74.24,540.143700285622
74.25,540.156498201969
74.26,540.14455207897
74.27,540.108356102119
74.28,540.122467064782
74.29,540.083773781364
74.3,540.157859298852
74.31,540.117856897737
74.32,540.118457165868
74.33,540.167736668574
74.34,540.129594015827
74.35,540.116775282351
74.36,540.135880704417
74.37,540.098739353798
74.38,540.107890589183
74.39,540.103770170746
74.4,540.13743634151
74.41,540.156522678067
74.42,540.104893517744
74.43,540.187155179119
74.44,540.131951457695
74.45,540.139055487549
74.46,540.10712060203
74.47,540.121667424018
74.48,540.105119857294
74.49,540.157296619145
74.5,540.150105281264
74.51,540.150402085474
74.52,540.117779698889
74.53,540.163731216314
74.54,540.098468866437
74.55,540.090202978276
74.56,540.157352410038
74.57,540.129996318117
74.58,540.113551310707
74.59,540.166716640111
74.6,540.097510611434
74.61,540.155895797191
74.62,540.127290789163
74.63,540.148537682956
74.64,540.101761687983
74.65,540.105578967172
74.66,540.100887975618
74.67,540.131424249485
74.68,540.126042584619
74.69,540.142097427496
74.7,540.111030575938
74.71,540.108088324662
74.72,540.125449814219
74.73,540.119294348624
74.74,540.141544360583
74.75,540.153533872461
74.76,540.147539364874
74.77,540.11302840177
74.78,540.097684600546
74.79,540.122332938795
74.8,540.101008937922
74.81,540.107830701549
74.82,540.072886107701
74.83,540.103880962477
74.84,540.163407785169
74.85,540.093406407075
74.86,540.126849433551
74.87,540.117863869028
74.88,540.092966116042
74.89,540.111293472193
74.9,540.124981679576
74.91,540.127823947371
74.92,540.074307051606
74.93,540.12274159677
74.94,540.14663203053
74.95,540.108250237589
74.96,540.131489107147
74.97,540.142396681164
74.98,540.088599588727
74.99,540.062488439577
75,540.152266310013
75.01,540.160827315525
75.02,540.083232688876
75.03,540.156795747955
75.04,540.123462152311
75.05,540.115472555608
75.06,540.097406822216
75.07,540.067213021762
75.08,540.121941446979
75.09,540.15716829385
75.1,540.174956455541
75.11,540.153913812818
75.12,540.117905322132
75.13,540.142443925444
75.14,540.086013578228
75.15,540.142602372713
75.16,540.100643753286
75.17,540.078906545562
75.18,540.15701166094
75.19,540.12381757676
75.2,540.144058206517
75.21,540.180252789967
75.22,540.12152621317
75.23,540.075505841865
75.24,540.119065264918
75.25,540.136941484429
75.26,540.115638109015
75.27,540.125054210093
75.28,540.10809349979
75.29,540.090157753439
75.3,540.128079152404
75.31,540.090169832589
75.32,540.124755418932
75.33,540.132968714291
75.34,540.065552039794
75.35,540.074997526139
75.36,540.148195252901
75.37,540.094072299462
75.38,540.128046455691
75.39,540.092189231599
75.4,540.160015598571
75.41,540.126938591613
75.42,540.045843740856
75.43,540.104571618791
75.44,540.110011387525
75.45,540.117824635178
75.46,540.069192825799
75.47,540.161258880179
75.48,540.105555531397
75.49,540.098352580709
75.5,540.08021994604
75.51,540.119255117253
75.52,540.085655359724
75.53,540.076184466815
75.54,540.067533654125
75.55,540.104157908274
75.56,540.093464939543
75.57,540.15454587919
75.58,540.086590447858
75.59,540.097523400236
75.6,540.066904786284
75.61,540.042414178926
75.62,540.072040745109
75.63,540.083291623717
75.64,540.068701434207
75.65,540.046937002497
75.66,540.081082826843
75.67,540.07757768915
75.68,540.041969582723
75.69,540.080690259894
75.7,540.087748593509
75.71,540.098621520899
75.72,540.129811222786
75.73,540.151427025661
75.74,540.141994395011
75.75,540.064477807308
75.76,540.063239517827
75.77,540.128243407012
75.78,540.145494804413
75.79,540.043824766762
75.8,540.110180810914
75.81,540.149512160485
75.82,540.053961206036
75.83,540.06065609004
75.84,540.183239919622
75.85,540.064475988804
75.86,540.109103595513
75.87,540.069951646014
75.88,540.107903726689
75.89,540.123515543405
75.9,540.068905686621
75.91,540.15061880058
75.92,540.064944749367
75.93,540.046978186985
75.94,540.112635091232
75.95,540.083024716398
75.96,540.120145016797
75.97,540.141566884631
75.98,540.053291376491
75.99,540.138613890229
76,540.105883103266
76.01,540.088382228723
76.02,540.152455872795
76.03,540.100848883574
76.04,540.031706995804
76.05,540.058852219232
76.06,540.145332561287
76.07,540.118963073941
76.08,540.096838319312
76.09,540.098535072701
76.1,540.053891884244
76.11,540.022945094091
76.12,540.109465444203
76.13,540.147955590767
76.14,540.066852508599
76.15,540.075380788395
76.16,540.030493248849
76.17,540.068448562693
76.18,540.035171351805
76.19,540.054785073203
76.2,539.982988069321
76.21,540.074142929499
76.22,540.081159413154
76.23,540.114053802667
76.24,540.102094581073
76.25,540.051047369687
76.26,540.094525359103
76.27,540.079690000611
76.28,540.099910779045
76.29,540.071585064885
76.3,540.080646314233
76.31,540.032272606848
76.32,540.05168495402
76.33,540.055305020133
76.34,540.092413391665
76.35,540.135399785573
76.36,540.073520526469
76.37,540.034038071078
76.38,540.111880496966
76.39,540.129493886645
76.4,540.10226960185
76.41,540.018166401097
76.42,540.095795031573
76.43,540.134917870489
76.44,540.040409630858
76.45,540.139197369853
76.46,540.10465253008
76.47,540.060729352056
76.48,540.166211411743
76.49,540.013216279289
76.5,540.157968577147
76.51,540.08693335559
76.52,540.107859057733
76.53,540.025676021166
76.54,540.112590025714
76.55,540.081449457457
76.56,540.09354562192
76.57,540.007917431088
76.58,540.08829656175
76.59,540.084289629829
76.6,540.059426362257
76.61,540.122159994611
76.62,540.085059224915
76.63,540.05871355679
76.64,540.114294259102
76.65,540.097910286884
76.66,540.030744809899
76.67,540.151048327467
76.68,540.08170403154
76.69,540.045385064662
76.7,540.041152612988
76.71,540.038981146992
76.72,540.146507049119
76.73,540.054524055851
76.74,540.062488228774
76.75,540.062962326843
76.76,540.041977614582
76.77,540.068122353389
76.78,540.055529976063
76.79,540.155461624478
76.8,540.146480456314
76.81,540.09119436182
76.82,540.138019384161
76.83,540.10016190248
76.84,540.030386105058
76.85,540.19642363842
76.86,540.117989775488
76.87,540.093848295911
76.88,540.10748631003
76.89,540.11563044078
76.9,540.117917386657
76.91,540.121225358569
76.92,540.107227882859
76.93,540.035103709747
76.94,540.036889691951
76.95,540.065790954411
76.96,540.064005526645
76.97,540.125456681995
76.98,540.137418069743
76.99,540.044847235449
77,540.007379536735
77.01,540.006612616731
77.02,540.072229917002
77.03,540.059700545805
77.04,540.008077185048
77.05,540.028153200704
77.06,540.016498113449
77.07,539.992163259115
77.08,540.024085211087
77.09,540.094799301679
77.1,540.059436384708
77.11,539.993328812991
77.12,540.039589340215
77.13,540.04126054082
77.14,540.002963358625
77.15,540.015907210295
77.16,540.055090046521
77.17,540.004634341502
77.18,540.085125490868
77.19,540.02345604237
77.2,540.034672798188
77.21,540.069120562553
77.22,540.004489067798
77.23,540.012234926146
77.24,540.033860698378
77.25,540.040847175217
77.26,540.095581297985
77.27,540.05979307986
77.28,540.078099937113
77.29,540.058970927373
77.3,540.120870635532
77.31,540.041089350649
77.32,540.031616618381
77.33,540.009287816034
77.34,540.077132079013
77.35,540.058772332094
77.36,540.053095882959
77.37,540.043033695285
77.38,540.008568182311
77.39,540.138302582892
77.4,540.001531072486
77.41,540.039231931822
77.42,540.038902242734
77.43,539.985525428473
77.44,540.049244228372
77.45,540.040328055343
77.46,540.013324629862
77.47,540.047254333262
77.48,540.019812819611
77.49,539.994244250393
77.5,540.031132428732
77.51,540.006025552506
77.52,539.95209681958
77.53,540.051691753707
77.54,540.003583280482
77.55,539.933724813151
77.56,540.00540587134
77.57,539.957771616623
77.58,539.956715167765
77.59,540.036659458747
77.6,540.004140372322
77.61,539.947752262782
77.62,539.977350501362
77.63,539.948674557411
77.64,539.975963253273
77.65,540.059163224354
77.66,540.013191370273
77.67,539.957224268339
77.68,540.010588255558
77.69,539.977964672061
77.7,539.995689965144
77.71,540.067061821156
77.72,539.961132676483
77.73,540.076909713809
77.74,540.038602741275
77.75,539.973190941812
77.76,539.991920078094
77.77,539.97526227116
77.78,539.952193403446
77.79,540.002622482191
77.8,539.924719720775
77.81,540.00743311405
77.82,540.010420945737
77.83,539.898532818699
77.84,539.986743836265
77.85,540.005616243301
77.86,539.950523686368
77.87,540.013383882691
77.88,539.970006555138
77.89,539.990023481215
77.9,539.935492719483
77.91,540.020253658644
77.92,539.973563556961
77.93,539.945607805355
77.94,540.001161320974
77.95,539.959442075564
77.96,539.989076416168
77.97,539.9356446887
77.98,540.022654138354
77.99,539.989993929254
78,540.022001816986
78.01,539.912657532987
78.02,540.003825097791
78.03,539.967055641832
78.04,540.013749278768
78.05,539.966183377285
78.06,540.005029634418
78.07,539.969472057863
78.08,540.020801642053
78.09,539.999117855574
78.1,539.990274214647
78.11,539.976014472559
78.12,540.016783803542
78.13,539.992234288759
78.14,540.025606777306
78.15,540.026736801902
78.16,540.032247270203
78.17,539.946657712346
78.18,540.019474629192
78.19,539.974733424929
78.2,540.034922424422
78.21,539.967458410402
78.22,540.044387795801
78.23,539.993530916781
78.24,540.025857465396
78.25,540.001396224399
78.26,539.966731540442
78.27,539.950985651114
78.28,540.059300115344
78.29,539.961701459696
78.3,540.019860844309
78.31,539.973537463135
78.32,540.031224210838
78.33,539.95617587249
78.34,540.028671330835
78.35,539.974066712285
78.36,540.007553079917
78.37,540.042049473889
78.38,539.970970771142
78.39,539.979426032552
78.4,539.997913748535
78.41,539.975323172866
78.42,539.911626661881
78.43,540.038919656101
78.44,539.937314902365
78.45,539.998978503915
78.46,539.976669799783
78.47,539.949202288803
78.48,540.00377457385
78.49,539.929681935072
78.5,540.040961179031
78.51,540.008474829845
78.52,539.956986091256
78.53,539.994684573337
78.54,539.917130128235
78.55,540.014323293163
78.56,539.991045134379
78.57,540.007145193032
78.58,540.040028980828
78.59,539.926143902723
78.6,539.987758250228
78.61,540.024827101192
78.62,539.987862011647
78.63,540.034493933776
78.64,540.007254477759
78.65,539.975696431159
78.66,539.994135881442
78.67,539.997076822929
78.68,539.962190135665
78.69,540.029110583763
78.7,539.994224068559
78.71,539.987648288996
78.72,540.038061555466
78.73,539.977995238978
78.74,540.042602522871
78.75,540.024690668421
78.76,539.984778945508
78.77,540.081573362775
78.78,540.036856641381
78.79,539.974187261138
78.8,540.058379872693
78.81,540.011619791432
78.82,540.05509523135
78.83,540.012682649315
78.84,540.046803415558
78.85,540.059871663346
78.86,540.007531785485
78.87,540.043225826407
78.88,540.043735242297
78.89,540.057177779941
78.9,540.012495426715
78.91,540.024335377216
78.92,540.026833353231
78.93,539.949420678717
78.94,540.028502334799
78.95,540.00318257062
78.96,540.041434483765
78.97,539.901903152636
78.98,539.983175620244
78.99,539.936221856854
79,539.979260006712
79.01,539.967082233708
79.02,539.941668913628
79.03,540.003718927214
79.04,539.943486216378
79.05,540.052028679603
79.06,539.947732427375
79.07,540.031672261703
79.08,539.990180427665
79.09,540.014595273983
79.1,540.022578641224
79.11,539.992475769699
79.12,539.990738844283
79.13,539.948560830739
79.14,539.987265207544
79.15,539.987888286628
79.16,539.999813477493
79.17,540.04617853988
79.18,539.976630391253
79.19,540.009740106575
79.2,539.939047293096
79.21,539.985790687384
79.22,540.012985455556
79.23,539.983938558484
79.24,539.992641045016
79.25,540.002517715033
79.26,539.923996258583
79.27,539.964500157313
79.28,539.988160934063
79.29,539.903987023864
79.3,539.952751878798
79.31,539.963427087651
79.32,539.869688957281
79.33,539.932738674449
79.34,539.990506827724
79.35,539.967042136105
79.36,539.919694491538
79.37,539.890341863265
79.38,540.016293281133
79.39,539.966652037739
79.4,539.93921894013
79.41,539.905104551641
79.42,539.939331060902
79.43,539.977229030924
79.44,539.986926578112
79.45,539.965442923525
79.46,539.946546768941
79.47,539.865090873138
79.48,539.941012049474
79.49,539.986995714447
79.5,539.975879091023
79.51,539.931604084995
79.52,539.972362961002
79.53,539.959789258604
79.54,540.018988853514
79.55,539.975505875575
79.56,540.010688905514
79.57,539.976437215682
79.58,539.999423996075
79.59,539.977296533768
79.6,539.983948949853
79.61,539.983173993558
79.62,539.98264480648
79.63,539.944252739434
79.64,539.947040500981
79.65,539.928999615574
79.66,539.90513830271
79.67,539.852216531922
79.68,539.850496088213
79.69,539.938024280216
79.7,539.958290317812
79.71,539.973868669448
79.72,539.925644368048
79.73,539.87706657387
79.74,539.860974618295
79.75,539.978924323343
79.76,539.90752081366
79.77,539.8716900222
79.78,539.952081755142
79.79,539.891032299732
79.8,539.839797619516
79.81,539.958584558159
79.82,539.958836034391
79.83,539.903475340376
79.84,539.949081924437
79.85,539.880064957278
79.86,539.942078986749
79.87,539.878206232104
79.88,539.959421668672
79.89,539.918453103062
79.9,539.929958618491
79.91,539.918249498634
79.92,539.947952432195
79.93,539.825571335091
79.94,539.886438522465
79.95,539.937156485143
79.96,539.865750993982
79.97,539.880055379215
79.98,539.910614213298
79.99,539.82181447827
80,539.888354447668
80.01,539.916304851577
80.02,539.899794356646
80.03,539.826325092333
80.04,539.828752551339
80.05,539.853024889005
80.06,539.862136029937
80.07,539.886540895592
80.08,539.937055140412
80.09,539.913509943244
80.1,539.897240545032
80.11,539.915605883468
80.12,539.87571639607
80.13,539.856085659362
80.14,539.864706049916
80.15,539.831842380421
80.16,539.814520711484
80.17,539.829079975918
80.18,539.920890820191
80.19,539.906457418302
80.2,539.846459428771
80.21,539.823304414041
80.22,539.917069454742
80.23,539.865011223467
80.24,539.824807921727
80.25,539.927227477122
80.26,539.889615798392
80.27,539.83681806441
80.28,539.87735528604
80.29,539.817093029004
80.3,539.896337385164
80.31,539.806646951426
80.32,539.9273286509
80.33,539.812702062348
80.34,539.894353634564
80.35,539.909213123242
80.36,539.892887236432
80.37,539.907353708955
80.38,539.906058993269
80.39,539.872446070358
80.4,539.953790227108
80.41,539.933707300015
80.42,539.880929474464
80.43,539.881357009307
80.44,539.865620836523
80.45,539.922158776954
80.46,539.910075083615
80.47,539.844342090945
80.48,539.845897409534
80.49,539.889395944099
80.5,539.860342540471
80.51,539.903563600121
80.52,539.91549037296
80.53,539.893192797372
80.54,539.854403660898
80.55,539.841155895402
80.56,539.862310230969
80.57,539.819726039371
80.58,539.832861133368
80.59,539.821334330241
80.6,539.913541710795
80.61,539.92533900935
80.62,539.898009323892
80.63,539.89480717474
80.64,539.820843014373
80.65,539.933911840197
80.66,539.843370940501
80.67,539.799227740925
80.68,539.918620781144
80.69,539.85440210398
80.7,539.820530667506
80.71,539.886428554116
80.72,539.816790142174
80.73,539.894115752378
80.74,539.860724426856
80.75,539.885819464003
80.76,539.83743671071
80.77,539.912648931179
80.78,539.893015896334
80.79,539.853285030745
80.8,539.915705428371
80.81,539.9326957488
80.82,539.819297265588
80.83,539.847403638128
80.84,539.855795089156
80.85,539.907537026022
80.86,539.828645942005
80.87,539.818306264345
80.88,539.836975064329
80.89,539.845921223019
80.9,539.878912197018
80.91,539.831320432962
80.92,539.850604773752
80.93,539.825414388636
80.94,539.810146542776
80.95,539.87759796596
80.96,539.80792688768
80.97,539.845173304967
80.98,539.821562739682
80.99,539.780987629268
81,539.860320308358
81.01,539.833417280763
81.02,539.797132080809
81.03,539.847599450788
81.04,539.866071294984
81.05,539.815734740882
81.06,539.88184917087
81.07,539.850959985647
81.08,539.889239805468
81.09,539.853998126943
81.1,539.911308440679
81.11,539.909085236182
81.12,539.912535192156
81.13,539.896989252477
81.14,539.875038957872
81.15,539.82796866009
81.16,539.864744022127
81.17,539.856253653601
81.18,539.876465674629
81.19,539.858711315921
81.2,539.868352265574
81.21,539.904295668393
81.22,539.862536752655
81.23,539.853895989718
81.24,539.841822464102
81.25,539.83618696281
81.26,539.846641988106
81.27,539.873619551263
81.28,539.854542654137
81.29,539.863860995034
81.3,539.818612561278
81.31,539.811373893614
81.32,539.823763449378
81.33,539.862564798167
81.34,539.884737578713
81.35,539.843848540935
81.36,539.892620974357
81.37,539.884330611749
81.38,539.875684538137
81.39,539.914072266902
81.4,539.889002572598
81.41,539.82839289806
81.42,539.846598250024
81.43,539.826056583126
81.44,539.834306191311
81.45,539.847542255852
81.46,539.767555573648
81.47,539.850018305388
81.48,539.829839673062
81.49,539.814350464573
81.5,539.861278108219
81.51,539.81226768616
81.52,539.830975667175
81.53,539.743504257474
81.54,539.816593970339
81.55,539.839969595505
81.56,539.793487652645
81.57,539.824370841863
81.58,539.80756344247
81.59,539.73071608457
81.6,539.812464314378
81.61,539.816717253756
81.62,539.804549490148
81.63,539.812663613578
81.64,539.848303351524
81.65,539.833002673583
81.66,539.865070065837
81.67,539.830365313661
81.68,539.841955517792
81.69,539.861901609715
81.7,539.897334501076
81.71,539.905717097054
81.72,539.872156287757
81.73,539.861909842726
81.74,539.90683627071
81.75,539.930607102064
81.76,539.903332741645
81.77,539.883155017351
81.78,539.969006668245
81.79,539.901261315856
81.8,539.93436834024
81.81,539.835045332105
81.82,539.90538670564
81.83,539.898782238012
81.84,539.8875993155
81.85,539.92560523339
81.86,539.86696708114
81.87,539.899663116123
81.88,539.895184502616
81.89,539.943890184534
81.9,539.967746125637
81.91,539.968864214015
81.92,539.972132374915
81.93,539.987998231582
81.94,539.970840072955
81.95,540.063895571575
81.96,540.059364902284
81.97,540.077317430134
81.98,540.133878568131
81.99,540.167759083088
82,540.102506846287
82.01,540.104398007266
82.02,540.15728690229
82.03,540.181730256464
82.04,540.102638801286
82.05,540.15751570135
82.06,540.147468530805
82.07,540.148941189053
82.08,540.130792130293
82.09,540.1626638025
82.1,540.128098316452
82.11,540.106913138808
82.12,540.175490947058
82.13,540.155218951356
82.14,540.088798349002
82.15,540.116247540317
82.16,540.131679630854
82.17,540.114699880685
82.18,540.101859009217
82.19,540.145300037798
82.2,540.143431037812
82.21,540.129493437917
82.22,540.143387539728
82.23,540.143659548492
82.24,540.116449314963
82.25,540.123074608943
82.26,540.157349064967
82.27,540.11753768428
82.28,540.176672706902
82.29,540.166835339156
82.3,540.16796273225
82.31,540.132448929395
82.32,540.149211538339
82.33,540.139017346725
82.34,540.105655554633
82.35,540.148004298784
82.36,540.144635859201
82.37,540.075742737376
82.38,540.180353179099
82.39,540.1169289141
82.4,540.098881285784
82.41,540.133091670569
82.42,540.097148100001
82.43,540.09358163256
82.44,540.158941722355
82.45,540.140932972277
82.46,540.09578373154
82.47,540.143720208201
82.48,540.09276730044
82.49,540.103766722423
82.5,540.144608701174
82.51,540.142096603156
82.52,540.165400478093
82.53,540.092932805354
82.54,540.162869565952
82.55,540.180499616736
82.56,540.14938055191
82.57,540.180468059975
82.58,540.12111975766
82.59,540.097687731465
82.6,540.171518730076
82.61,540.178096770554
82.62,540.137822800374
82.63,540.121123427192
82.64,540.161515100179
82.65,540.099766344439
82.66,540.122048150864
82.67,540.129978094061
82.68,540.106081148393
82.69,540.130174981539
82.7,540.117087206522
82.71,540.133047622494
82.72,540.153500147477
82.73,540.119961188625
82.74,540.123861741065
82.75,540.160697052242
82.76,540.096329558734
82.77,540.131415147282
82.78,540.117132859147
82.79,540.163922193612
82.8,540.161714419454
82.81,540.048862356971
82.82,540.11002339223
82.83,540.124386595736
82.84,540.114770368016
82.85,540.089089246144
82.86,540.048554210722
82.87,540.137008733797
82.88,540.104503944714
82.89,540.089603878087
82.9,540.106807400659
82.91,540.148817407229
82.92,540.08305351795
82.93,540.146444353692
82.94,540.092897258608
82.95,540.16620288842
82.96,540.092890792234
82.97,540.084639603179
82.98,540.160734201208
82.99,540.09707867237
83,540.073915586263
83.01,540.084956032706
83.02,540.135544748573
83.03,540.134536715625
83.04,540.104807447166
83.05,540.084262251842
83.06,540.062222147766
83.07,540.119774149286
83.08,540.158590034136
83.09,540.13679577061
83.1,540.180882918558
83.11,540.119365027566
83.12,540.108667205135
83.13,540.12998967804
83.14,540.130478314078
83.15,540.135125533194
83.16,540.143476387935
83.17,540.108154958157
83.18,540.072000773076
83.19,540.068519787331
83.2,540.12105836056
83.21,540.104511414346
83.22,540.165472812562
83.23,540.127709115884
83.24,540.076185293491
83.25,540.122883241075
83.26,540.102552439571
83.27,540.043109124748
83.28,540.071959181777
83.29,540.120312085722
83.3,540.082493366849
83.31,540.103678473917
83.32,540.126495294355
83.33,540.076911477113
83.34,540.112567311611
83.35,540.047608852678
83.36,540.125821469334
83.37,540.052642045645
83.38,540.157707937078
83.39,540.021262435152
83.4,540.095939246536
83.41,540.019868130348
83.42,540.106324148917
83.43,540.089089864304
83.44,540.033207528913
83.45,540.07591999564
83.46,539.988432068254
83.47,540.070327419648
83.48,540.028142502383
83.49,539.974897924141
83.5,540.051949052174
83.51,540.003470888608
83.52,539.988940118225
83.53,540.025938282473
83.54,540.022641294854
83.55,539.961411782618
83.56,539.977859723056
83.57,539.96009036422
83.58,540.004641472543
83.59,540.013763351839
83.6,540.010031099585
83.61,540.057075566239
83.62,540.033805240477
83.63,539.964954745246
83.64,540.005824196057
83.65,540.049817356733
83.66,540.002603782631
83.67,540.011597232876
83.68,540.060770050835
83.69,540.047335217195
83.7,540.039491123454
83.71,540.066665036741
83.72,540.062838824124
83.73,540.010225710614
83.74,540.031766923179
83.75,540.045261184879
83.76,540.058967150926
83.77,540.049967219577
83.78,540.079544739514
83.79,540.068280628015
83.8,540.018603680665
83.81,540.027660320105
83.82,540.100897455421
83.83,540.045740057984
83.84,540.057743235069
83.85,540.007728115409
83.86,539.978042783009
83.87,540.053763084189
83.88,540.057103107751
83.89,540.036892112359
83.9,540.04706269618
83.91,540.017989136653
83.92,540.009193534736
83.93,540.005141357477
83.94,539.98298926349
83.95,540.064952856086
83.96,540.063290435829
83.97,540.003310147633
83.98,539.990961653032
83.99,539.999430937027
84,540.00576506686
84.01,539.977972410154
84.02,539.966924841837
84.03,540.018585478585
84.04,539.976114685869
84.05,539.972209057975
84.06,539.946853193514
84.07,539.963151611134
84.08,539.94054509503
84.09,539.951847150447
84.1,539.966348348861
84.11,539.971376127673
84.12,539.945650069582
84.13,539.87907089093
84.14,539.962677281588
84.15,539.95947632103
84.16,539.91888253338
84.17,539.96337242881
84.18,539.926670375814
84.19,539.979472843685
84.2,539.961240593761
84.21,539.929242693665
84.22,539.937867565699
84.23,539.966327799664
84.24,539.898803546559
84.25,539.93688810856
84.26,539.971446269518
84.27,539.879058310622
84.28,539.919396215245
84.29,539.91114400701
84.3,539.884910776106
84.31,539.952093250059
84.32,539.851619892443
84.33,539.955127088517
84.34,539.888909496695
84.35,539.969969242853
84.36,539.914308398246
84.37,539.960782458756
84.38,539.882398633098
84.39,539.959859033137
84.4,539.884991002471
84.41,539.919597324256
84.42,539.958587520632
84.43,539.902787918917
84.44,539.924193240093
84.45,539.926237731593
84.46,539.89977677549
84.47,539.90606915867
84.48,539.972355190896
84.49,539.930942291541
84.5,539.895082322851
84.51,539.958392296076
84.52,539.954798571825
84.53,539.880238589121
84.54,539.924357863584
84.55,539.902522864345
84.56,539.902614757233
84.57,539.916863824779
84.58,539.943878057632
84.59,539.919508057645
84.6,539.917795308393
84.61,539.858246010344
84.62,539.909982140448
84.63,539.90352123946
84.64,539.897721116862
84.65,539.878958527249
84.66,539.881616622748
84.67,539.888984201433
84.68,539.865036594028
84.69,539.901588272186
84.7,539.880403601692
84.71,539.940964213568
84.72,539.890054120257
84.73,539.853713192034
84.74,539.888061024431
84.75,539.845248390981
84.76,539.880433461881
84.77,539.838170288316
84.78,539.859225719033
84.79,539.801088735622
84.8,539.831265903106
84.81,539.831571245618
84.82,539.876675022383
84.83,539.791294148436
84.84,539.86947886404
84.85,539.849400189302
84.86,539.82656960052
84.87,539.82099151698
84.88,539.869658389583
84.89,539.826397927246
84.9,539.858043635429
84.91,539.907331998865
84.92,539.871154429303
84.93,539.831558715399
84.94,539.876807619598
84.95,539.876527672462
84.96,539.873244932754
84.97,539.864566625212
84.98,539.893372317312
84.99,539.935240566261
85,539.90913897695
85.01,539.958328573441
85.02,539.932535241324
85.03,539.947015674001
85.04,539.902914062089
85.05,539.830233280083
85.06,539.910918963701
85.07,539.914839415066
85.08,539.883234347498
85.09,539.936285853024
85.1,539.908064792676
85.11,539.910166764122
85.12,539.907387793627
85.13,539.877904906229
85.14,539.856720819926
85.15,539.868277352607
85.16,539.845263387968
85.17,539.818314286905
85.18,539.8921335023
85.19,539.793090263421
85.2,539.84624500895
85.21,539.843352658398
85.22,539.835238371571
85.23,539.90717561177
85.24,539.808030293036
85.25,539.873810479221
85.26,539.870378225114
85.27,539.841799901761
85.28,539.888423693487
85.29,539.90337013498
85.3,539.813287162656
85.31,539.901743846496
85.32,539.872126572112
85.33,539.88303125776
85.34,539.920764977997
85.35,539.85919859414
85.36,539.857378311411
85.37,539.895139074951
85.38,539.917479440438
85.39,539.900645223517
85.4,539.917013869551
85.41,539.829362566413
85.42,539.840239109658
85.43,539.860392847366
85.44,539.899014249069
85.45,539.930930499677
85.46,539.88667859859
85.47,539.809293124295
85.48,539.927590375479
85.49,539.838364481259
85.5,539.899756855482
85.51,539.881732110309
85.52,539.835378734052
85.53,539.855350281809
85.54,539.870916204439
85.55,539.752328336926
85.56,539.905151626428
85.57,539.886149891073
85.58,539.894286035393
85.59,539.865301314969
85.6,539.900274399029
85.61,539.837980150179
85.62,539.872918416195
85.63,539.795681280727
85.64,539.939433711935
85.65,539.920366706072
85.66,539.806643924481
85.67,539.887737287079
85.68,539.937159723389
85.69,539.921047821347
85.7,539.831246769299
85.71,539.942766370551
85.72,539.89438071857
85.73,539.89350212495
85.74,539.898861592152
85.75,539.874726783538
85.76,539.936381630292
85.77,539.91219420992
85.78,539.911278446546
85.79,539.935358594984
85.8,539.879747273053
85.81,539.93824049741
85.82,539.906978787482
85.83,539.902841682142
85.84,539.866491647759
85.85,539.738857213922
85.86,539.856261507893
85.87,539.941807580329
85.88,539.960005326138
85.89,539.895046806088
85.9,539.929014488288
85.91,539.913877323071
85.92,539.909180499529
85.93,539.922659028123
85.94,539.753570640678
85.95,539.900307406358
85.96,539.775153603917
85.97,539.826512480157
85.98,539.742750078099
85.99,539.705579783623
86,539.012416661697
86.01,539.825870134798
86.02,539.751929939936
86.03,539.820936865085
86.04,539.821371073504
86.05,539.686312885088
86.06,539.863065028101
86.07,539.827730592627
86.08,539.755358974304
86.09,539.807194798532
86.1,539.767165831628
86.11,539.085098318979
86.12,539.818002831445
86.13,539.817120333844
86.14,539.565344176596
86.15,539.763127359944
86.16,539.839469026213
86.17,539.265371996051
86.18,539.846182622012
86.19,539.803017408349
86.2,539.856144118703
86.21,539.882057432299
86.22,539.948941561577
86.23,539.734566447389
86.24,539.922174549212
86.25,539.739572561451
86.26,539.860491849413
86.27,539.826973106368
86.28,539.939008256744
86.29,539.90081739924
86.3,539.778901306883
86.31,539.292259957808
86.32,539.910246482589
86.33,539.919742601442
86.34,539.810123869183
86.35,539.954548206985
86.36,539.974459668299
86.37,539.951736609055
86.38,539.978579503412
86.39,539.485891374539
86.4,539.913115860552
86.41,539.960130720382
86.42,540.033083109755
86.43,539.938087044764
86.44,539.925998349731
86.45,539.960654608443
86.46,539.998395046134
86.47,540.018426008865
86.48,540.033223203828
86.49,539.900986828275
86.5,539.997395102574
86.51,539.974347773916
86.52,539.921094345215
86.53,539.917503668699
86.54,540.002524704348
86.55,539.908055253223
86.56,539.985151116671
86.57,540.032657407994
86.58,539.840565220061
86.59,540.014432701748
86.6,540.040715323751
86.61,539.941037570669
86.62,539.994678347383
86.63,539.882628985954
86.64,539.98099735698
86.65,539.922336918089
86.66,539.981294117872
86.67,539.950105180302
86.68,539.985908089464
86.69,540.025739504238
86.7,539.949297306023
86.71,540.041421792482
86.72,539.994904706326
86.73,539.986786300507
86.74,540.011239928971
86.75,539.994652913453
86.76,539.963282077638
86.77,539.991533706376
86.78,539.949814499632
86.79,539.994800875136
86.8,539.992925177239
86.81,539.981383349987
86.82,539.994852677819
86.83,539.912159333839
86.84,539.943339727056
86.85,539.940914444446
86.86,539.975668896812
86.87,540.01259401218
86.88,539.887580755821
86.89,539.941008083187
86.9,539.991780125073
86.91,540.042085010483
86.92,540.018070945856
86.93,539.926602912995
86.94,539.983635309508
86.95,539.962824231589
86.96,540.007040932736
86.97,539.973948782584
86.98,539.927121631703
86.99,540.02004418407
87,540.036226279775
87.01,539.981006863336
87.02,539.997243347482
87.03,539.958149833033
87.04,539.920023284789
87.05,539.967325797387
87.06,539.921172092064
87.07,539.890748515926
87.08,539.898543979473
87.09,539.97897021034
87.1,540.049558355676
87.11,539.915602837222
87.12,539.996183864136
87.13,539.729803936485
87.14,539.987067767896
87.15,539.917678001396
87.16,539.837868681952
87.17,539.912225216094
87.18,539.974818954967
87.19,539.997869482071
87.2,539.993499951411
87.21,539.916046832244
87.22,539.90889189772
87.23,540.020831635397
87.24,540.002064902508
87.25,539.96382248367
87.26,539.932860176288
87.27,539.866860220452
87.28,539.941811766244
87.29,539.971668718085
87.3,539.855567213761
87.31,540.00172123082
87.32,540.016833017697
87.33,539.905680340901
87.34,539.966453549074
87.35,540.004244778975
87.36,539.879438155127
87.37,539.880789488169
87.38,539.960645122136
87.39,539.880731072198
87.4,540.022433673029
87.41,540.003132070236
87.42,540.091016909312
87.43,540.064981352199
87.44,539.995214449559
87.45,540.098418929619
87.46,540.099428287288
87.47,540.078248890295
87.48,540.100030405345
87.49,540.018264095064
87.5,540.116317114228
87.51,540.102588242785
87.52,540.08374325336
87.53,540.110214489405
87.54,539.987358076157
87.55,539.969522601186
87.56,540.071164799925
87.57,540.049074814204
87.58,540.042403919771
87.59,539.93008438683
87.6,539.954534276142
87.61,539.991798432032
87.62,539.967835767918
87.63,539.848088113208
87.64,539.926725988173
87.65,539.912474570537
87.66,540.022406357316
87.67,540.005597574289
87.68,539.459564351326
87.69,539.82380480914
87.7,539.956582351122
87.71,539.904838282843
87.72,539.977878991433
87.73,539.809242179142
87.74,539.982358780556
87.75,539.865346196214
87.76,539.862764022401
87.77,539.966412433107
87.78,539.981773242797
87.79,539.873200685758
87.8,539.858351046702
87.81,539.935725185631
87.82,539.926571161995
87.83,539.899537343422
87.84,539.887998703869
87.85,539.935938824904
87.86,539.93296918074
87.87,539.940423634748
87.88,539.919437862649
87.89,539.948584627269
87.9,539.816703454649
87.91,539.863449655636
87.92,539.884575581264
87.93,539.79023815472
87.94,539.889598761371
87.95,539.820839237354
87.96,539.531863718749
87.97,539.943545363533
87.98,540.000260926683
87.99,539.945958865914
88,539.900642339694
88.01,539.928859303011
88.02,539.82426212136
88.03,539.941716534179
88.04,539.912078247405
88.05,539.763594533505
88.06,539.707524351321
88.07,539.940961411524
88.08,539.800263508479
88.09,539.893332190095
88.1,539.852652604726
88.11,539.938241261712
88.12,539.785614528896
88.13,539.966077300022
88.14,539.93419390778
88.15,539.932701519306
88.16,539.918483767778
88.17,539.84395457798
88.18,539.991305140747
88.19,539.938153795651
88.2,539.872046040406
88.21,539.953035100457
88.22,539.894660153777
88.23,539.95220811464
88.24,540.006013917674
88.25,539.976414164606
88.26,539.930502153792
88.27,540.017413826173
88.28,539.949328331067
88.29,539.444326820855
88.3,539.896424101612
88.31,540.00452037005
88.32,539.858296827527
88.33,539.962457158482
88.34,539.949140567153
88.35,539.976644825815
88.36,539.932445082104
88.37,539.875740456835
88.38,539.977597406603
88.39,539.884247354322
88.4,539.841297934406
88.41,539.915737923007
88.42,539.859299074649
88.43,539.836347357632
88.44,539.907820221277
88.45,539.829196741238
88.46,539.922374929028
88.47,539.929022519153
88.48,539.95467356373
88.49,539.91972128305
88.5,539.907313058794
88.51,540.003001548085
88.52,540.008326789701
88.53,540.028260103999
88.54,539.995621880192
88.55,540.187460988134
88.56,540.147491686348
88.57,540.169737833483
88.58,540.127808457322
88.59,540.178324363296
88.6,540.112982449266
88.61,540.227406893706
88.62,540.242318793497
88.63,540.097905017117
88.64,540.229586294524
88.65,540.339336637695
88.66,540.095367672269
88.67,540.214611806275
88.68,540.16494974985
88.69,540.192179592268
88.7,540.191891494512
88.71,540.209760932442
88.72,540.21044554204
88.73,540.186718243259
88.74,540.259239917982
88.75,540.204609225109
88.76,540.100763047217
88.77,540.156482616427
88.78,540.17050977543
88.79,540.193172500837
88.8,540.311833164228
88.81,540.255901236074
88.82,540.272452006414
88.83,540.184199256967
88.84,540.112623591775
88.85,540.289763692572
88.86,540.181851609212
88.87,540.179303416166
88.88,540.207929251259
88.89,540.213124332171
88.9,540.145093681034
88.91,540.160031908729
88.92,540.195238562925
88.93,540.224438195212
88.94,540.169095508454
88.95,540.181213855755
88.96,540.101582897213
88.97,540.189428094523
88.98,540.194746224665
88.99,540.190279439888
89,540.080855181352
89.01,540.177615757294
89.02,540.075135438251
89.03,540.112437418146
89.04,540.202594780311
89.05,540.190137662907
89.06,540.256547029439
89.07,540.170156677265
89.08,540.207882633333
89.09,540.136217065304
89.1,540.191512703018
89.11,540.083015621955
89.12,540.153836991416
89.13,540.190239471269
89.14,540.233780540429
89.15,540.160500793953
89.16,540.139195301383
89.17,540.112298736324
89.18,540.138640480337
89.19,540.239768196679
89.2,540.217951795455
89.21,540.140306415566
89.22,540.178443427406
89.23,540.182877347922
89.24,540.229884756234
89.25,540.193138720652
89.26,540.28448471007
89.27,540.197111404617
89.28,540.141655435604
89.29,540.212533918262
89.3,540.129573093502
89.31,540.158935008997
89.32,540.180917261785
89.33,540.11388275644
89.34,540.205262291884
89.35,540.220225565395
89.36,540.202523984187
89.37,540.191768279818
89.38,540.216050121777
89.39,540.045205151556
89.4,540.126174871608
89.41,540.211975884933
89.42,540.214930795161
89.43,540.230961048248
89.44,540.220699471759
89.45,540.196529629973
89.46,540.153392404291
89.47,540.192782931045
89.48,540.105201255521
89.49,540.203948350159
89.5,540.146452230625
89.51,540.16828814512
89.52,540.208594060572
89.53,540.192356134454
89.54,540.172164346169
89.55,540.160236326618
89.56,540.205066686757
89.57,540.144975393425
89.58,540.113557547293
89.59,540.193648699694
89.6,540.190103898897
89.61,540.170057492719
89.62,540.18565335498
89.63,540.172717165221
89.64,540.138561918042
89.65,540.098941022869
89.66,540.194310327531
89.67,540.151681150427
89.68,540.146392950869
89.69,540.178478016117
89.7,540.111069078363
89.71,540.183100894408
89.72,540.148210085498
89.73,540.163091447819
89.74,540.153570709267
89.75,540.200702350524
89.76,540.12344274237
89.77,540.142373437423
89.78,540.180978222925
89.79,540.099362576025
89.8,540.116226542783
89.81,540.168512335742
89.82,540.099330029032
89.83,540.159376920761
89.84,540.110784665283
89.85,540.114447382632
89.86,540.130131874279
89.87,540.167903503622
89.88,540.132149502646
89.89,540.145011151427
89.9,540.118919163656
89.91,540.180378152601
89.92,540.115705312925
89.93,540.196749170032
89.94,540.091728694293
89.95,540.133266391337
89.96,540.130635407745
89.97,540.176459234775
89.98,540.184215252558
89.99,540.148800597997
90,540.129029786951
90.01,540.148822617258
90.02,540.16762158041
90.03,540.127968024964
90.04,540.180026276398
90.05,540.110579090455
90.06,540.095447064937
90.07,540.121931099216
90.08,540.0941066711
90.09,540.108851063283
90.1,540.093868532722
90.11,540.150181785045
90.12,540.14755203482
90.13,540.128364352179
90.14,540.129054287061
90.15,540.130423473616
90.16,540.083633916441
90.17,540.180950958981
90.18,540.128029091079
90.19,540.103373543355
90.2,540.089464830379
90.21,540.140765003484
90.22,540.122559357338
90.23,540.077900241939
90.24,540.101265880856
90.25,540.131932384956
90.26,540.106932856945
90.27,540.132168583225
90.28,540.128863191498
90.29,540.058759677069
90.3,540.12663690023
90.31,540.109504989405
90.32,540.114687501624
90.33,540.106916091111
90.34,540.141721744304
90.35,540.087783674115
90.36,540.111126410504
90.37,540.068289277736
90.38,540.11563414543
90.39,540.084240712724
90.4,540.089517807706
90.41,540.118098661163
90.42,540.029700944679
90.43,540.055595175722
90.44,540.125827409756
90.45,540.067383180585
90.46,540.069858881711
90.47,540.126766553893
90.48,540.090415619202
90.49,540.047521872217
90.5,540.070832793061
90.51,540.081239652079
90.52,540.150621728543
90.53,540.096675137047
90.54,540.085113794766
90.55,540.096327368165
90.56,540.078572543325
90.57,540.100516941208
90.58,540.066390226277
90.59,540.071861354451
90.6,540.04787662794
90.61,540.136170458488
90.62,540.081572193987
90.63,540.097349989903
90.64,540.128803155322
90.65,540.140320807687
90.66,540.144595893615
90.67,540.05311688514
90.68,540.08520861505
90.69,540.034317959207
90.7,540.125880824461
90.71,540.115624641579
90.72,540.151238475469
90.73,540.135652353328
90.74,540.050163927571
90.75,540.130475437046
90.76,540.117856300198
90.77,540.167731777686
90.78,540.124149416023
90.79,540.101869112293
90.8,540.050666875683
90.81,540.132028208546
90.82,540.110838684193
90.83,540.091867352481
90.84,540.06486154078
90.85,540.16227011344
90.86,540.169078039595
90.87,540.102177479429
90.88,540.134860041358
90.89,540.115681000789
90.9,540.131281363707
90.91,540.088407693336
90.92,540.052859485915
90.93,540.156932329541
90.94,540.177761575958
90.95,540.14672142968
90.96,540.156158655047
90.97,540.151179832948
90.98,540.113302020233
90.99,540.065983119301
91,540.072929294712
91.01,540.106536361069
91.02,540.074561865589
91.03,540.131761457286
91.04,540.08833642449
91.05,540.145009421147
91.06,540.067385758535
91.07,540.099983418801
91.08,540.077146357017
91.09,540.128817616943
91.1,540.119385569993
91.11,540.09542630848
91.12,540.140534447048
91.13,540.147883502448
91.14,540.041844436891
91.15,540.098050403474
91.16,540.159393179595
91.17,540.09397219325
91.18,540.139817348834
91.19,540.104694742451
91.2,540.109500903166
91.21,540.07147867259
91.22,540.123593641921
91.23,540.120392078335
91.24,540.101766434671
91.25,540.089234954899
91.26,540.117480007238
91.27,540.086693067975
91.28,540.140924073767
91.29,540.075696824699
91.3,540.103543814483
91.31,540.123471485773
91.32,540.068620988926
91.33,540.039855092185
91.34,540.143124263784
91.35,540.122007644994
91.36,540.040878013332
91.37,540.147548990008
91.38,540.098761656549
91.39,540.10698231124
91.4,540.049605600728
91.41,540.049126497287
91.42,540.12390021608
91.43,540.154085257857
91.44,540.062813377095
91.45,540.066380643342
91.46,540.07359030777
91.47,540.086359127629
91.48,540.037560982254
91.49,540.012307420202
91.5,540.031612415395
91.51,540.024979966176
91.52,540.066991548596
91.53,540.042450434639
91.54,540.055813056417
91.55,540.012049999203
91.56,540.040847641816
91.57,540.012088209358
91.58,540.017999336221
91.59,540.013911721189
91.6,540.041277356824
91.61,540.057150399432
91.62,540.055838484625
91.63,540.108901346696
91.64,540.055659469508
91.65,540.080386896112
91.66,540.009208082875
91.67,540.037487024108
91.68,540.106449823443
91.69,540.086626875805
91.7,540.037469600683
91.71,540.056474308558
91.72,540.074272233209
91.73,540.106165494245
91.74,540.043792180697
91.75,540.086770944921
91.76,540.098443027515
91.77,540.083004321739
91.78,539.965416039657
91.79,540.086203125514
91.8,540.049370078497
91.81,540.014641726651
91.82,540.052000127694
91.83,540.112479532806
91.84,540.032342563922
91.85,540.064037493499
91.86,540.098929111432
91.87,540.058761211874
91.88,540.137022424185
91.89,540.040693653824
91.9,540.04134883507
91.91,540.063238275518
91.92,540.036215431099
91.93,540.125925198155
91.94,540.060972878752
91.95,540.124916080353
91.96,540.03739764381
91.97,540.109144514498
91.98,540.04620718738
91.99,540.140618067116
92,540.090644113629
92.01,540.025879171448
92.02,540.148287732924
92.03,540.111224864181
92.04,540.086346901839
92.05,540.063693205137
92.06,540.037870452299
92.07,540.160916484935
92.08,540.115594758911
92.09,540.072619572989
92.1,540.121459497459
92.11,540.057716173719
92.12,540.017110186334
92.13,540.090836807959
92.14,540.054309558169
92.15,540.028677699997
92.16,540.043113860357
92.17,540.083404789726
92.18,540.063757079935
92.19,540.049058575085
92.2,540.017454374117
92.21,540.097896016642
92.22,540.060243305337
92.23,540.097588089457
92.24,540.003764492394
92.25,540.013221935056
92.26,540.034228995387
92.27,540.055104055195
92.28,540.11344444841
92.29,540.109251667356
92.3,540.042929433086
92.31,540.078759094237
92.32,540.01980079087
92.33,540.018039745766
92.34,540.00282481887
92.35,540.024031793965
92.36,540.023857830768
92.37,540.023815024026
92.38,540.020817603434
92.39,540.033809741286
92.4,540.050404037138
92.41,540.077527451187
92.42,540.112175466586
92.43,540.094803950391
92.44,540.089496594501
92.45,540.048973508684
92.46,540.122700913543
92.47,540.092061374713
92.48,540.035878471211
92.49,540.02165107184
92.5,540.012528986868
92.51,540.004738185868
92.52,539.966637549541
92.53,540.017226585487
92.54,540.018936458517
92.55,540.092467354687
92.56,540.106770968453
92.57,540.103047209255
92.58,540.052202721273
92.59,540.031252400181
92.6,539.998773345303
92.61,540.02812764591
92.62,540.040014803275
92.63,540.019560669963
92.64,540.049992951915
92.65,540.059094181314
92.66,540.024199563056
92.67,539.999437834642
92.68,539.982607745304
92.69,540.042535582645
92.7,539.98509021109
92.71,540.083260923301
92.72,540.038477648586
92.73,540.00265440046
92.74,539.985968671753
92.75,540.026630931935
92.76,540.055420860195
92.77,540.022277998489
92.78,539.963946739961
92.79,539.989687414557
92.8,539.977073710868
92.81,539.997193825822
92.82,540.053702847293
92.83,539.990787697502
92.84,539.974155208683
92.85,540.039611196274
92.86,540.017154496239
92.87,540.066647508371
92.88,540.024698991379
92.89,539.959346756918
92.9,540.053519557758
92.91,540.023002707069
92.92,540.026716023701
92.93,539.979459492329
92.94,540.01973438979
92.95,540.004424662489
92.96,540.012454307211
92.97,540.009378331115
92.98,539.967797953015
92.99,540.025227313195
93,540.053709503104
93.01,540.030493130796
93.02,539.967095962414
93.03,540.045393951141
93.04,540.031416441542
93.05,539.974301730513
93.06,540.014872970633
93.07,540.050381833182
93.08,540.039736268599
93.09,539.984518375398
93.1,540.041609500027
93.11,540.087592340275
93.12,540.025689027379
93.13,539.998544390967
93.14,540.011079275173
93.15,540.044015387491
93.16,540.011940040955
93.17,540.000574781342
93.18,540.10607130218
93.19,539.980095158974
93.2,540.057087818978
93.21,540.035432151178
93.22,540.005250564767
93.23,540.039251344634
93.24,540.033315134026
93.25,539.992346247262
93.26,540.011127891648
93.27,540.008107653528
93.28,540.027215719109
93.29,540.039232596464
93.3,540.102929609056
93.31,539.999854873619
93.32,540.043756197275
93.33,540.017658676664
93.34,540.020111771682
93.35,540.03459828627
93.36,540.038563643028
93.37,539.995378708344
93.38,540.044300080014
93.39,540.010602025537
93.4,539.960619372863
93.41,540.039627600755
93.42,539.988154634829
93.43,540.052674967533
93.44,540.063969484059
93.45,539.947597026929
93.46,540.088567635093
93.47,539.972036164658
93.48,540.072120438063
93.49,540.015188765602
93.5,540.006046421582
93.51,540.002818985794
93.52,539.95887230314
93.53,540.048586098735
93.54,539.962600762447
93.55,540.00993276498
93.56,540.003866838572
93.57,540.035701693547
93.58,540.009334456569
93.59,539.978182246954
93.6,540.067803939829
93.61,539.972464580174
93.62,540.054984460665
93.63,539.963749882125
93.64,540.021988286995
93.65,540.000135488892
93.66,540.014654514034
93.67,540.002887576657
93.68,540.00953482826
93.69,540.046363754867
93.7,539.997566512616
93.71,540.03766176358
93.72,539.921841229414
93.73,540.032042355178
93.74,539.963699881992
93.75,540.017378322432
93.76,539.940356970059
93.77,539.95889935107
93.78,539.976229516392
93.79,539.886037743455
93.8,539.984180781538
93.81,539.941761752269
93.82,539.965327478426
93.83,539.933462144403
93.84,539.899346517892
93.85,539.91982339093
93.86,539.946222913919
93.87,539.875010985298
93.88,539.84120846635
93.89,539.922046725038
93.9,539.939051175289
93.91,539.809546564385
93.92,539.8985189702
93.93,539.928634526741
93.94,539.996345453912
93.95,539.976439455474
93.96,539.939961077448
93.97,539.968419985294
93.98,539.960523145727
93.99,540.011561173255
94,540.022820732576
94.01,539.984848442053
94.02,539.984540193496
94.03,540.006877495148
94.04,539.980547070182
94.05,540.096965943511
94.06,540.123760454285
94.07,540.093414995439
94.08,540.036696625134
94.09,540.074419498121
94.1,540.14517050423
94.11,540.105830135572
94.12,540.0734184527
94.13,540.076625809079
94.14,540.103940987453
94.15,540.118957895639
94.16,540.040869892346
94.17,540.121300418931
94.18,540.079493752464
94.19,540.07264638363
94.2,540.134518217301
94.21,540.09035376918
94.22,540.14891528791
94.23,540.055079494381
94.24,540.163461438281
94.25,540.162399072525
94.26,540.115007571067
94.27,540.074464543739
94.28,540.1020270349
94.29,540.042587543467
94.3,540.157736639948
94.31,540.028144867916
94.32,540.12584901769
94.33,540.079014058514
94.34,540.005580530146
94.35,540.149067452856
94.36,540.103728524373
94.37,540.022284480103
94.38,540.065769243838
94.39,540.1179658504
94.4,540.062812640327
94.41,540.066609326309
94.42,540.12473166683
94.43,540.181368929184
94.44,540.100392752449
94.45,540.094243534009
94.46,540.068975950878
94.47,540.07120378832
94.48,540.059984759223
94.49,540.156910315236
94.5,540.102638101037
94.51,540.152084261558
94.52,540.142750678143
94.53,540.09737054
94.54,540.102435196103
94.55,540.161819822913
94.56,540.163845133137
94.57,540.183719709907
94.58,540.12118870466
94.59,540.153008701972
94.6,540.077291925904
94.61,540.066920294633
94.62,539.99996853927
94.63,540.17442240871
94.64,540.112387021151
94.65,540.097121283979
94.66,540.160371002525
94.67,540.061284363687
94.68,540.049518353848
94.69,540.129606677966
94.7,540.075588907941
94.71,539.999728423728
94.72,540.05073768136
94.73,540.137596340605
94.74,540.17237614858
94.75,540.090019548404
94.76,540.073704167519
94.77,539.999169148829
94.78,540.116254323869
94.79,540.144530961735
94.8,540.072930431064
94.81,540.131881738911
94.82,540.053365751563
94.83,540.110980494227
94.84,540.039480185918
94.85,540.139285905035
94.86,540.096654153411
94.87,540.125848843305
94.88,540.059119196532
94.89,540.060812188086
94.9,540.121947795054
94.91,540.050137947961
94.92,540.15174509823
94.93,540.010452284663
94.94,540.029713839086
94.95,540.1237352606
94.96,540.078711764545
94.97,540.048650594948
94.98,540.153971411791
94.99,540.128985577455
95,540.027727902885
95.01,540.003821307242
95.02,540.063077855198
95.03,540.072140086461
95.04,540.115468392098
95.05,540.04891809888
95.06,540.046068101303
95.07,540.043156092183
95.08,540.098681794031
95.09,540.165185166487
95.1,540.071440080461
95.11,540.14187748101
95.12,540.06855034528
95.13,540.046678286871
95.14,540.16349288331
95.15,540.079611273626
95.16,540.140221908526
95.17,540.132399518902
95.18,540.23950226267
95.19,540.101309755338
95.2,540.062769996951
95.21,540.060311132426
95.22,540.054921189384
95.23,540.083225929383
95.24,540.002878604649
95.25,540.042358683941
95.26,540.091967429413
95.27,540.077394256415
95.28,540.068157857883
95.29,540.067433668088
95.3,539.995145048971
95.31,540.0956238125
95.32,540.065720834264
95.33,540.089979210565
95.34,540.01341071104
95.35,540.049531405301
95.36,540.191859392798
95.37,540.012293920911
95.38,540.068861387775
95.39,540.098290413647
95.4,539.993288729002
95.41,540.032818296838
95.42,540.102373035983
95.43,539.990934553124
95.44,540.110257415532
95.45,540.02022938895
95.46,540.029950085129
95.47,540.187177879276
95.48,539.999253469257
95.49,540.142436460017
95.5,540.021104392573
95.51,540.126134368088
95.52,539.996409020242
95.53,540.022350957541
95.54,539.992414677655
95.55,540.027326187526
95.56,539.978205058601
95.57,540.098080447
95.58,539.992394457443
95.59,540.070816383921
95.6,540.018950968779
95.61,540.119042243611
95.62,540.003508786081
95.63,539.999619078298
95.64,539.993490253915
95.65,539.98267773752
95.66,540.046654070237
95.67,539.990429823113
95.68,540.074529630716
95.69,540.001890091855
95.7,540.011922448493
95.71,539.946728955732
95.72,539.991991637486
95.73,540.000316244285
95.74,539.925851976061
95.75,540.044303063662
95.76,539.956491790658
95.77,540.060909201443
95.78,540.005968696647
95.79,540.009666967648
95.8,539.99386826086
95.81,539.97361253024
95.82,540.070318671679
95.83,539.970648325405
95.84,539.992212242139
95.85,540.038780057881
95.86,540.04510130856
95.87,540.001844305013
95.88,540.012315721019
95.89,540.058048380944
95.9,539.988555562268
95.91,540.095963139627
95.92,540.003648037074
95.93,540.158393606242
95.94,539.996358676503
95.95,539.978133148753
95.96,540.05157166932
95.97,540.051431759806
95.98,540.006281796266
95.99,540.053830629087
96,540.003954883961
96.01,540.066475328367
96.02,540.116435409147
96.03,539.977356238631
96.04,540.027195403218
96.05,540.136914542818
96.06,540.032658352461
96.07,540.003042178273
96.08,540.065007827984
96.09,540.134362915655
96.1,539.98597655211
96.11,540.052071917747
96.12,540.009072533898
96.13,540.054091778327
96.14,539.992893264932
96.15,540.088376686434
96.16,540.002157511575
96.17,540.020154033838
96.18,540.110007018737
96.19,540.069804322692
96.2,540.02083536461
96.21,540.056678074579
96.22,540.014274517348
96.23,539.984261205248
96.24,540.051410252994
96.25,540.032596167298
96.26,540.051555384693
96.27,540.100077532897
96.28,540.052753097294
96.29,539.988582509874
96.3,540.054501192703
96.31,540.012831451775
96.32,539.965143882854
96.33,539.993153793235
96.34,539.9970620101
96.35,539.97206093066
96.36,539.996663070024
96.37,539.980137677683
96.38,540.018370823511
96.39,539.991488306395
96.4,539.990323495064
96.41,539.994576893439
96.42,540.025243706214
96.43,540.042581558267
96.44,539.9912003852
96.45,539.956630333576
96.46,539.990926407459
96.47,539.950896239603
96.48,539.974718793031
96.49,539.992070581873
96.5,539.982606129405
96.51,539.940805317615
96.52,539.916957348316
96.53,539.97094488409
96.54,539.970808516117
96.55,539.978140943062
96.56,539.970081202272
96.57,539.942106842236
96.58,539.965506330729
96.59,539.931431374473
96.6,539.996188235113
96.61,540.006167351222
96.62,539.977721027383
96.63,539.954759703793
96.64,539.991628979123
96.65,539.942135066991
96.66,539.963710368587
96.67,539.95770171455
96.68,539.933596019661
96.69,539.975849773499
96.7,539.988631000085
96.71,539.95308112655
96.72,540.06387317715
96.73,539.978452863145
96.74,539.989858330915
96.75,539.986776148135
96.76,540.071559297218
96.77,540.082443995776
96.78,540.000701759186
96.79,539.979906359268
96.8,539.890743555364
96.81,539.929472927611
96.82,539.910696274519
96.83,539.900989928374
96.84,539.988884730893
96.85,539.966973299006
96.86,539.985900783635
96.87,539.99081016431
96.88,539.899648571829
96.89,539.942848575972
96.9,539.848175802317
96.91,539.957578984534
96.92,540.046671139724
96.93,539.987127984376
96.94,539.956390666874
96.95,539.973471801694
96.96,539.982963539273
96.97,540.01983696964
96.98,539.99106702775
96.99,539.863980376848
97,539.931493303196
97.01,539.986356768346
97.02,539.915406693461
97.03,539.956742952443
97.04,539.962382675676
97.05,539.926488906218
97.06,539.95984296734
97.07,539.968990360132
97.08,539.980781545652
97.09,539.940219510701
97.1,540.007083345857
97.11,539.870322909938
97.12,539.961591675831
97.13,539.970362039073
97.14,539.921323889113
97.15,540.0169001843
97.16,539.84789372047
97.17,540.031137376172
97.18,539.890516811182
97.19,539.95095208
97.2,539.942033089608
97.21,539.964826354053
97.22,539.943210952959
97.23,539.948104304643
97.24,539.898762456131
97.25,540.03759115158
97.26,539.912436302856
97.27,539.974070681712
97.28,539.972518179057
97.29,540.005391330882
97.3,539.938907870954
97.31,540.024577605639
97.32,539.928010795696
97.33,540.007943736926
97.34,539.962535498484
97.35,540.071124809918
97.36,539.981649405689
97.37,539.963107634234
97.38,539.981770206907
97.39,539.978264668072
97.4,540.005194168353
97.41,539.896861175486
97.42,539.999366268764
97.43,539.952705537849
97.44,540.013966152132
97.45,540.038063781175
97.46,539.963748251458
97.47,539.975344911213
97.48,539.90493281446
97.49,539.992605482977
97.5,540.066365253986
97.51,539.901868630959
97.52,539.93890504258
97.53,539.978936691391
97.54,539.870364291345
97.55,539.974901676153
97.56,539.94159605583
97.57,539.876029440525
97.58,539.919480952256
97.59,539.936938971759
97.6,539.879670796633
97.61,539.845301368805
97.62,539.933824572328
97.63,539.930343510619
97.64,539.897998985242
97.65,539.857671219156
97.66,539.77222728634
97.67,539.852704655663
97.68,539.836631146971
97.69,539.75215172429
97.7,539.797165692812
97.71,539.885929070917
97.72,539.761563970364
97.73,539.795663044298
97.74,539.843651871906
97.75,539.890385435794
97.76,539.921096099335
97.77,539.818783120108
97.78,539.742671143141
97.79,539.827235292667
97.8,539.916948881124
97.81,539.866028050916
97.82,539.750834561386
97.83,539.848110040533
97.84,539.818045974008
97.85,539.893012136342
97.86,539.781364300224
97.87,539.877470759249
97.88,539.831818419361
97.89,539.884078549539
97.9,539.836032084783
97.91,539.81761677867
97.92,539.866124684323
97.93,539.741091639952
97.94,539.788270968117
97.95,539.874632874648
97.96,539.85954207021
97.97,539.726872804318
97.98,539.766127107804
97.99,539.797858225766
98,539.807546960553
98.01,539.812422033636
98.02,539.740239406005
98.03,539.787123038225
98.04,539.69455667758
98.05,539.739835962997
98.06,539.82791537325
98.07,539.813186525123
98.08,539.732060394069
98.09,539.701364351607
98.1,539.856311709679
98.11,539.765824271585
98.12,539.847021881941
98.13,539.791255188732
98.14,539.714005372286
98.15,539.801599619194
98.16,539.811476427436
98.17,539.684308798145
98.18,539.776659994796
98.19,539.833263459751
98.2,539.733022684141
98.21,539.77014139923
98.22,539.758469240635
98.23,539.843917219147
98.24,539.790331066801
98.25,539.81083651139
98.26,539.81801689952
98.27,539.791958183162
98.28,539.732105798599
98.29,539.709701353523
98.3,539.71317858356
98.31,539.809884049748
98.32,539.797554496345
98.33,539.763810556214
98.34,539.707001462414
98.35,539.831146524032
98.36,539.68530170692
98.37,539.849549632772
98.38,539.732001254064
98.39,539.757504725377
98.4,539.746551636023
98.41,539.751282712257
98.42,539.780761442183
98.43,539.770577304803
98.44,539.655876545815
98.45,539.70454900537
98.46,539.716321466285
98.47,539.675975273964
98.48,539.763662335561
98.49,539.663858049025
98.5,539.723371151481
98.51,539.712858277031
98.52,539.809752218524
98.53,539.767904462493
98.54,539.808850466861
98.55,539.754143618826
98.56,539.843295528092
98.57,539.838722819513
98.58,539.840281006649
98.59,539.875346610086
98.6,539.813983908
98.61,539.820827900015
98.62,539.873266177676
98.63,539.807550229647
98.64,539.867498571035
98.65,539.806197623755
98.66,539.829561522616
98.67,539.860095139525
98.68,539.776726501252
98.69,539.858999623325
98.7,539.89688934111
98.71,539.82924866826
98.72,539.814185618804
98.73,539.871125817964
98.74,539.842996879574
98.75,539.813366564776
98.76,539.878612864519
98.77,539.858836496079
98.78,539.846532542675
98.79,539.821255648744
98.8,539.836211851908
98.81,539.770402663072
98.82,539.825411287162
98.83,539.850375698887
98.84,539.818204489567
98.85,539.830687448872
98.86,539.857105583632
98.87,539.834125972665
98.88,539.844732871355
98.89,539.850942561386
98.9,539.879053606665
98.91,539.802871583929
98.92,539.879551058636
98.93,539.832774860598
98.94,539.861515752079
98.95,539.854442385523
98.96,539.874776233668
98.97,539.798556872385
98.98,539.896301708106
98.99,539.803777484266
99,539.86968060991
99.01,539.833054910781
99.02,539.874744165479
99.03,539.85509689217
99.04,539.859693153364
99.05,539.86614850853
99.06,539.862074329349
99.07,539.896718898502
99.08,539.873542893922
99.09,539.872076003349
99.1,539.859234666026
99.11,539.843251606121
99.12,539.885673441581
99.13,539.87347135291
99.14,539.858586860763
99.15,539.918232686224
99.16,539.949836734074
99.17,539.946698636213
99.18,539.938449899777
99.19,539.91002540734
99.2,539.956718642599
99.21,539.94827585873
99.22,539.957837898212
99.23,539.939424283044
99.24,539.912866793249
99.25,539.905263435352
99.26,539.9151163302
99.27,539.930981249367
99.28,539.861477895034
99.29,539.867519860809
99.3,539.838458879431
99.31,539.827846624931
99.32,539.938897466422
99.33,539.846008113746
99.34,539.800704688165
99.35,539.7648489888
99.36,539.853125778656
99.37,539.839807087542
99.38,539.77087889641
99.39,539.815791528193
99.4,539.816106404299
99.41,539.876635787201
99.42,539.841459140155
99.43,539.896170664119
99.44,539.827279477305
99.45,539.853884739439
99.46,539.921888917574
99.47,539.900166218497
99.48,539.908429551116
99.49,539.935586156133
99.5,540.003616254032
99.51,539.992294828323
99.52,539.991448262105
99.53,540.009399652773
99.54,540.015120688219
99.55,540.093919170652
99.56,540.077782144372
99.57,540.140969775112
99.58,540.116869637284
99.59,540.117836768812
99.6,540.145812935535
99.61,540.140669107818
99.62,540.154563022682
99.63,540.090149850281
99.64,540.176454219141
99.65,540.089514538466
99.66,540.187180481232
99.67,540.176837693528
99.68,540.148538429227
99.69,540.102249950759
99.7,540.146824845894
99.71,540.169170127541
99.72,540.167357255166
99.73,540.144606001971
99.74,540.144530779803
99.75,540.157264754642
99.76,540.134114781792
99.77,540.133924504731
99.78,540.141227188373
99.79,540.141637462003
99.8,540.126595287863
99.81,540.126904039646
99.82,540.187534023074
99.83,540.12726203412
99.84,540.11300626488
99.85,540.192640070565
99.86,540.159522664849
99.87,540.137340131415
99.88,540.14569289632
99.89,540.176758003381
99.9,540.155075770686
99.91,540.082513248159
99.92,540.097384139818
99.93,540.12299951462
99.94,540.114045693338
99.95,540.135124914472
99.96,540.127801076227
99.97,540.158700560239
99.98,540.130666286213
99.99,540.104915948515
100,540.150018945048
100.01,540.136839171799
100.02,540.13799912278
100.03,540.17088910084
100.04,540.11123460052
100.05,540.103380271048
100.06,540.064293183614
100.07,540.135123788605
100.08,540.045487068587
100.09,540.109997223661
100.1,540.091410094729
100.11,540.121605371372
100.12,540.139956962025
100.13,540.097469829317
100.14,540.14874014897
100.15,540.114098349718
100.16,540.088742711515
100.17,540.135920543305
100.18,540.177476285831
100.19,540.143031573903
100.2,540.068038724333
100.21,540.167354822701
100.22,540.183387283828
100.23,540.161498302515
100.24,540.126134684499
100.25,540.11297655867
100.26,540.117588779466
100.27,540.06566968956
100.28,540.050319939153
100.29,540.10430918583
100.3,540.064767990593
100.31,540.110988327995
100.32,540.090605289255
100.33,540.081863526202
100.34,540.109493298744
100.35,540.049090564698
100.36,540.093917862622
100.37,540.128749773087
100.38,540.149428146636
100.39,540.122282191323
100.4,540.078325123926
100.41,540.146322642808
100.42,540.1458227187
100.43,540.046255406524
100.44,540.05991525438
100.45,540.1546382982
100.46,540.183997712438
100.47,540.071193536918
100.48,540.149917229612
100.49,540.0685795296
100.5,540.113446471005
100.51,540.111030908354
100.52,540.110371416079
100.53,540.154515778451
100.54,540.130460395473
100.55,540.131456749032
100.56,540.120348198185
100.57,540.158918865917
100.58,540.100813687827
100.59,540.091259297436
100.6,540.160656443522
100.61,540.117509690138
100.62,540.108202401764
100.63,540.132443833256
100.64,540.093034084392
100.65,540.089464437514
100.66,540.130058809908
100.67,540.106214609071
100.68,540.087132325125
100.69,540.052015902025
100.7,540.132005161166
100.71,540.116576744114
100.72,540.105360288536
100.73,540.081036626447
100.74,540.095968433408
100.75,540.042320754639
100.76,540.080944354445
100.77,540.072674144305
100.78,540.064711941864
100.79,540.063526515008
100.8,540.031551759076
100.81,540.038916079504
100.82,540.049872396046
100.83,540.08119252953
100.84,540.105459317971
100.85,540.110175021741
100.86,540.099162799277
100.87,540.1297812951
100.88,540.142577137022
100.89,540.056930076107
100.9,540.101313503154
100.91,540.092975395345
100.92,540.156755271053
100.93,540.089723010831
100.94,540.069483715695
100.95,540.131701910102
100.96,540.09462940957
100.97,540.050592125334
100.98,540.095128026653
100.99,540.107635368676
101,540.11957695575
101.01,540.126462339976
101.02,540.088114027992
101.03,540.123300943136
101.04,540.102545252848
101.05,540.119777893464
101.06,540.073389479474
101.07,540.191490437385
101.08,540.109389526796
101.09,540.128804025604
101.1,540.087876325098
101.11,540.075963656921
101.12,540.18636325431
101.13,540.074410583673
101.14,540.045698326325
101.15,540.131418031596
101.16,540.12392943961
101.17,540.10244492494
101.18,540.16894695106
101.19,540.150921524631
101.2,540.101917110968
101.21,540.063884956452
101.22,540.092332111753
101.23,540.05931278492
101.24,540.206197245952
101.25,540.13221388938
101.26,540.118084851512
101.27,540.06846349032
101.28,540.062851640893
101.29,540.04150665215
101.3,540.071210202744
101.31,540.063929726665
101.32,540.06586204599
101.33,540.102542450781
101.34,540.087042953217
101.35,540.107237309945
101.36,540.082299264443
101.37,540.139840075995
101.38,540.128651512127
101.39,540.178571051996
101.4,540.114633274535
101.41,540.07321162913
101.42,540.071997714843
101.43,540.072377951625
101.44,540.121464398795
101.45,540.087077598403
101.46,540.054759214356
101.47,540.119527440279
101.48,540.134873127595
101.49,540.045501756726
101.5,540.105180846087
101.51,540.137125874961
101.52,540.088882521388
101.53,540.096971839387
101.54,540.081814298272
101.55,540.042148140521
101.56,540.193522061307
101.57,540.066271583107
101.58,540.154159846971
101.59,540.037491373248
101.6,540.204390290165
101.61,540.074090280292
101.62,540.14410516169
101.63,540.113315314533
101.64,540.094052193433
101.65,540.098162225118
101.66,540.051147092195
101.67,540.152478360553
101.68,540.121482560082
101.69,540.044535980491
101.7,540.11764376673
101.71,540.144105087427
101.72,540.035953134585
101.73,540.085345669183
101.74,540.13559339288
101.75,540.029011279691
101.76,540.064543260449
101.77,540.068956406647
101.78,540.152657290087
101.79,540.179437705999
101.8,540.138176567744
101.81,540.086343993534
101.82,540.05718182993
101.83,540.072641791449
101.84,540.037975935988
101.85,540.072172533745
101.86,540.057278446184
101.87,540.055040293333
101.88,540.046868204373
101.89,540.051558972493
101.9,540.016939728816
101.91,540.018208267124
101.92,540.057574516105
101.93,540.079778412197
101.94,540.042167240529
101.95,540.069935302201
101.96,540.176294808784
101.97,540.155625298516
101.98,540.0742958032
101.99,540.020589643757
102,540.025961631771
102.01,540.098679777564
102.02,540.114028419825
102.03,540.071502731033
102.04,540.040255249689
102.05,540.053780731003
102.06,540.125417067291
102.07,540.024111998597
102.08,540.036370059532
102.09,540.048443040445
102.1,540.023801993432
102.11,540.07204063055
102.12,540.114009443877
102.13,540.008803086836
102.14,540.096814634192
102.15,540.065542941402
102.16,540.045985341569
102.17,540.026067722008
102.18,540.031176189673
102.19,540.098431586995
102.2,540.033029412424
102.21,540.034982231048
102.22,540.071031182821
102.23,540.044017945221
102.24,540.090228368131
102.25,540.032659133245
102.26,540.113312974787
102.27,540.057324454363
102.28,540.041742962876
102.29,540.145223984248
102.3,540.006519305113
102.31,540.070644504615
102.32,540.105308022855
102.33,540.049489080644
102.34,540.00259818273
102.35,540.134343671919
102.36,540.113576610479
102.37,540.028006142419
102.38,540.019024381238
102.39,540.034911952022
102.4,540.08571574241
102.41,540.05516746579
102.42,539.99640179422
102.43,539.982936301424
102.44,540.031961612021
102.45,540.013195341609
102.46,540.000870567875
102.47,539.968177231722
102.48,539.993889270676
102.49,539.897821367073
102.5,540.05715293637
102.51,539.999965832915
102.52,540.040868880716
102.53,539.968631170827
102.54,539.959021424173
102.55,539.97483749897
102.56,539.958283988627
102.57,540.062232568935
102.58,540.057341147748
102.59,540.027288945089
102.6,539.967550439371
102.61,539.917680296595
102.62,539.978618387139
102.63,540.06809370385
102.64,540.002870928303
102.65,540.030815238886
102.66,540.059145989302
102.67,539.922715835984
102.68,539.968967551638
102.69,539.960521242307
102.7,540.017137620194
102.71,539.984158117007
102.72,539.929008105286
102.73,539.976265257004
102.74,540.010358506262
102.75,540.051531211768
102.76,539.959088821448
102.77,540.006675726422
102.78,539.957773757075
102.79,539.964826609354
102.8,540.00053527052
102.81,540.045173612278
102.82,540.090660332343
102.83,540.058964844882
102.84,539.999388045694
102.85,540.0011147233
102.86,539.982337559497
102.87,540.006905948325
102.88,540.086350070595
102.89,540.022859465875
102.9,540.018250865078
102.91,540.008808064614
102.92,540.018426629012
102.93,540.039705749997
102.94,540.044233383466
102.95,540.067365636309
102.96,540.016160006485
102.97,540.09971498023
102.98,540.091003129351
102.99,540.019693308435
103,540.070509916576
103.01,540.041582696739
103.02,539.995239468604
103.03,540.033706705869
103.04,540.02128281413
103.05,540.001144540479
103.06,539.98675575862
103.07,540.032921894785
103.08,540.08246277107
103.09,540.024930913843
103.1,540.049690451974
103.11,540.125402992838
103.12,540.132121630193
103.13,540.042717625855
103.14,540.140413141614
103.15,540.035669425293
103.16,540.057747835253
103.17,540.059727579231
103.18,540.098471561221
103.19,540.068024778452
103.2,540.041771153414
103.21,540.036624714834
103.22,539.97271576693
103.23,540.002240142524
103.24,540.109440777083
103.25,540.051371096845
103.26,540.069367308234
103.27,540.014102006222
103.28,540.06354667378
103.29,539.997889795433
103.3,539.97804487728
103.31,540.000444052373
103.32,540.079100803953
103.33,540.002624836986
103.34,539.95895870725
103.35,539.994192358995
103.36,540.012181692721
103.37,540.005066593312
103.38,539.959917781668
103.39,540.052761148485
103.4,540.020882877181
103.41,539.949104395538
103.42,539.963622659972
103.43,540.026369842859
103.44,540.0526339946
103.45,539.95225340793
103.46,540.048294851055
103.47,540.012377876107
103.48,539.970193069523
103.49,540.002940127405
103.5,540.007998534128
103.51,540.010807095788
103.52,539.973668700427
103.53,539.992532567622
103.54,539.949629022633
103.55,540.110864400115
103.56,539.915942113579
103.57,539.972905909563
103.58,539.927183561808
103.59,540.004329809785
103.6,539.948594011089
103.61,539.914568942137
103.62,539.93149250811
103.63,539.956162708567
103.64,540.013077643308
103.65,539.950638148444
103.66,539.916671742203
103.67,539.908258751058
103.68,539.984625954685
103.69,540.079163138059
103.7,539.991850431094
103.71,539.947283195991
103.72,539.943164766229
103.73,539.949467771504
103.74,540.018244441493
103.75,540.021373960434
103.76,540.035356805295
103.77,539.978987836307
103.78,539.906536565828
103.79,540.005177635587
103.8,540.024013648966
103.81,539.97305358828
103.82,540.004968974134
103.83,539.974519543389
103.84,540.109796593837
103.85,539.979815874834
103.86,539.959578982183
103.87,539.930493016736
103.88,539.951224364219
103.89,539.930408182455
103.9,539.926102470519
103.91,540.056406484144
103.92,540.037888393433
103.93,540.031394862404
103.94,540.009504694828
103.95,540.077298706183
103.96,539.966710571917
103.97,539.979426859469
103.98,540.012180470531
103.99,539.987865554623
104,539.969858623553
104.01,539.946293812949
104.02,539.994889266692
104.03,539.993697653974
104.04,539.940631571078
104.05,539.955456345391
104.06,539.996256409999
104.07,540.033152631388
104.08,540.050614804757
104.09,540.043943189186
104.1,540.04967397
104.11,540.002473576574
104.12,539.997176420115
104.13,539.98085904703
104.14,539.959521002855
104.15,540.018592760619
104.16,539.94363229919
104.17,540.057236081292
104.18,539.991913943986
104.19,540.115318679327
104.2,540.077469414035
104.21,539.983313762963
104.22,539.993373406821
104.23,539.978444475562
104.24,539.953966324997
104.25,539.979764151081
104.26,539.98826682272
104.27,540.019412995808
104.28,540.041837877122
104.29,540.026690472286
104.3,540.01957406259
104.31,539.915541747124
104.32,539.988824329318
104.33,539.956378397769
104.34,539.992669023381
104.35,540.051834202358
104.36,540.030900267578
104.37,540.00697544117
104.38,539.934321644458
104.39,539.926370259685
104.4,539.948726641719
104.41,539.979228983123
104.42,539.979973625069
104.43,540.006828281533
104.44,539.995725583594
104.45,540.025380808235
104.46,540.009314751136
104.47,540.02139737905
104.48,539.968682497145
104.49,539.969631890164
104.5,539.950351467378
104.51,539.959743348781
104.52,539.890725660248
104.53,539.968028986788
104.54,539.981590247542
104.55,540.039907319461
104.56,539.994240984788
104.57,540.031667098795
104.58,540.023193298995
104.59,540.005634393242
104.6,540.0028972232
104.61,540.042639776655
104.62,539.996762130873
104.63,539.982795077216
104.64,539.978337396015
104.65,539.986184922886
104.66,539.974974973337
104.67,540.039772593488
104.68,539.971365660559
104.69,539.969689486169
104.7,540.032352842585
104.71,539.998441353708
104.72,539.963649969075
104.73,540.024192873965
104.74,539.951293770748
104.75,539.89207737917
104.76,539.913105289846
104.77,539.870085653867
104.78,539.894423203209
104.79,539.947295666348
104.8,540.03601852932
104.81,539.960926210751
104.82,539.92150724851
104.83,539.934939104645
104.84,539.900391821848
104.85,539.93829666151
104.86,539.935031139046
104.87,539.93522636609
104.88,539.85229854844
104.89,539.889189406746
104.9,539.942892443788
104.91,539.925931585988
104.92,539.791678856823
104.93,539.91720089627
104.94,539.823864594535
104.95,539.876077526539
104.96,539.882701914858
104.97,539.742471676041
104.98,539.926413149895
104.99,539.762435705744
105,539.848012417335
105.01,539.870767684256
105.02,539.89911988626
105.03,539.884099791712
105.04,539.757156023022
105.05,539.873004878576
105.06,539.898884528769
105.07,539.850152007354
105.08,539.770973912154
105.09,539.862939401393
105.1,539.79443184204
105.11,539.839814375836
105.12,539.853307695811
105.13,539.871559673828
105.14,539.860253754617
105.15,539.909209367003
105.16,539.878753162057
105.17,539.912279181165
105.18,539.831933109646
105.19,539.756473852309
105.2,539.85382246236
105.21,539.818012747206
105.22,539.925027229504
105.23,539.869082888686
105.24,539.77654028577
105.25,539.881784069966
105.26,539.913670824593
105.27,539.796723885798
105.28,539.898431678253
105.29,539.864727866831
105.3,539.806473657798
105.31,539.867427695739
105.32,539.792779295466
105.33,539.87746573358
105.34,539.86994773922
105.35,539.821657069314
105.36,539.876540745058
105.37,539.81042397854
105.38,539.831806566055
105.39,539.923636945353
105.4,539.75000559181
105.41,539.80522503211
105.42,539.813836685958
105.43,539.828487775341
105.44,539.883654106671
105.45,539.872536376326
105.46,539.850126972103
105.47,539.729166106638
105.48,539.797534052668
105.49,539.771086554386
105.5,539.842578548503
105.51,539.894958883761
105.52,539.808530212675
105.53,539.828302633184
105.54,539.816600722647
105.55,539.771376899518
105.56,539.852905334322
105.57,539.826666255901
105.58,539.739399337415
105.59,539.872204215684
105.6,539.781382900863
105.61,539.697679092338
105.62,539.781867554082
105.63,539.714267206582
105.64,539.730697376446
105.65,539.831741606643
105.66,539.751875427896
105.67,539.738366769617
105.68,539.800030915638
105.69,539.720942071829
105.7,539.751572696922
105.71,539.731535042805
105.72,539.828357984588
105.73,539.794099478451
105.74,539.779175368359
105.75,539.840961959868
105.76,539.843673305556
105.77,539.804162390706
105.78,539.812543292746
105.79,539.791507864656
105.8,539.730657693564
105.81,539.81066379777
105.82,539.783733112985
105.83,539.800684069936
105.84,539.843062542872
105.85,539.764813112381
105.86,539.813292660909
105.87,539.869689641188
105.88,539.774838374314
105.89,539.828630353757
105.9,539.765938980292
105.91,539.861121106656
105.92,539.894602471982
105.93,539.824650160821
105.94,539.811755368567
105.95,539.867004143745
105.96,539.751567769088
105.97,539.768849589715
105.98,539.870989349759
105.99,539.812096453385
106,539.848440527609
106.01,539.884347984585
106.02,539.842160773665
106.03,539.85948854112
106.04,539.910414036829
106.05,539.842238596931
106.06,539.819909360311
106.07,539.864425853506
106.08,539.84150365632
106.09,539.794146292942
106.1,539.809069273989
106.11,539.766355939621
106.12,539.841311247986
106.13,539.839510406079
106.14,539.777784241116
106.15,539.789758750387
106.16,539.819857663358
106.17,539.767011575965
106.18,539.832331182669
106.19,539.804365157229
106.2,539.866870094909
106.21,539.794641575881
106.22,539.836585306991
106.23,539.839981548475
106.24,539.806189589827
106.25,539.794376595767
106.26,539.836497031622
106.27,539.772046984205
106.28,539.754698726546
106.29,539.820267554298
106.3,539.79841556534
106.31,539.771543387807
106.32,539.869168279367
106.33,539.820490279944
106.34,539.797095122732
106.35,539.828269797774
106.36,539.861292196747
106.37,539.832973726116
106.38,539.858439892264
106.39,539.882375595401
106.4,539.830918928415
106.41,539.835465127814
106.42,539.825582250569
106.43,539.915315754715
106.44,539.900872189923
106.45,539.908133613485
106.46,539.882247658886
106.47,539.910872931814
106.48,539.925230205438
106.49,539.886506167858
106.5,539.902335075455
106.51,539.909536209021
106.52,539.835653070669
106.53,539.838041520054
106.54,539.912159360392
106.55,539.844479678154
106.56,539.916110342441
106.57,539.877104321222
106.58,539.895595212678
106.59,539.862493323368
106.6,539.957472025572
106.61,539.895894943051
106.62,539.930457009624
106.63,539.910851702261
106.64,539.950939524661
106.65,539.866311107673
106.66,539.886512887144
106.67,539.918600669081
106.68,539.927197059901
106.69,539.976091600518
106.7,539.944769862712
106.71,539.951259259313
106.72,539.900022118935
106.73,539.943474278589
106.74,539.895271315895
106.75,539.977035687885
106.76,539.977352077763
106.77,539.983271920751
106.78,539.925453550311
106.79,539.936964303572
106.8,539.962330016705
106.81,539.921921159165
106.82,539.967850728411
106.83,539.956726531321
106.84,539.945682774958
106.85,539.970717019891
106.86,539.914274874705
106.87,539.952465910215
106.88,539.933076102194
106.89,539.895337865156
106.9,539.90013181054
106.91,539.900158145036
106.92,539.913336860262
106.93,539.962306994559
106.94,539.94316678782
106.95,539.951598665924
106.96,539.895685114456
106.97,539.920740682541
106.98,539.911151434653
106.99,539.949650033884
107,539.938871186881
107.01,539.894929581336
107.02,539.93090461144
107.03,539.905351528911
107.04,539.90595621992
107.05,539.888383718315
107.06,539.859247572344
107.07,539.900663362466
107.08,539.882698076116
107.09,539.894382497458
107.1,539.888525606641
107.11,539.842394418135
107.12,539.903922890935
107.13,539.978296735037
107.14,539.879765816328
107.15,539.905247380658
107.16,539.930064811479
107.17,539.896376737849
107.18,539.945548157479
107.19,539.949436448759
107.2,539.945655542671
107.21,539.955738584031
107.22,540.007220896706
107.23,540.012660003956
107.24,540.01923781517
107.25,540.046717108905
107.26,540.039981089465
107.27,540.079098522382
107.28,540.108703614165
107.29,540.104707545029
107.3,540.158820999972
107.31,540.101104278449
107.32,540.135303340396
107.33,540.087543743709
107.34,540.088860680855
107.35,540.142926728294
107.36,540.125119604394
107.37,540.140540089631
107.38,540.113013715467
107.39,540.162663284792
107.4,540.16694361557
107.41,540.152038733856
107.42,540.112983915398
107.43,540.121599206916
107.44,540.115186042691
107.45,540.089299447576
107.46,540.144504712869
107.47,540.152736697502
107.48,540.126607304796
107.49,540.161524338406
107.5,540.157524922028
107.51,540.125006861057
107.52,540.162910322067
107.53,540.164710237784
107.54,540.141898491981
107.55,540.109461868382
107.56,540.124922578198
107.57,540.166408756577
107.58,540.143897596062
107.59,540.158367953017
107.6,540.123288908635
107.61,540.100149883494
107.62,540.107216237098
107.63,540.114824852472
107.64,540.143781681541
107.65,540.183287755333
107.66,540.106487894196
107.67,540.120420222615
107.68,540.150047820721
107.69,540.15512815801
107.7,540.120516386864
107.71,540.116005090771
107.72,540.162576132847
107.73,540.11202081931
107.74,540.156958231109
107.75,540.112849519679
107.76,540.126246233818
107.77,540.109362105238
107.78,540.107247964669
107.79,540.122555573128
107.8,540.174395736861
107.81,540.183775987328
107.82,540.144722484931
107.83,540.184041926525
107.84,540.158401768722
107.85,540.118459465346
107.86,540.166934922704
107.87,540.0751915618
107.88,540.074983861461
107.89,540.146201262604
107.9,540.162469867066
107.91,540.150014046133
107.92,540.177277481469
107.93,540.200741068798
107.94,540.17848612238
107.95,540.076347718526
107.96,540.117606826711
107.97,540.144765103394
107.98,540.115507993485
107.99,540.166502543935
108,540.138894692324
108.01,540.132519417562
108.02,540.106087163128
108.03,540.091449047603
108.04,540.101544192872
108.05,540.098752142941
108.06,540.102302860721
108.07,540.138551914117
108.08,540.096573008322
108.09,540.10334977835
108.1,540.091145685431
108.11,540.142335720046
108.12,540.013917788409
108.13,540.112769665074
108.14,540.080894847315
108.15,540.134411357067
108.16,540.015654036221
108.17,540.052103826251
108.18,540.088962855588
108.19,540.0961690146
108.2,540.047814506633
108.21,540.034294517928
108.22,540.093305355398
108.23,540.056304223899
108.24,540.036995692436
108.25,540.093179696828
108.26,540.043407620945
108.27,539.975900669261
108.28,540.075309731646
108.29,540.063965532464
108.3,540.055098077879
108.31,540.028116184726
108.32,540.089384468949
108.33,540.054052592659
108.34,540.018510689672
108.35,540.083352201341
108.36,540.08657254041
108.37,540.073695111885
108.38,540.013545683664
108.39,540.066061720453
108.4,540.064842341214
108.41,540.045045121621
108.42,540.012873590446
108.43,540.006089046447
108.44,540.048069932641
108.45,540.028441118678
108.46,539.979815976488
108.47,540.002463101991
108.48,540.003683816147
108.49,540.007298252259
108.5,540.020716097768
108.51,540.019992602819
108.52,540.046854697738
108.53,539.993572477702
108.54,539.971104084754
108.55,540.040880779397
108.56,540.045944627175
108.57,539.995622225194
108.58,539.980618218396
108.59,539.992965246512
108.6,540.01373318664
108.61,539.939293110987
108.62,540.026145167779
108.63,540.025899366088
108.64,539.983217406536
108.65,539.980121191575
108.66,539.992553094874
108.67,539.996423547446
108.68,539.999131507839
108.69,540.041148113508
108.7,539.991122953526
108.71,539.991226149074
108.72,539.960437929355
108.73,540.021774923513
108.74,540.047400106184
108.75,540.077124096492
108.76,540.003038009851
108.77,540.038903357419
108.78,539.964951745191
108.79,540.045128333048
108.8,540.069661737547
108.81,540.057467928099
108.82,539.986442116403
108.83,539.995370821994
108.84,540.017812916741
108.85,540.010899937445
108.86,539.993647675222
108.87,540.009888590904
108.88,540.00725530039
108.89,540.018480792196
108.9,539.953398137526
108.91,539.942464830426
108.92,539.99239316474
108.93,540.002788602382
108.94,540.004758486473
108.95,539.988393406831
108.96,539.994933408906
108.97,539.993265821893
108.98,539.998877588121
108.99,539.980769239036
109,540.075164975407
109.01,539.987522308616
109.02,539.983223683163
109.03,539.970677783151
109.04,540.022062748197
109.05,539.943892875266
109.06,540.013832000815
109.07,540.011363718161
109.08,540.056965920607
109.09,540.035225522547
109.1,540.028738102513
109.11,540.009167316801
109.12,540.017285801955
109.13,540.002292029667
109.14,539.988396843686
109.15,539.988128760768
109.16,539.98570965028
109.17,539.975919817009
109.18,539.966384301908
109.19,540.01040323628
109.2,540.03974581079
109.21,540.001974713904
109.22,539.998244891202
109.23,539.998607066
109.24,539.986892846476
109.25,539.99199824217
109.26,539.980353184556
109.27,540.057016889946
109.28,539.977600989367
109.29,539.974510781944
109.3,539.984942814453
109.31,539.963796227045
109.32,539.95278183129
109.33,540.000169633656
109.34,540.013466846426
109.35,540.017404225692
109.36,540.007655522512
109.37,539.958694553891
109.38,539.96425597762
109.39,540.024024612341
109.4,539.999513887409
109.41,540.007025141384
109.42,540.007358363204
109.43,540.002193575237
109.44,540.015769249185
109.45,539.931566322695
109.46,540.005607304916
109.47,539.99143555787
109.48,539.994387292549
109.49,540.027064417787
109.5,539.957379162353
109.51,539.992718406119
109.52,540.015920380622
109.53,539.976226398733
109.54,539.951615757118
109.55,539.943978357489
109.56,539.904943601969
109.57,539.928554158274
109.58,539.935346455111
109.59,539.840325178368
109.6,539.920722132789
109.61,539.955719901952
109.62,539.866742872737
109.63,539.868734782738
109.64,539.854475883547
109.65,539.930341485768
109.66,539.904947686537
109.67,539.877071320499
109.68,539.823551196771
109.69,539.882428119541
109.7,539.8408261313
109.71,539.919025772895
109.72,539.884835315753
109.73,539.90085408828
109.74,539.852300351753
109.75,539.901242217301
109.76,539.837799238784
109.77,539.924141868499
109.78,539.870722257462
109.79,539.844063046941
109.8,539.857089105963
109.81,539.946380329626
109.82,539.907617601104
109.83,539.86770016502
109.84,539.899579833584
109.85,539.889817660382
109.86,539.847921447686
109.87,539.893655917393
109.88,539.878624238276
109.89,539.880393581411
109.9,539.925518589086
109.91,539.91047242156
109.92,539.87056531778
109.93,539.901635789488
109.94,539.824292491499
109.95,539.912565508105
109.96,539.890219760356
109.97,539.881412865077
109.98,539.878529795361
109.99,539.895950745791
110,539.908057432743
110.01,539.919260065334
110.02,539.860014240913
110.03,539.940454651057
110.04,539.89911536918
110.05,539.866978096578
110.06,539.90387154706
110.07,539.949195388129
110.08,539.937173634197
110.09,539.939662063442
110.1,539.966492019162
110.11,539.917739597046
110.12,539.911745096511
110.13,539.911056514405
110.14,539.970761318046
110.15,539.923872350862
110.16,539.927189141986
110.17,539.922202452575
110.18,539.941072203897
110.19,539.893923751061
110.2,539.918113940439
110.21,539.917626166912
110.22,539.890236144157
110.23,539.949460602055
110.24,539.933519144498
110.25,539.890326461468
110.26,539.91339224128
110.27,539.931856081973
110.28,539.849106669826
110.29,539.928652854273
110.3,539.907698230585
110.31,539.924536946847
110.32,539.904936521153
110.33,539.935444862475
110.34,539.896729418442
110.35,539.895498806358
110.36,539.880649853268
110.37,539.935573154449
110.38,539.903016465273
110.39,539.931936698723
110.4,539.90505068842
110.41,539.955468928751
110.42,539.925459283152
110.43,539.932454003712
110.44,539.938716950285
110.45,539.904998099882
110.46,539.958276350371
110.47,539.946671390824
110.48,539.947955565369
110.49,539.965753401379
110.5,539.884977637936
110.51,539.941667704816
110.52,539.921570558947
110.53,539.911145784514
110.54,539.90409604491
110.55,539.933078813778
110.56,539.969956231814
110.57,539.937598477146
110.58,539.90798684839
110.59,539.900457343909
110.6,539.887594170683
110.61,539.914094851902
110.62,539.930056992136
110.63,539.905852682109
110.64,539.889177528715
110.65,539.939491851648
110.66,539.953776953975
110.67,539.951353980707
110.68,539.905863850812
110.69,539.923288034642
110.7,539.969917611061
110.71,539.916598519368
110.72,539.963663195752
110.73,539.927507643201
110.74,539.917674692213
110.75,539.939777285997
110.76,539.933170026319
110.77,539.971000940001
110.78,539.935342653747
110.79,539.969015712012
110.8,539.980313070838
110.81,539.889351412773
110.82,539.945181626517
110.83,539.963788312173
110.84,539.950320345742
110.85,539.921123304262
110.86,539.907946259516
110.87,539.973226609546
110.88,539.972888767184
110.89,539.979774162803
110.9,539.979421338356
110.91,539.974157088675
110.92,539.99336863345
110.93,539.953198756994
110.94,539.74001358452
110.95,539.987660103954
110.96,540.014441089783
110.97,539.957115269326
110.98,540.008079367646
110.99,539.980383486311
111,539.925381608452
111.01,540.006136853168
111.02,539.907216543339
111.03,539.760424029855
111.04,539.960151107984
111.05,539.994713232673
111.06,539.965319867937
111.07,539.948661254002
111.08,539.963915259772
111.09,540.022771946901
111.1,539.994512435211
111.11,540.00160075728
111.12,540.010434677116
111.13,539.992192491989
111.14,540.001498087176
111.15,539.958577225768
111.16,539.961178038902
111.17,539.977051449063
111.18,540.037325235148
111.19,539.900902014756
111.2,539.97971860007
111.21,539.970216649487
111.22,539.950213303655
111.23,539.983891553621
111.24,539.954158187108
111.25,540.018294344943
111.26,539.97038968588
111.27,539.942430787693
111.28,539.970037223272
111.29,539.978509194666
111.3,540.010608184265
111.31,539.990694107221
111.32,540.001840573552
111.33,539.983767209367
111.34,539.987959479432
111.35,539.997390389938
111.36,540.027932295932
111.37,539.980927784027
111.38,540.057857749462
111.39,540.034391966602
111.4,540.010485638343
111.41,540.009147066028
111.42,540.050414097466
111.43,540.086127681438
111.44,540.083343711816
111.45,540.0693606099
111.46,540.104079570344
111.47,540.090643400235
111.48,540.036353617637
111.49,540.092758082887
111.5,540.033424240215
111.51,540.054959477965
111.52,540.027762037169
111.53,540.004871141506
111.54,539.99510420234
111.55,539.998291989191
111.56,540.054409247005
111.57,540.040154300192
111.58,539.952605781359
111.59,540.027004635117
111.6,539.974034713395
111.61,539.973935205188
111.62,540.025648448462
111.63,539.966010153853
111.64,539.911441894543
111.65,539.988039803207
111.66,539.997638215532
111.67,539.978546572998
111.68,539.983968726399
111.69,539.969027776189
111.7,540.002484804451
111.71,539.957274203022
111.72,539.969685026214
111.73,539.991355991975
111.74,539.957664121032
111.75,539.972705032055
111.76,540.001651755924
111.77,540.014429222517
111.78,539.956042638815
111.79,540.010775128117
111.8,539.984350399019
111.81,539.970950746071
111.82,540.020299914197
111.83,539.974509146953
111.84,540.036208673217
111.85,539.988018532886
111.86,539.995363182485
111.87,540.007655318424
111.88,539.967822383847
111.89,539.992454047482
111.9,539.967272343087
111.91,540.001787597763
111.92,540.039243319023
111.93,539.982268087418
111.94,539.897315428881
111.95,539.96686824758
111.96,539.957787856859
111.97,540.041656554703
111.98,539.985678817171
111.99,540.032183169031
112,539.916958743378
112.01,539.996443367319
112.02,539.961570596022
112.03,540.00367612117
112.04,539.965277333478
112.05,539.983295218264
112.06,539.962818608298
112.07,539.949214365586
112.08,539.984943090571
112.09,539.961733299226
112.1,539.958697968132
112.11,539.956074231021
112.12,539.987120726444
112.13,539.96639830049
112.14,539.944883848499
112.15,539.890952182846
112.16,539.878819204031
112.17,539.87232289748
112.18,539.976644967651
112.19,539.975147244231
112.2,539.923294940579
112.21,539.974903222194
112.22,539.952373607964
112.23,539.943534103459
112.24,539.94107421712
112.25,539.946425800506
112.26,539.980252411758
112.27,539.931490848833
112.28,540.001120865531
112.29,539.970302904787
112.3,539.942287745177
112.31,539.943204070864
112.32,540.000070636476
112.33,540.016401371714
112.34,539.956632956484
112.35,539.94181007594
112.36,539.948947795221
112.37,540.026334386061
112.38,539.990460071913
112.39,540.022401487351
112.4,539.869252180734
112.41,540.027144431027
112.42,539.999360444309
112.43,539.95812506416
112.44,540.011232650683
112.45,539.988993181916
112.46,539.954812060713
112.47,540.006277252362
112.48,540.010894594483
112.49,539.978189790365
112.5,539.973854644068
112.51,540.031907998324
112.52,539.977379310462
112.53,539.969843223561
112.54,540.001663136637
112.55,540.03229363919
112.56,540.006888319082
112.57,540.002214057374
112.58,540.02648092883
112.59,539.961924291988
112.6,539.93442135026
112.61,539.919309149675
112.62,539.931772543567
112.63,540.01903404529
112.64,540.003392032907
112.65,539.943838619711
112.66,539.989446628109
112.67,539.866699110957
112.68,539.805394722688
112.69,539.909235385767
112.7,539.915172681568
112.71,539.935119491406
112.72,539.906875104077
112.73,539.964845654894
112.74,539.919052053293
112.75,539.929951890287
112.76,539.868997702037
112.77,539.899592301079
112.78,539.794130923861
112.79,539.895703657191
112.8,539.912054206391
112.81,539.808182365312
112.82,539.888938867931
112.83,539.892492260359
112.84,539.922770328936
112.85,539.906302470418
112.86,539.902730189915
112.87,539.84414945386
112.88,539.896338769291
112.89,539.634719914704
112.9,539.931748121865
112.91,539.883005692276
112.92,539.868173289554
112.93,539.859286969633
112.94,539.895639091091
112.95,539.890861393071
112.96,539.938182560409
112.97,539.935968802924
112.98,539.849221928416
112.99,539.869753238509
113,539.833624034012
113.01,539.874386812863
113.02,539.965253451001
113.03,539.827702349272
113.04,539.921662804825
113.05,539.807141873561
113.06,539.861025259013
113.07,539.963896653984
113.08,539.733883835986
113.09,539.829175450513
113.1,539.91848688475
113.11,539.883300974233
113.12,539.841036796377
113.13,539.911803041154
113.14,539.927134449305
113.15,539.994151347822
113.16,539.949016383073
113.17,539.749767961672
113.18,539.971397580725
113.19,539.91241927978
113.2,539.951409535701
113.21,539.929199041331
113.22,539.9005743316
113.23,539.904749989958
113.24,539.844193174534
113.25,539.947435365197
113.26,539.772628457991
113.27,539.873105133927
113.28,539.867325066567
113.29,539.939710418863
113.3,539.944793666776
113.31,539.975610145314
113.32,539.895758338398
113.33,539.976286745462
113.34,539.984450584226
113.35,539.947929588998
113.36,539.91763110504
113.37,539.92771209328
113.38,539.919769148374
113.39,539.96699120852
113.4,539.973138473047
113.41,539.839470576163
113.42,539.914211970107
113.43,539.968110585677
113.44,539.895019415661
113.45,539.911523567723
113.46,539.932384126653
113.47,539.830349166739
113.48,539.941789186852
113.49,539.863575084035
113.5,539.827268859928
113.51,539.821670754698
113.52,539.916652015932
113.53,539.954921345641
113.54,539.834550850729
113.55,539.880506735378
113.56,539.948552490544
113.57,539.824904968758
113.58,539.956445970283
113.59,539.850949065496
113.6,539.840945472493
113.61,539.790451080569
113.62,539.888028797743
113.63,539.986467291485
113.64,539.910311618799
113.65,539.927457895105
113.66,539.905948735239
113.67,539.566381342157
113.68,539.866174579305
113.69,539.849861003087
113.7,539.902086700768
113.71,539.952434362601
113.72,539.976991469165
113.73,540.103517819749
113.74,540.021150173784
113.75,540.128820198769
113.76,540.142185490275
113.77,540.169471921647
113.78,540.176126091715
113.79,540.184113279114
113.8,540.252677101277
113.81,540.187510761751
113.82,540.172818946471
113.83,540.227512245623
113.84,540.655730511167
113.85,540.186895901228
113.86,540.240256276305
113.87,540.218470890622
113.88,540.161468734126
113.89,540.188424538923
113.9,540.165940433836
113.91,540.090184605951
113.92,540.168275579537
113.93,540.06365106658
113.94,540.190884209222
113.95,540.162160922654
113.96,540.158434909206
113.97,540.186395761348
113.98,540.135359432435
113.99,540.16956543509
114,540.183581455007
114.01,540.123007529848
114.02,540.168768138842
114.03,540.179330725254
114.04,540.169803826612
114.05,540.573327816149
114.06,540.165518971531
114.07,540.187541810122
114.08,540.143542839498
114.09,540.147832097403
114.1,540.192593381786
114.11,540.209060087023
114.12,540.203396211936
114.13,540.204652475109
114.14,540.123308681088
114.15,540.208419376302
114.16,540.118100295849
114.17,540.099434424807
114.18,540.16205385863
114.19,540.192124883452
114.2,540.166180025725
114.21,540.162023285586
114.22,540.15077751982
114.23,540.13462723568
114.24,540.130183272629
114.25,540.162728345603
114.26,540.200151502199
114.27,540.199563696423
114.28,540.198110233014
114.29,540.129272104303
114.3,540.210271481814
114.31,540.136805733275
114.32,540.146755498457
114.33,540.164798724619
114.34,540.141460095132
114.35,540.157020560547
114.36,540.191678465149
114.37,540.398758845523
114.38,540.143751837543
114.39,540.228829265565
114.4,540.153901872292
114.41,540.143300098953
114.42,540.127774021263
114.43,540.1560751135
114.44,540.169052068798
114.45,540.116402768783
114.46,540.194136150972
114.47,540.116047501324
114.48,540.186276232669
114.49,540.16029746036
114.5,540.17928714684
114.51,540.074815835849
114.52,540.146906917136
114.53,540.151247524298
114.54,540.118071607416
114.55,540.197268056145
114.56,540.114388122154
114.57,540.168496775036
114.58,540.179419257426
114.59,540.168726752872
114.6,540.185483474163
114.61,540.169211716522
114.62,540.182154978796
114.63,540.177769429945
114.64,540.15102864394
114.65,540.177796468998
114.66,540.175594436805
114.67,540.147472178717
114.68,540.092173429154
114.69,540.105671250641
114.7,540.156453416741
114.71,540.124197283861
114.72,540.137070262842
114.73,540.11711028075
114.74,540.142144043578
114.75,540.108104486845
114.76,540.109527474667
114.77,540.105256416302
114.78,540.136019012852
114.79,540.112499600236
114.8,540.222971267906
114.81,540.135298620696
114.82,540.162919007202
114.83,540.177035953249
114.84,540.12157177951
114.85,540.120249143025
114.86,540.111095837321
114.87,540.168980468873
114.88,540.178939187044
114.89,540.153381534209
114.9,540.14792290693
114.91,540.157993713188
114.92,540.170914207435
114.93,540.151549261204
114.94,540.126133995505
114.95,540.084052073066
114.96,540.177603358692
114.97,540.120914272024
114.98,540.137782576974
114.99,540.125486689627
115,540.160341190582
115.01,540.107601802189
115.02,540.11472991779
115.03,540.131179304552
115.04,540.122193475232
115.05,540.137721278566
115.06,540.066910561511
115.07,540.091016867517
115.08,540.167758253727
115.09,540.124460068528
115.1,540.074563297671
115.11,540.127816199598
115.12,540.133735178468
115.13,540.118011296131
115.14,540.094567940572
115.15,540.119251404828
115.16,540.111280602933
115.17,540.151128020276
115.18,540.115607210225
115.19,540.125206941188
115.2,540.100150493246
115.21,540.163807812965
115.22,540.177143445696
115.23,540.153527999314
115.24,540.074587214272
115.25,540.076135043298
115.26,540.158672633332
115.27,540.167488769522
115.28,540.120998683145
115.29,540.094395182516
115.3,540.127427721395
115.31,540.10737886164
115.32,540.062952389879
115.33,540.12015144529
115.34,540.103436136056
115.35,540.107432620651
115.36,540.084913034775
115.37,540.055342618449
115.38,540.160289250917
115.39,540.03399238692
115.4,540.130423765276
115.41,540.147155286882
115.42,540.100183440736
115.43,540.089724628149
115.44,540.177557538166
115.45,540.10483535165
115.46,540.128660507263
115.47,540.085438036964
115.48,540.04525789696
115.49,540.159890112395
115.5,540.104913204718
115.51,540.069447808722
115.52,540.107797627772
115.53,540.152434598982
115.54,540.06191305268
115.55,540.132930772825
115.56,540.131969798281
115.57,540.100298869156
115.58,540.113474027637
115.59,540.0724155864
115.6,540.112218802229
115.61,540.070858197313
115.62,540.140233570668
115.63,540.127506962619
115.64,540.189576197865
115.65,540.172337437804
115.66,540.141150758883
115.67,540.168831858501
115.68,540.13012261279
115.69,540.101973358078
115.7,540.100920953448
115.71,540.132778807571
115.72,540.090761810735
115.73,540.073875517622
115.74,540.074987128512
115.75,540.143346006334
115.76,540.110517367494
115.77,540.148682024519
115.78,540.107257543216
115.79,540.0432013176
115.8,540.08062060062
115.81,540.094472925359
115.82,540.138421670201
115.83,540.065260294931
115.84,540.143879951412
115.85,540.155961628547
115.86,540.034749744409
115.87,540.074546156638
115.88,540.133604517886
115.89,540.049683029472
115.9,540.109621196043
115.91,540.159637951396
115.92,540.096586224084
115.93,540.06241564349
115.94,540.060253319585
115.95,540.088304770525
115.96,540.050735334624
115.97,540.086501925488
115.98,540.003106362974
115.99,540.071990312577
116,540.074918878522
116.01,540.049424684381
116.02,540.012941610995
116.03,540.056472896585
116.04,540.034397991408
116.05,539.987696935056
116.06,540.050743268429
116.07,539.994285561064
116.08,540.076078873426
116.09,539.994847886079
116.1,540.069499004844
116.11,540.074586871006
116.12,540.031451359162
116.13,540.073439323213
116.14,540.073920396688
116.15,539.990000245932
116.16,540.036953836574
116.17,540.0709821991
116.18,540.012498969077
116.19,540.072182328554
116.2,540.068239512035
116.21,540.022197312857
116.22,540.104142048468
116.23,540.066880687207
116.24,540.002636025873
116.25,540.052535649945
116.26,540.095222881503
116.27,540.013853749287
116.28,540.0254676761
116.29,540.043854574791
116.3,540.075819445456
116.31,540.006485252229
116.32,540.015130507794
116.33,540.111074850226
116.34,540.020879168582
116.35,539.999294681246
116.36,540.000128282139
116.37,539.992578150778
116.38,540.072397637113
116.39,540.072670709947
116.4,540.09377458369
116.41,539.985099808952
116.42,540.031465304868
116.43,540.013802298308
116.44,540.056902527458
116.45,540.027027285653
116.46,540.072823115086
116.47,540.009219563877
116.48,540.013468306728
116.49,540.002189100241
116.5,539.986556540318
116.51,540.032161766293
116.52,540.063722703417
116.53,540.032372884933
116.54,540.049073098761
116.55,540.048535172243
116.56,540.006233869123
116.57,539.976818910497
116.58,539.982447989236
116.59,540.000321937227
116.6,540.011519671944
116.61,540.006722966203
116.62,540.008359708123
116.63,539.991690998969
116.64,539.992938835781
116.65,540.060939289294
116.66,540.098084523737
116.67,540.081287881347
116.68,540.040438997682
116.69,540.035406116818
116.7,540.083496618515
116.71,540.105877061884
116.72,540.057307560747
116.73,540.000683265728
116.74,540.030914877557
116.75,540.01115183258
116.76,540.040093652561
116.77,539.98503001363
116.78,540.034000802664
116.79,539.984308069513
116.8,540.004713367533
116.81,540.009599427937
116.82,540.050190674341
116.83,540.084345353344
116.84,540.039405537118
116.85,540.065271893619
116.86,540.089776839939
116.87,540.076903260669
116.88,540.015515825862
116.89,540.04818925313
116.9,539.995748174581
116.91,540.023462383364
116.92,539.993854563773
116.93,540.05970635469
116.94,540.03017622181
116.95,540.062898324877
116.96,540.033403674722
116.97,539.99429611285
116.98,539.991463376425
116.99,540.061460837267
117,540.064408833281
117.01,540.079206871613
117.02,540.087859942894
117.03,539.984184962217
117.04,540.001740023289
117.05,540.02358846982
117.06,540.079447963305
117.07,540.024981127826
117.08,540.012727530948
117.09,540.024729143154
117.1,540.026919248165
117.11,540.080368780362
117.12,540.019336760255
117.13,540.02280615556
117.14,540.024524149903
117.15,540.084463357885
117.16,540.093792122868
117.17,540.017655027498
117.18,540.005686806279
117.19,540.038005706712
117.2,540.066743191171
117.21,540.045771941995
117.22,540.095272272712
117.23,540.09087646974
117.24,540.036958090743
117.25,539.998260326248
117.26,540.056559116999
117.27,540.031692915136
117.28,539.982463524965
117.29,540.013754167121
117.3,540.084848663175
117.31,540.007925004959
117.32,540.033887133198
117.33,540.096996422152
117.34,539.974090636408
117.35,539.973247218432
117.36,540.058732318742
117.37,539.940221778493
117.38,540.009132551715
117.39,540.046566203294
117.4,539.960431061017
117.41,540.015401496601
117.42,540.011554502025
117.43,539.956042375846
117.44,540.076708559787
117.45,539.972779529779
117.46,539.990105663661
117.47,540.033599852074
117.48,539.940816866992
117.49,540.050378175918
117.5,540.039517292966
117.51,539.940692139595
117.52,539.994345959163
117.53,540.000678846488
117.54,539.967682700656
117.55,540.061746195846
117.56,540.000319902926
117.57,539.986714942242
117.58,540.007976728424
117.59,539.949003822816
117.6,539.980005621168
117.61,540.051509275446
117.62,539.965168234242
117.63,540.010784583174
117.64,540.032185947851
117.65,539.991905986509
117.66,540.031728486802
117.67,540.024592676966
117.68,539.999337096306
117.69,540.017786155873
117.7,540.021360440462
117.71,539.994178410522
117.72,540.034802312903
117.73,539.96345530412
117.74,540.046711134287
117.75,539.99548502511
117.76,540.032499644022
117.77,540.029393520181
117.78,539.958231894006
117.79,539.971385042931
117.8,540.046972808507
117.81,540.003768082279
117.82,540.041777024006
117.83,540.027002132697
117.84,539.986813465439
117.85,540.087222110878
117.86,539.972661905961
117.87,540.015754029111
117.88,540.073042873007
117.89,540.020696506149
117.9,540.071887580393
117.91,540.047026752721
117.92,540.076110697811
117.93,539.993517555388
117.94,540.016844491531
117.95,539.987593841234
117.96,540.012893866901
117.97,540.034238635161
117.98,540.000470704759
117.99,540.098766378384
118,540.002582152113
118.01,540.089331788903
118.02,540.021851600511
118.03,540.100344557263
118.04,539.999751115885
118.05,540.065137487616
118.06,540.016194189503
118.07,540.065742528674
118.08,539.952688791025
118.09,540.028427647343
118.1,540.014544448057
118.11,540.025363038234
118.12,539.980960742575
118.13,540.082111644794
118.14,540.061279001128
118.15,540.083526452526
118.16,540.047491714179
118.17,540.105664744216
118.18,540.082893102953
118.19,540.04656290936
118.2,540.117933112955
118.21,540.094138252372
118.22,540.059264944598
118.23,540.106307493388
118.24,540.060012008042
118.25,540.114091769772
118.26,540.117406867121
118.27,540.092372268402
118.28,540.035207062857
118.29,540.128592363053
118.3,540.062899672786
118.31,540.080672612142
118.32,540.025889684169
118.33,540.110795637541
118.34,540.110181830907
118.35,540.025763213781
118.36,540.064587917106
118.37,540.032695914601
118.38,540.06900591008
118.39,540.148028861051
118.4,540.100668809896
118.41,540.142860290633
118.42,540.137067366201
118.43,540.137672358994
118.44,540.096578880816
118.45,540.135244687563
118.46,540.115717672414
118.47,540.109747581858
118.48,540.10843873431
118.49,540.172180941426
118.5,540.145605285005
118.51,540.109143693348
118.52,540.136527643455
118.53,540.053891138753
118.54,540.047145887571
118.55,540.049292327681
118.56,540.065868022125
118.57,540.124954842585
118.58,540.113492723486
118.59,540.066464206541
118.6,540.089992806867
118.61,540.122418902722
118.62,540.142721938993
118.63,540.082692194264
118.64,540.036509137549
118.65,540.107616768526
118.66,540.055908866812
118.67,540.08565563247
118.68,540.140898910138
118.69,540.130566004435
118.7,540.149952225283
118.71,540.068251161469
118.72,540.086861993608
118.73,540.139711026583
118.74,540.06099677871
118.75,540.119994028803
118.76,540.039995957713
118.77,540.131438981446
118.78,540.059856437093
118.79,540.041663472054
118.8,540.144439166026
118.81,540.029945290079
118.82,540.154255101208
118.83,540.129309895918
118.84,540.056847646843
118.85,540.127844366149
118.86,540.109596591482
118.87,540.040477700555
118.88,540.121599739685
118.89,540.094979759401
118.9,540.02908529016
118.91,540.064702707831
118.92,540.107901262755
118.93,540.097071835016
118.94,540.138656568414
118.95,540.064954065138
118.96,540.000099713343
118.97,540.031164073011
118.98,540.041593332787
118.99,540.084819440355
119,540.087639688939
119.01,540.092524402441
119.02,540.085272488794
119.03,540.070589588298
119.04,540.017883200154
119.05,540.024389975614
119.06,540.027279872757
119.07,539.988017048323
119.08,540.033708036278
119.09,539.92620172878
119.1,540.017379001977
119.11,539.955580086068
119.12,539.972279599274
119.13,539.979930377028
119.14,539.971632412413
119.15,539.961838011732
119.16,539.979060265727
119.17,539.972833749224
119.18,539.94992227576
119.19,539.955505870574
119.2,540.029847624314
119.21,539.980077979535
119.22,539.983733700591
119.23,540.01793307839
119.24,540.051498057337
119.25,539.991691541812
119.26,540.021159150867
119.27,540.114881603621
119.28,540.129614104175
119.29,540.090909390048
119.3,540.049553429789
119.31,540.058368405412
119.32,539.990686834131
119.33,540.061835927184
119.34,540.077142622289
119.35,540.043182813897
119.36,540.101203600339
119.37,540.047175468119
119.38,540.05128675694
119.39,540.058863919698
119.4,540.126119929344
119.41,540.071572695417
119.42,540.050155418227
119.43,540.099224233574
119.44,540.179903565782
119.45,540.03629763234
119.46,540.015427983303
119.47,540.150957225742
119.48,540.027709569214
119.49,540.119385614461
119.5,540.109376987194
119.51,540.039332147031
119.52,540.219952107487
119.53,539.997679407138
119.54,540.087286986001
119.55,540.017640990548
119.56,540.053216839497
119.57,540.067963780314
119.58,540.019225559055
119.59,540.026956176401
119.6,540.05100587667
119.61,539.99703497593
119.62,540.054053899957
119.63,540.04200578407
119.64,540.002236449184
119.65,539.990230196
119.66,540.088661895644
119.67,539.968427108204
119.68,540.083221337241
119.69,540.000848700579
119.7,540.0257445817
119.71,540.05808910816
119.72,539.970244957733
119.73,540.079491829259
119.74,539.988046118536
119.75,540.036618452843
119.76,540.071571003158
119.77,539.969633398474
119.78,540.037452015824
119.79,540.050387106307
119.8,540.067467414009
119.81,540.09807894026
119.82,540.017601624825
119.83,539.99412946277
119.84,540.133189292612
119.85,540.02735081291
119.86,540.039262615599
119.87,540.13604001597
119.88,540.099917296215
119.89,540.069904081013
119.9,540.021475463663
119.91,540.138119793645
119.92,540.068498401807
119.93,540.057033071229
119.94,540.019448078837
119.95,540.046527219695
119.96,540.10028611274
119.97,540.155091917617
119.98,540.083932281642
119.99,540.054941610769
120,540.081650236313
120.01,539.985697747628
120.02,540.042113672291
120.03,540.054744627957
120.04,540.018560093175
120.05,540.035168474872
120.06,540.031848292076
120.07,540.018425050106
120.08,540.022501584513
120.09,540.041438321689
120.1,540.045601893025
120.11,540.079761965269
120.12,540.115993046397
120.13,540.148370856468
120.14,540.120825451172
120.15,540.122073181884
120.16,540.106796298394
120.17,540.040468192024
120.18,540.03779224731
120.19,540.059139740936
120.2,540.089066775016
120.21,540.099525476004
120.22,540.068536210484
120.23,540.027404106055
120.24,540.105950827226
120.25,540.108638111481
120.26,540.023036622766
120.27,540.065646958487
120.28,540.059394852595
120.29,540.017680624677
120.3,540.093101629851
120.31,540.068280603781
120.32,540.024134203929
120.33,540.088836044656
120.34,540.000579319698
120.35,540.08371392269
120.36,540.070909933209
120.37,540.080011271141
120.38,540.051173889804
120.39,540.009416735762
120.4,540.052668584792
120.41,540.098066333842
120.42,540.0451267554
120.43,540.149391991307
120.44,540.00742644916
120.45,540.100942264812
120.46,540.001796789198
120.47,540.138253559197
120.48,540.182966792536
120.49,540.09400014059
120.5,540.080312502092
120.51,540.172257790967
120.52,540.034403292502
120.53,540.04101714024
120.54,540.152134713393
120.55,540.096036253515
120.56,540.041929911715
120.57,540.113225088718
120.58,540.123612730426
120.59,540.048928422899
120.6,540.064498089768
120.61,539.993844049613
120.62,540.054550729767
120.63,540.046282823051
120.64,540.081230467879
120.65,540.147131354163
120.66,540.156249662934
120.67,540.098589308403
120.68,540.108892710842
120.69,540.078707322487
120.7,540.089839716047
120.71,540.025026649733
120.72,540.073253080229
120.73,540.067382831147
120.74,540.037795662374
120.75,540.032091394816
120.76,540.061828746341
120.77,540.09694894601
120.78,540.0963459499
120.79,540.046096099503
120.8,540.118754705489
120.81,540.039321427763
120.82,540.025459838802
120.83,539.975011406486
120.84,539.983109357449
120.85,540.049980752112
120.86,540.132531710728
120.87,540.079503170553
120.88,540.011184227513
120.89,539.981174362245
120.9,540.079791543359
120.91,540.105860766895
120.92,540.076870955982
120.93,540.010975115964
120.94,540.067168800386
120.95,540.082461642539
120.96,539.993773531117
120.97,539.975496132448
120.98,540.081899102212
120.99,540.085208437056
121,540.035771885194
121.01,540.103487920698
121.02,540.068635265149
121.03,540.051513674572
121.04,540.12365947422
121.05,540.016335215455
121.06,540.112912658059
121.07,540.067269732425
121.08,540.030422231994
121.09,540.054232246359
121.1,540.06031398961
121.11,540.141296887847
121.12,540.047484737744
121.13,540.143811980172
121.14,540.000122209877
121.15,540.044577391688
121.16,540.054384929123
121.17,540.054426451913
121.18,540.061189512719
121.19,540.051262254119
121.2,540.132392168216
121.21,540.019885557981
121.22,539.993730348275
121.23,540.009843076011
121.24,539.997211782809
121.25,540.006683919734
121.26,540.02423376727
121.27,540.000212194122
121.28,540.026962213748
121.29,540.051124526998
121.3,539.978209917217
121.31,540.080469699306
121.32,540.078897881639
121.33,540.000685828502
121.34,539.927344052582
121.35,540.026915362772
121.36,540.066524354364
121.37,539.97746761613
121.38,539.97808827777
121.39,540.011280516578
121.4,540.03066642917
121.41,540.002330554244
121.42,539.995218572647
121.43,540.022827381993
121.44,540.036933299817
121.45,539.948061059554
121.46,539.972829851993
121.47,540.013364251743
121.48,539.995488931928
121.49,539.990771679107
121.5,539.971289760027
121.51,540.076042621052
121.52,540.045137931048
121.53,540.053031673716
121.54,540.010298658926
121.55,539.957804725445
121.56,540.055074047547
121.57,540.122664503807
121.58,540.076824894969
121.59,540.019957582696
121.6,540.005573286898
121.61,539.978787117234
121.62,540.073624457933
121.63,540.024857892201
121.64,540.081959221001
121.65,540.076115292052
121.66,540.065671035366
121.67,540.146215205086
121.68,539.989798425639
121.69,540.151642475786
121.7,540.071596615361
121.71,540.122850814846
121.72,540.051131881218
121.73,540.05401162753
121.74,540.049294041609
121.75,540.037250599961
121.76,540.022978596043
121.77,540.046539117305
121.78,540.066658949539
121.79,540.059292559653
121.8,540.084114444678
121.81,540.067017260214
121.82,540.029864675903
121.83,539.996405017732
121.84,540.113362860616
121.85,539.993133989664
121.86,540.108086667689
121.87,540.077595379733
121.88,540.143007741023
121.89,540.057563896047
121.9,540.000372137872
121.91,540.04945543455
121.92,540.074673878658
121.93,540.05095185833
121.94,540.09309345938
121.95,540.004271227067
121.96,539.989517934902
121.97,540.087821466269
121.98,540.055672298658
121.99,539.994524163436
122,540.075885186474
122.01,540.090796251529
122.02,539.995661300781
122.03,540.029517242972
122.04,540.017365145621
122.05,539.994191222778
122.06,540.084922033349
122.07,540.016079044104
122.08,540.081102737444
122.09,540.120875446998
122.1,540.057495721457
122.11,540.048221328439
122.12,540.080039352096
122.13,539.991415136014
122.14,540.146167396133
122.15,539.996836687478
122.16,540.099878112949
122.17,540.035581898962
122.18,540.096171536331
122.19,539.995569772783
122.2,540.013065820919
122.21,540.064236528902
122.22,540.031799748433
122.23,539.982079943067
122.24,540.027616025462
122.25,540.00946641563
122.26,539.985451808221
122.27,540.038311662914
122.28,539.982201005939
122.29,540.016971569545
122.3,540.025342126804
122.31,539.91626003378
122.32,539.997206590741
122.33,540.007106063057
122.34,539.962390037138
122.35,539.991276290078
122.36,539.975827551625
122.37,539.943757450759
122.38,539.901640649181
122.39,539.950798992036
122.4,540.01144510328
122.41,540.046305766416
122.42,539.933088542002
122.43,540.014213212865
122.44,539.966435260729
122.45,539.971800716757
122.46,539.973354066976
122.47,539.997310528255
122.48,539.999579906389
122.49,540.031632594349
122.5,539.927525590699
122.51,540.028792436432
122.52,539.965104204538
122.53,540.033090145494
122.54,540.025036875463
122.55,539.986957637871
122.56,540.047805257512
122.57,539.970479696612
122.58,539.946558258898
122.59,540.07801535711
122.6,540.020259924408
122.61,539.964824876663
122.62,540.045910118305
122.63,540.042835370927
122.64,539.999442275683
122.65,539.990348313912
122.66,540.045232167377
122.67,540.102646611168
122.68,540.107464765894
122.69,540.101938928762
122.7,540.027323549406
122.71,540.043122374504
122.72,540.100267533061
122.73,540.072897828145
122.74,539.995867941654
122.75,540.044934317909
122.76,540.039566231878
122.77,540.085625087591
122.78,540.014984178127
122.79,540.098936656308
122.8,539.970276518291
122.81,540.02197499916
122.82,539.9858635452
122.83,540.067031921773
122.84,539.996344799815
122.85,540.031498273276
122.86,539.982433942861
122.87,539.996778678548
122.88,539.95712400634
122.89,539.956947538605
122.9,539.990742130709
122.91,539.93809315873
122.92,539.963169796966
122.93,539.901307898331
122.94,539.989983855701
122.95,539.873683539499
122.96,539.963836705072
122.97,539.983339383688
122.98,539.919764854517
122.99,539.965718518424
123,540.010528347653
123.01,539.935204498788
123.02,539.809403881031
123.03,539.973516076289
123.04,539.957906553789
123.05,539.849463965602
123.06,539.885753817584
123.07,539.977491212892
123.08,539.930918797599
123.09,539.945823678202
123.1,539.98082304277
123.11,539.978324528526
123.12,539.92864575083
123.13,539.764662191653
123.14,539.854770037596
123.15,539.830311633978
123.16,539.961345275361
123.17,539.91775732156
123.18,539.912809659417
123.19,539.889920345011
123.2,539.982072828298
123.21,539.920144537675
123.22,539.776375151522
123.23,539.895112550316
123.24,539.924619853116
123.25,539.870485944256
123.26,539.890381595368
123.27,540.007697694587
123.28,539.874967812695
123.29,539.918920315545
123.3,540.013710919758
123.31,539.821046966466
123.32,539.930689120495
123.33,539.86401160931
123.34,539.925758419519
123.35,539.926057168225
123.36,539.986542337911
123.37,539.873381657348
123.38,539.909675405962
123.39,539.882632302976
123.4,539.925159433718
123.41,539.914577847573
123.42,539.881044216094
123.43,539.916232473162
123.44,539.827887465048
123.45,539.903217186035
123.46,539.935895299727
123.47,539.913575411413
123.48,539.888555953427
123.49,539.883384221193
123.5,539.977458172328
123.51,539.982706685545
123.52,539.93086363344
123.53,539.875957365793
123.54,539.858226721558
123.55,539.826707442309
123.56,539.814689098776
123.57,539.783347244096
123.58,539.827380598544
123.59,539.787205846336
123.6,539.86460770641
123.61,539.900283571776
123.62,539.872012714599
123.63,539.978728874453
123.64,539.898648699901
123.65,539.78991215874
123.66,539.958470259349
123.67,539.925157684649
123.68,539.821595740712
123.69,539.788673585186
123.7,539.919451704634
123.71,539.870003471725
123.72,539.786496065288
123.73,539.896001631495
123.74,539.870103115552
123.75,539.983225702978
123.76,539.847388966134
123.77,539.884828838916
123.78,539.780126767111
123.79,539.926448155718
123.8,539.864206873406
123.81,539.942432557716
123.82,539.892456757195
123.83,539.9876036558
123.84,539.959125293797
123.85,539.902685800089
123.86,539.753991579724
123.87,539.823128570022
123.88,539.94473066321
123.89,539.955994698239
123.9,539.94740052466
123.91,539.855336119065
123.92,539.852554978588
123.93,539.736178512738
123.94,539.724891715807
123.95,539.762172904555
123.96,539.791704603011
123.97,539.845326384836
123.98,539.893564764794
123.99,539.8781188515
124,539.850465571245
124.01,539.79418383815
124.02,539.747699969515
124.03,539.860357398779
124.04,539.872921091223
124.05,539.686693338491
124.06,539.870748728602
124.07,539.777668740165
124.08,539.883489605027
124.09,539.873856861279
124.1,539.903416651514
124.11,539.703588885117
124.12,539.799651128562
124.13,539.895650695211
124.14,539.782542500763
124.15,539.733652008485
124.16,539.812472012526
124.17,539.863070952036
124.18,539.85743891355
124.19,539.815978909288
124.2,539.751903208749
124.21,539.744482232176
124.22,539.771947886999
124.23,539.770761629073
124.24,539.717048915648
124.25,539.807795547782
124.26,539.872936065364
124.27,539.831745473412
124.28,539.748054519464
124.29,539.734114365249
124.3,539.850837589837
124.31,539.868764519641
124.32,539.857101450601
124.33,539.884146989163
124.34,539.879063978719
124.35,539.919522245144
124.36,539.906880413667
124.37,539.84995924282
124.38,539.98810972245
124.39,539.849043130193
124.4,539.890171175772
124.41,539.906767788941
124.42,539.919386433187
124.43,539.995952118373
124.44,539.820214947313
124.45,539.900812425395
124.46,539.921659875301
124.47,539.791536771062
124.48,539.945534630593
124.49,539.938640098527
124.5,539.816280487774
124.51,539.846586328831
124.52,539.884061294581
124.53,539.89283657939
124.54,539.939905413559
124.55,539.944521123495
124.56,539.7963786406
124.57,539.795802149327
124.58,539.861035282121
124.59,539.805439380285
124.6,539.837144041925
124.61,539.791966866067
124.62,539.845801295364
124.63,539.852292127479
124.64,539.867552384037
124.65,539.794302093672
124.66,539.92946621892
124.67,539.879742635193
124.68,539.826520077002
124.69,539.803726176075
124.7,539.882242894821
124.71,539.928282182887
124.72,539.827954431394
124.73,539.803975806284
124.74,539.879311749676
124.75,539.872296590146
124.76,539.816200110715
124.77,539.863716664261
124.78,539.771406834539
124.79,539.887611515497
124.8,539.848944181896
124.81,539.856739063057
124.82,539.813934309287
124.83,539.861730734234
124.84,539.940301944178
124.85,539.847099059956
124.86,539.883288541437
124.87,539.885213538328
124.88,539.87416190712
124.89,539.817774192906
124.9,539.906612516805
124.91,539.997873162602
124.92,539.911087938549
124.93,539.953270305214
124.94,539.955470180071
124.95,540.044529043165
124.96,540.014144055031
124.97,540.017627815122
124.98,540.035383950019
124.99,540.16225983318
125,540.13578422253
125.01,540.046462455037
125.02,540.124599622238
125.03,540.106488772414
125.04,540.086968273218
125.05,540.034335865634
125.06,540.137404242475
125.07,540.083779441381
125.08,540.092041419966
125.09,540.125553199483
125.1,540.102075973812
125.11,540.088556561201
125.12,540.066545531751
125.13,540.105843545381
125.14,540.081750287329
125.15,540.085201504133
125.16,540.068224399102
125.17,540.100075354345
125.18,540.057951181741
125.19,540.160731786783
125.2,540.086519787552
125.21,540.161710689744
125.22,540.151318071236
125.23,540.094565555755
125.24,540.14285707511
125.25,540.161180081017
125.26,540.056541745897
125.27,540.016212956789
125.28,540.183576045295
125.29,540.119297467032
125.3,540.105850237621
125.31,540.050033283267
125.32,540.081097289928
125.33,540.061971162062
125.34,540.168289251391
125.35,540.134822176454
125.36,540.136209231571
125.37,540.112117888878
125.38,540.135658243871
125.39,540.064315264647
125.4,540.075929309423
125.41,540.128539279545
125.42,540.057497633571
125.43,540.116667031177
125.44,540.175173164441
125.45,540.109701071684
125.46,540.134401029811
125.47,540.171638280711
125.48,540.134295918294
125.49,540.074807782487
125.5,540.034400397903
125.51,540.024343212067
125.52,540.184259927964
125.53,540.133309155406
125.54,540.029421728105
125.55,540.023720097517
125.56,540.159243886462
125.57,540.109213850093
125.58,540.069850233081
125.59,540.10155889615
125.6,540.131667345681
125.61,540.026085892099
125.62,540.089398843479
125.63,540.062351370815
125.64,540.128950940204
125.65,540.137647698247
125.66,540.043716407307
125.67,540.132066955138
125.68,540.084600448644
125.69,540.176938284765
125.7,540.077514886174
125.71,540.14304498499
125.72,540.06346585381
125.73,540.049664855812
125.74,540.112764972908
125.75,540.06966264296
125.76,540.145324507455
125.77,540.072738359078
125.78,540.040494529195
125.79,540.143198611314
125.8,540.099585846963
125.81,540.079660088804
125.82,540.06080184566
125.83,540.122833592967
125.84,540.0997373095
125.85,540.063362106284
125.86,540.06311757734
125.87,540.047558994953
125.88,540.131417778924
125.89,540.071871352159
125.9,540.05224002013
125.91,540.085378278365
125.92,540.007419932094
125.93,540.048514914885
125.94,540.051699124615
125.95,540.065796819309
125.96,540.040141336629
125.97,540.063477841938
125.98,540.062760053601
125.99,540.035270343196
126,540.010379698808
126.01,540.070252029386
126.02,540.072933394683
126.03,540.136282502644
126.04,540.151239425002
126.05,540.110857323701
126.06,540.151453418584
126.07,540.04991563107
126.08,540.074420978561
126.09,540.018293803645
126.1,540.115450622566
126.11,540.152101180806
126.12,540.05460322277
126.13,540.037280505447
126.14,540.094374575966
126.15,540.083842184456
126.16,540.079977385595
126.17,540.101122333882
126.18,540.046260729228
126.19,540.058115153548
126.2,540.078407227426
126.21,540.04272410619
126.22,540.051151495899
126.23,540.060819184437
126.24,540.026821930434
126.25,540.13455446329
126.26,540.039543647939
126.27,540.161205366373
126.28,540.057499622412
126.29,540.058720389133
126.3,540.030585599595
126.31,540.052446893555
126.32,540.095402215685
126.33,540.000610553177
126.34,540.111420760111
126.35,540.104287249842
126.36,540.07886688627
126.37,540.136811056962
126.38,540.062745288411
126.39,540.12075602204
126.4,540.127648792008
126.41,540.069677058637
126.42,540.000977658398
126.43,540.069690150368
126.44,540.132605794365
126.45,540.087948393222
126.46,540.060234542623
126.47,540.042645133657
126.48,540.025950525728
126.49,540.062019297651
126.5,540.118906239158
126.51,540.175825322826
126.52,540.06804733035
126.53,540.075572564517
126.54,540.116663376251
126.55,540.08174876762
126.56,540.040776785481
126.57,540.033150364145
126.58,540.020546406127
126.59,540.084195440892
126.6,540.0572465271
126.61,540.111843741289
126.62,540.190032258639
126.63,540.14485239416
126.64,540.130086253886
126.65,540.156260746766
126.66,540.036105167682
126.67,540.01051643952
126.68,540.075832019503
126.69,540.039922382701
126.7,540.158377565081
126.71,540.071063232193
126.72,540.011968812583
126.73,540.016379736872
126.74,540.079745136217
126.75,540.118798287597
126.76,540.047283578696
126.77,540.090025011766
126.78,540.117113535093
126.79,540.024646766659
126.8,540.055122112022
126.81,540.1409406787
126.82,540.028136878029
126.83,540.096278478869
126.84,540.107962801147
126.85,540.004783294999
126.86,540.138801096777
126.87,539.992796455029
126.88,540.136429442268
126.89,540.040528722221
126.9,540.180505437749
126.91,540.061161640203
126.92,540.06791084556
126.93,540.044259214642
126.94,540.036015682876
126.95,540.046922922551
126.96,540.07934031163
126.97,540.156658966546
126.98,540.037270289071
126.99,540.069212969881
127,540.049398905589
127.01,539.974519055991
127.02,540.071953968004
127.03,540.144902189068
127.04,540.046210470133
127.05,540.063138572275
127.06,540.093095333336
127.07,540.051339966939
127.08,540.018807816231
127.09,540.122586280679
127.1,540.051053695512
127.11,540.093617731357
127.12,540.05110675412
127.13,540.012115218601
127.14,540.000105122875
127.15,540.103523294078
127.16,540.061573028128
127.17,540.008076191496
127.18,540.000473067582
127.19,539.962656317277
127.2,539.998392381199
127.21,540.043775360032
127.22,540.087968610099
127.23,540.050502037245
127.24,540.038405924699
127.25,540.029624531057
127.26,540.002008860135
127.27,540.01672359533
127.28,539.98604121224
127.29,540.063826180766
127.3,539.995972394303
127.31,540.007690634149
127.32,540.009966557479
127.33,540.125540886487
127.34,540.032405810274
127.35,540.072022833375
127.36,540.016428993161
127.37,540.004543653791
127.38,539.996760032953
127.39,540.02184139004
127.4,539.994906194272
127.41,540.091756066265
127.42,540.002757107223
127.43,539.996034116207
127.44,539.983554413701
127.45,540.054842841354
127.46,540.069843873578
127.47,540.170314580712
127.48,540.179273959201
127.49,540.047004937088
127.5,540.094150116131
127.51,540.026183955685
127.52,540.064495378264
127.53,540.10853404189
127.54,540.167761188685
127.55,540.041105394938
127.56,540.026649748313
127.57,540.066999169353
127.58,540.174763110169
127.59,540.018042066601
127.6,540.007878833501
127.61,540.112472880149
127.62,539.999414055183
127.63,540.087688932934
127.64,540.090592859914
127.65,540.033811107496
127.66,540.047262076218
127.67,540.098006157382
127.68,540.032695206265
127.69,540.072634496098
127.7,540.07872645328
127.71,540.046048210778
127.72,540.037494703038
127.73,540.124746651286
127.74,540.126641719297
127.75,540.073731643053
127.76,540.062512716734
127.77,540.101451804415
127.78,540.009495675163
127.79,540.095638122528
127.8,540.019709197056
127.81,540.094828036147
127.82,540.016402051646
127.83,539.995106046269
127.84,540.028121429583
127.85,539.960888202559
127.86,540.143815117498
127.87,539.993789483909
127.88,540.053991422223
127.89,539.972360692575
127.9,539.936776860842
127.91,540.048840455578
127.92,539.950677523792
127.93,539.987519939287
127.94,540.015299016897
127.95,539.946860510237
127.96,540.011678504797
127.97,539.947335760656
127.98,539.991191867015
127.99,539.989298988328
128,539.906119935105
128.01,540.077180718323
128.02,539.997364255652
128.03,539.986675581133
128.04,540.053475414848
128.05,539.951674260036
128.06,540.013505393746
128.07,540.048560376738
128.08,539.99754424762
128.09,540.124822763079
128.1,539.975466196132
128.11,540.046587126353
128.12,540.083454759454
128.13,540.11036810836
128.14,540.042190788524
128.15,540.154053616817
128.16,540.070017140292
128.17,540.057033621961
128.18,539.993629452491
128.19,540.035624685157
128.2,540.0477888487
128.21,540.001125749843
128.22,540.027071562148
128.23,540.020428144799
128.24,540.051267826798
128.25,540.142651209455
128.26,540.07049236707
128.27,540.040033586457
128.28,540.032332138625
128.29,540.004212292229
128.3,539.997962442609
128.31,539.997548305962
128.32,540.041071218469
128.33,540.046571727417
128.34,540.028354950127
128.35,540.10204214218
128.36,540.092189846319
128.37,540.052457198579
128.38,540.098333596123
128.39,540.120388735128
128.4,540.082166023538
128.41,540.053661965073
128.42,540.100046455408
128.43,540.00558988915
128.44,540.063443557062
128.45,539.999080567239
128.46,539.973030265289
128.47,539.991862922023
128.48,539.987759134454
128.49,540.011833159622
128.5,539.940190948003
128.51,539.968975791082
128.52,539.974360826789
128.53,540.024227870749
128.54,539.978708759121
128.55,539.984545559736
128.56,539.964022443725
128.57,539.991038206892
128.58,539.998453692081
128.59,539.945337823175
128.6,540.034836086682
128.61,539.982584583364
128.62,539.969992624923
128.63,539.982902065373
128.64,539.998413779938
128.65,539.956219579395
128.66,539.993408090933
128.67,539.990015965883
128.68,539.892755202973
128.69,539.937234662738
128.7,539.876003327234
128.71,539.845305622487
128.72,539.983379197698
128.73,539.988070694725
128.74,539.995798639048
128.75,539.970842429899
128.76,539.954964862821
128.77,539.962207096063
128.78,539.849493069909
128.79,539.972401882149
128.8,539.942939380717
128.81,539.980538500784
128.82,539.96549856581
128.83,540.000411258939
128.84,539.968726289837
128.85,539.923280826589
128.86,539.978440256817
128.87,539.898345887536
128.88,540.044645613806
128.89,539.922106091914
128.9,539.915880843624
128.91,539.976215077053
128.92,539.964043558263
128.93,539.995863575405
128.94,539.947528319127
128.95,539.972563662794
128.96,539.917326515518
128.97,540.042042798925
128.98,539.92424643022
128.99,539.852253969285
129,540.06325482321
129.01,539.984265880549
129.02,539.958932332185
129.03,539.928024774732
129.04,539.959864222864
129.05,540.023157207563
129.06,539.942647872179
129.07,540.009819808495
129.08,539.870330395443
129.09,539.989129684461
129.1,540.001793776093
129.11,539.998662683864
129.12,539.892970841935
129.13,539.990008226767
129.14,539.943084188404
129.15,539.897346888807
129.16,540.004542682439
129.17,539.984459963256
129.18,539.961950599345
129.19,539.903763449896
129.2,539.903274197011
129.21,539.984701652623
129.22,539.916465443582
129.23,539.986240039104
129.24,539.887561127239
129.25,539.937809622974
129.26,539.932922236962
129.27,540.031808301903
129.28,539.796831228152
129.29,539.915944880491
129.3,540.046289344407
129.31,539.951600094405
129.32,539.927082700751
129.33,539.948569726133
129.34,539.988097574351
129.35,539.898080530004
129.36,539.944413914957
129.37,539.984979897329
129.38,539.931870473188
129.39,539.985936210887
129.4,539.928151406776
129.41,539.9331395289
129.42,539.909503635527
129.43,539.829192767428
129.44,539.943049352975
129.45,539.837532541964
129.46,539.974009223441
129.47,539.956137947744
129.48,539.941367587192
129.49,539.990683386859
129.5,540.01181148659
129.51,540.020850557477
129.52,539.955029449279
129.53,540.033170984872
129.54,539.974284052947
129.55,539.919845869312
129.56,539.928886688883
129.57,539.913895910832
129.58,540.004791274293
129.59,540.003505580509
129.6,539.978288632767
129.61,539.993109945227
129.62,539.922875250565
129.63,540.037062100955
129.64,539.975853494361
129.65,539.936954945772
129.66,540.040236489129
129.67,539.964356164882
129.68,540.050511853675
129.69,539.947760571969
129.7,539.980893071263
129.71,540.011923666261
129.72,539.982118720814
129.73,539.981908149697
129.74,539.967774722906
129.75,539.999401718151
129.76,539.947454980431
129.77,540.03080869822
129.78,540.018472430013
129.79,539.910712672839
129.8,540.029140268731
129.81,540.009876772999
129.82,539.865643549847
129.83,539.977677499684
129.84,539.92816594976
129.85,539.957378237809
129.86,539.954333975886
129.87,539.953157044719
129.88,539.956095815142
129.89,539.992475878377
129.9,539.930154989803
129.91,539.841861804118
129.92,539.972100793748
129.93,539.914680039705
129.94,539.961439001985
129.95,540.005444794821
129.96,539.997053915359
129.97,540.031763424652
129.98,539.945882879882
129.99,540.027455448316
130,539.879569836459
130.01,540.008338319468
130.02,539.94390532664
130.03,539.867453533379
130.04,539.966598174455
130.05,539.94474711761
130.06,539.884918076342
130.07,539.950943413087
130.08,539.942810967708
130.09,539.948909956112
130.1,539.917242174507
130.11,539.946915504569
130.12,539.889442017518
130.13,539.883425515767
130.14,539.914171537793
130.15,539.946435680118
130.16,540.010167850672
130.17,539.875524433666
130.18,539.880924783198
130.19,539.894788084204
130.2,539.837886309871
130.21,539.927223232162
130.22,539.885418493854
130.23,539.867965978143
130.24,539.855203449963
130.25,539.893983961579
130.26,539.86835175408
130.27,539.939295389785
130.28,539.773762911599
130.29,539.891551838937
130.3,539.922079574182
130.31,539.958563393342
130.32,539.942750290083
130.33,539.912279988153
130.34,539.81664640611
130.35,539.876177689433
130.36,539.955637032216
130.37,539.872454102355
130.38,539.965476732496
130.39,539.912927465947
130.4,539.865745476982
130.41,539.879439716505
130.42,539.924606993322
130.43,539.823152179656
130.44,539.906814899582
130.45,539.811688001088
130.46,539.949867044293
130.47,539.788956934354
130.48,539.934272804904
130.49,539.892834082624
130.5,539.857573122851
130.51,539.923811414056
130.52,539.875805253669
130.53,539.870484801569
130.54,539.914561808893
130.55,539.953683734358
130.56,539.81647589112
130.57,539.813586344075
130.58,539.801622873961
130.59,539.840263334475
130.6,539.94288273917
130.61,539.937800739823
130.62,539.928178860866
130.63,539.936380927966
130.64,539.92433460272
130.65,539.915593674662
130.66,539.893184853843
130.67,539.880507926566
130.68,539.885236700297
130.69,539.783067833637
130.7,539.789217278255
130.71,539.898487566372
130.72,539.884313665994
130.73,539.847213394836
130.74,539.8432366352
130.75,539.877065230566
130.76,539.773297030356
130.77,539.866693901764
130.78,539.837767245507
130.79,539.84111059367
130.8,539.870082348314
130.81,539.832251412533
130.82,539.793322477768
130.83,539.88566670099
130.84,539.70291475701
130.85,539.783614890019
130.86,539.824957805304
130.87,539.835098316192
130.88,539.757672339764
130.89,539.755585332451
130.9,539.745696125588
130.91,539.753774733465
130.92,539.822059200393
130.93,539.787977021606
130.94,539.808686876073
130.95,539.789381565611
130.96,539.725392737097
130.97,539.758044745316
130.98,539.892944197921
130.99,539.845692199971
131,539.754720757378
131.01,539.744253945307
131.02,539.85350736538
131.03,539.735901558563
131.04,539.859512535202
131.05,539.798494132227
131.06,539.845044812506
131.07,539.777761333975
131.08,539.845707848447
131.09,539.750571060859
131.1,539.818171821437
131.11,539.884291579177
131.12,539.763844420828
131.13,539.776570933544
131.14,539.83434817776
131.15,539.804670449388
131.16,539.805178653653
131.17,539.856831962471
131.18,539.856388023491
131.19,539.839029041079
131.2,539.84453115232
131.21,539.828773293067
131.22,539.807750214181
131.23,539.804421448634
131.24,539.746553077748
131.25,539.774601521393
131.26,539.830272968317
131.27,539.744832915434
131.28,539.721865004807
131.29,539.798501011752
131.3,539.844449385245
131.31,539.82231506924
131.32,539.7985865028
131.33,539.873989821922
131.34,539.772105742912
131.35,539.800478127705
131.36,539.868755064347
131.37,539.741992312054
131.38,539.825357735368
131.39,539.847558196644
131.4,539.727818045988
131.41,539.770168277971
131.42,539.825604951712
131.43,539.737783601049
131.44,539.76066578612
131.45,539.771697651199
131.46,539.778798627824
131.47,539.765018103285
131.48,539.783015584442
131.49,539.758425277537
131.5,539.794548292177
131.51,539.830686776274
131.52,539.81417228267
131.53,539.792225138657
131.54,539.763550504336
131.55,539.775560685233
131.56,539.771192741538
131.57,539.739578957884
131.58,539.817950534904
131.59,539.762473755243
131.6,539.844926173434
131.61,539.798962351619
131.62,539.857608950507
131.63,539.855816562206
131.64,539.806308994277
131.65,539.794810383525
131.66,539.833080048957
131.67,539.837492677693
131.68,539.795262730075
131.69,539.855439755801
131.7,539.854528323526
131.71,539.791097294359
131.72,539.848708956501
131.73,539.878546889933
131.74,539.868212229883
131.75,539.856481697766
131.76,539.90521136042
131.77,539.867906938813
131.78,539.914181145085
131.79,539.908537385716
131.8,539.90796575976
131.81,539.919168317686
131.82,539.877708497145
131.83,539.92164124229
131.84,539.905504054876
131.85,539.885146790746
131.86,539.911197235995
131.87,539.923037370936
131.88,539.965435796423
131.89,539.925268831197
131.9,539.910132361932
131.91,539.938034365384
131.92,539.930379597172
131.93,539.965622977285
131.94,539.972836586792
131.95,539.967951182977
131.96,539.997673342728
131.97,539.975814714999
131.98,540.000160555301
131.99,539.990892944748
132,539.983050987213
132.01,539.951838068959
132.02,539.970120922938
132.03,540.00193914671
132.04,539.960357160556
132.05,540.003111327936
132.06,539.939261508905
132.07,539.923681676333
132.08,539.981285220453
132.09,539.984226056867
132.1,539.988673286066
132.11,539.915163196762
132.12,539.962280816757
132.13,539.945538283286
132.14,539.914417839896
132.15,539.913911093705
132.16,539.916766164481
132.17,539.943839540189
132.18,539.901339790401
132.19,539.927843184372
132.2,539.905756434566
132.21,539.928472244385
132.22,539.95668870316
132.23,539.965473079477
132.24,540.010627718376
132.25,540.002679080511
132.26,540.055600109792
132.27,540.024871878532
132.28,540.017010850298
132.29,540.056330894279
132.3,540.087927177462
132.31,540.084357575252
132.32,540.105245515246
132.33,540.084410037506
132.34,540.10981626261
132.35,540.112479829672
132.36,540.100796469046
132.37,540.168537931519
132.38,540.107949255406
132.39,540.133924657909
132.4,540.104284645449
132.41,540.141887600747
132.42,540.122290404826
132.43,540.147242554601
132.44,540.11593871938
132.45,540.14914800158
132.46,540.107536893988
132.47,540.143862682341
132.48,540.114775301964
132.49,540.070401473116
132.5,540.173143364979
132.51,540.175111961445
132.52,540.121941184953
132.53,540.169156521636
132.54,540.148391354123
132.55,540.121666198441
132.56,540.140458968932
132.57,540.124534497841
132.58,540.095156721407
132.59,540.139697630128
132.6,540.131258467537
132.61,540.111913551608
132.62,540.137321641342
132.63,540.116511895122
132.64,540.153962343092
132.65,540.117200770322
132.66,540.135450361099
132.67,540.118469805544
132.68,540.183695332699
132.69,540.137130862478
132.7,540.160406137899
132.71,540.155980239927
132.72,540.109387207114
132.73,540.143436495007
132.74,540.13620089097
132.75,540.122001405349
132.76,540.148541478586
132.77,540.092541419067
132.78,540.0926835712
132.79,540.04290807398
132.8,540.181726725714
132.81,540.11059435693
132.82,540.091692583347
132.83,540.061800715149
132.84,540.166027365007
132.85,540.093222957905
132.86,540.05574573886
132.87,540.109938361306
132.88,540.153207890626
132.89,540.101006932199
132.9,540.146697832222
132.91,540.123024985898
132.92,540.058758427444
132.93,540.100350931537
132.94,540.131777584421
132.95,540.179113532032
132.96,540.16334136325
132.97,540.134383944851
132.98,540.11559502081
132.99,540.118468318258
133,540.054428844582
133.01,540.106106221
133.02,540.098943560773
133.03,540.091113059495
133.04,540.12474530143
133.05,540.105254211408
133.06,540.083569341227
133.07,540.128828229699
133.08,540.100872685071
133.09,540.165489343156
133.1,540.141522984316
133.11,540.066468902912
133.12,540.098308085587
133.13,540.074025694083
133.14,540.120697948883
133.15,540.152644191363
133.16,540.073325601891
133.17,540.1137602804
133.18,540.169370735017
133.19,540.122817047665
133.2,540.109757693913
133.21,540.154689895787
133.22,540.041494004849
133.23,540.11112410127
133.24,540.128853771458
133.25,540.055732494687
133.26,540.111366070257
133.27,540.034930799268
133.28,540.110974688568
133.29,540.031774903299
133.3,540.063716922676
133.31,540.011704138247
133.32,540.041687123351
133.33,540.052571543302
133.34,540.078705865813
133.35,540.037552518388
133.36,540.041851942784
133.37,540.029591531415
133.38,540.081942160766
133.39,540.009201653886
133.4,540.058462542687
133.41,540.095854226028
133.42,540.009096390813
133.43,540.074507020154
133.44,540.062738831395
133.45,540.098448159644
133.46,540.05645234601
133.47,540.052783743083
133.48,540.071370604467
133.49,540.05885466211
133.5,540.055251177931
133.51,540.105945324189
133.52,540.070418639096
133.53,540.05291993043
133.54,540.073088032715
133.55,540.063064769029
133.56,540.09602030853
133.57,540.062917402045
133.58,540.063398485346
133.59,540.091251351518
133.6,540.049734429096
133.61,540.083121627828
133.62,540.039114187076
133.63,540.129683668568
133.64,540.08572720145
133.65,540.11828212695
133.66,540.121432347414
133.67,540.085352911961
133.68,540.143773480344
133.69,540.063721073544
133.7,540.0724047863
133.71,540.122113143823
133.72,540.110221290021
133.73,540.05244079414
133.74,540.103524628596
133.75,540.129251275511
133.76,540.074158381193
133.77,540.11901399626
133.78,540.117424972421
133.79,540.118605573874
133.8,540.126217292682
133.81,540.05954469171
133.82,540.05536393294
133.83,540.060700064723
133.84,540.08171264553
133.85,540.057590567353
133.86,540.03867567156
133.87,540.013343613842
133.88,540.013720879125
133.89,539.996025935148
133.9,540.027617289278
133.91,540.037145722846
133.92,539.932979516665
133.93,539.971831894583
133.94,539.955061847294
133.95,539.950799442564
133.96,539.964142253099
133.97,539.935742006917
133.98,539.87633679319
133.99,539.883775288485
134,539.909090990938
134.01,539.938282865519
134.02,539.911742951232
134.03,539.903902835988
134.04,539.924260290326
134.05,539.9417978985
134.06,539.935092799732
134.07,539.867212907351
134.08,539.930161241218
134.09,539.921233681212
134.1,539.872099286919
134.11,539.925218103902
134.12,539.83808786937
134.13,539.86355443794
134.14,539.839073022126
134.15,539.883713048255
134.16,539.88794262425
134.17,539.901910286949
134.18,539.859265074109
134.19,539.894747679247
134.2,539.911231438153
134.21,539.858121718475
134.22,539.819494258753
134.23,539.860837084316
134.24,539.876848241114
134.25,539.902675872447
134.26,539.880268161764
134.27,539.936371040005
134.28,539.903853685772
134.29,539.944731738764
134.3,539.8555317843
134.31,539.929111483457
134.32,539.852759942682
134.33,539.958206627359
134.34,539.874177983187
134.35,539.947161301858
134.36,539.947881875707
134.37,539.897845343854
134.38,539.948439725466
134.39,539.980919029712
134.4,539.917743551142
134.41,539.984484274445
134.42,539.976489138376
134.43,539.897966510821
134.44,539.992391215067
134.45,540.008445145191
134.46,539.924198473103
134.47,539.950614193691
134.48,539.942717185493
134.49,539.970328030155
134.5,539.952680559786
134.51,539.955184885265
134.52,539.970286112856
134.53,539.947652492551
134.54,539.971828876082
134.55,539.895549376699
134.56,539.965970406657
134.57,539.938143049129
134.58,539.93022117842
134.59,539.930178932317
134.6,539.950783352518
134.61,539.894969687402
134.62,539.868217181832
134.63,539.907821456697
134.64,539.965180362274
134.65,539.944732118582
134.66,539.931605287984
134.67,539.934826732901
134.68,539.904701174404
134.69,539.945037659701
134.7,539.922940695629
134.71,539.983060080147
134.72,539.900633227888
134.73,539.90592485096
134.74,539.957009552608
134.75,539.904235638419
134.76,539.924190708539
134.77,539.896056241823
134.78,539.866152224698
134.79,539.922403645055
134.8,539.964342019543
134.81,539.974240946507
134.82,539.933193579076
134.83,539.899787004989
134.84,539.879011842165
134.85,539.897708441061
134.86,539.975767906511
134.87,539.939587524848
134.88,539.959081697622
134.89,539.923040250643
134.9,539.906516234047
134.91,539.905709863829
134.92,539.909855044405
134.93,539.839853973551
134.94,539.945905730638
134.95,539.884759252838
134.96,539.883670573165
134.97,539.924211432775
134.98,539.841095400007
134.99,539.91577765008
135,539.924434054511
135.01,539.923115306754
135.02,539.92102362681
135.03,539.907501870848
135.04,539.881391813315
135.05,539.873692508588
135.06,539.84683312943
135.07,539.900932623925
135.08,539.909811931339
135.09,539.850360664932
135.1,539.870607975215
135.11,539.881294079588
135.12,539.873333959671
135.13,539.912017103084
135.14,539.884705431898
135.15,539.822555575365
135.16,539.863933061878
135.17,539.919838461287
135.18,539.910294045878
135.19,539.864769961883
135.2,539.900303704983
135.21,539.820956502467
135.22,539.745503135937
135.23,539.751289453942
135.24,539.752885637774
135.25,539.779349422903
135.26,539.691652948053
135.27,539.79716911205
135.28,539.724153010648
135.29,539.744389048597
135.3,539.719542040838
135.31,539.776603179933
135.32,539.744790689344
135.33,539.71884528639
135.34,539.777428928603
135.35,539.68065590386
135.36,539.741125047011
135.37,539.583787598972
135.38,539.724742917217
135.39,539.792723933885
135.4,539.708641945643
135.41,539.704709210335
135.42,539.780550803764
135.43,539.760915734842
135.44,539.680287355419
135.45,539.791273412829
135.46,539.643242438696
135.47,539.784055937713
135.48,539.705882691107
135.49,539.738936607638
135.5,539.803291924579
135.51,539.824541468651
135.52,539.766632093313
135.53,539.683363064133
135.54,539.815803919458
135.55,539.902089474449
135.56,539.820984625692
135.57,539.870595498119
135.58,539.894989260745
135.59,539.759696170604
135.6,539.855608331567
135.61,539.871056736326
135.62,539.838049625749
135.63,539.73392924325
135.64,539.852054629963
135.65,539.856782480288
135.66,539.855071334228
135.67,539.82426620258
135.68,539.854038068115
135.69,539.809883846697
135.7,539.818843108116
135.71,539.737737799597
135.72,539.887430431982
135.73,539.843657288998
135.74,539.910264986815
135.75,539.892702894634
135.76,539.896753447688
135.77,539.772657440127
135.78,539.808797794126
135.79,539.912290599238
135.8,539.85393152519
135.81,539.822166012245
135.82,539.815713573157
135.83,539.835088209043
135.84,539.724349549483
135.85,539.91619769773
135.86,539.917130634547
135.87,539.801734956174
135.88,539.916830408703
135.89,539.948547819092
135.9,539.892948189348
135.91,539.946874168355
135.92,540.003837192699
135.93,539.98403972601
135.94,539.957830107724
135.95,539.959793836987
135.96,539.968275562441
135.97,539.974544416193
135.98,539.999908367969
135.99,539.949268160373
136,539.975720331022
136.01,539.985872841768
136.02,539.874279733696
136.03,539.990175204837
136.04,539.971722614848
136.05,540.003913911448
136.06,539.982189834908
136.07,539.972868314564
136.08,539.96801209792
136.09,540.028252892981
136.1,539.988015669216
136.11,539.965567269238
136.12,539.975948437188
136.13,539.986405445992
136.14,539.957681296819
136.15,539.8929031446
136.16,540.036587663206
136.17,540.013015729093
136.18,539.981264839201
136.19,540.003024194702
136.2,540.032035956093
136.21,539.918644901785
136.22,540.008949957002
136.23,539.921919103218
136.24,539.975275772117
136.25,540.036261706309
136.26,540.004588167013
136.27,540.012155801446
136.28,539.993706144929
136.29,540.014881026377
136.3,539.994653144974
136.31,540.030237424851
136.32,540.047516351141
136.33,540.074686690386
136.34,540.035831011702
136.35,540.056135716761
136.36,540.072811788485
136.37,540.003108731429
136.38,540.003305135283
136.39,540.040232380859
136.4,539.985645850829
136.41,540.07913613858
136.42,540.011020301249
136.43,540.069528339276
136.44,539.974012345982
136.45,540.034805808711
136.46,540.165991279749
136.47,540.031626113374
136.48,540.082455786134
136.49,540.044067704495
136.5,540.018305611792
136.51,540.044417712613
136.52,540.022524945011
136.53,540.045099904716
136.54,540.05778665088
136.55,540.064942934939
136.56,540.058409727091
136.57,540.054817739997
136.58,540.014758867488
136.59,539.993565476408
136.6,540.035782967683
136.61,540.010844908078
136.62,540.064666407356
136.63,540.017013532481
136.64,540.049048042671
136.65,540.044100597626
136.66,540.09348292672
136.67,540.012723029264
136.68,540.021439544912
136.69,540.046666194135
136.7,540.0411931071
136.71,540.051970264677
136.72,540.033373751344
136.73,540.019014754525
136.74,539.991451032653
136.75,540.044375034919
136.76,540.01711875646
136.77,540.012396600217
136.78,540.084978931279
136.79,540.010272684037
136.8,540.03849869408
136.81,540.030229803853
136.82,540.055500757437
136.83,540.003989642078
136.84,540.059726976711
136.85,540.01325572242
136.86,540.021655086316
136.87,540.030623855751
136.88,539.988998464989
136.89,540.007847509905
136.9,540.010709090388
136.91,540.024228122776
136.92,539.9607360699
136.93,540.045060154104
136.94,539.987383173123
136.95,539.989806734391
136.96,540.014255397275
136.97,539.96759304629
136.98,540.022308616859
136.99,540.037092610789
137,539.911740891934
137.01,539.992912766052
137.02,540.0028716463
137.03,539.990700629895
137.04,540.010319647041
137.05,540.031116648059
137.06,540.041755958907
137.07,539.969510977922
137.08,539.98910456601
137.09,539.991960505106
137.1,540.004087886202
137.11,540.02165678603
137.12,540.04363533924
137.13,539.921033809795
137.14,540.052575260428
137.15,540.064461065265
137.16,540.008450190662
137.17,540.036850797361
137.18,539.968491449672
137.19,539.968315525252
137.2,539.983482946758
137.21,540.004501913777
137.22,540.014452804531
137.23,540.018294760617
137.24,540.027337782163
137.25,539.912164279903
137.26,540.013053032075
137.27,540.004869471184
137.28,539.947814424815
137.29,540.000137989586
137.3,540.011208795103
137.31,539.973601190955
137.32,539.993709016161
137.33,539.95636115951
137.34,540.000548288273
137.35,539.920847232109
137.36,540.025327356254
137.37,539.734099094062
137.38,539.941482404275
137.39,539.951291531978
137.4,539.942285434916
137.41,539.94426747863
137.42,539.969427049578
137.43,539.994648315182
137.44,540.010602493381
137.45,539.881847103797
137.46,540.006315284222
137.47,540.035678050085
137.48,539.98225749174
137.49,539.962378239564
137.5,539.983310084398
137.51,539.939768985531
137.52,539.990925540314
137.53,539.972246682763
137.54,539.976377742393
137.55,539.914597704236
137.56,539.83455895979
137.57,539.956998055235
137.58,539.996472376751
137.59,539.89569498602
137.6,539.875054135341
137.61,539.898828288023
137.62,539.994129086991
137.63,539.945320118309
137.64,539.783395739411
137.65,539.878104187996
137.66,539.953949081447
137.67,539.958516494412
137.68,539.971853121253
137.69,539.946582425851
137.7,539.90282770462
137.71,539.883257081123
137.72,539.980767196962
137.73,539.958843433273
137.74,539.914740515865
137.75,539.980961467926
137.76,539.901714004974
137.77,539.923143879734
137.78,539.906779329212
137.79,539.977664076915
137.8,539.973257606937
137.81,539.880530053827
137.82,539.96845154245
137.83,539.990654613044
137.84,540.00834385423
137.85,539.993738814309
137.86,540.013546504304
137.87,539.994660877375
137.88,539.971707979159
137.89,540.013053569235
137.9,539.965395640502
137.91,539.940941821687
137.92,539.951913527445
137.93,539.909378964119
137.94,539.919362022779
137.95,539.934702060599
137.96,539.885870372679
137.97,539.98944405968
137.98,539.919232013215
137.99,539.918916657601
138,539.844784570399
138.01,539.902066455629
138.02,539.947745783448
138.03,539.960171277778
138.04,539.910649819906
138.05,539.938608354902
138.06,539.853295322622
138.07,539.894240621616
138.08,539.927645717761
138.09,539.925185295768
138.1,539.862657513594
138.11,539.949781900322
138.12,539.472756468968
138.13,539.914429934864
138.14,539.874694560362
138.15,539.965099017343
138.16,539.817475976771
138.17,539.81007519377
138.18,539.907937562593
138.19,539.815865464744
138.2,539.812851906745
138.21,539.907894559674
138.22,539.872694402876
138.23,539.897777334665
138.24,539.91034656588
138.25,539.955382560589
138.26,539.945747584099
138.27,539.883451560458
138.28,539.776524095249
138.29,539.87600227465
138.3,539.980025173552
138.31,539.921014813051
138.32,539.933473496986
138.33,539.860474785953
138.34,539.961020091604
138.35,539.846429643924
138.36,539.889669864727
138.37,539.924819273257
138.38,539.92377607311
138.39,539.939140431217
138.4,539.995984397188
138.41,539.980394409502
138.42,539.978571005833
138.43,539.944447662648
138.44,539.937393281034
138.45,539.95397265103
138.46,539.921897727863
138.47,539.890828260702
138.48,539.970191595951
138.49,539.914851329816
138.5,539.925834692467
138.51,540.001360125813
138.52,539.9012003564
138.53,540.011126753931
138.54,539.919143163375
138.55,540.0194735211
138.56,539.953644347754
138.57,539.878200775709
138.58,539.851588490603
138.59,539.948882781842
138.6,539.959662892088
138.61,539.97642986253
138.62,539.958323632398
138.63,540.088114334924
138.64,540.002256332896
138.65,540.014405742433
138.66,540.037874370873
138.67,540.094423340581
138.68,540.076489456071
138.69,540.04770245804
138.7,540.120713933093
138.71,540.015140823408
138.72,540.105458055934
138.73,540.099002726151
138.74,540.139284565819
138.75,540.097099271105
138.76,540.049058915635
138.77,540.082770924499
138.78,540.171958502947
138.79,540.127466093722
138.8,540.095398722451
138.81,540.167711840361
138.82,540.180665092658
138.83,540.090271986163
138.84,540.159783781055
138.85,540.133162519115
138.86,540.139433012545
138.87,540.244138320709
138.88,540.171937550308
138.89,540.160539300162
138.9,540.205551764208
138.91,540.221445850984
138.92,540.125717256856
138.93,540.06204423665
138.94,540.076246146089
138.95,540.15897277451
138.96,540.206649982481
138.97,540.122958389868
138.98,540.106124245528
138.99,540.151393404732
139,540.17782209715
139.01,540.173711874279
139.02,540.174126585706
139.03,540.190848584764
139.04,540.263469528938
139.05,540.148129743024
139.06,540.181608619694
139.07,540.207942697806
139.08,540.196674409144
139.09,540.182139161144
139.1,540.137015065383
139.11,540.168317812832
139.12,540.212869103554
139.13,540.166850787138
139.14,540.219883927405
139.15,540.099214236181
139.16,540.18699304662
139.17,540.15232618847
139.18,540.167572499211
139.19,540.104836576119
139.2,540.080556205875
139.21,540.0970373862
139.22,540.157519478711
139.23,540.256278631688
139.24,540.110967218103
139.25,540.09427497813
139.26,540.099430745343
139.27,540.173837766807
139.28,540.192182480638
139.29,540.06528952823
139.3,540.126364324805
139.31,540.075198095615
139.32,540.125651247797
139.33,540.264159110064
139.34,540.223150262749
139.35,540.077917302561
139.36,540.100071855373
139.37,540.139756398386
139.38,540.140169983411
139.39,540.128408921885
139.4,540.215097852426
139.41,540.192651655681
139.42,540.137467994751
139.43,540.188967814862
139.44,540.16348534334
139.45,540.112327788824
139.46,540.118595977998
139.47,540.134191846458
139.48,540.151537878139
139.49,540.151347260153
139.5,540.123868115393
139.51,540.183746713739
139.52,540.151425016051
139.53,540.173407230398
139.54,540.129149144786
139.55,540.160292226769
139.56,540.167119401995
139.57,540.117261432864
139.58,540.157510020108
139.59,540.165053564253
139.6,540.11865846002
139.61,540.148366272491
139.62,540.163392261278
139.63,540.116936000201
139.64,540.118133738743
139.65,540.121517060147
139.66,540.110531538994
139.67,540.149833229101
139.68,540.100888090169
139.69,540.15369627267
139.7,540.115477164773
139.71,540.12921576326
139.72,540.08612368286
139.73,540.069969369671
139.74,540.11870931696
139.75,540.147391958509
139.76,540.135035335169
139.77,540.083599358772
139.78,540.128382117799
139.79,540.088454354539
139.8,540.15272885632
139.81,540.114220687815
139.82,540.083648013322
139.83,540.137387178877
139.84,540.135228156922
139.85,540.130468180852
139.86,540.128235804958
139.87,540.109938320722
139.88,540.083708728396
139.89,540.123459699656
139.9,540.052851983175
139.91,540.123009170704
139.92,540.06717759237
139.93,540.168125047576
139.94,540.055167253252
139.95,540.136788816026
139.96,540.060979294175
139.97,540.117381966539
139.98,540.098069890441
139.99,540.121778480571
140,540.13591907915
140.01,540.093476574264
140.02,540.097150559917
140.03,540.150611292418
140.04,540.140630161573
140.05,540.076556748077
140.06,540.10446602631
140.07,540.066815844767
140.08,540.095416295497
140.09,540.166077668965
140.1,540.079653107715
140.11,540.120716375044
140.12,540.125780644664
140.13,540.148507613985
140.14,540.126150394868
140.15,540.185177721266
140.16,540.132842662575
140.17,540.162172618567
140.18,540.176528524811
140.19,540.156463695064
140.2,540.09859523454
140.21,540.155383724386
140.22,540.154802538526
140.23,540.164541457992
140.24,540.138220187135
140.25,540.100776478931
140.26,540.139850593617
140.27,540.162441520454
140.28,540.188865878511
140.29,540.060213400254
140.3,540.108632796559
140.31,540.125954193914
140.32,540.067647354855
140.33,540.089116805824
140.34,540.109473713698
140.35,540.082384978186
140.36,540.096408757647
140.37,540.150841924053
140.38,540.090747830706
140.39,540.107838459866
140.4,540.105854016616
140.41,540.068343621871
140.42,540.11769760794
140.43,540.155476837366
140.44,540.057768916347
140.45,540.122612186067
140.46,540.087060978126
140.47,540.09969432703
140.48,540.058770007469
140.49,540.079715817628
140.5,540.127787625571
140.51,540.087218933392
140.52,540.024946204095
140.53,540.079517523376
140.54,540.07388416654
140.55,540.043413528231
140.56,540.055366550635
140.57,540.076264805596
140.58,540.082282667106
140.59,540.064449255475
140.6,540.019736749107
140.61,540.130993164874
140.62,540.11905033618
140.63,540.098404980651
140.64,540.09972861445
140.65,540.049791135834
140.66,540.083407584423
140.67,540.122471030569
140.68,540.132313394924
140.69,540.115193296748
140.7,540.11962253883
140.71,540.106172081808
140.72,540.062517327947
140.73,540.039434292567
140.74,540.084863945518
140.75,540.118287812043
140.76,540.110396416272
140.77,540.115169765387
140.78,540.119808730008
140.79,540.103131717541
140.8,540.118661057331
140.81,540.085397702064
140.82,540.111524928273
140.83,540.071317316476
140.84,540.089252487156
140.85,540.077550312477
140.86,540.114571654476
140.87,540.087664316936
140.88,540.13222293204
140.89,540.030461016433
140.9,540.056585968704
140.91,540.058203753387
140.92,540.126867777627
140.93,540.130247312791
140.94,540.066538433021
140.95,540.093296965114
140.96,540.073489857021
140.97,540.060326236589
140.98,540.089645146577
140.99,540.079875787751
141,540.087230733957
141.01,540.084663797299
141.02,540.033225016524
141.03,540.093446057796
141.04,540.105701310166
141.05,540.054655274149
141.06,540.12427511799
141.07,540.065878076237
141.08,540.106097974626
141.09,540.084796759445
141.1,540.125912664917
141.11,540.050318540513
141.12,540.118673385756
141.13,540.090954023633
141.14,540.130652867136
141.15,540.121638750803
141.16,540.074628704365
141.17,540.080155615235
141.18,540.040610248182
141.19,540.069084903398
141.2,540.11064243357
141.21,540.019334035873
141.22,540.054103857181
141.23,540.095010851048
141.24,540.059397470029
141.25,540.030365830446
141.26,540.089191725084
141.27,540.066079498668
141.28,540.023434726648
141.29,540.05422429921
141.3,540.11385420381
141.31,540.032153584569
141.32,540.001721873909
141.33,540.008626548428
141.34,540.021261129397
141.35,540.07027552337
141.36,540.027572980285
141.37,540.043621825378
141.38,539.994174141758
141.39,540.020559023061
141.4,540.05835340786
141.41,540.068589107428
141.42,540.045362497848
141.43,540.047508493385
141.44,539.992581968856
141.45,539.976740714097
141.46,540.00859916367
141.47,540.011702499022
141.48,540.09606631467
141.49,540.061473237664
141.5,540.072677331819
141.51,540.090543347762
141.52,540.009588554456
141.53,540.014784506596
141.54,540.032597907589
141.55,540.000472826534
141.56,540.051280116989
141.57,540.00227989796
141.58,539.994295073481
141.59,540.038568793401
141.6,540.029707657709
141.61,540.039247593516
141.62,540.061005279945
141.63,540.016993847793
141.64,540.016868208246
141.65,539.986781265559
141.66,540.012685601312
141.67,540.04463005361
141.68,540.059805043017
141.69,540.09549705271
141.7,540.066521962959
141.71,540.082130362486
141.72,540.054524463988
141.73,540.102927808979
141.74,540.010022041884
141.75,540.052128044862
141.76,539.999154817716
141.77,540.008815585046
141.78,540.110000395439
141.79,540.058611883306
141.8,540.115435357818
141.81,540.00388862447
141.82,540.02775689042
141.83,540.038754212003
141.84,540.100269998897
141.85,540.103923616601
141.86,540.027650129722
141.87,540.044051655016
141.88,540.067340595015
141.89,540.121553616926
141.9,540.043507109708
141.91,540.122084668825
141.92,540.110164658304
141.93,540.036331002885
141.94,540.07258945257
141.95,540.102721155941
141.96,540.050827490547
141.97,540.108804131616
141.98,540.013271347683
141.99,540.094665002119
142,540.073675470427
142.01,540.063996199897
142.02,540.051776912828
142.03,540.047304268867
142.04,540.085056545395
142.05,540.059572153822
142.06,540.013555221296
142.07,540.09112837436
142.08,539.997559387917
142.09,540.130654501171
142.1,540.077009745368
142.11,540.094267385507
142.12,540.07080959376
142.13,539.998725286945
142.14,540.120865966259
142.15,540.126159996369
142.16,540.041158445907
142.17,540.1073700342
142.18,540.057066485436
142.19,540.074690695783
142.2,540.099342438236
142.21,540.112141319112
142.22,540.06586090556
142.23,540.001579897601
142.24,540.100770739005
142.25,540.102822703941
142.26,540.079228003469
142.27,539.996669277629
142.28,540.095572733229
142.29,540.116470635636
142.3,540.073723856181
142.31,540.125685708719
142.32,540.06759269499
142.33,540.019395457309
142.34,540.024036840844
142.35,540.010912495006
142.36,540.022066784875
142.37,540.036160164365
142.38,540.033295430789
142.39,540.07190910012
142.4,540.083506397899
142.41,540.041861340218
142.42,540.095635594722
142.43,540.125148963369
142.44,540.071240695883
142.45,540.065985861125
142.46,540.052852897336
142.47,540.077694725643
142.48,540.040259120065
142.49,540.091705435324
142.5,540.061536477543
142.51,540.073079224647
142.52,540.040860169245
142.53,540.053378625792
142.54,540.068265741525
142.55,540.005645666669
142.56,540.02189438488
142.57,539.996278671006
142.58,539.974224517546
142.59,539.965113502356
142.6,539.985199965672
142.61,539.993254487699
142.62,540.000081108626
142.63,540.00932287778
142.64,540.013765996501
142.65,540.07558247689
142.66,540.072917639961
142.67,540.072759196934
142.68,540.069932249469
142.69,539.99906392603
142.7,540.015931019842
142.71,540.004814510262
142.72,540.084105868773
142.73,540.119994392191
142.74,540.071399443437
142.75,540.03022822446
142.76,540.036580566143
142.77,540.029960798368
142.78,540.093692380301
142.79,540.090770152566
142.8,540.109295143484
142.81,540.042324270038
142.82,540.038090659975
142.83,540.129965769984
142.84,540.071244550787
142.85,540.039630951727
142.86,540.086785147297
142.87,540.127498962653
142.88,540.032925504398
142.89,540.104890073994
142.9,540.035645026879
142.91,540.122010606892
142.92,540.117456458368
142.93,540.041563997856
142.94,540.122865562948
142.95,540.016848648147
142.96,540.102041012954
142.97,540.090651698019
142.98,540.122244802202
142.99,540.033252676961
143,540.109023669802
143.01,540.047324470734
143.02,540.072126961087
143.03,540.019213417973
143.04,540.05587976465
143.05,540.087167131133
143.06,540.085455655581
143.07,540.037793367363
143.08,540.138283613014
143.09,540.020368157099
143.1,540.076072389254
143.11,540.074448548344
143.12,540.065584717037
143.13,540.041686401033
143.14,540.097578242449
143.15,540.098114430948
143.16,539.997777664135
143.17,540.01085701068
143.18,540.080609778734
143.19,540.079604150399
143.2,540.123835911194
143.21,540.067069380338
143.22,540.03177644644
143.23,540.017758569509
143.24,540.037832434015
143.25,540.104965941344
143.26,540.100320581228
143.27,540.069485782777
143.28,540.033272733686
143.29,540.04050904775
143.3,540.046564664368
143.31,539.969742166253
143.32,540.018088319414
143.33,540.038554866628
143.34,540.053749787494
143.35,540.018078895967
143.36,540.061441778306
143.37,540.107677477973
143.38,540.072541329027
143.39,540.043947903535
143.4,540.089513868712
143.41,540.046332627929
143.42,539.985888325504
143.43,540.066244215199
143.44,540.004958083026
143.45,540.01923351713
143.46,540.033432226059
143.47,539.964812324079
143.48,540.038085929589
143.49,540.037436524498
143.5,539.985875908618
143.51,539.98224507392
143.52,539.952033057192
143.53,540.01735865861
143.54,540.021641202712
143.55,539.992932982172
143.56,539.961192061984
143.57,539.944252637224
143.58,539.972419065787
143.59,539.951412187074
143.6,540.017635092212
143.61,539.897915131035
143.62,539.922205350238
143.63,539.981857156779
143.64,539.92726523406
143.65,539.960849596062
143.66,539.972157476656
143.67,539.959775039401
143.68,539.978032050796
143.69,539.98368892743
143.7,539.95729189477
143.71,539.974217069462
143.72,539.998575992144
143.73,540.03032065316
143.74,540.018554920166
143.75,540.06965026793
143.76,540.050970383367
143.77,540.081538047504
143.78,540.079187152672
143.79,540.031458903396
143.8,540.072366198146
143.81,540.095625992698
143.82,540.097010265289
143.83,540.109346714038
143.84,540.062009960287
143.85,540.03401188469
143.86,540.068647830571
143.87,540.125475076811
143.88,540.122855203132
143.89,540.118984007878
143.9,540.080622225093
143.91,540.0446923553
143.92,540.037260633628
143.93,540.001536471464
143.94,540.12700274872
143.95,540.070230854116
143.96,540.125043522204
143.97,540.090555144178
143.98,540.036216697814
143.99,540.021239423025
144,540.062642536727
144.01,540.100381005687
144.02,540.113075944162
144.03,540.031520394535
144.04,539.976203413665
144.05,540.090699445269
144.06,540.058174106049
144.07,540.004764294179
144.08,539.998438261174
144.09,540.035765525944
144.1,540.050239211689
144.11,539.995668034669
144.12,540.004855386885
144.13,540.061093110508
144.14,540.032775312882
144.15,540.03131940328
144.16,540.054281493533
144.17,540.046030229833
144.18,539.970131117621
144.19,540.101620494965
144.2,540.061002884592
144.21,540.068030626644
144.22,540.034177648658
144.23,540.032364284021
144.24,540.111858223868
144.25,540.068556101605
144.26,540.071042080113
144.27,540.067201823975
144.28,540.031109849144
144.29,540.107414362242
144.3,540.041549977386
144.31,540.145060593686
144.32,540.054292506249
144.33,540.098801968158
144.34,540.106747776639
144.35,540.060933529981
144.36,540.10663941075
144.37,540.002081539276
144.38,540.113326531896
144.39,540.049467011995
144.4,540.077576860325
144.41,540.113054224701
144.42,540.003077228228
144.43,540.061452060522
144.44,540.109005158112
144.45,540.096584419811
144.46,540.105049063289
144.47,540.161226524064
144.48,540.157580610788
144.49,540.095689321649
144.5,540.063679905214
144.51,540.024474351519
144.52,540.00403902298
144.53,540.146312813055
144.54,540.114815425924
144.55,540.092927499996
144.56,540.125161568074
144.57,540.100495044948
144.58,540.086408199147
144.59,540.078292182598
144.6,540.038855608009
144.61,540.024475307544
144.62,540.135786150758
144.63,540.043774167934
144.64,540.074629909686
144.65,540.161708835665
144.66,540.033030651587
144.67,540.045160867536
144.68,540.102719083824
144.69,540.118294970345
144.7,540.039315331867
144.71,540.065058431128
144.72,540.067702323074
144.73,540.026606012853
144.74,540.118514614212
144.75,540.131274107135
144.76,540.00027164921
144.77,540.041411911125
144.78,540.07083041692
144.79,540.088379321709
144.8,540.034782155469
144.81,540.030797978378
144.82,540.067009116974
144.83,540.160720879045
144.84,540.018664327992
144.85,540.031466657999
144.86,540.017696558455
144.87,540.036230966649
144.88,540.102248923997
144.89,540.057349020784
144.9,540.077186741765
144.91,540.002461123497
144.92,540.133817065993
144.93,540.011981424907
144.94,540.096336020262
144.95,540.032488570714
144.96,540.102808916939
144.97,540.113930556308
144.98,540.095079355134
144.99,540.001754762666
145,540.168797707105
145.01,540.03084777653
145.02,540.121051460767
145.03,540.100795170615
145.04,539.995968799227
145.05,540.076688265571
145.06,540.147358125855
145.07,540.018661417168
145.08,539.99939848847
145.09,540.156294101959
145.1,540.053370147886
145.11,540.040025011239
145.12,540.08846845471
145.13,540.080079984857
145.14,540.134028317508
145.15,540.06818164762
145.16,540.01222130855
145.17,540.050633397232
145.18,540.097341690222
145.19,540.080042428415
145.2,540.10155428278
145.21,540.112427784289
145.22,540.087492421808
145.23,540.012028879044
145.24,540.114732510845
145.25,540.067795029159
145.26,540.01368470934
145.27,539.998005670926
145.28,540.062358526281
145.29,540.101347610709
145.3,540.054996052648
145.31,540.060186338706
145.32,540.084792025182
145.33,540.108720528063
145.34,540.145057111687
145.35,540.049515537315
145.36,540.014064523455
145.37,540.042283572742
145.38,539.979525090229
145.39,540.050241758141
145.4,540.080694943821
145.41,540.072383701447
145.42,540.144821104269
145.43,540.01692658199
145.44,540.022484125894
145.45,540.083693911493
145.46,540.042932729019
145.47,540.108915917991
145.48,539.994364943975
145.49,540.041076382046
145.5,540.075335235092
145.51,539.9954581603
145.52,539.961094851761
145.53,540.00532068313
145.54,540.050810109449
145.55,539.937688909957
145.56,540.068596230471
145.57,540.085707486355
145.58,539.99015994742
145.59,540.008870435414
145.6,540.03953719171
145.61,539.988334581351
145.62,539.961031499235
145.63,539.98740787038
145.64,540.066878625537
145.65,539.900088313964
145.66,540.030566834783
145.67,540.058455427614
145.68,539.992112517566
145.69,539.972324014929
145.7,539.993173312718
145.71,539.935864189536
145.72,540.032268345358
145.73,540.031890963249
145.74,539.922989199907
145.75,539.947990387442
145.76,540.009197135358
145.77,539.976607919607
145.78,540.001907320152
145.79,540.08048980206
145.8,540.006339155125
145.81,539.990981394484
145.82,540.085097636932
145.83,540.012831118037
145.84,540.025471282351
145.85,540.017046242836
145.86,539.999188931896
145.87,539.963662888707
145.88,540.009647263401
145.89,539.984534886579
145.9,539.987389949584
145.91,540.045243592177
145.92,540.026814603782
145.93,540.075495645306
145.94,540.026318489345
145.95,539.992708058295
145.96,540.021829504478
145.97,540.03688837209
145.98,540.026211579831
145.99,540.003005454018
146,540.065264647447
146.01,540.053579310479
146.02,540.022987012952
146.03,539.998311404938
146.04,540.065357358749
146.05,540.000054530124
146.06,540.025273274119
146.07,540.069426520162
146.08,540.048005960001
146.09,539.996543499499
146.1,540.058996676726
146.11,540.069911346882
146.12,540.106414011471
146.13,540.051781874821
146.14,540.024584046001
146.15,540.023810762775
146.16,540.13445308834
146.17,540.024058085692
146.18,540.131683292021
146.19,540.109129598288
146.2,540.00810885577
146.21,540.066922343349
146.22,540.0659226744
146.23,539.998814311545
146.24,540.078250144713
146.25,540.020104842236
146.26,539.998797454524
146.27,540.042928746308
146.28,540.154619758315
146.29,540.058876048738
146.3,539.994902684773
146.31,540.025037046839
146.32,540.045899705714
146.33,540.108323247305
146.34,539.998786563205
146.35,540.074642288453
146.36,540.025012062594
146.37,540.153154787761
146.38,540.13140513106
146.39,540.084902802568
146.4,540.092244129857
146.41,540.031807221281
146.42,540.089343534464
146.43,540.104573895956
146.44,539.997747311775
146.45,539.988202318253
146.46,539.997740273023
146.47,540.111397452692
146.48,540.029933260322
146.49,540.015938872192
146.5,540.085930948228
146.51,540.02231380437
146.52,540.02113815347
146.53,540.100651132689
146.54,540.097016104724
146.55,540.089428688691
146.56,540.040447843256
146.57,539.983504555241
146.58,539.992481180369
146.59,540.00814519221
146.6,540.000177448801
146.61,540.043094825134
146.62,540.108826203765
146.63,540.04828467261
146.64,540.029955218828
146.65,540.083041545184
146.66,539.976507606358
146.67,540.016066648801
146.68,540.01058440413
146.69,540.092568884161
146.7,540.05348543578
146.71,540.007119480371
146.72,539.969887594152
146.73,539.96336870731
146.74,539.997301016124
146.75,540.035864469137
146.76,540.062640695127
146.77,540.068042681507
146.78,539.98389789666
146.79,540.006975709984
146.8,540.047403274604
146.81,539.991592097881
146.82,540.082172840308
146.83,539.964779923528
146.84,540.010008601721
146.85,540.02059650782
146.86,539.990101152547
146.87,540.005619044405
146.88,540.10150539046
146.89,540.052300857891
146.9,539.992100335685
146.91,540.015100845897
146.92,540.128608292511
146.93,540.019746004077
146.94,539.972765751642
146.95,540.02653726921
146.96,539.993875226785
146.97,539.958891655385
146.98,540.02730003968
146.99,540.043531085324
147,540.045718095069
147.01,540.020810555664
147.02,540.103707769949
147.03,540.017314607003
147.04,540.105364276557
147.05,540.042090506966
147.06,540.052409329584
147.07,540.115899796086
147.08,540.022146018909
147.09,539.959692853225
147.1,540.062732041179
147.11,540.058770357825
147.12,540.027820677981
147.13,540.011383539914
147.14,540.104454217922
147.15,540.060365399695
147.16,539.9838130199
147.17,540.108375951839
147.18,539.998375275812
147.19,540.076798860784
147.2,539.987485440606
147.21,540.075331398983
147.22,540.018199302901
147.23,540.034185543719
147.24,539.960666440042
147.25,540.108513912488
147.26,540.008946955099
147.27,540.088877390697
147.28,539.998499359374
147.29,540.048179925253
147.3,540.086647731984
147.31,540.049157888924
147.32,539.9990648473
147.33,540.047412703446
147.34,540.085745201888
147.35,539.979018223636
147.36,540.08854615142
147.37,539.992376244067
147.38,540.064055788046
147.39,539.97585737353
147.4,540.064268376923
147.41,540.072299425947
147.42,539.950334698375
147.43,540.008733583084
147.44,539.923737662406
147.45,539.953452130143
147.46,539.996403602272
147.47,539.893746076557
147.48,539.991773321698
147.49,539.865063689947
147.5,539.997024901332
147.51,539.934584310785
147.52,539.994979660859
147.53,539.925043981665
147.54,539.929204942176
147.55,539.979986209616
147.56,539.978153221401
147.57,539.977436468213
147.58,539.95187361543
147.59,539.967015382234
147.6,539.981455843186
147.61,539.891462067172
147.62,539.889871816254
147.63,539.990221291407
147.64,539.971446039605
147.65,539.878735066864
147.66,539.87521777563
147.67,539.790933919256
147.68,539.869859680843
147.69,539.9129785721
147.7,539.964175619702
147.71,539.851030012155
147.72,539.810025675345
147.73,539.803366979094
147.74,539.909285562022
147.75,539.908159210616
147.76,539.932037693221
147.77,539.919158444638
147.78,539.933522421947
147.79,539.938268817598
147.8,539.932879064729
147.81,539.8770267706
147.82,539.866597548586
147.83,539.768346402622
147.84,539.780074047459
147.85,539.884041264518
147.86,539.935935603595
147.87,539.751798785342
147.88,539.903706213931
147.89,539.926388882714
147.9,539.867346814689
147.91,539.89374934385
147.92,539.847688748221
147.93,539.755365588656
147.94,539.914590392876
147.95,539.883704485553
147.96,539.956904546835
147.97,539.76646779867
147.98,539.894000908605
147.99,539.975999380657
148,539.926734923678
148.01,539.950579596723
148.02,539.960559136066
148.03,539.95443550725
148.04,539.980626727449
148.05,539.866221337393
148.06,539.941671532231
148.07,539.930140477801
148.08,539.941238232485
148.09,539.793137114046
148.1,539.974973385353
148.11,539.863094437761
148.12,539.880796011818
148.13,539.949772225889
148.14,539.839719997959
148.15,539.843465123584
148.16,539.781042685202
148.17,539.955593436674
148.18,539.834763852255
148.19,539.936255206258
148.2,539.866912642107
148.21,539.874105503779
148.22,539.795973765807
148.23,539.684389011858
148.24,539.877076263291
148.25,539.759655317881
148.26,539.688473287951
148.27,539.854829889865
148.28,539.686139405527
148.29,539.841146447944
148.3,539.7193051361
148.31,539.765294062687
148.32,539.8319752838
148.33,539.668714897264
148.34,539.764217229278
148.35,539.803504853568
148.36,539.869434481041
148.37,539.827279278903
148.38,539.808226998338
148.39,539.851785907634
148.4,539.805931723805
148.41,539.835980449046
148.42,539.837842762587
148.43,539.704299107844
148.44,539.745666559036
148.45,539.815716077768
148.46,539.734425557085
148.47,539.641401108233
148.48,539.838223350395
148.49,539.721396677628
148.5,539.859869805554
148.51,539.705993173325
148.52,539.777373113293
148.53,539.835584998557
148.54,539.693472811319
148.55,539.752474750892
148.56,539.759352560929
148.57,539.803337486302
148.58,539.771334085463
148.59,539.779694143269
148.6,539.782729546398
148.61,539.772464058622
148.62,539.687071755897
148.63,539.667289521259
148.64,539.771329117532
148.65,539.805987582647
148.66,539.674972532616
148.67,539.79086739463
148.68,539.708352489524
148.69,539.795558717317
148.7,539.716406932553
148.71,539.791296159967
148.72,539.628033014944
148.73,539.746750860338
148.74,539.762366789246
148.75,539.827828508979
148.76,539.836414491306
148.77,539.806664198496
148.78,539.776601673437
148.79,539.797293586882
148.8,539.837055424411
148.81,539.814859903768
148.82,539.759830630449
148.83,539.746263057795
148.84,539.678079132997
148.85,539.796239733792
148.86,539.736910524244
148.87,539.802605450353
148.88,539.729685882675
148.89,539.812720836528
148.9,539.710608350788
148.91,539.80283161007
148.92,539.730852332472
148.93,539.708795480775
148.94,539.792885809785
148.95,539.823044257786
148.96,539.809758709596
148.97,539.662138855249
148.98,539.749797579015
148.99,539.757813863582
149,539.73858878801
149.01,539.711880339516
149.02,539.745091321801
149.03,539.782176190421
149.04,539.813538529336
149.05,539.778797426464
149.06,539.752564213564
149.07,539.820659908665
149.08,539.81042150066
149.09,539.771088033271
149.1,539.834324953216
149.11,539.792585016181
149.12,539.783164141928
149.13,539.789681317239
149.14,539.819011107208
149.15,539.755079278895
149.16,539.799532340836
149.17,539.840050022672
149.18,539.810519376197
149.19,539.822216584743
149.2,539.754309485715
149.21,539.826078657676
149.22,539.776172334286
149.23,539.824898618061
149.24,539.82518915552
149.25,539.840112351033
149.26,539.825936684299
149.27,539.799480340827
149.28,539.774834784032
149.29,539.780004709988
149.3,539.778053911409
149.31,539.718369203177
149.32,539.788714808255
149.33,539.762357619777
149.34,539.721554061601
149.35,539.802902703011
149.36,539.741442035832
149.37,539.824470179939
149.38,539.760693249442
149.39,539.785376913866
149.4,539.774903898482
149.41,539.812986045227
149.42,539.792870359111
149.43,539.742339558116
149.44,539.823374162105
149.45,539.840863913151
149.46,539.810988321011
149.47,539.801540276602
149.48,539.812170084603
149.49,539.823524191125
149.5,539.863271121181
149.51,539.856259803168
149.52,539.797851485579
149.53,539.833171792966
149.54,539.827151990161
149.55,539.830538509875
149.56,539.789956035092
149.57,539.829414090966
149.58,539.788692745372
149.59,539.817868002193
149.6,539.847405189279
149.61,539.835383736016
149.62,539.834912834583
149.63,539.790170049687
149.64,539.817056072851
149.65,539.783523178064
149.66,539.802183038394
149.67,539.794320332085
149.68,539.747916972488
149.69,539.745401708645
149.7,539.764174035133
149.71,539.680423008385
149.72,539.602733112147
149.73,539.707238456321
149.74,539.72848806635
149.75,539.780371548512
149.76,539.591247734124
149.77,539.69173257636
149.78,539.756567321425
149.79,539.781467575747
149.8,539.659090875915
149.81,539.796082769232
149.82,539.86527715123
149.83,539.895277005594
149.84,539.791454525588
149.85,539.854480382305
149.86,539.936578274483
149.87,539.900890859317
149.88,539.990552743046
149.89,539.905761908029
149.9,539.997353663255
149.91,540.010704481287
149.92,540.005921788804
149.93,540.018537307462
149.94,540.036817264255
149.95,540.034609412374
149.96,540.067052119853
149.97,540.141088747931
149.98,540.157846188782
149.99,540.174841045799
150,540.178706795979
150.01,540.137889904631
150.02,540.154871515431
150.03,540.168781647806
150.04,540.120961450639
150.05,540.135724880448
150.06,540.162975564708
150.07,540.106411860144
150.08,540.138146254636
150.09,540.158609291431
150.1,540.100650763475
150.11,540.167991218437
150.12,540.134436885605
150.13,540.106491814133
150.14,540.138284701814
150.15,540.172565565052
150.16,540.128343635916
150.17,540.096430173334
150.18,540.124367316957
150.19,540.091769129481
150.2,540.154074501526
150.21,540.162848207382
150.22,540.093526722192
150.23,540.139626381889
150.24,540.166432361483
150.25,540.115833159783
150.26,540.107715973139
150.27,540.150808014509
150.28,540.174235444976
150.29,540.121593948585
150.3,540.153690344548
150.31,540.187714581628
150.32,540.152064133222
150.33,540.153740387836
150.34,540.100883988831
150.35,540.1549175809
150.36,540.136548376068
150.37,540.159776309465
150.38,540.075911047469
150.39,540.144388442441
150.4,540.150776351714
150.41,540.128047697424
150.42,540.113378488803
150.43,540.11060764251
150.44,540.123273537356
150.45,540.149036214377
150.46,540.084668710834
150.47,540.084044919899
150.48,540.109798220793
150.49,540.160099732245
150.5,540.140391262964
150.51,540.15148549967
150.52,540.147138380624
150.53,540.153863712302
150.54,540.105446616964
150.55,540.142552343688
150.56,540.113737125146
150.57,540.067703727865
150.58,540.099696138554
150.59,540.196364967913
150.6,540.156309260573
150.61,540.126525199358
150.62,540.039891990463
150.63,540.133311198624
150.64,540.109850380207
150.65,540.124457076966
150.66,540.128221195427
150.67,540.119351548481
150.68,540.156559200731
150.69,540.088975041036
150.7,540.093192659062
150.71,540.115746062636
150.72,540.110665770865
150.73,540.139707214773
150.74,540.128795714896
150.75,540.149528812963
150.76,540.104050120478
150.77,540.105870774017
150.78,540.105578237404
150.79,540.103979975196
150.8,540.143181055735
150.81,540.087843729704
150.82,540.114255898548
150.83,540.130028206574
150.84,540.0889561604
150.85,540.142063166629
150.86,540.106731373242
150.87,540.139120566049
150.88,540.060040702463
150.89,540.143696571604
150.9,540.125136034842
150.91,540.159688720282
150.92,540.154013631826
150.93,540.085387957287
150.94,540.0952985403
150.95,540.049036761501
150.96,540.03184052867
150.97,540.052907919259
150.98,540.159767487011
150.99,540.040109683012
151,540.084591511095
151.01,540.083561139772
151.02,540.105993250696
151.03,540.11186393258
151.04,540.124618618865
151.05,540.079667994879
151.06,540.120966720317
151.07,540.099397835951
151.08,540.072583949827
151.09,540.121836394616
151.1,540.14615103747
151.11,540.135984696008
151.12,540.046298874577
151.13,540.115139718413
151.14,540.12986855333
151.15,540.062306182555
151.16,540.093512536719
151.17,540.151060978787
151.18,540.079373453212
151.19,540.127617151781
151.2,540.114512048347
151.21,540.118628264727
151.22,540.047177885339
151.23,540.075435284766
151.24,540.156305078031
151.25,540.129546293424
151.26,540.067388852191
151.27,540.15317612382
151.28,540.114741448499
151.29,540.135878699883
151.3,540.135288368895
151.31,540.091448536571
151.32,540.119710484419
151.33,540.126499842512
151.34,540.171596561244
151.35,540.069803532546
151.36,540.120116951289
151.37,540.178898393497
151.38,540.088027917854
151.39,540.079074584365
151.4,540.0558455877
151.41,540.075318472581
151.42,540.141557260467
151.43,540.096796273886
151.44,540.108339761853
151.45,540.078865060544
151.46,540.12803670176
151.47,540.134008528073
151.48,540.139491143272
151.49,540.104138188874
151.5,540.144970700588
151.51,540.147548091625
151.52,540.15112072423
151.53,540.103905185153
151.54,540.055171661243
151.55,540.043847563853
151.56,540.098536411075
151.57,540.09668431926
151.58,540.09430752398
151.59,540.137715899768
151.6,540.051075049014
151.61,540.08331905856
151.62,540.152270840391
151.63,540.099772569222
151.64,540.050326419946
151.65,540.11243151772
151.66,540.081911977434
151.67,540.095869639829
151.68,540.127680569918
151.69,540.057058086349
151.7,540.159311343762
151.71,540.125196239535
151.72,540.077704347989
151.73,540.07631253787
151.74,540.118831938476
151.75,540.147261414464
151.76,540.108781451224
151.77,540.031719677082
151.78,540.1460417333
151.79,540.065101751366
151.8,540.1160490962
151.81,540.109041830887
151.82,540.107267308768
151.83,540.126135254449
151.84,540.090960264686
151.85,540.045117382585
151.86,540.069461530214
151.87,540.140924466163
151.88,540.138024332555
151.89,540.052350261805
151.9,540.109342949762
151.91,540.076085732205
151.92,540.146778237752
151.93,540.141903522799
151.94,540.138130183821
151.95,540.059395120329
151.96,540.041066729238
151.97,540.047019942645
151.98,540.005359302882
151.99,540.052902007306
152,540.049584964837
152.01,540.041142701502
152.02,540.037241285954
152.03,540.055407156948
152.04,540.037666481037
152.05,540.086907346742
152.06,540.134341831625
152.07,540.119094540127
152.08,540.130809118424
152.09,540.10512072556
152.1,540.042281231532
152.11,540.082059750746
152.12,540.087515236826
152.13,540.123019964236
152.14,540.04235201971
152.15,540.080148222732
152.16,540.118622980585
152.17,540.138711454586
152.18,540.055794525094
152.19,540.130813434688
152.2,540.144888933625
152.21,540.052096099817
152.22,540.096997413879
152.23,540.075512529368
152.24,540.046361706537
152.25,540.112578494708
152.26,540.120895417606
152.27,540.139468058441
152.28,540.110275946674
152.29,540.123361203505
152.3,540.106340461627
152.31,540.092669062434
152.32,540.064904488415
152.33,540.057022560935
152.34,540.134825386926
152.35,540.11142089495
152.36,540.031697551922
152.37,540.125423355341
152.38,540.08282656431
152.39,540.033294998265
152.4,540.128094358634
152.41,540.084965540246
152.42,540.03747213775
152.43,540.115245383739
152.44,540.173104614594
152.45,540.065748138757
152.46,540.015680756707
152.47,540.005140621147
152.48,540.094607619371
152.49,540.066529811815
152.5,540.12684168374
152.51,540.070203181619
152.52,540.003787088487
152.53,540.041740377819
152.54,540.00778423166
152.55,540.050476037348
152.56,540.011776795974
152.57,540.097348559416
152.58,540.022428061788
152.59,540.064947078606
152.6,540.043257509328
152.61,540.093454558684
152.62,540.113025223921
152.63,540.10079372613
152.64,540.099316668407
152.65,540.157467101869
152.66,540.102914736853
152.67,540.071358792369
152.68,540.066235711437
152.69,540.041758834901
152.7,540.025551229409
152.71,540.047293676087
152.72,539.99376525264
152.73,540.026553405369
152.74,540.110648751544
152.75,540.04554708609
152.76,540.063825702979
152.77,540.012828033457
152.78,540.016506424918
152.79,540.015316027144
152.8,540.073318097546
152.81,540.092394264312
152.82,540.029817914428
152.83,540.023961058248
152.84,540.011778303481
152.85,540.014809159056
152.86,540.08385779163
152.87,540.026810525627
152.88,540.026554279817
152.89,540.032608578291
152.9,540.059231445523
152.91,540.052566932353
152.92,540.039084430013
152.93,539.990422995502
152.94,540.080479533665
152.95,540.008650179928
152.96,539.97819603544
152.97,539.956421453074
152.98,540.022865824055
152.99,540.023275109503
153,539.961068536593
153.01,539.938557347282
153.02,540.023022736159
153.03,540.017063025212
153.04,540.001538780485
153.05,539.923615584318
153.06,539.946471425035
153.07,540.058757226975
153.08,539.997053247114
153.09,539.988779670199
153.1,539.976617398665
153.11,540.03304425329
153.12,540.062570436582
153.13,539.974473846802
153.14,539.974082150379
153.15,539.942289478429
153.16,540.003484023598
153.17,540.031426882266
153.18,540.001993091389
153.19,539.932350394356
153.2,540.022404982093
153.21,540.052793620699
153.22,540.029320224898
153.23,540.033526854556
153.24,539.982769506553
153.25,539.988434943509
153.26,540.069642783874
153.27,540.024509581461
153.28,539.994621529174
153.29,540.033987933306
153.3,540.077034009163
153.31,540.006913564459
153.32,539.980977745264
153.33,540.025642254145
153.34,540.035360436971
153.35,540.009669909146
153.36,540.006149907667
153.37,540.044645745563
153.38,540.086771835312
153.39,540.008112905626
153.4,540.045974495466
153.41,540.03362722555
153.42,540.031427701005
153.43,540.01087566289
153.44,540.009485923871
153.45,539.975416203917
153.46,539.992047388368
153.47,540.051790949244
153.48,539.966671891525
153.49,540.022317391717
153.5,540.076404219924
153.51,540.001256560566
153.52,540.007334988718
153.53,540.065043158285
153.54,539.961437239074
153.55,539.964580488634
153.56,539.98920671768
153.57,539.981614912259
153.58,539.948740105555
153.59,539.995641341618
153.6,539.976135660385
153.61,539.946316533794
153.62,540.026546758268
153.63,539.988235072773
153.64,539.955253391416
153.65,539.990875292741
153.66,540.015550903863
153.67,539.9904488303
153.68,539.930265752584
153.69,539.94674283783
153.7,540.003091814436
153.71,540.003386042957
153.72,539.963834741061
153.73,540.088135245099
153.74,540.034555742729
153.75,539.991542836026
153.76,539.98339331869
153.77,540.033141892637
153.78,540.027975062459
153.79,539.974586738909
153.8,540.045156132323
153.81,540.066915024273
153.82,539.98722197874
153.83,540.004551719851
153.84,540.030014195757
153.85,540.037213297384
153.86,539.968270007938
153.87,540.018863177729
153.88,540.090705401956
153.89,540.009928432733
153.9,539.936536382517
153.91,540.024758275251
153.92,540.026480606953
153.93,539.9728518809
153.94,540.004603690555
153.95,540.106580673485
153.96,539.960680645526
153.97,539.998690937304
153.98,540.022301039359
153.99,539.947060413982
154,539.991406347107
154.01,540.036738602135
154.02,539.944871468438
154.03,539.938859967501
154.04,539.981844862586
154.05,539.949929034859
154.06,539.940515813908
154.07,540.050330741912
154.08,539.995839527191
154.09,539.902227960447
154.1,539.868929226831
154.11,539.951424441323
154.12,539.972537704849
154.13,539.948807516025
154.14,539.880628611613
154.15,539.906448562471
154.16,539.925500157065
154.17,539.949234607281
154.18,540.007081751261
154.19,539.954870426068
154.2,539.892409076355
154.21,539.902289654386
154.22,539.95808119293
154.23,539.975045813331
154.24,539.944543761711
154.25,539.92405235639
154.26,539.966535008305
154.27,539.962925767927
154.28,539.955311110459
154.29,539.995630745575
154.3,539.968786875578
154.31,540.011229528727
154.32,539.996123226799
154.33,540.003272971544
154.34,540.012703168809
154.35,540.0381371849
154.36,539.982608702236
154.37,539.988189592315
154.38,539.97546092153
154.39,539.964087497022
154.4,540.018165022907
154.41,539.994014389531
154.42,539.911877192231
154.43,539.978468288302
154.44,539.979826313206
154.45,539.961814482939
154.46,539.967544717193
154.47,539.995086528751
154.48,539.984945023759
154.49,539.992786094529
154.5,540.063312047787
154.51,540.028976847813
154.52,539.97688040837
154.53,540.007960961419
154.54,539.976152898295
154.55,539.935198683303
154.56,539.951192554304
154.57,539.954454566845
154.58,540.002349646658
154.59,539.98875356613
154.6,539.914316473558
154.61,539.893370120196
154.62,539.958699601527
154.63,539.96537788029
154.64,539.956603414799
154.65,539.966740763694
154.66,539.871455021723
154.67,539.967197929778
154.68,539.994089074469
154.69,539.923971761504
154.7,539.916286865824
154.71,539.994665145326
154.72,539.919078240976
154.73,539.889024375447
154.74,539.936100181126
154.75,539.963812688985
154.76,539.889611400565
154.77,539.966973346408
154.78,539.901256477737
154.79,539.925128707148
154.8,539.966509560797
154.81,539.875094826834
154.82,539.957531096476
154.83,539.895214944696
154.84,539.912115653024
154.85,539.89544473623
154.86,539.924789741523
154.87,539.902078818458
154.88,539.918000639818
154.89,539.955062721057
154.9,539.950424191631
154.91,539.838586257344
154.92,539.977388703984
154.93,539.832409572558
154.94,539.877181077114
154.95,539.954263825224
154.96,539.867126875171
154.97,539.899722805963
154.98,539.940784691748
154.99,539.895699763696
155,539.833425638861
155.01,539.923825451966
155.02,539.921420744004
155.03,539.94417321455
155.04,539.885848684287
155.05,539.883651603581
155.06,539.866192943561
155.07,539.936000981658
155.08,539.925516097476
155.09,539.915340838849
155.1,539.88871502328
155.11,539.926245282951
155.12,539.954092500704
155.13,539.904001862439
155.14,539.879945658781
155.15,539.858414845418
155.16,539.910300096137
155.17,539.85426867843
155.18,539.845441316066
155.19,539.899018405991
155.2,539.945119334925
155.21,539.941896846631
155.22,539.869893920919
155.23,539.824110719075
155.24,539.936707251215
155.25,539.923247823365
155.26,539.878980071353
155.27,539.922823800936
155.28,539.875850893811
155.29,539.826433401293
155.3,539.911948434659
155.31,539.871458333513
155.32,539.95160582496
155.33,539.887362099989
155.34,539.914642143276
155.35,539.843818264424
155.36,539.90818396712
155.37,539.86239526225
155.38,539.917092870502
155.39,539.851957015621
155.4,539.840730327154
155.41,539.959437178975
155.42,539.801151472912
155.43,539.82296185404
155.44,539.854964435659
155.45,539.894008982988
155.46,539.790699053369
155.47,539.840313909372
155.48,539.811155146474
155.49,539.860791109392
155.5,539.882386774973
155.51,539.906354110015
155.52,539.874868257443
155.53,539.867073150565
155.54,539.885868204005
155.55,539.87806037031
155.56,539.794899560873
155.57,539.801013284951
155.58,539.807565988504
155.59,539.798483100488
155.6,539.830588590541
155.61,539.874039862758
155.62,539.833753823573
155.63,539.796093930561
155.64,539.854117891415
155.65,539.831374932948
155.66,539.859836903095
155.67,539.813326469735
155.68,539.748691047036
155.69,539.874871497501
155.7,539.901477836727
155.71,539.805263292153
155.72,539.879413314093
155.73,539.784059516445
155.74,539.823864581237
155.75,539.889331670104
155.76,539.799868998766
155.77,539.814913595743
155.78,539.850437607567
155.79,539.8497375574
155.8,539.892642743009
155.81,539.897042267954
155.82,539.758496675147
155.83,539.824776706127
155.84,539.836339493639
155.85,539.785277826662
155.86,539.79525515609
155.87,539.801564829187
155.88,539.866518578716
155.89,539.860074182114
155.9,539.812500542076
155.91,539.852176916461
155.92,539.81644542616
155.93,539.868804145992
155.94,539.882039738647
155.95,539.82860216065
155.96,539.867461482423
155.97,539.879741567725
155.98,539.871039624518
155.99,539.885048162628
156,539.87507107691
156.01,539.816056651557
156.02,539.844089014803
156.03,539.807659390938
156.04,539.831052095137
156.05,539.861649036685
156.06,539.85947991274
156.07,539.816312107317
156.08,539.867645288896
156.09,539.770677965431
156.1,539.824135781635
156.11,539.829114678236
156.12,539.739714396205
156.13,539.793200180174
156.14,539.766071308391
156.15,539.789559577356
156.16,539.749596390157
156.17,539.762110753952
156.18,539.786760069452
156.19,539.748054775553
156.2,539.787329252724
156.21,539.519918855374
156.22,539.837740615295
156.23,539.838023691999
156.24,539.809685436374
156.25,539.859734922747
156.26,539.805454295265
156.27,539.822881280963
156.28,539.806706398701
156.29,539.784869285166
156.3,539.864224233799
156.31,539.763919115255
156.32,539.756759652692
156.33,539.781209329987
156.34,539.818797556274
156.35,539.682860804594
156.36,539.830697694954
156.37,539.838069792819
156.38,539.851665075546
156.39,539.751678444673
156.4,539.280283001288
156.41,539.799392968711
156.42,539.772462412901
156.43,539.699050695231
156.44,539.73674487404
156.45,539.785106583495
156.46,539.73144812909
156.47,539.769227169542
156.48,539.737344017332
156.49,539.812308390957
156.5,539.700452938047
156.51,539.668922389282
156.52,539.598328909749
156.53,539.650435870938
156.54,539.387709619455
156.55,539.734783077218
156.56,539.541836697879
156.57,539.669608741896
156.58,539.658326879685
156.59,539.743994368003
156.6,539.423368710477
156.61,539.676471569827
156.62,539.721421673142
156.63,539.711867470878
156.64,539.82685933746
156.65,539.795220046277
156.66,539.81097485696
156.67,539.816846173186
156.68,538.938141112828
156.69,539.859862990885
156.7,539.856412126368
156.71,539.828509198179
156.72,539.735720973845
156.73,539.893655745274
156.74,539.887936531231
156.75,539.760134889613
156.76,539.939046122927
156.77,539.909752695784
156.78,539.916024143125
156.79,539.88547620221
156.8,539.928507233572
156.81,539.900825569114
156.82,539.93232105302
156.83,539.9393721043
156.84,539.896965963718
156.85,539.791666348695
156.86,539.946668105865
156.87,539.905501284975
156.88,539.975541393536
156.89,539.852965003754
156.9,539.823763723165
156.91,539.756928228879
156.92,539.985626391235
156.93,539.909854250871
156.94,539.935822809158
156.95,539.922229588784
156.96,539.968297872804
156.97,539.950795830587
156.98,539.944924348831
156.99,539.96172532348
157,539.933731771802
157.01,539.972011358691
157.02,540.022099100943
157.03,540.025463403989
157.04,540.094679023136
157.05,540.045419461609
157.06,540.015511908781
157.07,540.102097645742
157.08,540.137275654868
157.09,540.172873784629
157.1,540.119351803787
157.11,540.143574686528
157.12,540.190084927071
157.13,540.118751694781
157.14,540.136696859911
157.15,540.161933663585
157.16,540.165914343102
157.17,540.190015430035
157.18,540.184094318627
157.19,540.100665204217
157.2,540.084386785149
157.21,540.198535589354
157.22,540.152004771247
157.23,540.141957279338
157.24,540.170680480504
157.25,540.202061913937
157.26,540.168364009986
157.27,540.135479571532
157.28,540.171841601721
157.29,540.130572261109
157.3,540.155470268832
157.31,540.186668443662
157.32,540.196058670498
157.33,540.178553237078
157.34,540.160479897919
157.35,540.155852003751
157.36,540.169501911641
157.37,540.174177177717
157.38,540.155341716611
157.39,540.16442294842
157.4,540.162862310553
157.41,540.153294410206
157.42,540.133365648025
157.43,540.12479876016
157.44,540.161575190472
157.45,540.159634257166
157.46,540.099576895308
157.47,540.132414765678
157.48,540.180655702736
157.49,540.141416028877
157.5,540.157046150829
157.51,540.185977440093
157.52,540.136375860211
157.53,540.178506266873
157.54,540.179532465047
157.55,540.152601571014
157.56,540.121127739123
157.57,540.133397598604
157.58,540.132746950527
157.59,540.137468979705
157.6,540.165426378561
157.61,540.093230599211
157.62,540.145415235845
157.63,540.107143671703
157.64,540.113050113102
157.65,540.157422873505
157.66,540.128683764188
157.67,540.143832664836
157.68,540.192117098083
157.69,540.121858269357
157.7,540.088081569996
157.71,540.101040878901
157.72,540.094337151737
157.73,540.068956242914
157.74,540.086625548128
157.75,540.127619259485
157.76,540.103961253089
157.77,540.159185012768
157.78,540.12040045545
157.79,540.113188543164
157.8,540.163665804714
157.81,540.116194043153
157.82,540.133969365671
157.83,540.167600807086
157.84,540.16421515537
157.85,540.15563185168
157.86,540.153770690989
157.87,540.166370432669
157.88,540.106417174133
157.89,540.135499181513
157.9,540.17528234444
157.91,540.118397533361
157.92,540.127788850931
157.93,540.103553374627
157.94,540.165045444898
157.95,540.113164615368
157.96,540.112246826197
157.97,540.169429815217
157.98,540.137818124883
157.99,540.102006661875
158,540.140620840341
158.01,540.153272150913
158.02,540.112208188485
158.03,540.153484439201
158.04,540.064664798359
158.05,540.112519816749
158.06,540.09682288453
158.07,540.134829833045
158.08,540.182405521762
158.09,540.099898006844
158.1,540.142717733567
158.11,540.07303770006
158.12,540.149106738571
158.13,540.090680223893
158.14,540.10794888939
158.15,540.144941884014
158.16,540.178771011595
158.17,540.093521094553
158.18,540.097819747401
158.19,540.093819088006
158.2,540.091231266685
158.21,540.088043237975
158.22,540.072010526256
158.23,540.054451256897
158.24,540.062332482504
158.25,540.073757326402
158.26,540.087990989425
158.27,540.00878861852
158.28,540.002112243351
158.29,540.015489133141
158.3,540.011597474764
158.31,540.029136692376
158.32,539.996084215858
158.33,540.000430384087
158.34,540.000281132071
158.35,539.947203044815
158.36,539.940016384728
158.37,540.005721173356
158.38,539.978936795191
158.39,539.97504937245
158.4,540.015876339491
158.41,540.004141511146
158.42,539.938924964118
158.43,539.990400383411
158.44,539.992229590615
158.45,539.970988433725
158.46,539.945483410133
158.47,539.985576019017
158.48,539.99890335344
158.49,539.95546870461
158.5,539.972189674791
158.51,539.931686219016
158.52,540.01518729843
158.53,540.025797777722
158.54,540.007113911979
158.55,540.025525721096
158.56,540.013078717166
158.57,540.065283426007
158.58,540.034194564462
158.59,540.088378839787
158.6,540.072375508258
158.61,540.090379519368
158.62,540.12937303412
158.63,540.051655016551
158.64,540.120982799403
158.65,540.114865861019
158.66,540.080716529362
158.67,540.094237980581
158.68,540.125973095445
158.69,540.106214997539
158.7,540.132727883645
158.71,540.094143853737
158.72,540.110477785675
158.73,540.104702418421
158.74,540.152924643571
158.75,540.10120711462
158.76,540.090345962608
158.77,540.092012713309
158.78,540.147609300884
158.79,540.134080050937
158.8,540.086485300635
158.81,540.162693117033
158.82,540.09272442401
158.83,540.12617312529
158.84,540.139234401711
158.85,540.086044914091
158.86,540.068179608798
158.87,540.154695162916
158.88,540.092925356846
158.89,540.135818216687
158.9,540.066169405037
158.91,540.095431687768
158.92,540.025048518149
158.93,540.101978325157
158.94,540.044522791361
158.95,540.053256002118
158.96,539.994496917195
158.97,540.025375547528
158.98,540.014491116886
158.99,540.004541514552
159,540.033660928658
159.01,539.933857923901
159.02,539.970918715234
159.03,539.968968308568
159.04,539.956324350158
159.05,539.98439657463
159.06,539.950152964605
159.07,539.964561278951
159.08,539.909035451663
159.09,539.919681038471
159.1,539.952543083379
159.11,539.888019743638
159.12,539.891690750498
159.13,539.871420661659
159.14,539.901833681158
159.15,539.92224213767
159.16,539.914921827691
159.17,539.940300971824
159.18,539.852783508208
159.19,539.858005035548
159.2,539.852942925082
159.21,539.867236096066
159.22,539.870343514886
159.23,539.865658856078
159.24,539.881151501698
159.25,539.928734476916
159.26,539.939235601058
159.27,539.909707910775
159.28,539.887968787862
159.29,539.924918991925
159.3,539.932896422902
159.31,539.903920636143
159.32,539.933184239777
159.33,539.893844184911
159.34,539.9514925883
159.35,539.913181827744
159.36,539.986159470275
159.37,539.937959456328
159.38,539.897723798679
159.39,539.898127070431
159.4,539.970316330547
159.41,539.908988439835
159.42,539.901539655207
159.43,539.928745108847
159.44,539.950480690812
159.45,539.939396657321
159.46,539.922228462071
159.47,539.893362493715
159.48,539.906096165442
159.49,539.949629514687
159.5,539.940707325276
159.51,539.926132144212
159.52,539.931459041489
159.53,539.915691487114
159.54,539.894229886048
159.55,539.925240800862
159.56,539.942984718942
159.57,539.934445397543
159.58,539.926667204498
159.59,539.919394187944
159.6,539.925188023007
159.61,539.920605783839
159.62,539.948588499767
159.63,539.931522673233
159.64,539.885126783686
159.65,539.92188868145
159.66,539.966236467333
159.67,539.922791463987
159.68,539.910806384629
159.69,539.957834228865
159.7,539.958113641097
159.71,539.906355572949
159.72,539.939956758904
159.73,539.949928836911
159.74,539.938253800701
159.75,539.926673349967
159.76,539.907023359941
159.77,539.951666829781
159.78,539.867347012458
159.79,539.893823766554
159.8,539.918875534556
159.81,539.874685015007
159.82,539.862490251986
159.83,539.878960225178
159.84,539.833739767045
159.85,539.840820172757
159.86,539.803992129605
159.87,539.832310678191
159.88,539.847124538513
159.89,539.782734814654
159.9,539.819272616234
159.91,539.851610905312
159.92,539.884449245786
159.93,539.85711560651
159.94,539.881350331159
159.95,539.832947405011
159.96,539.841529318679
159.97,539.877600918803
159.98,539.859384342757
159.99,539.842482572542
160,539.870072319438
160.01,539.862263424614
160.02,539.907665487522
160.03,539.752956251756
160.04,539.85722523772
160.05,539.863629327372
160.06,539.782313853043
160.07,539.84486136527
160.08,539.858836484763
160.09,539.879180840892
160.1,539.835136955948
160.11,539.853487149934
160.12,539.865407019201
160.13,539.875262264346
160.14,539.623146453257
160.15,539.862611589154
160.16,539.835453765779
160.17,539.816601796711
160.18,539.855094226785
160.19,539.866313073191
160.2,539.82610073303
160.21,539.786638913712
160.22,539.898150400339
160.23,539.845474903701
160.24,539.804549890422
160.25,539.882747778301
160.26,539.840600237354
160.27,539.776276757248
160.28,539.851073449812
160.29,539.758522861629
160.3,539.751943911547
160.31,539.846037498894
160.32,539.747666410404
160.33,539.8934652284
160.34,539.831434784731
160.35,539.744667108411
160.36,539.911012709205
160.37,539.852577976951
160.38,539.816765083536
160.39,539.874527685089
160.4,539.836534635854
160.41,539.903417049005
160.42,539.941719184514
160.43,539.883032552509
160.44,539.797097203426
160.45,539.758527008466
160.46,539.818391248094
160.47,539.866430441668
160.48,539.901665645345
160.49,539.73068290818
160.5,539.782489030976
160.51,539.750147782183
160.52,539.857116322101
160.53,539.505152083907
160.54,539.875000238707
160.55,539.915280629126
160.56,539.829218114112
160.57,539.902777978703
160.58,539.831224065076
160.59,539.777692923303
160.6,539.831313377668
160.61,539.807721129253
160.62,539.87539641086
160.63,539.81248591188
160.64,539.885972879267
160.65,539.896204430274
160.66,539.871801992652
160.67,539.880080648208
160.68,539.905311769146
160.69,539.896177731403
160.7,539.908661443785
160.71,539.79510606456
160.72,539.866062042715
160.73,539.809099293026
160.74,539.809221652787
160.75,539.803300894244
160.76,539.609505670277
160.77,539.860897313641
160.78,539.855968708109
160.79,539.92227779647
160.8,539.770299380551
160.81,539.887464902595
160.82,539.962338708093
160.83,539.709939208528
160.84,539.77068027493
160.85,539.832677956789
160.86,539.920604997888
160.87,539.890685616474
160.88,539.858542655378
160.89,539.87388159447
160.9,539.904934181948
160.91,539.941488666321
160.92,539.956255242566
160.93,539.925089051655
160.94,540.020998541712
160.95,540.022280011426
160.96,540.071477115831
160.97,540.067489442396
160.98,540.085908475853
160.99,540.136516871984
161,540.107911164855
161.01,540.120313348856
161.02,540.07105276185
161.03,540.103371503736
161.04,540.113535121159
161.05,540.111009421153
161.06,540.198645020427
161.07,540.158356305773
161.08,540.338932635184
161.09,540.11951489888
161.1,540.06844107281
161.11,540.184252156222
161.12,540.168555410592
161.13,540.15359667575
161.14,540.20775498189
161.15,540.180315566647
161.16,540.183222326353
161.17,540.154515789938
161.18,540.18645810618
161.19,540.148628790008
161.2,540.073947945793
161.21,540.153572630036
161.22,540.095935014116
161.23,540.130730884537
161.24,540.137237838943
161.25,540.17612371986
161.26,540.108615855065
161.27,540.16421091533
161.28,540.080368341789
161.29,540.158558937882
161.3,540.109860290034
161.31,540.214620793777
161.32,540.13084617384
161.33,540.153278778882
161.34,540.185038516586
161.35,540.065837771244
161.36,540.104129234631
161.37,540.149900679367
161.38,540.182726852489
161.39,540.12836355589
161.4,540.133524656872
161.41,540.15309023466
161.42,540.127182385992
161.43,540.208274719459
161.44,540.16170951246
161.45,540.059618127829
161.46,540.100878855186
161.47,540.058716796379
161.48,540.118901400335
161.49,540.134015411686
161.5,540.092094756859
161.51,540.205242547047
161.52,540.134550724107
161.53,540.168272440782
161.54,540.063769651127
161.55,540.124042361202
161.56,540.152219370638
161.57,539.991659282808
161.58,540.119202182996
161.59,540.054877644323
161.6,540.044778595268
161.61,540.034670044311
161.62,540.087264403363
161.63,540.09052686051
161.64,540.050058644352
161.65,539.987070536052
161.66,540.070406010171
161.67,539.999686312323
161.68,540.056675800243
161.69,539.989820812294
161.7,540.017916360992
161.71,540.020696222983
161.72,540.017956572224
161.73,540.026288279116
161.74,540.035964332209
161.75,540.016505577241
161.76,540.014288191456
161.77,539.940434193055
161.78,540.071589953526
161.79,540.021571836987
161.8,539.998378649879
161.81,540.024595781452
161.82,540.074805540659
161.83,540.025443741312
161.84,539.997801886219
161.85,540.021986784142
161.86,540.046190948956
161.87,539.97537185326
161.88,540.034395305679
161.89,540.046709933271
161.9,540.067895074167
161.91,540.054796841646
161.92,540.0625401176
161.93,540.028874407293
161.94,540.082337231262
161.95,540.092292506435
161.96,540.090494530365
161.97,540.13929091842
161.98,540.088417503193
161.99,540.063398405664
162,540.042597121287
162.01,540.05654292041
162.02,540.130998833163
162.03,540.14586705154
162.04,540.1105536535
162.05,540.143994337495
162.06,540.075991410123
162.07,540.116937546073
162.08,540.160911411029
162.09,540.14618920939
162.1,540.183847328856
162.11,540.143236180476
162.12,540.173477146619
162.13,540.13826955684
162.14,540.171876837934
162.15,540.126361287663
162.16,540.18491666677
162.17,540.16602502149
162.18,540.189159218656
162.19,540.150385079588
162.2,540.153715455802
162.21,540.101084010441
162.22,540.161285967495
162.23,540.171676187607
162.24,540.093404551916
162.25,540.154663763567
162.26,540.13680482139
162.27,540.174616948472
162.28,540.190176659787
162.29,540.132033653298
162.3,540.141517520367
162.31,540.1766230669
162.32,540.111503208352
162.33,540.13003051555
162.34,540.141740177603
162.35,540.0996696602
162.36,540.125885308442
162.37,540.13602134054
162.38,540.091694108343
162.39,540.122013552002
162.4,540.140124267056
162.41,540.130532985641
162.42,540.147795928108
162.43,540.183262443341
162.44,540.153430425558
162.45,540.123263226673
162.46,540.135412236947
162.47,540.131870141381
162.48,540.152951152434
162.49,540.125326254882
162.5,540.159065523824
162.51,540.14334113673
162.52,540.100049056348
162.53,540.086002684542
162.54,540.144975928852
162.55,540.167838364512
162.56,540.133862976022
162.57,540.116994084003
162.58,540.135762750098
162.59,540.110044489224
162.6,540.143013216799
162.61,540.096665745335
162.62,540.138214392791
162.63,540.108517875238
162.64,540.135075946938
162.65,540.177603681995
162.66,540.101202498895
162.67,540.096080115874
162.68,540.126251373148
162.69,540.13213019925
162.7,540.177209705375
162.71,540.104189245257
162.72,540.102753177174
162.73,540.132989375662
162.74,540.161630528918
162.75,540.160680653382
162.76,540.099269338123
162.77,540.142474321819
162.78,540.072485977499
162.79,540.183294705746
162.8,540.123856229643
162.81,540.136722169484
162.82,540.108545358339
162.83,540.136129428893
162.84,540.140459819206
162.85,540.163963634626
162.86,540.149384003736
162.87,540.161861313967
162.88,540.120506978498
162.89,540.12605241618
162.9,540.088679944471
162.91,540.136327851371
162.92,540.103994270012
162.93,540.120153509975
162.94,540.108348496912
162.95,540.101940504666
162.96,540.132633339661
162.97,540.104788182949
162.98,540.114242931706
162.99,540.094439866053
163,540.162885293161
163.01,540.110266322166
163.02,540.160680027586
163.03,540.053216240484
163.04,540.1636683215
163.05,540.088943092898
163.06,540.128421225634
163.07,540.124331060767
163.08,540.149244073598
163.09,540.057765987905
163.1,540.116805058717
163.11,540.13638241171
163.12,540.11906698655
163.13,540.114823382422
163.14,540.074372326172
163.15,540.16116385272
163.16,540.146537602089
163.17,540.103433129654
163.18,540.066801091743
163.19,540.15278607127
163.2,540.114386574865
163.21,540.144315671316
163.22,540.110733344218
163.23,540.069000847014
163.24,540.106400341886
163.25,540.131765657417
163.26,540.162259112936
163.27,540.115662028685
163.28,540.151662962124
163.29,540.12770653011
163.3,540.159946411579
163.31,540.144621374607
163.32,540.152953030897
163.33,540.139528674915
163.34,540.155431001373
163.35,540.118487227582
163.36,540.057090911486
163.37,540.117535442231
163.38,540.114960408521
163.39,540.121208722366
163.4,540.151768846115
163.41,540.082364450654
163.42,540.087748669928
163.43,540.148368104791
163.44,540.14055671578
163.45,540.079803783604
163.46,540.125726781192
163.47,540.063519812167
163.48,540.105397087153
163.49,540.115596276646
163.5,540.054280661766
163.51,540.088640648861
163.52,540.140819054364
163.53,540.148073925751
163.54,540.04042036284
163.55,540.091728112175
163.56,540.062713279384
163.57,540.098894414544
163.58,540.061009956196
163.59,540.18599188988
163.6,540.08529362941
163.61,540.066462026677
163.62,540.111190962338
163.63,540.090608705742
163.64,540.045988637504
163.65,540.179202988137
163.66,540.077729088696
163.67,540.037810990437
163.68,540.083769221875
163.69,540.11691612905
163.7,540.164578867929
163.71,540.103910301216
163.72,540.097826317814
163.73,540.120984406812
163.74,540.086813864319
163.75,540.085427810315
163.76,540.066961319153
163.77,540.088160867398
163.78,540.060425570855
163.79,540.125145763792
163.8,540.050222263129
163.81,540.084001304904
163.82,540.044062331974
163.83,540.087531075255
163.84,540.092546554605
163.85,540.107439137923
163.86,540.087835708333
163.87,540.124407588653
163.88,540.138323214593
163.89,540.071112128086
163.9,540.096812376384
163.91,540.102051334689
163.92,540.143263311432
163.93,540.085959697983
163.94,540.048958032163
163.95,540.132924024497
163.96,540.132209034134
163.97,540.041645284515
163.98,540.097202029192
163.99,540.068300190895
164,540.1225711251
164.01,540.151637008329
164.02,540.057086097924
164.03,540.181075378955
164.04,540.069923268336
164.05,540.14652992142
164.06,540.093824821194
164.07,540.126675628043
164.08,540.043077365165
164.09,540.181702908154
164.1,540.145356868304
164.11,540.049312090614
164.12,540.139273534178
164.13,540.1145980998
164.14,540.045362472974
164.15,540.162977594309
164.16,540.129352525058
164.17,540.091342558587
164.18,540.135688478047
164.19,540.124082657481
164.2,540.125434668198
164.21,540.052685029767
164.22,540.032548141318
164.23,540.054735058413
164.24,540.131057989288
164.25,540.109212448976
164.26,540.125910002142
164.27,540.100061894502
164.28,540.05006532147
164.29,540.11388655648
164.3,540.073774206145
164.31,540.08417739677
164.32,540.126008930286
164.33,540.113229797028
164.34,540.106144975483
164.35,540.128357959859
164.36,540.126177039518
164.37,540.17797961966
164.38,540.069948778112
164.39,540.071069663933
164.4,540.059439692044
164.41,540.06045879537
164.42,540.080091394777
164.43,540.075551283021
164.44,540.097617547601
164.45,540.031431094728
164.46,540.050664648786
164.47,540.107928501218
164.48,540.045855648077
164.49,540.083729530758
164.5,540.162335264445
164.51,540.04943225348
164.52,540.052629429392
164.53,540.141890170435
164.54,540.03982424052
164.55,540.111956193972
164.56,540.060502489742
164.57,540.0430655952
164.58,540.185933752639
164.59,540.08001623349
164.6,540.099063797538
164.61,540.099973277583
164.62,540.077479827827
164.63,540.058943210454
164.64,540.031100103549
164.65,540.168891887062
164.66,540.0615158739
164.67,540.068422150177
164.68,540.098178694856
164.69,540.056107642643
164.7,540.056111921064
164.71,540.160255185306
164.72,540.088047082017
164.73,540.034832266876
164.74,540.069296858197
164.75,540.154881358245
164.76,540.09205483715
164.77,540.053843876509
164.78,540.020810138218
164.79,540.042892837005
164.8,540.082362903406
164.81,540.141282160406
164.82,540.133483193138
164.83,540.112564796669
164.84,540.119610371376
164.85,540.083334584797
164.86,540.021809437078
164.87,540.053276913245
164.88,540.058920126137
164.89,540.164968548899
164.9,540.134533973548
164.91,540.079761550043
164.92,540.162817260684
164.93,540.07139668055
164.94,540.076221036714
164.95,540.038743946664
164.96,540.039481265562
164.97,540.015047180107
164.98,540.083453684244
164.99,540.118448154336
165,540.105575292901
165.01,540.067590942657
165.02,540.046900571015
165.03,540.1133283424
165.04,540.115418502834
165.05,540.044513164978
165.06,540.007615150505
165.07,540.147516251398
165.08,540.012690958508
165.09,540.070825108802
165.1,540.118580503083
165.11,540.031657344772
165.12,540.109061389476
165.13,540.04733444371
165.14,540.084192898644
165.15,540.064310105049
165.16,540.032223363964
165.17,540.063016268474
165.18,540.070945241864
165.19,540.050908748223
165.2,540.104783366935
165.21,540.09178878074
165.22,540.121060226298
165.23,540.019603007244
165.24,540.128914775993
165.25,540.06130320831
165.26,540.047127409717
165.27,540.090668705539
165.28,540.047438591438
165.29,540.036172749156
165.3,540.141308074053
165.31,540.076985151859
165.32,540.003201654735
165.33,540.053281344298
165.34,540.221756313302
165.35,540.120426265889
165.36,539.997839015736
165.37,540.060826595374
165.38,540.044596805356
165.39,540.052873786884
165.4,540.095420668356
165.41,540.133735333261
165.42,540.101040838359
165.43,540.113421622088
165.44,540.057318022347
165.45,540.046240118708
165.46,540.018213496576
165.47,540.030529051965
165.48,540.023243169197
165.49,540.016353497099
165.5,540.080126224196
165.51,540.019764824874
165.52,540.04772844567
165.53,540.01536016329
165.54,540.065989753851
165.55,540.111934162896
165.56,540.128864133661
165.57,540.129146814882
165.58,540.056979294687
165.59,540.02729100508
165.6,540.060677907676
165.61,540.099007022456
165.62,540.157192735416
165.63,539.999393606689
165.64,540.041936621732
165.65,540.098115865013
165.66,540.145227749792
165.67,540.081694262118
165.68,540.034932527828
165.69,540.157271146807
165.7,540.10894238903
165.71,540.026899644893
165.72,540.157462848448
165.73,540.002373398858
165.74,540.092409633548
165.75,540.0899461026
165.76,540.017741775813
165.77,540.053124311799
165.78,540.12760955047
165.79,540.137262680143
165.8,540.030738475997
165.81,540.093519491402
165.82,540.005787316018
165.83,540.151435674946
165.84,540.027968874333
165.85,540.066118997076
165.86,540.098720069762
165.87,540.054193221123
165.88,540.170662739612
165.89,540.025389743541
165.9,540.081916184212
165.91,540.112876806602
165.92,540.072130378079
165.93,540.120942167307
165.94,540.103945579853
165.95,540.038437068518
165.96,540.019060203335
165.97,540.053123885915
165.98,540.08366212001
165.99,540.063962300437
166,540.040819279256
166.01,540.09258910587
166.02,540.105687434002
166.03,540.177780133898
166.04,540.074620722516
166.05,540.066760130464
166.06,540.036191141452
166.07,540.004409107934
166.08,540.039946916365
166.09,540.031847350513
166.1,540.038097375257
166.11,540.026354106411
166.12,540.102102312497
166.13,540.030053069391
166.14,540.099471874381
166.15,540.040921113726
166.16,540.091979946372
166.17,540.049401387622
166.18,540.139190439842
166.19,539.998251081417
166.2,540.084589449552
166.21,540.06607171796
166.22,540.04142727644
166.23,540.13017936874
166.24,540.134998746173
166.25,540.108342614935
166.26,540.021092458199
166.27,540.061805422545
166.28,540.088795326983
166.29,540.11403757306
166.3,540.047591130149
166.31,540.002514021402
166.32,540.030207495156
166.33,540.08718728345
166.34,540.031419321453
166.35,540.028011166675
166.36,540.056286905933
166.37,540.030287569443
166.38,540.058351442106
166.39,540.10164077746
166.4,540.134255618228
166.41,540.083432388122
166.42,540.100188278105
166.43,539.998121954498
166.44,540.171116904083
166.45,540.007241695667
166.46,540.11248759695
166.47,540.023214316893
166.48,540.081112201409
166.49,540.035222100199
166.5,540.072316501007
166.51,540.042933130892
166.52,540.110325428689
166.53,540.000067235158
166.54,540.067093489448
166.55,540.032482700448
166.56,540.0472702921
166.57,540.082242913106
166.58,540.015094781345
166.59,540.067399391506
166.6,540.103256720914
166.61,540.001253268007
166.62,540.090140181304
166.63,540.091334040164
166.64,539.99812540743
166.65,540.089218571034
166.66,540.049710154968
166.67,540.083936911366
166.68,540.066792579647
166.69,539.99765091078
166.7,540.06018234769
166.71,540.123515780493
166.72,540.111523818384
166.73,540.005089099086
166.74,540.025757241321
166.75,540.045034862444
166.76,540.077937107137
166.77,540.071130850682
166.78,540.128158005859
166.79,540.067802881987
166.8,540.141782313333
166.81,540.099766098667
166.82,540.044932518913
166.83,540.110221892825
166.84,540.128935171217
166.85,540.06930126974
166.86,540.038168202593
166.87,540.088820529506
166.88,540.082245795111
166.89,540.114326824213
166.9,540.060131543722
166.91,540.031665609577
166.92,540.05092595629
166.93,540.032151344437
166.94,539.999489367312
166.95,539.991362480123
166.96,539.996566538464
166.97,540.059503026523
166.98,540.160021538007
166.99,540.025990143708
167,540.046100107797
167.01,540.035444688002
167.02,540.041397456081
167.03,540.066931678173
167.04,539.998282727457
167.05,540.035770777423
167.06,540.114106171811
167.07,540.03612597373
167.08,540.000210067103
167.09,540.13646339275
167.1,540.050195341223
167.11,539.999077944973
167.12,540.097261441413
167.13,540.030721800494
167.14,540.02420841218
167.15,540.063901891369
167.16,540.003925293353
167.17,540.068532423745
167.18,540.03794491265
167.19,540.051041023569
167.2,540.086521029345
167.21,540.038456318164
167.22,540.065135013554
167.23,540.017360865902
167.24,540.084952027208
167.25,540.032010404734
167.26,539.998409765418
167.27,540.125422595368
167.28,540.00608114135
167.29,540.041820007875
167.3,540.059710430643
167.31,540.116504711894
167.32,540.062424490412
167.33,540.017179446374
167.34,540.054941457892
167.35,540.023699747867
167.36,539.998878142335
167.37,540.060115460224
167.38,540.050171733652
167.39,539.994566326618
167.4,540.078326181159
167.41,540.090895634582
167.42,540.05090777143
167.43,539.996725083663
167.44,540.038379601654
167.45,540.06358472789
167.46,540.067537739499
167.47,540.058847195617
167.48,540.002527457794
167.49,540.076044315303
167.5,540.05292536201
167.51,540.068799376802
167.52,540.069099917543
167.53,540.093089336007
167.54,540.017679031502
167.55,540.104731848945
167.56,540.016062646863
167.57,539.998832285101
167.58,540.037790228707
167.59,540.002741570619
167.6,540.05681335041
167.61,540.089372557395
167.62,539.992525148499
167.63,539.999641525537
167.64,540.056639470939
167.65,539.995177823485
167.66,540.016604917116
167.67,540.028294949754
167.68,540.041911398792
167.69,540.034729752922
167.7,540.056711744569
167.71,540.050528447565
167.72,540.072718375798
167.73,540.110099932469
167.74,540.021829873722
167.75,539.998833224066
167.76,540.000110959407
167.77,540.065820052881
167.78,540.024475703218
167.79,540.088657489758
167.8,540.037627752375
167.81,539.988494218507
167.82,540.076331583469
167.83,540.048405183094
167.84,540.064522074957
167.85,540.045051233841
167.86,540.062327848175
167.87,540.130417434339
167.88,540.016937471955
167.89,540.063414856412
167.9,540.095378143356
167.91,540.032394377111
167.92,540.12403977528
167.93,540.05381011929
167.94,539.989478016238
167.95,540.009579709322
167.96,540.062354598552
167.97,540.063456114788
167.98,540.038076658948
167.99,540.071012058604
168,540.013197013826
168.01,539.983921250949
168.02,540.018589729483
168.03,540.002550641041
168.04,540.124406834204
168.05,540.057171417844
168.06,540.018399313809
168.07,540.113989356188
168.08,539.999717132962
168.09,540.068120574262
168.1,540.0327780828
168.11,540.065622846884
168.12,540.029225033477
168.13,540.006023218001
168.14,540.066708382189
168.15,540.058047011303
168.16,540.050233498326
168.17,540.077972612811
168.18,539.986842752147
168.19,540.086009676406
168.2,540.031323032012
168.21,540.112872655726
168.22,540.063188383506
168.23,540.073461528284
168.24,540.077777497288
168.25,539.999526416038
168.26,539.999178040976
168.27,540.084402503602
168.28,540.059454165372
168.29,540.064251554521
168.3,540.052419338815
168.31,539.971883167178
168.32,540.041033753357
168.33,540.071436313869
168.34,540.06209353772
168.35,540.120667699353
168.36,540.019622324107
168.37,540.077222509786
168.38,539.999825885101
168.39,540.005873653273
168.4,540.08015465382
168.41,540.094519299935
168.42,540.049913740239
168.43,540.028789738403
168.44,539.999445835956
168.45,540.059303487134
168.46,540.080813443332
168.47,540.043741023132
168.48,540.108674121683
168.49,540.103417071285
168.5,540.033376122166
168.51,540.122877150586
168.52,540.072687525018
168.53,540.068645678972
168.54,539.998895614756
168.55,540.005595085415
168.56,539.976680738423
168.57,540.024784495729
168.58,540.013385087244
168.59,540.02562926433
168.6,540.025115540681
168.61,540.042679782011
168.62,540.02061115991
168.63,540.01999165437
168.64,540.071779095246
168.65,540.086137378245
168.66,539.999793539673
168.67,539.994163198271
168.68,540.013581226953
168.69,540.028998204223
168.7,539.998302617642
168.71,540.024604847722
168.72,540.037384659875
168.73,540.109034358439
168.74,539.999859325624
168.75,540.120653822572
168.76,540.050061950291
168.77,540.001237600457
168.78,540.059540817621
168.79,540.075506881356
168.8,539.975562704386
168.81,540.050850786544
168.82,540.073886942975
168.83,540.035001589673
168.84,540.052097322504
168.85,539.999452304586
168.86,540.0796406163
168.87,540.000252017007
168.88,540.057332105162
168.89,539.998229658672
168.9,540.043758132033
168.91,539.997944564954
168.92,540.071217114743
168.93,539.999909044094
168.94,540.092365902006
168.95,539.999983935268
168.96,540.046711286667
168.97,539.998397422326
168.98,540.020403052585
168.99,539.994776018839
169,540.079840267722
169.01,540.022802552041
169.02,540.131410483258
169.03,540.014762559933
169.04,540.002757102873
169.05,539.997381145737
169.06,540.073694926212
169.07,540.09228636152
169.08,540.108529865532
169.09,540.037493986991
169.1,540.062287556069
169.11,540.00032066462
169.12,540.076955459653
169.13,540.065016190953
169.14,539.999827029674
169.15,540.008736542798
169.16,540.047549531477
169.17,540.090845924236
169.18,540.066145261606
169.19,539.999947015345
169.2,540.092628614516
169.21,540.060760290402
169.22,540.018980040961
169.23,540.054783677458
169.24,539.969833269541
169.25,539.979298619678
169.26,539.999034551234
169.27,540.09647997694
169.28,540.142271025652
169.29,540.028775589886
169.3,540.016731818477
169.31,540.034798483451
169.32,540.029267276706
169.33,539.99866876926
169.34,540.079248181334
169.35,540.003093075137
169.36,539.999486817099
169.37,539.992991734789
169.38,540.001291218645
169.39,539.978999073753
169.4,539.970101687115
169.41,539.999782902671
169.42,540.041303333071
169.43,540.002891107898
169.44,540.019529607338
169.45,540.008572627385
169.46,540.051130858988
169.47,540.051715660516
169.48,540.049665243293
169.49,540.049028350359
169.5,540.014742784534
169.51,540.0691670286
169.52,540.024628140226
169.53,539.994298989071
169.54,540.026839551206
169.55,540.016681706227
169.56,540.024491914916
169.57,540.033476217948
169.58,540.033520793235
169.59,540.011939939137
169.6,540.054733162623
169.61,540.092499401726
169.62,540.048453398026
169.63,540.050756756103
169.64,540.052266277795
169.65,540.04547228539
169.66,540.061962951995
169.67,540.002857378924
169.68,540.054655773079
169.69,540.085736319169
169.7,539.996533933976
169.71,540.038140563475
169.72,540.107402519543
169.73,539.995860278955
169.74,540.017147555171
169.75,540.10075148367
169.76,539.98765297759
169.77,540.048298354473
169.78,539.998977556459
169.79,540.023485842554
169.8,540.033438850076
169.81,540.059946837526
169.82,539.999672408402
169.83,540.046777629549
169.84,540.038638545905
169.85,540.022968658172
169.86,539.999733437772
169.87,539.999181933934
169.88,540.019591820981
169.89,540.000116360941
