Time,Idc
0.1,0.0323519708192238
0.11,0.0323519708192238
0.12,0.0323519708192238
0.13,0.0323519708774316
0.14,0.0323519708774316
0.15,0.0323519708774316
0.16,0.0323519708774316
0.17,0.0323519708774316
0.18,0.0323519708774316
0.19,0.0323519708774316
0.2,0.0323519708774316
0.21,0.0323519708774316
0.22,0.0323519708774316
0.23,0.0323519708774316
0.24,0.0323519708774316
0.25,0.0323519708774316
0.26,0.0323519708774316
0.27,0.0323924881920841
0.28,0.0323924883084995
0.29,0.0323924881920841
0.3,0.0323547110588104
0.31,0.0323924883667071
0.32,0.0323713236145861
0.33,0.0323924882502918
0.34,0.0374260719315842
0.35,0.0325112557411079
0.36,0.0324074530650851
0.37,0.0325191446182916
0.38,0.0324074531232928
0.39,0.0324074530650851
0.4,0.0324074531232928
0.41,0.0324074530650851
0.42,0.0324074530650851
0.43,0.0324074531232928
0.44,0.0323933519929947
0.45,0.0323924883084994
0.46,0.0323924935471841
0.47,0.0324074551023515
0.48,1.00384035929292
0.49,0.032407514357697
0.5,0.0324075098757109
0.51,0.0324066408361158
0.52,0.0323925623485776
0.53,0.0324074531232927
0.54,1.68808777690347
0.55,0.0324074531232927
0.56,5.98407089713351
0.57,5.937246065909
0.58,0.0324074531815005
0.59,0.0324074531232928
0.6,0.0323924882502918
0.61,0.0325016931623487
0.62,0.0330599538374167
0.63,0.0324074531232927
0.64,0.0323924883667071
0.65,0.0323925005320971
0.66,0.056463845801527
0.67,0.0344897359759124
0.68,1.66331375485543
0.69,0.0324074531232928
0.7,0.101363018740781
0.71,0.0329322005349214
0.72,0.0328397065616116
0.73,0.054000778203559
0.74,0.0374883714185752
0.75,0.0377444080499359
0.76,0.0323924146176669
0.77,0.0327965158758013
0.78,0.0324074531815003
0.79,0.032407453065085
0.8,0.0324074531815004
0.81,0.0323945504876542
0.82,0.0326423572155661
0.83,-0.0428544735806174
0.84,0.0324079243138838
0.85,3.33656688034126
0.86,0.032436583191301
0.87,0.032392188306485
0.88,0.0323924859219874
0.89,0.0324099229424434
0.9,0.0323926949455096
0.91,0.0324074531232927
0.92,0.0324074498054591
0.93,0.0357481834827287
0.94,0.0323925147347536
0.95,0.033528331790701
0.96,0.0323878874627062
0.97,0.0323938175956553
0.98,0.0323928911051504
0.99,-0.20440664818531
1,0.032407448175646
1.01,0.0323947422817244
1.02,2.22014502220047
1.03,0.0324078344413362
1.04,0.0462572045688091
1.05,0.0323925958761599
1.06,0.0334619104483276
1.07,0.0324665575946516
1.08,0.0323925005903048
1.09,0.0323921631607982
1.1,0.0323924958172809
1.11,0.0323925083319167
1.12,0.0324090818303868
1.13,0.0324099051309152
1.14,0.0324074537635765
1.15,0.0324076193060151
1.16,0.0323925318477906
1.17,0.0324118184611019
1.18,0.0324074544038601
1.19,0.0323941014159544
1.2,0.0324111677000385
1.21,0.0323924859801951
1.22,-0.0470734576712569
1.23,0.0323940171313373
1.24,1.71200130727206
1.25,1.75162980023491
1.26,0.0323937794696717
1.27,0.0324075780950283
1.28,0.0323874817556748
1.29,0.0324220675986037
1.3,0.0332385052691188
1.31,0.0324104644939198
1.32,0.0405377435232103
1.33,0.0323927714885148
1.34,0.03263495373163
1.35,0.0323924877264234
1.36,0.034504982120191
1.37,0.574744781938913
1.38,0.0332555128920467
1.39,0.0324074466622483
1.4,0.0324081420103396
1.41,0.0324119125828048
1.42,0.0393685045194481
1.43,0.0727587079481774
1.44,0.0323924857473646
1.45,0.0324101737469151
1.46,0.0323978808941837
1.47,0.0363096453895297
1.48,0.0324048829202439
1.49,0.0326202929812708
1.5,0.0324104468691278
1.51,0.157921007925704
1.52,0.0720276867417568
1.53,0.0324075516105665
1.54,0.699826353677346
1.55,0.0323933862772761
1.56,0.0324075236127066
1.57,1.90309953211252
1.58,0.0323924906368037
1.59,0.0702967684839831
1.6,0.0323927400564063
1.61,0.0359036565750662
1.62,0.0324135234201632
1.63,0.0324092776989896
1.64,0.0324074689557622
1.65,0.0324145887358144
1.66,-0.0801621153956359
1.67,0.0324074497472515
1.68,0.17709348531943
1.69,0.032392563163484
1.7,0.0324131494362785
1.71,0.0324125214925975
1.72,0.0331312506490804
1.73,0.0324098660614966
1.74,0.0326044722696882
1.75,0.0323924916263331
1.76,0.0363564116523167
1.77,0.04281245891307
1.78,0.0471143276696635
1.79,0.0324207086958881
1.8,0.0323946969379974
1.81,0.032393855547016
1.82,0.0324815167172125
1.83,0.0324075365930034
1.84,0.0551676109629921
1.85,0.0323925141526775
1.86,0.0323924885995375
1.87,0.0333780984769622
1.88,0.0324074240194885
1.89,0.0324374456534365
1.9,0.0438626626346778
1.91,0.0324077352555712
1.92,0.0323902981890211
1.93,0.0324770308435594
1.94,0.145696047786036
1.95,0.0368975425266865
1.96,0.0323898970803906
1.97,0.0323931143313291
1.98,0.0336528029989821
1.99,2.7537191734214
2,0.032461439702785
2.01,0.0462946126658447
2.02,0.0323941674815902
2.03,0.0447628045463878
2.04,2.70226067895404
2.05,0.0324140575331791
2.06,0.0324087337610012
2.07,0.0325442939843673
2.08,0.0324090405029849
2.09,0.0327099881120449
2.1,0.0323951720284983
2.11,0.032409308257984
2.12,0.0324136382055673
2.13,3.1067136199501
2.14,0.0324070962524449
2.15,0.0324132276212098
2.16,0.630972690199254
2.17,0.0323925214868362
2.18,0.0324122628179854
2.19,0.105034082796216
2.2,1.04524901025045
2.21,0.032765427354597
2.22,0.0324522053446175
2.23,0.0323924882502917
2.24,0.0417554575080893
2.25,0.0361725601389333
2.26,0.0523819644358795
2.27,-0.147701528431109
2.28,0.0909259184640414
2.29,0.0517550304824795
2.3,0.0521773276136617
2.31,0.0994765518371948
2.32,0.0324202911727122
2.33,0.0340117735699211
2.34,0.0371101800429038
2.35,0.757064397382361
2.36,0.184522179960322
2.37,0.0323989351503894
2.38,0.104039882174264
2.39,0.0324278862760958
2.4,0.116575169484916
2.41,0.0324293468214089
2.42,0.125913679568478
2.43,0.0357257332737807
2.44,0.92266950601049
2.45,0.0328183837176255
2.46,0.0382530136889264
2.47,0.0328379440813199
2.48,0.0332622820876723
2.49,0.0402596861144109
2.5,2.7151129172287
2.51,0.0325179380448873
2.52,0.0346627468581892
2.53,0.0327045484824998
2.54,0.0324163700632582
2.55,4.57815801389435
2.56,0.037316676423591
2.57,1.17382778174631
2.58,0.052174849936484
2.59,0.034391075813575
2.6,0.192150769960169
2.61,0.12467334989042
2.62,4.31935599527511
2.63,0.0401707383693304
2.64,1.21296594709838
2.65,0.0521869689934098
2.66,0.0402107895113595
2.67,0.419212444785503
2.68,0.932114946485597
2.69,2.00209674210878
2.7,0.0625924488841584
2.71,2.03636682704449
2.72,5.37367540058903
2.73,0.0337921081713524
2.74,0.032551322948437
2.75,0.446152325846401
2.76,5.143525129344
2.77,0.0329482915747506
2.78,0.0342322557134266
2.79,5.59851691545484
2.8,0.0338607487952162
2.81,0.0625351625856593
2.82,0.0342730424250047
2.83,0.0325703410160687
2.84,0.0331064455349142
2.85,3.54549403695406
2.86,0.0330995811116406
2.87,1.12828081945075
2.88,3.68748489300888
2.89,0.079840411946758
2.9,0.0326088462683178
2.91,0.0624556193153598
2.92,2.5802653957837
2.93,0.139751913940156
2.94,0.0636375411046233
2.95,0.733915505384216
2.96,0.526717501662745
2.97,0.0328367732934819
2.98,0.458575908029361
2.99,0.0528617494263959
3,1.64817228573885
3.01,5.25124455472744
3.02,1.85987761826934
3.03,0.0328427249171518
3.04,0.142108836983274
3.05,3.63570588871824
3.06,0.0626744277233081
3.07,0.231000493025794
3.08,1.82763840779637
3.09,5.87787171269106
3.1,1.65159591564116
3.11,0.749799196912583
3.12,0.0348969873134051
3.13,3.43699672574267
3.14,0.541463667555118
3.15,0.0403693702157273
3.16,0.0679421500547087
3.17,3.916043936515
3.18,0.151285580904998
3.19,0.0330631235448517
3.2,0.033392535884728
3.21,0.0461039910255136
3.22,5.11002026799803
3.23,3.08254608164782
3.24,1.7169413946208
3.25,2.67214420443324
3.26,0.0325192617902075
3.27,0.138413920497603
3.28,0.0691094339109953
3.29,1.50771369326591
3.3,2.80629744623352
3.31,0.0346915442454882
3.32,0.0661036536590085
3.33,0.0666049019023759
3.34,5.38657770531115
3.35,1.30611529529121
3.36,0.0632605915542985
3.37,3.6445406853498
3.38,0.167736289138341
3.39,0.697053096244368
3.4,2.57802405990831
3.41,0.0649356495296613
3.42,6.0550289680477
3.43,0.0460117173558894
3.44,1.74581864648983
3.45,0.533250126957578
3.46,0.155804631841146
3.47,3.32063967008112
3.48,2.82474144545303
3.49,6.22450768504816
3.5,0.237970046632703
3.51,0.0365755470002889
3.52,13.8724741862956
3.53,2.79424916406758
3.54,0.062261269232759
3.55,6.4145480649632
3.56,0.0645751517656971
3.57,0.572462582272957
3.58,0.334930076070345
3.59,0.843264160495839
3.6,7.22731139270458
3.61,0.769885696496537
3.62,0.0339637847145248
3.63,0.545321160627162
3.64,0.0686455997018398
3.65,0.0548898941390238
3.66,7.41413975902713
3.67,0.0481787523831482
3.68,0.171436317299778
3.69,5.68512026864724
3.7,0.243126275678126
3.71,0.155815256604459
3.72,6.35581403951432
3.73,0.466646645339768
3.74,4.00699437250447
3.75,0.213957005247185
3.76,0.095298066900434
3.77,1.17617504314132
3.78,10.4989395234833
3.79,4.73575068421866
3.8,0.189124133165348
3.81,0.719515991249458
3.82,0.711046159117327
3.83,4.19165975295384
3.84,13.823926019111
3.85,0.0379992783996711
3.86,0.213843368873476
3.87,2.92653779962234
3.88,2.05395412772945
3.89,9.7789283924904
3.9,0.11205033456301
3.91,0.854898341302519
3.92,1.81287484127541
3.93,10.4060076641659
3.94,0.494978620148264
3.95,2.57935248424074
3.96,7.01110593972499
3.97,9.82762922776688
3.98,2.41240836732041
3.99,13.562601831391
4,4.56439769916205
4.01,3.57742168775603
4.02,2.57431716783536
4.03,1.70517841797937
4.04,2.48984246128674
4.05,0.179325075519152
4.06,10.4498757407756
4.07,9.03764909134838
4.08,3.04222194623764
4.09,0.214086149187656
4.1,2.25657667915866
4.11,9.46343487849296
4.12,2.79735919839559
4.13,2.73178677503953
4.14,0.0977940820420945
4.15,0.920636182637252
4.16,3.65856822085189
4.17,5.81115615618896
4.18,4.47345490644763
4.19,2.50260898559822
4.2,0.208969522527827
4.21,0.214287523473415
4.22,0.10418915023123
4.23,20.4916459506565
4.24,11.5430833222194
4.25,0.0462152912950619
4.26,0.234516828393883
4.27,0.0863950548515922
4.28,3.49629296572273
4.29,0.222514155730925
4.3,2.50022336621621
4.31,9.40276208654603
4.32,6.51961685833445
4.33,4.2652984572919
4.34,7.20491168758827
4.35,0.491707161628112
4.36,4.43950072853459
4.37,2.611561448248
4.38,0.0984686224851108
4.39,7.06400808270986
4.4,4.687462252189
4.41,18.4991794075121
4.42,0.0815009576253895
4.43,4.10831286735346
4.44,2.70311828312867
4.45,0.136688337374605
4.46,10.1454258731773
4.47,1.191819824788
4.48,4.06834996951383
4.49,0.43732662572528
4.5,17.5265719010348
4.51,0.133409538630074
4.52,0.204062820490092
4.53,10.9635474709477
4.54,2.62586051421122
4.55,0.705040405870041
4.56,9.42389115442245
4.57,0.112367157237446
4.58,4.72501551941392
4.59,17.7164981217893
4.6,1.87923013110986
4.61,0.355514939198909
4.62,2.39477744982385
4.63,15.7313783754838
4.64,1.1209105313841
4.65,0.368461761112135
4.66,6.76898263931009
4.67,16.9716841663092
4.68,0.131688130214966
4.69,0.650349751620897
4.7,10.1834112433036
4.71,0.929722233400545
4.72,3.34361292257536
4.73,2.17408670635504
4.74,1.29413455589543
4.75,6.43245338041442
4.76,2.56157314128845
4.77,7.4816245886805
4.78,11.0465960904933
4.79,1.67945156659996
4.8,2.33778039529271
4.81,7.315784481688
4.82,4.92674867556935
4.83,4.51209356851614
4.84,11.4310023999263
4.85,10.0393508787422
4.86,0.360147282060366
4.87,3.71296993835307
4.88,14.7815286637676
4.89,15.7231265887621
4.9,5.3156995635255
4.91,0.212480753496101
4.92,18.2085966111837
4.93,0.331411868687359
4.94,1.19305294417318
4.95,2.89252175003611
4.96,0.439643514843708
4.97,4.41688491346896
4.98,4.76132859914985
4.99,8.30830092060827
5,3.21833866827379
5.01,11.2229520483276
5.02,0.396497254780223
5.03,4.45533047334356
5.04,2.71643184779588
5.05,0.725129094234699
5.06,10.2466683626848
5.07,15.5116631722671
5.08,5.06864613432698
5.09,0.268744692452857
5.1,1.43185576902121
5.11,12.8764612700325
5.12,12.1223919654463
5.13,6.9552574302044
5.14,2.60467576959309
5.15,8.50318572129304
5.16,5.37661335104914
5.17,11.1098968728568
5.18,15.083640776566
5.19,3.25354696964926
5.2,8.70038872864968
5.21,2.48259465249369
5.22,4.94444563326486
5.23,4.80974877292554
5.24,10.2770159243097
5.25,4.13376898025658
5.26,15.3541219983426
5.27,3.09710065498484
5.28,0.853980240784086
5.29,5.40207374784551
5.3,1.41924399552808
5.31,5.4156772715488
5.32,19.1301025097576
5.33,7.99597478935697
5.34,1.39580860953459
5.35,3.8035348120331
5.36,6.15179759758506
5.37,0.329943885618104
5.38,5.05431872938326
5.39,12.5010289004359
5.4,1.13513216098384
5.41,3.00795462616334
5.42,0.502082355692691
5.43,11.9598143182862
5.44,11.2711436565868
5.45,3.72329723708976
5.46,8.2942075153852
5.47,1.80928874733601
5.48,12.1894852268248
5.49,16.7826909130287
5.5,11.0588211370833
5.51,12.2682578620134
5.52,13.794005180782
5.53,4.36431167139981
5.54,18.9106049115067
5.55,12.6691760623374
5.56,7.67282624194628
5.57,1.40641309551032
5.58,21.6392081468042
5.59,16.9319831437897
5.6,23.3517097555539
5.61,12.6008845061381
5.62,7.1685418989612
5.63,27.4058689557723
5.64,23.9497666823363
5.65,19.0858519481923
5.66,15.4365414247932
5.67,15.7318129860732
5.68,26.8047666107996
5.69,1.40884229348575
5.7,17.6423415874318
5.71,9.4823221713879
5.72,17.3116637426214
5.73,11.601221764961
5.74,3.61045698762553
5.75,13.7370108940227
5.76,1.01735200426521
5.77,6.00304099684661
5.78,5.04251277713313
5.79,0.581753100765364
5.8,1.57452425380615
5.81,0.930152574287244
5.82,1.80769453418706
5.83,0.39367853847344
5.84,4.7561981185893
5.85,0.766756280722905
5.86,0.0221059096817644
5.87,0.24952743571306
5.88,0.0647515267567092
5.89,-1.61111981482958
5.9,0.222782144887243
5.91,0.218491551351875
5.92,0.00313045817440287
5.93,0.0654905153744903
5.94,-3.34015364052109
5.95,-1.97093636555886
5.96,1.38633660762292
5.97,-0.0974658765749204
5.98,-1.99773446633134
5.99,-0.55613397740462
6,0.253118170474762
6.01,-2.24271782608869
6.02,0.235093905447219
6.03,-3.6373336037302
6.04,0.0411969080068677
6.05,-0.217476710972595
6.06,-0.0748123838407135
6.07,0.0570138346515548
6.08,-3.80571552448387
6.09,0.0244137229655695
6.1,0.106749823652896
6.11,-3.6048651819976
6.12,0.145788030953599
6.13,0.133703849453704
6.14,-2.86940308091599
6.15,0.859579149681478
6.16,-2.07241874782956
6.17,-4.11336191948215
6.18,-1.93056955284186
6.19,-4.1583513559737
6.2,0.391575869582199
6.21,0.404825616450928
6.22,-2.66992841651366
6.23,-0.680279824840176
6.24,-1.9566237668263
6.25,-6.14529613910892
6.26,-0.785433043225319
6.27,-4.04167201746088
6.28,-2.05347303651025
6.29,-1.62228898913798
6.3,0.134438704865619
6.31,-2.71096902642072
6.32,-1.78925050937657
6.33,-1.94116251312902
6.34,-0.134846288040834
6.35,-4.44843344409683
6.36,-0.097013466622694
6.37,-3.3489350291689
6.38,0.0398901089069518
6.39,0.0436253812393701
6.4,0.054608651318848
6.41,-1.98987907539073
6.42,0.742334347721599
6.43,-0.00725784196140633
6.44,0.657749342748564
6.45,-0.529548907398957
6.46,1.04626211194274
6.47,-3.50821705733175
6.48,-3.694704544823
6.49,0.147023702975238
6.5,0.367013811762961
6.51,0.323275728434897
6.52,-5.87720247764699
6.53,-3.12644812102052
6.54,0.896716689073795
6.55,0.124678798401503
6.56,-0.57996650989477
6.57,-0.0466727622445998
6.58,-2.55570219500812
6.59,-2.15434941791339
6.6,0.169058658902066
6.61,-1.21854662031698
6.62,0.397654668430539
6.63,0.615907888128308
6.64,-1.39770232463247
6.65,0.375421095383839
6.66,-0.705171523510248
6.67,-2.03700382708072
6.68,-1.6008249687094
6.69,-2.5910693429561
6.7,0.202351150557137
6.71,0.0580636854143376
6.72,1.4401565969457
6.73,0.825286512079321
6.74,0.454831469499885
6.75,-3.09512458968767
6.76,-2.80099413211145
6.77,-3.04223469411962
6.78,-3.85384870453978
6.79,-3.07666723841157
6.8,2.31931405546918
6.81,0.392730842063621
6.82,-2.63808637443551
6.83,-1.44660695563123
6.84,0.644485630186529
6.85,-3.14698326910096
6.86,-2.83430855201573
6.87,0.0722703668806419
6.88,-3.87914368998103
6.89,-1.13803842881806
6.9,-0.0753147748740585
6.91,-4.7851478403944
6.92,3.02922357862277
6.93,-0.204211294824255
6.94,-3.33648141823855
6.95,-2.07936523533282
6.96,0.0218589933677534
6.97,-0.415945622555724
6.98,0.0474084570601777
6.99,-4.97826188436996
7,0.326750666156462
7.01,0.13093542958475
7.02,0.242143539917787
7.03,-3.43388675241238
7.04,-0.00615508711814038
7.05,-3.50348598231726
7.06,-3.73899931022368
7.07,-2.07174736641776
7.08,-0.609572327436159
7.09,-0.0417804838776352
7.1,-4.64353683066186
7.11,0.278247942571072
7.12,0.207471528522712
7.13,0.866751759250166
7.14,-2.94294207880994
7.15,2.9876317291588
7.16,2.57922029977975
7.17,-0.0410468983350209
7.18,-1.74194243397556
7.19,-1.55319532194083
7.2,0.0913850317790886
7.21,3.72419756250584
7.22,0.19856900141357
7.23,-2.81834154604065
7.24,-1.49516303963264
7.25,-4.81290150299622
7.26,2.50356129501922
7.27,-2.01346557859261
7.28,-2.41297965476222
7.29,0.0301955940926148
7.3,0.0918674405599933
7.31,0.0782701664330103
7.32,-2.8749838266991
7.33,-2.83739714673529
7.34,0.028427711616915
7.35,-0.00295908060588076
7.36,-0.836246423116624
7.37,-0.117603073438523
7.38,-5.51189260385245
7.39,-1.50385820942447
7.4,-2.43388459814192
7.41,1.52334986572837
7.42,1.16169412703879
7.43,1.57312242367188
7.44,-3.01932236424536
7.45,-0.726224482692648
7.46,-5.07526930069203
7.47,0.0747924523249344
7.48,0.0633891988085053
7.49,0.258246942734186
7.5,0.222918351215064
7.51,-0.239573131851818
7.52,0.444725638676771
7.53,-5.05866008847194
7.54,-3.49486771320429
7.55,0.087740643002188
7.56,-4.11922481054831
7.57,-0.00887693007365774
7.58,-2.27372855910474
7.59,-1.79357809733961
7.6,-0.175564167492235
7.61,-2.47321974573676
7.62,0.0522791328834847
7.63,-2.85840115103671
7.64,-3.42351546171605
7.65,0.145005816376197
7.66,0.222057740908496
7.67,-0.37143095113834
7.68,-2.91017330447857
7.69,0.0790131498147385
7.7,-0.0280645438903207
7.71,-2.21931738807188
7.72,-1.80279551289647
7.73,-3.65470430731426
7.74,-1.90158002645831
7.75,-0.0908357810097967
7.76,-1.06905408949166
7.77,0.0612890256970086
7.78,0.501081719450804
7.79,0.148415060816155
7.8,-0.0955763421182506
7.81,0.369358071554109
7.82,-3.16436973263997
7.83,-2.78065990403061
7.84,2.79858795838013
7.85,-5.8227146932238
7.86,0.127513960698113
7.87,0.968200786395391
7.88,0.0662578105609022
7.89,-1.29400627780139
7.9,-0.119668092006642
7.91,-2.8753442343116
7.92,-4.03157613635533
7.93,-3.47896487267751
7.94,0.136234199796331
7.95,0.0688601326906214
7.96,-1.95461428827022
7.97,0.133649999977356
7.98,0.588021236030039
7.99,-3.77115063074633
8,-1.48976681184003
8.01,0.0624993556975001
8.02,-3.6414397033027
8.03,0.0179916432907533
8.04,0.054935170158504
8.05,0.220300042610607
8.06,-1.17528793870656
8.07,0.241287487300948
8.08,0.611122859246999
8.09,0.0350015171188731
8.1,-4.13518386281504
8.11,-2.27680187205697
8.12,-1.79621007973833
8.13,-2.03111909420365
8.14,0.161138621800739
8.15,1.14086853128151
8.16,0.13445627406344
8.17,1.92141260967299
8.18,-3.61194292619078
8.19,0.321207447272112
8.2,-1.52169427457322
8.21,-2.22300050960059
8.22,-1.66906812068381
8.23,-3.44235989358885
8.24,0.118594214660311
8.25,0.395434490589168
8.26,-1.70467490738914
8.27,-3.4725570570682
8.28,0.0506142666529216
8.29,0.443006960838787
8.3,1.19209854504082
8.31,0.263397222612771
8.32,0.374412368820348
8.33,1.18713161495026
8.34,-2.13330410482424
8.35,-1.13420911701789
8.36,-1.9708944032743
8.37,0.707670936338174
8.38,-0.0689379320571158
8.39,-1.2403348950061
8.4,0.193538630093777
8.41,-2.26853242054852
8.42,-1.01698740013735
8.43,-2.94347499962966
8.44,-3.54237378463788
8.45,0.120906813890104
8.46,0.203773388557888
8.47,0.506908209387335
8.48,0.227134083479446
8.49,1.27875922902655
8.5,1.40356596760415
8.51,0.923799681340075
8.52,1.33812061478745
8.53,-0.311024914882407
8.54,-1.26351791626669
8.55,3.18055856605665
8.56,-0.983600797326978
8.57,-0.723576931097423
8.58,2.90287259607876
8.59,-0.811220070037877
8.6,-0.833644684855313
8.61,-1.2410181068815
8.62,0.22780001002342
8.63,-1.60322678163483
8.64,1.19546817739874
8.65,0.792660542094927
8.66,-1.0842332575808
8.67,-0.0108974498102858
8.68,1.19973133017943
8.69,0.654785243580174
8.7,2.63967567368989
8.71,2.70083054286719
8.72,-0.884991167103752
8.73,0.22377940781148
8.74,0.408989552163107
8.75,0.976509185674562
8.76,-0.671316693412113
8.77,1.08502169483433
8.78,1.54525988845312
8.79,1.18242204597121
8.8,0.382763221527761
8.81,0.344632413114154
8.82,0.470783245187377
8.83,0.754796591281728
8.84,0.288070604450262
8.85,3.44244879988185
8.86,1.75732282816985
8.87,4.59813479536188
8.88,4.22365236741716
8.89,0.193657054404646
8.9,2.24213607044017
8.91,0.221753374766587
8.92,0.464913486857878
8.93,1.3345852878483
8.94,0.264991540057648
8.95,1.91295532657739
8.96,2.70962825735221
8.97,2.932018094697
8.98,0.467202021199663
8.99,0.559856344590213
9,1.46712361397413
9.01,8.64532993781928
9.02,7.01306323825714
9.03,1.16041305360637
9.04,10.9033963897676
9.05,0.369849965730483
9.06,0.384128491625632
9.07,5.92794151949935
9.08,1.88340308280713
9.09,3.38752773088468
9.1,4.50263779767969
9.11,5.47920289861182
9.12,0.548025424302828
9.13,4.23847022906403
9.14,3.31920797046758
9.15,0.534102870517967
9.16,2.00191815907035
9.17,6.96314399213429
9.18,4.2545021063371
9.19,0.901791994862935
9.2,7.22396199320708
9.21,4.09266052587721
9.22,0.529518895094193
9.23,7.16940689127718
9.24,9.18168177178906
9.25,3.46744342533197
9.26,4.34458901796039
9.27,0.265285620042016
9.28,2.12829278321664
9.29,2.07089802066005
9.3,0.540085289731977
9.31,4.75883172714609
9.32,11.9744999171368
9.33,2.75224200470164
9.34,9.43368119706097
9.35,2.90677163373756
9.36,8.88122106971762
9.37,2.84698172628633
9.38,3.25143854645814
9.39,14.1549786854719
9.4,3.30603146320587
9.41,0.948150979711585
9.42,2.68135283420398
9.43,17.5887145021522
9.44,0.906272717742908
9.45,10.399900166044
9.46,17.3454941559787
9.47,3.18208459272962
9.48,17.856228182525
9.49,1.1875174349569
9.5,1.17040384040907
9.51,4.62185557144343
9.52,13.1854037096129
9.53,5.99685026309117
9.54,14.9036792762114
9.55,1.16571782646547
9.56,13.3498913192238
9.57,11.426050066662
9.58,12.1944547691565
9.59,13.6874874647601
9.6,17.6089153464745
9.61,1.73816746631596
9.62,4.76582031568873
9.63,9.85136722539644
9.64,12.5112109162534
9.65,15.2530212380876
9.66,18.1027906361335
9.67,21.3358745186445
9.68,15.7718333996196
9.69,4.81720468526956
9.7,12.0797965183119
9.71,26.1725366465196
9.72,26.5330363635938
9.73,21.6656137029153
9.74,14.2028922528314
9.75,21.2548324376591
9.76,4.98177141864851
9.77,16.2770976697194
9.78,14.0577813918223
9.79,15.3422737381712
9.8,15.4018890865463
9.81,19.6977376755931
9.82,16.5599958805614
9.83,14.5372590652056
9.84,16.2356673170907
9.85,7.54010314757122
9.86,25.0610133552048
9.87,21.0587931902119
9.88,17.1045268328831
9.89,15.3237114550375
9.9,15.3606196631583
9.91,17.7200965307003
9.92,20.2724192607316
9.93,16.6807909712023
9.94,16.517225456071
9.95,15.6533595818406
9.96,23.9723060585423
9.97,12.0375451635466
9.98,18.8072494296854
9.99,20.4891038808522
10,13.4653079502356
10.01,21.431378927773
10.02,16.9814003675201
10.03,26.4016050164253
10.04,7.83415549776666
10.05,2.43810658736671
10.06,12.9467665682405
10.07,17.519575989975
10.08,21.9876230971592
10.09,26.7628908334227
10.1,19.1677258199441
10.11,15.6021815030512
10.12,17.5178844850663
10.13,29.1105007028789
10.14,19.6980842592236
10.15,16.4136481247514
10.16,13.2247831798327
10.17,20.2426520524796
10.18,23.2555324699513
10.19,17.3853853666543
10.2,35.7877277588532
10.21,22.0461482712179
10.22,32.6084987930822
10.23,20.4374668847085
10.24,20.2826978081054
10.25,37.3164663184862
10.26,29.4841876297314
10.27,24.5864047761101
10.28,18.7737925968925
10.29,23.3547118343259
10.3,33.3210381536841
10.31,34.9465022314596
10.32,24.2246085632066
10.33,23.2322495020941
10.34,18.485238366513
10.35,20.1698454896549
10.36,27.427441580551
10.37,22.2359794676562
10.38,22.1800239020156
10.39,21.1188518544274
10.4,20.3246896606044
10.41,25.4376129711841
10.42,30.0630874731359
10.43,35.1329432283594
10.44,19.8550979356598
10.45,33.2744066212546
10.46,17.2116967067885
10.47,35.9652056749193
10.48,28.4817218575221
10.49,27.4362608963452
10.5,21.1120820047686
10.51,24.1659955106887
10.52,22.7706595671523
10.53,30.4987567016131
10.54,29.1717974018793
10.55,17.2447209467928
10.56,24.1269389879686
10.57,33.0190551550821
10.58,26.4804453441061
10.59,17.6134700922371
10.6,36.0432605844627
10.61,33.0161485405256
10.62,29.424469012119
10.63,29.5447164315041
10.64,33.5400292283362
10.65,32.3512441859589
10.66,16.1523912356909
10.67,26.167789168601
10.68,33.8598083349041
10.69,22.0699914971442
10.7,17.7663787405283
10.71,32.300484272305
10.72,24.9877863787307
10.73,18.3126927732741
10.74,23.5529238671882
10.75,17.4971999444932
10.76,19.6489571722153
10.77,24.8195106257324
10.78,29.5711992727675
10.79,32.3197376212546
10.8,23.6533255552872
10.81,28.8773793051312
10.82,27.6213877741187
10.83,30.1901429249036
10.84,29.5498709272191
10.85,25.2921065313718
10.86,23.6779962745461
10.87,24.8178849055617
10.88,24.2651221154299
10.89,27.8707307589576
10.9,27.6204651977141
10.91,31.2778667930309
10.92,25.552776103055
10.93,30.8064848410607
10.94,22.6722095623436
10.95,30.4045938081278
10.96,26.5661268300153
10.97,26.5250042106398
10.98,30.5949052247289
10.99,24.9569347156879
11,26.8809551713276
11.01,23.9741528803019
11.02,26.0050216489447
11.03,34.1939881349633
11.04,30.5390851217436
11.05,33.8022072311604
11.06,46.4040428502311
11.07,29.2481289252876
11.08,25.5830083937541
11.09,22.7613905720291
11.1,30.2542852988197
11.11,30.5531293269395
11.12,34.1575822764442
11.13,46.7896980194222
11.14,41.0289275059995
11.15,29.0838866840758
11.16,29.2053646196514
11.17,22.0831309172656
11.18,26.0774310280902
11.19,29.5582853920412
11.2,31.6876809100709
11.21,31.4542288422794
11.22,26.5335806638604
11.23,30.04792778846
11.24,25.1104625801274
11.25,31.2318203952637
11.26,40.5901089426514
11.27,46.7326184204486
11.28,22.6106482919048
11.29,55.2552083607311
11.3,23.6216485893926
11.31,48.3576739574596
11.32,26.8439015079812
11.33,25.3747286936544
11.34,31.4056073740206
11.35,35.1369473722996
11.36,34.0521817012177
11.37,34.0095942096204
11.38,31.8300443802229
11.39,33.3931980389081
11.4,42.9168044790719
11.41,21.9732184177856
11.42,36.293574843472
11.43,32.7634635931886
11.44,27.3475880599084
11.45,51.4176102564969
11.46,32.7102890728098
11.47,34.3635629843442
11.48,31.6145257471634
11.49,25.6940038991551
11.5,34.6806793245344
11.51,59.0824162490426
11.52,32.6641337175589
11.53,25.2750668946789
11.54,35.2999348357033
11.55,25.5698026849454
11.56,32.8360871709663
11.57,29.7063278023032
11.58,25.6924551956951
11.59,24.6709247095631
11.6,24.2617396883654
11.61,27.3315883113968
11.62,25.3069850222044
11.63,25.7218290597461
11.64,37.3632695611951
11.65,24.2645171447206
11.66,25.2477465020288
11.67,30.1792236329603
11.68,30.9469817908221
11.69,25.8722601126934
11.7,48.5599252029032
11.71,23.5931477347661
11.72,23.9950250787707
11.73,26.6203556145621
11.74,23.516785104734
11.75,28.9631196577216
11.76,22.2296828758316
11.77,30.8463003569905
11.78,52.8241348110603
11.79,24.8836266218933
11.8,26.6892715257103
11.81,25.5298793216092
11.82,15.9489968875317
11.83,22.2960327652224
11.84,14.4607561562921
11.85,10.9875377057191
11.86,17.8939848205687
11.87,10.9847008008152
11.88,8.76475135654759
11.89,8.99344415210381
11.9,9.93048365125194
11.91,0.901307373506528
11.92,2.62980500811237
11.93,0.194223124957059
11.94,-0.160623799434908
11.95,-6.82172400556643
11.96,-7.42761751472309
11.97,-5.7205574011246
11.98,-9.24969273497221
11.99,-7.51539961658728
12,-18.739935082663
12.01,-7.0476370903625
12.02,-6.20232989102219
12.03,-13.6941297872491
12.04,-7.33247711933098
12.05,-10.1383086587381
12.06,-12.7161244373566
12.07,-12.0082101852835
12.08,-11.0041973182859
12.09,-11.8434636003938
12.1,-12.3087418513113
12.11,-13.9618662754625
12.12,-14.3768548105403
12.13,-9.81555530810201
12.14,-9.02315098511635
12.15,-13.2957167198109
12.16,-2.69627676246187
12.17,-16.4385893013764
12.18,-13.5515352189674
12.19,-15.5711805004808
12.2,-14.0036048612314
12.21,-8.93024183338984
12.22,-11.4581879505607
12.23,-10.4741134892078
12.24,-9.80769702717786
12.25,-6.46621393683776
12.26,-14.61224214696
12.27,-14.5425635619481
12.28,-6.63040047854868
12.29,-20.8195370592434
12.3,-14.5864157459017
12.31,-12.3221263879335
12.32,-13.5444916945616
12.33,-7.71376130284091
12.34,-9.89664024388137
12.35,-6.83944028143588
12.36,-11.1582133896002
12.37,-13.3855716514132
12.38,-9.68647439680896
12.39,-9.44901670741883
12.4,-8.9353108408247
12.41,-4.93893118362781
12.42,-7.6145284820077
12.43,-11.1237180880184
12.44,-9.38521012219507
12.45,-9.25544641673653
12.46,-11.334434441569
12.47,-11.533821974129
12.48,-7.06206828529299
12.49,-14.7677292157652
12.5,-7.66254209885057
12.51,-18.0795765870826
12.52,-10.8089954566247
12.53,-11.6591952449157
12.54,-7.58255443960109
12.55,-7.01842803184183
12.56,-15.2592231934051
12.57,-14.9199471640753
12.58,-8.67341992794954
12.59,-9.53420519832938
12.6,-7.61538524880767
12.61,-7.85344621943127
12.62,-11.5555024170818
12.63,-15.1300762408654
12.64,-12.5086151833376
12.65,-11.3383353968071
12.66,-5.06586854164568
12.67,-12.5602607408309
12.68,-6.69990974626628
12.69,-20.4762069333799
12.7,-11.315690168867
12.71,-11.2699540494224
12.72,-12.070141112628
12.73,-11.8740472527192
12.74,-11.1568411803987
12.75,-15.2411333345267
12.76,-9.79468620012009
12.77,-6.22894921969793
12.78,-11.1015742562732
12.79,-10.8444819266074
12.8,-9.05433383400237
12.81,-12.1680986913713
12.82,-8.24982643666586
12.83,-14.5198873372801
12.84,-9.74855921192765
12.85,-14.1613703728792
12.86,-11.329068370452
12.87,-8.2913707605488
12.88,-12.7087146426801
12.89,-11.8112306743756
12.9,-12.2441393437929
12.91,-13.5502633579368
12.92,-11.1610988936202
12.93,-13.1414556888071
12.94,-13.058249009736
12.95,-11.0587109246519
12.96,-4.8177301660932
12.97,-13.4384166164361
12.98,-6.06575465514863
12.99,-9.17716226869236
13,-11.4378651448378
13.01,-12.8351980068464
13.02,-8.87708971980922
13.03,-9.27121747810188
13.04,-11.5617412527318
13.05,-11.2478901077484
13.06,-9.54578064498151
13.07,-10.4646435762047
13.08,-6.6129328093543
13.09,-8.9886934825539
13.1,-12.3261873850373
13.11,-8.05153813438623
13.12,-10.4433065041256
13.13,-10.1256698224202
13.14,-9.2857125541826
13.15,-10.4422639611535
13.16,-11.6621325195976
13.17,-8.50983797884341
13.18,-11.4382843140788
13.19,-10.8780332903611
13.2,-5.72236737004168
13.21,-9.2784804634108
13.22,-9.02332755807144
13.23,-8.95658580958858
13.24,-10.9264133100255
13.25,-6.16672275666704
13.26,-12.110532756187
13.27,-10.1347943563872
13.28,-11.8415919988403
13.29,-10.4232926944942
13.3,-8.4821156965333
13.31,-9.58149194931481
13.32,-9.16499444455914
13.33,-6.81447702918827
13.34,-8.84285783217353
13.35,-7.98116193395592
13.36,-6.25167060625239
13.37,-7.96055937280399
13.38,-8.20963550400058
13.39,-6.89231468220887
13.4,-9.07758631929166
13.41,-9.48711782547011
13.42,-7.58892399780615
13.43,-5.59886537769806
13.44,-6.21499599010804
13.45,-6.82129502765697
13.46,-8.2715365695735
13.47,-8.66475774034705
13.48,-8.94495715419735
13.49,-8.36906303575973
13.5,-4.61765829869473
13.51,-5.88708389783689
13.52,-10.5874392028747
13.53,-9.07032999729873
13.54,-9.05372418446119
13.55,-7.19397832069216
13.56,-5.74298201835277
13.57,-6.52628948125973
13.58,-8.74960721914429
13.59,-7.90176051113444
13.6,-8.00851164762892
13.61,-6.67961068812961
13.62,-9.17028528933916
13.63,-7.4156169917132
13.64,-7.74410559627113
13.65,-5.01621768776683
13.66,-8.15998865832188
13.67,-8.59451878804434
13.68,-3.35079543554873
13.69,-9.37059725433345
13.7,-4.63106347013488
13.71,-6.06924805490242
13.72,-9.98580120430535
13.73,-9.55768666724046
13.74,-9.09756747890267
13.75,-9.55734453368594
13.76,-6.07779965481291
13.77,-3.6586152347381
13.78,-6.48104852311428
13.79,-10.5113827892879
13.8,-9.13953709714297
13.81,-6.02057484962566
13.82,-11.1339546565184
13.83,-8.69388199224474
13.84,-7.55734283551132
13.85,-9.94030667811321
13.86,-5.1278869737226
13.87,-5.82919638966725
13.88,-5.15782641431804
13.89,-9.23418063599756
13.9,-5.92211606384997
13.91,-10.7786733269517
13.92,-8.20289781231138
13.93,-10.8689600108831
13.94,-11.9359124117185
13.95,-8.52724693828434
13.96,-6.18642357118171
13.97,-7.53660722911216
13.98,-7.48789998501546
13.99,-10.5107561593528
14,-5.96362441643247
14.01,-8.28806588284081
14.02,-7.2867962136569
14.03,-7.67706679486241
14.04,-5.42341108511464
14.05,-9.80274630563618
14.06,-7.82074574491821
14.07,-9.79254314503171
14.08,-4.67947743582418
14.09,-4.57239065307137
14.1,-4.97124395740031
14.11,-7.81146638220501
14.12,-3.86349976193682
14.13,-8.42680021011532
14.14,-5.46848825181061
14.15,-10.8554534978307
14.16,-5.94679590627845
14.17,-8.56652895290215
14.18,-10.984331991013
14.19,-7.37163830595473
14.2,-4.77935836892528
14.21,-9.74209947222115
14.22,-10.4570632973097
14.23,-11.0599342026439
14.24,-7.82102028798443
14.25,-7.24556544746722
14.26,-6.32089516367648
14.27,-5.91980466689833
14.28,-8.37520980859231
14.29,-5.73960250188938
14.3,-8.33341924661831
14.31,-4.19533080053267
14.32,-5.38379526271369
14.33,-4.81559819653956
14.34,-5.86115602892615
14.35,-5.42712613479719
14.36,-4.71594527161714
14.37,-7.49936451141129
14.38,-6.33057886145565
14.39,-4.44795006145654
14.4,-6.25708750683853
14.41,-7.5994772084206
14.42,-7.45293509077004
14.43,-9.33973947823547
14.44,-4.92735641427942
14.45,-4.57646899045466
14.46,-9.20972987217356
14.47,-9.62718322565175
14.48,-10.5232767404409
14.49,-4.64999576780184
14.5,-4.97160832550458
14.51,-5.79854009964762
14.52,-9.75956778840522
14.53,-7.11694019226042
14.54,-9.54773476984811
14.55,-2.84209233281312
14.56,-7.04300610264449
14.57,-7.45249947428283
14.58,-4.4130139690343
14.59,-8.997588345945
14.6,-3.80882714438714
14.61,-9.55197876657516
14.62,-4.47224348929978
14.63,-8.08744922113149
14.64,-3.03887609246487
14.65,-6.64341314998485
14.66,-2.71638030262637
14.67,-5.586925401823
14.68,-2.58537699892657
14.69,-6.93372663146655
14.7,-6.77616700507773
14.71,-1.42938375092997
14.72,-4.64797731996504
14.73,-1.62528305144167
14.74,-6.57513342084887
14.75,-4.76736091240864
14.76,-5.09132614593203
14.77,-2.62361178882998
14.78,-6.65453525964615
14.79,-1.33687005408271
14.8,-1.28643053228955
14.81,-5.34135685424773
14.82,-3.85150499990857
14.83,-4.88810694033411
14.84,-5.37794172783421
14.85,-8.81039167272572
14.86,-10.4044994844317
14.87,-7.10492262105691
14.88,-5.47122544580051
14.89,-3.60145185400286
14.9,-4.33976484355139
14.91,-6.17790771896224
14.92,-5.86058154136681
14.93,-9.85459882579926
14.94,-6.01350572550153
14.95,-8.45349200359659
14.96,-6.14994964886407
14.97,-6.60515756889364
14.98,-6.8676420969425
14.99,-5.64321509469006
15,-6.48283088205505
15.01,-8.97864075435742
15.02,-7.245265701205
15.03,-8.526040083557
15.04,-2.51266206091915
15.05,-3.40277452395349
15.06,-3.74627681111318
15.07,-6.88688613104486
15.08,-6.77160085522232
15.09,-5.59103992566627
15.1,-8.3215218733697
15.11,-4.13617136466046
15.12,-5.43965627480902
15.13,-5.96511291862717
15.14,-1.87636309813069
15.15,-5.70648197473052
15.16,-10.6930611249308
15.17,-3.79862127353212
15.18,-5.99210515155297
15.19,-11.2198128494931
15.2,-1.64059048123068
15.21,-5.5758068326516
15.22,-5.77203251341065
15.23,-3.49725978783431
15.24,-6.05897097483818
15.25,-2.04625477791561
15.26,-7.83981072858715
15.27,-0.687515702761498
15.28,-9.22392581090185
15.29,-1.55693795284513
15.3,-6.71629181679826
15.31,-1.96401925205958
15.32,-8.28352737779173
15.33,-6.31065105751187
15.34,-4.4536868524788
15.35,-7.9399845787307
15.36,-4.26358351551753
15.37,-2.57903771030776
15.38,-4.3946685878688
15.39,-1.00939077648765
15.4,-2.38747761943202
15.41,-7.99605973335817
15.42,-3.37668362247009
15.43,-0.00348488566186918
15.44,-6.42078864929445
15.45,-6.67632046563015
15.46,-7.12787108532931
15.47,-5.72812943870747
15.48,-8.08371862979675
15.49,-6.10725003743404
15.5,-5.21354860301326
15.51,-0.755836893979819
15.52,-2.93306142306057
15.53,-2.56647695584172
15.54,-6.08551790058307
15.55,-8.51074007476031
15.56,-5.95730650164752
15.57,-5.48230042313138
15.58,-2.85231995684098
15.59,-4.23521347647161
15.6,-4.38128260165642
15.61,-5.54407024994232
15.62,-3.85700233677403
15.63,-3.41803269962831
15.64,-2.08420631177228
15.65,-2.03765091041272
15.66,-1.91553863764476
15.67,-4.60162448003542
15.68,-3.88579597619526
15.69,-5.35844021196808
15.7,-7.69268649688784
15.71,-8.80010383310147
15.72,-4.7639971132219
15.73,-5.69578882585352
15.74,-1.72806588499366
15.75,-1.77586752679321
15.76,-2.65347290009902
15.77,-3.18306169142846
15.78,-7.16475526011054
15.79,-6.18172645402037
15.8,-1.63360002234905
15.81,-1.31367400013857
15.82,-2.15693691030395
15.83,-4.76870386270683
15.84,-5.35326744917998
15.85,-0.833046263037949
15.86,-0.529619448164106
15.87,-5.19563406096972
15.88,-4.19031197230552
15.89,-1.73225377392743
15.9,-1.95263871208332
15.91,-0.541124531176836
15.92,-2.26129230378663
15.93,-0.337020322430562
15.94,-2.03107520619069
15.95,-5.20470423741222
15.96,0.770029954450015
15.97,-0.267256237227848
15.98,-1.38183264492206
15.99,0.791413549542318
16,-0.266193877254653
16.01,-6.3617950472603
16.02,-0.321723377507763
16.03,1.38253160699926
16.04,-4.09738159605979
16.05,0.804591100548888
16.06,0.472940527367318
16.07,0.23438032223867
16.08,0.206885399511985
16.09,2.52718386185091
16.1,-3.44028504362712
16.11,0.537408146657031
16.12,-1.9342082003695
16.13,-3.64020204941629
16.14,3.56457732729911
16.15,0.50885877156507
16.16,-1.08989607349682
16.17,0.965290392709838
16.18,0.140253072531693
16.19,-1.93140509145552
16.2,2.63343183216132
16.21,-2.65735788688255
16.22,-0.199304771018218
16.23,-0.879030464275369
16.24,-4.01918587283566
16.25,1.25937520241215
16.26,-0.133021100826936
16.27,-1.64740374198327
16.28,-2.62041629361335
16.29,-4.90483843201318
16.3,-0.400068551223619
16.31,-1.54729096193593
16.32,-1.79571591990112
16.33,-0.977615090372616
16.34,-3.47555308597415
16.35,-1.61554906994791
16.36,-4.88336558083798
16.37,0.828057313337955
16.38,-1.84050396735616
16.39,-0.688667385453188
16.4,-4.49226425562562
16.41,-0.531926433561095
16.42,-2.14801514917695
16.43,-4.31764242319609
16.44,1.06421639016694
16.45,-1.21267057457623
16.46,0.0292949543433425
16.47,-0.709193942660575
16.48,0.292079777132607
16.49,4.26480265943437
16.5,-0.0290298785442981
16.51,3.6584429600574
16.52,-0.158835329789073
16.53,0.699374720447448
16.54,-0.450722400603027
16.55,2.70136975188884
16.56,-2.35521517713833
16.57,1.25530662928487
16.58,-1.26895418508532
16.59,2.54335575738564
16.6,1.03962290210174
16.61,-1.30719027184213
16.62,-1.3277648247152
16.63,-0.0487640342025062
16.64,1.56452111584857
16.65,-1.28418661587202
16.66,3.07720133097617
16.67,-3.02805383183621
16.68,3.12259623688358
16.69,-1.36840897899172
16.7,-0.0342970012088022
16.71,0.574928791835199
16.72,1.08934561304049
16.73,2.52827174329931
16.74,-2.65197390567974
16.75,-0.313908771149269
16.76,-2.76226033973063
16.77,3.88850562856056
16.78,-0.425790090355957
16.79,0.374066734148505
16.8,-0.107730783681981
16.81,-5.42943179329353
16.82,3.49512661836866
16.83,1.16266844283573
16.84,2.35827451623993
16.85,-0.694517917984214
16.86,2.02539757668709
16.87,4.44499749645465
16.88,-1.0821529202714
16.89,4.22264097854196
16.9,0.276028525107804
16.91,1.10636244445803
16.92,1.6668632672216
16.93,-1.36922938892407
16.94,2.79536294155714
16.95,-0.736610724828138
16.96,0.906119474676242
16.97,1.49313018843126
16.98,2.6214961008093
16.99,0.728739018822573
17,5.32766959021838
17.01,2.73086859100529
17.02,-0.39774832395705
17.03,4.48656726353567
17.04,4.12627605880446
17.05,1.08651872664345
17.06,2.45206654245043
17.07,5.55339327894744
17.08,-0.174678538973446
17.09,0.939419483540803
17.1,3.50591866563962
17.11,5.32229159166389
17.12,-0.902467769548342
17.13,1.3446901698413
17.14,2.41379856694633
17.15,1.29750710851695
17.16,-0.463357822101269
17.17,0.216321068151981
17.18,0.474626416963721
17.19,4.86289627586938
17.2,3.34011434041146
17.21,-0.735747296691241
17.22,-1.02366706256613
17.23,1.83644400487215
17.24,3.52050131489274
17.25,5.25728475803141
17.26,0.472416621055633
17.27,-2.45508865227317
17.28,0.144164231388985
17.29,1.73468814085877
17.3,1.67521758898607
17.31,2.00290699580297
17.32,-1.3656758441094
17.33,-3.20441642026175
17.34,-4.52438684448947
17.35,0.0214423296853396
17.36,1.36609128024329
17.37,0.0836291592137893
17.38,-2.83181488918417
17.39,0.809855550041084
17.4,-2.10890766710471
17.41,-1.72775208748506
17.42,2.71446499716233
17.43,-3.19895435816261
17.44,-3.59058864474117
17.45,-5.40979196050381
17.46,-5.84517131072505
17.47,-1.90126819636687
17.48,-3.3835176278444
17.49,-6.43753713072672
17.5,-5.704966733811
17.51,-2.62689676036286
17.52,-7.17385593331147
17.53,-5.33959421436882
17.54,-4.82147193976194
17.55,-3.30161959597692
17.56,-9.06026417411234
17.57,-4.17669837718467
17.58,-1.92610637868274
17.59,-5.77429947222921
17.6,-4.26015521933196
17.61,-6.14614988691307
17.62,-9.41081435323962
17.63,-4.7699637375103
17.64,-9.7616642179768
17.65,-5.39789305318157
17.66,-9.89598281023493
17.67,-2.66567862012114
17.68,-9.13649131074343
17.69,-5.57767726738748
17.7,-5.7424158900924
17.71,-6.12157060518354
17.72,-2.28930132146692
17.73,-7.68240159791197
17.74,-1.76020895342365
17.75,-5.95461219759682
17.76,-8.03051537342755
17.77,-3.4471270594161
17.78,-5.20342243775745
17.79,-8.74570379280644
17.8,-6.91199386522883
17.81,-6.4791242760846
17.82,-2.22647804622156
17.83,-8.7414310973079
17.84,-6.72041419632825
17.85,-8.83519295917151
17.86,-4.78239831506442
17.87,-2.95550472079834
17.88,-1.61150575240347
17.89,-4.36986758059881
17.9,-5.40798797283807
17.91,-3.08571948149734
17.92,-7.89017685070238
17.93,-9.91420337704619
17.94,-8.11853269911841
17.95,-7.93608158452612
17.96,-5.83469597023717
17.97,-4.46797444120641
17.98,-6.99121103414772
17.99,-3.39033776070367
18,-4.44513885685375
18.01,-2.58985741811323
18.02,-4.99061283924386
18.03,-7.82173486779943
18.04,-6.77922955043729
18.05,-10.1303390814322
18.06,-4.40574944504124
18.07,-1.71543380388943
18.08,-4.81175015994592
18.09,-3.57139230794441
18.1,-6.23332376345985
18.11,-7.3844408089129
18.12,-7.2372882840206
18.13,-8.89506836463569
18.14,-2.7008544543282
18.15,-6.29342835538722
18.16,-8.36411886310999
18.17,-4.13590762586981
18.18,-6.38842563072639
18.19,-5.53562386302
18.2,-4.27221928688958
18.21,-9.61742178682625
18.22,-2.34334012848665
18.23,-6.8224474487825
18.24,-4.50742009546826
18.25,-4.8106568926979
18.26,-6.7565498202282
18.27,-5.23452183399979
18.28,-1.85242979872414
18.29,-4.93636573292098
18.3,-6.25044513552159
18.31,-2.74029571321712
18.32,-9.86018666855716
18.33,-3.88589230426977
18.34,0.00832863447470211
18.35,-7.27453327148107
18.36,-4.68860018939503
18.37,-2.82714613787103
18.38,-8.24817718637251
18.39,-8.18742708277679
18.4,-3.14978802239199
18.41,-0.672131573563439
18.42,-3.84978855486836
18.43,-6.03721926848493
18.44,-3.71733733624196
18.45,-1.55054404076341
18.46,-3.18363798262088
18.47,-4.69723555833179
18.48,-11.2822575613822
18.49,-11.4681871413439
18.5,-6.65137951272948
18.51,-4.19256498447678
18.52,-10.8365836083946
18.53,-2.87411985209707
18.54,-6.69482979760546
18.55,-2.67400529697262
18.56,-4.25885473887655
18.57,-7.46963311092052
18.58,-5.84220330208873
18.59,-6.88816293449565
18.6,-7.42059990525171
18.61,-9.47840484520992
18.62,-3.77250708321853
18.63,-7.81473133644447
18.64,-3.87497585570997
18.65,-2.16663844658569
18.66,-6.88726366809669
18.67,-4.47190722785735
18.68,-3.48161604781278
18.69,-5.43453381509442
18.7,0.404039164733097
18.71,-5.12167407176196
18.72,-9.03508056300494
18.73,-3.89814854599316
18.74,-3.49569297876924
18.75,-5.58988817231054
18.76,-3.66448662619847
18.77,0.0900966987519399
18.78,-4.58821717946525
18.79,-4.34839670297681
18.8,-0.774735295190547
18.81,-4.55697957427443
18.82,-4.39184513235674
18.83,0.621414254029471
18.84,-2.65739381360807
18.85,-1.89164509397662
18.86,-1.53597685325554
18.87,-0.135340528973362
18.88,0.895504898993651
18.89,-5.29119002888441
18.9,2.50592120965449
18.91,-5.00507051048716
18.92,-0.50437552312343
18.93,1.01470020792623
18.94,-1.43283817096917
18.95,0.180636703476177
18.96,-4.25098360989127
18.97,-0.111536132236738
18.98,-1.04093380363607
18.99,-1.61814279727068
19,4.20573986244107
19.01,-1.10669847188016
19.02,0.779377169248602
19.03,-4.91969358024383
19.04,-0.501119884674577
19.05,-3.76910302398266
19.06,-1.02861358849128
19.07,-1.8446506445003
19.08,-2.86145822174997
19.09,1.9745406712877
19.1,-2.53604871036841
19.11,1.11651129101911
19.12,-3.99820609069921
19.13,0.954921837514049
19.14,-4.56216021155032
19.15,-3.40402198983826
19.16,-5.33095398336264
19.17,-1.32373069729116
19.18,0.107160970127136
19.19,1.72747051375848
19.2,2.12153633115701
19.21,-3.36063209397126
19.22,0.485871350104434
19.23,0.286896184644322
19.24,-2.42288368423035
19.25,0.044353400213758
19.26,-2.03188687275815
19.27,0.971489318325181
19.28,-5.55264090731488
19.29,-1.82050969893816
19.3,-4.03735541567219
19.31,-2.39342416123447
19.32,-1.20804121047703
19.33,-1.3815455214454
19.34,-0.521267968980316
19.35,0.821580712051422
19.36,2.68265003773354
19.37,0.461356135253497
19.38,-5.8073622397453
19.39,-1.61586049799939
19.4,0.119946031536774
19.41,-0.110443998349064
19.42,-3.27933473779007
19.43,-5.80116569574036
19.44,-3.03376127081087
19.45,-4.32613508016133
19.46,-1.5891813710176
19.47,-4.25441292076398
19.48,-2.42978039130623
19.49,-7.95708442892453
19.5,-3.86934164615599
19.51,-1.23679414812369
19.52,-2.06195616634517
19.53,-11.3076289234131
19.54,-3.25141189646209
19.55,-3.67845624148722
19.56,-4.8693481705494
19.57,-2.91321363071338
19.58,-11.911626384216
19.59,-4.87168905652325
19.6,-2.16904793789748
19.61,-3.83689362176639
19.62,-0.0718664446773715
19.63,0.195653505457658
19.64,-3.24125136199995
19.65,-4.17216164928419
19.66,-4.12999574321789
19.67,-3.60537110808331
19.68,-4.12695854104363
19.69,-4.98789211633126
19.7,-2.77756451316529
19.71,-12.7966199381999
19.72,-5.73314560090974
19.73,0.109579039680936
19.74,-3.17398624662743
19.75,-2.33575701110972
19.76,-0.038808914856522
19.77,-3.30593487209944
19.78,-0.557040165503138
19.79,-5.02634571858861
19.8,-7.99346270881932
19.81,-2.64805680888967
19.82,-3.95914206303934
19.83,-1.26958644800349
19.84,-2.61340722200001
19.85,-4.56613368310773
19.86,-2.05397059613746
19.87,-4.50363241088543
19.88,-6.14426235631153
19.89,-10.5625609773791
19.9,-5.51502779399547
19.91,-1.38876689759346
19.92,-4.41467328058311
19.93,-5.31215917940117
19.94,0.877263446290812
19.95,-4.06905967814118
19.96,-6.12839734549161
19.97,0.205475989512605
19.98,-0.515811586988218
19.99,0.146140939946696
20,-0.393134194709849
20.01,-6.40176389240412
20.02,0.630390768829811
20.03,-5.22078788014251
20.04,-1.56760454686303
20.05,4.472802724653
20.06,-2.62255547491506
20.07,0.542932042722936
20.08,-5.20733867860463
20.09,-2.28226015673938
20.1,0.370061730469705
20.11,-2.10576696457264
20.12,3.34647400326486
20.13,2.14763509958544
20.14,5.1082321891241
20.15,-2.363421093599
20.16,0.585931520031829
20.17,-0.354442558619543
20.18,4.2579310117235
20.19,2.10275703645032
20.2,0.965455707544625
20.21,1.93461153863404
20.22,-0.948026604682646
20.23,-1.94894367091695
20.24,-0.362462886208001
20.25,0.765723224950656
20.26,0.103580018563143
20.27,2.92936179361299
20.28,1.45343019455665
20.29,0.342708680394795
20.3,2.30065173783336
20.31,3.40963256539479
20.32,1.71937728229238
20.33,-0.192083388607968
20.34,1.46109393949521
20.35,1.84462727972514
20.36,2.49508775152387
20.37,-0.169187536667403
20.38,2.94229310553896
20.39,1.34018341980265
20.4,-2.08324459752725
20.41,3.00457551981864
20.42,-2.66857977509507
20.43,6.14149037616594
20.44,1.45587685989082
20.45,0.850944106649122
20.46,3.070287896547
20.47,3.12666976371118
20.48,1.07443858593996
20.49,5.24506541159602
20.5,-0.59035274040085
20.51,-1.53881969433385
20.52,1.88538622860248
20.53,5.00867993930046
20.54,-0.217093009897531
20.55,6.93293043530902
20.56,3.38013292810162
20.57,-1.39252839397903
20.58,-0.899006337587787
20.59,5.40513011183597
20.6,1.35219465883326
20.61,2.0261769478568
20.62,1.56567709131741
20.63,2.63322512076172
20.64,-1.61084189196279
20.65,-1.78563507548464
20.66,4.02408770636864
20.67,-0.799059680925009
20.68,-3.38373472703202
20.69,-2.4524440631663
20.7,6.57076813250802
20.71,4.22363350319224
20.72,1.8921895448301
20.73,2.24774225050349
20.74,2.71769744138047
20.75,4.11682633866103
20.76,8.0168970975336
20.77,6.18369323793974
20.78,2.2358910799516
20.79,4.46681388509367
20.8,4.50506417468158
20.81,6.14740960765697
20.82,4.18749100092342
20.83,11.7787898108523
20.84,4.08060615630136
20.85,4.01182062796014
20.86,8.56513430965304
20.87,12.1962124692588
20.88,5.17231096366091
20.89,7.36583700326917
20.9,3.50447618551133
20.91,4.52453597906813
20.92,7.31474842420758
20.93,6.11463194175202
20.94,6.36230536918846
20.95,1.65184400951932
20.96,1.6170191613588
20.97,2.09497910151337
20.98,6.59006504717499
20.99,2.93069926784367
21,6.36528005387612
21.01,0.221940940822735
21.02,1.25102203359001
21.03,9.21456248958406
21.04,-2.06589424964354
21.05,4.00017452228923
21.06,3.27628206019561
21.07,1.42715541005744
21.08,4.12138548138023
21.09,-0.38245130772993
21.1,2.31391147232492
21.11,9.30102377344117
21.12,1.85103920665426
21.13,3.81308509658867
21.14,1.89624940101876
21.15,7.46352699534966
21.16,0.761689491068252
21.17,4.11559434785106
21.18,6.91704329970678
21.19,0.533865321937623
21.2,5.32615339819865
21.21,4.92984462637974
21.22,-1.57160597471991
21.23,3.54876764304393
21.24,1.04076036283625
21.25,9.10619818852071
21.26,0.628105206393895
21.27,1.8502746301003
21.28,0.0975592047956419
21.29,3.23699746877306
21.3,8.77022134507994
21.31,1.39896789623056
21.32,1.34395378241724
21.33,5.20640257248556
21.34,9.75087914421403
21.35,4.16049162289726
21.36,2.19069658295676
21.37,11.2417129093832
21.38,7.38318547567951
21.39,-0.728735706235831
21.4,-1.14242004163698
21.41,6.62635721409345
21.42,5.02001510977582
21.43,11.2834505754961
21.44,10.964009334468
21.45,8.20332125497215
21.46,3.50597294701643
21.47,7.27051539296949
21.48,4.45230205743318
21.49,3.73693336711163
21.5,11.3541570567117
21.51,3.6190256919582
21.52,7.7678604678828
21.53,14.4436491027199
21.54,13.7233895417363
21.55,10.193205493758
21.56,7.40944654625755
21.57,9.81801961801671
21.58,16.2563926748641
21.59,9.26571348204492
21.6,7.91333585222369
21.61,17.7058863771963
21.62,7.82460406931517
21.63,16.9442347190795
21.64,6.74271530100709
21.65,15.9063747728968
21.66,8.11625167855572
21.67,16.8964437093653
21.68,14.6204176912643
21.69,8.9667492476708
21.7,12.0712133053254
21.71,21.4831334346009
21.72,13.8990464858308
21.73,16.2256408937735
21.74,12.3031722670034
21.75,13.1502577759437
21.76,13.4780792199345
21.77,17.8030306456014
21.78,16.5442620037419
21.79,19.2222252549573
21.8,20.9841939386332
21.81,14.36028634422
21.82,16.7076429937692
21.83,13.694084765739
21.84,12.3350580951269
21.85,23.4762646377257
21.86,15.5162271970331
21.87,22.0308638486846
21.88,21.5520437536859
21.89,16.8093073754575
21.9,15.5320483918671
21.91,23.2889814415739
21.92,17.8826759460911
21.93,18.1625361785604
21.94,21.6475426902514
21.95,17.4586331354222
21.96,24.641011415743
21.97,23.1012405441072
21.98,14.2559096155654
21.99,13.5234331124699
22,17.6273666071975
22.01,23.1682867416657
22.02,14.3891366438005
22.03,23.5713329040537
22.04,20.2910544143899
22.05,13.8430215724725
22.06,20.2076959057779
22.07,18.0076120505087
22.08,15.9438363993313
22.09,21.3649030537179
22.1,20.7246770375072
22.11,21.0016367995823
22.12,19.5993895935172
22.13,19.6501127858535
22.14,19.895917175396
22.15,18.3542978730599
22.16,13.6407717921144
22.17,17.2193015068028
22.18,18.3273582141895
22.19,18.7116340354113
22.2,16.3910600618632
22.21,18.7423308844926
22.22,15.9233381207189
22.23,18.8830661520358
22.24,17.6525880563476
22.25,16.1138317638175
22.26,20.8806623867706
22.27,16.6296083884246
22.28,18.7309588870528
22.29,15.5161884475878
22.3,14.4112259069022
22.31,22.182447893774
22.32,21.5311224818376
22.33,17.5944356131506
22.34,18.9993881390563
22.35,20.3379356481468
22.36,18.5121642597156
22.37,24.2706387509698
22.38,17.1774658875414
22.39,22.1172518272062
22.4,18.4679367941144
22.41,18.2164522550704
22.42,16.8006962190936
22.43,20.750965240735
22.44,17.7332863178072
22.45,17.0594767735408
22.46,15.9669362913957
22.47,31.7768982226776
22.48,17.8009633762954
22.49,21.0893990641771
22.5,19.933330378351
22.51,20.1846659577341
22.52,16.3431718894356
22.53,25.3091928684607
22.54,25.6696984178549
22.55,19.2882892565728
22.56,19.7615079724596
22.57,21.0930198659043
22.58,19.7833888350813
22.59,21.268325363227
22.6,26.6648527179337
22.61,48.3623300098637
22.62,29.9890306614503
22.63,21.3743635402317
22.64,23.3340375471394
22.65,25.1143753196706
22.66,27.7744539314879
22.67,25.7738329032065
22.68,28.1529272218058
22.69,18.0972724311661
22.7,31.9053765073982
22.71,46.2599177794727
22.72,32.3960816098223
22.73,36.1371141467092
22.74,31.901803115186
22.75,25.858773898276
22.76,36.2958084366417
22.77,22.8735464207857
22.78,27.7263877194723
22.79,35.4316895129581
22.8,20.569321157243
22.81,23.0439437745713
22.82,26.1235029824901
22.83,36.71722862771
22.84,17.994223270028
22.85,19.799420558628
22.86,13.5010428446696
22.87,10.6785201404888
22.88,13.4116605847848
22.89,13.2736281213615
22.9,7.03894772129985
22.91,9.94979529559919
22.92,13.3605720128949
22.93,10.8823754684022
22.94,11.0061135444735
22.95,15.6626202445326
22.96,9.72316369856217
22.97,10.9048288785357
22.98,12.657393550233
22.99,14.1434767005712
23,13.6531120269051
23.01,5.65896587411772
23.02,7.07165611088351
23.03,11.4377772794549
23.04,13.6591725928603
23.05,9.8747527325917
23.06,8.72573258490802
23.07,5.32380852360663
23.08,9.49887527623428
23.09,18.875780723595
23.1,4.72927436826582
23.11,3.29758946803549
23.12,0.60637218277424
23.13,-1.43227167892335
23.14,-3.59389740287149
23.15,-2.39581666012764
23.16,-3.70963651231217
23.17,-10.5482839074309
23.18,-9.20106388388104
23.19,-14.3391457064012
23.2,-16.9292698673726
23.21,-13.1485496739829
23.22,-11.9823802666691
23.23,-5.55445720664652
23.24,-11.6076046073026
23.25,-10.2932183041668
23.26,-10.0630950517538
23.27,-8.66719941947683
23.28,-11.4972929744213
23.29,-14.7179156541121
23.3,-9.87474356274794
23.31,-11.8400807450837
23.32,-11.6922759739149
23.33,-8.59366465158799
23.34,-22.6378505270056
23.35,-10.2891017424873
23.36,-14.5388205748715
23.37,-11.9853523256236
23.38,-9.97032632687235
23.39,-10.1733290565818
23.4,-9.86858263558331
23.41,-5.15580811189596
23.42,-7.95207286622928
23.43,-12.6773242919691
23.44,-11.1182215044297
23.45,-12.8796865223717
23.46,-12.4473160901418
23.47,-4.72322748062906
23.48,-13.1496766093145
23.49,-14.5804357795563
23.5,-11.3628636923629
23.51,-9.88148838264518
23.52,-12.528013965394
23.53,-10.8725595764375
23.54,-10.8948172891447
23.55,-6.2047640561439
23.56,-7.87822022338886
23.57,-12.6969775603676
23.58,-13.7323492971896
23.59,-12.3034740594218
23.6,-9.92964814315943
23.61,-9.39578103466249
23.62,-12.1912763244821
23.63,-6.9283777031063
23.64,-11.9841284220745
23.65,-11.8833252531997
23.66,-12.8289701243428
23.67,-8.42158082534898
23.68,-10.5582039757266
23.69,-11.325386313994
23.7,-8.37121453809877
23.71,-11.3052288399521
23.72,-8.95883033011864
23.73,-10.8208138401113
23.74,-12.4253312410245
23.75,-13.041791139801
23.76,-10.2478187676234
23.77,-9.35724343237709
23.78,-9.99782904099059
23.79,-11.7753585679731
23.8,-12.4017454396439
23.81,-10.1783526575297
23.82,-11.193811960988
23.83,-12.0575919408237
23.84,-12.1575902986364
23.85,-10.6736599771886
23.86,-8.78303054314371
23.87,-8.07940545088224
23.88,-11.6124594836261
23.89,-8.64211181103916
23.9,-9.63699569603109
23.91,-8.04042496506435
23.92,-9.54347731070286
23.93,-11.9858072123338
23.94,-10.9949093646996
23.95,-8.63860985190265
23.96,-9.50957802559145
23.97,-8.43768772344009
23.98,-10.3608338988668
23.99,-7.20106025392442
24,-11.6449958576194
24.01,-9.38884954731815
24.02,-10.2169122353531
24.03,-9.54004840653882
24.04,-7.10453971719325
24.05,-8.45888808464783
24.06,-10.4564290568584
24.07,-7.79560604237105
24.08,-11.031913727133
24.09,-10.8108502570177
24.1,-9.12854704376951
24.11,-11.2762925138093
24.12,-7.16599826752532
24.13,-8.64601384626128
24.14,-7.22774691745274
24.15,-7.55179760840627
24.16,-5.59924590946103
24.17,-9.50039493348974
24.18,-10.1902132252465
24.19,-6.8679614677593
24.2,-10.5829376794015
24.21,-8.14054492018898
24.22,-7.80104927669534
24.23,-11.1800771105128
24.24,-6.64392003528586
24.25,-10.1764591822555
24.26,-10.3016281550585
24.27,-8.18146534162897
24.28,-11.5861904313419
24.29,-7.30484055483787
24.3,-10.3985681962823
24.31,-10.2381716457932
24.32,-8.66906347193516
24.33,-9.84710639312854
24.34,-10.4233584852736
24.35,-6.7085470238063
24.36,-6.22062650660997
24.37,-10.8230943922109
24.38,-9.40063105698321
24.39,-9.62514423513966
24.4,-9.15115053279195
24.41,-8.74881124936441
24.42,-10.8269471617355
24.43,-5.65521095352427
24.44,-4.4700417324906
24.45,-4.71062637385482
24.46,-4.25904155509017
24.47,-6.31935654710524
24.48,-5.08058626688096
24.49,-6.89903666325707
24.5,-8.33255612650396
24.51,-6.32490167816774
24.52,-11.7162907606434
24.53,-11.6083388390782
24.54,-9.38894794792065
24.55,-7.67353327032186
24.56,-9.14366194292933
24.57,-8.52296079022654
24.58,-10.7946659116904
24.59,-6.25713228077129
24.6,-8.30050317979619
24.61,-7.13073163748161
24.62,-2.25754572967821
24.63,-10.2495156348959
24.64,-9.05795906149906
24.65,-7.10362648300551
24.66,-9.02127592903349
24.67,-4.14928384472906
24.68,-8.87068928144432
24.69,-5.40310521403444
24.7,-8.73767980505324
24.71,-7.58954044455293
24.72,-6.61877590615438
24.73,-4.69027709134134
24.74,-10.3715726124609
24.75,-9.91286690346251
24.76,-3.24371327480506
24.77,-6.28828837925698
24.78,-7.57343491796161
24.79,-4.39759024341205
24.8,-7.17431880022659
24.81,-11.550990926242
24.82,-8.34644527552436
24.83,-5.18019388679651
24.84,-10.7667665801244
24.85,-10.4489144903953
24.86,-7.50339176128137
24.87,-5.56490069789796
24.88,-5.26266549002346
24.89,-7.81692106219452
24.9,-4.14592428551306
24.91,-5.40056625955953
24.92,-5.1234642812211
24.93,-7.07218726563444
24.94,-6.52428313938315
24.95,-3.3641171330873
24.96,-6.61803974793977
24.97,-5.0683392340208
24.98,-6.46073170574405
24.99,-10.4477428220509
25,-7.67737177800497
25.01,-8.84381638395309
25.02,-3.92050687910828
25.03,-7.00749176197363
25.04,-4.18733177244695
25.05,-8.73667709378043
25.06,-8.10255483047341
25.07,-6.61235960555165
25.08,-7.33888369743441
25.09,-8.31261543591951
25.1,-7.1922240958751
25.11,-9.27764228228812
25.12,-8.15462809525022
25.13,-4.63179786236462
25.14,-8.9167931048009
25.15,-5.01646355420232
25.16,-9.39784098010039
25.17,-2.47007806700488
25.18,-5.96448014121195
25.19,-4.21913313439165
25.2,-9.87802304459274
25.21,-5.00849019666149
25.22,-9.18435416226712
25.23,-4.75749925575121
25.24,-8.79787033760421
25.25,-4.42905316176928
25.26,-0.327720082510831
25.27,-7.87578994925904
25.28,-6.35466561433727
25.29,-5.34517178068985
25.3,-6.32095504672069
25.31,-4.89357723566665
25.32,-1.75895074818901
25.33,-6.80297777217508
25.34,-6.55683898217956
25.35,-3.25893723424315
25.36,-2.89110691913643
25.37,-7.01228097671446
25.38,-8.06856042532821
25.39,-6.00972807743591
25.4,-3.48512718167865
25.41,-2.69324399163284
25.42,-4.32436726548539
25.43,-9.24029174250124
25.44,-6.59306651273805
25.45,-9.67854722967093
25.46,-7.28585671711541
25.47,-8.74589242271093
25.48,-4.61105630726429
25.49,-7.88249562507554
25.5,-5.14445431102775
25.51,-7.19878117575788
25.52,-6.50232386516354
25.53,-6.29615643224908
25.54,-9.01418130143242
25.55,-10.0715471832311
25.56,-8.79178001871345
25.57,-8.1979980403551
25.58,-4.50775217073591
25.59,-2.66613658553605
25.6,-7.02846669592805
25.61,-6.61484059329323
25.62,-7.54031575383821
25.63,-7.01359110501066
25.64,-5.79959617747247
25.65,-11.3067972866179
25.66,-5.49204868883049
25.67,-6.75131875034267
25.68,-7.75756760039788
25.69,-4.2696284942198
25.7,-6.51109484482364
25.71,-8.16632499730411
25.72,-1.69240898264333
25.73,-9.4389652687416
25.74,-3.5488266560794
25.75,-8.95903258626179
25.76,-2.42264344204683
25.77,-9.89711542012197
25.78,-3.22445641832324
25.79,-7.00156749290512
25.8,-6.30937811142109
25.81,-6.60243396324923
25.82,-7.99882068552808
25.83,-2.93110010913474
25.84,-7.98595084707704
25.85,-3.5363881013158
25.86,-4.81639550678247
25.87,-7.48229438638795
25.88,-8.21206891959503
25.89,-5.23690705346155
25.9,-5.08601531363666
25.91,-7.16985888423836
25.92,-5.99641063476922
25.93,-3.92923477736248
25.94,-5.23994055117507
25.95,-4.22830021142658
25.96,-5.41777752337735
25.97,-7.36329579675015
25.98,-7.59786298180781
25.99,-9.16829223177761
26,-3.91917979045373
26.01,-7.27823352350897
26.02,-6.14816301994166
26.03,-10.1223115329328
26.04,-9.18335646837375
26.05,-3.76940217111397
26.06,-8.6050378247511
26.07,-8.75454486213484
26.08,-7.23485954118257
26.09,-6.11231632785415
26.1,-10.097044482196
26.11,-5.31664864627419
26.12,-3.20849743503252
26.13,-3.57883025293844
26.14,-6.54084723196336
26.15,-6.77759314224367
26.16,-4.20090950911981
26.17,-3.91354399645466
26.18,-3.82468006892101
26.19,-8.70148666389911
26.2,-6.02026373119256
26.21,-5.43536549839746
26.22,-10.7547815944594
26.23,-8.82705356603294
26.24,-4.15622757995587
26.25,-9.05602344716372
26.26,-5.28858769166681
26.27,-4.60737080156405
26.28,-3.62127287121148
26.29,-2.85243740221629
26.3,-10.2440204700013
26.31,-2.68353634577621
26.32,-7.72014741794316
26.33,-3.29403604139053
26.34,-8.2528064341026
26.35,-4.13817360046804
26.36,-8.33201805116768
26.37,-3.97218469635211
26.38,-4.94035309416467
26.39,-4.29117975488539
26.4,-4.47619376938647
26.41,-8.7001830925275
26.42,0.289156467096289
26.43,-1.4458751104379
26.44,-3.61677170087175
26.45,0.967696193147497
26.46,-1.64926153927737
26.47,-1.0267959561472
26.48,1.532955862753
26.49,1.65447814373691
26.5,0.869734564597708
26.51,1.18241396109689
26.52,0.931712412828682
26.53,3.88143776142973
26.54,0.177113002575513
26.55,2.92753090787422
26.56,1.18642511243048
26.57,-0.980023403853452
26.58,0.87697052162317
26.59,2.20175167192406
26.6,0.137198230308839
26.61,1.51044509164065
26.62,-4.01570389776813
26.63,4.29987492192109
26.64,0.241872363242505
26.65,-3.12038073815151
26.66,4.6602949312303
26.67,-1.06149143090074
26.68,4.63925938853319
26.69,-0.925135510108134
26.7,1.41510855063584
26.71,3.74269765703797
26.72,1.52536077783355
26.73,3.53187228267388
26.74,-0.768216576741128
26.75,0.845248973951282
26.76,1.29553256568973
26.77,-1.16256443626671
26.78,0.434855762918283
26.79,0.571567036213298
26.8,4.71285186015151
26.81,-0.095605885984148
26.82,1.61854456688626
26.83,-3.26532360698438
26.84,3.33840839467294
26.85,-0.780692739091343
26.86,2.23080662585937
26.87,-2.07620470637007
26.88,-0.610444281777459
26.89,-2.28479357735873
26.9,4.9890118124204
26.91,-0.470528110117698
26.92,5.27506023127157
26.93,-2.13681299440357
26.94,0.0709368301157495
26.95,0.446838640640885
26.96,4.50842549556297
26.97,-0.100468530903706
26.98,2.05095849115489
26.99,0.884999168267266
27,2.98093205629297
27.01,-0.598362292388214
27.02,3.48882073960259
27.03,3.91777425156732
27.04,2.36324977235892
27.05,4.26815063562731
27.06,2.12244050802014
27.07,6.9085271837244
27.08,3.61730004580847
27.09,2.81986564047957
27.1,4.5362391351682
27.11,3.01030644770491
27.12,2.20288102262646
27.13,6.47572767656507
27.14,4.225861332773
27.15,2.71500048806868
27.16,5.91530828373079
27.17,0.185367923078369
27.18,0.651711937251498
27.19,2.50745884982707
27.2,1.9745574766513
27.21,1.7445121731779
27.22,1.19617324202808
27.23,2.07977036895284
27.24,0.286970848288365
27.25,-0.457385626296998
27.26,-2.38757873745672
27.27,3.12711676963505
27.28,0.518777969237491
27.29,0.1253118310692
27.3,-2.91216552892673
27.31,3.07249671680338
27.32,0.131293097423316
27.33,-2.51879259805388
27.34,-3.20238085375402
27.35,-2.09565571840466
27.36,-0.358657261133122
27.37,-4.52111620028165
27.38,-4.01854098957664
27.39,-0.509098418584055
27.4,-1.23005223197121
27.41,-5.67365796149507
27.42,-5.64848650092279
27.43,-1.90815620833198
27.44,-5.15242096801184
27.45,-5.62258774424431
27.46,-2.47824355326346
27.47,-0.14551079183562
27.48,-5.48340825357381
27.49,-3.35564137703832
27.5,-3.97914608908979
27.51,-6.23414432624537
27.52,-1.72974849162273
27.53,-3.67797939893741
27.54,-4.51992689999163
27.55,-0.397562034464078
27.56,-8.08400135444199
27.57,-0.659691053349624
27.58,-7.89319585397679
27.59,-2.02625719271167
27.6,-5.89677409532258
27.61,-1.88627743500214
27.62,-9.29233626076419
27.63,-2.59122189981327
27.64,-4.56681137071972
27.65,-1.93839492242745
27.66,-3.27570096171539
27.67,-2.28590172315787
27.68,-4.63707084648921
27.69,-5.6020867802239
27.7,-3.57260558569461
27.71,-8.2497631664627
27.72,-2.28460194864434
27.73,-5.99438367901732
27.74,-4.81842299391162
27.75,-5.17662126146956
27.76,-6.78418187578533
27.77,-7.05190781426504
27.78,-4.73075465749163
27.79,-2.21219143050445
27.8,-2.50492991231989
27.81,-8.18012542385499
27.82,-5.46451393432202
27.83,-2.56211038582368
27.84,-2.81716317711528
27.85,-2.83357470717033
27.86,-3.7341960576582
27.87,-6.31805492957631
27.88,-4.3759653173508
27.89,-8.55085453630678
27.9,-3.23010710411077
27.91,-7.40719686921589
27.92,-6.5345290101575
27.93,-2.23471336559117
27.94,-3.38147700855489
27.95,-3.71055989480972
27.96,-3.30592749778963
27.97,-2.92937939677833
27.98,-7.06500671974937
27.99,-2.1912660719581
28,-3.30327917301063
28.01,-3.44307073852476
28.02,-3.62588584699249
28.03,-3.20420042708902
28.04,-2.28825803675521
28.05,-1.51865546354066
28.06,1.02566432863382
28.07,0.622554850500042
28.08,1.90525512220939
28.09,5.90103996058168
28.1,1.31531092637165
28.11,4.76947988041153
28.12,1.07087250808374
28.13,6.39056614595149
28.14,2.91624819020786
28.15,1.98629949872828
28.16,3.18804824709121
28.17,4.30016152116791
28.18,5.21535088886701
28.19,5.6486829347592
28.2,6.48031388611328
28.21,9.03973335720569
28.22,7.3118329390904
28.23,6.45462385819368
28.24,7.26108422174037
28.25,2.92842875993259
28.26,2.7240920855514
28.27,4.09375858396065
28.28,8.12294659020168
28.29,12.6942799181023
28.3,4.51743070020717
28.31,2.45822155647873
28.32,8.12805103211242
28.33,9.96959675573772
28.34,3.99412507359187
28.35,4.78315963717663
28.36,7.02055678937495
28.37,5.53843707013088
28.38,10.855819573168
28.39,1.86205980575086
28.4,5.72848400352416
28.41,5.44740517748271
28.42,6.10531168436425
28.43,2.97743052674072
28.44,4.60970424101817
28.45,3.36999663214868
28.46,5.9059277172652
28.47,2.91322979083739
28.48,5.71523952978698
28.49,4.3266217412205
28.5,4.77242495664708
28.51,7.29944441824832
28.52,2.08572269033914
28.53,4.25539689930671
28.54,6.99606196134356
28.55,5.51728340313702
28.56,3.72342180923004
28.57,6.78653152669871
28.58,7.77350268749009
28.59,5.34387017676113
28.6,4.38018136462649
28.61,4.76166913826943
28.62,8.68178151774058
28.63,10.6418179194322
28.64,9.93280416432998
28.65,5.53227188263497
28.66,8.06079132287584
28.67,7.7956086375369
28.68,5.30462043034601
28.69,5.10112263171288
28.7,5.71296767566244
28.71,7.42414471403951
28.72,8.07487341316798
28.73,6.95657889996208
28.74,9.02013367828231
28.75,9.38617793513402
28.76,12.6207046706392
28.77,8.82888233878117
28.78,6.50112480284301
28.79,10.2372849657457
28.8,11.5991645811831
28.81,6.0596966702269
28.82,7.38250031904181
28.83,12.2548492809001
28.84,5.62348332754858
28.85,7.833969798266
28.86,8.41100287958977
28.87,6.80337504095766
28.88,10.3272913441861
28.89,8.34689359587208
28.9,7.24097803096388
28.91,8.7680416130403
28.92,5.71396719139575
28.93,8.43392603861612
28.94,3.92264398902577
28.95,11.5112105888167
28.96,9.37249868177255
28.97,5.39064292998754
28.98,11.6315989538633
28.99,12.6524744111502
29,6.74257020567895
29.01,8.11440832816934
29.02,7.00427599752068
29.03,13.9186885191131
29.04,12.6142603166709
29.05,12.0636392221646
29.06,11.1977744647224
29.07,7.06748940857582
29.08,7.30575691575546
29.09,9.5864595029049
29.1,10.2068836051565
29.11,10.5647819525279
29.12,10.8665604462182
29.13,9.84082298013857
29.14,9.95919024237089
29.15,10.6711509711724
29.16,6.98436610773723
29.17,5.98836330016881
29.18,9.01907398187717
29.19,11.3172008533327
29.2,5.77049953033813
29.21,9.76950692323515
29.22,11.5256025562428
29.23,6.34191240122449
29.24,10.2789583287833
29.25,6.76895306996138
29.26,9.72465228377303
29.27,8.55814399643108
29.28,8.90601560750295
29.29,9.7127295879325
29.3,9.22827210335987
29.31,6.49988596763319
29.32,7.85579966339736
29.33,5.87573098133285
29.34,13.1750773442231
29.35,8.61027646370086
29.36,9.20033164216923
29.37,11.8570798564332
29.38,11.2970096763749
29.39,9.69642203920474
29.4,8.44636367801897
29.41,8.83768986230807
29.42,11.5476398937218
29.43,7.72333673947794
29.44,10.0691195015677
29.45,11.69508932126
29.46,13.8763117101416
29.47,7.95669485914151
29.48,10.2202222901782
29.49,8.19427006515306
29.5,10.7359662480472
29.51,12.5820173559982
29.52,10.9166575206597
29.53,12.9044810266333
29.54,6.30566068768687
29.55,10.4808805728328
29.56,9.88058728135952
29.57,10.5496182730638
29.58,8.7716976715235
29.59,8.90588523102848
29.6,10.6531045649019
29.61,11.1824998954567
29.62,8.02057887859929
29.63,11.111944227128
29.64,7.52621413824907
29.65,11.2752335527448
29.66,9.92157177023832
29.67,14.2866822722448
29.68,8.94888508382255
29.69,8.66605674037586
29.7,9.83317063935108
29.71,9.47296224811004
29.72,14.4457790631919
29.73,13.8722199027489
29.74,16.0767365368504
29.75,10.049108889792
29.76,15.7448517414326
29.77,14.8404911791092
29.78,11.5696917332893
29.79,16.4748105992305
29.8,17.8548121420047
29.81,15.742188687126
29.82,16.4594902017176
29.83,13.1485048248376
29.84,13.2344728191074
29.85,12.6259787547833
29.86,16.035906805833
29.87,18.790691079635
29.88,17.6893813577717
29.89,12.8617874723914
29.9,21.490572432687
29.91,13.7628435353441
29.92,15.587635480994
29.93,13.3999143893266
29.94,13.3712203209926
29.95,21.3622431441356
29.96,17.2447568085125
29.97,12.1598833431986
29.98,11.2523035853952
29.99,8.96627131464754
30,12.8406011846071
30.01,8.58515121675622
30.02,12.6087401426906
30.03,19.9789292245805
30.04,9.91061428083252
30.05,12.3608424481148
30.06,12.3323891522356
30.07,10.7671370770742
30.08,10.8940912947391
30.09,13.5972428816813
30.1,10.2723133833052
30.11,9.27115088677292
30.12,12.1089642234117
30.13,11.9158460303978
30.14,9.08977754741544
30.15,18.1568848845033
30.16,9.01061050078932
30.17,15.4619749602455
30.18,9.63316366079296
30.19,12.6405193468856
30.2,11.7062201939022
30.21,9.37768443300641
30.22,9.50155206248447
30.23,9.10640886747943
30.24,11.3758526986023
30.25,6.53065424960339
30.26,10.0470185856981
30.27,9.860156321418
30.28,8.86797476214974
30.29,7.27436432114119
30.3,12.782037166831
30.31,8.27652654305849
30.32,10.7864251317161
30.33,8.0642893287723
30.34,8.47479742352197
30.35,15.2994094436796
30.36,6.54033451373997
30.37,8.06979699422865
30.38,5.8706703503682
30.39,6.79916601368591
30.4,8.34545690053233
30.41,6.39042635089177
30.42,5.85651702244941
30.43,6.57595461612213
30.44,13.1073678532703
30.45,5.50350845616398
30.46,6.36349726169612
30.47,6.50917055826274
30.48,4.9589164189734
30.49,11.272291111393
30.5,8.39519358530133
30.51,4.66356926789598
30.52,7.75575531720835
30.53,8.9687905899449
30.54,12.6066622170388
30.55,4.05099919358348
30.56,6.24602060836622
30.57,9.49755109702884
30.58,6.67105903826873
30.59,14.1360042453921
30.6,11.6462942915332
30.61,14.4580618383758
30.62,8.23374775756902
30.63,9.19811124240647
30.64,8.18035378050225
30.65,10.1594457957645
30.66,5.34309674915822
30.67,9.41490297155773
30.68,15.0797944712412
30.69,15.1085406161061
30.7,13.0193951809763
30.71,8.1241719708392
30.72,9.46924881952149
30.73,12.0422950770583
30.74,17.0998265821273
30.75,15.6385349029647
30.76,5.92728922156843
30.77,17.1449743219398
30.78,12.8576926565966
30.79,14.3727883578497
30.8,13.4899431864396
30.81,4.95532964023361
30.82,16.0186653069
30.83,5.86767860082741
30.84,7.22047477880239
30.85,2.81954458459859
30.86,4.14356896496324
30.87,17.4392673998624
30.88,13.7359959462179
30.89,5.38722174049742
30.9,2.64466255758149
30.91,10.2861760963386
30.92,4.55282596743592
30.93,11.718564186855
30.94,7.76081150383535
30.95,11.8308154821659
30.96,-0.330575442078788
30.97,3.75808752284079
30.98,3.31358304666909
30.99,5.67467801187487
31,2.79959936658026
31.01,-1.10261764698261
31.02,-1.49346737923675
31.03,-3.86495571212063
31.04,-6.15039782410847
31.05,-6.89240027044361
31.06,-4.45403411988618
31.07,-10.1892535021552
31.08,-18.1555769337741
31.09,-4.81616421129511
31.1,-10.0176722762641
31.11,-9.35660636021778
31.12,-12.8586531728209
31.13,-13.4909573190308
31.14,-12.9305579622692
31.15,-10.608003275805
31.16,-10.6825097239908
31.17,-10.5055832325939
31.18,-4.32868047238563
31.19,-14.1236206954298
31.2,-11.5926099375419
31.21,-3.61087558846541
31.22,-13.4578280001487
31.23,-13.4006246332893
31.24,-5.14147991911225
31.25,-14.4259029316056
31.26,-22.1091169233498
31.27,-11.4196187989366
31.28,-11.6659678342902
31.29,-6.46920050009273
31.3,-9.41181319388108
31.31,-13.1416524833061
31.32,-10.4674280033989
31.33,-9.38601719745068
31.34,-9.8841053612179
31.35,-11.4997031033635
31.36,-9.29895878630131
31.37,-12.2363465028187
31.38,-11.2087914676909
31.39,-20.0863443901756
31.4,-9.32328978453651
31.41,-14.4993553076723
31.42,-8.94601881756611
31.43,-13.0651666415279
31.44,-11.4274444402353
31.45,-9.36161496195019
31.46,-10.1775139642504
31.47,-11.8708972276225
31.48,-14.1223326344408
31.49,-11.6681498169852
31.5,-10.015153135613
31.51,-10.0119447335698
31.52,-7.73345140064847
31.53,-9.43069057074856
31.54,-7.35453741390291
31.55,-8.06155967139539
31.56,-11.2079256032042
31.57,-13.9879660359693
31.58,-11.7873604496649
31.59,-12.8558313256433
31.6,-10.7400162344456
31.61,-12.3588836846679
31.62,-10.2082924128779
31.63,-11.2203292044614
31.64,-9.71292242277501
31.65,-11.9770139146421
31.66,-10.3159285606116
31.67,-9.53904059431256
31.68,-8.40298345891809
31.69,-9.60214255671484
31.7,-12.1827606500166
31.71,-13.2725308853645
31.72,-11.4342800231061
31.73,-7.36071854091213
31.74,-10.6435572270566
31.75,-11.0761622450874
31.76,-12.7413182295228
31.77,-8.46675739410936
31.78,-11.1201614986669
31.79,-10.5214509291832
31.8,-10.0008047598188
31.81,-12.3958760800244
31.82,-11.2459268661612
31.83,-10.8682814233693
31.84,-9.68149873203857
31.85,-8.29600928099586
31.86,-5.47784389029788
31.87,-4.78842760678221
31.88,-6.37010620666183
31.89,-9.38576656782838
31.9,-5.55986504970921
31.91,-10.5330200349774
31.92,-14.4691649855781
31.93,-8.38531666126211
31.94,-4.69264360421649
31.95,-4.92181247328359
31.96,-3.34771355082765
31.97,-8.18372689895609
31.98,-3.34399825446126
31.99,-4.94161187344274
32,-5.77864098704898
32.01,-5.57181449593795
32.02,-4.84691361047216
32.03,-3.0954779577884
32.04,-5.9587810756346
32.05,-2.90214128227095
32.06,-4.13573447505645
32.07,-4.53087430189033
32.08,-4.38911129333697
32.09,-8.72117197581889
32.1,-4.96983736448667
32.11,-7.36430804719015
32.12,-3.58845044546002
32.13,-3.3956421885905
32.14,-4.38701290951525
32.15,-3.02181918218636
32.16,-6.45793859716404
32.17,-4.68233284930449
32.18,-4.67089795657679
32.19,-2.61450629730751
32.2,-5.27706818969812
32.21,-1.35670486821656
32.22,-1.48023172498789
32.23,-5.1827255450641
32.24,-2.30121389446834
32.25,-0.67438822345318
32.26,-0.682745149355731
32.27,-2.13776521919071
32.28,0.291368701449626
32.29,-2.42974027294652
32.3,0.318042932601577
32.31,0.860308639782851
32.32,-0.0965662274730502
32.33,-1.46537603763838
32.34,0.544166622420594
32.35,-3.32296878601913
32.36,-6.71564050164459
32.37,-1.90046279875884
32.38,-4.36398494040168
32.39,-5.29583157458949
32.4,-4.8777150888939
32.41,-2.24679960077191
32.42,-5.05983864410309
32.43,-3.71020875211439
32.44,-5.19936639580908
32.45,-4.36413717937499
32.46,-0.580461717131807
32.47,-1.41903091465277
32.48,-7.80667479899658
32.49,-5.41439966488737
32.5,-4.13843646003277
32.51,-3.31883447600063
32.52,-5.41116567589751
32.53,-2.50851416089136
32.54,-4.04294735199657
32.55,-3.48356200232232
32.56,-6.74383840746256
32.57,-3.81739371702866
32.58,-2.84299219776092
32.59,-0.690074998234447
32.6,-3.13045105710686
32.61,-3.6216443942532
32.62,-1.89940221795941
32.63,-1.47152282641984
32.64,-3.50228367283534
32.65,-5.79736805541059
32.66,-2.23591505485891
32.67,-3.50150133382218
32.68,-3.07509162910068
32.69,-3.86626212758631
32.7,-2.06816931050767
32.71,-6.28103572973247
32.72,-2.06169985506608
32.73,-5.35010078741751
32.74,-6.07039762397154
32.75,-3.0571973777056
32.76,-5.00756952155021
32.77,-3.66875592781021
32.78,-4.4853915618076
32.79,-3.86946358051418
32.8,-3.48621293925994
32.81,-4.76341677608894
32.82,-3.6828753588192
32.83,-3.10845312225467
32.84,-3.6197190569829
32.85,-6.20844430356764
32.86,-5.3044599041309
32.87,-5.8694428756038
32.88,-5.14129753849302
32.89,-3.99380555747291
32.9,-4.37151699401411
32.91,-9.1505592503706
32.92,-2.7901199824969
32.93,-6.83643836030225
32.94,-7.07674866843866
32.95,-3.4059567388714
32.96,-2.25859514922691
32.97,-4.31083107321254
32.98,-5.53597844363131
32.99,-6.65262925329727
33,-8.57068271817352
33.01,-4.89636691522433
33.02,-5.01553442952419
33.03,-4.37692457747086
33.04,-3.13694856312001
33.05,-4.69461276429511
33.06,-5.37521666908295
33.07,-5.43184580014299
33.08,-5.06910255263802
33.09,-4.78413767978217
33.1,-2.29698992118286
33.11,-3.47784899188999
33.12,-5.37229321337721
33.13,-4.86308614094759
33.14,-4.9951879851094
33.15,-7.11008550303314
33.16,-5.43067956395334
33.17,-5.97166573921429
33.18,-7.16158381419439
33.19,-3.81788834147901
33.2,-4.52264227235655
33.21,-6.56106771332098
33.22,-3.86782824926562
33.23,-6.15058394760545
33.24,-2.0478485001416
33.25,-4.10722003353967
33.26,-3.96195806512534
33.27,-6.62739416639557
33.28,-4.40119308685761
33.29,-7.30245900495838
33.3,-8.01735132624902
33.31,-7.17569915169511
33.32,-3.2317679488601
33.33,-6.85888111308827
33.34,-5.44670843550191
33.35,-1.52814601918576
33.36,-7.85859923098081
33.37,-2.71052073441185
33.38,-2.51423015421868
33.39,-5.57644569432141
33.4,-4.29433353834301
33.41,-5.93719217876848
33.42,-1.11208660293622
33.43,-2.29291780070929
33.44,-1.20285111114692
33.45,-3.85675259131319
33.46,-1.98350101459169
33.47,-1.813398394508
33.48,-0.351215318033077
33.49,0.0144343160413793
33.5,-2.98860934021313
33.51,1.7732871173048
33.52,-1.23051326462394
33.53,3.68145633845647
33.54,4.58012175415824
33.55,3.11442064037085
33.56,2.82399346738072
33.57,1.79903776779628
33.58,4.91355680981055
33.59,3.78353385585192
33.6,8.53371106281993
33.61,4.18062705914321
33.62,4.43684292535714
33.63,7.23225436431064
33.64,6.2463775373635
33.65,5.46638823554824
33.66,6.03989651287895
33.67,5.12583967882704
33.68,8.31145347851681
33.69,8.8893208282478
33.7,8.88500665597437
33.71,7.55231931318152
33.72,9.84163875716484
33.73,4.99940925232702
33.74,12.4816292635425
33.75,10.2822270441535
33.76,8.59386000329886
33.77,9.51843953467583
33.78,7.33227043433726
33.79,9.17593797356026
33.8,9.09346835392008
33.81,6.87321854392295
33.82,8.25862676263909
33.83,7.34284921258556
33.84,11.0014416590177
33.85,8.62202398058819
33.86,6.08034679531869
33.87,9.15314165325423
33.88,4.53181389922704
33.89,6.56488245644697
33.9,7.64892094126043
33.91,6.54695058364583
33.92,6.71621538459996
33.93,4.35320880971408
33.94,3.96286071406447
33.95,4.8229505181332
33.96,6.96891535165362
33.97,4.76827166816635
33.98,7.14482704170821
33.99,3.73009793908516
34,4.93408728507637
34.01,7.66035471484256
34.02,6.05552433254958
34.03,4.07110678179612
34.04,5.00631861209506
34.05,4.27176183886172
34.06,7.81700367641966
34.07,4.56187946834201
34.08,5.18836467028845
34.09,7.20519234993794
34.1,7.15946977500853
34.11,5.52658860810755
34.12,6.55939181020898
34.13,6.09547460444831
34.14,5.25834328753651
34.15,7.60080967712583
34.16,7.59384301522682
34.17,6.07189915080887
34.18,10.4659302181883
34.19,8.54844310166751
34.2,8.80052949620789
34.21,8.04863152870294
34.22,5.53779764267101
34.23,12.2099968902768
34.24,6.17607991417791
34.25,5.22564259056609
34.26,9.44159435426791
34.27,4.76804582195889
34.28,4.15073308950453
34.29,7.54829709218201
34.3,4.56924179576149
34.31,7.16472914146311
34.32,6.28132697261153
34.33,4.77782305320708
34.34,6.59673674052863
34.35,3.57076225311149
34.36,4.45921231432112
34.37,7.86238156994324
34.38,5.02600919111703
34.39,5.85800829894726
34.4,5.86441843667879
34.41,4.13916548527992
34.42,6.52827382564578
34.43,6.6950251643921
34.44,8.98647956005524
34.45,7.57493151694281
34.46,3.94517289826922
34.47,13.0725427975657
34.48,16.2706622171376
34.49,7.77013414728153
34.5,19.8058238931707
34.51,8.38488452785173
34.52,6.41435047033029
34.53,8.97609021126327
34.54,8.16634743471124
34.55,9.19545961382181
34.56,4.73461155462592
34.57,11.1185126846071
34.58,8.35071482542939
34.59,12.1319431358634
34.6,15.182025778331
34.61,14.5878339508296
34.62,12.2271356172281
34.63,8.41382398712332
34.64,10.4959267800879
34.65,4.62119288761135
34.66,16.7375957758517
34.67,7.69736664135467
34.68,9.53335619640402
34.69,10.8703950679372
34.7,11.1354298516428
34.71,15.0367881172273
34.72,6.62255746400468
34.73,6.73022850773567
34.74,7.00954828286292
34.75,19.8018072066088
34.76,12.1862569673021
34.77,12.5320754778258
34.78,4.18452922537853
34.79,7.90987835038266
34.8,4.44835259331287
34.81,9.51899003732442
34.82,3.30227636778248
34.83,5.5133411387037
34.84,12.53293557608
34.85,7.7421652109409
34.86,6.86090044088733
34.87,6.96270435826225
34.88,13.4224368095398
34.89,4.28627348049069
34.9,3.59366604851586
34.91,2.61587184325509
34.92,6.46698358810951
34.93,3.59964122105724
34.94,4.5022549125249
34.95,5.47239028347379
34.96,4.38513760151371
34.97,1.79586004798516
34.98,5.57134240218941
34.99,12.0618846290219
35,5.24205488429284
35.01,6.32007131093045
35.02,9.99484733116018
35.03,1.47611151735013
35.04,3.35864924397872
35.05,0.917808591183566
35.06,2.51956010565582
35.07,6.97362081281743
35.08,2.87324017745167
35.09,1.24748385423311
35.1,0.878545614271216
35.11,-0.0730166533438097
35.12,-1.91152817720151
35.13,-2.3693879666546
35.14,-2.50608246701977
35.15,-1.0047368116533
35.16,-3.82331514364502
35.17,7.41973057507576
35.18,-5.3073795028962
35.19,-2.09073922794265
35.2,-1.66428198726704
35.21,0.978506087382992
35.22,-7.21635291983129
35.23,-0.674810890331205
35.24,-1.39831837569604
35.25,-0.46041815713605
35.26,-4.72949915249584
35.27,-4.47023286945501
35.28,-4.54361495438712
35.29,-3.37823182227168
35.3,-1.74031277809735
35.31,-4.87489355685226
35.32,-2.88193546378339
35.33,-5.88658228691403
35.34,-4.27369362914006
35.35,-4.65495309257715
35.36,-3.08334828699635
35.37,-1.00861255251958
35.38,-3.29950134962369
35.39,-5.27457952217321
35.4,-4.59595517181736
35.41,-4.55987932225405
35.42,-4.39129646500616
35.43,-4.25920460996847
35.44,-4.09616231447369
35.45,-3.30558667383599
35.46,0.37402524149505
35.47,-4.72469953894152
35.48,-1.19883708169204
35.49,-2.93809349846631
35.5,4.62871947243222
35.51,-3.19988124615517
35.52,-2.86346383735811
35.53,-0.641996386227813
35.54,0.863974114581205
35.55,2.20017127737779
35.56,3.60193534514599
35.57,0.693639639436196
35.58,4.60855697308255
35.59,3.88607097903513
35.6,1.6071436693349
35.61,2.1067439456295
35.62,2.39953227808282
35.63,3.41737927951675
35.64,2.24169347793359
35.65,0.990296505897156
35.66,11.6845677122426
35.67,2.97113591903891
35.68,2.0002720155499
35.69,1.81299688096515
35.7,0.253778762325396
35.71,5.6728294471345
35.72,0.758163068146983
35.73,2.37997276874183
35.74,1.6152115477665
35.75,4.32074144968825
35.76,1.02746056492086
35.77,1.11797890721792
35.78,2.86490556531943
35.79,-1.10313701892159
35.8,-1.80078001822269
35.81,-1.51099447601292
35.82,-3.1648096006109
35.83,-2.60099115666518
35.84,-2.35763218656907
35.85,-1.98283956183841
35.86,4.35343317099935
35.87,-1.24793735408497
35.88,-2.48931865185289
35.89,-5.06910348710296
35.9,-3.4738301135667
35.91,-5.30933894799643
35.92,-2.28351092846707
35.93,-7.38538575292986
35.94,-4.72199672061898
35.95,-3.35380802550884
35.96,-2.33491151112485
35.97,-4.81353312819183
35.98,-3.77269908776733
35.99,-4.84003195839889
36,-4.8901380585121
36.01,-5.27708459919178
36.02,-4.29816635750084
36.03,0.366513371382992
36.04,-0.189463722985306
36.05,-6.46476789989956
36.06,-2.62724470663346
36.07,-3.26361037621441
36.08,-2.10727335437288
36.09,0.331783373742926
36.1,0.761692491309113
36.11,0.933520855588363
36.12,1.85932067605482
36.13,9.14346602991809
36.14,2.54909363066197
36.15,1.02742284451578
36.16,6.75883784728242
36.17,9.37239663026032
36.18,5.50259585957028
36.19,3.31315749172838
36.2,3.07738565492673
36.21,8.93127651821017
36.22,11.3617682181191
36.23,3.60896780482138
36.24,5.79336003070256
36.25,4.21753207782411
36.26,9.91558914601711
36.27,9.78932318778041
36.28,15.0778794271134
36.29,8.43645562179458
36.3,13.3274578466053
36.31,5.21512623718397
36.32,11.0434603619299
36.33,6.75030799728514
36.34,4.39665667507439
36.35,3.39270638777521
36.36,4.19814857702326
36.37,1.47647108972954
36.38,1.90549855609071
36.39,11.8985039610451
36.4,2.55302908876321
36.41,5.36004722985133
36.42,0.342953884776945
36.43,2.93805389191784
36.44,-0.602229572021894
36.45,8.19078345913428
36.46,7.37695342469623
36.47,-0.502387261868825
36.48,-0.348981287142235
36.49,0.714359059883144
36.5,1.8021948943618
36.51,2.25624932544727
36.52,0.592527544762832
36.53,-0.257492191586709
36.54,-1.77329732973367
36.55,0.242910109371736
36.56,4.82592547135679
36.57,2.37517509060261
36.58,0.849267087181655
36.59,11.9668741406138
36.6,4.3591430716902
36.61,1.52321081508576
36.62,1.72407178434838
36.63,7.20691523315923
36.64,10.0092106778228
36.65,0.0497339651077289
36.66,-0.984244792861759
36.67,3.7951268107003
36.68,-0.900491492774671
36.69,5.84982865204598
36.7,1.90339069087773
36.71,1.94079347351877
36.72,2.57052886295827
36.73,4.60442436499632
36.74,3.4699366517471
36.75,1.87633289488075
36.76,-0.104574792887544
36.77,2.87505230893181
36.78,0.620023791899347
36.79,3.41039743642104
36.8,1.87673242451331
36.81,5.19680249236863
36.82,4.52229616065298
36.83,8.26158223916518
36.84,9.90373617510389
36.85,13.6624692828072
36.86,19.7574813893698
36.87,14.3059821183634
36.88,7.86475466258223
36.89,5.66155762143837
36.9,12.6846125390348
36.91,9.29698795204719
36.92,6.75553214283966
36.93,9.07446387888886
36.94,7.69378126297352
36.95,14.4416589985081
36.96,7.33195076404232
36.97,8.92711795972898
36.98,11.7872218239757
36.99,7.80330693365089
37,5.30672020596986
37.01,5.39655968781771
37.02,13.8645641932421
37.03,7.92310909684488
37.04,6.68337494290728
37.05,10.7558467783204
37.06,7.8204089946279
37.07,19.3862510053795
37.08,3.93826382650031
37.09,13.2695906503057
37.1,6.52723777293839
37.11,9.09547394259021
37.12,7.7208660240987
37.13,16.4995313040987
37.14,7.11540915442797
37.15,15.6377278975462
37.16,10.1562328328059
37.17,3.78874883866786
37.18,9.44637255829501
37.19,5.185998906162
37.2,12.7179992923821
37.21,4.49112197466469
37.22,13.8037065664686
37.23,10.8427564534885
37.24,2.77709833836173
37.25,10.736296304966
37.26,12.3366913304117
37.27,11.6900497269325
37.28,5.71328396898477
37.29,3.92808456008516
37.3,7.19310600481515
37.31,4.36775418695956
37.32,6.58285383047863
37.33,22.4951895957677
37.34,6.3521306356205
37.35,6.78205769462217
37.36,4.36273030887312
37.37,14.0239268887103
37.38,6.92562232500514
37.39,6.70690581936779
37.4,8.95744994622022
37.41,16.9699401546573
37.42,3.7151085698718
37.43,4.32327627666164
37.44,11.7858394706432
37.45,14.8326351075713
37.46,9.33124343357914
37.47,9.60225001515755
37.48,11.0261376058156
37.49,19.9392795085876
37.5,4.12782581188819
37.51,21.1011536593885
37.52,8.98519851088328
37.53,9.28409535047521
37.54,14.7746260130667
37.55,2.96513498124887
37.56,9.88371240001467
37.57,12.7872053838256
37.58,4.22776654841761
37.59,4.22338120289516
37.6,5.66436185873106
37.61,12.4678973481278
37.62,8.05381645753361
37.63,-0.354293407023888
37.64,-1.06181099625948
37.65,9.09868358865855
37.66,1.2821824935015
37.67,8.85588804973693
37.68,3.67638991945575
37.69,0.942098533555212
37.7,0.126794108542239
37.71,4.16668576150676
37.72,6.50784435111633
37.73,5.53009515295589
37.74,1.70732853375497
37.75,-4.27946800162585
37.76,-1.41499094147258
37.77,-9.39296690831667
37.78,-8.05053499638133
37.79,-3.51450231611071
37.8,-5.88707306540094
37.81,-8.43951891128846
37.82,-6.73658649589411
37.83,-4.74185468195178
37.84,-10.9367589487694
37.85,-9.62719271721723
37.86,-13.31344212055
37.87,-8.970535927179
37.88,-15.635103152794
37.89,-6.13754397348306
37.9,-13.3773589803209
37.91,-16.6745819620705
37.92,-10.6201432431276
37.93,-9.40786011279819
37.94,-17.4392724244678
37.95,-12.1634752833317
37.96,-14.9747550426733
37.97,-7.73590867016233
37.98,-11.141445370156
37.99,-10.6400913908634
38,-11.8219558261329
38.01,-10.7819604702687
38.02,-11.6221222200306
38.03,-24.1541375043599
38.04,-14.9532272203612
38.05,-16.4919489371182
38.06,-9.98594098108788
38.07,-8.55452655432671
38.08,-6.68859592204648
38.09,-12.1260881910875
38.1,-11.4579279999212
38.11,-4.90169051179586
38.12,-14.1207088178335
38.13,-5.51033130978367
38.14,-9.87306835410706
38.15,-24.1144963502988
38.16,-11.6687243951035
38.17,-9.95346502106251
38.18,-10.1371703907926
38.19,-11.3880306414259
38.2,-13.5472270235798
38.21,-9.56037697347618
38.22,-12.9165801898826
38.23,-8.25984486046531
38.24,-8.13628626045358
38.25,-15.4070910035426
38.26,-12.9689809136683
38.27,-14.194033283927
38.28,-9.53450948856857
38.29,-10.2983029265494
38.3,-10.4432834995013
38.31,-7.86157425469381
38.32,-14.1838016926432
38.33,-9.58781342924547
38.34,-6.55997851851009
38.35,-10.4804882758531
38.36,-8.96368307975687
38.37,-9.07980978294042
38.38,-9.95333506709285
38.39,-13.3876046935976
38.4,-12.9330314170028
38.41,-13.0196154809625
38.42,-13.1957958965118
38.43,-21.0288029736726
38.44,-13.1532555579086
38.45,-13.752009263409
38.46,-11.7680324899118
38.47,-13.487345800789
38.48,-17.6088980133508
38.49,-17.0306039764708
38.5,-11.7674458721778
38.51,-9.47600329305456
38.52,-11.0671906912391
38.53,-9.45932419781531
38.54,-13.0596669841701
38.55,-11.5396111600195
38.56,-6.27622616664732
38.57,-10.722877295153
38.58,-11.1289846470247
38.59,-13.8567984036923
38.6,-8.27630580427379
38.61,-4.89912257064251
38.62,-8.79063250362832
38.63,-7.92108807768312
38.64,-4.40747349567432
38.65,-8.15129207145371
38.66,-11.3971332599494
38.67,-9.04773869764801
38.68,-8.51927719430582
38.69,-13.7412481197458
38.7,-9.77743756952052
38.71,-13.439528473191
38.72,-10.1718175598788
38.73,-12.3026918254855
38.74,-8.6492065973845
38.75,-21.8957762698274
38.76,-9.86957138884622
38.77,-13.6034636685232
38.78,-11.0673657868972
38.79,-11.3694521441555
38.8,-11.3691284605042
38.81,-12.1772009236752
38.82,-7.89365779532061
38.83,-7.0184811508248
38.84,-8.94589600713731
38.85,-8.92543224178296
38.86,-8.46892146416957
38.87,-5.20800104610259
38.88,-6.63416539981173
38.89,-7.49835170718411
38.9,-9.29836682360764
38.91,-6.40878044823535
38.92,-5.95722863552515
38.93,-6.16667779255791
38.94,-7.12374913093558
38.95,-5.59197921149622
38.96,-7.43736938986388
38.97,-7.97798904857773
38.98,-8.40982532965371
38.99,-7.7968817997729
39,-6.55580098994856
39.01,-3.28624461183445
39.02,-5.15434211386866
39.03,-6.596121517023
39.04,-5.95294811087044
39.05,-6.21801054754352
39.06,-3.63555591686923
39.07,-1.92600746219832
39.08,-3.21771363371323
39.09,-4.30591646517247
39.1,-1.43644888153439
39.11,-2.11261415893004
39.12,-3.7452822743544
39.13,-4.03272672283524
39.14,-2.61848929308487
39.15,-3.1393807788107
39.16,1.47918742164689
39.17,-2.12943431126215
39.18,-0.280072345586345
39.19,-4.58834197745105
39.2,-4.01648411843179
39.21,-0.955479993423682
39.22,-2.31400647746515
39.23,-2.83749994370025
39.24,-3.1058225019722
39.25,3.12690000205617
39.26,-3.27728776007602
39.27,-3.18264410033633
39.28,-1.726531859094
39.29,-4.37871111106131
39.3,-0.853722805931795
39.31,0.75072891852185
39.32,-3.65314683249161
39.33,-3.80357650813041
39.34,-2.90860542596511
39.35,-2.45122577540479
39.36,-2.45605420492676
39.37,-2.03772744894806
39.38,-2.64303366357882
39.39,-1.92812285136076
39.4,0.724418545517312
39.41,-0.27690979146448
39.42,-0.165799313114583
39.43,-1.39204372121319
39.44,-1.54868948453927
39.45,-3.0089854706368
39.46,-1.26484633171758
39.47,-1.45312450940461
39.48,-2.0258066140751
39.49,-4.57556592386768
39.5,-0.763923985404219
39.51,-5.22973524541163
39.52,-0.797665966619381
39.53,2.51553604713429
39.54,-2.57071373603555
39.55,-6.32887720202112
39.56,-1.77729975077486
39.57,-2.11295701576018
39.58,-1.4344128739876
39.59,-2.9860078602432
39.6,-2.24186543125009
39.61,-1.1081374441027
39.62,-4.36414886775382
39.63,-3.43977793731182
39.64,-0.155132077799238
39.65,-0.129842789789028
39.66,-1.23042355908612
39.67,0.245247437521936
39.68,-3.02569174193651
39.69,1.10469617983577
39.7,-0.94504966787229
39.71,-2.02849403379553
39.72,-3.78585657320215
39.73,1.18674559409339
39.74,1.76418222246853
39.75,-1.13280507039609
39.76,-2.67366388653123
39.77,-3.33200096359135
39.78,-1.17974602475187
39.79,-2.35782268131681
39.8,-4.15071675685318
39.81,-2.8600533553201
39.82,-3.29034735318929
39.83,-3.77477086902394
39.84,-2.74377828589006
39.85,-5.10140564799861
39.86,-2.22717577376973
39.87,-2.09653408453476
39.88,-1.91269175835541
39.89,-1.27327347216562
39.9,-1.54114261301594
39.91,-4.21347163271124
39.92,-2.06977502763375
39.93,-4.30424467805726
39.94,-0.395938448126047
39.95,-1.44356548730493
39.96,-1.61015756088361
39.97,-3.50777705041926
39.98,-2.28434816808168
39.99,-2.65512755566731
40,-1.15018637707812
40.01,-5.47673662500524
40.02,-2.75872417308852
40.03,-3.09680804086305
40.04,-3.60021993024806
40.05,-4.21162386004789
40.06,-4.24210640802737
40.07,-4.80574600209887
40.08,-3.97469766142085
40.09,-7.08794988967841
40.1,-4.21909477720744
40.11,-0.936554339119604
40.12,-2.13556918726234
40.13,-3.15077013579658
40.14,-4.03485586070514
40.15,-2.93403373401284
40.16,-2.07783749008021
40.17,-1.164988700216
40.18,-3.03236918322116
40.19,-4.72378966276283
40.2,-4.8442992387393
40.21,-1.56449746709502
40.22,-2.15971806233057
40.23,-6.13927190465489
40.24,-5.25262831914914
40.25,-3.8104249716926
40.26,-2.58001687614938
40.27,-4.44955038192241
40.28,-0.586754878420635
40.29,-2.83166368710909
40.3,-3.77504844300644
40.31,-3.30697314893166
40.32,-0.162764090057221
40.33,0.0864417101827906
40.34,-3.40691868479483
40.35,-2.17273665813713
40.36,-4.5857512895792
40.37,-2.18625128706426
40.38,-4.04468780960827
40.39,-4.74029424999589
40.4,-3.35594249559102
40.41,-4.3591227919227
40.42,-3.5058079283381
40.43,-3.62437448819543
40.44,-3.05503188790361
40.45,-5.45452781739934
40.46,-1.92720346876154
40.47,-2.95723112127258
40.48,-4.64510268417871
40.49,-6.1996540082244
40.5,-4.95333259237413
40.51,-3.97812107858646
40.52,-4.34202473736327
40.53,-2.50218591054272
40.54,-6.49601332423485
40.55,-7.4851593294894
40.56,-7.11297659294625
40.57,-4.09706149456288
40.58,-2.87822424648978
40.59,-4.37523680320428
40.6,-3.21990014273621
40.61,-6.01361618603413
40.62,-6.84313846767576
40.63,-6.15769967052908
40.64,-3.8399691653045
40.65,-3.19083926623494
40.66,-5.80914934365391
40.67,-6.56179007637847
40.68,-5.28482127413109
40.69,-5.47047544582871
40.7,-2.06118896676963
40.71,-6.25329145165234
40.72,-4.547975670791
40.73,-4.09209189734149
40.74,-4.76630028696397
40.75,-6.59795252406643
40.76,-4.95341827623187
40.77,-4.5840239216945
40.78,-6.16478996620351
40.79,-5.52509144748114
40.8,-4.03681371918237
40.81,-5.33730843690188
40.82,-2.43399901416045
40.83,-2.49956181409869
40.84,-4.78992828373851
40.85,-6.88213434489014
40.86,-3.52895782109965
40.87,-2.03746429553922
40.88,-5.4998809322811
40.89,-5.88984682954327
40.9,-2.29009193189767
40.91,-3.22794741366135
40.92,-4.96750754401203
40.93,-7.27651542639618
40.94,-5.88510981998416
40.95,-6.69124113538386
40.96,-1.4416539501394
40.97,-4.6944099147254
40.98,-3.22514030598897
40.99,-6.09718830362318
41,-5.61291876133645
41.01,-3.62832220689028
41.02,-4.75175985970563
41.03,-5.47032933373007
41.04,-5.58720009023363
41.05,-4.3282631690016
41.06,-4.00533760032906
41.07,-6.3202598780372
41.08,-5.77421367072179
41.09,-4.35332542860781
41.1,0.612109817736506
41.11,-0.464965238901633
41.12,-3.26090271590406
41.13,-3.51628322364476
41.14,-5.80441793900973
41.15,-3.80681182350916
41.16,-4.57444213650786
41.17,-4.94079576103634
41.18,0.545689808038395
41.19,-1.01893706840872
41.2,-5.20182282103369
41.21,-3.02325164557591
41.22,-5.39406851604723
41.23,-3.58053892039442
41.24,0.238101240645147
41.25,-1.5211678219236
41.26,-6.60972227126648
41.27,-5.69248726619994
41.28,-0.797138125822605
41.29,-4.36822225860844
41.3,-2.54625014744558
41.31,-4.67923056002267
41.32,-0.932124208209601
41.33,-3.29394264419764
41.34,-2.90933410943755
41.35,-3.22158800454703
41.36,-2.91033412920266
41.37,-6.49896797970864
41.38,-3.05099296776938
41.39,-2.29434860769704
41.4,-3.99398591003476
41.41,1.00444011493764
41.42,-1.44078495815792
41.43,-6.21303746851761
41.44,-1.1561708822321
41.45,-5.00776460638745
41.46,-2.05522523673815
41.47,-1.84036455664128
41.48,-3.49298601081417
41.49,-1.66574719029482
41.5,-3.65999472415194
41.51,-4.37906128202671
41.52,-4.66293911744449
41.53,-3.37241344449671
41.54,-3.71082263901908
41.55,-1.18997053506801
41.56,-0.929750248265127
41.57,-2.62046991999205
41.58,-1.73934610298036
41.59,-2.72788937589919
41.6,-0.471042753457298
41.61,-5.56220902860255
41.62,-3.47222444545142
41.63,-3.18097411821483
41.64,-5.04076126583452
41.65,0.0515488377708858
41.66,-3.91122890941957
41.67,-2.96642739523183
41.68,-5.85201762059362
41.69,-0.94764982351482
41.7,-2.97464965446812
41.71,-1.83747921963107
41.72,-1.00498539684977
41.73,-4.2021287944894
41.74,-1.4063398553416
41.75,-2.13238252314157
41.76,-3.43446974014521
41.77,-0.562598885726035
41.78,-2.35732087598054
41.79,-2.77624467729518
41.8,-4.5525091765511
41.81,-4.4572855579697
41.82,-3.1923759299288
41.83,-4.30367097956026
41.84,-3.37186195795281
41.85,-0.734449225169826
41.86,-2.68996181522932
41.87,-0.657083684911283
41.88,3.39437774866034
41.89,-3.2294290655069
41.9,0.239834782436252
41.91,-1.36506532644783
41.92,-2.20460701245428
41.93,-2.90889531551342
41.94,1.15535659315866
41.95,0.283922199949248
41.96,-1.41867399828655
41.97,-1.6256621086313
41.98,-2.53254019979092
41.99,1.6997868457938
42,0.134749119348016
42.01,-2.66494157751224
42.02,0.163678415093377
42.03,-0.496318265950573
42.04,-0.268791894977816
42.05,-1.65640859982655
42.06,1.83279231143572
42.07,3.37283541076759
42.08,1.75976551575856
42.09,0.477443705857433
42.1,-0.67502069929478
42.11,-0.316950024328138
42.12,-0.0743517743572967
42.13,3.92100539689479
42.14,-0.724457114888623
42.15,-2.2772166682768
42.16,1.95386450056119
42.17,-2.49704708731847
42.18,-1.40228237791117
42.19,2.79780570022946
42.2,-2.42655002021027
42.21,1.61206169345099
42.22,4.2222559554678
42.23,-0.960813129174506
42.24,1.7920388158546
42.25,-0.513760521877694
42.26,-1.21143834277465
42.27,-0.816806779435428
42.28,1.55126492264971
42.29,0.572630797360046
42.3,1.09070913423255
42.31,4.18640509444706
42.32,0.689655452394037
42.33,2.31238891671229
42.34,3.85376505459802
42.35,-0.884625559584873
42.36,4.69775309816592
42.37,-2.20826391477318
42.38,0.236622122681098
42.39,5.198304358681
42.4,1.41270288244587
42.41,0.535232913658074
42.42,0.220481030367858
42.43,-1.10607392862966
42.44,1.58265222980124
42.45,1.48642221038744
42.46,-0.700061292353199
42.47,-0.208268333881075
42.48,-2.06751393387202
42.49,-0.374868356931059
42.5,-0.117457724429517
42.51,2.26624411403517
42.52,-3.38084046842523
42.53,0.211830752029952
42.54,2.3917536740955
42.55,-2.50776012467546
42.56,0.614333177892137
42.57,-4.06262546845429
42.58,-2.41123406550955
42.59,1.75401829386253
42.6,-2.91932130554141
42.61,0.396747343537427
42.62,-3.14191666604779
42.63,-0.0750202571927011
42.64,-0.17496110460762
42.65,-0.490767082041374
42.66,-1.63905285290822
42.67,0.679451064482148
42.68,0.00695489450528059
42.69,-0.936284528809724
42.7,-3.74433172960135
42.71,0.952807902714801
42.72,2.11517588590116
42.73,-1.66672577179025
42.74,-1.41442240216087
42.75,0.959301111459066
42.76,0.727822622099049
42.77,1.02947501936647
42.78,-1.30497916364351
42.79,-0.891610388451979
42.8,2.19876596758056
42.81,-1.13191146590942
42.82,3.01149587322372
42.83,-0.314418957158812
42.84,3.18047841029191
42.85,2.34171315917236
42.86,2.33375606534911
42.87,-1.55986750253824
42.88,-1.03698283409238
42.89,2.35401706327679
42.9,-0.297411758855532
42.91,-3.01664556769242
42.92,0.754399226402242
42.93,-4.65346334479784
42.94,-3.45349782466022
42.95,0.196284407028391
42.96,-5.00799775370378
42.97,-1.19243050730178
42.98,-5.55778393084625
42.99,-4.73304768364424
43,-4.1942682173915
43.01,-5.04771222601041
43.02,-8.30047901455827
43.03,-6.43479487489887
43.04,-2.74590911441206
43.05,-4.95583658251601
43.06,-6.96354441385281
43.07,-5.25037124885982
43.08,-9.50270430167339
43.09,-10.2911661402252
43.1,-6.6330427688867
43.11,-6.33409214972576
43.12,-6.75980220736255
43.13,-5.43170547538192
43.14,-3.53897640198933
43.15,-9.14544494256126
43.16,-10.177942206229
43.17,-8.87682347675262
43.18,-8.34192279555377
43.19,-9.45330736457512
43.2,-7.90186518947362
43.21,-9.36800229041426
43.22,-10.5972217825872
43.23,-2.85059416137662
43.24,-3.26575521187353
43.25,-3.24879434141333
43.26,-7.14123757739403
43.27,-7.98062598374545
43.28,-10.0852768595979
43.29,-9.84208588665962
43.3,-5.51614663398748
43.31,-6.66050529315418
43.32,-7.25651530118682
43.33,-8.64534558839828
43.34,-3.98468157788732
43.35,-7.46087238096789
43.36,-11.0564358821935
43.37,-4.13376935231576
43.38,-9.59861785929992
43.39,-3.71667567919209
43.4,-7.23440711723629
43.41,-7.83024930845041
43.42,-7.14430366749264
43.43,-9.03313557897874
43.44,-5.4872529932885
43.45,-10.0691693309559
43.46,-4.78852863276857
43.47,-11.1535680991547
43.48,-6.04622693805884
43.49,-7.35728381272762
43.5,-9.0972829509736
43.51,-6.25147050316259
43.52,-4.84466818130921
43.53,-6.78127305734806
43.54,-7.86743583619308
43.55,-4.9677868468648
43.56,-7.57204186990027
43.57,-9.59316861060415
43.58,-7.89785802193908
43.59,-5.62048076497536
43.6,-3.71278461626669
43.61,-6.15167507395341
43.62,-9.18013223939074
43.63,-8.67450454151849
43.64,-8.99592354921432
43.65,-9.53968694602101
43.66,-8.51492316466349
43.67,-6.58562581395416
43.68,-5.94371445981458
43.69,-7.59930677846369
43.7,-5.17228090789158
43.71,-3.68956752382273
43.72,-9.25568441238529
43.73,-4.86128167476922
43.74,-7.5376339854945
43.75,-9.4962327752633
43.76,-8.95049832028608
43.77,-9.022576151035
43.78,-2.05239490661649
43.79,-3.91955409110432
43.8,-6.30009237487046
43.81,-9.46286989561618
43.82,-5.69135284571914
43.83,-8.6081158637537
43.84,-8.8889781381786
43.85,-5.09057726888929
43.86,-2.96855257568284
43.87,-9.10038525246691
43.88,-8.13565002119906
43.89,-4.7467566681376
43.9,-10.4683174886034
43.91,-2.54209942824869
43.92,-5.4656773600616
43.93,-3.34675011355498
43.94,-7.09046361448497
43.95,-4.16350707231439
43.96,-8.66632533077894
43.97,-3.27652896609872
43.98,-8.49199130098032
43.99,-7.02387633524603
44,-9.18208238553447
44.01,-6.55360222424165
44.02,-5.978026755511
44.03,-10.6529399652019
44.04,-6.65146273435928
44.05,-4.28798826611057
44.06,-9.92860714775297
44.07,-6.68836604517073
44.08,-8.34696626458712
44.09,-3.03433697653904
44.1,-8.48182041866058
44.11,-7.59237211013176
44.12,-7.95911716492479
44.13,-6.14293761045501
44.14,-2.96972328943457
44.15,-2.58844086903309
44.16,-4.78784009905396
44.17,-3.46201214288849
44.18,-9.31134023550102
44.19,-9.6021706645166
44.2,-6.52152983793886
44.21,-7.40651589793807
44.22,-8.99772540752932
44.23,-6.23959278616984
44.24,-7.39843438896046
44.25,-6.57886448222218
44.26,-4.03975647863868
44.27,-3.9193444073332
44.28,-1.89235167935006
44.29,-2.88035382528231
44.3,-7.09078848184624
44.31,-4.83475063165669
44.32,-8.49662158049847
44.33,-6.78939753007213
44.34,-2.80385524305679
44.35,-6.61942275182471
44.36,-8.65755352135726
44.37,-9.93609454725787
44.38,-2.12722737513997
44.39,-5.24697716966768
44.4,-8.00701853097997
44.41,-4.01713542169899
44.42,-2.95900357192749
44.43,-7.88484434900703
44.44,-4.14649804907406
44.45,-6.94551235837715
44.46,-7.74160803236565
44.47,-2.08002787981656
44.48,-7.31031869219047
44.49,-2.30078424391177
44.5,-5.81659927528256
44.51,-5.2574097758174
44.52,-3.81734535774004
44.53,-2.5125177504503
44.54,-3.3073110437378
44.55,-3.639948688693
44.56,-7.82306524064366
44.57,-2.08810983083486
44.58,-8.19929702684191
44.59,-5.01328082328607
44.6,-4.94616101254413
44.61,-5.56137435179862
44.62,-2.27084204839631
44.63,-10.0607243478726
44.64,-2.76217960683745
44.65,-4.89079814623875
44.66,-2.41792242677439
44.67,-2.44452522082223
44.68,-3.61815046711426
44.69,-7.83693799975239
44.7,-3.7892131491157
44.71,-0.952419577822311
44.72,-3.87556196069307
44.73,-7.21326163929625
44.74,-7.73313186573231
44.75,-2.39658566837608
44.76,-2.29514067965051
44.77,-1.65446930963464
44.78,-4.0395295995251
44.79,-7.07436154820745
44.8,-10.9149413505301
44.81,-7.22752490577579
44.82,-2.1160545426119
44.83,-5.44351989853922
44.84,-2.8386062213844
44.85,-4.18587859766012
44.86,-4.11261717625159
44.87,-3.07894476737049
44.88,-10.7906782123769
44.89,-8.26822653176102
44.9,-8.11829838823199
44.91,-8.04015146112035
44.92,-9.50274186315958
44.93,-3.65967401688845
44.94,-3.9855190078287
44.95,-1.66221997895149
44.96,-5.29118913848263
44.97,-3.23724848774221
44.98,-9.47100204892638
44.99,-8.55867583458542
45,-4.02917799969392
45.01,-4.73773203139505
45.02,-6.83523458132315
45.03,-5.64302676897852
45.04,-2.77483155778312
45.05,-6.14680350161651
45.06,-8.00452394541717
45.07,-2.19837042954301
45.08,-9.48329984373484
45.09,-3.19196728389091
45.1,-5.60737766937023
45.11,-7.4499587416819
45.12,-5.68574498444547
45.13,-13.3525364552236
45.14,-0.534536978260104
45.15,-1.68856677261919
45.16,-4.14940126962741
45.17,-7.16036965486573
45.18,-0.0959328960960197
45.19,-7.28694188652093
45.2,-0.0697137740073291
45.21,-9.37532519189964
45.22,-0.0680366882996027
45.23,-6.6032540222479
45.24,-2.05731737697896
45.25,-2.64615262817634
45.26,-6.53830707260308
45.27,0.273690370817016
45.28,-2.97604819126201
45.29,-5.52374655526071
45.3,-4.69609954283399
45.31,-2.14215988426305
45.32,-7.86048215481149
45.33,1.58778120287691
45.34,-4.46877027133413
45.35,-8.47657367563186
45.36,-2.36588479173577
45.37,-0.515459698781952
45.38,-1.65764732065842
45.39,-6.19903254286371
45.4,-3.88072732184776
45.41,1.57988774079639
45.42,-2.66405792483861
45.43,-8.33247979374463
45.44,-5.62578412188828
45.45,-4.86801065551518
45.46,1.0929481752972
45.47,-0.0556598100269671
45.48,0.09460690632254
45.49,-2.94081961263793
45.5,-5.19215133141517
45.51,-2.47807327233014
45.52,1.54668642898568
45.53,2.29978839327048
45.54,-1.82548714464066
45.55,-2.99869336037851
45.56,-8.40417790344615
45.57,2.18564629671862
45.58,-1.37983267868734
45.59,4.36790001225719
45.6,-0.478571596500549
45.61,0.909504202828188
45.62,0.0970545003469898
45.63,-0.993319447843757
45.64,-3.99334399756355
45.65,-2.75794591706018
45.66,0.470438354559167
45.67,3.86936716833354
45.68,2.04499203315351
45.69,0.111179011425018
45.7,-2.964038030993
45.71,-2.09043158145275
45.72,-0.993870821510999
45.73,-2.6976481409365
45.74,-3.58707932980486
45.75,-2.67149656871929
45.76,-5.94808596779265
45.77,-0.474988201834698
45.78,-3.56182385945965
45.79,1.78205989576674
45.8,-1.50472091153787
45.81,1.32533167916182
45.82,-0.208541280824355
45.83,1.53033786484864
45.84,-0.156999543423211
45.85,2.05502257595168
45.86,1.44839906963506
45.87,1.39556051350275
45.88,0.840628222890119
45.89,2.23956591325284
45.9,2.8697350529854
45.91,1.08620552046594
45.92,1.21805962076405
45.93,1.02391509024187
45.94,-2.38034593359562
45.95,1.53369619631578
45.96,-1.29200905751061
45.97,-1.22719427424844
45.98,-1.45293983254132
45.99,-1.68200053470053
46,-6.94036427388095
46.01,-4.91649149994224
46.02,-3.32081966086671
46.03,-4.84609597273538
46.04,-3.00046817823256
46.05,0.205463049961229
46.06,-2.14013211498949
46.07,-3.37549001176602
46.08,-3.47741843143208
46.09,-4.85841087917165
46.1,-2.56623037873742
46.11,-0.592862713203167
46.12,-0.845015294742087
46.13,-3.53589063079232
46.14,-2.58349709822445
46.15,-3.17389767919875
46.16,0.297715439640685
46.17,-1.52121707462869
46.18,-3.22742836604305
46.19,-2.19553850051655
46.2,0.738960696606084
46.21,1.37319283159331
46.22,0.278146513019249
46.23,-2.7779796361384
46.24,-1.45481165075563
46.25,6.14986142253582
46.26,5.33345455176199
46.27,1.61425135623251
46.28,0.910967413467733
46.29,4.47733827001982
46.3,4.41044190174393
46.31,2.30276138901828
46.32,-0.0363696504693806
46.33,1.35586885980102
46.34,1.1748926898861
46.35,5.08999432557272
46.36,4.29003789801299
46.37,1.07554842214626
46.38,1.75673581794203
46.39,-0.0777439544680036
46.4,1.18976913866722
46.41,5.1906063553634
46.42,0.8405451364305
46.43,7.4628644747778
46.44,5.56198075115933
46.45,5.54458491629965
46.46,4.77403922644991
46.47,3.61655481413364
46.48,2.49180132112158
46.49,4.25248289759832
46.5,1.51450544377025
46.51,1.24557813020324
46.52,1.16818731953102
46.53,0.926856209662725
46.54,4.31014531958935
46.55,1.30620977922014
46.56,2.71997388943621
46.57,7.63909996402584
46.58,11.551251618671
46.59,13.3998432454263
46.6,8.43606307770321
46.61,4.65317248393091
46.62,8.5798261979982
46.63,9.42687845278131
46.64,17.1309478125675
46.65,6.20121466758917
46.66,9.55057327901575
46.67,16.8402245915937
46.68,8.61323218714362
46.69,16.1779685747282
46.7,8.01796117004496
46.71,14.5463856334702
46.72,9.23403060675144
46.73,16.9901011572566
46.74,6.38523387197642
46.75,17.5949993601256
46.76,11.1328045315123
46.77,8.6029206171626
46.78,7.16178274001494
46.79,10.8677305509317
46.8,18.6715883507527
46.81,14.295859916289
46.82,12.61335651612
46.83,11.3150935504174
46.84,13.9609509418806
46.85,9.36538189201987
46.86,13.4804989378695
46.87,12.5072695767972
46.88,17.2535669971088
46.89,11.4567830745425
46.9,7.17909542983391
46.91,12.2764965020931
46.92,16.2084663525538
46.93,7.95495089701221
46.94,8.4996569514992
46.95,13.4349037079745
46.96,7.13955774678185
46.97,16.9786688401452
46.98,6.48896543622922
46.99,15.1207577351691
47,7.97355927661368
47.01,14.103625518441
47.02,12.7176424028375
47.03,10.5716358625881
47.04,11.5616337073104
47.05,17.5114619520707
47.06,13.4472373102289
47.07,9.98513478776147
47.08,9.68655830219528
47.09,9.06119748467807
47.1,12.1069815483995
47.11,13.3135507618295
47.12,13.9416721492333
47.13,11.9807482900574
47.14,14.6473691909714
47.15,18.9658135357524
47.16,13.542285321648
47.17,13.9564550140333
47.18,19.5178956779375
47.19,13.4050273636457
47.2,15.5210434151227
47.21,19.32435582576
47.22,18.2987423815961
47.23,11.804922385782
47.24,15.0526143994402
47.25,12.2149365023725
47.26,10.595183146003
47.27,20.3187089156158
47.28,18.3424851755374
47.29,17.1880105170616
47.3,17.493519465893
47.31,15.7740538199879
47.32,13.8945090742359
47.33,16.9362651080471
47.34,14.2352754898244
47.35,19.4903631124086
47.36,20.7977192912044
47.37,14.6983545847068
47.38,14.6470315052227
47.39,16.7760903033426
47.4,13.1389619753727
47.41,16.0826084606193
47.42,12.9311399478212
47.43,18.5928401380797
47.44,12.3390656044565
47.45,18.884947966592
47.46,16.5454144750302
47.47,10.4216128422749
47.48,15.0586447201982
47.49,18.3393089522779
47.5,14.2173030395801
47.51,12.789818501558
47.52,18.5359920463648
47.53,16.3334794468946
47.54,13.6916262694416
47.55,14.3962373959721
47.56,14.3413617031236
47.57,17.4313003214552
47.58,19.430863347767
47.59,27.3551241653985
47.6,15.6794133245763
47.61,19.0031656626158
47.62,16.0961149644749
47.63,18.714672204996
47.64,20.387761589673
47.65,16.3691949889043
47.66,15.9757703944958
47.67,16.4465636656216
47.68,16.7988175615435
47.69,16.7243708932821
47.7,19.1692566324224
47.71,13.6354823647599
47.72,18.8102512877341
47.73,17.7783500050302
47.74,15.8000775234187
47.75,14.2248527654057
47.76,16.9018226680082
47.77,17.6488413020405
47.78,17.988552888823
47.79,16.5710779851932
47.8,19.0291551252584
47.81,16.8438221651092
47.82,19.1897441101013
47.83,16.985415294757
47.84,17.9769675901377
47.85,16.5604310060213
47.86,19.2195094770721
47.87,20.6570855055416
47.88,26.9711621311959
47.89,15.2771345381668
47.9,17.3427587804527
47.91,15.4219048553997
47.92,14.3905798741084
47.93,16.6607829315165
47.94,20.431046909833
47.95,24.3677890223716
47.96,17.770651348856
47.97,20.1401652220331
47.98,19.5181202268963
47.99,20.6980138848469
48,15.3855706238798
48.01,15.0941240195395
48.02,15.9959397038446
48.03,36.9575168478635
48.04,21.8094476073415
48.05,23.7640589131189
48.06,16.4226158778053
48.07,23.3728538402488
48.08,20.0121672672549
48.09,15.2512483859506
48.1,10.4423424333373
48.11,20.5510434446343
48.12,13.1593274789376
48.13,17.3487823250301
48.14,12.4346153263456
48.15,22.2062832365396
48.16,20.5820116762008
48.17,21.9245331207052
48.18,16.4009801661192
48.19,11.3507154150931
48.2,14.068562105012
48.21,21.9607689573027
48.22,19.788647649798
48.23,13.250333790215
48.24,23.4512006666994
48.25,16.6598237510948
48.26,16.2646708686315
48.27,28.079864394838
48.28,21.3522728714283
48.29,20.4604275949426
48.3,24.9220792522122
48.31,17.6820653376238
48.32,15.1942390847715
48.33,26.6287531601083
48.34,16.5228475050539
48.35,17.6161390195288
48.36,18.5748730429815
48.37,34.4983183171949
48.38,28.1139564659475
48.39,28.3241795220066
48.4,26.9861876120603
48.41,38.3261576252994
48.42,16.4725455889698
48.43,15.7441108851776
48.44,33.0656358062038
48.45,21.3978576692273
48.46,23.0626883200584
48.47,42.4903039098288
48.48,23.3492620923667
48.49,23.5647543979042
48.5,16.4724503131143
48.51,19.2534377836943
48.52,17.0267882110281
48.53,20.6577469067933
48.54,12.7047701526706
48.55,7.28858345713909
48.56,-2.39976751231268
48.57,-7.28771981588817
48.58,-8.53990904168467
48.59,-12.7869708215027
48.6,-15.9233052037424
48.61,-15.7962251949535
48.62,-9.38039921357073
48.63,-11.8050246942891
48.64,-9.38639285433855
48.65,-7.29574101929254
48.66,-11.1317873331889
48.67,-10.4634239792498
48.68,-8.62498550542906
48.69,-9.46777510259149
48.7,-11.976790443584
48.71,-5.46173313503351
48.72,-12.2862059523818
48.73,-12.883480432188
48.74,-10.991452659779
48.75,-11.5922444596514
48.76,-12.8595718823073
48.77,-13.6409191014936
48.78,-3.94132538520307
48.79,-11.696904152883
48.8,-7.4372738184422
48.81,-11.297813324433
48.82,-11.6368963795335
48.83,-5.52612504865868
48.84,-8.75066608905961
48.85,-14.1983557322164
48.86,-5.82835063991354
48.87,-6.46522399515011
48.88,-11.4041950237093
48.89,-8.4316362672084
48.9,-9.18270370456124
48.91,-13.4287017802979
48.92,-10.0375876950961
48.93,-12.9047193931892
48.94,-6.75325551573346
48.95,-11.5806587883672
48.96,-12.2460959346952
48.97,-12.175084750968
48.98,-14.392908727809
48.99,-9.63073211969062
49,-13.3183488692581
49.01,-9.64862103072435
49.02,-10.9594590972883
49.03,-9.4740323485635
49.04,-13.842519378713
49.05,-11.04291261939
49.06,-13.0882367363488
49.07,-5.30403545791661
49.08,-2.40442407973772
49.09,-15.1991750846859
49.1,-11.9076396477849
49.11,-10.7114583880269
49.12,-8.57247714791711
49.13,-12.6647110494906
49.14,-7.37283426171482
49.15,-13.7589374472387
49.16,-11.6872592324766
49.17,-12.5816841737926
49.18,-12.3736595315633
49.19,-7.84108451110915
49.2,-8.69284578690489
49.21,-13.8662439377192
49.22,-11.5117003337896
49.23,-8.76124996710931
49.24,-11.1900690350414
49.25,-2.07451114888655
49.26,-8.8333905285593
49.27,-6.8082904172761
49.28,-10.2833573525661
49.29,-12.1201697066912
49.3,-7.45444632897304
49.31,-8.77024728594922
49.32,-10.3454750583135
49.33,-9.95149772233468
49.34,-9.89492284463172
49.35,-5.94621881382433
49.36,-10.4574004363143
49.37,-10.9650687833705
49.38,-12.701410600797
49.39,-11.8227277998844
49.4,-10.9786352947182
49.41,-8.89032134481099
49.42,-8.8709313257815
49.43,-10.6032508224867
49.44,-13.0417032887576
49.45,-14.3885329394059
49.46,-11.2969399973938
49.47,-8.52122574376876
49.48,-13.4485713399623
49.49,-8.84729923805981
49.5,-11.6035076239268
49.51,-10.0976655212903
49.52,-7.78063366756749
49.53,-9.70123800887249
49.54,-9.90853183792935
49.55,-8.19579338359677
49.56,-8.3499227538674
49.57,-11.3226821871183
49.58,-9.86513291236214
49.59,-12.4608876107902
49.6,-8.30047193073841
49.61,-8.03065241539591
49.62,-8.66470602467919
49.63,-10.7395791772498
49.64,-8.22617278774003
49.65,-10.7524477626074
49.66,-6.60118490450114
49.67,-10.4485861929057
49.68,-7.34615994304285
49.69,-7.6392981851555
49.7,-9.25536829460498
49.71,-5.78542109968657
49.72,-7.41634747937657
49.73,-7.41425369843791
49.74,-11.9991845306063
49.75,-8.41082563456577
49.76,-5.96081268165056
49.77,-10.4830940722204
49.78,-12.6599351512415
49.79,-7.94422050157255
49.8,-11.6633343653274
49.81,-9.53117639958757
49.82,-3.42400902591481
49.83,-10.1847298510596
49.84,-8.3463616601783
49.85,-9.77624131195398
49.86,-10.5305767003529
49.87,-6.61984751799412
49.88,-8.69894194169048
49.89,-7.56087239733609
49.9,-7.30597737300648
49.91,-4.99324599871684
49.92,-6.169796273392
49.93,-9.39155347474058
49.94,-10.66809704135
49.95,-11.2889232103753
49.96,-9.43622212599231
49.97,-5.16961965725211
49.98,-9.16961587803419
49.99,-7.09274647154766
50,-10.0108965829349
50.01,-11.0291020991863
50.02,-7.4329880658008
50.03,-7.24426468773171
50.04,-8.89775424530085
50.05,-11.3780575942069
50.06,-5.59595307565184
50.07,-9.12350245326227
50.08,-9.68312834360867
50.09,-7.47487400245478
50.1,-12.2267259250089
50.11,-9.67197335712592
50.12,-5.69724096629115
50.13,-7.92417772322464
50.14,-5.73357402560197
50.15,-6.38610037704608
50.16,-8.5208585084159
50.17,-3.80676337604813
50.18,-5.87821616531527
50.19,-6.19016960135215
50.2,-5.73913503315105
50.21,-7.80835573571969
50.22,-8.85417592166015
50.23,-8.89407967662351
50.24,-7.65114994831904
50.25,-6.48261522583404
50.26,-6.12261433651012
50.27,-10.3188769962993
50.28,-7.86147800882056
50.29,-3.92688013046968
50.3,-10.1613881876274
50.31,-7.88166511455151
50.32,-3.93847720589287
50.33,-5.77261382440299
50.34,-8.42365371918582
50.35,-8.0753957992216
50.36,-9.1337441215637
50.37,-4.33698643886569
50.38,-8.07749142092979
50.39,-4.44022499656073
50.4,-7.38789300520074
50.41,-8.49527292336383
50.42,-11.794291844983
50.43,-8.08466537531496
50.44,-7.22290878806449
50.45,-7.66132838272675
50.46,-6.42240627407954
50.47,-4.25433851577033
50.48,-9.55571920320302
50.49,-6.81639821746633
50.5,-3.99415013605013
50.51,-9.82398208878093
50.52,-9.34200120883452
50.53,-6.64323132216328
50.54,-4.91462570075601
50.55,-5.18195551172146
50.56,-8.17476925052224
50.57,-9.77652364667857
50.58,-7.30145631686431
50.59,-9.80890351343892
50.6,-6.21106225641931
50.61,-6.45015513420441
50.62,-10.2755861417259
50.63,-10.6444838084697
50.64,-8.85654598106668
50.65,-8.70415852655443
50.66,-11.3940312525088
50.67,-7.81026391157044
50.68,-7.14105715727737
50.69,-4.46997895698179
50.7,-6.6599472344474
50.71,-7.00663000874855
50.72,-7.45114669161362
50.73,-6.33976697739786
50.74,-7.10119832525825
50.75,-3.25603685040362
50.76,-4.99964464703526
50.77,-5.07702637599388
50.78,-7.5652289268909
50.79,-2.03477472934291
50.8,-2.49456012575426
50.81,-4.56701877030787
50.82,-1.43605286200735
50.83,-3.1700573067306
50.84,-3.31336122836607
50.85,-2.87878240331036
50.86,-1.07055815418898
50.87,-4.77266324946605
50.88,0.311979097229255
50.89,-5.44912523263739
50.9,-1.44379992763296
50.91,-2.20394206207612
50.92,-3.86574016901762
50.93,-1.11984236367259
50.94,-2.92705215774081
50.95,-2.2505578865883
50.96,-2.66993708519817
50.97,-0.513834654692574
50.98,-2.81361366649534
50.99,-4.60935747472836
51,-2.57884744280252
51.01,0.563405844383543
51.02,-3.6153994546963
51.03,-4.29653818847779
51.04,-4.26999963781823
51.05,0.028580923122944
51.06,-5.97194354941538
51.07,-1.61446303157311
51.08,-4.35169080174164
51.09,-6.19572813848789
51.1,-4.73145589345731
51.11,-6.48831352410658
51.12,-2.36064659329294
51.13,-4.10809641806205
51.14,-5.05941455411936
51.15,-2.3019317175773
51.16,-10.1376834305708
51.17,-5.85684956013867
51.18,-3.95031929012065
51.19,-9.50737307015777
51.2,-8.06420508170732
51.21,-8.66055288574592
51.22,-6.64779562410175
51.23,-4.44137126751644
51.24,-10.4234533166437
51.25,-8.67350921248384
51.26,-7.0003547154372
51.27,-9.35860389650556
51.28,-5.08763523464158
51.29,-5.8161227276125
51.3,-2.56473201694266
51.31,-6.01366832445173
51.32,-1.99062898479149
51.33,-6.29559891623606
51.34,-3.30103249169771
51.35,-3.43739736032641
51.36,-6.83138434946354
51.37,-4.48836471931435
51.38,-6.24512781343923
51.39,-5.70326998424645
51.4,-5.58714123721914
51.41,-5.68021950309534
51.42,-1.23135682541021
51.43,1.91410026076138
51.44,1.08388356186015
51.45,-4.14157984986949
51.46,-3.73180623759559
51.47,-2.20857745069679
51.48,0.0206849266831474
51.49,3.68015433175147
51.5,2.33777091588051
51.51,1.34289478648246
51.52,-2.24330790800234
51.53,1.20888430565238
51.54,1.57316308970697
51.55,2.34263001964802
51.56,-1.90889329420125
51.57,-1.19859039748575
51.58,-1.92340441113472
51.59,-0.174995105464083
51.6,5.28797011866487
51.61,1.32739200888635
51.62,-0.433423462435864
51.63,-1.60502084163158
51.64,-3.18889859418229
51.65,2.479900842742
51.66,3.78986052557296
51.67,5.06979326972388
51.68,4.02842807591973
51.69,1.42924174967722
51.7,-3.7974751709468
51.71,-0.534883492461026
51.72,1.85863377924245
51.73,3.60944749033509
51.74,3.87224596100412
51.75,4.19089011146483
51.76,2.75935885074107
51.77,0.978713839360003
51.78,-0.0315949100739163
51.79,-0.718348904667017
51.8,-0.909315038877144
51.81,-2.05006042238574
51.82,2.46442758086118
51.83,3.90996324068069
51.84,1.181578480458
51.85,4.50458069000335
51.86,-0.22701940227531
51.87,-0.788597974417389
51.88,-0.83198858212946
51.89,0.0933314889695339
51.9,2.56642525181924
51.91,-0.528995306196856
51.92,1.01915557184664
51.93,-1.87888590504618
51.94,1.85406282731754
51.95,0.443990037637504
51.96,1.41641258059122
51.97,0.155341954124983
51.98,2.59905428883285
51.99,4.57918552131735
52,2.60459496893414
52.01,2.12635972629079
52.02,2.63233282584195
52.03,5.69703204922239
52.04,4.07371324266142
52.05,2.67357103236098
52.06,2.72573911050967
52.07,0.91446659575208
52.08,2.00369520301618
52.09,0.0103480421428567
52.1,2.53274447036261
52.11,2.27538817595631
52.12,1.75227512297349
52.13,2.90953175774173
52.14,0.517646832364307
52.15,2.45827295159728
52.16,2.16538706744123
52.17,0.295601111137286
52.18,0.593759247969003
52.19,5.30428466225915
52.2,2.41896092080492
52.21,1.3931051995778
52.22,1.5554537939193
52.23,1.45044915591433
52.24,1.76838637573829
52.25,1.05959127791283
52.26,-0.799671397908256
52.27,-2.43951152364186
52.28,-0.294344027081638
52.29,-0.197968648659241
52.3,-1.20855134015372
52.31,0.220597656890643
52.32,2.49984317123035
52.33,2.21348764692901
52.34,0.833963265100229
52.35,3.49070731960356
52.36,-0.349085813688077
52.37,2.16017664265451
52.38,0.67980203721126
52.39,-2.47793283029285
52.4,0.242652706549596
52.41,-2.64592402449984
52.42,-4.90864452986237
52.43,-0.802914556995087
52.44,-5.1795047457437
52.45,-4.45751201733611
52.46,-2.0876102191445
52.47,-3.13506125488365
52.48,-4.2887652567055
52.49,-0.311222637222808
52.5,-0.199823758217019
52.51,-3.83995851092563
52.52,-2.23419969230559
52.53,-5.79004547032967
52.54,-3.60219021502621
52.55,-4.06904651657387
52.56,-4.18212616187089
52.57,-3.69332298799132
52.58,-7.87891045206294
52.59,-8.15171640323185
52.6,-8.83363447349131
52.61,-7.04365237316544
52.62,-3.93634453422695
52.63,-4.93475073990072
52.64,-7.02393041600543
52.65,-6.69769679968465
52.66,-9.2867422045066
52.67,-5.46247903823741
52.68,-4.68548694970254
52.69,-6.36610641769838
52.7,-10.9968531842826
52.71,-2.57978852949345
52.72,-7.60318682569136
52.73,-8.5371198288477
52.74,-1.2343388307184
52.75,-6.39984909920928
52.76,-8.39003653404771
52.77,-4.50163881136495
52.78,-8.05123437348703
52.79,-3.34640322298366
52.8,-9.42558360794873
52.81,-1.71053846748145
52.82,-5.17398133595627
52.83,-3.79921489986956
52.84,-6.54463253393416
52.85,-2.77504711109307
52.86,-2.79208144981188
52.87,-1.40816085900005
52.88,-6.72661614851852
52.89,-1.23438711585053
52.9,-5.70867264385128
52.91,0.139940973288274
52.92,-6.78926306700398
52.93,-4.83232742849497
52.94,-1.20152940256342
52.95,-2.19994424536107
52.96,1.08473734017719
52.97,-3.97483757563154
52.98,1.21850578358469
52.99,-0.614338904318829
53,-2.63581204199351
53.01,0.629501881138493
53.02,-1.59809717773908
53.03,0.169955654867158
53.04,2.62566335172371
53.05,-3.30070391538161
53.06,0.00893356659236286
53.07,1.77666809640898
53.08,0.327391535185966
53.09,3.40420993831014
53.1,-3.40630502351495
53.11,-1.44414357523769
53.12,2.56190097387383
53.13,-1.83878239881192
53.14,0.279595045038698
53.15,0.40132132343425
53.16,-1.53684097273632
53.17,1.54173084595664
53.18,-2.0897960396539
53.19,0.127318230222076
53.2,0.618331447869839
53.21,-1.90048184366018
53.22,1.57875714216896
53.23,-3.34861743902715
53.24,-0.803552596366004
53.25,1.17579809491766
53.26,-1.75644788557461
53.27,0.891448550686522
53.28,-2.20139843708092
53.29,1.08224081165654
53.3,0.144594370947679
53.31,-2.67665486000208
53.32,0.0102173230584048
53.33,-3.78721110080694
53.34,0.576136134005164
53.35,2.0129148283788
53.36,-2.99739062752149
53.37,-0.0579683096827787
53.38,1.96241486489878
53.39,-1.48843510701897
53.4,2.04533743955935
53.41,-3.06218772704537
53.42,1.80937961844722
53.43,1.85139905173631
53.44,1.10906162713334
53.45,5.06705618539711
53.46,0.402472927953122
53.47,2.35577518969164
53.48,2.38676778405272
53.49,2.00796239814066
53.5,7.78552501373135
53.51,4.43562494214996
53.52,7.800459572274
53.53,2.80864694064702
53.54,5.11011736853359
53.55,3.500388850442
53.56,4.05876786322004
53.57,4.27563774893752
53.58,8.88306766268736
53.59,3.35966873353648
53.6,5.07381634889028
53.61,7.3067378194192
53.62,3.87911248010082
53.63,7.29087257302098
53.64,6.86716249655403
53.65,0.761547773224489
53.66,10.2149922660506
53.67,7.45731497143868
53.68,1.58322302855769
53.69,10.1010996036531
53.7,7.22105893522758
53.71,4.98996277120417
53.72,1.13610472420789
53.73,8.60122525268208
53.74,3.61334587496273
53.75,4.89897917839042
53.76,3.28719989811282
53.77,1.16731054229402
53.78,3.97215834134781
53.79,4.13617324465365
53.8,3.85494691212608
53.81,1.90372676194731
53.82,1.05748089022703
53.83,2.79803552767483
53.84,2.81702947213476
53.85,0.252281286729355
53.86,3.5759730945725
53.87,5.06055094306891
53.88,3.75378277244622
53.89,3.71202164135714
53.9,10.175152612461
53.91,5.23710547300443
53.92,6.4673973536933
53.93,5.72798475396755
53.94,3.86633588051797
53.95,6.60283767938545
53.96,5.01440695586827
53.97,7.12104516242243
53.98,7.24378071596396
53.99,10.3129713331342
54,10.3079185146905
54.01,3.55640498553513
54.02,4.17113523452615
54.03,8.63635065436192
54.04,9.62991408804258
54.05,9.44435099501237
54.06,6.82304400497954
54.07,10.0054684551987
54.08,7.23984119307501
54.09,5.71942184378274
54.1,4.43459274994579
54.11,10.0248259080608
54.12,9.62766153655055
54.13,6.32152774537734
54.14,8.69690839723649
54.15,10.6508294926412
54.16,13.767599113026
54.17,9.28819250224559
54.18,7.76741610442185
54.19,11.084647484695
54.2,9.41929512932521
54.21,7.02523074887207
54.22,9.81153282916421
54.23,8.86371581184197
54.24,9.16548538095504
54.25,9.61132083084813
54.26,11.1866504594721
54.27,11.3109739713476
54.28,8.90915237862283
54.29,10.6331651743723
54.3,8.58705120694131
54.31,8.57235345528554
54.32,11.5211159890982
54.33,12.8516527663913
54.34,10.2352075676295
54.35,10.4883144978227
54.36,11.909118662364
54.37,10.2040835860649
54.38,7.82303510965358
54.39,8.42341451420753
54.4,7.03310079973602
54.41,9.57285748683688
54.42,10.3903143332991
54.43,8.37308751108557
54.44,6.6051435435996
54.45,12.5475903311263
54.46,10.0775933998384
54.47,10.1117781502081
54.48,8.40439038622618
54.49,8.38776840449125
54.5,7.47619532178362
54.51,11.4143871322401
54.52,4.66986114109653
54.53,7.25267778002223
54.54,6.91845954740002
54.55,12.1316446049179
54.56,7.92741566278086
54.57,12.0281194333319
54.58,8.78499786257307
54.59,4.95126671940225
54.6,7.2692089536969
54.61,9.82679731478874
54.62,10.5544263686309
54.63,6.67409838197123
54.64,9.73721121622451
54.65,8.11415777298245
54.66,7.41338604906487
54.67,10.1752107159483
54.68,10.9381481308938
54.69,10.4442017136909
54.7,8.12008250451041
54.71,8.80896922668272
54.72,8.5852368702417
54.73,10.385694741571
54.74,10.8542133215214
54.75,12.3577863676876
54.76,12.9085469749928
54.77,11.7916926313642
54.78,12.3516465599895
54.79,13.0799736718365
54.8,11.5713626569771
54.81,18.1153830327333
54.82,13.6540461431888
54.83,9.52915172458824
54.84,10.795855460344
54.85,11.6409434364429
54.86,16.8196270480662
54.87,13.0864353403225
54.88,13.0837512853268
54.89,11.8815217696036
54.9,12.569462103245
54.91,14.713849559003
54.92,11.203696580854
54.93,10.4692915405249
54.94,22.1322722151378
54.95,14.1380163955149
54.96,15.5902204515981
54.97,14.3417366854314
54.98,15.4593030892665
54.99,18.3892175170839
55,18.0860665665769
55.01,13.9582452020599
55.02,13.4984551070382
55.03,14.2042502691092
55.04,21.1043548314647
55.05,34.0720309466475
55.06,19.2319413290428
55.07,21.89380421
55.08,20.3705365615141
55.09,19.1171958164026
55.1,18.2798057586843
55.11,18.4316276697601
55.12,15.8853612944921
55.13,15.1892992060267
55.14,24.0005127129978
55.15,26.7649069056906
55.16,12.9050336903437
55.17,20.9192903566132
55.18,17.9959826891295
55.19,12.3662691367056
55.2,14.668127071385
55.21,11.5467871449227
55.22,32.9996046247858
55.23,15.99020530264
55.24,12.4922257316069
55.25,17.156780220406
55.26,8.71659376311472
55.27,14.279647373775
55.28,12.4226863618949
55.29,19.4324159794959
55.3,13.5990275744101
55.31,5.92240519302402
55.32,10.2467890155904
55.33,9.78256324374204
55.34,12.1251988389373
55.35,18.1674446573393
55.36,21.0007277027332
55.37,15.8260448930724
55.38,26.6894287904449
55.39,13.0879647575183
55.4,8.35651713026708
55.41,11.0435524121526
55.42,11.4943438893734
55.43,11.4873226895524
55.44,18.7313898968735
55.45,24.1275518675664
55.46,21.4917760776018
55.47,8.38079628770019
55.48,12.5351025008281
55.49,15.4196139405413
55.5,15.8888495692527
55.51,16.1526485441828
55.52,17.2599290850537
55.53,11.6611118768685
55.54,11.7112011991624
55.55,10.4535060938476
55.56,11.1084234625562
55.57,9.34532420926456
55.58,24.0477904327817
55.59,18.3017851187901
55.6,7.43636321713884
55.61,25.4305164566427
55.62,14.0325758892287
55.63,19.7441148043937
55.64,14.5519097819704
55.65,11.1541687554035
55.66,9.16201675499973
55.67,12.6917864784266
55.68,5.62578417373089
55.69,18.8884406038261
55.7,11.3371598784868
55.71,11.4976699706119
55.72,13.080133457892
55.73,15.2283326474048
55.74,12.5474384876033
55.75,9.13450151395174
55.76,5.33507856225886
55.77,11.6219258107874
55.78,14.1285176321434
55.79,6.97748584971195
55.8,14.6935326841116
55.81,24.9549487595128
55.82,8.96011577041824
55.83,15.9444276627308
55.84,14.1214014010092
55.85,7.69167245625247
55.86,15.9611101695762
55.87,8.33448977766302
55.88,16.4759570912708
55.89,12.5418797912577
55.9,11.4869081621353
55.91,22.8741419110011
55.92,9.71502766803105
55.93,13.4129067060859
55.94,15.1448147700398
55.95,7.09296001127355
55.96,10.1508481468957
55.97,19.1189445939188
55.98,15.2246966357384
55.99,9.29378033634267
56,7.97442486921261
56.01,11.4760750126336
56.02,12.1409208194847
56.03,13.7384955898351
56.04,3.56779950388185
56.05,16.4591933366277
56.06,1.86239568646944
56.07,7.33330029149712
56.08,2.57692200221758
56.09,6.40656466566646
56.1,5.85898586650013
56.11,8.04444076018057
56.12,-0.55450349416347
56.13,-1.62953221524601
56.14,2.31474642916565
56.15,-3.09775880756171
56.16,-2.04282846863465
56.17,-2.0648080624901
56.18,-2.69951204129835
56.19,-8.5386016318002
56.2,-2.84789257849846
56.21,-10.8049788632872
56.22,-11.1881236273463
56.23,-3.69621616172471
56.24,-11.3265805549118
56.25,-8.24389059018646
56.26,-14.6205390803759
56.27,-13.4438952494968
56.28,-9.00707551152077
56.29,-14.7874209824431
56.3,-13.6550146243094
56.31,-5.88873291065531
56.32,-25.959333479144
56.33,-10.5429063162011
56.34,-6.69145089306654
56.35,-11.2584970890383
56.36,-12.8860838243021
56.37,-14.1552114448428
56.38,-15.1736027659627
56.39,-15.1412110205769
56.4,-15.4235003753759
56.41,-11.4032669057197
56.42,-13.2714483619846
56.43,-6.7488199739727
56.44,-7.67986895820589
56.45,-5.06532931048092
56.46,-15.663619427979
56.47,-8.02028882794058
56.48,-13.5717334260777
56.49,-9.77810178754266
56.5,-13.5964043752567
56.51,-18.5316487249395
56.52,-10.2905640598729
56.53,-6.24146813157849
56.54,-11.9785834729108
56.55,-14.5846014769799
56.56,-14.1233039184944
56.57,-12.4832074707133
56.58,-9.92718256053923
56.59,-8.04103551664884
56.6,-14.5987083558092
56.61,-5.56707560661022
56.62,-10.1449634686717
56.63,-10.2852382113533
56.64,-11.3102209914455
56.65,-15.4294052733476
56.66,-19.6906404816026
56.67,-7.7603824634774
56.68,-10.9292941013707
56.69,-10.4333525774535
56.7,-5.10659293080319
56.71,-9.51202918803334
56.72,-9.2346345354364
56.73,-11.8294770766921
56.74,-15.3508091193547
56.75,-8.05378282907346
56.76,-9.70954210751649
56.77,-14.4904990582192
56.78,-13.6413626262993
56.79,-8.86887212970835
56.8,-9.1265568592191
56.81,-9.68816348638076
56.82,-9.03590267188885
56.83,-11.0961166810494
56.84,-14.2167998698415
56.85,-10.1507644506372
56.86,-9.69586774208074
56.87,-12.4732014584179
56.88,-3.66211510934374
56.89,-9.99390902038625
56.9,-12.8395065445069
56.91,-7.15289888958195
56.92,-9.98847007600881
56.93,-11.4417132490347
56.94,-12.8194579690765
56.95,-3.82908069590765
56.96,-12.9205811853273
56.97,-14.3504094743017
56.98,-11.4202874966041
56.99,-11.3687270640833
57,-9.59245031905247
57.01,-10.4868676617605
57.02,-7.49638865539981
57.03,-3.50091529835108
57.04,-12.8909769321275
57.05,-4.68710224051292
57.06,-5.37751797273097
57.07,-12.1120448214619
57.08,-6.9241403669716
57.09,-8.79480128248034
57.1,-12.3579045658823
57.11,-8.35106502998883
57.12,-7.51648853594766
57.13,-10.2059732921138
57.14,-8.3963652904994
57.15,-11.4171339310879
57.16,-5.31379738974844
57.17,-10.5238701375689
57.18,-8.49473086046923
57.19,-6.01133065939589
57.2,-8.92473410647838
57.21,-10.3570689757411
57.22,-12.1303828670014
57.23,-6.56003299158877
57.24,-10.6859317133117
57.25,-6.59178581200895
57.26,-7.82318765531893
57.27,-8.08274982928713
57.28,-10.1352287013874
57.29,-3.81312038891772
57.3,-8.65805335231568
57.31,-11.37243323891
57.32,-8.57132212886959
57.33,-9.3341587529172
57.34,-6.17581530799785
57.35,-7.00199242277855
57.36,-9.09704532475642
57.37,-8.0233564956279
57.38,-10.1795394616689
57.39,-7.12004732779132
57.4,-8.01820925763284
57.41,-11.1447404930958
57.42,-7.02724611491529
57.43,-7.70811670643023
57.44,-7.22199211653073
57.45,-8.47197550907671
57.46,-5.0474016529826
57.47,-8.56597751200512
57.48,-8.1154655654859
57.49,-11.218695372083
57.5,-7.04805989827756
57.51,-5.00783820404158
57.52,-7.56239698068108
57.53,-10.8135629067338
57.54,-4.7360662909905
57.55,-7.81794174077121
57.56,-10.0180752937669
57.57,-6.58188671299207
57.58,-7.14995815701887
57.59,-4.42550380230238
57.6,-7.14555379444254
57.61,-8.33876884848667
57.62,-8.13416538219725
57.63,-6.45491497319503
57.64,-4.883769802062
57.65,-5.35450509858441
57.66,-6.14012106623546
57.67,-4.88566022011017
57.68,-7.11191326210412
57.69,-8.46621808862559
57.7,-8.34370319377125
57.71,-7.76057334374624
57.72,-6.40102137663809
57.73,-3.65003698022489
57.74,-4.1479931460865
57.75,-5.09507366304981
57.76,-5.75003995158639
57.77,-4.21262533836714
57.78,-6.21329790459644
57.79,-4.06700960085987
57.8,-5.44478962417764
57.81,-4.04450705384232
57.82,-3.86202488701639
57.83,-2.91158652585395
57.84,-0.487022351147193
57.85,0.639633830147232
57.86,-3.06704114186803
57.87,-1.17087333053127
57.88,0.455933855481536
57.89,2.55456198099938
57.9,1.10336501781278
57.91,-1.52027533647821
57.92,1.34438034053211
57.93,3.58155882281049
57.94,0.886627601785689
57.95,2.7969100286742
57.96,4.50769739602925
57.97,0.196692120056521
57.98,0.390402896036482
57.99,1.43726346855605
58,4.53444186397411
58.01,5.58433469001956
58.02,3.08641423305685
58.03,5.06178625584531
58.04,3.07772874005923
58.05,3.02112497187076
58.06,3.91063128992762
58.07,12.080365824521
58.08,5.67553603958017
58.09,8.02594714235083
58.1,3.84184498854327
58.11,10.0692658070781
58.12,7.65784872089164
58.13,14.6863306351596
58.14,7.04314332078691
58.15,6.7625045219603
58.16,6.00414345670583
58.17,8.61090338676943
58.18,4.73132917915237
58.19,5.81851965196367
58.2,10.1058004271379
58.21,7.70438013337022
58.22,4.05127168091948
58.23,8.24199679498279
58.24,9.16850007931114
58.25,9.65310148483942
58.26,9.90009418697128
58.27,10.2784278830336
58.28,7.48097585609412
58.29,9.51388269714043
58.3,7.42905136589018
58.31,5.70428448994409
58.32,7.41968577851235
58.33,5.59956165908205
58.34,5.18253332625694
58.35,6.13839147708197
58.36,4.55151819789875
58.37,3.02558327264395
58.38,7.54566451711342
58.39,8.98849251268634
58.4,1.94426288160972
58.41,5.48589017953134
58.42,7.36403159229887
58.43,7.04806609010366
58.44,6.50020183255963
58.45,8.75069392497748
58.46,6.88026335961844
58.47,7.77850128937607
58.48,6.48397258279813
58.49,5.06038116398948
58.5,7.11972557613443
58.51,4.03131641503345
58.52,7.45302718543089
58.53,5.66640808770852
58.54,3.90336469788855
58.55,4.71356302895455
58.56,9.05385864244492
58.57,7.69701299352029
58.58,9.33115974575249
58.59,8.67274241885202
58.6,7.84148491128644
58.61,10.7496751773355
58.62,6.83349136361482
58.63,7.05381895469135
58.64,10.9982219335113
58.65,2.95220046576286
58.66,9.06558084863891
58.67,4.31270046241509
58.68,8.61306023761888
58.69,6.4790389486238
58.7,7.03971691720962
58.71,6.3038870762316
58.72,4.01310620191267
58.73,5.6878743090832
58.74,6.32819524590841
58.75,3.05308007601237
58.76,6.39735017776557
58.77,3.2663017535904
58.78,12.0342412039933
58.79,5.85410383156632
58.8,4.21693831709741
58.81,8.10699001501794
58.82,8.88036456146373
58.83,3.71875223362684
58.84,4.59381895467165
58.85,1.52905960243626
58.86,7.6564139671831
58.87,4.73200359433261
58.88,3.64905439300211
58.89,13.029412765131
58.9,8.99000665888325
58.91,1.14696398251174
58.92,0.661085350433682
58.93,4.18110117216364
58.94,2.90731301467182
58.95,-1.31109000444157
58.96,-2.18974947462667
58.97,2.52188586772137
58.98,-1.65447345215372
58.99,-2.38168778026544
59,-0.542124138121468
59.01,-4.3084072694526
59.02,-4.53163297114084
59.03,-3.37113661600454
59.04,-4.40273700380157
59.05,-5.71629145315634
59.06,-1.84353213559316
59.07,-2.93381526968218
59.08,-3.8175521751478
59.09,-4.79891346617563
59.1,-3.14036627652206
59.11,-3.28402737890273
59.12,-4.18448159631263
59.13,-5.84799143379332
59.14,1.28201386112406
59.15,-3.97432510682389
59.16,-2.60510340896864
59.17,-4.29748696481337
59.18,-6.47513482655076
59.19,-1.38489275819311
59.2,-6.11728021414033
59.21,-5.54380224615167
59.22,-6.97835212526902
59.23,0.402500899561192
59.24,-4.23480660226121
59.25,-7.25479838826173
59.26,-4.20117057687972
59.27,-5.97571314923137
59.28,-1.25498881681043
59.29,-7.40463486494757
59.3,-4.63663819679772
59.31,-6.60219040800505
59.32,-2.28711064309116
59.33,-1.84388801657456
59.34,-7.00479791290758
59.35,-4.95561631900028
59.36,-2.27378054996606
59.37,-1.89635243088062
59.38,-2.32354768285615
59.39,-3.33432636839072
59.4,-3.37901552363391
59.41,-4.02559564416241
59.42,-1.23570895329356
59.43,-1.59689821283236
59.44,-1.92070980251759
59.45,-6.14199842067973
59.46,-0.622049429024346
59.47,-3.7764002078453
59.48,-3.2894796762341
59.49,-3.95001700402763
59.5,-0.680873662238406
59.51,-0.738101720171121
59.52,-2.17981120616264
59.53,-4.37047528655396
59.54,-2.22421056324347
59.55,-4.66473408339657
59.56,-4.74033704696543
59.57,-3.30670463518415
59.58,-6.08975386378702
59.59,-1.86427389169648
59.6,-2.92672898503585
59.61,-3.97255426740168
59.62,-2.24686837345672
59.63,0.790268148266493
59.64,2.13893031693559
59.65,0.294180632624012
59.66,2.32315750409302
59.67,3.997162781241
59.68,3.51475541506613
59.69,9.95145060099723
59.7,4.59886330093976
59.71,3.22888987655862
59.72,1.93075023197411
59.73,0.205392663749393
59.74,2.15817968423976
59.75,4.29445955600277
59.76,5.11405823452913
59.77,3.74728321687285
59.78,7.67548899870763
59.79,10.8249288821686
59.8,4.9768535557675
59.81,4.48776728444482
59.82,3.43981584652201
59.83,2.40892868122099
59.84,-0.401742379924611
59.85,4.3279870428208
59.86,6.52054084125559
59.87,2.83481626228491
59.88,-0.41379026775823
59.89,1.17481896319781
59.9,1.72263260466181
59.91,1.11670951230302
59.92,2.60687035988151
59.93,3.14371438036815
59.94,2.6255651248006
59.95,1.81736739121872
59.96,0.435780437753269
59.97,-0.2489776925074
59.98,-0.738349995470281
59.99,-1.4417706488154
60,-2.92570414747943
60.01,0.0270246799611828
60.02,-1.24463371868986
60.03,2.24145722880412
60.04,-0.372904475351209
60.05,-1.64264112222845
60.06,1.78726208350259
60.07,-0.747434456758408
60.08,3.47328886814361
60.09,-0.612013650522112
60.1,-0.850541679869635
60.11,-0.829115400019943
60.12,0.66565138184873
60.13,0.977020100222647
60.14,5.54934676922743
60.15,-0.812720397619999
60.16,0.978070911702009
60.17,-0.204361737277932
60.18,-1.67069722684936
60.19,-1.51629254163352
60.2,-1.45163253145899
60.21,2.11733454747289
60.22,-2.70024703744415
60.23,0.236245030987793
60.24,-5.27651700248197
60.25,-0.0101527432966094
60.26,-3.72372911531798
60.27,-6.99834197503104
60.28,-6.5066063822647
60.29,-8.93265369894389
60.3,-8.63529840371982
60.31,-9.5528290839721
60.32,-10.4848569359197
60.33,-8.69709451625975
60.34,-9.0436467611387
60.35,-10.7862495527927
60.36,-4.21528817529248
60.37,-8.52609100211775
60.38,-10.9561449785283
60.39,-7.71473913197878
60.4,-9.33994520422634
60.41,-8.49600997639189
60.42,-8.25563472561919
60.43,-4.47192220640914
60.44,-5.06839436262145
60.45,-9.60057473307905
60.46,-7.86997628631249
60.47,-8.00598757143832
60.48,-5.40417770883751
60.49,-8.59346482118872
60.5,-8.05998010661069
60.51,-7.4190585361833
60.52,-5.85718950002304
60.53,-4.21344758370179
60.54,-5.28013591000512
60.55,-5.71067779737344
60.56,-1.00825049904087
60.57,-6.97478023907439
60.58,-5.26874540664462
60.59,-7.03003432689666
60.6,-6.22357353185697
60.61,-0.988197156070221
60.62,-3.31933240524616
60.63,-3.71438461084027
60.64,-5.02552320758232
60.65,-2.3131256683375
60.66,-4.71114692228598
60.67,-1.88330575905365
60.68,-1.8174785703204
60.69,-5.11950305992056
60.7,0.312683129325944
60.71,-2.99398557387895
60.72,-1.33692843445142
60.73,-0.941437038772188
60.74,-4.60476298614948
60.75,-1.30039968854099
60.76,0.357944579622491
60.77,-0.855091173792497
60.78,-3.16749897606087
60.79,-0.877544477825628
60.8,-0.268289023743813
60.81,0.102473637490167
60.82,0.526151946223441
60.83,-1.01181214890366
60.84,-1.81914928107263
60.85,-2.82424433480148
60.86,1.34079939396186
60.87,-2.27940644274661
60.88,0.00804202380707573
60.89,-3.30216480552874
60.9,-3.15599845198446
60.91,1.39277719952913
60.92,-0.0939204999296528
60.93,-3.11135424774157
60.94,-2.62367915585925
60.95,-0.882092462844767
60.96,-1.82324379605046
60.97,0.367093068290468
60.98,0.11760466069354
60.99,-2.85851184211754
61,0.986203765378269
61.01,-1.24873130931163
61.02,-3.10168151066368
61.03,-2.93005406813026
61.04,-1.04119240794569
61.05,1.47132874593451
61.06,-1.31514102965078
61.07,-4.01817911304905
61.08,-0.492482676285202
61.09,-3.58132084469048
61.1,-3.23875196560253
61.11,0.0384316757029717
61.12,-1.19893169384022
61.13,-3.89430587466161
61.14,-5.20728921406994
61.15,-3.05303737537257
61.16,-2.39327935519815
61.17,-4.49181967116249
61.18,-2.37054066410376
61.19,-0.164422434777646
61.2,-4.5489841013688
61.21,-0.0774537868498355
61.22,-2.3913733413526
61.23,-2.70182988292609
61.24,-3.32681379098589
61.25,-1.69446542072358
61.26,-3.66809536509736
61.27,-2.31989910118636
61.28,0.153379211073843
61.29,0.0040574686017936
61.3,-1.30499826579691
61.31,3.50470236269936
61.32,2.33567396955389
61.33,-2.45280024703586
61.34,0.287476628006169
61.35,1.29863385252013
61.36,4.82184305767045
61.37,1.96098276244249
61.38,-0.608138479263377
61.39,3.37443787233001
61.4,-1.22695534399409
61.41,3.14483456537548
61.42,-0.804632606307314
61.43,3.35409921847975
61.44,0.323850427416387
61.45,-1.19529386341888
61.46,2.21121045311738
61.47,-1.95579551405899
61.48,-1.55757046198149
61.49,-1.1006130668175
61.5,-0.295914705846729
61.51,-2.62282147793559
61.52,-2.94694718796093
61.53,-4.0850631328476
61.54,-3.60830113591794
61.55,-4.29823751116788
61.56,-1.15096881987544
61.57,-1.24928199926019
61.58,-1.62419395360465
61.59,-0.806551866853676
61.6,-0.941998425661495
61.61,3.38042944726371
61.62,0.231250991751298
61.63,3.37604176831465
61.64,5.00463413345109
61.65,1.08937082588684
61.66,1.31084636075965
61.67,7.86134011149525
61.68,5.9929805524046
61.69,5.24203698236822
61.7,7.73232830136465
61.71,4.47459095249231
61.72,4.08732326688613
61.73,4.2391539097314
61.74,6.64384903379923
61.75,9.34810501209162
61.76,10.3448567288213
61.77,8.21559068403671
61.78,7.09104437569819
61.79,7.88145717979435
61.8,12.4068782617476
61.81,6.35715205442337
61.82,3.71618231089977
61.83,3.69695250152668
61.84,13.1497342016603
61.85,5.84215916750008
61.86,3.46865792773627
61.87,4.92157993020007
61.88,7.30536534320728
61.89,10.3383405204707
61.9,3.50295624265151
61.91,0.756427483780574
61.92,6.22889433475818
61.93,5.36659486735406
61.94,4.36037397896553
61.95,7.17526887457146
61.96,8.73351624741544
61.97,4.2228530309553
61.98,4.18999940787075
61.99,7.98771103973732
62,11.3565913786908
62.01,3.15269451941913
62.02,4.19523944154126
62.03,3.71803097476769
62.04,7.77020683224035
62.05,5.73862334919442
62.06,3.11263226393962
62.07,10.384433089374
62.08,9.28325981942853
62.09,7.80677766807251
62.1,8.12674767696996
62.11,3.90072422655041
62.12,11.1722130495406
62.13,14.2998587319631
62.14,4.50155297940669
62.15,4.70177711301962
62.16,9.93455450636242
62.17,12.4167045249316
62.18,7.52610317657319
62.19,4.34630418379621
62.2,12.1172755552363
62.21,5.25572161715163
62.22,12.0269381389042
62.23,7.76453022008549
62.24,9.85884287401966
62.25,8.34288351846887
62.26,3.82461473366615
62.27,8.93716831511653
62.28,7.19104983029895
62.29,5.73660448792109
62.3,6.30017162904929
62.31,12.933298595622
62.32,2.66060322660488
62.33,5.47880941395582
62.34,8.80974770640291
62.35,4.35045805602894
62.36,10.8176986159846
62.37,4.63859506829849
62.38,5.35710664393745
62.39,1.0879895500354
62.4,9.93878734507413
62.41,9.54249369693069
62.42,16.3916303646909
62.43,3.3117688568515
62.44,5.68951112606886
62.45,1.9943873888896
62.46,10.1086974116652
62.47,3.42661308697646
62.48,12.269840222592
62.49,6.40893257510465
62.5,13.9827488129331
62.51,3.82710170724536
62.52,10.2719224517513
62.53,5.664242730632
62.54,10.3068753189079
62.55,3.44674231236628
62.56,4.8884068398366
62.57,19.3540016395997
62.58,5.05541999621933
62.59,10.5005938666634
62.6,5.32698380412361
62.61,7.14140994047557
62.62,4.70971323110297
62.63,8.13082864667593
62.64,12.6865502507066
62.65,5.55280758665628
62.66,7.21005572177834
62.67,7.85826197889482
62.68,2.22946932805595
62.69,3.57459558583505
62.7,6.95734267691813
62.71,3.44480576612713
62.72,8.52217200769318
62.73,3.73798810498522
62.74,7.18535972981138
62.75,6.32192265112601
62.76,4.31401050641456
62.77,8.86628513527562
62.78,7.63122488403662
62.79,13.0905939628199
62.8,1.83893620974376
62.81,6.15963908604583
62.82,12.9344118863213
62.83,8.18245177717306
62.84,10.4562245813212
62.85,7.02795310278608
62.86,1.84696141175377
62.87,11.3051844892968
62.88,5.25643589534691
62.89,10.5814669802284
62.9,14.200725765933
62.91,0.496012274656087
62.92,5.77063579801676
62.93,5.45778171694584
62.94,6.08226742514083
62.95,7.59235273989984
62.96,9.33518555223639
62.97,5.65342004374901
62.98,6.66278643581991
62.99,5.07998083114281
63,0.562245999925288
63.01,6.14367952725649
63.02,0.917481222105373
63.03,3.87251337361408
63.04,-3.29522791960334
63.05,1.23636819404515
63.06,3.18951436309321
63.07,-1.0574321018523
63.08,0.729870356058458
63.09,-4.52509929961034
63.1,2.23128022268261
63.11,-4.42515764834835
63.12,-5.00461357772132
63.13,-5.97226029925998
63.14,-6.0231797645672
63.15,-2.51028030603246
63.16,-8.21179430826339
63.17,-9.98059998678603
63.18,-22.6392265597024
63.19,-5.14584992517151
63.2,-13.5531389393397
63.21,-12.0807760368999
63.22,-14.0095483403823
63.23,-12.3256973273934
63.24,-6.66356324057833
63.25,-7.34953586971451
63.26,-9.76687937544955
63.27,-14.8784743527917
63.28,-14.3159206646606
63.29,-9.0691857283695
63.3,-11.4548553471136
63.31,-9.51408721493635
63.32,-12.5122469287937
63.33,-13.275872552505
63.34,-13.454994450506
63.35,-13.3435600457087
63.36,-7.76533997588005
63.37,-9.71632692793937
63.38,-11.7570867529132
63.39,-13.8600964774547
63.4,-11.0791100991526
63.41,-12.2784427049707
63.42,-3.27184057945049
63.43,-8.82722286897414
63.44,-9.43942474704258
63.45,-4.3142419373253
63.46,-8.96994605900369
63.47,-4.25032558249324
63.48,-9.69696375792601
63.49,-10.256660257024
63.5,-8.51541492996822
63.51,-13.6611612345099
63.52,-8.97104318262219
63.53,-11.4595581894006
63.54,-6.95366120728351
63.55,-13.9740913097465
63.56,-13.1185110035351
63.57,-13.0402563037218
63.58,-14.3683056045341
63.59,-10.6179526760909
63.6,-11.5181257473756
63.61,-10.2309677751299
63.62,-7.53468296771732
63.63,-10.6911160325341
63.64,-12.2280686531868
63.65,-8.13653025500271
63.66,-8.18016285575894
63.67,-11.0817787451851
63.68,-12.3659033148625
63.69,-12.026236553934
63.7,-13.3558246994672
63.71,-9.83085757091802
63.72,-11.186361416911
63.73,-12.3341491610224
63.74,-3.88361262382911
63.75,-12.3909862310102
63.76,-8.16640239654324
63.77,-6.82926594625292
63.78,-9.34657739654594
63.79,-12.0704383662658
63.8,-12.2083651540548
63.81,-8.81644445655655
63.82,-13.8374218501199
63.83,-12.7881899638562
63.84,-9.21057651870768
63.85,-5.91119082850242
63.86,-9.44434193313161
63.87,-11.1274645508339
63.88,-10.8939837236065
63.89,-9.94882299902034
63.9,-12.8962691574173
63.91,-11.0010772216547
63.92,-13.0159138201238
63.93,-9.45428944394037
63.94,-11.2001574322904
63.95,-7.44431244701815
63.96,-12.451600387838
63.97,-12.363127710312
63.98,-10.7566038285927
63.99,-7.28135734685808
64,-11.5958489538065
64.01,-8.95159328537972
64.02,-10.0955294203352
64.03,-11.463698065335
64.04,-8.61774364754907
64.05,-9.2199405415353
64.06,-8.82357100440734
64.07,-8.19552758996112
64.08,-8.46293732010161
64.09,-11.4345993856695
64.1,-10.0651704309269
64.11,-7.04323494386624
64.12,-8.49507934847805
64.13,-6.79176803468443
64.14,-9.77665686601264
64.15,-6.46165376640502
64.16,-6.20968457155775
64.17,-8.73150351988142
64.18,-6.28394350100275
64.19,-5.97829623874022
64.2,-11.5253711908903
64.21,-8.77940978019483
64.22,-9.7964725635115
64.23,-9.5498309500001
64.24,-6.8183339153417
64.25,-6.34301957577973
64.26,-10.436900269435
64.27,-6.1070362783615
64.28,-9.6066287051721
64.29,-7.01690186927832
64.3,-11.5243710201468
64.31,-9.20252298372465
64.32,-11.1326745779001
64.33,-7.73976156657953
64.34,-9.7073653961607
64.35,-7.40967948898239
64.36,-5.64183426788609
64.37,-6.01078013904008
64.38,-8.5878976317709
64.39,-9.44690364608296
64.4,-8.1771355884011
64.41,-7.79737213065542
64.42,-5.55623567334881
64.43,-6.5224210238994
64.44,-5.59969083172714
64.45,-8.25453448178183
64.46,-8.09757159707199
64.47,-7.78841029351963
64.48,-8.91383191558125
64.49,-9.22400720988891
64.5,-6.67895308331882
64.51,-8.31928193055278
64.52,-7.65228116692783
64.53,-3.25260940048636
64.54,-9.19483533629731
64.55,-6.25151727438513
64.56,-3.11187250481811
64.57,-6.29791405470246
64.58,-6.83928306327944
64.59,-7.34367238897128
64.6,-5.59624811059023
64.61,-9.49313212872871
64.62,-8.33538754864646
64.63,-6.53708863513161
64.64,-7.62336638925386
64.65,-2.90631937523768
64.66,-6.06787071813446
64.67,-9.15984266346024
64.68,-7.03869589512411
64.69,-8.6521860836299
64.7,-8.56214074277468
64.71,-8.01457403565694
64.72,-5.23579383521857
64.73,-7.22097252093083
64.74,-6.89069506551332
64.75,-6.07232307723748
64.76,-8.961063291515
64.77,-5.77265285120753
64.78,-7.66499052525593
64.79,-7.68547765418879
64.8,-11.022405853177
64.81,-8.12914968127816
64.82,-9.92810716383706
64.83,-8.06819068815413
64.84,-6.82763260135111
64.85,-7.56856928168273
64.86,-7.07714311251856
64.87,-6.72915093473447
64.88,-10.4402740320763
64.89,-11.1796298740286
64.9,-9.76954018075473
64.91,-4.3183981962446
64.92,-7.38320345300336
64.93,-6.77638201868674
64.94,-7.97775807297517
64.95,-5.34070015019968
64.96,-3.5192381640448
64.97,-10.5487738724786
64.98,-3.64372057577697
64.99,-8.23517161166619
65,-7.09859197568589
65.01,-8.97419701794279
65.02,-2.35073371068038
65.03,-7.96799231328247
65.04,-5.26285422052282
65.05,-6.42690917002992
65.06,-8.60173997715923
65.07,-4.40148741829885
65.08,-6.33949528884486
65.09,-8.09763601375644
65.1,-4.42008190914536
65.11,-10.6041718582863
65.12,-3.25745574846391
65.13,-3.82041269412176
65.14,-5.66639177644359
65.15,-8.36973312024781
65.16,-9.61906734590833
65.17,-0.859195373306142
65.18,-7.95883623534398
65.19,-9.05849227897873
65.2,-9.01013179752514
65.21,-8.43423550130807
65.22,-4.4889614371282
65.23,-5.89018352883545
65.24,-4.0140711486794
65.25,-1.34016067478042
65.26,-7.76249722598884
65.27,-4.81942598475558
65.28,-5.05809735698688
65.29,-8.81568423941533
65.3,-7.23124316747059
65.31,-4.2520592471485
65.32,-8.40686359259617
65.33,-5.9115945804106
65.34,-6.63376855151266
65.35,-0.981368203523783
65.36,-2.27589438838562
65.37,-1.36929412115196
65.38,0.356188821209571
65.39,-1.47960640531821
65.4,-3.10943614475781
65.41,-2.29700680184288
65.42,-6.72600449540113
65.43,-4.97917979898541
65.44,-6.62613899296243
65.45,-4.01792470457669
65.46,-4.3412137110795
65.47,-5.28774738678132
65.48,-7.54021807291458
65.49,-6.01659496778074
65.5,-2.13778455919251
65.51,-3.82726075395598
65.52,-7.65888502564624
65.53,-7.94412780183534
65.54,-5.65327119217575
65.55,-6.6868639862615
65.56,-5.99271929477973
65.57,-1.41627238856387
65.58,-4.74725105700965
65.59,-4.91542499970795
65.6,-3.35645546149164
65.61,-5.78446247795358
65.62,-6.87524748822965
65.63,-0.677511580117916
65.64,-5.24378952301459
65.65,-2.95999331803757
65.66,-2.6491248975053
65.67,-0.287839435339884
65.68,-2.36433072822823
65.69,-4.47215557178328
65.7,-1.82963592390648
65.71,-3.84280427193041
65.72,-5.09637345053152
65.73,-5.37051195240656
65.74,-0.177624483666511
65.75,-4.24852877379258
65.76,-0.475830062539238
65.77,0.182272658814604
65.78,-1.1526046613719
65.79,-0.296332963847654
65.8,-2.91402989888334
65.81,1.17423277845818
65.82,-5.57062241546581
65.83,-3.16974759347526
65.84,-3.24371292498944
65.85,-0.851331034296603
65.86,-0.122024216441372
65.87,-1.8180195193542
65.88,-2.57875240635485
65.89,-5.28866538101266
65.9,-0.308948869324286
65.91,-0.780950938845965
65.92,-2.62859961003869
65.93,0.429207487961364
65.94,-2.13434130532746
65.95,-0.776415285574354
65.96,-1.06830473322568
65.97,-4.29339085663508
65.98,-0.15701523969904
65.99,0.778593248979665
66,-1.65009512972848
66.01,-2.10082882246397
66.02,-0.266364114835422
66.03,-2.78838225464742
66.04,-1.70276305665923
66.05,0.780774425208284
66.06,-0.301626301880264
66.07,0.893435731782536
66.08,3.33154549039726
66.09,-3.87445787807604
66.1,-1.47850943584558
66.11,0.123594127393752
66.12,-3.91505053258884
66.13,-2.81638252880033
66.14,2.62831440565863
66.15,-0.0625911028875653
66.16,-1.82411370388257
66.17,-1.76595776968429
66.18,1.58497801321687
66.19,0.205087440279732
66.2,-2.64101583018153
66.21,0.411217926717477
66.22,-1.48178463676571
66.23,-3.32182369263733
66.24,-0.856684398634467
66.25,0.483295712251201
66.26,-1.42906901970101
66.27,0.857180833345293
66.28,2.06475227952336
66.29,-3.51178209291042
66.3,-0.280676570585865
66.31,1.34769699609613
66.32,-2.56428632790772
66.33,-0.159444304657977
66.34,0.276407853265956
66.35,1.56909416896385
66.36,-1.85979069168743
66.37,-2.63221700457148
66.38,1.88704204507543
66.39,0.804386766685159
66.4,-3.49499849849501
66.41,-2.02273320606985
66.42,0.0995146658300122
66.43,-3.06153308684028
66.44,-0.688786293830643
66.45,2.49827423076516
66.46,1.69446380359154
66.47,-2.11211094030092
66.48,-0.844969489603332
66.49,1.4412453979579
66.5,0.951681083216357
66.51,-2.6879195778847
66.52,-1.05724981226977
66.53,0.316848823873203
66.54,-0.873726477090459
66.55,-2.94150568889763
66.56,-1.68305295148753
66.57,-0.0597482712970979
66.58,-0.177926836104089
66.59,-4.79205960369524
66.6,-3.96034514072106
66.61,-3.91029811271577
66.62,1.84326558076836
66.63,-2.47644765156587
66.64,-5.79293412021381
66.65,-4.7016348540983
66.66,-4.04540781873795
66.67,0.25446637369436
66.68,-0.311197316272815
66.69,-4.33426814500269
66.7,-0.362704405478568
66.71,-2.7020019806474
66.72,-2.46576296288584
66.73,-0.647466637696039
66.74,-1.97021987767423
66.75,-5.08372650002688
66.76,-2.23803040893428
66.77,0.472071849287359
66.78,-2.44874792238788
66.79,-1.14550786894743
66.8,0.488792368599394
66.81,0.153112141655947
66.82,-4.09646027549645
66.83,-1.21088998497213
66.84,-1.3369366759503
66.85,-2.97550616125471
66.86,0.253257152536698
66.87,-0.454511754160509
66.88,1.05410785506443
66.89,0.370339847703813
66.9,-0.866103070606679
66.91,-0.826369276633643
66.92,-4.02900265561786
66.93,-1.58138892132708
66.94,-0.735534227437078
66.95,1.28821748810974
66.96,-1.31070628545067
66.97,1.2926999032474
66.98,2.99496454830146
66.99,-1.32782363069795
67,-0.156310339447983
67.01,0.3581925967127
67.02,-2.28240878166048
67.03,-1.59572559877683
67.04,0.514461491360687
67.05,-2.21236272186365
67.06,-4.9839119527494
67.07,-0.315902121960749
67.08,-0.412313532348014
67.09,-4.38223700841397
67.1,-3.83409618936271
67.11,-1.31352076348686
67.12,-0.642587302838567
67.13,-1.21999323647909
67.14,2.93762489223875
67.15,0.365837220148712
67.16,-0.425194865171925
67.17,4.46747237268105
67.18,1.93536212638627
67.19,2.24032250960188
67.2,2.39736393546772
67.21,0.708938632265173
67.22,0.489327796013355
67.23,-1.1742062123514
67.24,-1.17946609433865
67.25,-3.91684921339659
67.26,-0.64219323923758
67.27,-3.47975955594071
67.28,-1.72289063410922
67.29,-1.43891982956943
67.3,-0.344355171144002
67.31,0.808661173790541
67.32,0.503928775412366
67.33,0.20773733449837
67.34,1.19408594466031
67.35,-0.89711604432462
67.36,-5.64060819610353
67.37,-1.81097373911254
67.38,-2.24352336235936
67.39,-2.51976626471956
67.4,-4.87467051750787
67.41,-3.34262088083578
67.42,-1.23585708352031
67.43,-2.69327164024689
67.44,-2.40780487199548
67.45,-1.12253694905277
67.46,-1.09162273055019
67.47,-3.7562839405411
67.48,-0.931753383006789
67.49,-3.76578400949709
67.5,0.103316432147899
67.51,0.302873349244067
67.52,-2.96453033098071
67.53,-1.23600401691619
67.54,-2.11103529710651
67.55,-3.29528468021682
67.56,-2.10748529806652
67.57,-1.93336092838252
67.58,-2.44638637610115
67.59,-2.87954534335741
67.6,-3.75397118345227
67.61,-2.3714246206672
67.62,-3.2577348333413
67.63,-5.15750813524315
67.64,-3.13725691770546
67.65,-1.63749447632119
67.66,-3.53741778848522
67.67,-6.15197862192917
67.68,0.296648695807548
67.69,-2.65197390364247
67.7,2.29320307822769
67.71,2.39875988231406
67.72,0.189084902971317
67.73,-3.02365514386143
67.74,-0.276302466710958
67.75,-0.354320844356432
67.76,-2.69813178574385
67.77,-3.3235224000269
67.78,-4.38508298131868
67.79,-5.24689038130846
67.8,-2.29603301277871
67.81,3.93809048227517
67.82,1.98895922566719
67.83,-2.46581484444538
67.84,-1.86568832511678
67.85,-3.93401940889442
67.86,-3.02400949340064
67.87,-2.75906173315482
67.88,-5.39560061101378
67.89,-1.80741345083001
67.9,2.62551895471225
67.91,1.56239362310032
67.92,-4.40337369544563
67.93,0.149861027917334
67.94,-3.74466595751489
67.95,-6.14970624618202
67.96,0.898247572240372
67.97,3.02158261533939
67.98,-1.29912222169809
67.99,-0.26694368583984
68,-4.44608164733959
68.01,-4.93935198959648
68.02,0.868151641932485
68.03,-0.458865044088438
68.04,-0.993604992368712
68.05,-0.826842768299959
68.06,-3.93948827240222
68.07,0.383288217706595
68.08,-0.0544206876790126
68.09,-4.36956494079027
68.1,-2.12324746961666
68.11,-4.22211695723242
68.12,-0.0010462689968824
68.13,-3.74948258554853
68.14,-2.18415602810589
68.15,-5.24699916166633
68.16,-2.10959162617907
68.17,0.14605653199974
68.18,-2.77457322094958
68.19,-3.30249894122931
68.2,2.2458822330208
68.21,-4.55946174616737
68.22,-6.75413260003983
68.23,-0.567750367230377
68.24,-2.15675899676943
68.25,-11.56670970345
68.26,-3.90086583647341
68.27,-3.72561262569462
68.28,-8.26220473806843
68.29,-3.73120852095129
68.3,-9.88857805719833
68.31,-4.12866298189476
68.32,-8.54547302032471
68.33,-3.22037029415891
68.34,-10.3054963614737
68.35,-2.60863787989458
68.36,-6.86653041130586
68.37,-2.34434487853916
68.38,-6.51312649245804
68.39,-4.11367628899692
68.4,-9.17488861896739
68.41,-9.74977570183075
68.42,-3.30152918368232
68.43,-2.78975005895417
68.44,-7.89472693246388
68.45,-4.19640227892659
68.46,-4.05733905106139
68.47,-8.6868347640767
68.48,-8.7434979655513
68.49,-3.26388812180504
68.5,-2.40071098449204
68.51,-8.58324231989608
68.52,-7.29903684298164
68.53,-10.0158474643025
68.54,-9.23917153336198
68.55,-8.68237653385114
68.56,-4.4666833552844
68.57,-3.20195068159906
68.58,-3.10120844893087
68.59,-5.73718984779685
68.6,-3.630579084396
68.61,-3.73132359150227
68.62,-4.55295419584929
68.63,-4.57372618276048
68.64,-2.87288914103958
68.65,-2.57841944666869
68.66,-8.07215397938755
68.67,-4.83129299436655
68.68,-8.84773822697944
68.69,-9.67998850227027
68.7,-3.38265903056554
68.71,-2.953850668598
68.72,-7.39647094836145
68.73,-5.98098666537351
68.74,-8.72156772161976
68.75,-5.34953005970832
68.76,-4.24471575348714
68.77,-8.79985668429416
68.78,-2.42754780921487
68.79,-3.37375086412866
68.8,-8.7060260609798
68.81,-4.61238972251592
68.82,-6.10544611617107
68.83,-4.44277312467116
68.84,-1.09279123727801
68.85,-7.77947879031372
68.86,-4.60116680204968
68.87,-8.85964710084124
68.88,-2.58705069060685
68.89,-10.8413481363113
68.9,-5.04583941513565
68.91,-7.99951827769747
68.92,-4.24497740717695
68.93,-6.92705794722556
68.94,-5.53378585543968
68.95,-2.77562265372352
68.96,-6.9918632866064
68.97,-4.67093103658889
68.98,-1.96132703177095
68.99,-6.03790566815822
69,-6.13666297852274
69.01,-3.85328857131383
69.02,-4.51265319642587
69.03,-10.9776219329664
69.04,-6.93164716260256
69.05,-2.56358798498871
69.06,-4.63330243474871
69.07,-5.55597085905618
69.08,-7.99466760054115
69.09,-8.62071681454366
69.1,-6.10963832115291
69.11,-3.16998394356094
69.12,-4.95552405994077
69.13,-3.05323353297604
69.14,-5.58133022619911
69.15,-2.42537799213074
69.16,-4.33509912853385
69.17,-3.27714752135791
69.18,-3.81343260132884
69.19,-4.71759519420837
69.2,-3.65781153295054
69.21,-0.496196379334733
69.22,-3.49316682960685
69.23,-7.08612215004877
69.24,-9.64772098741633
69.25,-10.5002665296077
69.26,-8.28501589087124
69.27,-3.0581564325032
69.28,0.070591333837372
69.29,-5.85512201508213
69.3,-8.76872126354964
69.31,-9.54417374017527
69.32,-1.92256294278344
69.33,-8.50038770641407
69.34,-6.61928531631471
69.35,-4.10238151653484
69.36,-0.0177633846068955
69.37,-4.76701904666733
69.38,-4.18843780053687
69.39,-4.5256514911648
69.4,-8.8341245593198
69.41,-4.80907493959681
69.42,-7.87615449665486
69.43,-6.46594501937438
69.44,-2.9306812457868
69.45,-2.70803699224015
69.46,-2.96113290444363
69.47,-4.52263282635552
69.48,-4.66689234615399
69.49,-4.49275405101025
69.5,-4.55544776071744
69.51,-1.85686796710323
69.52,-4.68803947039194
69.53,-1.12199577005282
69.54,-7.11702070240519
69.55,-4.03874586348324
69.56,-4.85551019538832
69.57,-6.71193997010375
69.58,-2.45473555369789
69.59,-5.61296264988539
69.6,-5.20100654360872
69.61,-1.05210476771202
69.62,-3.00247566819602
69.63,-0.210794754349126
69.64,-4.90720749639463
69.65,-1.02599870138826
69.66,3.27177345069068
69.67,-2.44634330730207
69.68,-4.3019204483652
69.69,-3.31696542433574
69.7,-3.88737371228364
69.71,3.06486027100038
69.72,0.828653237374648
69.73,-1.81381904184882
69.74,3.4059216182548
69.75,2.91063503290281
69.76,0.568565818261555
69.77,0.180690572277451
69.78,3.26546167059232
69.79,4.13280707541561
69.8,2.59836810616964
69.81,-1.05501766096081
69.82,-0.171929858922243
69.83,5.62248900410857
69.84,3.42876594846315
69.85,-1.43780300024284
69.86,0.0145016984374641
69.87,3.39081573615203
69.88,-3.11181933205131
69.89,4.88715021824425
69.9,2.8928028239839
69.91,-0.402635197327997
69.92,4.04311017617774
69.93,-2.2267725782802
69.94,1.87608298052565
69.95,4.96460992961193
69.96,1.1294501915171
69.97,1.44278564125718
69.98,1.98368227575393
69.99,3.11148606375226
70,1.18123611309564
70.01,6.54342017572738
70.02,-2.20036279373553
70.03,4.19191332152439
70.04,2.34307969985014
70.05,1.4193498002548
70.06,4.93790991832228
70.07,-1.90723236278079
70.08,3.57378413824461
70.09,0.281285871001663
70.1,1.63807288242059
70.11,-0.270909202675148
70.12,-4.05867417656898
70.13,2.30888599609038
70.14,-1.43254110775268
70.15,0.621107067042551
70.16,-6.55778617673549
70.17,-1.32391994802589
70.18,-2.39574612734904
70.19,-2.58430904489905
70.2,-5.38298489215074
70.21,-3.38340146676177
70.22,-2.02752427588717
70.23,-0.241261154769187
70.24,-3.3482646712918
70.25,1.15291687283132
70.26,-0.243756962912478
70.27,-2.74799424725959
70.28,-1.50985994941966
70.29,-1.31317488264292
70.3,-0.622022201472023
70.31,-1.21678905669938
70.32,-3.41473142845164
70.33,-1.41300649108222
70.34,0.474818360976616
70.35,-1.60974300645819
70.36,-6.66691216677765
70.37,0.344902286508968
70.38,-6.63746138247792
70.39,-2.94956965893327
70.4,0.819338486472735
70.41,0.500576771939292
70.42,-1.64444350069876
70.43,2.645645941891
70.44,1.98160077916969
70.45,-2.89868129001739
70.46,-4.78059303676137
70.47,2.66116516820058
70.48,1.37452013993548
70.49,-4.64037827806814
70.5,-3.12863138847389
70.51,-0.466326508926552
70.52,-1.76460130947047
70.53,-4.23917762789706
70.54,-5.76941415316393
70.55,-1.2113002878435
70.56,-1.18690316954851
70.57,-0.979831573124677
70.58,-2.49441081439084
70.59,1.57658922552926
70.6,2.37083019629519
70.61,-6.32274733309763
70.62,-1.69143162724508
70.63,-1.25458753978546
70.64,-0.685784078794679
70.65,0.0218985181844734
70.66,-0.391883985034829
70.67,-2.14886383562093
70.68,-0.653333041753889
70.69,1.54986275806663
70.7,4.20824902505168
70.71,-1.05221556087689
70.72,-3.2505984816873
70.73,-2.73740687570563
70.74,-0.374262226214437
70.75,3.77888737366386
70.76,2.13791146940775
70.77,-3.15482310957581
70.78,-0.658037884216919
70.79,-1.50097600666114
70.8,1.14218870648986
70.81,0.349906301132582
70.82,-1.01537710399333
70.83,-2.35901944121502
70.84,-5.65424315522115
70.85,2.13240563917909
70.86,-0.0351989031439716
70.87,-0.957215323527143
70.88,-3.76663324262693
70.89,-2.19038264070621
70.9,0.430361484068361
70.91,3.81891304666306
70.92,0.945602047695881
70.93,0.637222704807224
70.94,-6.54893998113333
70.95,-3.69862779047809
70.96,-4.53741495408471
70.97,-3.56393057936762
70.98,1.48832991405807
70.99,0.864949511118807
71,0.185187357488789
71.01,-2.7446186555024
71.02,-2.57193604360238
71.03,-5.27790119715394
71.04,-0.884984193308382
71.05,-0.851727244349248
71.06,-5.00342421299548
71.07,-1.98917921721125
71.08,-0.269820875810015
71.09,-1.56588808184549
71.1,-2.42951774339648
71.11,0.435265496681751
71.12,-1.73103364047298
71.13,-2.94678942967186
71.14,0.385953989796688
71.15,1.92237121931092
71.16,-2.28791362380287
71.17,-0.790689972527324
71.18,0.998838926525992
71.19,-1.14319165497905
71.2,-0.4695271584148
71.21,-1.20919807866384
71.22,0.275621074654196
71.23,-3.06624937026582
71.24,-4.976908718765
71.25,-2.67882333851982
71.26,-3.78026581668779
71.27,-2.44708151731066
71.28,-0.117072591820755
71.29,0.565956827286127
71.3,0.662339976960244
71.31,1.35614115580861
71.32,4.27129017382049
71.33,4.41937485923296
71.34,-0.672656764808082
71.35,-0.0758019178543877
71.36,1.01154264586349
71.37,2.02083507322308
71.38,-1.398411840759
71.39,-1.71587382500458
71.4,-0.204364867450288
71.41,0.885283502411096
71.42,4.58164835032234
71.43,-2.88403327274677
71.44,3.13051391235183
71.45,2.41713433054272
71.46,4.80211124993254
71.47,4.1767116190581
71.48,4.78616157543542
71.49,7.14510441942676
71.5,5.00459265744501
71.51,3.71470395249891
71.52,4.8751376003336
71.53,4.71697869176076
71.54,-0.823410938272269
71.55,4.20748724519869
71.56,3.43753837187079
71.57,1.64572676908574
71.58,3.81234174283193
71.59,6.07076736521189
71.6,2.61152180018155
71.61,4.95376131649015
71.62,5.97367942683672
71.63,3.17496485202581
71.64,3.17063439634852
71.65,-0.642662175518246
71.66,2.06443695498424
71.67,-1.19089963567242
71.68,0.505061721785476
71.69,3.48873330984162
71.7,4.69293039995183
71.71,4.75050940024139
71.72,5.59382120784895
71.73,2.90316098487241
71.74,0.966702043166164
71.75,0.355804813916391
71.76,-0.858277964817967
71.77,-0.479554284414234
71.78,-0.254742147277691
71.79,4.71222805769712
71.8,2.20282639590391
71.81,0.0828877118726427
71.82,-1.50628535744435
71.83,-2.02830577089
71.84,1.14778964416736
71.85,1.35967398895919
71.86,2.45667406199085
71.87,-4.182245010993
71.88,-0.750316223372125
71.89,-1.74573695673003
71.9,-2.95367162117927
71.91,0.954788030096399
71.92,1.81443738418843
71.93,1.70818331055322
71.94,-1.57461956718966
71.95,-4.49077540867937
71.96,3.3800526226609
71.97,3.29042941268381
71.98,-0.917622082709718
71.99,0.748362767930854
72,1.56538799380003
72.01,-0.105342827310584
72.02,1.32237055012884
72.03,8.48221815386073
72.04,2.26462789462669
72.05,-0.156969401078796
72.06,0.969017589958932
72.07,5.61523676472699
72.08,5.71764162682376
72.09,0.977993994759006
72.1,2.60284396404557
72.11,8.72434232295386
72.12,4.60034000073903
72.13,-4.61023530723532
72.14,4.28719015275692
72.15,3.37817542514435
72.16,2.09138100418768
72.17,7.68267833736373
72.18,4.38821229219394
72.19,0.545986340343292
72.2,8.5334127983027
72.21,3.28032703181354
72.22,6.57737777119586
72.23,3.47284490864346
72.24,9.13083456395187
72.25,3.48560397952887
72.26,6.13932766887437
72.27,3.96633615433841
72.28,4.71994044232247
72.29,3.1741850441584
72.3,8.73045792408655
72.31,7.73141366302266
72.32,3.93579020530507
72.33,8.48942113033879
72.34,2.39874993138625
72.35,3.52630156884356
72.36,7.39802684699623
72.37,3.4349856270239
72.38,3.36474859785448
72.39,5.22738640552232
72.4,2.59205928086411
72.41,6.09681059323295
72.42,2.51755904478093
72.43,4.00873699939732
72.44,8.18809375493985
72.45,7.18851336472318
72.46,7.28521035917048
72.47,8.32431985255529
72.48,6.19784762373571
72.49,3.9099344656791
72.5,4.18179414229966
72.51,4.11270127453792
72.52,1.36618683030279
72.53,5.46872278882533
72.54,2.2403408858482
72.55,4.08017661714203
72.56,3.51084705635616
72.57,8.82079931822229
72.58,10.2394273134831
72.59,8.30370414800894
72.6,5.35419102632763
72.61,2.62277780149902
72.62,3.30251501094479
72.63,7.96435459922198
72.64,9.28225652909432
72.65,4.81640550404738
72.66,2.3199614022949
72.67,4.77264190619505
72.68,6.72224131383883
72.69,6.01019678226275
72.7,7.25204683974343
72.71,5.4094653766962
72.72,6.74801552921496
72.73,7.68205245999484
72.74,8.57693851558272
72.75,9.94753719755025
72.76,7.00298854680446
72.77,11.9702849161807
72.78,8.27569378548794
72.79,6.63543161464999
72.8,9.01711635227225
72.81,5.99771976036078
72.82,9.05545859765803
72.83,13.4623958161304
72.84,9.36052708130844
72.85,7.28587058256695
72.86,15.141959976017
72.87,10.5903133059828
72.88,15.2670278306668
72.89,12.6031838029963
72.9,12.5748724593047
72.91,10.4961631154931
72.92,11.804715843592
72.93,13.0153995864071
72.94,13.8089794321407
72.95,13.3209490879433
72.96,15.3989626336022
72.97,14.5969640974652
72.98,8.5136944223076
72.99,12.6449971006876
73,15.5791859292537
73.01,11.3304971865445
73.02,9.08863484108156
73.03,15.1259646775814
73.04,10.4465923082058
73.05,13.3108678804399
73.06,8.03038204493384
73.07,12.5897073231151
73.08,8.4238560066364
73.09,12.3333398727635
73.1,13.6078818718711
73.11,8.53709454875119
73.12,16.2805507963976
73.13,13.5892543927816
73.14,9.75085287027695
73.15,7.38320359896766
73.16,13.6231642653914
73.17,14.1928257661364
73.18,15.3734390526214
73.19,15.6295773325049
73.2,12.9902254496236
73.21,12.2892733631324
73.22,15.6293699394942
73.23,16.4000061084148
73.24,12.3266380524444
73.25,15.0661926866528
73.26,11.0113988709394
73.27,14.6320241786711
73.28,13.3727480572691
73.29,17.2633551989196
73.3,8.39741372436432
73.31,13.5221236979615
73.32,10.5204920388017
73.33,15.489380066316
73.34,19.643297092115
73.35,12.1733249632415
73.36,15.1538167418916
73.37,16.3319764609007
73.38,11.3693887430813
73.39,17.1761369505042
73.4,16.2860935063147
73.41,16.267951141879
73.42,14.3044533979708
73.43,14.2024181317783
73.44,11.2251720056665
73.45,20.7039306540858
73.46,19.9732589124679
73.47,20.9364634417234
73.48,15.3998811797581
73.49,14.237155678642
73.5,17.0619850188456
73.51,17.6883111135659
73.52,22.3838247185497
73.53,17.3561782190894
73.54,19.0286090555146
73.55,14.682669309191
73.56,17.361067143825
73.57,14.3623741341284
73.58,18.8093563120508
73.59,16.8790366222303
73.6,13.4313655760568
73.61,17.862721532248
73.62,16.2899175756927
73.63,14.7031270086602
73.64,15.5102230148213
73.65,13.3515482602677
73.66,15.2534135103956
73.67,16.057962498104
73.68,14.980992731533
73.69,14.6381370134872
73.7,15.7996970774537
73.71,13.9572374121272
73.72,18.4584992669055
73.73,16.0442363283623
73.74,13.1365301601504
73.75,13.5616315113136
73.76,16.1594267736878
73.77,15.5635476684307
73.78,13.092229667982
73.79,20.4305112984369
73.8,14.8477821579826
73.81,15.0922472628171
73.82,14.8597704972669
73.83,11.4441466811397
73.84,27.2109713027432
73.85,15.084763116419
73.86,16.3586083852954
73.87,23.582540321913
73.88,17.0912954566849
73.89,22.0045193798167
73.9,14.0066948336004
73.91,17.7172735399882
73.92,18.2111297827909
73.93,15.023255706516
73.94,19.7310853412848
73.95,17.3676264700097
73.96,13.7201441093514
73.97,9.87739033131404
73.98,9.64089369517545
73.99,13.241920697288
74,11.753926574107
74.01,4.36719158282063
74.02,2.62710600256281
74.03,1.53147197857534
74.04,3.73526589632341
74.05,-1.08199315366944
74.06,-3.85096415547385
74.07,-6.35960128647639
74.08,-10.436915500096
74.09,-10.0021466253479
74.1,-10.1885206728458
74.11,-8.86614787510731
74.12,-11.1856258575483
74.13,-8.60874603748438
74.14,-11.3065014720007
74.15,-8.80073438366821
74.16,-7.50693128148452
74.17,-6.44843355959447
74.18,-8.7871778624463
74.19,-9.26678022281343
74.2,-7.75519745504294
74.21,-9.45941995196279
74.22,-5.9958355270539
74.23,-10.7165165682645
74.24,-9.58001904134589
74.25,-10.4332134642499
74.26,-9.63680526442648
74.27,-7.22374014085262
74.28,-8.16447098508828
74.29,-5.58491875726685
74.3,-10.5239532563458
74.31,-7.85712651569119
74.32,-7.89714439096631
74.33,-11.1824445712285
74.34,-8.20051298029157
74.35,-7.7850188230882
74.36,-9.05871362743818
74.37,-6.58262358634535
74.38,-7.19270594528089
74.39,-6.91801138280376
74.4,-9.16242276697697
74.41,-10.4348452043097
74.42,-6.99290118256201
74.43,-12.4770119408838
74.44,-8.79676384589069
74.45,-9.27036583622479
74.46,-7.14137346829482
74.47,-8.11116160061512
74.48,-7.00799048591552
74.49,-10.4864412759401
74.5,-10.0070187506571
74.51,-10.0268056977883
74.52,-7.8519799254304
74.53,-10.9154144205284
74.54,-6.56459109524395
74.55,-6.01353188459499
74.56,-10.4901606690866
74.57,-8.66642120745343
74.58,-7.57008738039698
74.59,-10.5500460986455
74.6,-6.50070742862858
74.61,-10.3930531457477
74.62,-8.48605261069788
74.63,-9.90251219691664
74.64,-6.7841125317104
74.65,-7.03859781133351
74.66,-6.72586504114697
74.67,-8.76161663220222
74.68,-8.40283897412956
74.69,-9.47316183264862
74.7,-7.40203839569719
74.71,-7.20588831045202
74.72,-8.3633209478451
74.73,-7.9529565746197
74.74,-9.43629070516105
74.75,-10.2355914969789
74.76,-9.83595765802653
74.77,-7.53522678439504
74.78,-6.51230670255314
74.79,-8.15552925275617
74.8,-6.73392919434983
74.81,-7.18871343638913
74.82,-4.85907384626618
74.83,-6.92539749806726
74.84,-10.3406232852243
74.85,-6.22709380450411
74.86,-8.45662890311034
74.87,-7.85759126817146
74.88,-6.19774106918684
74.89,-7.41956481262061
74.9,-8.33211197154266
74.91,-8.52159649108979
74.92,-4.95380344023876
74.93,-8.18277311775571
74.94,-9.77546870141126
74.95,-7.21668250574625
74.96,-8.76594047623977
74.97,-9.49311207718499
74.98,-5.90663924788288
74.99,-4.1658959714041
75,-10.1510873338418
75.01,-10.721821034743
75.02,-5.54884592483671
75.03,-10.4530498632023
75.04,-8.2308101539181
75.05,-7.69817037363917
75.06,-6.49378814741975
75.07,-4.4808681169416
75.08,-8.12942979836319
75.09,-9.94572040246055
75.1,-11.663763702436
75.11,-10.2609208539547
75.12,-7.8603548085548
75.13,-9.49626169601674
75.14,-5.73423854823663
75.15,-9.50682484732658
75.16,-6.70958355201164
75.17,-5.26043637064453
75.18,-10.4674440626573
75.19,-8.25450511716139
75.2,-9.60388043404146
75.21,-12.0168526641511
75.22,-8.10174754443594
75.23,-5.0337227905192
75.24,-7.93768432748835
75.25,-9.12943229489439
75.26,-7.70920726724517
75.27,-8.33694733927092
75.28,-7.20623331921745
75.29,-6.01051689537546
75.3,-8.53861015992546
75.31,-6.01132217248163
75.32,-8.31702792852715
75.33,-8.86458095246708
75.34,-4.14722184859102
75.35,-4.99983507549665
75.36,-9.87968352617268
75.37,-6.27148663041234
75.38,-8.53643037897931
75.39,-6.14594877317668
75.4,-10.6677065711035
75.41,-8.46257277376564
75.42,-3.05624939008312
75.43,-6.97144125239419
75.44,-7.33409250129447
75.45,-7.85497567837408
75.46,-4.61285505298563
75.47,-10.750592011626
75.48,-7.03703542598848
75.49,-6.55683871372607
75.5,-5.34799640249565
75.51,-7.9503411500034
75.52,-5.71035731454637
75.53,-5.07896445390804
75.54,-4.50224360796319
75.55,-6.94386055148922
75.56,-6.23099596917995
75.57,-10.3030586124392
75.58,-5.7726965236195
75.59,-6.1707256187594
75.6,-4.46031908542731
75.61,-2.82761192813476
75.62,-4.80271634048746
75.63,-5.55277491431431
75.64,-4.58009561342055
75.65,-3.12913349929581
75.66,-5.40552178932861
75.67,-5.17184594308465
75.68,-2.79797218126194
75.69,-5.37935065919243
75.7,-5.8499062334953
75.71,-6.57476805960639
75.72,-8.65408151882468
75.73,-10.0951350435433
75.74,-9.46629300049797
75.75,-4.29852048700318
75.76,-4.21596785465242
75.77,-8.5495604669659
75.78,-9.69965362704682
75.79,-2.92165111706419
75.8,-7.34538739383885
75.81,-9.967477365264
75.82,-3.5974137352831
75.83,-4.04373933566121
75.84,-11.5958216340776
75.85,-4.2983992533603
75.86,-7.27357303399705
75.87,-4.66344306745221
75.88,-7.19358177881005
75.89,-8.23436955994791
75.9,-4.59371244105484
75.91,-10.0412533715596
75.92,-4.32964995760345
75.93,-3.13187913188766
75.94,-7.50900608180727
75.95,-5.53498109281358
75.96,-8.00966778613727
75.97,-9.43779230836291
75.98,-3.55275843253729
75.99,-9.2409260150953
76,-7.05887355057089
76.01,-5.89214858109883
76.02,-10.1637248526305
76.03,-6.72325890438162
76.04,-2.11379971968436
76.05,-3.92348128174609
76.06,-9.68883741896171
76.07,-7.9308715958769
76.08,-6.45588795359301
76.09,-6.23475714018499
76.1,-3.59279228277416
76.11,-1.52967293926308
76.12,-7.29769627991811
76.13,-9.86370605086072
76.14,-4.45683390638018
76.15,-5.02538589257418
76.16,-2.03288325622363
76.17,-4.56323751262594
76.18,-2.34475678648533
76.19,-3.65233821319676
76.2,1.13412871215031
76.21,-4.94286196636541
76.22,-5.41062754351777
76.23,-7.60358684416352
76.24,-6.80630540483307
76.25,-3.40315797868184
76.26,-6.30169060649809
76.27,-5.31266670708134
76.28,-6.66071860279365
76.29,-4.77233765857209
76.3,-5.37642094848497
76.31,-2.15150712303106
76.32,-3.44566360110318
76.33,-3.68700134192404
76.34,-5.84730898397193
76.35,-9.02665237112864
76.36,-4.90136843099531
76.37,-2.26920473845042
76.38,-7.45869979762537
76.39,-8.63292577620571
76.4,-6.81797345628579
76.41,-1.21109340629096
76.42,-6.38633543798364
76.43,-8.99452469923928
76.44,-2.69397539037381
76.45,-9.27982465649964
76.46,-6.97683533826322
76.47,-4.04862347001493
76.48,-11.0807607826458
76.49,-0.8810852856514
76.5,-10.5312384763912
76.51,-5.7955570390476
76.52,-7.19060384855833
76.53,-1.7117347441983
76.54,-7.50600171396291
76.55,-5.42996383023071
76.56,-6.23637479411997
76.57,-0.527828739038741
76.58,-5.88643744966632
76.59,-5.33314523591037
76.6,-3.96175748344047
76.61,-8.14399964019621
76.62,-5.67061499390328
76.63,-3.91423711908251
76.64,-7.61961727316096
76.65,-6.52735245864103
76.66,-2.04965399293968
76.67,-10.0698884973097
76.68,-5.44693543538417
76.69,-3.02567097719919
76.7,-2.74350753232588
76.71,-2.59874313260704
76.72,-9.76713660745659
76.73,-3.63493705638145
76.74,-4.16588191782943
76.75,-4.1974884559398
76.76,-2.79850763840788
76.77,-4.54149022580178
76.78,-3.70199840379673
76.79,-10.3641082983264
76.8,-9.76536375392259
76.81,-6.07962412091697
76.82,-9.20129227714915
76.83,-6.67746016490076
76.84,-1.92152983760505
76.85,-13.0949092275541
76.86,-7.86598503209784
76.87,-6.25655306074664
76.88,-7.16575400190337
76.89,-7.70869605158913
76.9,-7.86115910992682
76.91,-8.08169057089424
76.92,-7.14852552359278
76.93,-2.34024731593947
76.94,-2.4593127963058
76.95,-4.38606362706451
76.96,-4.26703510946092
76.97,-8.36377879928951
76.98,-9.16120464938053
76.99,-2.98981569592664
77,-0.49196911521178
77.01,-0.440841115047324
77.02,-4.81532779978803
77.03,-3.9800363866276
77.04,-0.538479002994498
77.05,-1.87688004640916
77.06,-1.0998742295395
77.07,0.522449392620606
77.08,-1.60568073891505
77.09,-5.9983143223477
77.1,-3.96242564689073
77.11,0.44474580084893
77.12,-2.63928934741385
77.13,-2.75070272120799
77.14,-0.197557241368821
77.15,-1.06048068622126
77.16,-3.67266976770995
77.17,-0.308956099698795
77.18,-5.67503272432257
77.19,-1.56373615792086
77.2,-2.31151987851012
77.21,-4.60803750336304
77.22,-0.299271186195503
77.23,-0.815661742806046
77.24,-2.25737989135817
77.25,-2.72314501389211
77.26,-6.37208653218213
77.27,-3.98620532390375
77.28,-5.20666247355254
77.29,-3.93139515799163
77.3,-8.05804236850043
77.31,-2.73929004290233
77.32,-2.1077745586113
77.33,-0.619187735129807
77.34,-4.88014947519241
77.35,-3.91815547245843
77.36,-3.53972553017366
77.37,-2.86891301847485
77.38,-0.571212153675268
77.39,-9.22017219268326
77.4,-0.102071498721927
77.41,-2.61546212105897
77.42,-2.5934828483931
77.43,0.964971435387775
77.44,-3.28294855786393
77.45,-2.68853702255483
77.46,-0.888308657423087
77.47,-3.15028888371727
77.48,-1.32085464042427
77.49,0.38371664090965
77.5,-2.07549524863789
77.51,-0.401703500048193
77.52,3.19354536153328
77.53,-3.44611691351828
77.54,-0.238885365080652
77.55,4.4183457899252
77.56,-0.360391422648522
77.57,2.81522555881225
77.58,2.88565548269943
77.59,-2.31859130049601
77.6,-0.276024820854177
77.61,3.48318248136019
77.62,1.5099665763327
77.63,3.42169617283337
77.64,1.60244978234659
77.65,-3.9442149568629
77.66,-0.879424684571238
77.67,2.85171544443801
77.68,-0.705883703216939
77.69,1.46902186305323
77.7,0.287335657257062
77.71,-4.47078807662925
77.72,2.59115490138029
77.73,-5.12731425362518
77.74,-2.57351608465385
77.75,1.78727054617826
77.76,0.538661460718436
77.77,1.64918192300647
77.78,3.18710643715863
77.79,-0.174832145592722
77.8,5.01868528204584
77.81,-0.495540936213885
77.82,-0.694729715518546
77.83,6.76447875365574
77.84,0.840637377736694
77.85,-0.374416219739686
77.86,3.29842090894994
77.87,-0.892258845774576
77.88,1.99956299123157
77.89,0.665101252589837
77.9,4.30048536817403
77.91,-1.35024390923528
77.92,1.76242953625319
77.93,3.62614631032844
77.94,-0.0774213979827695
77.95,2.70386162950516
77.96,0.728238922682401
77.97,4.29035408693509
77.98,-1.51027589017569
77.99,0.667071383454954
78,-1.46678779881769
78.01,5.82283113439319
78.02,-0.255006519192498
78.03,2.19629054480162
78.04,-0.916618584411833
78.05,2.25444151463548
78.06,-0.335308960997932
78.07,2.03519614294466
78.08,-1.38677613630996
78.09,0.0574732400523815
78.1,0.648385690354159
78.11,1.59903516291176
78.12,-1.11892023601467
78.13,0.517714082757649
78.14,-1.70711848676451
78.15,-1.78245345970976
78.16,-2.14981801331943
78.17,3.55615251060311
78.18,-1.29830861232316
78.19,1.68443833854621
78.2,-2.32816162767742
78.21,2.16943930671077
78.22,-2.95918638632193
78.23,0.431272214817176
78.24,-1.72383102598804
78.25,-0.0930816262528465
78.26,2.21789730419794
78.27,3.26762325962353
78.28,-3.95334102280803
78.29,2.55323602064111
78.3,-1.3240562872538
78.31,1.76416912476708
78.32,-2.08161405560072
78.33,2.92160850087922
78.34,-1.81299982629051
78.35,1.72888584822044
78.36,-0.503538660764442
78.37,-2.80329825899099
78.38,1.93528192417186
78.39,1.37159783031333
78.4,0.139083431209053
78.41,1.64512180926126
78.42,5.89155587495722
78.43,-2.59464373965699
78.44,4.17900650908866
78.45,0.0680997392264468
78.46,1.55534668143013
78.47,3.38651408008603
78.48,-0.251638256413512
78.49,4.68787099560822
78.5,-2.73074526853242
78.51,-0.564988655846513
78.52,2.86759391689757
78.53,0.354361777963642
78.54,5.5246581178462
78.55,-0.954886210507773
78.56,0.596991041542496
78.57,-0.476346201989
78.58,-2.66859872155523
78.59,4.67607772486303
78.6,0.816116651556551
78.61,-1.65514007903953
78.62,0.809199223910815
78.63,-2.29959558494106
78.64,-0.483631850209577
78.65,1.62023792314609
78.66,0.390941237544043
78.67,0.194878471732202
78.68,2.52065762251281
78.69,-1.94070558410058
78.7,0.385062096451201
78.71,0.823447400545614
78.72,-2.53743703080778
78.73,1.46698406852075
78.74,-2.8401681910228
78.75,-1.64604456132046
78.76,1.01473696684592
78.77,-5.43822418440171
78.78,-2.45710942498007
78.79,1.72084925805433
78.8,-3.89199151261439
78.81,-0.774652761865718
78.82,-3.6730154231037
78.83,-0.845509954221302
78.84,-2.96060009395156
78.85,-3.99144422271263
78.86,-0.502119032082253
78.87,-2.88172176048586
78.88,-2.91568281941135
78.89,-3.81185199576787
78.9,-0.833028447435207
78.91,-1.62235848074497
78.92,-1.78889021503608
78.93,3.37195475251406
78.94,-1.90015565287861
78.95,-0.212171374302489
78.96,-2.7622989176502
78.97,6.53978982468058
78.98,1.12162531766148
78.99,4.2518762100556
79,1.38266621941602
79.01,2.19451775321263
79.02,3.8887390919442
79.03,-0.2479284805028
79.04,3.76758557508989
79.05,-3.46857863988922
79.06,3.48450484182281
79.07,-2.11148411304206
79.08,0.654638155922015
79.09,-0.922111796790452
79.1,-1.50524274799911
79.11,0.501615353941895
79.12,0.617410381394826
79.13,3.42927795102786
79.14,0.848986164166193
79.15,0.807447558540511
79.16,0.0124348340478705
79.17,-3.07856932521049
79.18,1.55797391670734
79.19,-0.649340437821217
79.2,4.06351379402648
79.21,0.947287507965076
79.22,-0.865697036623111
79.23,1.07076276811524
79.24,0.490596999354906
79.25,-0.167847668415987
79.26,5.06691609459665
79.27,2.36665617922406
79.28,0.789271062805142
79.29,6.40086507569677
79.3,3.14987474683099
79.31,2.43819415682594
79.32,8.68740284809236
79.33,4.48408837027847
79.34,0.602473367946281
79.35,2.19719092691191
79.36,5.35370056441978
79.37,7.31054244945924
79.38,-1.0862187417504
79.39,2.22319748437242
79.4,4.05207065851933
79.41,6.32636322429425
79.42,4.04459594024043
79.43,1.51806460531599
79.44,0.871561459343915
79.45,2.30380509852912
79.46,3.56354873745954
79.47,8.99394179119652
79.48,3.93253003543998
79.49,0.86695237053848
79.5,1.60806059858772
79.51,4.55972766728153
79.52,1.84246926709792
79.53,2.68071609319987
79.54,-1.26592356723933
79.55,1.63294162858408
79.56,-0.712593700599119
79.57,1.57085228828949
79.58,0.0384002621747078
79.59,1.43856789914228
79.6,1.0700700097967
79.61,1.1217337632674
79.62,1.1570129013816
79.63,3.71648403802512
79.64,3.53063326812641
79.65,4.7333589619314
79.66,6.32411315266706
79.67,9.85223120564462
79.68,9.96692745305302
79.69,4.13171465284243
79.7,2.78064547953667
79.71,1.74208870352963
79.72,4.95704213036998
79.73,8.19556174244014
79.74,9.26835878065645
79.75,1.40504511078421
79.76,6.16527908985197
79.77,8.55399852022632
79.78,3.19454965756644
79.79,7.26451335145889
79.8,10.6801586991746
79.81,2.76102945614965
79.82,2.7442643745356
79.83,6.43497730882801
79.84,3.22430423818956
79.85,7.9956695154092
79.86,3.86140088370352
79.87,8.11958452660332
79.88,2.70522208875629
79.89,5.4364597961787
79.9,4.66942543410861
79.91,5.45003342487382
79.92,3.46983785393588
79.93,11.6285776609223
79.94,7.57076516951479
79.95,4.189567657579
79.96,8.94993373488042
79.97,7.99630805288685
79.98,5.95905244712249
79.99,11.8790347822995
80,7.44303682261242
80.01,5.57967656188602
80.02,6.6803762238324
80.03,11.5783271781288
80.04,11.4164965777315
80.05,9.79834073319433
80.06,9.19093133802745
80.07,7.56394029430703
80.08,4.19632397274645
80.09,5.47569539146319
80.1,6.85063033135884
80.11,5.62627443581201
80.12,8.28557359590033
80.13,9.59428937603739
80.14,9.01959667259327
80.15,11.2105079723395
80.16,12.3652859011748
80.17,11.3946682722027
80.18,5.27394532117836
80.19,6.23617211393825
80.2,10.2360380823906
80.21,11.7797057307391
80.22,5.52870301751953
80.23,8.99925176905029
80.24,11.679471885315
80.25,4.85150152556535
80.26,7.35894677439697
80.27,10.8787957063689
80.28,8.1763142642639
80.29,12.1937980668304
80.3,6.91084098926079
80.31,12.8902032383911
80.32,4.84475660692378
80.33,12.4865291771882
80.34,6.68811995846939
80.35,6.0524584507299
80.36,7.14085090454548
80.37,6.17641940331467
80.38,6.26273378251834
80.39,8.50359530973634
80.4,3.08065152638958
80.41,4.4195133324561
80.42,7.93803503612129
80.43,7.90953271306724
80.44,8.95861089873063
80.45,5.18941487007617
80.46,5.99499442571756
80.47,10.3771939371583
80.48,10.2735060312894
80.49,7.37360372707147
80.5,9.31049730241734
80.51,6.42909332554851
80.52,5.63397513623736
80.53,7.12048017550895
80.54,9.70642260699326
80.55,10.5896069735917
80.56,9.17931793564899
80.57,12.0182640421876
80.58,11.1425911091562
80.59,11.3095931688404
80.6,5.7638859471195
80.61,4.97739937671993
80.62,6.79937840755719
80.63,7.01285501763856
80.64,11.9437990421966
80.65,4.40587732068787
80.66,10.4419373002208
80.67,13.3848172720212
80.68,5.42528125732594
80.69,9.70652640192767
80.7,11.9646221667499
80.71,7.57142972590986
80.72,12.2139905218066
80.73,7.0589498416332
80.74,9.28503821018201
80.75,7.61203573358519
80.76,10.8375526197239
80.77,5.82340458818541
80.78,7.13227357797796
80.79,9.7809979504031
80.8,5.61963810913451
80.81,4.48695008023831
80.82,12.0468489611736
80.83,10.1730907918068
80.84,9.12853253768062
80.85,6.16419826566865
80.86,11.4236038665934
80.87,12.1129157107121
80.88,10.8683290451714
80.89,10.2719184656361
80.9,8.07252019917188
80.91,11.2453044694827
80.92,9.95968175026946
80.93,11.6390407580679
80.94,12.6568971484012
80.95,8.1601356030721
80.96,12.8048741547438
80.97,10.3217796690987
80.98,11.895817354485
80.99,14.6008247155292
81,9.31197944311461
81.01,11.1055146161332
81.02,13.524527946189
81.03,10.1600366141669
81.04,8.92858033446117
81.05,12.2843506084961
81.06,7.87672194254051
81.07,9.93600095686568
81.08,7.38401296907035
81.09,9.24226432030166
81.1,5.9127706214187
81.11,6.06098425505345
81.12,5.83098719002967
81.13,6.86738316853677
81.14,8.33073614197004
81.15,11.4687559943282
81.16,9.01706519202139
81.17,9.58308976050062
81.18,8.23562169186274
81.19,9.41924560541877
81.2,8.77651562843684
81.21,6.38028877391789
81.22,9.16421649002584
81.23,9.7402673524025
81.24,10.5451690602567
81.25,10.9208691463191
81.26,10.2238674598684
81.27,8.42536324939883
81.28,9.69715639106264
81.29,9.07593366493879
81.3,12.0924959149438
81.31,12.5750737593176
81.32,11.7491033751329
81.33,9.16234678915937
81.34,7.29672945141581
81.35,10.4100972715438
81.36,7.15860170975039
81.37,7.71129255045892
81.38,8.2876974579369
81.39,5.72851554046466
81.4,7.39982849361017
81.41,11.4404734625879
81.42,10.2267833319619
81.43,11.5962277918023
81.44,11.0462539131788
81.45,10.1638496100834
81.46,15.4962950902665
81.47,9.99877964119511
81.48,11.3440217960975
81.49,12.3766356954848
81.5,9.24812611896141
81.51,12.5154875894853
81.52,11.2682888554044
81.53,17.0997161688132
81.54,12.2270686445432
81.55,10.6686936334271
81.56,13.7674898239918
81.57,11.7086105426645
81.58,12.8291038353604
81.59,17.0449266368338
81.6,12.5023790418645
81.61,12.2188497498935
81.62,13.0300339903611
81.63,12.4890924284381
81.64,10.1131098988595
81.65,11.1331550948552
81.66,8.99532894445693
81.67,11.3089790893971
81.68,10.5362988141438
81.69,9.20655935273967
81.7,6.84436659519239
81.71,6.28552686350063
81.72,8.52291414991676
81.73,9.20601048531742
81.74,6.21091528643656
81.75,4.62619319609832
81.76,6.44448389074974
81.77,7.78966550998416
81.78,2.06622211749447
81.79,6.58257894330113
81.8,4.37544398416851
81.81,10.9969778600121
81.82,6.30755295755189
81.83,6.74785079945883
81.84,7.49337896708073
81.85,4.9596511075502
81.86,8.86886125757867
81.87,6.6891255921716
81.88,6.98769982610499
81.89,3.74065436479687
81.9,2.15025829106366
81.91,2.07571906612731
81.92,1.85784167253904
81.93,0.800117895135461
81.94,1.94399513663432
81.95,-4.25970477124295
81.96,-3.95766015226212
81.97,-5.15449534190565
81.98,-8.92523787529793
81.99,-11.1839388722277
82,-6.8337897520061
82.01,-6.95986715086169
82.02,-10.4857934857932
82.03,-12.1153504306309
82.04,-6.84258675205093
82.05,-10.5010467564874
82.06,-9.83123538644717
82.07,-9.92941260310294
82.08,-8.71947535262305
82.09,-10.8442534998238
82.1,-8.53988776320699
82.11,-7.12754258683678
82.12,-11.6993964702578
82.13,-10.3479300901644
82.14,-5.91988993314069
82.15,-7.74983602083621
82.16,-8.77864205664651
82.17,-7.64665871216756
82.18,-6.79060061421489
82.19,-9.6866691862547
82.2,-9.56206918693391
82.21,-8.63289586069634
82.22,-9.55916931491389
82.23,-9.57730323236569
82.24,-7.76328766396255
82.25,-8.20497392939453
82.26,-10.489937664155
82.27,-7.83584561824955
82.28,-11.7781804597959
82.29,-11.1223559433781
82.3,-11.1975154827822
82.31,-8.82992862596601
82.32,-9.94743588912461
82.33,-9.26782311444916
82.34,-7.04370364212388
82.35,-9.8669532520464
82.36,-9.64239061303445
82.37,-5.04951582479112
82.38,-12.0235452727669
82.39,-7.79526093957611
82.4,-6.59208571866712
82.41,-8.87277803742445
82.42,-6.47653999976871
82.43,-6.23877550354556
82.44,-10.5961148233962
82.45,-9.39553148474522
82.46,-6.38558210213379
82.47,-9.58134721299909
82.48,-6.18448669572033
82.49,-6.91778149460175
82.5,-9.64058007778156
82.51,-9.47310687673782
82.52,-11.0266985392177
82.53,-6.19552035670858
82.54,-10.8579710629885
82.55,-12.0333077820182
82.56,-9.95870346018169
82.57,-12.0312039978813
82.58,-8.07465051046933
82.59,-6.51251543091669
82.6,-11.4345820047491
82.61,-11.8731180365266
82.62,-9.18818669143464
82.63,-8.07489514568537
82.64,-10.767673344944
82.65,-6.65108962904803
82.66,-8.13654339059731
82.67,-8.66520627047112
82.68,-7.07207655907038
82.69,-8.67833210225917
82.7,-7.80581376766227
82.71,-8.86984149931375
82.72,-10.233343164595
82.73,-7.99741257467643
82.74,-8.25744940414786
82.75,-10.7131368157814
82.76,-6.42197058220137
82.77,-8.7610098184072
82.78,-7.80885727615314
82.79,-10.9281462406367
82.8,-10.7809612963887
82.81,-3.25749046452937
82.82,-7.33489281499176
82.83,-8.29243971552647
82.84,-7.65135786746831
82.85,-5.93928307614831
82.86,-3.23694738077283
82.87,-9.13391558599835
82.88,-6.9669296473511
82.89,-5.97359187229901
82.9,-7.12049337706103
82.91,-9.92116048168756
82.92,-5.53690119639285
82.93,-9.76295691238365
82.94,-6.19315057363779
82.95,-11.0801925611476
82.96,-6.19271948197725
82.97,-5.64264021153969
82.98,-10.7156134137137
82.99,-6.47191149098423
83,-4.92770575068835
83.01,-5.66373551343946
83.02,-9.03631657124583
83.03,-8.96911437450252
83.04,-6.98716314385966
83.05,-5.61748345589736
83.06,-4.1481431840555
83.07,-7.98494328548063
83.08,-10.5726689420591
83.09,-9.1197180403084
83.1,-12.0588612367735
83.11,-7.95766850391728
83.12,-7.24448034220649
83.13,-8.6659785357263
83.14,-8.69855427174175
83.15,-9.00836887921502
83.16,-9.56509252865422
83.17,-7.21033054348054
83.18,-4.80005153820645
83.19,-4.56798582169096
83.2,-8.07055737047163
83.21,-6.96742762287167
83.22,-11.0315208372545
83.23,-8.51394105848876
83.24,-5.07901956590742
83.25,-8.19221607120644
83.26,-6.83682930447506
83.27,-2.87394164945747
83.28,-4.79727878476893
83.29,-8.0208057145893
83.3,-5.49955778952883
83.31,-6.91189826084952
83.32,-8.43301962351618
83.33,-5.12743180722054
83.34,-7.50448744029133
83.35,-3.17392351156079
83.36,-8.38809795524497
83.37,-3.50946970932771
83.38,-10.5138624716535
83.39,-1.41749567650934
83.4,-6.39594976854549
83.41,-1.32454202299487
83.42,-7.08827659420034
83.43,-5.9393242866816
83.44,-2.21383526040099
83.45,-5.0613330423914
83.46,0.771195450052152
83.47,-4.68849464299368
83.48,-1.87616682532225
83.49,1.67347172416646
83.5,-3.46327014447893
83.51,-0.231392573315082
83.52,0.737325451807934
83.53,-1.72921883126823
83.54,-1.50941965682422
83.55,2.57254782580387
83.56,1.47601846322078
83.57,2.6606423857614
83.58,-0.309431502320899
83.59,-0.917556788860834
83.6,-0.66873997219887
83.61,-3.80503774873344
83.62,-2.25368269797759
83.63,2.33635031729705
83.64,-0.388279736620109
83.65,-3.32115711518189
83.66,-0.173585508572186
83.67,-0.77314885811243
83.68,-4.05133672223804
83.69,-3.15568114600014
83.7,-2.63274156333225
83.71,-4.44433578235747
83.72,-4.18925494140139
83.73,-0.681714040395156
83.74,-2.11779487829077
83.75,-3.01741232506476
83.76,-3.93114339471794
83.77,-3.33114797142626
83.78,-5.30298263396739
83.79,-4.55204186724341
83.8,-1.24024537746674
83.81,-1.84402133992562
83.82,-6.72649702785792
83.83,-3.0493371986071
83.84,-3.84954900436585
83.85,-0.515207693655653
83.86,1.4638144663767
83.87,-3.58420561241817
83.88,-3.80687384971143
83.89,-2.45947415705164
83.9,-3.13751307837724
83.91,-1.19927577665113
83.92,-0.612902315394706
83.93,-0.342757164896237
83.94,1.13404910103417
83.95,-4.33019040541153
83.96,-4.21936238831746
83.97,-0.220676508534285
83.98,0.60255646488327
83.99,0.0379375316400174
84,-0.3843377904781
84.01,1.46850599003181
84.02,2.20501054466657
84.03,-1.23903190536133
84.04,1.59235427566636
84.05,1.85272946848119
84.06,3.54312043264596
84.07,2.4565592579022
84.08,3.96366033184371
84.09,3.21018997031186
84.1,2.24344340954418
84.11,1.9082581555158
84.12,3.62332869496037
84.13,8.06194060508575
84.14,2.48818122760629
84.15,2.70157859841383
84.16,5.40783110826036
84.17,2.44183807966305
84.18,4.88864161277502
84.19,1.36847708788082
84.2,2.58396041606566
84.21,4.71715375602073
84.22,4.1421622870665
84.23,2.24481335616985
84.24,6.74643022955961
84.25,4.20745942957489
84.26,1.90358203227937
84.27,8.06277929249821
84.28,5.37358565062669
84.29,5.9237328662697
84.3,7.6726149266741
84.31,3.19378332994088
84.32,9.8920071707972
84.33,2.99152743261546
84.34,7.40603355406251
84.35,2.00205047650175
84.36,5.71277345066799
84.37,2.61450274976623
84.38,7.8400911272481
84.39,2.67606445783402
84.4,7.66726650228744
84.41,5.36017838307235
84.42,2.76083195836208
84.43,6.48080540576978
84.44,5.05378399418629
84.45,4.91748456050172
84.46,6.68154830108525
84.47,6.2620560891438
84.48,1.84298727383565
84.49,4.60384723074913
84.5,6.99451181048114
84.51,2.77384692870775
84.52,3.01342854544337
84.53,7.98409405881569
84.54,5.04280909472227
84.55,6.49847571062092
84.56,6.49234951808998
84.57,5.54241168191714
84.58,3.74146282494001
84.59,5.36612949055109
84.6,5.48031277416646
84.61,9.45026597744017
84.62,6.0011906369375
84.63,6.43191736970201
84.64,6.81859220944259
84.65,8.06943151703661
84.66,7.89222515024474
84.67,7.40105323831746
84.68,8.99756039848483
84.69,6.56078185445457
84.7,7.97309322074864
84.71,3.93571909579337
84.72,7.32972531638722
84.73,9.75245386462441
84.74,7.46259837158198
84.75,10.3167739351508
84.76,7.97110254150388
84.77,10.7886474458228
84.78,9.38495206462126
84.79,13.2607509589963
84.8,11.2489397932977
84.81,11.2285836254886
84.82,8.22166517493994
84.83,13.9137234377544
84.84,8.70140906424292
84.85,10.0399873798267
84.86,11.5620266323002
84.87,11.9338988681434
84.88,8.68944069466244
84.89,11.5734715171206
84.9,9.46375763818095
84.91,6.1778667425899
84.92,8.58970471369875
84.93,11.2294189736931
84.94,8.2128253605797
84.95,8.23148850294701
84.96,8.45033781685629
84.97,9.02889165280317
84.98,7.10851217930606
84.99,4.31729558273326
85,5.75233882033157
85.01,2.77809510436761
85.02,4.27156101435894
85.03,3.35507957878759
85.04,6.14631914265175
85.05,10.746370130988
85.06,5.63967981378487
85.07,5.39155160780009
85.08,7.39187228499611
85.09,4.24760979852195
85.1,5.82032354463459
85.11,5.68728738088201
85.12,6.17414709207366
85.13,7.72917868532686
85.14,9.06994198420788
85.15,8.78150982640548
85.16,9.79509750594639
85.17,11.5007351468971
85.18,6.82863465462474
85.19,13.0971922857158
85.2,9.73296797726834
85.21,9.91602975402746
85.22,10.4295921973652
85.23,6.18829254868185
85.24,12.1516224371952
85.25,7.9883196280495
85.26,8.6414516593923
85.27,10.014305487992
85.28,7.06343105415557
85.29,6.11745377037354
85.3,11.8189091792299
85.31,6.22038503884488
85.32,8.09489440401267
85.33,7.4047244454593
85.34,5.28233480050089
85.35,8.91312245580355
85.36,9.02833022045373
85.37,6.99072833671914
85.38,5.22446139880453
85.39,6.28991651649042
85.4,5.53240869683696
85.41,10.8014785896019
85.42,10.1130881753143
85.43,8.83753681062802
85.44,6.39314436477618
85.45,4.37312693857591
85.46,7.17388009523541
85.47,12.0716947900605
85.48,4.82730830181704
85.49,10.231737159333
85.5,6.34614396042867
85.51,7.88452597963176
85.52,10.420708496389
85.53,9.1566849006312
85.54,8.17149995114686
85.55,15.6770626008763
85.56,6.00470115014775
85.57,7.2073425954122
85.58,6.69239676647612
85.59,8.97991233564614
85.6,6.31338642011964
85.61,10.2560602901818
85.62,8.47210558724104
85.63,12.9332038531349
85.64,3.83495058240205
85.65,5.30888626252722
85.66,12.2393672800782
85.67,7.10687449661075
85.68,3.97887228404169
85.69,4.99861289168304
85.7,10.6822236254958
85.71,3.62402282760664
85.72,6.68640578077804
85.73,7.09985833710302
85.74,6.40280619472565
85.75,7.93032406542907
85.76,4.24122464745412
85.77,5.55896965019594
85.78,5.61692773563901
85.79,4.09286774939945
85.8,7.61257319342211
85.81,3.91047048691497
85.82,5.88905804863972
85.83,6.15090015164117
85.84,8.90055681642647
85.85,16.5296652993764
85.86,9.09901236531313
85.87,3.87949464489036
85.88,2.53294971906321
85.89,6.64424672361781
85.9,4.73236744757847
85.91,5.45244350431529
85.92,5.74970918860102
85.93,4.89663778218078
85.94,15.5984357834184
85.95,6.31129896889705
85.96,14.2324238689893
85.97,10.9818621706379
85.98,17.1499947937169
85.99,18.6358317164876
86,68.8236157867173
86.01,11.6086576802557
86.02,15.7022759793207
86.03,11.3347508109143
86.04,11.3072676459499
86.05,19.8552556410843
86.06,8.6684098322645
86.07,10.9047680667769
86.08,15.4852484936971
86.09,12.8536800981062
86.1,14.7379806836489
86.11,63.8984654593915
86.12,12.1331445705311
86.13,11.5763034144118
86.14,31.4312220962764
86.15,15.7915093372501
86.16,10.1618276324329
86.17,51.7418483343933
86.18,9.73691813777236
86.19,12.468893611266
86.2,9.1064436809141
86.21,7.46635896646023
86.22,3.23318634306707
86.23,17.6955701744596
86.24,4.92730262392162
86.25,16.484388520584
86.26,9.3005433730677
86.27,10.9527102338507
86.28,3.8618781254872
86.29,6.27902093953712
86.3,13.9952274851372
86.31,49.8983973261109
86.32,5.68224352855156
86.33,5.08122174396891
86.34,12.6584087217054
86.35,2.87833699792496
86.36,1.6181163415551
86.37,3.21755939639414
86.38,1.35736729082886
86.39,36.8298819486771
86.4,5.7922759634581
86.41,2.5250117543677
86.42,-2.09222633274729
86.43,3.92018105934585
86.44,4.68528993933723
86.45,2.49185590338562
86.46,0.103232823844956
86.47,-1.16456336493869
86.48,-2.21488025483267
86.49,6.26829596270579
86.5,2.11617416402076
86.51,1.71014840606486
86.52,4.99566996341255
86.53,5.22292796458521
86.54,-0.158137942115125
86.55,5.82092892749986
86.56,0.941442412327838
86.57,-2.06529695611035
86.58,10.0924498970304
86.59,-0.962180116408942
86.6,-2.57526568633161
86.61,3.73343891845674
86.62,0.354776841472803
86.63,7.43018468556079
86.64,1.20434020866866
86.65,5.17753879452587
86.66,3.18956799600764
86.67,3.15953959042119
86.68,0.893534363748165
86.69,-1.62744280638513
86.7,3.21067249246907
86.71,-2.61999104758042
86.72,0.324126628397815
86.73,0.880913299784736
86.74,-0.709734422203919
86.75,0.340064506005016
86.76,2.44786149129433
86.77,0.537481049603349
86.78,3.17793710050434
86.79,0.330699842719074
86.8,0.449401124144553
86.81,1.17990865162136
86.82,0.327421192008605
86.83,5.56117699708922
86.84,3.77735152982417
86.85,3.74123333736886
86.86,1.54158289350804
86.87,-0.839600811879288
86.88,7.11678153786908
86.89,3.73530521480627
86.9,0.547991662131541
86.91,-2.66198064167032
86.92,-1.1420894028749
86.93,4.64702644254725
86.94,1.03738119228856
86.95,2.35453798672746
86.96,-0.443975173925473
86.97,1.65045249998938
86.98,4.8585578867982
86.99,-1.26697951436387
87,-2.29117491088056
87.01,1.26620911129036
87.02,0.176112989678906
87.03,2.65038436800258
87.04,5.06345697602717
87.05,2.06962714642301
87.06,4.99074765650916
87.07,6.91629201775849
87.08,6.42290826223765
87.09,1.40198597755466
87.1,-3.13496500795055
87.11,5.34323375071838
87.12,0.254409057942811
87.13,20.3049953628887
87.14,0.820135376340286
87.15,5.48813324080877
87.16,10.2631168614155
87.17,5.55700561402879
87.18,1.59537667973242
87.19,0.136482599089811
87.2,0.413048937032645
87.21,5.31513118066372
87.22,5.7679751257402
87.23,-1.38877569293773
87.24,-0.129048712571329
87.25,2.29135747705739
87.26,4.47598824790464
87.27,8.42820779126947
87.28,3.68443919992826
87.29,1.79476037568831
87.3,9.14295665087461
87.31,-0.107297340446163
87.32,-1.06374114187358
87.33,8.35106016591058
87.34,2.23643006174286
87.35,-0.267017193771815
87.36,7.63213599807043
87.37,7.94736745563962
87.38,2.49245468262193
87.39,7.55030742627352
87.4,-1.49557820154664
87.41,-0.196592592097321
87.42,-5.75892240699011
87.43,-4.11111615347177
87.44,0.304524247174095
87.45,-6.22740631213211
87.46,-6.29128808717483
87.47,-3.22638638652063
87.48,-6.6686936892872
87.49,-1.15431403594602
87.5,-7.36020277556267
87.51,-6.83921618546089
87.52,-5.2985660680374
87.53,-6.97396070882152
87.54,0.80176305634431
87.55,1.93059055558183
87.56,-4.50246144219648
87.57,-3.10437327023909
87.58,-2.68213884909409
87.59,4.66104087839306
87.6,2.879218696802
87.61,0.52072788209724
87.62,2.14428213913318
87.63,9.61631743242964
87.64,4.63923687458691
87.65,5.83502863120574
87.66,-1.41648252583047
87.67,-0.352649300175547
87.68,38.5831039858189
87.69,11.1532337491837
87.7,2.74959370158798
87.71,6.0245330219573
87.72,1.40170349090821
87.73,12.7171880575284
87.74,1.11817416171823
87.75,8.52403372774842
87.76,9.14906517321753
87.77,2.12743663107691
87.78,1.15523351247194
87.79,8.02691414999577
87.8,8.96676307721651
87.81,4.06966581043326
87.82,4.64903599969572
87.83,6.36003712804416
87.84,7.46675307562566
87.85,4.05614433780476
87.86,4.24409811522235
87.87,3.97175768394283
87.88,5.10050900886213
87.89,3.25577712146865
87.9,12.2197696900634
87.91,8.64406793819315
87.92,7.30698245419381
87.93,13.2777054897869
87.94,6.98906129140432
87.95,11.3409281609604
87.96,33.6547596718535
87.97,3.57471785546907
87.98,-0.0173951120065662
87.99,3.42196454460042
88,6.29010065723741
88.01,4.74271313310917
88.02,11.1242899385441
88.03,3.69046654569538
88.04,5.56630904970874
88.05,14.964012204002
88.06,21.7734051759765
88.07,3.73825911764358
88.08,12.6431910668498
88.09,7.1111873271988
88.1,9.32742557201836
88.11,3.9104221134819
88.12,14.2923647405969
88.13,2.14864758496345
88.14,4.16658212758671
88.15,4.48656537992535
88.16,5.16089475878908
88.17,9.87793357914093
88.18,0.551948848713483
88.19,3.91595631986151
88.2,8.09999296762922
88.21,2.97410323104658
88.22,6.66872000876834
88.23,3.18612569098045
88.24,-0.379000146431579
88.25,1.49441566719012
88.26,4.63318974760431
88.27,-1.1005011711181
88.28,3.2087088823113
88.29,39.6260661429108
88.3,6.55707774361147
88.31,-0.284459666650807
88.32,11.5425722744632
88.33,2.37775668903137
88.34,3.39062885666673
88.35,1.47981523680527
88.36,4.2772689140226
88.37,8.2839695446178
88.38,1.41952531517019
88.39,7.32775793075543
88.4,10.5801377064602
88.41,5.33468401793335
88.42,8.90676293033221
88.43,10.3594032081575
88.44,5.83580274658975
88.45,10.811973853669
88.46,4.91462035710255
88.47,4.49388519631528
88.48,3.02176241846751
88.49,5.08257262980257
88.5,5.86790163685397
88.51,-0.200103205191831
88.52,-0.525370675689519
88.53,-1.78697443244043
88.54,0.278735878630067
88.55,-10.7535958040191
88.56,-9.33327690625104
88.57,-10.7412608637451
88.58,-8.08750133109769
88.59,-11.8882908861458
88.6,-7.14916018885537
88.61,-14.3912012843887
88.62,-16.1545862328127
88.63,-6.19486643329621
88.64,-14.5291364210939
88.65,-22.6224425127229
88.66,-6.03428714357081
88.67,-13.5813840260332
88.68,-10.4382159841021
88.69,-12.161625304891
88.7,-12.1433896500395
88.71,-13.2743667033492
88.72,-13.3176964235623
88.73,-12.447882883412
88.74,-16.4059479809275
88.75,-12.9483109063709
88.76,-6.71753648084768
88.77,-9.9023230984991
88.78,-10.7901179477303
88.79,-12.2244676178782
88.8,-18.8449376428379
88.81,-16.1946406256667
88.82,-17.2421560867511
88.83,-11.656540806138
88.84,-7.50823945145605
88.85,-17.3811771869246
88.86,-11.5079555089945
88.87,-11.9535610773552
88.88,-13.1584375178481
88.89,-13.4872417184133
88.9,-9.67291206879602
88.91,-10.1269602253341
88.92,-12.3552294172449
88.93,-14.2033089798398
88.94,-10.7006057616773
88.95,-11.4675897473444
88.96,-6.42765742044352
88.97,-11.9874798829241
88.98,-12.9830816440279
88.99,-12.0413624994306
89,-5.11577508535495
89.01,-11.8410504857748
89.02,-4.75376765827372
89.03,-7.11465239725957
89.04,-12.8208144036208
89.05,-12.0323892731152
89.06,-16.2355136221666
89.07,-10.7677683428461
89.08,-13.1554886365108
89.09,-9.08113768655969
89.1,-12.1194155054809
89.11,-5.25251182855323
89.12,-10.2557994275998
89.13,-12.0388312197574
89.14,-14.7945966356876
89.15,-10.7000529297227
89.16,-8.80818764449315
89.17,-7.10587506707906
89.18,-8.77307400964388
89.19,-15.1735605904176
89.2,-13.7927757406377
89.21,-8.87851132505928
89.22,-11.2922478059228
89.23,-12.1918231947892
89.24,-14.54802802255
89.25,-12.2223296314623
89.26,-18.9656473376715
89.27,-12.4737636984683
89.28,-8.96389395788991
89.29,-13.4498737503953
89.3,-8.19918716261227
89.31,-10.0575361935909
89.32,-11.4488195978437
89.33,-7.20612950193132
89.34,-13.6841527920868
89.35,-13.9366868467804
89.36,-12.8163336364569
89.37,-12.7845519875666
89.38,-13.6724182706763
89.39,-2.85944414716721
89.4,-8.41165810669832
89.41,-13.4145535659296
89.42,-13.6015731956435
89.43,-14.6161477683528
89.44,-13.9666792993392
89.45,-12.4369425192788
89.46,-9.70674005715397
89.47,-12.1998096821863
89.48,-7.01341703464561
89.49,-12.9064817588181
89.5,-9.26748857132931
89.51,-11.2192096743721
89.52,-13.2005156758039
89.53,-12.1727972403938
89.54,-10.8948376118656
89.55,-10.1398996863011
89.56,-12.9772641744663
89.57,-9.17401786485487
89.58,-7.18554502490594
89.59,-12.9099133125925
89.6,-12.0302506901998
89.61,-10.7614908403353
89.62,-12.3768903314286
89.63,-10.9298245382389
89.64,-8.76810009238231
89.65,-6.59606819105377
89.66,-12.2964819635215
89.67,-9.59843285368006
89.68,-9.2637366880467
89.69,-11.2944353445462
89.7,-7.02804699574143
89.71,-11.5870225702238
89.72,-9.37874358570254
89.73,-10.8727631874088
89.74,-9.71802356179931
89.75,-12.7010403697775
89.76,-8.22951615774419
89.77,-9.00933710981393
89.78,-11.4526762774765
89.79,-6.28713076669916
89.8,-7.35446878550264
89.81,-10.6636960973186
89.82,-6.28507083057447
89.83,-10.0855069120036
89.84,-7.38564435220939
89.85,-7.24186371574371
89.86,-8.23455465368198
89.87,-11.1935669078874
89.88,-8.36225102769308
89.89,-9.17627940921381
89.9,-7.92794424322998
89.91,-11.4146987641429
89.92,-7.32148117528933
89.93,-12.4508374592578
89.94,-5.80397208822796
89.95,-8.43294180378528
89.96,-8.26642223920383
89.97,-11.1666643770312
89.98,-12.2810168369227
89.99,-9.41611779328512
90,-8.16480067276226
90.01,-9.9215078169529
90.02,-10.6073207996276
90.03,-8.09760216898855
90.04,-11.3924281190317
90.05,-6.99703672406677
90.06,-6.03931361619108
90.07,-7.7155182713779
90.08,-5.95447694500066
90.09,-7.25673755199274
90.1,-5.93940651667447
90.11,-9.50353631295207
90.12,-9.83680232109029
90.13,-8.12268454917272
90.14,-8.16635293288167
90.15,-8.69489824061612
90.16,-5.29164438979316
90.17,-11.4509507113501
90.18,-8.10146549261244
90.19,-6.54098945148639
90.2,-5.66069118600152
90.21,-8.90753587611292
90.22,-7.75527982224325
90.23,-5.19334946198614
90.24,-6.40759147431538
90.25,-8.34850940230583
90.26,-7.12885712942338
90.27,-8.36346027957225
90.28,-8.15424450520129
90.29,-3.7173254853596
90.3,-8.01335377042047
90.31,-6.92905564665715
90.32,-7.25706274019435
90.33,-6.76520132865539
90.34,-9.44811628648407
90.35,-5.55428889363001
90.36,-7.03167723261888
90.37,-4.55261851570201
90.38,-7.31697528323082
90.39,-5.33005083718163
90.4,-5.96785384639022
90.41,-7.47297105945592
90.42,-1.87816687798316
90.43,-3.51704059521484
90.44,-7.96212019766124
90.45,-4.26311683205805
90.46,-4.41980839293166
90.47,-8.02155969827772
90.48,-6.0277079465309
90.49,-3.00607365340174
90.5,-4.48144672986089
90.51,-5.41597680510446
90.52,-9.5313792172013
90.53,-6.11703969686765
90.54,-5.38530919272755
90.55,-6.09502900868234
90.56,-4.9713043282364
90.57,-6.3601902320029
90.58,-4.20025947269511
90.59,-4.79075696310938
90.6,-3.02852654665167
90.61,-8.6167418967018
90.62,-5.43814626565967
90.63,-6.15975190175872
90.64,-8.15045851940751
90.65,-9.35472051187434
90.66,-9.14999889019319
90.67,-3.36018838562483
90.68,-5.39131047615436
90.69,-2.17038135908629
90.7,-7.96550087513359
90.71,-7.31637377366234
90.72,-9.57041383156704
90.73,-9.04349022156656
90.74,-3.17329072175946
90.75,-8.25629913204724
90.76,-7.85708667932312
90.77,-10.6142936902306
90.78,-7.85591644505168
90.79,-6.44577229841941
90.8,-3.20512288002317
90.81,-8.35457580653031
90.82,-7.01346670679472
90.83,-5.81274954278602
90.84,-4.32410271831958
90.85,-10.2686187475049
90.86,-10.699500137781
90.87,-6.81183196167306
90.88,-8.53380410611882
90.89,-7.3199424324779
90.9,-8.75209091339902
90.91,-5.59378216009794
90.92,-3.34389567571662
90.93,-9.93078595276612
90.94,-11.2490926520156
90.95,-9.28452486535811
90.96,-9.88181921420297
90.97,-9.56670390000919
90.98,-7.55346801496554
90.99,-4.17450536100461
91,-4.61413670421101
91.01,-7.10242407091569
91.02,-4.71746559211581
91.03,-8.33769119549996
91.04,-5.58927309360507
91.05,-9.17616989794299
91.06,-4.26328161382756
91.07,-6.32642299188706
91.08,-4.88103937442766
91.09,-8.58784112935427
91.1,-7.55440883117782
91.11,-6.03799991621781
91.12,-9.36896313621389
91.13,-9.35807377281849
91.14,-2.64674231356765
91.15,-6.5366935645511
91.16,-10.0865359519747
91.17,-5.94596730921314
91.18,-8.84755773526743
91.19,-6.62460964513794
91.2,-6.92879540371117
91.21,-4.52232517994806
91.22,-7.82074087027593
91.23,-8.02613855540217
91.24,-6.4392737148549
91.25,-5.64614210530907
91.26,-7.83200048225746
91.27,-5.48526319040538
91.28,-8.91760523527089
91.29,-4.78929682495846
91.3,-6.55176610498647
91.31,-7.81301108879338
91.32,-4.34146075051471
91.33,-2.52083442410353
91.34,-9.54161758517742
91.35,-7.72036294081053
91.36,-2.58557626713253
91.37,-9.83659933362675
91.38,-6.24909626942164
91.39,-6.76939085580831
91.4,-3.30704004839133
91.41,-3.10763219939688
91.42,-7.8401459176126
91.43,-9.75058992720468
91.44,-3.97389039121584
91.45,-4.19966672999526
91.46,-4.6559745925675
91.47,-5.46412772602454
91.48,-2.50406548329106
91.49,-0.777309308411218
91.5,-1.99914603394613
91.51,-1.66533107796698
91.52,-4.23833161830458
91.53,-2.68509498017685
91.54,-3.53083213274118
91.55,-0.761030612542609
91.56,-2.58365401935958
91.57,-0.763436824799098
91.58,-1.13755876790194
91.59,-0.927448079023876
91.6,-2.61083739874974
91.61,-3.61547409332318
91.62,-3.72256564125398
91.63,-6.89084879263446
91.64,-3.52111144250127
91.65,-5.35912640692521
91.66,-0.581150343571143
91.67,-2.37094292961034
91.68,-6.73568909733121
91.69,-5.48107381256708
91.7,-2.36985395336901
91.71,-3.57268353278375
91.72,-4.69913442950958
91.73,-7.07769961609267
91.74,-2.77001561434128
91.75,-5.49019049078911
91.76,-6.56286850084882
91.77,-5.25179824534468
91.78,2.1904995057895
91.79,-5.45425417474661
91.8,-3.12304711088592
91.81,-0.925051839057389
91.82,-3.2895075364789
91.83,-7.11731626184023
91.84,-2.15617092815266
91.85,-4.05136611101464
91.86,-6.25969629948852
91.87,-3.91741412458197
91.88,-8.67066377488054
91.89,-2.57390632382823
91.9,-2.75658900439863
91.91,-4.00076892368135
91.92,-2.29047613401171
91.93,-7.96830933659853
91.94,-3.85740153724257
91.95,-7.90443950275451
91.96,-2.36528594901918
91.97,-6.90624077961473
91.98,-3.0804791585229
91.99,-8.89823610621963
92,-5.73532774396674
92.01,-1.72527809619372
92.02,-9.38365959966496
92.03,-7.03790685734653
92.04,-5.46334016981734
92.05,-4.02957408868685
92.06,-2.39522268786238
92.07,-10.1829460595714
92.08,-7.31448408587471
92.09,-4.84130486554877
92.1,-7.68566843953314
92.11,-3.65128097124396
92.12,-1.14067908851602
92.13,-5.74752520775135
92.14,-3.43567239805788
92.15,-1.91184666628946
92.16,-2.72708556845271
92.17,-5.2771426996401
92.18,-4.03361841757637
92.19,-3.10333170563253
92.2,-1.10306587636009
92.21,-6.19431055516286
92.22,-3.81122600607041
92.23,-6.50587263036474
92.24,-0.236617689610006
92.25,-0.835189993729926
92.26,-2.28193302549747
92.27,-3.48595701881097
92.28,-7.17838686799541
92.29,-6.91302098592048
92.3,-2.71541295684131
92.31,-4.98309919532525
92.32,-1.25157488194316
92.33,-1.14011633402684
92.34,-0.188321257514521
92.35,-1.51937203255458
92.36,-1.50834955196736
92.37,-1.58766826808777
92.38,-1.3159284855905
92.39,-2.13821728921051
92.4,-3.36026914204599
92.41,-4.90516087799615
92.42,-7.0980731850663
92.43,-5.99860854446293
92.44,-5.66270157336511
92.45,-3.09794937652415
92.46,-7.76423907547298
92.47,-5.82502943065189
92.48,-2.39189808031201
92.49,-1.36869342135561
92.5,-0.791332514559913
92.51,-0.315879057603324
92.52,2.11318713546981
92.53,-1.08865049509806
92.54,-1.19686868378384
92.55,-5.85072274462381
92.56,-6.75601473031407
92.57,-6.52033377473964
92.58,-3.30232991483246
92.59,-2.08349334487801
92.6,0.0792639150146747
92.61,-1.77860316133096
92.62,-2.66765355142594
92.63,-1.2363757364207
92.64,-3.16247109828471
92.65,-3.93961208719119
92.66,-1.52997655697156
92.67,0.0372214011040102
92.68,1.10241527937575
92.69,-2.69048571420684
92.7,0.945298816381621
92.71,-5.26803722982907
92.72,-2.43365445171885
92.73,-0.176960030357109
92.74,0.889700041611678
92.75,-1.68386065913482
92.76,-3.69472401264871
92.77,-1.40835854980404
92.78,2.28349153467317
92.79,0.654336579321537
92.8,1.45267223422872
92.81,0.179247271783233
92.82,-3.39727297660669
92.83,0.584698420238392
92.84,1.72298608823432
92.85,-2.50538420233178
92.86,-1.08408626428928
92.87,-4.44316722446516
92.88,-1.56158594354158
92.89,2.5746296940437
92.9,-3.56797051685443
92.91,-1.45422618007296
92.92,-1.68924783400238
92.93,1.30167341156655
92.94,-1.24737066199171
92.95,-0.278400606189255
92.96,-0.786605954360368
92.97,-0.591923927912552
92.98,2.14680313276525
92.99,-1.59502565245892
93,-3.39769423036649
93.01,-2.03287538632213
93.02,2.0841752834416
93.03,-2.87140725984394
93.04,-1.98674100561301
93.05,1.62811240390009
93.06,-0.939685913522398
93.07,-3.18708383618812
93.08,-2.51331394409664
93.09,1.03210830734974
93.1,-2.63187127193623
93.11,-5.54217915725586
93.12,-1.71260182510757
93.13,0.093768467514777
93.14,-0.699578612278744
93.15,-2.93435916572111
93.16,-0.754059078130781
93.17,-0.0347388689603309
93.18,-6.71173367616913
93.19,1.26143972618162
93.2,-3.61151330514546
93.21,-2.24090145661688
93.22,-0.330674520904227
93.23,-2.61675630863161
93.24,-2.10689926077887
93.25,0.486056033113505
93.26,-0.741859443027751
93.27,-0.511502918477004
93.28,-1.72087250473836
93.29,-2.48143434152182
93.3,-6.51289234490217
93.31,0.0108265298143071
93.32,-2.76773980271541
93.33,-1.11599641684851
93.34,-1.34078477837675
93.35,-2.18811142592193
93.36,-2.43909713797241
93.37,0.308086110566628
93.38,-2.80217491180922
93.39,-0.669374560161753
93.4,2.62537514280368
93.41,-2.50643623289918
93.42,0.751346331747762
93.43,-3.33221891767411
93.44,-4.04706009590937
93.45,3.31828347032574
93.46,-5.60390667579622
93.47,1.77150264381014
93.48,-4.80802920393733
93.49,-0.959674556570371
93.5,-0.38104520387662
93.51,-0.18793238605644
93.52,2.60466003344505
93.53,-3.07342976049164
93.54,2.36868160288139
93.55,-0.627014678312004
93.56,-0.243095295792692
93.57,-2.25795947972057
93.58,-0.589148678590985
93.59,1.45451687020046
93.6,-4.28974878374007
93.61,1.74438773846579
93.62,-3.66563071043496
93.63,2.29595251122829
93.64,-1.39002237959724
93.65,-0.00903259258566671
93.66,-0.925859546821098
93.67,-0.181118315437162
93.68,-0.601830430563762
93.69,-2.93277346869452
93.7,0.155659500598918
93.71,-2.38201616180678
93.72,4.94839719275477
93.73,-2.13615701136106
93.74,2.29911545622636
93.75,-1.0982524786741
93.76,3.97620199642605
93.77,2.60294651904151
93.78,1.50610064251714
93.79,7.21444216600339
93.8,1.00285764703634
93.81,3.68760626163522
93.82,2.19610302660424
93.83,4.21289626417148
93.84,6.7102321410037
93.85,5.07611010590974
93.86,3.405252645777
93.87,8.33260098021898
93.88,10.051736487528
93.89,4.93539114093279
93.9,4.06325498099649
93.91,12.0556558988288
93.92,6.42449112792974
93.93,4.51844329751842
93.94,0.232941694884096
93.95,1.49281497949245
93.96,3.8015730193497
93.97,2.00037474918499
93.98,2.63179028500467
93.99,-0.730080110431557
94,-1.44270880757143
94.01,1.01010386350205
94.02,0.980108435161654
94.03,-0.433643174924388
94.04,1.23283937202698
94.05,-6.13544354833261
94.06,-7.83129861427356
94.07,-5.91070000577772
94.08,-2.32093145171522
94.09,-4.96129987455403
94.1,-9.18636664980732
94.11,-6.69646996733725
94.12,-4.89456351290642
94.13,-4.84809330303854
94.14,-6.57690201376055
94.15,-7.93052637546861
94.16,-2.58506228056149
94.17,-7.67560179870447
94.18,-5.02961032251046
94.19,-4.5962309398045
94.2,-8.51216967255531
94.21,-5.71695313390882
94.22,-9.42337826874017
94.23,-3.67196629190338
94.24,-10.3440206720517
94.25,-10.2767823347863
94.26,-7.66717140410188
94.27,-4.71130598154908
94.28,-6.45576739964037
94.29,-2.69377437400664
94.3,-9.98169167349863
94.31,-1.77967938946574
94.32,-7.96348616802087
94.33,-4.99924994682977
94.34,-0.372035342752261
94.35,-9.43300734085665
94.36,-6.5634566040288
94.37,-1.4856320065451
94.38,-4.16097055975297
94.39,-7.46455316317891
94.4,-4.18750935489659
94.41,-4.21414033503542
94.42,-7.89276938119428
94.43,-11.4774045209285
94.44,-6.35233018411647
94.45,-6.28290226677047
94.46,-4.36392669612236
94.47,-4.50492906196657
94.48,-3.99898394800543
94.49,-9.92939264259592
94.5,-6.49444085047564
94.51,-10.1389507703254
94.52,-9.03321310412093
94.53,-6.16105254075954
94.54,-6.48159876640188
94.55,-10.2401193477655
94.56,-10.3683035355754
94.57,-11.6261897272601
94.58,-7.66852965524738
94.59,-10.2005801309308
94.6,-4.89025421510063
94.61,-4.23382187399623
94.62,0.00209738232052888
94.63,-11.0377529585404
94.64,-7.1114610939463
94.65,-6.47475226507637
94.66,-10.148423477643
94.67,-3.87711739347639
94.68,-3.13243162645882
94.69,-8.20131276128495
94.7,-5.03926052905291
94.71,0.0188280667885993
94.72,-3.20960587221895
94.73,-9.1730893733591
94.74,-10.9082428274271
94.75,-5.69579830043449
94.76,-4.91361116738938
94.77,0.0542252115619649
94.78,-7.356228702255
94.79,-9.14588765753664
94.8,-4.61420862483361
94.81,-8.34530395651064
94.82,-3.37593780448213
94.83,-7.02244202526619
94.84,-2.63201239417551
94.85,-8.81392367298363
94.86,-6.11571161850913
94.87,-8.38992288666066
94.88,-3.7400798810996
94.89,-3.8472312422958
94.9,-8.12985300322991
94.91,-3.17164644290763
94.92,-9.60247856252157
94.93,-0.659895669753084
94.94,-1.87898135971552
94.95,-8.24901737296803
94.96,-4.98011741737598
94.97,-3.07749802687693
94.98,-10.264760785978
94.99,-8.16200260339271
95,-1.75329081849726
95.01,-0.25475381562099
95.02,-3.99062789103817
95.03,-4.56418843628629
95.04,-7.30648456628394
95.05,-3.09444242695832
95.06,-2.91406121848875
95.07,-2.72975846893758
95.08,-6.24404167966216
95.09,-11.0123444320113
95.1,-4.51988426040334
95.11,-8.97794746453309
95.12,-4.57002301848951
95.13,-2.9526805570743
95.14,-10.3460092431575
95.15,-5.30741824116562
95.16,-8.8731643985169
95.17,-8.37807484115886
95.18,-15.1567293243783
95.19,-6.41036833987551
95.2,-4.18466646303702
95.21,-3.81552048000389
95.22,-3.47437108141367
95.23,-5.54839529200887
95.24,-0.180536694838545
95.25,-2.67928797413133
95.26,-6.13116196072453
95.27,-4.89674298131169
95.28,-4.31214865952109
95.29,-4.26631386404773
95.3,0.308915069042983
95.31,-6.05050017034795
95.32,-4.15790666281274
95.33,-5.69324527293145
95.34,-0.894047402241936
95.35,-3.13325766786088
95.36,-12.1413595164311
95.37,-0.819594726909306
95.38,-4.35668801882252
95.39,-6.21927076997494
95.4,0.447418066638037
95.41,-2.07546602201557
95.42,-6.47766620191726
95.43,0.575403760856714
95.44,-6.97667593172142
95.45,-1.34862592986156
95.46,-1.89393364008846
95.47,-11.8450595799811
95.48,0.0497687166677194
95.49,-9.01332426133562
95.5,-1.33408131666127
95.51,-8.40895787196659
95.52,0.228916889641386
95.53,-1.41297621101861
95.54,0.48172499576758
95.55,-1.72786417613057
95.56,1.38106632888367
95.57,-6.20598174192232
95.58,0.483004755873843
95.59,-4.72109226128643
95.6,-1.19780082693393
95.61,-7.53267769389213
95.62,-0.233919071955951
95.63,0.0257502840934989
95.64,0.413650550676336
95.65,1.1548174988521
95.66,-2.95114947902865
95.67,0.607347077038389
95.68,-4.71542541025648
95.69,-0.117984747479714
95.7,-0.79482989910227
95.71,3.37322468387028
95.72,0.508499688990579
95.73,-0.0210829520647405
95.74,4.69455409537091
95.75,-2.80235159861839
95.76,2.90054728977878
95.77,-3.85337132805157
95.78,-0.376124284235162
95.79,-0.610193682818453
95.8,0.389726061282368
95.81,1.67172052097668
95.82,-4.44890740276279
95.83,1.85934056874997
95.84,0.51918385764383
95.85,-2.45279428029033
95.86,-2.85287342620285
95.87,-0.12295366722275
95.88,-0.777834676548783
95.89,-3.67230836474735
95.9,0.762962515552566
95.91,-6.0719765701961
95.92,-0.229248720270712
95.93,-10.0232701973323
95.94,0.23210320195537
95.95,1.45779008349327
95.96,-3.2623899187182
95.97,-3.25352111418706
95.98,-0.418786417253365
95.99,-3.40536205197922
96,-0.248667788622145
96.01,-4.43168855739184
96.02,-7.36768979533325
96.03,1.43479073046241
96.04,-1.71958830885097
96.05,-8.66383584044338
96.06,-2.06534296033124
96.07,-0.190889455329439
96.08,-4.11277968431549
96.09,-8.95752771008008
96.1,0.889201284770371
96.11,-3.29405121064255
96.12,-0.604835592721267
96.13,-3.42189048432047
96.14,0.451433042386121
96.15,-5.891779095207
96.16,-0.134911666070032
96.17,-1.27393041087276
96.18,-6.9608280339845
96.19,-4.41635529046778
96.2,-1.38902430710948
96.21,-3.58559226811994
96.22,-0.901809124160137
96.23,1.04925298365458
96.24,-3.25217369564001
96.25,-2.06140881091165
96.26,-3.4370256460727
96.27,-6.3323795800778
96.28,-3.33716221868915
96.29,0.724267253640004
96.3,-3.44781493778337
96.31,-0.81047586247982
96.32,2.20772461940928
96.33,0.434943909552048
96.34,0.195865993729567
96.35,1.76993517536928
96.36,0.212851562027312
96.37,1.32415482125988
96.38,-1.16107062111434
96.39,0.54034231433319
96.4,0.645100329412372
96.41,0.344874278882502
96.42,-1.59606318550221
96.43,-2.6933955638962
96.44,0.558577326293826
96.45,2.89131109541179
96.46,0.575919309137891
96.47,3.10947254732226
96.48,1.68541379823907
96.49,0.503501588912388
96.5,1.10251917162117
96.51,3.94631215912012
96.52,5.25750520303846
96.53,1.840572652617
96.54,1.8492035365872
96.55,1.38512427417475
96.56,1.8952360569621
96.57,3.66576350462451
96.58,2.18478488121409
96.59,4.57124170198417
96.6,0.242892251568478
96.61,-0.388685206525856
96.62,1.48526484132415
96.63,2.86494950403122
96.64,0.531452749626788
96.65,3.85766220078847
96.66,2.29845336789209
96.67,2.67874629656284
96.68,4.20442314656909
96.69,1.53013500197362
96.7,0.757933327884492
96.71,2.97118856719265
96.72,-4.04096472221167
96.73,1.43647579062462
96.74,0.643519088702091
96.75,0.83859232256175
96.76,-4.77061981416276
96.77,-5.21633457771487
96.78,-0.0427738209436199
96.79,1.27338907445906
96.8,6.91660597766632
96.81,4.46537833255602
96.82,5.65377568565965
96.83,6.26810137430913
96.84,0.741017940570669
96.85,2.091938790284
96.86,0.89399675794718
96.87,0.612655712973954
96.88,6.35299573566665
96.89,3.61881995309133
96.9,10.1216131791208
96.91,2.68651401903308
96.92,-2.95222982627094
96.93,0.816324206803959
96.94,2.76172561564305
96.95,1.76854655415908
96.96,1.07989667445061
96.97,-1.25386467752741
96.98,0.595531483617122
96.99,8.61047636882657
97,4.33750646360685
97.01,0.909548777516307
97.02,5.3556479126523
97.03,2.73942906133576
97.04,2.38248456261528
97.05,4.65424206119401
97.06,2.54322559219268
97.07,1.96427507687731
97.08,1.21799915276735
97.09,3.98536595335854
97.1,-0.446673320726069
97.11,8.2090502349408
97.12,2.56055494459199
97.13,1.87745995636033
97.14,4.98114186889128
97.15,-1.12667895288264
97.16,9.62861914973242
97.17,-1.96908026123305
97.18,6.93095687466487
97.19,3.10593834495411
97.2,3.86446069301444
97.21,2.22781975824892
97.22,3.59588470130578
97.23,3.45971302413723
97.24,6.40907900583174
97.25,-2.37754704786436
97.26,5.83757980979019
97.27,1.6427373654741
97.28,1.74099540404671
97.29,-0.339583768326717
97.3,3.86823003601847
97.31,-1.55390492216523
97.32,4.55791832457401
97.33,-0.501126829960332
97.34,2.49763343449517
97.35,-4.49992880890536
97.36,1.16307130403897
97.37,2.45949105116147
97.38,1.15542403722083
97.39,1.37729519802083
97.4,-0.346277889770406
97.41,6.52941322067733
97.42,0.0417492666171671
97.43,2.99496162360196
97.44,-0.88229233892489
97.45,-2.53758541109442
97.46,2.29605409783635
97.47,1.56208831075975
97.48,6.33781236962056
97.49,0.469647089537771
97.5,-4.19869109999905
97.51,6.54209126977309
97.52,3.86840904711566
97.53,1.33476045731365
97.54,8.20643277887896
97.55,1.59014116174996
97.56,3.69809175754635
97.57,7.84787742284701
97.58,5.09778343897774
97.59,4.20406854953112
97.6,7.61741347295331
97.61,9.79269365546361
97.62,4.41169517849426
97.63,4.41027814367164
97.64,6.45740156735667
97.65,9.48858538998442
97.66,14.4176338371926
97.67,9.32412958884042
97.68,10.3414418579878
97.69,15.6882389954311
97.7,13.5222871462189
97.71,7.22132017458352
97.72,15.0925288549872
97.73,13.6224637136682
97.74,9.89709057041252
97.75,6.93927015203267
97.76,5.26026004459786
97.77,11.471063780429
97.78,16.2882773809195
97.79,10.9361161646892
97.8,5.25804110116524
97.81,8.48087836796097
97.82,15.7716053542463
97.83,9.61492800681452
97.84,12.1302683999387
97.85,6.77302490667285
97.86,13.8393418347849
97.87,8.16861605046759
97.88,10.6460448630059
97.89,7.33844177752061
97.9,10.9311943481267
97.91,11.5448828566999
97.92,8.47476232986375
97.93,16.3882459345158
97.94,13.402210967681
97.95,8.35780835693509
97.96,8.89138184441466
97.97,17.2881722156684
97.98,15.5915261466282
97.99,12.795422525449
98,12.1822114796155
98.01,12.5051977578803
98.02,16.4421847902241
98.03,13.4748663763476
98.04,19.3334966370651
98.05,16.4677175370527
98.06,10.8930714709072
98.07,11.8252786431265
98.08,16.9598421392413
98.09,19.9090432265685
98.1,9.09583665754019
98.11,14.8228895447425
98.12,10.1985412040193
98.13,13.2133378706206
98.14,18.1025528535828
98.15,13.2266920538255
98.16,11.9335110510579
98.17,19.9820949630078
98.18,14.1370842969276
98.19,10.5545866130591
98.2,17.7984877240621
98.21,14.5496536253659
98.22,15.2883978199052
98.23,10.4055187236303
98.24,13.2718249785331
98.25,11.9740120652581
98.26,12.1322066988089
98.27,13.1688429330498
98.28,16.9569684349052
98.29,18.3749712490184
98.3,18.1548934045547
98.31,12.0342944461557
98.32,12.8146475261169
98.33,14.9503398811756
98.34,19.5332358390993
98.35,10.6885682622758
98.36,19.9192542577609
98.37,10.0300244821277
98.38,16.9635851772957
98.39,15.3494414673933
98.4,16.8965575988378
98.41,15.7432397554756
98.42,13.8774974062286
98.43,14.5220646656744
98.44,21.7816061753955
98.45,19.6967329757617
98.46,17.9559784021174
98.47,20.5095348083018
98.48,15.7558442961616
98.49,21.2764477583348
98.5,17.5097941866938
98.51,19.1427815318518
98.52,12.0426381940885
98.53,14.6912318958919
98.54,12.0997127029111
98.55,15.562169724441
98.56,9.91964559605902
98.57,10.2090559032115
98.58,10.110436466881
98.59,8.31022599472197
98.6,11.7748097537443
98.61,11.3416457140321
98.62,8.44892148832479
98.63,12.1820045749666
98.64,8.38780747703485
98.65,12.9201584166941
98.66,10.7888848050538
98.67,8.85637745839022
98.68,14.1328734075483
98.69,8.92571392481902
98.7,6.87404392646097
98.71,10.8086873332898
98.72,11.7620432474772
98.73,8.59161213621453
98.74,9.93854740050611
98.75,11.813883728956
98.76,8.09247569911071
98.77,8.93603843395608
98.78,9.71477126089615
98.79,11.3145746305648
98.8,10.3679795194679
98.81,14.5331179394835
98.82,11.0515595479761
98.83,9.4715335328127
98.84,12.1197006958043
98.85,10.7176252716843
98.86,9.0455914718598
98.87,11.0582684893098
98.88,9.82867450590245
98.89,9.43565454005476
98.9,8.06309288926089
98.91,12.4781213845879
98.92,7.62499182698092
98.93,10.5855089888584
98.94,8.76646527394663
98.95,9.70384096538657
98.96,7.92719593061817
98.97,12.7512043859994
98.98,6.91321946004998
98.99,12.4207875422187
99,8.24970213432171
99.01,11.1296726146741
99.02,7.9292255626977
99.03,9.17272221913939
99.04,8.88181961979057
99.05,8.47325284832027
99.06,8.731112283195
99.07,6.53841971321097
99.08,8.00525540579174
99.09,8.52826644354989
99.1,8.9108394253404
99.11,9.92242546751826
99.12,7.6217705615801
99.13,8.0097816976622
99.14,8.95183975727038
99.15,5.45115425219
99.16,3.17653147784122
99.17,3.37515741307518
99.18,3.89721717295546
99.19,5.69623401214108
99.2,2.885423827232
99.21,3.27531943353421
99.22,2.67012869811793
99.23,4.03838113062972
99.24,5.51640108625769
99.25,5.99762463616027
99.26,5.65891132020078
99.27,4.36991493289966
99.28,8.76886128951067
99.29,8.38646002293507
99.3,10.2257609713138
99.31,10.8974226302159
99.32,3.86888855062629
99.33,9.74796296455154
99.34,13.2863541223629
99.35,14.8846146812068
99.36,9.29747785591869
99.37,10.6795274976601
99.38,14.5029749695821
99.39,11.660405035743
99.4,12.2595730469598
99.41,7.80950105184163
99.42,10.0358710571355
99.43,6.57311809089436
99.44,10.9333180483582
99.45,9.74101737123357
99.46,4.94538057504887
99.47,6.32023328902619
99.48,6.1046965927949
99.49,4.07846676590581
99.5,-0.227237135285578
99.51,0.513678111944736
99.52,0.542888914901343
99.53,-0.593273399837299
99.54,-0.955364241203402
99.55,-5.9426098282998
99.56,-4.92128069950301
99.57,-8.92049772553053
99.58,-7.39517258824672
99.59,-7.85578458722756
99.6,-9.2270268579169
99.61,-8.90146653029662
99.62,-10.3042015118017
99.63,-5.70404687466609
99.64,-11.16634693171
99.65,-5.96763589738363
99.66,-11.8452258809692
99.67,-11.190617462077
99.68,-9.39952483356066
99.69,-6.46987599792238
99.7,-9.78832305914136
99.71,-10.7053284884983
99.72,-10.5905897339239
99.73,-9.64040013088066
99.74,-9.14587776310419
99.75,-9.95182551557172
99.76,-8.94098545245438
99.77,-8.47459292874668
99.78,-8.93678808352634
99.79,-8.96275638831928
99.8,-8.01072007642702
99.81,-8.03026132806636
99.82,-11.8676003262074
99.83,-8.05291758526663
99.84,-7.53375099165705
99.85,-12.1907695004034
99.86,-10.0947296008327
99.87,-9.15600876081387
99.88,-9.21942781907101
99.89,-11.185575402308
99.9,-10.338384712161
99.91,-5.22071601971868
99.92,-6.16191166854255
99.93,-7.78313787745521
99.94,-7.21644196354861
99.95,-9.00832763133667
99.96,-8.08703579355928
99.97,-10.0426992849933
99.98,-8.71108574739747
99.99,-6.63861002866541
100,-9.49322998408842
100.01,-9.12261145311254
100.02,-8.73249391208385
100.03,-10.8141242641701
100.04,-7.03852470147126
100.05,-6.541413634498
100.06,-4.06754740908143
100.07,-8.55049858967931
100.08,-2.87728861708718
100.09,-7.33314824368586
100.1,-5.78380917937565
100.11,-7.69490258569081
100.12,-9.33046413464122
100.13,-6.16733667463037
100.14,-9.41229352597703
100.15,-7.60655664745683
100.16,-5.61498584129305
100.17,-8.60092610091453
100.18,-11.2310363156435
100.19,-9.05098969613555
100.2,-4.53591495535134
100.21,-10.5904357802709
100.22,-11.6051484822668
100.23,-10.7665535006379
100.24,-7.9815663452981
100.25,-7.14877359401327
100.26,-7.83925196417132
100.27,-4.15466803618988
100.28,-3.18316487240113
100.29,-6.6002057076591
100.3,-4.09759848280175
100.31,-7.02293621305517
100.32,-5.73287050517439
100.33,-5.17959437777743
100.34,-7.29955324924296
100.35,-3.1053579849417
100.36,-5.94252704183008
100.37,-8.58331820522564
100.38,-9.45583606061142
100.39,-7.7377376698824
100.4,-5.22167492806595
100.41,-9.259286810904
100.42,-9.22764604554354
100.43,-2.92591597887848
100.44,-3.79046490816085
100.45,-10.3092198798977
100.46,-11.6437832032024
100.47,-4.50428023892557
100.48,-9.99448197410479
100.49,-4.33883512207066
100.5,-7.17851650063485
100.51,-7.40206055649791
100.52,-6.98389115606984
100.53,-9.77783968547964
100.54,-8.25534713351308
100.55,-8.31840586356502
100.56,-7.61533304445297
100.57,-10.0565160997679
100.58,-6.37897328337043
100.59,-6.08395316219547
100.6,-10.1664893628569
100.61,-7.43568226152714
100.62,-7.21349345068976
100.63,-8.38088116714915
100.64,-5.88659171229745
100.65,-5.96429583379235
100.66,-8.22993032647388
100.67,-6.72080211209984
100.68,-5.51306265495665
100.69,-3.29050429184491
100.7,-8.80034407745079
100.71,-7.3766350463153
100.72,-6.66673119368871
100.73,-5.40244176289755
100.74,-6.07230999928053
100.75,-2.67688900562499
100.76,-5.39629029604091
100.77,-4.59798956481362
100.78,-4.09405109501329
100.79,-4.01902570108452
100.8,-1.99530540630794
100.81,-2.46140324333336
100.82,-3.15484098034725
100.83,-5.13712623529343
100.84,-7.03062119787977
100.85,-6.97146275543682
100.86,-6.27448666917013
100.87,-8.65208633977042
100.88,-9.0222278689647
100.89,-3.60154173132345
100.9,-6.75423354332529
100.91,-5.88287721564539
100.92,-9.91957971978096
100.93,-5.67703172057358
100.94,-4.39606208862282
100.95,-8.78012733954089
100.96,-5.98756327756391
100.97,-3.20039184546296
100.98,-6.34186844302141
100.99,-6.81072360382361
101,-7.56652185348789
101.01,-8.43082266458555
101.02,-5.57519736626554
101.03,-7.80221563104644
101.04,-6.48856438278793
101.05,-7.57923943009004
101.06,-4.64326394127379
101.07,-12.1180062885683
101.08,-6.92174788670487
101.09,-8.58693503997585
101.1,-5.56015287991843
101.11,-4.80618493992433
101.12,-12.4242169537988
101.13,-4.70790293954938
101.14,-2.89065773934511
101.15,-8.76120210624033
101.16,-7.84199388771616
101.17,-6.48221451541405
101.18,-10.6912033952278
101.19,-9.55035365257844
101.2,-6.79447406437894
101.21,-4.04171024741536
101.22,-5.84216468586855
101.23,-3.95418566101714
101.24,-13.0488185519454
101.25,-8.36632775767326
101.26,-7.872323433737
101.27,-4.33149248451468
101.28,-3.97631215060816
101.29,-2.6253619128046
101.3,-4.50533503820819
101.31,-4.0445454254038
101.32,-4.166844113626
101.33,-6.48838865714889
101.34,-5.80286354725737
101.35,-6.78553001382452
101.36,-5.20717436702407
101.37,-9.32267173271493
101.38,-8.14086084908558
101.39,-11.3003253112647
101.4,-7.64221830225955
101.41,-4.63200597058431
101.42,-4.55517595448078
101.43,-4.57924157282002
101.44,-7.68597865069637
101.45,-5.80517322673531
101.46,-3.46413164956497
101.47,-7.56338634304051
101.48,-8.99154183933909
101.49,-2.87821824620455
101.5,-6.65537569711645
101.51,-9.14172499716528
101.52,-5.62383456723816
101.53,-6.13581832540036
101.54,-5.17648030644862
101.55,-2.66595028958204
101.56,-12.2465900771404
101.57,-4.1927641835903
101.58,-9.75531237729467
101.59,-2.49942488280722
101.6,-12.9344526444151
101.61,-4.6876184222093
101.62,-9.60701077879641
101.63,-7.17021545828564
101.64,-5.95103061172029
101.65,-6.54414834120647
101.66,-3.23551632932524
101.67,-9.64888756895173
101.68,-7.68712809904291
101.69,-2.81709316948573
101.7,-7.84291778156755
101.71,-9.11893358808013
101.72,-2.27387508913401
101.73,-5.68971127853908
101.74,-8.58022037830159
101.75,-1.83451557622825
101.76,-4.30288402956107
101.77,-4.36268809916839
101.78,-9.66021222281351
101.79,-11.9625137327525
101.8,-8.74371245370811
101.81,-5.46316825189933
101.82,-3.61746174509803
101.83,-4.59594191573301
101.84,-2.53172906560236
101.85,-4.56624206194952
101.86,-3.62357669762335
101.87,-3.6693528885705
101.88,-2.96470227194894
101.89,-3.26158470185691
101.9,-1.12931525394878
101.91,-1.15078224260405
101.92,-3.64231529969407
101.93,-5.04762676088476
101.94,-2.66717130261166
101.95,-4.66235347958956
101.96,-11.156257668972
101.97,-9.8480624724114
101.98,-4.95305354649584
101.99,-1.30150065838973
102,-1.64150151073492
102.01,-6.57865183720929
102.02,-7.21534870341403
102.03,-4.52384786589964
102.04,-2.68368331225824
102.05,-3.40220232524585
102.06,-7.936147536087
102.07,-1.52443450276325
102.08,-2.30026112300746
102.09,-3.22953602926352
102.1,-1.50481392317567
102.11,-4.55789375868926
102.12,-7.60062959136194
102.13,-0.555517683685644
102.14,-6.12586700958447
102.15,-4.36952942647778
102.16,-2.90883703258424
102.17,-1.64821446199072
102.18,-1.97153519152376
102.19,-6.22820579172649
102.2,-2.20196082810968
102.21,-2.21242387944589
102.22,-4.49400304315673
102.23,-2.93452968123109
102.24,-5.70901473859343
102.25,-2.06539399733236
102.26,-7.55419831864677
102.27,-3.62648860780384
102.28,-2.64031990740636
102.29,-9.68159894941694
102.3,-0.410974540749278
102.31,-4.46953136014639
102.32,-6.66342485960214
102.33,-3.13057889230746
102.34,-0.173212181572377
102.35,-8.50112249698271
102.36,-7.18675155576614
102.37,-1.86707616108212
102.38,-1.20243341294068
102.39,-2.20797746040509
102.4,-5.71438282718615
102.41,-3.48997034727162
102.42,0.229374232642341
102.43,1.08162220901635
102.44,-2.0212454654053
102.45,-0.879689440353111
102.46,-0.0534579150329244
102.47,2.01574051916733
102.48,0.40738195509378
102.49,6.46864322316408
102.5,-3.61563465912772
102.51,0.00227780594175166
102.52,-2.58499825341447
102.53,1.9870085764351
102.54,2.73190505570614
102.55,1.59420462901013
102.56,2.64189350808083
102.57,-3.93712876214732
102.58,-3.62754677124129
102.59,-1.8192630058176
102.6,2.05541091999062
102.61,5.21174898405311
102.62,1.42544085778801
102.63,-4.30808827795056
102.64,-0.180063001902432
102.65,-2.05434925885412
102.66,-3.74177562595473
102.67,4.89304396787523
102.68,1.96571865246069
102.69,2.50029679789622
102.7,-1.14250801265839
102.71,1.00429211109172
102.72,4.49479746629398
102.73,1.58231620023369
102.74,-0.653960328096152
102.75,-3.25982769413409
102.76,2.72741190394225
102.77,-0.420873002858501
102.78,2.67418664347933
102.79,2.34489271003233
102.8,-0.0322503361860296
102.81,-2.85744961059643
102.82,-5.73635424498019
102.83,-3.73032456174428
102.84,0.0407969538201237
102.85,-0.0688986379171487
102.86,1.11951564658167
102.87,-0.460396554674826
102.88,-5.46355287601853
102.89,-1.44516190214456
102.9,-1.21672433834912
102.91,-0.555832732832455
102.92,-1.16460099477274
102.93,-2.5113807670424
102.94,-2.79793983949695
102.95,-4.4910424201346
102.96,-1.02114387653238
102.97,-6.30943320930024
102.98,-6.06687529001835
102.99,-1.24477057602369
103,-4.46101313019221
103.01,-2.77217978235278
103.02,0.302939142887704
103.03,-2.13169444007026
103.04,-1.41885427503786
103.05,-0.0707995729621185
103.06,0.839882798223082
103.07,-2.08201070193151
103.08,-5.21752126712684
103.09,-1.66206092271519
103.1,-3.14332553282954
103.11,-7.93525674774264
103.12,-8.8081086791201
103.13,-2.70200743633013
103.14,-8.88526613810907
103.15,-2.37796168570128
103.16,-3.65328486595627
103.17,-3.77858511426242
103.18,-6.23073742629147
103.19,-4.30372429097758
103.2,-2.78474356036695
103.21,-2.31638016696497
103.22,1.72849146320916
103.23,-0.149342834748894
103.24,-6.92498995557531
103.25,-3.24969383860545
103.26,-4.62448721521066
103.27,-0.890890698811748
103.28,-4.02030157245687
103.29,0.140680304853172
103.3,1.39120600731473
103.31,-0.0264632637556142
103.32,-5.00473854405563
103.33,-0.164501374643649
103.34,2.73608618383829
103.35,0.369211901434596
103.36,-0.769351873025715
103.37,-0.337772887320636
103.38,2.5384888881071
103.39,-3.33767340825607
103.4,-1.39219181184665
103.41,3.22288039627816
103.42,2.30400454620125
103.43,-1.66733765481557
103.44,-3.32962407389543
103.45,3.18310613810979
103.46,-3.05499636338056
103.47,-0.781770163147531
103.48,1.98712869888262
103.49,-0.184442691845113
103.5,-0.504596627576591
103.51,-0.72047305215369
103.52,1.66817759788642
103.53,0.474263605505526
103.54,3.35806515815936
103.55,-7.0150926765136
103.56,5.3217589440828
103.57,1.7164554994612
103.58,4.61027489858719
103.59,-0.288653985558372
103.6,3.25518482917928
103.61,5.40867014689753
103.62,4.56716612629485
103.63,2.77615173597603
103.64,-0.826059225017477
103.65,3.29079010382556
103.66,5.27558153872995
103.67,5.80804769800657
103.68,0.974680511929216
103.69,-5.00868374062692
103.7,0.543304594164569
103.71,3.33813403550877
103.72,3.59880791214422
103.73,3.36881523341299
103.74,-1.15307013923539
103.75,-1.35114257312729
103.76,-2.35712035273611
103.77,1.33152343755791
103.78,5.91704676020044
103.79,-0.345175705478119
103.8,-1.51821146288773
103.81,1.70710874531763
103.82,-0.31285070933019
103.83,1.61432677891589
103.84,-7.31977292208478
103.85,1.27911593741699
103.86,2.55993189302787
103.87,4.6337988845232
103.88,3.08870516725224
103.89,4.40618661001719
103.9,4.92650196598454
103.91,-3.5683908485475
103.92,-2.39635982301751
103.93,-1.98537685779181
103.94,-0.599923251460097
103.95,-5.15324707834382
103.96,2.10856546631215
103.97,1.30373878241923
103.98,-0.812031368430106
103.99,0.769644167051752
104,1.90932169741872
104.01,3.58041247024772
104.02,0.325103820290894
104.03,0.40052234496129
104.04,3.95789526211003
104.05,2.82085826485159
104.06,0.238575765263684
104.07,-2.09662643592366
104.08,-3.201841023924
104.09,-2.929545945498
104.1,-3.14228237006277
104.11,-0.154914159002397
104.12,0.188238659163533
104.13,1.21309238234779
104.14,2.56360147046099
104.15,-1.23951737444124
104.16,3.56921559902507
104.17,-3.62089699574193
104.18,0.513416999132137
104.19,-7.29700907466363
104.2,-5.16462760196374
104.21,1.05773223882972
104.22,0.421045936304286
104.23,1.43703496299335
104.24,2.91516335050235
104.25,1.28240336448394
104.26,0.782211818794388
104.27,-1.22703089129995
104.28,-2.64632551788249
104.29,-1.77936481848232
104.3,-1.23722337092467
104.31,5.34710021247695
104.32,0.708960605707712
104.33,2.76250052091643
104.34,0.488731774886371
104.35,-3.27900431294095
104.36,-1.95407338858436
104.37,-0.465029410915277
104.38,4.15849752772688
104.39,4.66174971487544
104.4,3.41822388566558
104.41,1.31626098112094
104.42,1.26913174540782
104.43,-0.430530009480584
104.44,0.272172372336267
104.45,-1.69205388207557
104.46,-0.587901499029442
104.47,-1.35262314361611
104.48,2.08783352412804
104.49,1.92367191129277
104.5,3.14393964929677
104.51,2.68377674831344
104.52,6.91773695931193
104.53,2.02512310964
104.54,1.22731683069706
104.55,-2.52413994792808
104.56,0.36613593967482
104.57,-2.00260700863982
104.58,-1.46630273204455
104.59,-0.37562621551209
104.6,-0.181741008034959
104.61,-2.69707865167661
104.62,0.215857942283327
104.63,1.09056045005611
104.64,1.37269054354133
104.65,0.921005141214247
104.66,1.5855020995768
104.67,-2.51561298764752
104.68,1.81394123096134
104.69,1.92002821510398
104.7,-2.15685617217209
104.71,0.100289812873569
104.72,2.30227450165179
104.73,-1.61285826392954
104.74,3.08431396907117
104.75,6.83218675152515
104.76,5.79298067744481
104.77,8.22406806166723
104.78,6.68371525934879
104.79,3.51362224361631
104.8,-2.2780139962609
104.81,2.47466426427513
104.82,4.96953522391653
104.83,4.11941777039213
104.84,6.64054521052207
104.85,3.90691579727305
104.86,4.11359442848558
104.87,4.31824226084706
104.88,9.34983419739248
104.89,7.01496819091978
104.9,3.80717041455823
104.91,4.68951387219266
104.92,13.186521814792
104.93,5.24208915576859
104.94,11.1494514835546
104.95,8.26149823085955
104.96,7.4255689321006
104.97,16.3009002603903
104.98,4.90579000731157
104.99,15.0373557313873
105,9.62110669026833
105.01,8.61548771666543
105.02,6.38645846691553
105.03,7.33709733618843
105.04,16.1895984656802
105.05,8.03930700928375
105.06,6.4013545100657
105.07,9.48568960389356
105.08,14.4969629354307
105.09,9.13737324069642
105.1,13.0122838692581
105.11,10.1399700618648
105.12,9.7794869463111
105.13,8.13077404154841
105.14,8.84633852893551
105.15,6.052708866951
105.16,7.67549160889931
105.17,5.55359010314444
105.18,10.6387859841734
105.19,15.414686596514
105.2,9.74516917617698
105.21,11.5198199374972
105.22,4.74675324312334
105.23,8.72780742117885
105.24,14.1446591970442
105.25,7.48366037948638
105.26,5.75527836108175
105.27,12.8672161923113
105.28,6.43001431403745
105.29,9.01814221153471
105.3,12.2501436522027
105.31,8.3922932551171
105.32,13.1168754217067
105.33,7.75697442178511
105.34,8.67015071886627
105.35,11.2891666459485
105.36,7.81551799758502
105.37,12.6384014307441
105.38,10.6467934519791
105.39,4.83474428819537
105.4,16.6662938796953
105.41,12.3291705924287
105.42,11.7841276040268
105.43,10.8568434913352
105.44,7.36530524939559
105.45,8.49757491179188
105.46,9.48727573362339
105.47,17.1430265031448
105.48,13.4977298225288
105.49,14.4898320599727
105.5,9.96502404993513
105.51,7.00274108302366
105.52,12.1199819548402
105.53,10.8685613489431
105.54,12.226618490764
105.55,14.4714574065501
105.56,9.31143002829591
105.57,10.9721295286879
105.58,16.4953536868045
105.59,8.51971895506351
105.6,13.8381661997545
105.61,19.1358738348302
105.62,14.542163061579
105.63,18.0859932150948
105.64,17.0461090750531
105.65,11.2172262240263
105.66,15.705727728562
105.67,16.5607060774138
105.68,12.6579105120277
105.69,17.6635334008644
105.7,16.5618202054538
105.71,16.9930922182013
105.72,10.8650597160481
105.73,13.7267014369657
105.74,13.9778818226288
105.75,10.0673381630063
105.76,10.4217796300653
105.77,12.3964247553654
105.78,11.865989551984
105.79,13.8994756899351
105.8,17.0486206496002
105.81,11.9849449270126
105.82,13.6894169808007
105.83,12.6165732536674
105.84,10.4624971419357
105.85,14.8868869610617
105.86,11.818561188593
105.87,8.68735725435153
105.88,14.2523767295502
105.89,10.8478211614184
105.9,14.8156295000698
105.91,8.79144283187819
105.92,6.67237075499236
105.93,11.0997320999495
105.94,11.9158581695364
105.95,8.86639041735622
105.96,15.7251998045332
105.97,14.6314120984966
105.98,8.60071001623117
105.99,11.8942705234814
106,9.5940127241095
106.01,7.71013436123831
106.02,9.9914654945294
106.03,8.894771381655
106.04,5.97239754522564
106.05,9.98653997164352
106.06,11.3997827568225
106.07,9.03827643327891
106.08,10.0330535784971
106.09,13.0303549763469
106.1,12.7287150677547
106.11,14.789238049828
106.12,10.0452313208575
106.13,10.6993062620118
106.14,14.0659294684641
106.15,13.3080491556227
106.16,11.4030530956732
106.17,14.747742079704
106.18,10.6135914900938
106.19,12.383593051617
106.2,8.87532700646404
106.21,12.9990079553918
106.22,10.3443431225787
106.23,10.6678967685185
106.24,12.2681226372405
106.25,13.015780468638
106.26,10.9001978921443
106.27,14.4290453645131
106.28,15.527036325676
106.29,11.9821630469252
106.3,12.7601494900533
106.31,14.4609201734003
106.32,8.72211470916082
106.33,11.36301569249
106.34,12.8437201843741
106.35,11.4486801486453
106.36,8.78061434520121
106.37,10.5729225640099
106.38,9.43734051614767
106.39,7.44622206198556
106.4,10.7029746681332
106.41,10.4152389164862
106.42,11.0407390795718
106.43,5.36140190886623
106.44,6.27555317463485
106.45,6.12442576776869
106.46,7.45432092962407
106.47,5.64259484457956
106.48,4.98465297104611
106.49,7.18479343254033
106.5,6.18296548543978
106.51,6.03091939893558
106.52,10.4033454196194
106.53,10.2521761212612
106.54,5.85604264058016
106.55,9.84469939161471
106.56,5.31111154802803
106.57,8.19304525214401
106.58,6.60953906733846
106.59,8.704593674986
106.6,2.83519829536274
106.61,6.59056879112778
106.62,4.40309466255149
106.63,5.94321984977934
106.64,3.10673460698228
106.65,8.46296338393494
106.66,7.18436816123318
106.67,5.15349756242673
106.68,4.60942220914777
106.69,1.51483111532784
106.7,3.68200915274991
106.71,3.08649823722974
106.72,6.32935351434956
106.73,3.76838142762753
106.74,6.63003886301575
106.75,1.45507875190053
106.76,1.50986148271622
106.77,1.06038047983586
106.78,4.71976929402546
106.79,4.20237976217323
106.8,2.38581578837073
106.81,5.20525605583554
106.82,2.14328477289044
106.83,2.74045460059701
106.84,3.43944027537395
106.85,1.9521986740215
106.86,5.42728038880534
106.87,3.0101279291605
106.88,4.4615931872219
106.89,6.62582688444363
106.9,6.32241262803595
106.91,6.32074588785752
106.92,5.48665001030256
106.93,2.38727288645468
106.94,3.59867834295107
106.95,3.22675560535973
106.96,6.60386123323127
106.97,5.01805205602458
106.98,5.9232376899409
106.99,3.18834794536614
107,3.87055343303857
107.01,7.00469457774681
107.02,4.37476705481491
107.03,5.99204909470732
107.04,6.26958533887149
107.05,7.06596274849977
107.06,9.38349517765631
107.07,6.62244250241835
107.08,7.42581189054217
107.09,6.68629319306049
107.1,7.43162622451815
107.11,9.97667787038427
107.12,6.08247083762421
107.13,1.44688433098899
107.14,7.61139956837074
107.15,5.99864075607957
107.16,4.42791732939647
107.17,6.56007382992224
107.18,3.44796036878652
107.19,3.20186599067244
107.2,3.62296382213792
107.21,2.80299668070634
107.22,-0.455379070623863
107.23,-0.844000263596102
107.24,-1.21594188914897
107.25,-2.95513764767008
107.26,-2.66540596408738
107.27,-5.00459576112905
107.28,-6.87833407589266
107.29,-6.98050300158522
107.3,-10.050322052765
107.31,-6.74028522963475
107.32,-9.02022269274157
107.33,-5.53910180511516
107.34,-5.62245387547584
107.35,-9.52844855251723
107.36,-7.91732077073515
107.37,-8.89330082238346
107.38,-7.53424769739076
107.39,-10.2935046298379
107.4,-10.5644116336352
107.41,-9.62106471518637
107.42,-7.14925298220252
107.43,-7.69451243027719
107.44,-7.28862812350034
107.45,-5.95329650471145
107.46,-9.14422795709069
107.47,-9.66523962861816
107.48,-8.44048698616991
107.49,-10.2214194175372
107.5,-9.96829180552832
107.51,-8.33379073693524
107.52,-10.3091398998375
107.53,-10.4230569926788
107.54,-9.45989946500736
107.55,-6.92632646802956
107.56,-8.32817187960402
107.57,-11.0939171049761
107.58,-9.10580284390704
107.59,-10.0216481956261
107.6,-8.2192605753796
107.61,-6.33696035203372
107.62,-6.78419790964106
107.63,-7.65499016461618
107.64,-9.098464861587
107.65,-11.5988508307727
107.66,-6.73810025902675
107.67,-7.61989155230178
107.68,-9.49505593815358
107.69,-9.81659788454354
107.7,-8.0344257905574
107.71,-7.34045445606034
107.72,-10.2879886841285
107.73,-7.46805462028692
107.74,-9.93242367244748
107.75,-7.14073477209713
107.76,-8.41641558771084
107.77,-6.92001234513317
107.78,-6.78620436334658
107.79,-8.17037154159943
107.8,-11.0360648669963
107.81,-12.2517324882695
107.82,-9.64816566158949
107.83,-11.6465831835156
107.84,-10.0237884298452
107.85,-7.89729768965523
107.86,-10.5638598319214
107.87,-4.75731978154217
107.88,-4.99892409708657
107.89,-9.251604519799
107.9,-10.2812613815782
107.91,-9.49291830604737
107.92,-11.2184537611936
107.93,-12.7034892732524
107.94,-11.2949500193518
107.95,-5.08984790130283
107.96,-7.44182852539238
107.97,-9.16070836984293
107.98,-7.70053289876927
107.99,-10.5364957080114
108,-8.78916337553297
108.01,-8.83462783704176
108.02,-6.71273591358591
108.03,-5.78627293097123
108.04,-6.76961285798531
108.05,-6.24850791458594
108.06,-6.82019071465424
108.07,-9.23679427432666
108.08,-6.11057585358296
108.09,-6.53948533748722
108.1,-6.07637902846442
108.11,-9.00694831392631
108.12,-0.879231343866777
108.13,-7.51797767096336
108.14,-5.11828720948625
108.15,-8.50540636684081
108.16,-0.989122063257866
108.17,-3.29608288802104
108.18,-5.62892063059615
108.19,-6.08500501117936
108.2,-3.18763377516634
108.21,-2.16889773381608
108.22,-5.9037623830483
108.23,-3.75361492644972
108.24,-2.33987191334853
108.25,-5.89580768913685
108.26,-2.89384139592485
108.27,1.52691375164856
108.28,-4.76479888554366
108.29,-4.26436883038256
108.3,-3.48558032779461
108.31,-1.87441231464763
108.32,-5.95896459626196
108.33,-3.41941037890194
108.34,-1.16992128940125
108.35,-5.55681342252541
108.36,-5.47763324361041
108.37,-4.6626077641719
108.38,-0.903045577444298
108.39,-4.17948011734097
108.4,-4.10229206623738
108.41,-2.84931729103318
108.42,-0.813144487370901
108.43,-0.383741360001231
108.44,-3.04075940074469
108.45,-1.89607457809579
108.46,1.27911112369386
108.47,-0.154252831092327
108.48,-0.245587742609101
108.49,-0.460274991448347
108.5,-1.30950407656361
108.51,-1.33284018778063
108.52,-2.96384742168057
108.53,0.408432741497775
108.54,1.92639435023599
108.55,-2.58575133443141
108.56,-3.06297514496341
108.57,0.291851654122425
108.58,1.22833470064023
108.59,0.446877246255164
108.6,-0.915545775707246
108.61,3.84384937643654
108.62,-1.65311771329469
108.63,-1.72662440545415
108.64,1.0638307467161
108.65,1.25979371342944
108.66,0.472962792126825
108.67,0.227999066470095
108.68,0.056607552528952
108.69,-2.60268336645583
108.7,0.591803098746078
108.71,0.556946701433565
108.72,2.50556976950617
108.73,-1.45166156720644
108.74,-2.99836694263336
108.75,-4.8796183283902
108.76,-0.202533989557429
108.77,-2.46059804805498
108.78,2.21988523074668
108.79,-3.00855553643455
108.8,-4.40732929425254
108.81,-3.8311952059727
108.82,0.903858906948786
108.83,0.294625637649225
108.84,-1.12576006696895
108.85,-0.726662495924228
108.86,0.403687177025801
108.87,-0.624218850459252
108.88,-0.48368669212565
108.89,-1.16802904409984
108.9,2.95112620226341
108.91,3.64310602490195
108.92,0.483086572546596
108.93,-0.174854120873678
108.94,-0.299530325874474
108.95,0.77377287812648
108.96,0.322310009622817
108.97,0.427855108624779
108.98,0.0748274586838533
108.99,1.21877805258395
109,-4.75563547833593
109.01,0.831846092631285
109.02,1.06343349189508
109.03,1.85747615454346
109.04,-1.47084987958473
109.05,3.55272344259677
109.06,-0.922133387447644
109.07,-0.757581210173885
109.08,-3.60379821870966
109.09,-2.22780992338323
109.1,-1.91587350061542
109.11,-0.578568592197013
109.12,-1.09239837282408
109.13,-0.152801977416318
109.14,0.736018277885
109.15,0.752985550716479
109.16,0.906093805120882
109.17,1.52570186883158
109.18,2.12921546625759
109.19,-0.656792962062851
109.2,-2.64972071902629
109.21,-0.123340573196626
109.22,0.112736300228259
109.23,0.0928622671465675
109.24,0.831207972152942
109.25,0.50808167116636
109.26,1.30978769660824
109.27,-3.60702412610906
109.28,1.41930017819821
109.29,1.69928120415656
109.3,0.954626096658006
109.31,2.41358486392772
109.32,3.14787791438962
109.33,-0.00909661116405443
109.34,-0.850690712826071
109.35,-1.16028171245335
109.36,-0.482885412019547
109.37,2.61590836544444
109.38,2.38293482553377
109.39,-1.5189053475817
109.4,0.0324079346748379
109.41,-0.442987873233435
109.42,-0.464077861290302
109.43,-0.137192555727664
109.44,-0.996414022813021
109.45,4.56224515409192
109.46,-0.353253010573713
109.47,0.543694600508505
109.48,0.374180497123762
109.49,-1.71128431969548
109.5,2.69916261244748
109.51,0.485439592536732
109.52,-1.00597768308169
109.53,1.50629958313067
109.54,3.22561619240023
109.55,3.54731317553643
109.56,6.33709320275497
109.57,4.76305611545183
109.58,4.0936360958856
109.59,10.1076407886218
109.6,5.28519114795626
109.61,2.80417747042794
109.62,8.43563648194013
109.63,8.75101448456827
109.64,9.21202818141509
109.65,4.41040629889767
109.66,6.01761035805941
109.67,7.78193727426286
109.68,11.1692867846654
109.69,7.44289936946551
109.7,10.6115912469897
109.71,5.12659063846768
109.72,7.29054518304626
109.73,6.60972744834722
109.74,9.34971844342596
109.75,6.25213372122796
109.76,10.8133840816599
109.77,4.80278712792819
109.78,8.18378884796681
109.79,10.3957968710305
109.8,9.0466327420765
109.81,3.57464469153194
109.82,6.15882659326745
109.83,8.37504674427613
109.84,6.35734625736925
109.85,7.34548930836821
109.86,9.62686588288408
109.87,6.73227765159977
109.88,8.09171744838502
109.89,7.57166760211661
109.9,4.71565453635012
109.91,5.66794197398025
109.92,8.19370796679215
109.93,6.22722246945803
109.94,11.1223677778497
109.95,5.82896612635505
109.96,6.94975593920257
109.97,7.50715435900484
109.98,8.09801364304695
109.99,6.58703697207017
110,5.82078936318722
110.01,5.38266231132646
110.02,8.86149924387397
110.03,3.77033256367408
110.04,6.7256420551246
110.05,8.42074727709014
110.06,6.408563529728
110.07,3.38697412513027
110.08,3.97799185310098
110.09,3.82048418388339
110.1,2.23386538945849
110.11,5.20799417101906
110.12,5.58739454873663
110.13,5.929565706586
110.14,1.85219075612084
110.15,4.8198468259898
110.16,4.60992172246727
110.17,4.92553658808231
110.18,3.73124856229407
110.19,6.71532615401973
110.2,5.45907063782374
110.21,5.21517491328449
110.22,6.94871898945772
110.23,3.36929319657568
110.24,4.20928866311493
110.25,6.94300270433566
110.26,5.77385058159293
110.27,4.31454740239437
110.28,9.55185020528459
110.29,4.75647638199483
110.3,5.84352529656763
110.31,5.03087021076375
110.32,6.33756525672734
110.33,4.08740778188899
110.34,6.53775389413035
110.35,6.96674624314281
110.36,7.555447864805
110.37,4.07928803697362
110.38,6.46556898244078
110.39,4.30944507651694
110.4,6.01108963151781
110.41,2.82006346998017
110.42,4.71940645590818
110.43,4.27670425545824
110.44,3.88031362239166
110.45,6.33346000820829
110.46,2.64237694211844
110.47,3.37686965286063
110.48,3.46962897581627
110.49,2.16914587837269
110.5,7.28153745015457
110.51,3.88881967926015
110.52,4.96552985469395
110.53,5.6253256867176
110.54,6.39359700595325
110.55,4.23715769535053
110.56,2.00291787963624
110.57,4.16010152365398
110.58,5.82525672717609
110.59,6.30180925092976
110.6,7.49372195465727
110.61,5.43867423696176
110.62,4.42841384465066
110.63,6.27648785978152
110.64,7.0157199651177
110.65,3.83127085379484
110.66,2.92715047818317
110.67,3.08050321245962
110.68,5.95962365871153
110.69,4.85682724386242
110.7,2.00549259612123
110.71,5.28021427520337
110.72,2.30143737041974
110.73,4.8328237868253
110.74,5.21210207153497
110.75,3.81320376910889
110.76,4.4553315790674
110.77,1.83702318985582
110.78,4.09387830879201
110.79,2.06561919930186
110.8,1.24764945680022
110.81,7.37657248210395
110.82,3.65455823263485
110.83,2.29352022993762
110.84,3.14592314519877
110.85,5.25844638264085
110.86,5.82782564308616
110.87,1.69615803255803
110.88,1.80741552142889
110.89,1.28175593913615
110.9,1.30408659966779
110.91,1.6372669503503
110.92,0.421346428205979
110.93,2.96375737479296
110.94,19.6994922661883
110.95,0.822659736700429
110.96,-0.912353303386354
110.97,2.71586308198624
110.98,-0.538624509489066
110.99,1.24319116139424
111,4.72432257611159
111.01,-0.409123544281759
111.02,5.87401183037131
111.03,18.3132375031034
111.04,2.65659280117838
111.05,0.336245213783654
111.06,2.31200880443944
111.07,3.42258306684378
111.08,2.28548395160178
111.09,-1.43962110645507
111.1,0.365837652992603
111.11,-0.0996724330209899
111.12,-0.658782888462514
111.13,0.520500534412403
111.14,-0.093175945558552
111.15,2.62333419574712
111.16,2.45872577419536
111.17,1.4540812089977
111.18,-2.36071689457987
111.19,6.27366552715243
111.2,1.35209332892075
111.21,1.88666182873949
111.22,3.15269634022345
111.23,1.07389642553551
111.24,2.9030201792122
111.25,-1.15623020549374
111.26,1.97402094173329
111.27,3.64526224850621
111.28,1.8980179179113
111.29,1.43272035596729
111.3,-0.669764353233013
111.31,0.620392852106827
111.32,-0.122704903375018
111.33,1.02903148006705
111.34,0.763697938896117
111.35,0.173974004536837
111.36,-1.7662270869054
111.37,1.20874193969112
111.38,-3.85718329723191
111.39,-2.17506537132844
111.4,-0.662006662274137
111.41,-0.577300669876398
111.42,-3.18912587923574
111.43,-5.4494792334306
111.44,-5.27327700924875
111.45,-4.62404065976758
111.46,-6.5856747028617
111.47,-5.73528421275431
111.48,-2.4235745086011
111.49,-5.8691232630508
111.5,-2.11380471552699
111.51,-3.66396519737723
111.52,-1.75544959604278
111.53,-0.306658770839759
111.54,0.32638651073068
111.55,0.109743263193384
111.56,-3.62728313332443
111.57,-2.67695334587073
111.58,3.00127370511143
111.59,-1.7075127584577
111.6,1.73101910743397
111.61,1.65131020861268
111.62,-1.62167816245222
111.63,2.26598974358449
111.64,5.60658454615486
111.65,0.758615775889334
111.66,0.15112134172259
111.67,1.35945311448429
111.68,1.01627885804868
111.69,1.96190697197797
111.7,-0.165653629831395
111.71,2.7058039875533
111.72,1.92030887026014
111.73,0.576267202230965
111.74,2.68112563326053
111.75,1.72917088564071
111.76,-0.110117061287741
111.77,-0.911600590428237
111.78,2.78375108705964
111.79,-0.718341874410267
111.8,0.992120743466034
111.81,1.93661692893264
111.82,-1.3533276127113
111.83,1.61498640149342
111.84,-2.29004841984765
111.85,0.798764474569062
111.86,0.295096999137787
111.87,-0.482872495110932
111.88,2.14517441037458
111.89,0.479231614311601
111.9,2.07301195022062
111.91,-0.111499399964019
111.92,-2.48211460480838
111.93,1.12391261324106
111.94,6.50066462705237
111.95,2.20878349514535
111.96,2.67329587211948
111.97,-2.63484941562314
111.98,0.954745521965119
111.99,-2.0352680603159
112,5.257415287604
112.01,0.237108845565003
112.02,2.43388200772046
112.03,-0.231024574232305
112.04,2.31484443506236
112.05,1.05890433367338
112.06,2.47875944717316
112.07,3.38570896146707
112.08,0.954610241358991
112.09,2.42358433671471
112.1,2.75346879151857
112.11,2.78175158050252
112.12,0.816783569376099
112.13,2.24011330074664
112.14,3.49000523974397
112.15,6.90340170687662
112.16,7.67131011709813
112.17,8.08246874834617
112.18,1.47980788004993
112.19,1.57460049895092
112.2,5.11367062837592
112.21,1.59004331115116
112.22,3.0159698434148
112.23,3.76439310294362
112.24,3.73111952302299
112.25,3.39241172282861
112.26,1.31650588310245
112.27,4.33766180318305
112.28,-0.0692995384553051
112.29,1.97980634779628
112.3,3.65431557204161
112.31,3.78639527600819
112.32,-0.00470909795627711
112.33,-1.03642015628685
112.34,2.74638921035147
112.35,3.87932827089781
112.36,3.23277965680904
112.37,-1.66509193328792
112.38,0.635995206239767
112.39,-1.41617592038366
112.4,8.27681952436213
112.41,-1.71636060063669
112.42,0.0421179030853705
112.43,2.65195363853889
112.44,-0.709285922917758
112.45,0.733787872455056
112.46,2.86163739540063
112.47,-0.395654746616487
112.48,-0.726306298713005
112.49,1.38203267274116
112.5,1.65640901345366
112.51,-2.12719988770278
112.52,1.43332886798141
112.53,1.91029800058592
112.54,-0.110875775287786
112.55,-2.04224769064937
112.56,-0.459221271696146
112.57,-0.147603824515477
112.58,-1.67436841197662
112.59,2.41149618767991
112.6,4.37190998289553
112.61,5.10865701996216
112.62,4.31983302293723
112.63,-1.26893635235743
112.64,-0.213045925273091
112.65,3.55615733841249
112.66,0.669574607201477
112.67,8.43840459436861
112.68,12.3184290626341
112.69,5.74623537639389
112.7,5.65515456239232
112.71,4.10800250723697
112.72,5.89562028926728
112.73,2.34362300761875
112.74,5.12492894208284
112.75,4.435065860037
112.76,8.73348653113861
112.77,6.35655717535389
112.78,13.0313277028433
112.79,6.95308952072424
112.8,5.56783063285897
112.81,12.7878423130731
112.82,7.40407547170669
112.83,6.80592682865075
112.84,4.88959504733698
112.85,6.24650197236665
112.86,6.15795824162788
112.87,9.86559966297282
112.88,6.91074871424028
112.89,26.7437989345669
112.9,4.32138032050877
112.91,7.40634251377425
112.92,8.34510377452916
112.93,8.90752907034254
112.94,6.60676195241695
112.95,7.2759071291259
112.96,3.91413738569214
112.97,4.05424861522691
112.98,10.0518714391787
112.99,8.24510700782142
113,10.5317654576159
113.01,8.37421247608961
113.02,2.20078992663015
113.03,10.9065540007829
113.04,5.22247967862994
113.05,12.2078498963499
113.06,9.26498273273835
113.07,2.40688973464352
113.08,16.8444360465302
113.09,10.8133197474677
113.1,5.43420768368846
113.11,7.38765540313146
113.12,10.0626032955794
113.13,5.87979725671478
113.14,4.61338328470856
113.15,0.371809165485644
113.16,3.22845080568268
113.17,15.8391116633924
113.18,1.81192096762923
113.19,5.54472472276806
113.2,3.2393642868768
113.21,4.4827129068642
113.22,6.29440334644236
113.23,6.35000066990989
113.24,9.86283091139082
113.25,3.32851684554424
113.26,15.1581028008215
113.27,8.0329617339663
113.28,8.39878877218839
113.29,4.01930540942746
113.3,3.49571132341267
113.31,1.62599031239834
113.32,6.94944410742311
113.33,1.50248016982537
113.34,0.985781528014188
113.35,3.4713607338231
113.36,5.2148607531546
113.37,4.57682354010338
113.38,5.34872344213087
113.39,2.09080527667775
113.4,1.70173791232835
113.41,10.161731154532
113.42,5.43126169260393
113.43,2.01995700278764
113.44,6.64598029503659
113.45,5.89842881883512
113.46,4.28112523358316
113.47,10.7390355328462
113.48,3.88072087663953
113.49,8.63612781189989
113.5,10.9339916546152
113.51,11.8886163539224
113.52,5.27682841672999
113.53,2.8547190075743
113.54,11.0299432853146
113.55,7.56450595886137
113.56,3.42983396419074
113.57,11.6730020833053
113.58,2.75822377968595
113.59,9.43524450777845
113.6,10.6036351675504
113.61,13.2642291705466
113.62,7.08842607517248
113.63,0.902180568205871
113.64,5.67812098364163
113.65,4.5929120318306
113.66,5.95425284696803
113.67,31.3246830330735
113.68,8.47160279934822
113.69,9.50410921527714
113.7,6.52755328256559
113.71,3.01212461340531
113.72,1.45787740497598
113.73,-6.90118798271992
113.74,-1.33697886149501
113.75,-8.15153721850136
113.76,-9.47903268440805
113.77,-10.7244293810109
113.78,-11.1455793738157
113.79,-12.2742186072834
113.8,-15.9905814666408
113.81,-12.5007174497499
113.82,-11.5212630979522
113.83,-14.3978675069257
113.84,-42.3474578517203
113.85,-12.4597267481062
113.86,-15.2044517051101
113.87,-13.825629864087
113.88,-10.764582274713
113.89,-11.9239620872413
113.9,-10.5009191206479
113.91,-5.70624498041514
113.92,-10.6487115279046
113.93,-4.02690871187252
113.94,-12.0796390384502
113.95,-10.810728176699
113.96,-10.0258843087146
113.97,-11.7955600668158
113.98,-9.02396216209962
113.99,-10.7303479532887
114,-11.6174377970295
114.01,-8.20050198954305
114.02,-10.6798877869909
114.03,-11.3484058959732
114.04,-11.3202551069685
114.05,-36.7472024293768
114.06,-11.0345981016763
114.07,-12.502787341134
114.08,-9.08334989733895
114.09,-9.35482028886606
114.1,-12.8395587853699
114.11,-13.2300093994611
114.12,-12.8715363024676
114.13,-13.6434983404187
114.14,-7.80270699498549
114.15,-13.1894580889977
114.16,-7.47306236880009
114.17,-6.29167653762939
114.18,-10.2549333547299
114.19,-12.1581611016662
114.2,-11.0786683813559
114.21,-10.2529967316688
114.22,-9.54124104452344
114.23,-8.97514904487016
114.24,-8.23780609339532
114.25,-10.2976224024806
114.26,-13.3434334796668
114.27,-12.6289720362402
114.28,-12.5369823039001
114.29,-8.61814028659179
114.3,-13.3066815742715
114.31,-9.12038221816728
114.32,-9.78369989666751
114.33,-10.4286590455316
114.34,-8.9515290172532
114.35,-10.4680373695514
114.36,-12.1299083997295
114.37,-24.7742373233644
114.38,-9.58345583607513
114.39,-14.4812231969968
114.4,-9.73898324630373
114.41,-9.067984952042
114.42,-8.08532183386754
114.43,-9.87653015425497
114.44,-10.6978580368129
114.45,-7.76018458525702
114.46,-12.2854565105748
114.47,-7.3431386682044
114.48,-12.4184155107588
114.49,-10.1437672900468
114.5,-11.345646148468
114.51,-4.98772238939372
114.52,-9.29626457753647
114.53,-9.5709881624776
114.54,-7.87144049375733
114.55,-12.4836783515938
114.56,-7.62587480987998
114.57,-11.2331183355021
114.58,-11.3540075777186
114.59,-10.6772684219644
114.6,-12.3655649440927
114.61,-10.7079607024469
114.62,-11.5271544951348
114.63,-11.8512953291266
114.64,-9.55713335543448
114.65,-11.2512994519441
114.66,-11.1119303297787
114.67,-9.33204062595989
114.68,-5.83211986325484
114.69,-6.68641233893325
114.7,-10.4302277825612
114.71,-7.85894605509115
114.72,-8.67369153805079
114.73,-7.80735204964406
114.74,-8.99481689224939
114.75,-6.84041624642899
114.76,-7.30183164400608
114.77,-6.66015700193318
114.78,-8.60715835050217
114.79,-7.49997334891024
114.8,-14.1104654820005
114.81,-9.01990804598396
114.82,-10.861267146657
114.83,-11.2031655451662
114.84,-7.69277489825022
114.85,-8.01660953436493
114.86,-7.02974060071025
114.87,-10.6933385480852
114.88,-11.9292791357479
114.89,-9.70605045701776
114.9,-9.36056934753716
114.91,-9.99796213140691
114.92,-10.8157132889838
114.93,-9.5900838143385
114.94,-7.98152435844994
114.95,-5.60347153736811
114.96,-11.2390789015426
114.97,-7.65116212174188
114.98,-9.18550513133353
114.99,-7.94055563301855
115,-10.146536645882
115.01,-7.17345347880479
115.02,-7.25974730757944
115.03,-8.30084770706829
115.04,-8.14623168159708
115.05,-8.71489506366175
115.06,-4.46070410075986
115.07,-6.06779116741359
115.08,-10.6159710092805
115.09,-7.8755796158328
115.1,-4.97088651121632
115.11,-8.08799134864865
115.12,-8.46261025416864
115.13,-7.86741974173112
115.14,-5.98367121483065
115.15,-7.5459157451182
115.16,-7.04143624674825
115.17,-9.56342461693126
115.18,-7.31527052347232
115.19,-7.92284841576638
115.2,-6.67669954954918
115.21,-10.3659414995177
115.22,-11.2099704848501
115.23,-10.2351999540826
115.24,-4.71906831889633
115.25,-4.8170337986701
115.26,-10.5781755552262
115.27,-10.5989134271237
115.28,-7.6565029773471
115.29,-6.2930121675981
115.3,-8.06340574147408
115.31,-7.15859077558791
115.32,-4.1968259915504
115.33,-7.60288195012857
115.34,-6.54495101493125
115.35,-7.16217470959335
115.36,-5.3726028643965
115.37,-3.50105757845612
115.38,-10.6859500608156
115.39,-2.14977551869231
115.4,-8.25302876678239
115.41,-9.311984181164
115.42,-6.33908260773914
115.43,-5.67713246212358
115.44,-11.2361788682171
115.45,-6.9890234430914
115.46,-8.14142854103516
115.47,-5.40582923011281
115.48,-3.01719313010008
115.49,-10.1179857739232
115.5,-6.63843637063095
115.51,-4.6298539146206
115.52,-6.82099316660803
115.53,-9.64613162144777
115.54,-4.12753684498483
115.55,-8.41170012635135
115.56,-8.79798655171398
115.57,-6.68659127685136
115.58,-7.18026059133264
115.59,-4.5816235205364
115.6,-7.48125348155252
115.61,-4.48304244191397
115.62,-8.87390250876975
115.63,-8.5004641744018
115.64,-11.9968518915567
115.65,-10.9057911578926
115.66,-8.93195077392194
115.67,-10.6839190564456
115.68,-8.23396686307686
115.69,-6.45236851233726
115.7,-6.72806356271906
115.71,-8.40208045240136
115.72,-5.74277692774404
115.73,-4.92503450765302
115.74,-4.74438096626012
115.75,-9.07087833049154
115.76,-7.3678244993809
115.77,-9.40861476315046
115.78,-6.78681222090832
115.79,-2.88008783961977
115.8,-5.10092982431478
115.81,-6.29819502359763
115.82,-9.22811134646802
115.83,-4.12875698438857
115.84,-9.10468447372076
115.85,-10.3974419029806
115.86,-2.19770953582772
115.87,-4.71645758250755
115.88,-8.90696785867851
115.89,-3.14285575452972
115.9,-6.93641049685577
115.91,-10.1020262174622
115.92,-6.11141229418173
115.93,-3.94871737906156
115.94,-3.81185981923181
115.95,-5.88698470147818
115.96,-3.20945572413326
115.97,-5.47316394497525
115.98,-0.207090864449995
115.99,-4.55470745669014
116,-4.74007349857187
116.01,-3.29497895854823
116.02,-0.817447964823284
116.03,-3.5725941675155
116.04,-2.29319942691876
116.05,0.780314671015353
116.06,-3.38288456148662
116.07,0.380962595875283
116.08,-4.81347874377544
116.09,0.327722846490863
116.1,-4.63326698923762
116.11,-4.71904659325569
116.12,-1.98895098174397
116.13,-4.89595488056019
116.14,-4.67686467545255
116.15,0.634537125948518
116.16,-2.33720903622596
116.17,-4.49090442833448
116.18,-0.789434274852237
116.19,-4.56687413848693
116.2,-4.54930080204008
116.21,-1.40326563649225
116.22,-6.58962901445344
116.23,-4.45871248023986
116.24,-0.165195759876961
116.25,-3.3233997287264
116.26,-6.34819209992875
116.27,-0.875179855242563
116.28,-1.61023687410532
116.29,-2.92363831892821
116.3,-4.79705925250327
116.31,-0.432350148198197
116.32,-1.00870051922152
116.33,-7.02841392392062
116.34,-1.31982663398744
116.35,0.0470212503154747
116.36,-0.00647942682744302
116.37,0.471378595738485
116.38,-4.82650914052224
116.39,-4.59777220037393
116.4,-5.9334603755853
116.41,0.944691356540352
116.42,-1.98983524151084
116.43,-0.871921844030868
116.44,-3.59978599421452
116.45,-1.80181904289415
116.46,-4.60741809494282
116.47,-0.581876989253423
116.48,-0.897887114926842
116.49,-0.136923100472083
116.5,0.852505323359994
116.51,-2.14411775263558
116.52,-4.03144106851012
116.53,-2.04727701614095
116.54,-3.2715399169423
116.55,-3.07020656463547
116.56,-0.415591274321299
116.57,1.54540596737343
116.58,1.11252642270299
116.59,-0.0187344573790345
116.6,-0.767978129156383
116.61,-0.423862862340027
116.62,-0.527455740666977
116.63,0.553933402492672
116.64,0.448550431749968
116.65,-3.85527724252462
116.66,-6.20623976338704
116.67,-5.14316278029531
116.68,-2.55778884686563
116.69,-2.2392658642611
116.7,-5.56644123396939
116.71,-6.69943998681362
116.72,-3.62542101174099
116.73,-0.0455510482640279
116.74,-1.95499807081171
116.75,-0.704170853124721
116.76,-2.67291017042318
116.77,0.949107161638688
116.78,-2.15030978094035
116.79,1.04612869933518
116.8,-0.296673076608621
116.81,-0.639961861856988
116.82,-3.34604495551454
116.83,-5.33667366092842
116.84,-2.49239372452543
116.85,-4.35145957428686
116.86,-5.68043862581226
116.87,-4.86565352996779
116.88,-1.0343883904328
116.89,-3.04831133020605
116.9,0.2707425627941
116.91,-1.48332123601163
116.92,0.390592965473344
116.93,-3.77724340902497
116.94,-1.90824770818966
116.95,-4.19322165832719
116.96,-2.11251687432991
116.97,0.362646822126271
116.98,0.569108238679397
116.99,-3.88828660700461
117,-4.07486862836692
117.01,-5.28045810740762
117.02,-5.55911603151303
117.03,1.00259304735516
117.04,-0.116001552266109
117.05,-1.49129977102706
117.06,-5.29653088680583
117.07,-1.66540852131537
117.08,-0.803900215521959
117.09,-1.56349590396729
117.1,-1.79461654406773
117.11,-5.08499021334321
117.12,-1.22220423620295
117.13,-1.52041037037627
117.14,-1.55052002773838
117.15,-5.34415445446395
117.16,-5.93456882960584
117.17,-1.11576545709053
117.18,-0.35828474237994
117.19,-2.40378471396581
117.2,-4.44954607764438
117.21,-2.89531857895157
117.22,-6.02824919697581
117.23,-6.05843131539395
117.24,-2.33747990764843
117.25,0.111747246555883
117.26,-3.77060779969803
117.27,-2.00423933393107
117.28,1.11154314858048
117.29,-0.916944474563222
117.3,-5.36852709239714
117.31,-0.528333663558247
117.32,-2.25914221269106
117.33,-6.13737257624422
117.34,1.64147278959133
117.35,1.78351877163958
117.36,-3.71559556599048
117.37,3.78505918135604
117.38,-0.608836780646383
117.39,-2.94558828027969
117.4,2.5060044742876
117.41,-0.973138543481101
117.42,-0.72965788058837
117.43,2.78376935090706
117.44,-4.85333068960165
117.45,1.81469801502992
117.46,0.627865117878459
117.47,-2.12491938986479
117.48,3.94554220063247
117.49,-3.18685236367932
117.5,-2.4994547274076
117.51,3.95385736071325
117.52,0.359491992154057
117.53,-0.0413236502635756
117.54,2.15448662330835
117.55,-3.90634727594364
117.56,-0.0213268616307519
117.57,0.885670517419937
117.58,-0.503214899393825
117.59,3.22924575845923
117.6,1.33295858939439
117.61,-3.25844093929265
117.62,2.20618177221686
117.63,-0.718972211122253
117.64,-2.03545770744444
117.65,0.513906864773355
117.66,-2.0064907049849
117.67,-1.55485880377374
117.68,0.043597244903768
117.69,-1.12406472096447
117.7,-1.42402936397662
117.71,0.370096336348165
117.72,-2.20103665578098
117.73,2.43631305885152
117.74,-2.95476112749306
117.75,0.287399212573207
117.76,-2.16664293456693
117.77,-1.85870801148419
117.78,2.6451906358071
117.79,1.90766380497141
117.8,-2.97132116628682
117.81,-0.251205485172421
117.82,-2.78513493354196
117.83,-1.70735437759217
117.84,0.8362320883085
117.85,-5.81480739135303
117.86,1.73190038516685
117.87,-0.995450726996948
117.88,-4.86952486672999
117.89,-1.30826410060108
117.9,-4.54820541978463
117.91,-2.97473535713903
117.92,-4.8154913249377
117.93,0.4119226094467
117.94,-1.0644673341768
117.95,0.827077251285906
117.96,-0.814426187141416
117.97,-2.1653624701947
117.98,-0.0313803170269963
117.99,-6.2493967398205
118,-0.161786028484263
118.01,-5.95545259322796
118.02,-1.38137133664419
118.03,-6.34928147614853
118.04,0.016592274756241
118.05,-4.12098599005653
118.06,-1.07961263326182
118.07,-4.38283524486433
118.08,2.99602154887942
118.09,-1.79757844135871
118.1,-0.969629870225466
118.11,-1.60361422451569
118.12,1.2066575759165
118.13,-5.47410965266391
118.14,-3.87677637088441
118.15,-5.28484449668468
118.16,-3.0041632964658
118.17,-6.68600054000993
118.18,-5.2447590817244
118.19,-2.94537980338512
118.2,-7.8622075300048
118.21,-5.95647575987677
118.22,-3.74930444210607
118.23,-7.08716622563937
118.24,-3.79658693728828
118.25,-7.21935819366497
118.26,-7.82712447430195
118.27,-5.84470624548318
118.28,-2.22665536072947
118.29,-8.57282420309954
118.3,-3.97935214372083
118.31,-5.37817414237496
118.32,-1.72597894442641
118.33,-7.01074223535823
118.34,-6.97189371508251
118.35,-1.71754758520733
118.36,-4.08620304719532
118.37,-2.06772031104353
118.38,-4.60039400489337
118.39,-9.36727368424152
118.4,-6.36980217401554
118.41,-9.04015060326349
118.42,-8.67350820631924
118.43,-8.71179888844891
118.44,-6.11094591038713
118.45,-9.01631250386798
118.46,-7.32226180103185
118.47,-6.94440959893548
118.48,-7.22924895397626
118.49,-10.8958863242743
118.5,-9.21388279935967
118.51,-7.27624622291273
118.52,-8.63935015995839
118.53,-3.40919177757728
118.54,-3.14305917104154
118.55,-3.11812617318799
118.56,-4.39120147489175
118.57,-8.33032283850471
118.58,-7.18144387267702
118.59,-4.20495553966266
118.6,-5.99952045773329
118.61,-7.74639028985418
118.62,-9.0313925504655
118.63,-5.51281295088142
118.64,-2.30906514910598
118.65,-6.80954799923578
118.66,-3.53689446140956
118.67,-5.41960271740154
118.68,-8.91601098034099
118.69,-8.26202962466913
118.7,-9.99681501852425
118.71,-4.31805232973185
118.72,-5.49595306580289
118.73,-9.314068438523
118.74,-3.85891581328854
118.75,-7.59291888154411
118.76,-2.66639718065018
118.77,-8.31728133284794
118.78,-3.78674229515626
118.79,-2.77756480344664
118.8,-9.14007780263614
118.81,-1.99635267165126
118.82,-10.2836734137686
118.83,-8.18253070821188
118.84,-3.59631253777229
118.85,-8.52295774312855
118.86,-6.93485324629493
118.87,-2.56024001616391
118.88,-8.10664931204008
118.89,-6.00973569682398
118.9,-1.83919978305843
118.91,-4.09346828282249
118.92,-6.82755234243038
118.93,-6.14214716265633
118.94,-8.77409062195345
118.95,-4.33027100879278
118.96,-0.00466965496734188
118.97,-1.97076993439433
118.98,-2.77288885195663
118.99,-5.36667754697499
119,-5.54517428779769
119.01,-6.16829349596805
119.02,-5.39535149794462
119.03,-4.46605564396839
119.04,-1.19221334332909
119.05,-1.54202960471082
119.06,-1.81865818349161
119.07,0.798863445315085
119.08,-2.13177864331317
119.09,4.67241784778609
119.1,-1.15860013131381
119.11,2.81302657675977
119.12,1.75610916215067
119.13,1.3379748651597
119.14,1.79705658238709
119.15,2.4169553428571
119.16,1.32694091731224
119.17,1.7210226092304
119.18,3.17111744719333
119.19,2.81772375987033
119.2,-1.98984162037836
119.21,1.26252703255096
119.22,1.03115228848637
119.23,-1.19553855902043
119.24,-3.25772931246605
119.25,0.527493085729027
119.26,-1.41061005758755
119.27,-7.2693460559184
119.28,-8.20178277445246
119.29,-6.06062600284298
119.3,-3.13465324310984
119.31,-3.89122702716745
119.32,0.620877724990424
119.33,-3.91202647467
119.34,-4.88080299915019
119.35,-2.87885425933464
119.36,-6.40364966950145
119.37,-2.9841493438523
119.38,-3.41911712886588
119.39,-3.72392474007689
119.4,-7.98063247488333
119.41,-4.52827761175419
119.42,-3.3436945481608
119.43,-6.27837491570827
119.44,-11.3846600042543
119.45,-2.41984215571738
119.46,-0.974813296880275
119.47,-9.55261321635318
119.48,-1.84730461395002
119.49,-7.55441164574852
119.5,-6.92095262101634
119.51,-2.62214313490592
119.52,-13.9193793847613
119.53,0.148514278059288
119.54,-5.8191323996834
119.55,-1.11487704251065
119.56,-3.54778929956767
119.57,-4.53091868741584
119.58,-1.21516618580318
119.59,-1.70444737162341
119.6,-3.40039177786155
119.61,0.189301062164265
119.62,-3.41949311927123
119.63,-2.8003856043473
119.64,-0.139906096764808
119.65,0.619983324502596
119.66,-5.60987253331579
119.67,2.10485945330262
119.68,-5.26553340328456
119.69,-0.0520755293709932
119.7,-1.71630544636648
119.71,-3.67488603647873
119.72,1.88487016752438
119.73,-5.29945528355397
119.74,0.758214451320863
119.75,-2.31598383845984
119.76,-4.77140021014774
119.77,1.92357644883573
119.78,-2.36873936749218
119.79,-3.35914042009007
119.8,-4.26844968170636
119.81,-6.53859601720907
119.82,-1.17344165477312
119.83,0.373192674961873
119.84,-8.4280621375519
119.85,-1.82338752693405
119.86,-2.48333428681673
119.87,-8.60848604173399
119.88,-6.66115308056541
119.89,-4.42266748781039
119.9,-1.35756520764914
119.91,-8.74011915664749
119.92,-4.56656011997614
119.93,-3.60804663758514
119.94,-1.22924971604726
119.95,-3.10181464595807
119.96,-6.34558083548054
119.97,-9.8143025684454
119.98,-5.5954854423606
119.99,-3.47567572608749
120,-5.16609663841609
120.01,0.95348349172179
120.02,-2.6637825281578
120.03,-3.4632084597807
120.04,-1.23733954487118
120.05,-2.22421308321336
120.06,-2.12321947134951
120.07,-1.22833667346685
120.08,-1.42251118370139
120.09,-2.62103882037767
120.1,-3.04012620144073
120.11,-5.04658419609686
120.12,-7.3396921540269
120.13,-9.89139043057592
120.14,-7.64553892870053
120.15,-7.72450922483259
120.16,-6.7576178910784
120.17,-2.69787946792628
120.18,-2.39027300532651
120.19,-3.74138015991174
120.2,-5.93778500085139
120.21,-6.29744089168841
120.22,-4.33609502641935
120.23,-1.82694040340896
120.24,-6.7041070591404
120.25,-6.8741883364731
120.26,-1.5357748510722
120.27,-4.15322936058119
120.28,-3.75752646698642
120.29,-1.17870831149783
120.3,-5.89086674117651
120.31,-4.55204025169123
120.32,-1.60894692812112
120.33,-5.62089462234044
120.34,-0.0350261068610341
120.35,-5.58092817884254
120.36,-4.4863290172993
120.37,-5.06236304814317
120.38,-3.4115926532438
120.39,-0.594356222171403
120.4,-3.33181332642973
120.41,-6.20509012451488
120.42,-3.0084503596976
120.43,-9.4535477486227
120.44,-0.468387098780889
120.45,-6.72948432050032
120.46,-0.112081136291474
120.47,-8.74858371040937
120.48,-12.1977861689949
120.49,-5.94773450799438
120.5,-5.08142829745953
120.51,-11.4838527306851
120.52,-2.17578220053037
120.53,-2.59438176746726
120.54,-10.1423142260291
120.55,-6.07660241098876
120.56,-2.79532744749705
120.57,-7.54833924771197
120.58,-7.82195062349723
120.59,-3.09509422587542
120.6,-4.29987265072667
120.61,0.391258418428101
120.62,-3.45093642284066
120.63,-3.08552153616359
120.64,-5.13952901678136
120.65,-9.31046945230892
120.66,-9.88757920677799
120.67,-6.57262055998387
120.68,-6.89030383995282
120.69,-4.97983627474321
120.7,-5.98931440294223
120.71,-1.58232543365668
120.72,-4.63463107789565
120.73,-4.49218874283687
120.74,-2.39048914851236
120.75,-2.02946118638953
120.76,-4.12191642221819
120.77,-6.13436937777859
120.78,-6.09620344748819
120.79,-3.07307329977457
120.8,-7.51448069917116
120.81,-2.62142851711534
120.82,-1.69732258647363
120.83,1.58319782419754
120.84,1.07066767627815
120.85,-3.33205014047615
120.86,-8.38644141217856
120.87,-5.03020478378996
120.88,-0.745615167243709
120.89,1.19313572378651
120.9,-5.04845784696562
120.91,-6.69840703844652
120.92,-5.12473039845345
120.93,-0.692986257653875
120.94,-4.24955008583057
120.95,-5.4974428358054
120.96,0.395721614402958
120.97,1.55251734667069
120.98,-5.45994014698808
120.99,-5.39129759051535
121,-2.26240198871135
121.01,-6.89919471286311
121.02,-4.34236268859681
121.03,-3.25870559294439
121.04,-8.24396494761238
121.05,-1.03223467194337
121.06,-7.5275105369624
121.07,-4.4846488281244
121.08,-1.92381635237565
121.09,-3.43078086595855
121.1,-4.02093264032674
121.11,-8.94119944230797
121.12,-3.00372337033336
121.13,-9.58746534442864
121.14,-0.00609510637732956
121.15,-2.81971251124126
121.16,-3.44044433177465
121.17,-3.62843012734716
121.18,-3.87111254763963
121.19,-3.24280505853274
121.2,-8.82614454741483
121.21,-1.25693826860771
121.22,0.39845470557137
121.23,-0.656205067266111
121.24,0.178109133536386
121.25,-0.421391566992291
121.26,-1.61558448438825
121.27,-0.0117886912426708
121.28,-1.70482948193063
121.29,-3.40830179959924
121.3,1.38075882152207
121.31,-5.36464662022971
121.32,-5.25985877543918
121.33,-0.0417655500292894
121.34,4.6001172547149
121.35,-1.79435751769475
121.36,-4.20874859180191
121.37,1.42774152189692
121.38,1.46078148246174
121.39,-0.712315409789922
121.4,-1.93927186936386
121.41,-0.145863733320676
121.42,0.318761823970551
121.43,-1.4431312768686
121.44,-2.33591086160676
121.45,3.46259603003703
121.46,1.72126926938484
121.47,-0.844198999144232
121.48,0.300737871704602
121.49,0.585710622564924
121.5,1.81874506199404
121.51,-5.06950806980834
121.52,-2.8551896849571
121.53,-3.35479525779482
121.54,-0.68657726140753
121.55,2.6722266201326
121.56,-3.67160316926731
121.57,-8.17763358691368
121.58,-4.86069367565233
121.59,-1.26149679455909
121.6,-0.371552459766083
121.61,1.34422879607987
121.62,-4.65813437518379
121.63,-1.65719281289187
121.64,-5.18565263084125
121.65,-4.81578372013682
121.66,-4.15475483396662
121.67,-9.74768033868075
121.68,0.647310561947845
121.69,-9.59598347129716
121.7,-4.77310769045954
121.71,-7.77372649947842
121.72,-3.23455522937908
121.73,-3.60077516820202
121.74,-3.11823626995702
121.75,-2.35599314865999
121.76,-1.53190640274615
121.77,-2.94387397709273
121.78,-4.21728104552983
121.79,-3.95283730980958
121.8,-5.32205756868056
121.81,-4.46781734742751
121.82,-1.99097839336575
121.83,0.229171833192066
121.84,-7.17322308373093
121.85,0.457734022749097
121.86,-6.83928683169822
121.87,-4.90946015302171
121.88,-9.53384940123726
121.89,-3.6416431442496
121.9,-0.0219133333678779
121.91,-3.12845101275753
121.92,-4.97825857713006
121.93,-3.22316137604219
121.94,-5.89034962291972
121.95,-0.284748470813953
121.96,0.665061519331671
121.97,-5.5566808021234
121.98,-3.71148657699229
121.99,0.348211620790309
122,-4.80122007624996
122.01,-6.05308343462026
122.02,0.276242524914891
122.03,-1.86654018815856
122.04,-1.15767637435461
122.05,0.369285433871975
122.06,-5.66146888954747
122.07,-1.07193627350002
122.08,-5.1314431917799
122.09,-7.64870484156392
122.1,-3.83304809687716
122.11,-3.05034303330019
122.12,-5.06414194395195
122.13,0.572324266140044
122.14,-9.24945945191574
122.15,0.201849343695351
122.16,-6.31975806471437
122.17,-2.3721265972204
122.18,-6.08516623471776
122.19,0.282033815907753
122.2,-0.871054727835669
122.21,-4.06396166783405
122.22,-2.01100255511601
122.23,1.19467046267117
122.24,-1.74620834895221
122.25,-0.597500517672418
122.26,0.969879452335386
122.27,-2.42314902972562
122.28,1.12815989681111
122.29,-1.13143796935367
122.3,-1.60229071621114
122.31,5.58266441518411
122.32,0.186227284191451
122.33,-0.448111118331184
122.34,2.38201702706673
122.35,0.581580661831049
122.36,1.53154307008877
122.37,3.56129623413918
122.38,6.55729005476974
122.39,3.11562745646045
122.4,-0.722746061653167
122.41,-2.92910493386398
122.42,4.46076386686884
122.43,-0.897929093975186
122.44,2.12599184477527
122.45,1.87995221638853
122.46,1.68810487905556
122.47,0.171859421899019
122.48,0.0280062410337737
122.49,-2.00042156248778
122.5,4.58862750102512
122.51,-1.91949576182815
122.52,2.2102359051303
122.53,-2.09267163276866
122.54,-1.66912503061192
122.55,0.827105630766802
122.56,-3.18701716723058
122.57,1.96802022622599
122.58,3.38402828068282
122.59,-4.93603937870455
122.6,-1.35066162676645
122.61,2.22791326382437
122.62,-2.90406229477414
122.63,-2.85569139496142
122.64,0.0369403226160266
122.65,0.612507507542976
122.66,-2.86115562942672
122.67,-6.8431074107273
122.68,-6.79992595961216
122.69,-6.45019106208196
122.7,-1.82156996020205
122.71,-2.72762443871818
122.72,-6.34440652705974
122.73,-4.8598552095452
122.74,0.263162368823985
122.75,-2.84230277788156
122.76,-2.63774879126079
122.77,-5.41766787700668
122.78,-0.946724362353251
122.79,-6.5957770870498
122.8,1.88287266377466
122.81,-1.46499994366958
122.82,0.942430320358063
122.83,-4.24088526258755
122.84,0.232981473219177
122.85,-2.09988488475226
122.86,1.1134170539329
122.87,0.205520794773174
122.88,2.85839957790962
122.89,2.72648057037757
122.9,0.58758239443387
122.91,3.91979409947173
122.92,2.45534686920289
122.93,6.2479766938397
122.94,0.635572862135045
122.95,8.42109736726337
122.96,2.29045576775542
122.97,1.05610905384526
122.98,5.34900969898843
122.99,2.17135366030964
123,-0.66471140324008
123.01,4.31970008099639
123.02,12.0646864904886
123.03,1.67783735337493
123.04,2.8062297475955
123.05,9.52923654925558
123.06,7.61641216128245
123.07,1.50058580751324
123.08,4.37386757643596
123.09,3.43052072859291
123.1,1.27846381538946
123.11,1.37350656187212
123.12,4.51773129205133
123.13,15.6891872235674
123.14,9.19340921688854
123.15,10.7414094036287
123.16,2.44814280859601
123.17,5.48284522952904
123.18,5.52001553108593
123.19,6.96870627668798
123.2,1.19514478034954
123.21,5.05578274289246
123.22,14.1551123516779
123.23,6.99249664607733
123.24,4.77253655797849
123.25,8.19873160733334
123.26,7.30789364267515
123.27,-0.485556150836347
123.28,7.91507067597917
123.29,5.40531229718079
123.3,-0.866140012007223
123.31,11.9302022357678
123.32,4.62072530047875
123.33,8.60850125107069
123.34,4.7004753953154
123.35,4.92952211846388
123.36,0.853390437696996
123.37,8.01546025213464
123.38,6.02163960264602
123.39,7.42997636785192
123.4,4.73838426773407
123.41,5.40810489160088
123.42,7.93038559430554
123.43,5.30338175584739
123.44,10.8948378126857
123.45,6.45218759800552
123.46,4.05889909582413
123.47,5.47155183657517
123.48,7.42960310533403
123.49,7.38238660849949
123.5,1.42833761071935
123.51,1.15288763049295
123.52,4.37736059882982
123.53,7.8524391144774
123.54,9.45155189637708
123.55,10.9695244144435
123.56,12.3540600817829
123.57,14.4435170604019
123.58,10.9269179702281
123.59,13.4696253570476
123.6,9.02615290659097
123.61,6.31280586639617
123.62,8.10210219599407
123.63,1.41807503696858
123.64,6.41628038740921
123.65,13.2983397663318
123.66,2.63010584236699
123.67,4.98948769041193
123.68,11.2930482026862
123.69,13.3767288753373
123.7,5.36988635778986
123.71,8.22926784280951
123.72,13.514546586562
123.73,6.93322456707393
123.74,8.22296289173207
123.75,1.06330565553033
123.76,10.174068924929
123.77,7.29095510943081
123.78,13.9176667134867
123.79,4.90345628582121
123.8,8.596141144052
123.81,3.83782948584171
123.82,7.16954952051145
123.83,0.786220041504335
123.84,2.58864634671416
123.85,6.48761332749981
123.86,15.5717924522071
123.87,11.1960336920911
123.88,3.6846224528346
123.89,2.78678692105195
123.9,3.33072194265525
123.91,9.15758127684777
123.92,9.82966809458782
123.93,16.6992017242852
123.94,17.4135575611117
123.95,15.8551396965647
123.96,13.1848939295772
123.97,9.79111036252768
123.98,7.09568234746823
123.99,7.71563784568823
124,9.46584540876447
124.01,13.721077456829
124.02,15.9699972393057
124.03,8.83977877196839
124.04,8.47192725228344
124.05,19.8311763124667
124.06,8.61675142683855
124.07,14.8220839893336
124.08,7.37571512541597
124.09,7.98538405478812
124.1,6.43888989934753
124.11,18.7618363273932
124.12,12.6819476680106
124.13,6.95662031956499
124.14,13.7647721827525
124.15,16.8591086725807
124.16,11.8705009581778
124.17,9.12860319793388
124.18,9.02449464231346
124.19,11.6485454731091
124.2,16.5397860838045
124.21,16.1736498754162
124.22,14.4353189594186
124.23,15.2825580620803
124.24,17.9099373045022
124.25,12.1664781111109
124.26,8.47092897583621
124.27,10.650660075031
124.28,15.9475557496951
124.29,17.7257089837515
124.3,9.44229992895842
124.31,8.74903202422572
124.32,9.52656996003497
124.33,7.33410853563183
124.34,7.6558196687806
124.35,5.36518365748324
124.36,5.89528585947764
124.37,9.49788989046826
124.38,0.792685170374378
124.39,9.555871700913
124.4,6.95283253295633
124.41,5.90241400646607
124.42,5.37423778754326
124.43,0.257834728569896
124.44,11.3804418078087
124.45,6.61250497392342
124.46,4.95987530079011
124.47,13.1955145843702
124.48,3.63102462723914
124.49,3.88517927780873
124.5,11.6294582276032
124.51,10.227578078276
124.52,7.33953224306181
124.53,6.78414825772782
124.54,4.00630576306176
124.55,3.51296251787066
124.56,13.5747572935209
124.57,13.6131900452769
124.58,8.79687476392684
124.59,12.3156026322476
124.6,10.8570638719185
124.61,13.1682933820956
124.62,9.76105111472501
124.63,9.84719150177042
124.64,8.38440159072036
124.65,13.0204941708472
124.66,4.46580293331152
124.67,8.01715765399788
124.68,10.981381357456
124.69,12.4240348956876
124.7,7.85047367880049
124.71,4.54074354079112
124.72,10.8905994363228
124.73,13.0682795813266
124.74,7.6401363430572
124.75,8.08413376965391
124.76,12.253325952744
124.77,8.62716703840384
124.78,14.4695611649592
124.79,7.49256563380871
124.8,9.56213587148283
124.81,9.55072912975904
124.82,12.4043793813025
124.83,8.75286042897672
124.84,3.77999917606497
124.85,10.1933960032905
124.86,7.38844066871887
124.87,7.26660704588894
124.88,8.38920619224717
124.89,11.5349199305495
124.9,5.91223973642221
124.91,0.136249654219546
124.92,5.92747076360275
124.93,2.95921685484141
124.94,2.81998427247518
124.95,-2.96860287747577
124.96,-0.893553636062777
124.97,-1.11404477497784
124.98,-2.35893000080074
124.99,-10.2679680979091
125,-8.59229820392597
125.01,-3.0974970024157
125.02,-7.88441212892167
125.03,-6.73815584240345
125.04,-5.797884880871
125.05,-2.17151467717319
125.06,-9.16028283136286
125.07,-5.58529609171011
125.08,-5.8237648515677
125.09,-7.94476511733644
125.1,-6.80506492036887
125.11,-5.60320417627189
125.12,-4.21010270489821
125.13,-7.05623635846267
125.14,-5.17242898099244
125.15,-5.39085879827923
125.16,-4.31636012930051
125.17,-6.67169028938441
125.18,-3.66615651663088
125.19,-10.1712563032582
125.2,-5.76798583629767
125.21,-10.2332138056938
125.22,-9.57545315852275
125.23,-6.30437038333879
125.24,-9.03994546895295
125.25,-10.199629355467
125.26,-3.76944972620627
125.27,-1.02449516143253
125.28,-11.6170970304103
125.29,-7.95316446861117
125.3,-6.69774224887176
125.31,-3.33555221725025
125.32,-5.4064859949296
125.33,-3.92058564389791
125.34,-10.6495768352281
125.35,-8.9881450965789
125.36,-8.61919588948865
125.37,-7.09442740611708
125.38,-9.04388292454047
125.39,-4.06894494262109
125.4,-4.80401266775968
125.41,-8.13375752123936
125.42,-3.83317557131911
125.43,-7.38234779702527
125.44,-11.0852675225223
125.45,-7.3134047787563
125.46,-8.50475274301088
125.47,-10.8615407103099
125.48,-8.95306121933386
125.49,-4.7330299522097
125.5,-2.1755989979615
125.51,-1.62288080422927
125.52,-11.6603807426312
125.53,-8.43564839035199
125.54,-1.96144854021196
125.55,-1.49963225792919
125.56,-10.6162590972573
125.57,-7.28092333924129
125.58,-4.41925939094554
125.59,-6.42613836583181
125.6,-8.77782304519806
125.61,-1.64936608816282
125.62,-5.65651317961374
125.63,-4.15675805411095
125.64,-8.15981037231688
125.65,-8.71023970212373
125.66,-2.76521983016122
125.67,-8.80446367560053
125.68,-5.35281731235129
125.69,-11.1969856159411
125.7,-5.16765907796451
125.71,-9.05183849898264
125.72,-4.01518476453855
125.73,-3.31099038735989
125.74,-7.13538209047631
125.75,-4.40738659882823
125.76,-9.68830049638102
125.77,-4.60206594276629
125.78,-2.56130511970664
125.79,-9.54657408720029
125.8,-6.30126021816007
125.81,-5.31067258641603
125.82,-4.05345637685403
125.83,-7.77263812754849
125.84,-6.31084807449247
125.85,-4.22414041860695
125.86,-3.99314195064278
125.87,-3.00842157331154
125.88,-8.76118526149441
125.89,-4.54717831649705
125.9,-3.30469060175417
125.91,-5.40204866042059
125.92,-0.494662139393581
125.93,-3.06892283321081
125.94,-3.27045670943633
125.95,-4.38645462043486
125.96,-2.53895116053194
125.97,-4.01594350676929
125.98,-4.18400357320821
125.99,-2.23066044542114
126,-0.655301628603983
126.01,-4.683468625603
126.02,-4.61439619570887
126.03,-8.62383491916986
126.04,-10.0826283332581
126.05,-7.01464642263204
126.06,-10.0968945722377
126.07,-3.32770873739077
126.08,-4.70854707176774
126.09,-1.15619594635801
126.1,-7.69670817063153
126.11,-9.62501543375096
126.12,-3.45426038507725
126.13,-2.48536702949875
126.14,-5.97143294895555
126.15,-5.30482752975366
126.16,-5.06021839317258
126.17,-6.74148892509804
126.18,-2.92625285873066
126.19,-3.6765328586077
126.2,-5.22714849479461
126.21,-2.70241596370693
126.22,-3.23580881678342
126.23,-4.05461229567475
126.24,-1.69595079152356
126.25,-8.51446534273034
126.26,-2.63624319570336
126.27,-10.2012296942683
126.28,-3.63757681309267
126.29,-3.9146926085907
126.3,-1.93415607366374
126.31,-3.49645957005104
126.32,-6.36014771186874
126.33,-0.037002909191202
126.34,-7.05030533366872
126.35,-6.95248332254115
126.36,-4.98993362794341
126.37,-8.65728610310117
126.38,-4.18301922683123
126.39,-7.64114630018389
126.4,-8.07739755212675
126.41,-4.40828683147349
126.42,-0.0651772259683595
126.43,-4.40912757390556
126.44,-8.39113024983145
126.45,-5.86322621420045
126.46,-3.81065925191573
126.47,-2.69741932246181
126.48,-1.73003504833191
126.49,-3.92363220009307
126.5,-7.52407143749078
126.51,-11.7216881882695
126.52,-4.30515324654381
126.53,-4.78143225678556
126.54,-7.77755841652262
126.55,-5.17233279681926
126.56,-2.71845236514214
126.57,-2.21002427602306
126.58,-1.29876409927021
126.59,-5.3271839112501
126.6,-3.81643513935882
126.61,-7.07707629339751
126.62,-12.0257181170299
126.63,-9.65682627719122
126.64,-8.23166566677579
126.65,-9.88828071509707
126.66,-2.28349581660774
126.67,-0.70109596763574
126.68,-4.79785507827753
126.69,-2.52509169705476
126.7,-10.5585043385117
126.71,-4.49603310485451
126.72,-0.755892218902628
126.73,-1.09198245782004
126.74,-5.04551906589505
126.75,-7.5172390602997
126.76,-3.15223857940443
126.77,-5.69614408279115
126.78,-7.41060915790166
126.79,-1.64311777694231
126.8,-3.4870998557045
126.81,-9.39604524633175
126.82,-1.87579186814805
126.83,-6.09193312905985
126.84,-6.83144717719669
126.85,-0.31888633280132
126.86,-8.78323960688739
126.87,0.457560251338321
126.88,-9.09529615061355
126.89,-2.5634692352852
126.9,-11.422754786046
126.91,-3.86935008468762
126.92,-4.52738970369693
126.93,-2.79956257210398
126.94,-2.27783222130395
126.95,-3.12819483613687
126.96,-5.01989887761785
126.97,-9.91348287786665
126.98,-2.48468593780151
126.99,-4.37892627810558
127,-3.12487161056366
127.01,1.69872960093062
127.02,-4.55240716732181
127.03,-9.1693846780995
127.04,-3.08069800847897
127.05,-3.99447236410381
127.06,-6.20635555518849
127.07,-3.42266446239274
127.08,-1.18872676724114
127.09,-7.75698545161131
127.1,-3.40357970032651
127.11,-5.92353301282848
127.12,-3.23296490676847
127.13,-0.807681239919906
127.14,-0.00501203037446707
127.15,-6.55046734510188
127.16,-3.89538567435704
127.17,-0.538412766170244
127.18,-0.0282996692758086
127.19,2.36516385424468
127.2,0.107174587273282
127.21,-2.76895263548056
127.22,-5.56599370243082
127.23,-3.36680248266624
127.24,-2.42911496553442
127.25,-1.8733289527872
127.26,-0.133924008868506
127.27,-1.05681405567685
127.28,0.885108871669282
127.29,-4.25507871742256
127.3,0.256551441955671
127.31,-0.512708943163845
127.32,-0.664437165135627
127.33,-7.94398581385007
127.34,-2.04935927815524
127.35,-4.8015222247984
127.36,-1.03816834928227
127.37,-0.285919548874994
127.38,0.215997803479
127.39,-1.38071295242141
127.4,0.324032454657225
127.41,-5.80570449118721
127.42,-0.183807147880468
127.43,0.252646612348786
127.44,1.04249955961294
127.45,-3.65618942328133
127.46,-4.41885851088435
127.47,-10.7777622317772
127.48,-11.9515972797228
127.49,-2.97335462086001
127.5,-5.95722663045977
127.51,-1.74559704537152
127.52,-4.08034453831319
127.53,-6.8676016535394
127.54,-11.184079245289
127.55,-2.59996750776634
127.56,-1.77664988727286
127.57,-4.46661128967875
127.58,-11.0593163415687
127.59,-1.14026160195264
127.6,-0.525255566231635
127.61,-7.11689520744149
127.62,0.0387248098719085
127.63,-5.84592886184138
127.64,-5.7320838381345
127.65,-2.13830213769687
127.66,-2.98963086907445
127.67,-6.53374382525794
127.68,-2.06767709974011
127.69,-4.59547856432199
127.7,-5.248430218144
127.71,-2.91280394460984
127.72,-2.37144108976545
127.73,-8.31644341882786
127.74,-8.01365715430898
127.75,-4.66491986345655
127.76,-4.16751444880213
127.77,-6.41935878784321
127.78,-0.599352386742309
127.79,-6.37587483474303
127.8,-1.24577618487125
127.81,-6.3218690762111
127.82,-1.09347010929843
127.83,0.311385214661921
127.84,-1.77820972260076
127.85,2.60745316337515
127.86,-9.10058106153534
127.87,0.39471032369001
127.88,-3.59942814786533
127.89,1.75096452306713
127.9,4.00310571013118
127.91,-3.08952667382419
127.92,3.28816508083282
127.93,0.791518554903947
127.94,-0.966650866055478
127.95,3.54263265102387
127.96,-0.737518308861522
127.97,3.33482093036393
127.98,0.587208866198246
127.99,0.678918897125943
128,5.94341741280552
128.01,-5.14538122110522
128.02,0.175716290054177
128.03,0.844958942888163
128.04,-3.56502765611688
128.05,3.22171599788944
128.06,-0.900359582808643
128.07,-3.23735844914457
128.08,0.16371682565396
128.09,-7.89853496641454
128.1,1.63558692479698
128.11,-3.10580842319362
128.12,-5.28030534031668
128.13,-7.35787389067103
128.14,-2.81271923476214
128.15,-9.74858732959072
128.16,-4.42982475855617
128.17,-3.80224146390487
128.18,0.404840514513708
128.19,-2.37497901024889
128.2,-3.18592324633535
128.21,-0.0696224442783792
128.22,-1.71175026693302
128.23,-1.36187631958723
128.24,-3.41785511975192
128.25,-9.51008063030492
128.26,-4.69949113795823
128.27,-2.66890576373373
128.28,-2.044698135845
128.29,-0.280819481324243
128.3,0.135837159831716
128.31,0.163446269600313
128.32,-2.73808123093204
128.33,-3.10478182734786
128.34,-1.79297735179208
128.35,-6.80280947850772
128.36,-6.14598975406883
128.37,-3.31843607280171
128.38,-6.5555730744485
128.39,-8.02591567478993
128.4,-5.19873977815582
128.41,-3.39468711470344
128.42,-6.66976369360741
128.43,-0.352149126980615
128.44,-4.22957047036311
128.45,0.0612955178826257
128.46,1.70858488404165
128.47,0.516644617090643
128.48,0.816057703314414
128.49,-0.788877307899476
128.5,3.98727013338549
128.51,2.06828059476187
128.52,1.70927821436636
128.53,-1.53176980345877
128.54,1.41941605902333
128.55,1.03029601801057
128.56,2.39850375208487
128.57,0.597452874212711
128.58,0.103087194753052
128.59,3.46127104577427
128.6,-2.32240577843639
128.61,1.16102777601096
128.62,1.90084221835289
128.63,1.13986230897185
128.64,0.105748004540215
128.65,2.77255393695222
128.66,0.41885073943438
128.67,0.665602274708758
128.68,6.78928651166954
128.69,4.18435581798603
128.7,8.26644485127988
128.71,9.79242281494939
128.72,1.05359080019572
128.73,0.795287018856673
128.74,0.280090730451239
128.75,1.94383800711595
128.76,3.00234247874818
128.77,2.51952692951873
128.78,9.52739450446586
128.79,1.83987452377346
128.8,3.80404128609735
128.81,1.29743328130413
128.82,2.30009561292398
128.83,-0.0274172624657178
128.84,1.98098838642033
128.85,5.11461156123626
128.86,1.4373162125535
128.87,6.43544410625799
128.88,-2.97637425334656
128.89,5.19292720592916
128.9,5.32563678927054
128.91,1.50700237284416
128.92,2.39709611632372
128.93,0.263438713578205
128.94,3.49811205849571
128.95,1.82908914751399
128.96,5.23414019074217
128.97,-2.65929525194024
128.98,5.05023798552281
128.99,9.8497353812032
129,-4.21698821358691
129.01,1.04894129732382
129.02,2.73784452131392
129.03,4.55703357561828
129.04,2.67571847617451
129.05,-1.5438138371338
129.06,3.82347518835467
129.07,-0.654653899330039
129.08,8.64464030403906
129.09,0.689635951494293
129.1,-0.119585072602188
129.11,0.0891544094797077
129.12,6.77563847684084
129.13,0.666118215774877
129.14,3.79438744020662
129.15,6.49867187206608
129.16,-0.285883995015309
129.17,1.03600244991117
129.18,2.4098311650916
129.19,6.4157700074398
129.2,6.44838686596651
129.21,0.969891123589066
129.22,5.28863679287346
129.23,0.917330726799188
129.24,7.4959248509968
129.25,4.14602513523852
129.26,4.47185086925134
129.27,-2.12055345979331
129.28,12.8604223725386
129.29,5.6036746344162
129.3,-3.08595629355259
129.31,3.22666037327629
129.32,4.86115328360738
129.33,3.42868492486907
129.34,0.754959374446903
129.35,6.79463133336659
129.36,3.70573900346795
129.37,0.952280699756999
129.38,4.54196845455753
129.39,0.937585941078249
129.4,4.54903266152361
129.41,4.23331658648581
129.42,6.03309096508803
129.43,10.8122237401669
129.44,3.79670980188799
129.45,10.831163869248
129.46,1.64662712913534
129.47,2.77772049696293
129.48,3.90882752087755
129.49,0.621107543052261
129.5,-0.78743243917587
129.51,-1.39003716478336
129.52,2.99803671486695
129.53,-2.09778966904214
129.54,1.7143964706646
129.55,5.3436087126074
129.56,4.7408874083359
129.57,5.74027261137424
129.58,-0.319418285953525
129.59,-0.220232482199688
129.6,1.44742448235784
129.61,0.459336985316521
129.62,4.88295281776769
129.63,-2.47080673011678
129.64,1.60976704293262
129.65,3.991832892427
129.66,-2.54497347064244
129.67,2.37625567469165
129.68,-3.19531136071006
129.69,3.48262853578977
129.7,1.27379524936325
129.71,-0.753021084910251
129.72,1.13336619551752
129.73,1.20612335365709
129.74,2.14835180655139
129.75,0.0398854567220478
129.76,3.50300130478225
129.77,-2.05391321455311
129.78,-1.16750141231447
129.79,5.95248847774107
129.8,-1.94268458155608
129.81,-0.658451533036249
129.82,8.95709667715486
129.83,1.4881666879912
129.84,4.54810006754348
129.85,2.84145081313071
129.86,3.04440160784607
129.87,2.96638361985444
129.88,2.9269456574249
129.89,0.501608108549823
129.9,4.42220984066642
129.91,10.0103876174482
129.92,1.85994708375323
129.93,5.40163703525083
129.94,2.5707332015829
129.95,-0.36298632097985
129.96,0.188102364185525
129.97,-2.00870196139221
129.98,3.60780800809336
129.99,-1.83036322080337
130,8.02867756963592
130.01,-0.555887964181655
130.02,3.73964489097621
130.03,8.39065634111147
130.04,2.22678836983362
130.05,3.68352549303653
130.06,7.67212824411596
130.07,3.27043912776171
130.08,3.81260215325331
130.09,3.23518830894174
130.1,5.51718836664326
130.11,3.53896636249526
130.12,6.99898178816626
130.13,7.77163228231156
130.14,5.72189748060317
130.15,3.39178643108646
130.16,-0.641893519076588
130.17,8.29837108904606
130.18,7.53804561642241
130.19,7.01412771972305
130.2,10.8075793421022
130.21,4.60776573684969
130.22,7.25363355733613
130.23,8.80226812435445
130.24,9.65310333595779
130.25,7.06773589480592
130.26,8.77654972821225
130.27,4.04697401488075
130.28,14.3204423678424
130.29,7.22987740452064
130.3,5.19469505459835
130.31,2.76244044430769
130.32,3.81664732826074
130.33,5.84800079018035
130.34,11.6062988400868
130.35,8.25482070494104
130.36,2.95753118573543
130.37,8.07416464258873
130.38,2.30155116733004
130.39,5.80483560395905
130.4,8.49876279392384
130.41,7.63203879711463
130.42,5.02620044553228
130.43,11.1945394116271
130.44,6.21234002843644
130.45,12.5541332610765
130.46,3.17461148946692
130.47,13.3587953842021
130.48,4.38181300656041
130.49,7.14439449225022
130.5,9.49512514355761
130.51,5.07923906342699
130.52,8.27964975553086
130.53,8.19880392935561
130.54,5.69587940747791
130.55,3.0877510429059
130.56,12.234940592335
130.57,12.4275770619625
130.58,13.2251417359193
130.59,10.1115549589661
130.6,3.80781738880917
130.61,4.14661734539697
130.62,4.54728290914636
130.63,4.24127146913055
130.64,5.04435981891752
130.65,5.34381203959592
130.66,6.76209341965352
130.67,7.96613822905556
130.68,7.26514109861868
130.69,14.462144424461
130.7,14.0521814500891
130.71,6.42647871170599
130.72,7.32355936939843
130.73,10.1857736776177
130.74,10.4508909867077
130.75,8.19565129561467
130.76,15.1135313099306
130.77,8.88707321595028
130.78,10.2695352690173
130.79,10.5926270889807
130.8,8.66117677921663
130.81,11.1832391646691
130.82,13.7785014823173
130.83,7.6222199339925
130.84,18.8045042821497
130.85,14.425673999094
130.86,11.6694796467321
130.87,10.4384564615986
130.88,16.155177349288
130.89,16.2943111700482
130.9,16.0968211805089
130.91,15.5855306705745
130.92,11.8627199740473
130.93,13.4208167970204
130.94,12.7542082620355
130.95,14.0412289594945
130.96,17.3818473536086
130.97,15.3152629914545
130.98,7.13705347222548
130.99,10.2871866690728
131,16.3519495085708
131.01,17.0497369798548
131.02,9.76617564162462
131.03,16.7167304691055
131.04,9.36583098681596
131.05,13.4337245183921
131.06,10.3303458333216
131.07,14.8159110684912
131.08,10.2861434372718
131.09,15.7882809820583
131.1,12.1218785712419
131.11,7.71389472193523
131.12,14.9481965513594
131.13,14.89527109752
131.14,11.0434548164328
131.15,12.3642691433001
131.16,12.3321059376909
131.17,9.54453583591656
131.18,9.09100666923059
131.19,10.7313972617811
131.2,10.3645898457768
131.21,10.8387727495695
131.22,12.1693489466147
131.23,13.0385700912153
131.24,16.8964614836988
131.25,15.0265652408909
131.26,11.3151354459257
131.27,17.0111389715056
131.28,17.6051199230276
131.29,13.4332658834612
131.3,10.3700409838333
131.31,11.8456620511772
131.32,13.42756648035
131.33,8.4006785387309
131.34,14.4253264591586
131.35,13.3014581532891
131.36,8.74966237735225
131.37,16.3312276004592
131.38,11.642817642229
131.39,10.1627868906782
131.4,17.2283467951732
131.41,14.5479508189505
131.42,11.6263365526387
131.43,16.5976138592923
131.44,15.9556142586347
131.45,15.2201565872564
131.46,14.0017261597384
131.47,14.8739112331458
131.48,14.4656277040314
131.49,16.1049814979319
131.5,13.6967805218027
131.51,11.2875482488188
131.52,12.3885144889811
131.53,13.1519486366566
131.54,15.7632997112841
131.55,14.9626209845909
131.56,15.2538172309759
131.57,17.3614028080234
131.58,12.1366310066879
131.59,15.0349475351826
131.6,10.3382551048094
131.61,13.4025098923889
131.62,9.01373280975108
131.63,9.61222918646946
131.64,12.912733715049
131.65,12.9883239276592
131.66,10.5661948908276
131.67,10.8338214874538
131.68,12.9596960204092
131.69,9.63734961347486
131.7,9.69811176533495
131.71,13.2233295647877
131.72,9.57702355421598
131.73,8.09687400466151
131.74,8.7858513414823
131.75,9.56788681609256
131.76,6.31924263889374
131.77,8.80620407907089
131.78,5.4332142634438
131.79,6.09750761939155
131.8,6.13561601605932
131.81,5.38877882091742
131.82,8.15276685742465
131.83,5.22391718090176
131.84,5.98239717307769
131.85,7.65688061705678
131.86,5.92018426741373
131.87,4.87269203507714
131.88,2.3042802386228
131.89,4.98207792041546
131.9,5.68946635481365
131.91,3.92351681758714
131.92,4.64136018868127
131.93,2.1774021878716
131.94,1.8108942142397
131.95,2.13658780189328
131.96,0.148884329275529
131.97,1.53235389463709
131.98,-0.0107036865767944
131.99,0.607137017071492
132,1.12993418615219
132.01,3.21079540308528
132.02,1.99193847111983
132.03,-0.121077333087542
132.04,2.64285596337904
132.05,-0.207421862248713
132.06,4.04923274005847
132.07,5.08788824471398
132.08,1.24765196998404
132.09,0.999992119937954
132.1,0.75511426250668
132.11,5.65578688293602
132.12,2.38892970939539
132.13,3.63078111455683
132.14,5.70547734072361
132.15,5.45030612256
132.16,5.26960382497292
132.17,3.74403065470822
132.18,6.2459582085172
132.19,4.81045437533498
132.2,6.28290436253927
132.21,4.52871433243147
132.22,2.7428609398625
132.23,2.30179470174801
132.24,-0.708514558238585
132.25,-0.178605367144331
132.26,-3.7066739855981
132.27,-1.65812523528807
132.28,-1.07499474928674
132.29,-3.755392951543
132.3,-5.86181183076838
132.31,-5.62383834973107
132.32,-7.01636768290878
132.33,-5.62733583318026
132.34,-6.94875648190584
132.35,-7.49865531118957
132.36,-6.71976460274704
132.37,-10.6653160833414
132.38,-7.19661702678027
132.39,-8.9283105268832
132.4,-6.5986541393711
132.41,-8.97858795404899
132.42,-8.15269365478773
132.43,-9.31750907470946
132.44,-7.72924795873389
132.45,-9.94320010492116
132.46,-6.8044910286226
132.47,-9.10359149449609
132.48,-7.65168679744173
132.49,-4.69343154046117
132.5,-11.5428909980609
132.51,-11.6741307627318
132.52,-8.12941232995672
132.53,-10.7044673554753
132.54,-9.89275694120646
132.55,-8.11107989605022
132.56,-9.36393126185723
132.57,-8.30229985564287
132.58,-6.34378142682063
132.59,-8.83998222257391
132.6,-8.75056450239333
132.61,-7.46090344019855
132.62,-8.68960318957969
132.63,-7.76745967432637
132.64,-10.2641562058879
132.65,-7.41612875469539
132.66,-8.57116611396872
132.67,-7.89798703572734
132.68,-11.6246452456563
132.69,-9.1420574983962
132.7,-10.6937425260014
132.71,-9.87052549787185
132.72,-6.92159945120344
132.73,-9.56243299985401
132.74,-9.08005939760877
132.75,-8.13342702292013
132.76,-9.90276523884897
132.77,-6.1694279376243
132.78,-5.86440895385271
132.79,-2.86053826528194
132.8,-12.1151150473154
132.81,-7.37295712844249
132.82,-6.11283888951187
132.83,-4.12004767636397
132.84,-10.5064194731331
132.85,-6.21486385998872
132.86,-3.71638259025046
132.87,-6.95648262692626
132.88,-10.2138593749829
132.89,-6.73379547959869
132.9,-9.28303135556285
132.91,-7.78475160393611
132.92,-3.91722849603639
132.93,-6.34968329114033
132.94,-8.78517229443987
132.95,-11.9409021350355
132.96,-10.3364193666016
132.97,-8.50367141665841
132.98,-7.70633472008847
132.99,-7.89788788343179
133,-3.62858963850015
133.01,-7.07374806627733
133.02,-6.59623738444825
133.03,-5.76500786141283
133.04,-8.31635342852631
133.05,-7.01694742661517
133.06,-5.57128941464748
133.07,-8.58854864597912
133.08,-6.72484567108943
133.09,-10.4723674579969
133.1,-9.43486562085434
133.11,-4.43126019380549
133.12,-6.2203908673556
133.13,-4.93504627186177
133.14,-8.04652992525202
133.15,-9.65938318965679
133.16,-4.63923320827253
133.17,-7.58401869304206
133.18,-10.7180251638542
133.19,-8.18780317738587
133.2,-7.31717959379939
133.21,-9.78885977000887
133.22,-2.62456145056149
133.23,-7.40827341784175
133.24,-8.59025143047454
133.25,-3.71549964567239
133.26,-7.42440468335979
133.27,-2.32871995082137
133.28,-7.02206080636241
133.29,-2.11832688627454
133.3,-4.24779484465046
133.31,-0.780275882812066
133.32,-2.77914155639639
133.33,-3.50476955321745
133.34,-4.97974246003927
133.35,-2.50350122571891
133.36,-2.79012951882403
133.37,-1.8712419880638
133.38,-5.46281071735618
133.39,-0.613443592067022
133.4,-3.69852113254425
133.41,-6.0650816843902
133.42,-0.606426053749568
133.43,-4.7139943620564
133.44,-4.18258875915625
133.45,-6.56321064254029
133.46,-3.57129187805005
133.47,-3.33910344597206
133.48,-4.7580402973812
133.49,-3.92364414023192
133.5,-3.6834118615363
133.51,-7.0630216122873
133.52,-4.6945759395305
133.53,-3.34772289785153
133.54,-4.87253551401117
133.55,-4.20431793474122
133.56,-6.40135390157162
133.57,-4.1944934693114
133.58,-4.22656568953576
133.59,-5.77376214107721
133.6,-3.3156286061048
133.61,-5.54144185487851
133.62,-2.47394007665021
133.63,-8.6455779039982
133.64,-5.71514676299076
133.65,-7.48457066574592
133.66,-7.68395170255755
133.67,-5.69019413032598
133.68,-9.09794741886888
133.69,-4.24807156926753
133.7,-4.82698575304769
133.71,-7.72704008151109
133.72,-6.9743895071144
133.73,-3.49605294230377
133.74,-6.90164190614029
133.75,-8.61675170036436
133.76,-4.94389207920707
133.77,-7.93426641686681
133.78,-7.43032038088016
133.79,-7.9070382580966
133.8,-8.41448617835266
133.81,-3.96964611335816
133.82,-3.6909288621955
133.83,-4.04667098111926
133.84,-5.17004658874455
133.85,-3.83937115663263
133.86,-2.5783781036209
133.87,-0.842891182458903
133.88,-0.914725274435051
133.89,0.264937656983397
133.9,-1.74628995752065
133.91,-2.34935535665204
133.92,4.46803222255236
133.93,1.7844327493592
133.94,2.99587684750038
133.95,3.28003716287073
133.96,2.27111728581284
133.97,4.06860117220215
133.98,8.2442137877378
133.99,7.74831410129596
134,6.06060060457291
134.01,4.11447563230691
134.02,5.88380325154062
134.03,6.08374013782323
134.04,5.04931397860802
134.05,3.88014010014343
134.06,4.32714668496639
134.07,8.85247284369793
134.08,4.65591725237261
134.09,4.98684960938135
134.1,8.52671420559546
134.11,4.98545973996719
134.12,10.2492426200743
134.13,9.09637080444497
134.14,10.7284651920357
134.15,7.36156099755002
134.16,7.09387847337764
134.17,6.53931420362955
134.18,8.90891324286164
134.19,7.01682138374711
134.2,5.9179041235823
134.21,8.98127914149355
134.22,11.4260550066835
134.23,9.27752771241862
134.24,8.2101172593807
134.25,6.4882751706394
134.26,7.98212254931548
134.27,4.24193066679254
134.28,6.08685091127145
134.29,3.68455074933849
134.3,9.6312143804292
134.31,4.72590110328747
134.32,9.8160038217572
134.33,2.7862248430055
134.34,7.9650720358664
134.35,3.52257987634621
134.36,3.47454161996561
134.37,6.46712570546607
134.38,3.43735163608797
134.39,1.2720646863344
134.4,5.20774391159715
134.41,0.9836476155609
134.42,1.56739077546645
134.43,6.45945691020256
134.44,0.507252329334696
134.45,-0.563009679100808
134.46,4.79920617837724
134.47,3.12732517434006
134.48,3.81885430082089
134.49,1.97813132317388
134.5,3.15462934802208
134.51,2.98767431599888
134.52,1.98092580991122
134.53,3.31477460839502
134.54,1.87807492817241
134.55,6.96337488692047
134.56,2.26863955647498
134.57,4.12379672511451
134.58,4.6519214388142
134.59,4.42069611186415
134.6,3.28110983235483
134.61,7.00202084001581
134.62,8.34232578218615
134.63,6.14523622030486
134.64,2.32130918219479
134.65,3.49960839881056
134.66,4.33042043935713
134.67,4.34488447349485
134.68,6.0332123913981
134.69,3.66415602043185
134.7,5.13728695852918
134.71,1.07378811293398
134.72,6.2906773537755
134.73,6.27167660292528
134.74,2.86602982617392
134.75,6.38429077244217
134.76,5.05395276452787
134.77,6.92958387872933
134.78,8.47301764784698
134.79,5.17309033008182
134.8,2.37719869756649
134.81,1.71727023332469
134.82,4.4537613952877
134.83,6.68086633434091
134.84,7.65911783046074
134.85,6.81943726283446
134.86,1.61547289930062
134.87,3.82521558839904
134.88,2.72788682533783
134.89,5.13064995745832
134.9,5.91832142964388
134.91,5.96937129038914
134.92,6.0096637064604
134.93,10.1374654977716
134.94,3.60628462446539
134.95,7.68271647766638
134.96,7.3642614461244
134.97,4.79838594586169
134.98,10.5936399998564
134.99,5.61482332831933
135,5.03772969960369
135.01,5.12564621668939
135.02,5.26509154630529
135.03,5.85595150743042
135.04,7.90721244585814
135.05,8.42049942774214
135.06,10.2111247048788
135.07,6.60449173887385
135.08,6.01253791126549
135.09,9.4724834284345
135.1,8.62613498601435
135.11,7.9137280278609
135.12,8.01847747217287
135.13,5.86552646147642
135.14,7.68630454034961
135.15,11.2322991757566
135.16,8.61347098695472
135.17,5.34410258112765
135.18,5.67923157359036
135.19,9.01533587493851
135.2,6.64641966806822
135.21,11.3335079386576
135.22,16.1090357151421
135.23,16.580703070821
135.24,16.4742908152398
135.25,14.7100384734482
135.26,20.556470130385
135.27,13.5220591970627
135.28,17.460309430508
135.29,17.040730093942
135.3,18.6971972780574
135.31,14.8931213383824
135.32,17.013954044004
135.33,18.7436475742875
135.34,14.0884297534758
135.35,21.2896064094473
135.36,17.2583301995218
135.37,26.3441976230505
135.38,18.3504721858596
135.39,13.8184044079387
135.4,18.442022378915
135.41,18.6909312901175
135.42,14.629946416071
135.43,15.1335547984517
135.44,21.3141763057238
135.45,13.9151058116463
135.46,22.5812331862377
135.47,13.6689866568816
135.48,19.6078205931418
135.49,17.4042261578861
135.5,13.1138716951477
135.51,11.6972354236671
135.52,15.5578604459141
135.53,20.0419515444224
135.54,12.2797387033155
135.55,6.52736837055568
135.56,11.9343582875844
135.57,8.62696679253078
135.58,7.00071595075362
135.59,15.2107424063625
135.6,9.62611122916788
135.61,8.59621757848791
135.62,10.2516647225883
135.63,17.7380504504481
135.64,9.8630246692571
135.65,9.06603942983211
135.66,9.17433981038478
135.67,11.7155864949174
135.68,9.23973801811147
135.69,12.6744102207186
135.7,12.0771261261093
135.71,16.6005143054722
135.72,7.12629570466176
135.73,10.4228474005061
135.74,5.98233421281793
135.75,7.15314035788837
135.76,6.88310348776865
135.77,15.15617065857
135.78,12.1030464203475
135.79,5.8472933843949
135.8,9.73789832124548
135.81,11.8555991839186
135.82,12.2857617899034
135.83,10.994119397525
135.84,17.447871884412
135.85,5.58682015170223
135.86,5.5246243638943
135.87,12.5500598479405
135.88,5.54463942011195
135.89,3.43014539427949
135.9,6.77707056429167
135.91,3.36403563217045
135.92,-0.255812846305714
135.93,1.01178521192758
135.94,2.8113261518965
135.95,2.68041086769294
135.96,2.00951705595999
135.97,1.61275255088366
135.98,0.00610880216580813
135.99,3.38212264214782
136,1.6186445988152
136.01,0.941810548896986
136.02,8.38135108723444
136.03,0.623463777732201
136.04,1.88515901031316
136.05,-0.26092742930852
136.06,1.18734433960327
136.07,1.80877902925744
136.08,2.13252680599965
136.09,-1.78653019086621
136.1,0.798955386049303
136.11,2.29551538437006
136.12,1.52389046510906
136.13,0.906303600895557
136.14,2.82124687921878
136.15,6.77992311812437
136.16,-2.31403512712154
136.17,-0.867715272467804
136.18,1.18741095431131
136.19,-0.201612979706307
136.2,-2.1357304057027
136.21,5.15069802418818
136.22,-0.564813263271405
136.23,5.20539311897936
136.24,1.64828185922149
136.25,-2.41744708684188
136.26,-0.305877800449988
136.27,-0.810386762975391
136.28,0.399986562771954
136.29,-0.99206842502056
136.3,0.356457001881034
136.31,-2.01582832303686
136.32,-3.16775674251806
136.33,-4.97911269195741
136.34,-2.26614417268553
136.35,-3.74238111720256
136.36,-4.85411923197427
136.37,-0.195113832238594
136.38,-0.22034235179654
136.39,-2.68215872366245
136.4,0.910130124900522
136.41,-5.00697653316816
136.42,-0.734686749523692
136.43,-4.39887421384926
136.44,1.73251026836548
136.45,-2.32038724725841
136.46,-9.27770204077848
136.47,-2.00001137446002
136.48,-5.49705240874898
136.49,-2.9378469662643
136.5,-1.22037411914175
136.51,-2.96118084044651
136.52,-1.5016630005638
136.53,-2.85278457525702
136.54,-3.85244339165755
136.55,-4.32952899554515
136.56,-3.89398180589661
136.57,-3.65451599919354
136.58,-0.983924498743759
136.59,0.408889633610481
136.6,-2.38553117842329
136.61,-0.722993871711026
136.62,-4.09117078433437
136.63,-1.1342354984523
136.64,-3.26986951113972
136.65,-2.78953729267061
136.66,-5.91500107393475
136.67,-0.848201950701679
136.68,-1.35530564130115
136.69,-3.11107960845817
136.7,-2.7462071396839
136.71,-3.28761585207812
136.72,-2.11062136941453
136.73,-1.26765030117284
136.74,0.569931156894008
136.75,-2.95833566093574
136.76,-1.14125043041978
136.77,-0.826440014198717
136.78,-5.37677190881586
136.79,-0.6848456021669
136.8,-2.56657960483083
136.81,-2.01532025641244
136.82,-3.70005049556092
136.83,-0.265976138062266
136.84,-3.77854860015181
136.85,-0.883714827625811
136.86,-1.44367242056076
136.87,-1.93657734923441
136.88,0.733435667645494
136.89,-0.523167326611208
136.9,-0.6761491962322
136.91,-1.53178413412589
136.92,2.6175953402174
136.93,-2.85028086578011
136.94,0.84112179222326
136.95,0.679551041172062
136.96,-0.900600613297809
136.97,2.05271427970724
136.98,-1.48724112344907
136.99,-2.4728407190819
137,5.88394053814345
137.01,0.472482263451676
137.02,-0.19144308645025
137.03,0.590221180137875
137.04,-0.687976468823381
137.05,-2.07444320344826
137.06,-2.7837305934956
137.07,2.03260147213476
137.08,0.726362266251665
137.09,0.510468472710917
137.1,-0.272525746253906
137.11,-1.4437857351046
137.12,-2.76008894012226
137.13,5.26441268061739
137.14,-3.50501736151697
137.15,-4.0781744499816
137.16,-0.533182483367987
137.17,-2.45671982370288
137.18,1.99585330769634
137.19,2.11229831681272
137.2,1.10113688288702
137.21,-0.283291548039207
137.22,-0.913094743114417
137.23,-1.21965070740387
137.24,-1.8225188106238
137.25,5.85571467340667
137.26,-0.870202138234405
137.27,-0.324631411946753
137.28,3.30452411082639
137.29,-0.00919930533438018
137.3,-0.74725300694916
137.31,1.75992060334191
137.32,0.419398922929334
137.33,2.90925603272392
137.34,-0.0330604723129583
137.35,5.27685119335509
137.36,-1.68849041628578
137.37,20.0499116716449
137.38,3.90117304887668
137.39,3.24723120179373
137.4,3.65446179124225
137.41,3.52901599009616
137.42,2.03819669522208
137.43,0.340355535665753
137.44,-0.706832891720595
137.45,7.87685974701643
137.46,-0.398060206027881
137.47,-2.25646467828637
137.48,1.18283388434718
137.49,2.50811736274688
137.5,1.11266104053306
137.51,4.01540096486391
137.52,0.604963979127547
137.53,1.75818033374079
137.54,1.57481717409611
137.55,5.69348638443734
137.56,11.0294026812773
137.57,2.86679631787461
137.58,0.235174883697578
137.59,6.6032226786066
137.6,8.32972431091586
137.61,6.74478079869415
137.62,0.373216458357887
137.63,3.64532544626513
137.64,14.4402840394968
137.65,7.71656591571482
137.66,2.91625471423304
137.67,2.76556703957344
137.68,1.78308928946551
137.69,3.56117161020625
137.7,6.47815302578311
137.71,7.39043344803594
137.72,1.21890729786387
137.73,2.74377111551933
137.74,5.68396560932275
137.75,1.26923547177366
137.76,6.5523996684993
137.77,5.12374135140849
137.78,5.90168360965266
137.79,1.48906153928485
137.8,1.78282620441662
137.81,7.96466307835961
137.82,2.10323050365733
137.83,0.623025797201185
137.84,-0.526450709309212
137.85,0.417412379660181
137.86,-0.903100286717345
137.87,0.33956046036219
137.88,1.88613472320911
137.89,-0.87023794877753
137.9,2.1917889712699
137.91,3.93721188812165
137.92,3.20576483735207
137.93,5.73714975932337
137.94,5.37586514841187
137.95,4.35319596068765
137.96,7.22503525249676
137.97,0.669738786347614
137.98,5.38453245287061
137.99,5.40555616028501
138,10.3476953070775
138.01,6.52890295828729
138.02,3.48361443687986
138.03,2.52244645104253
138.04,5.95667867316344
138.05,4.09277634011282
138.06,9.28674560528998
138.07,7.05062522590102
138.08,4.82361881621765
138.09,4.73674742932801
138.1,9.15616576075384
138.11,3.34787331218267
138.12,37.6853557451957
138.13,5.70467100941945
138.14,8.35369597575999
138.15,2.21056258859318
138.16,12.168268215435
138.17,12.6616537490819
138.18,5.82837608118251
138.19,12.2756356840897
138.2,12.4765395507882
138.21,6.14036268886237
138.22,8.0589557493752
138.23,6.81484435593093
138.24,5.97689560814008
138.25,2.97449596111125
138.26,3.61682772709579
138.27,7.76989596950116
138.28,17.0391078858985
138.29,8.26651502350843
138.3,1.33165509681165
138.31,5.00070202439492
138.32,4.43510020136188
138.33,9.30168093681757
138.34,2.46872243834882
138.35,10.2380237386801
138.36,7.35534235176687
138.37,4.75991341013658
138.38,5.08159512644057
138.39,4.05730458622382
138.4,0.255793385747696
138.41,1.30703936704927
138.42,1.42859961154723
138.43,3.51761193814597
138.44,4.17378126491163
138.45,3.06848993162251
138.46,5.20681814273805
138.47,6.91124326006426
138.48,1.98722693692339
138.49,5.67657801229239
138.5,4.94435383584988
138.51,-0.0906750538537697
138.52,6.58664290698001
138.53,-0.702583597007345
138.54,5.39045577525058
138.55,-1.29823473953378
138.56,2.93554327667815
138.57,8.11994828619314
138.58,9.89410062670458
138.59,3.23690657933858
138.6,2.68914052757618
138.61,1.57134249820448
138.62,2.63938440881221
138.63,-5.87428899465082
138.64,-0.150422192811082
138.65,-0.910114509087981
138.66,-2.52495805790319
138.67,-6.29488937170422
138.68,-4.83946336622255
138.69,-3.18016386900263
138.7,-8.0475955393458
138.71,-1.00938822670336
138.72,-6.67292062376835
138.73,-6.60018174305069
138.74,-9.28563772089736
138.75,-6.47328474019319
138.76,-3.27059437527384
138.77,-5.51806163293411
138.78,-10.8818095602451
138.79,-8.49773958096215
138.8,-6.35991482979237
138.81,-10.6130318342027
138.82,-12.0443395100603
138.83,-6.01813241081627
138.84,-10.1112559425894
138.85,-8.87750127391134
138.86,-9.29553416943078
138.87,-15.4501523315578
138.88,-11.4625033537625
138.89,-10.7026200106379
138.9,-13.0079652782206
138.91,-14.7630567318892
138.92,-8.38115045673376
138.93,-3.92521061761792
138.94,-5.08307640548676
138.95,-10.5981849670521
138.96,-13.7766654984152
138.97,-7.7805350451358
138.98,-7.07494970174912
138.99,-10.0928936485169
139,-11.8548064766713
139.01,-11.580791618433
139.02,-11.6084390467238
139.03,-12.0773827056173
139.04,-17.5646352623798
139.05,-9.87531620122618
139.06,-11.4925748059666
139.07,-13.8628465201921
139.08,-13.1116272757203
139.09,-11.5261533779355
139.1,-9.13433769168471
139.11,-11.2211875219241
139.12,-13.4710863887639
139.13,-11.1233858089659
139.14,-14.658928493378
139.15,-6.27774216896846
139.16,-12.4662031078894
139.17,-10.1550792310638
139.18,-10.6042143944858
139.19,-6.98910507443113
139.2,-5.37041372472675
139.21,-6.46915907972102
139.22,-9.9679472918647
139.23,-17.0852421121945
139.24,-7.39781453974613
139.25,-6.28499854138129
139.26,-6.62871635584424
139.27,-11.5891844534241
139.28,-12.1618081133362
139.29,-4.35263521512592
139.3,-8.42428832007079
139.31,-4.75773169386603
139.32,-8.37674985273913
139.33,-17.6106073374007
139.34,-14.1217942692427
139.35,-5.19448683713124
139.36,-6.67145702466334
139.37,-8.84370173229805
139.38,-9.34466556043825
139.39,-8.56059479210298
139.4,-13.6121464398616
139.41,-12.8434437118625
139.42,-9.16453298335777
139.43,-11.9583482594985
139.44,-10.8990228890361
139.45,-7.48851925454022
139.46,-7.90639853283449
139.47,-8.49151329113513
139.48,-10.102525209113
139.49,-10.0898173431576
139.5,-8.25787435921307
139.51,-12.2497809157945
139.52,-10.0950010699308
139.53,-10.9734995483142
139.54,-8.60994298543925
139.55,-10.6861484511004
139.56,-10.5755373564174
139.57,-7.81742885722224
139.58,-10.5006680065758
139.59,-10.444786515705
139.6,-7.91056400097838
139.61,-9.89108483252819
139.62,-10.3396423807797
139.63,-7.79573334653152
139.64,-7.87558258257031
139.65,-7.6893116474644
139.66,-7.36876926567792
139.67,-9.9888819398215
139.68,-6.38368067203311
139.69,-10.246418177823
139.7,-7.69847765142996
139.71,-8.61438421684336
139.72,-5.44922453860103
139.73,-4.66462464448992
139.74,-7.91395446360328
139.75,-9.8261305671765
139.76,-9.00235567767605
139.77,-5.57329058444092
139.78,-8.12380895538371
139.79,-5.89695696891416
139.8,-10.1819237543952
139.81,-7.22751594309676
139.82,-5.57653422094655
139.83,-9.15914525807906
139.84,-8.55710255871325
139.85,-8.69787872331757
139.86,-8.54905366334228
139.87,-6.95648167853758
139.88,-5.58058189294397
139.89,-8.23064664351918
139.9,-3.343422438825
139.91,-8.20061137980024
139.92,-4.47850615790471
139.93,-10.6391841889048
139.94,-3.67781688299126
139.95,-9.11925440133967
139.96,-4.06528627789221
139.97,-7.42759686924104
139.98,-6.53799269587056
139.99,-8.11856537103696
140,-9.06127194293995
140.01,-6.23177161741524
140.02,-6.47670399423422
140.03,-9.53071870304571
140.04,-9.37534410419193
140.05,-5.10378320477796
140.06,-6.61013394054935
140.07,-4.45438965108595
140.08,-6.36108636619223
140.09,-10.509603267677
140.1,-5.31020718061356
140.11,-8.04775833595694
140.12,-7.95916038157119
140.13,-9.90050759854466
140.14,-8.41002632419303
140.15,-11.7184673044899
140.16,-8.8561775047737
140.17,-10.811507904286
140.18,-11.1710514423314
140.19,-10.4309130040422
140.2,-6.57301563573274
140.21,-10.3589149585084
140.22,-9.79598905658585
140.23,-10.9694305326344
140.24,-9.21467914206358
140.25,-6.71843192849038
140.26,-9.32337290744621
140.27,-10.82943469647
140.28,-11.95189497171
140.29,-4.01422668319288
140.3,-7.24218643700257
140.31,-7.97014289094755
140.32,-4.50982365683385
140.33,-5.9411203880895
140.34,-6.92707455141155
140.35,-5.49233187879947
140.36,-6.42725050934162
140.37,-9.54531564133541
140.38,-6.04985538017501
140.39,-7.18923065767339
140.4,-6.69797980560117
140.41,-4.55624145785157
140.42,-7.84650719565682
140.43,-9.8386645771915
140.44,-3.85126108936515
140.45,-8.17414573743
140.46,-5.80406520804948
140.47,-6.30812604476085
140.48,-3.9180004975529
140.49,-5.31438784155933
140.5,-8.51917503757846
140.51,-5.81459555909299
140.52,-1.66308027257468
140.53,-5.03111481049352
140.54,-4.92561110232779
140.55,-2.89423521509997
140.56,-3.5025722737254
140.57,-5.08432037269892
140.58,-5.48551113997476
140.59,-4.07742537470797
140.6,-1.31578327332328
140.61,-8.73287765808307
140.62,-7.53319150204474
140.63,-6.56033204318928
140.64,-6.64857429645513
140.65,-3.14969792887623
140.66,-5.5605056279796
140.67,-8.16473537104324
140.68,-8.37262395648005
140.69,-7.67955311634178
140.7,-7.97483592168983
140.71,-7.07813878708569
140.72,-3.95515310393859
140.73,-2.62895283742741
140.74,-5.65759636744553
140.75,-7.88585413586821
140.76,-7.35976108459976
140.77,-7.67798435883522
140.78,-7.58118948981969
140.79,-6.87544783572108
140.8,-7.91073715487675
140.81,-5.40327800831409
140.82,-7.43499521804372
140.83,-4.75448776491326
140.84,-5.64725174203789
140.85,-5.17002083147032
140.86,-7.63811029820442
140.87,-5.54673464209252
140.88,-8.81486213574588
140.89,-2.03073442853632
140.9,-3.57974901038795
140.91,-3.8802502255831
140.92,-8.45785184148514
140.93,-8.24186088836209
140.94,-4.435895534417
140.95,-6.21979767379173
140.96,-4.89932380096874
140.97,-3.81647481931093
140.98,-5.97634310484603
140.99,-5.32505251643839
141,-5.81538226332754
141.01,-5.64425315281207
141.02,-2.21500110111604
141.03,-5.9126659777092
141.04,-7.04675401075489
141.05,-3.64368494275494
141.06,-7.86387226581633
141.07,-4.39187174877526
141.08,-7.07319830787122
141.09,-5.36524366643878
141.1,-8.39417766073502
141.11,-3.35456936733747
141.12,-7.50933226065629
141.13,-6.06360157515057
141.14,-8.71019114203098
141.15,-7.69701358742078
141.16,-4.975246957549
141.17,-5.34370768219754
141.18,-2.56862910607753
141.19,-4.60566022639979
141.2,-7.3761622377977
141.21,-1.28893572466349
141.22,-3.42265496873179
141.23,-6.33405673621673
141.24,-3.95983133505926
141.25,-2.02438869616062
141.26,-5.94611500549005
141.27,-4.405299910882
141.28,-1.48157081081264
141.29,-3.61495328033844
141.3,-7.59028025381556
141.31,-2.0333956264397
141.32,-0.114791593722349
141.33,-0.575103228346484
141.34,-1.34401352037027
141.35,-4.68503489107933
141.36,-1.83819868518412
141.37,-2.7592352528298
141.38,0.388390549928658
141.39,-1.37060153720643
141.4,-3.69161224495633
141.41,-4.57260716149786
141.42,-3.02416652302264
141.43,-3.00522527164061
141.44,0.494535410141396
141.45,1.55061906075828
141.46,-0.573277577625399
141.47,-0.739024778988271
141.48,-6.40442097788175
141.49,-4.09821584375723
141.5,-4.8451554541386
141.51,-6.03622318386942
141.52,-0.639236963579229
141.53,-0.93408692394926
141.54,-2.17319383891348
141.55,-0.0315217683842135
141.56,-3.24392346807949
141.57,-0.151993196782082
141.58,0.380328434678472
141.59,-2.43942149056982
141.6,-1.98051051347558
141.61,-2.61650623407707
141.62,-3.85945386591174
141.63,-1.1329231860781
141.64,-1.12454721592661
141.65,0.838270055368331
141.66,-0.845706753738277
141.67,-2.97533690709148
141.68,-3.78348950556239
141.69,-6.36647018028101
141.7,-4.43479753025802
141.71,-5.47535749886509
141.72,-3.44927565189858
141.73,-6.8618539314775
141.74,-0.668136125245655
141.75,-3.47520299066653
141.76,0.0563454859846882
141.77,-0.587705669437961
141.78,-6.96040883786366
141.79,-3.90745888695813
141.8,-7.6956905210866
141.81,-0.244474149928693
141.82,-1.85045936120923
141.83,-2.58361413323612
141.84,-6.34456259254302
141.85,-6.92824110656679
141.86,-1.84334198106889
141.87,-2.78645181112678
141.88,-4.48937300083458
141.89,-8.10357446141746
141.9,-2.75197476740914
141.91,-8.13897792120459
141.92,-7.34431055331394
141.93,-2.29779080355637
141.94,-4.83929683786343
141.95,-6.84807706247711
141.96,-3.38849936950124
141.97,-6.88469755993492
141.98,-0.884756511873231
141.99,-6.31100014099663
142,-4.91169802817585
142.01,-4.26641332618238
142.02,-3.45179418808785
142.03,-2.99229966954391
142.04,-5.67043635930501
142.05,-3.97147692140189
142.06,-0.856284058880524
142.07,-6.07522495719929
142.08,0.162707472427356
142.09,-8.26763068375558
142.1,-5.13398302408375
142.11,-6.2844923669116
142.12,-4.47997841965276
142.13,0.0849808706180663
142.14,-8.05773108347716
142.15,-7.98316998265422
142.16,-2.74389639327261
142.17,-7.15800227971518
142.18,-3.61016146098174
142.19,-4.97937971835988
142.2,-6.62282921538406
142.21,-7.47608794040779
142.22,-4.16677193456161
142.23,-0.105326506421022
142.24,-6.71804926653754
142.25,-6.854846929004
142.26,-5.28186689771668
142.27,0.222048158527037
142.28,-6.04726568490539
142.29,-7.76470904230724
142.3,-4.91492374489923
142.31,-7.95315015740961
142.32,-4.5061796656028
142.33,-1.29303048702366
142.34,-1.51967768298916
142.35,-0.727499666865975
142.36,-1.47111899139119
142.37,-2.286976619083
142.38,-2.21969538577873
142.39,-4.79394000740328
142.4,-5.2835873683369
142.41,-2.79075601419521
142.42,-6.37570631440313
142.43,-7.91918055404862
142.44,-4.74937972531876
142.45,-4.39905740825695
142.46,-3.52352648882221
142.47,-4.91574624826822
142.48,-2.68394133733183
142.49,-6.11369568791857
142.5,-4.10243183590647
142.51,-4.87194830954455
142.52,-2.72401128244388
142.53,-3.37675424906724
142.54,-4.5510494348061
142.55,-0.376377777671804
142.56,-1.38408082839873
142.57,0.248088600137757
142.58,1.71836549732652
142.59,2.20964743592876
142.6,0.986668955637968
142.61,0.449700820394332
142.62,-0.00349214112385683
142.63,-0.621525185154626
142.64,-0.917733099753156
142.65,-4.78206124248684
142.66,-4.86117599703939
142.67,-4.85061312844391
142.68,-4.42445030158541
142.69,0.0624049317806093
142.7,-1.06206798897504
142.71,-0.320967350720173
142.72,-5.32151478983238
142.73,-7.99962614582571
142.74,-4.75996289562216
142.75,-2.01521496366774
142.76,-2.43870440914221
142.77,-1.9973865573015
142.78,-5.9282560092211
142.79,-6.05134350431129
142.8,-7.28634289873887
142.81,-2.67711149908631
142.82,-2.53937733127517
142.83,-8.66438466519944
142.84,-4.50750896473737
142.85,-2.64206344822898
142.86,-5.78567648616318
142.87,-8.06791306173869
142.88,-2.19503362634662
142.89,-6.99267159923935
142.9,-2.25437460191274
142.91,-8.13404045911119
142.92,-7.83043055767624
142.93,-2.62899300777862
142.94,-8.19103752970762
142.95,-1.12324320955743
142.96,-6.80273419668676
142.97,-5.73580776861009
142.98,-8.14965348018373
142.99,-2.21684513020313
143,-7.26824465306325
143.01,-3.15496471552032
143.02,-4.80846407215361
143.03,-1.21439776294866
143.04,-3.72531764320128
143.05,-5.81114207535715
143.06,-5.40695810456056
143.07,-2.51955782368088
143.08,-9.21890753384254
143.09,-1.28748413585936
143.1,-5.07149261660262
143.11,-4.96323655583483
143.12,-4.14927787659866
143.13,-2.77909340170752
143.14,-6.50521616291851
143.15,-6.20813424512907
143.16,0.148155724616184
143.17,-0.723800711703594
143.18,-5.10024327443188
143.19,-5.30694335950161
143.2,-8.25572741279566
143.21,-4.47129202225929
143.22,-2.00953989727412
143.23,-1.18390463351232
143.24,-2.52216226753614
143.25,-6.99772942261821
143.26,-6.68803874815356
143.27,-4.63238551801053
143.28,-2.10422946722941
143.29,-2.70060318290881
143.3,-3.10431095743467
143.31,1.91669241227566
143.32,-1.20588796069949
143.33,-2.57032444144214
143.34,-3.40024387536719
143.35,-1.20525973075368
143.36,-4.09611855342364
143.37,-6.81339036944726
143.38,-4.83608860169979
143.39,-2.92986023539688
143.4,-5.66379325765722
143.41,-3.08884186154271
143.42,0.940778300115022
143.43,-4.19103203755945
143.44,-0.330538868317499
143.45,-1.28223447518638
143.46,-2.22881507016668
143.47,2.22870773114947
143.48,-2.53906197245177
143.49,-2.4957682994078
143.5,0.94160609240194
143.51,1.18366173898656
143.52,3.19779618761839
143.53,-1.09700793283222
143.54,-1.44274684746596
143.55,0.47113452240049
143.56,2.45783985746648
143.57,3.71649085192419
143.58,1.8387289478627
143.59,3.07681764511752
143.6,-1.17567281375876
143.61,6.80565793115259
143.62,4.92535157136902
143.63,1.20952288177988
143.64,4.84898439613757
143.65,2.47952706717014
143.66,1.85616822306062
143.67,2.68166404030986
143.68,1.39201618977491
143.69,1.08740483812288
143.7,2.84720701580834
143.71,1.71886203639973
143.72,0.0917683931424362
143.73,-2.0213768771724
143.74,-1.23699467747992
143.75,-4.64335119518958
143.76,-3.39802555766637
143.77,-5.43586983315747
143.78,-5.01020527289158
143.79,-2.09726022596453
143.8,-4.82441320940663
143.81,-6.05063653722447
143.82,-6.46735101874504
143.83,-7.28978093561848
143.84,-3.92303960730203
143.85,-2.26745897917332
143.86,-4.57652203779618
143.87,-7.93981902435949
143.88,-8.19034687518668
143.89,-7.93226719158096
143.9,-5.10103263891665
143.91,-2.97949035331483
143.92,-2.48404224145384
143.93,-0.095603710824025
143.94,-8.4668499141839
143.95,-4.68205694046705
143.96,-8.33623481331139
143.97,-5.72969838665721
143.98,-2.41444652047822
143.99,-1.41596153473044
144,-4.17616911488777
144.01,-6.69206704541134
144.02,-7.53839627734162
144.03,-1.99332192912456
144.04,1.58643908910449
144.05,-6.04662968452278
144.06,-3.68026564954977
144.07,-0.317619611839651
144.08,0.104115921928606
144.09,-2.26198735274919
144.1,-3.34928077897539
144.11,0.288797689250741
144.12,-0.305661642957174
144.13,-4.07287403367096
144.14,-2.18502085831368
144.15,-1.98060096385007
144.16,-3.61876623534706
144.17,-3.06868198862464
144.18,1.89207523796295
144.19,-6.77469966414271
144.2,-4.06685897256141
144.21,-4.53537510924742
144.22,-2.16150094503552
144.23,-2.15761893433668
144.24,-7.45721492432582
144.25,-4.57040677338238
144.26,-4.73613867396826
144.27,-4.4801215979012
144.28,-1.96733642404151
144.29,-7.16095748263153
144.3,-2.76999849192083
144.31,-9.17940866613888
144.32,-3.61950041635351
144.33,-6.58679787699224
144.34,-6.75454851446179
144.35,-4.0622353315628
144.36,-7.10929404959371
144.37,-0.130103292748399
144.38,-7.55510212617051
144.39,-3.29780079939335
144.4,-4.90828641831932
144.41,-7.53694831302098
144.42,-0.205148548265236
144.43,-3.88773111683708
144.44,-7.26701054069026
144.45,-6.43896132051101
144.46,-7.00327088567005
144.47,-10.2025704090209
144.48,-10.5053740520858
144.49,-6.3792881094778
144.5,-4.24532701394811
144.51,-1.631623434235
144.52,-0.269268198466965
144.53,-9.25866467482915
144.54,-7.65436172809157
144.55,-6.1951666659873
144.56,-7.91997669991863
144.57,-6.69966966309384
144.58,-5.76054660968851
144.59,-4.9535615989637
144.6,-2.59037386711105
144.61,-1.63168716929624
144.62,-8.59241862337294
144.63,-2.91827786181862
144.64,-4.97532731204662
144.65,-10.2330964589804
144.66,-2.20204343883851
144.67,-3.01072450239492
144.68,-6.49956634333051
144.69,-7.88633135596468
144.7,-2.62102212435218
144.71,-4.33722874159855
144.72,-4.28331572344485
144.73,-1.77373418987253
144.74,-7.90097428069771
144.75,-8.75160714229327
144.76,-0.0181099468994152
144.77,-2.76079407465894
144.78,-4.48129796121309
144.79,-5.89195478026323
144.8,-2.31881036414432
144.81,-1.94759938871226
144.82,-4.46727446450413
144.83,-10.7147252692292
144.84,-1.17965900564558
144.85,-2.0977771994129
144.86,-1.17977056315878
144.87,-2.29145777612141
144.88,-6.81659493288542
144.89,-3.82326805187317
144.9,-4.88359699106465
144.91,-0.164074899428534
144.92,-8.92113773280851
144.93,-0.756676695136659
144.94,-6.42240135028582
144.95,-2.16590471405675
144.96,-6.85392779530052
144.97,-7.20914103788017
144.98,-6.3386236752509
144.99,-0.116984177664822
145,-11.253180473538
145.01,-2.05651843489786
145.02,-8.07009738408854
145.03,-6.37779968795885
145.04,0.268746718414766
145.05,-5.11255103761832
145.06,-9.32482371084296
145.07,-1.24409447747941
145.08,0.0401007691689152
145.09,-9.89039018323118
145.1,-3.55800985864704
145.11,-2.66833408230499
145.12,-5.59762781636175
145.13,-5.33866565685351
145.14,-8.9352211667772
145.15,-4.31365271887543
145.16,-0.814753902787711
145.17,-3.37555981520328
145.18,-6.15922660556576
145.19,-5.33616189427916
145.2,-6.77028551849719
145.21,-7.49518561891697
145.22,-5.53585358371262
145.23,-0.801925269269917
145.24,-7.64883405605201
145.25,-4.51966860994489
145.26,-0.912313955916104
145.27,0.132955272029758
145.28,-3.94510074588429
145.29,-6.75650738030413
145.3,-3.66640350938359
145.31,-3.8076221433854
145.32,-5.65280167872055
145.33,-7.24803520403862
145.34,-9.17918990679994
145.35,-3.30103582086977
145.36,-0.937634896724189
145.37,-2.67453572096485
145.38,1.3649939851112
145.39,-3.3494505425134
145.4,-5.10563508990103
145.41,-4.82558009628702
145.42,-9.65474028455911
145.43,-1.06966131219513
145.44,-1.49894172583095
145.45,-5.57959409940811
145.46,-2.86218193435086
145.47,-6.89177102647517
145.48,0.375670402133936
145.49,-2.73842546922758
145.5,-5.02234900565233
145.51,0.302789313871901
145.52,2.59367654945261
145.53,-0.33511077159968
145.54,-3.38734062957845
145.55,4.15407266989023
145.56,-4.33989375943445
145.57,-5.71383242354871
145.58,0.656003505531479
145.59,-0.559792403715129
145.6,-2.63581278047344
145.61,0.777694576996806
145.62,2.4680020565498
145.63,0.839475308467225
145.64,-4.45857503542875
145.65,6.32516395560202
145.66,-2.0377889853794
145.67,-3.89702850743617
145.68,0.500847431277463
145.69,1.84506567173786
145.7,0.455112485822143
145.71,4.27572069776037
145.72,-2.0406589672346
145.73,-2.12606421634048
145.74,5.1340533397858
145.75,3.46730750445426
145.76,-0.613142356924489
145.77,1.55947202648739
145.78,-0.119075146128258
145.79,-5.36598680373353
145.8,-0.422610341415495
145.81,0.572437497704062
145.82,-5.67317579533559
145.83,-0.855407868771552
145.84,-1.61046673803476
145.85,-1.13641618886811
145.86,0.05407120737261
145.87,2.30145842351756
145.88,-0.643150893106574
145.89,1.03100756149599
145.9,0.799744130576947
145.91,-3.0162394781788
145.92,-1.78764025204491
145.93,-4.77656557252478
145.94,-1.75456595629124
145.95,0.486129447355457
145.96,-1.45530029804128
145.97,-2.33306571440121
145.98,-1.74743865493084
145.99,-0.200363601061315
146,-4.35097649631731
146.01,-3.57195403131978
146.02,-1.5324675297506
146.03,0.108514418504659
146.04,-4.35715724969189
146.05,-0.00363534138688019
146.06,-1.59793295156119
146.07,-4.62843467728027
146.08,-3.20039733326418
146.09,0.220405544250307
146.1,-3.93311178127565
146.11,-4.66075645838915
146.12,-6.73342413717518
146.13,-3.45212498773575
146.14,-1.63893639944877
146.15,-1.50537056525965
146.16,-8.96353922244636
146.17,-1.60387237915942
146.18,-8.3327456473802
146.19,-7.27530655187694
146.2,-0.540590384458791
146.21,-4.4614895563369
146.22,-4.1706813544666
146.23,0.0790458973692013
146.24,-5.21667631388604
146.25,-1.34032281537969
146.26,0.0801696985581995
146.27,-2.86191642016994
146.28,-9.78441906930776
146.29,-3.92506991552115
146.3,0.339821015150558
146.31,-1.58298347858731
146.32,-3.05998038044313
146.33,-7.22154981990555
146.34,0.0784411112241096
146.35,-4.97615256323429
146.36,-1.66747083923719
146.37,-9.69169941642104
146.38,-8.76034207072178
146.39,-5.6601868374463
146.4,-5.83659621140135
146.41,-2.12048141849422
146.42,-5.95623563049959
146.43,-6.61695951299207
146.44,0.150179215385567
146.45,0.786512117039383
146.46,0.150648465555639
146.47,-7.0488318007126
146.48,-1.99555068775696
146.49,-1.06259147904412
146.5,-5.72872988150512
146.51,-1.4875869576105
146.52,-1.40921023107557
146.53,-6.36868498367324
146.54,-6.46774031472332
146.55,-5.96191257884949
146.56,-2.55835031354546
146.57,1.09969631758044
146.58,0.501254642160667
146.59,-0.513877164232949
146.6,-0.0118299197499977
146.61,-2.87298834193849
146.62,-6.88609453142191
146.63,-3.2189781735776
146.64,-1.99701458843559
146.65,-5.25415253933686
146.66,1.56615957645458
146.67,-1.07110991970984
146.68,-0.668259281369437
146.69,-6.17125894399346
146.7,-3.56569571835622
146.71,-0.474632024414061
146.72,1.90748973551345
146.73,2.44208617987372
146.74,0.179932258745752
146.75,-2.39096460914323
146.76,-4.17604634160755
146.77,-4.5361787667972
146.78,1.02076175270062
146.79,-0.465047331944111
146.8,-3.16021830674451
146.81,0.533785384917078
146.82,-5.4781893532694
146.83,2.34800509827603
146.84,-0.631814471715725
146.85,-1.37310052108653
146.86,0.659923163817674
146.87,-0.353996016377483
146.88,-6.76702603026743
146.89,-3.4867238589303
146.9,0.501618436221502
146.91,-1.00672305962315
146.92,-8.57388616685354
146.93,-1.24810736355012
146.94,1.81561655751873
146.95,-1.76915128040469
146.96,0.408318214581637
146.97,2.6034335876204
146.98,-1.82000264508003
146.99,-2.90207235445075
147,-3.04787300427109
147.01,-1.38737037709903
147.02,-6.91385132943477
147.03,-1.09421985660311
147.04,-7.02428510341559
147.05,-2.80603379745221
147.06,-3.3154047693404
147.07,-7.72665307198588
147.08,-1.47640126010712
147.09,2.55272648532231
147.1,-4.18213607807298
147.11,-3.9180238546485
147.12,-1.75916103953115
147.13,-0.758902660478113
147.14,-6.96361452765303
147.15,-3.81895349678041
147.16,1.07913200726741
147.17,-7.22506345566296
147.18,0.104470337870593
147.19,-5.11992405197896
147.2,0.834303959762657
147.21,-5.02209326489024
147.22,-1.1502148866409
147.23,-2.27903624753686
147.24,2.62223733086144
147.25,-7.23426083215675
147.26,-0.596463673004421
147.27,-5.92515937951114
147.28,0.0966169480032552
147.29,-3.21199501660764
147.3,-5.77651546538497
147.31,-3.10961739149282
147.32,0.0623435136150191
147.33,-3.16084689622659
147.34,-5.4252716676889
147.35,1.39878509138216
147.36,-5.90307676099467
147.37,0.484155881077285
147.38,-4.27038586945697
147.39,1.60950843177874
147.4,-4.06597898555802
147.41,-4.81996172956352
147.42,3.31102010875073
147.43,-0.551117091810307
147.44,5.08415583996728
147.45,3.10319132423932
147.46,0.239759848755
147.47,6.7265713753342
147.48,0.548445220718733
147.49,8.99575400365555
147.5,0.198339911446482
147.51,4.36104594802923
147.52,0.33468927631614
147.53,4.74569297960146
147.54,4.71967052176738
147.55,1.33425269265818
147.56,1.3843487846716
147.57,1.50423545274034
147.58,3.20842563833777
147.59,2.0892752948681
147.6,1.23627712114028
147.61,7.23586218888441
147.62,6.97177771704324
147.63,0.651913906535432
147.64,1.90359736003072
147.65,7.67663525384298
147.66,8.318814958271
147.67,13.9377387167568
147.68,8.23837015164424
147.69,5.80142852689151
147.7,2.38829202013112
147.71,9.9313325234364
147.72,12.0253324211258
147.73,13.1088680609108
147.74,6.04762919886296
147.75,6.12271929257376
147.76,4.53082045258035
147.77,5.38943702463841
147.78,4.20908285002124
147.79,4.11541216048109
147.8,4.47472901839071
147.81,7.78475688813097
147.82,8.89349676128057
147.83,15.4435731588525
147.84,13.9210034000351
147.85,7.73058236589312
147.86,4.27095976054257
147.87,15.7105769029846
147.88,6.41958573813645
147.89,4.90740781933841
147.9,8.39741068826757
147.91,7.08337707701051
147.92,10.1540834521463
147.93,15.4848298638781
147.94,5.69397380854831
147.95,7.75303429672634
147.96,2.87303021124512
147.97,14.7821583631766
147.98,7.0666060933899
147.99,1.60004128986525
148,4.8843384218326
148.01,3.29469355215379
148.02,2.62939092935953
148.03,2.88546827207106
148.04,1.29155150367344
148.05,8.91857750768147
148.06,3.69331639037135
148.07,4.65730148033933
148.08,3.9174511679661
148.09,13.0942270564346
148.1,1.66844097701225
148.11,9.12703748292691
148.12,7.54619570362532
148.13,3.34851827419658
148.14,10.6853334696596
148.15,9.90891170454572
148.16,14.597154319976
148.17,2.96043755548291
148.18,10.4596234445385
148.19,4.24965291650159
148.2,8.87249052646359
148.21,8.39296641487564
148.22,12.9146937602115
148.23,21.0407325433457
148.24,8.19491578065235
148.25,16.0229788082725
148.26,20.7684474702255
148.27,9.6780073427431
148.28,19.8662353598012
148.29,10.5902368041886
148.3,18.7129909271181
148.31,14.8564470690148
148.32,11.201647746829
148.33,22.0856735160025
148.34,14.9245994601013
148.35,13.099676429229
148.36,8.70436793097898
148.37,10.933330605602
148.38,12.7848667778559
148.39,9.88093949159451
148.4,12.284441650842
148.41,10.9346367306699
148.42,10.810482494657
148.43,18.7168871433838
148.44,16.9555627313917
148.45,12.2855948158608
148.46,17.7049628614494
148.47,22.6977714656544
148.48,10.7851099740036
148.49,18.5735548253411
148.5,9.34201296327073
148.51,19.6004551119638
148.52,14.8417924473464
148.53,10.4076537812601
148.54,20.4351459124307
148.55,16.5016832741819
148.56,15.2324914738617
148.57,13.1108342468716
148.58,15.2443943028052
148.59,13.9450479684076
148.6,14.4846969071456
148.61,15.1690627589866
148.62,19.8072258442604
148.63,22.1806985829718
148.64,15.2447254979277
148.65,12.2809079015498
148.66,21.6684978261223
148.67,13.9421736918204
148.68,18.4603423855674
148.69,13.6294188456295
148.7,18.9062044969196
148.71,13.9135893358184
148.72,23.5438532960399
148.73,16.8832759774584
148.74,15.8422140508123
148.75,11.4780994020581
148.76,10.9057005797903
148.77,12.889053433814
148.78,14.1407755220613
148.79,13.5137608749297
148.8,10.8629717061028
148.81,11.7193686052826
148.82,16.0112913040117
148.83,16.9157961475012
148.84,20.3763791770416
148.85,13.5840177477835
148.86,17.5392983840995
148.87,12.4949669014675
148.88,18.0209411553147
148.89,12.4852775650591
148.9,18.3175663603752
148.91,13.1445593290089
148.92,17.94317783561
148.93,18.4323049657634
148.94,13.807612681217
148.95,11.797049481244
148.96,12.6827526937181
148.97,21.3852558674542
148.98,16.6801613992801
148.99,16.1457424281259
149,17.4274141330338
149.01,19.2079773659263
149.02,16.9939118800956
149.03,13.787956380971
149.04,12.4307647111307
149.05,14.7468382358465
149.06,15.6621337001132
149.07,11.9560060891655
149.08,12.6385666229355
149.09,14.4897384596353
149.1,11.0450031190872
149.11,13.8276655884455
149.12,13.7254278060624
149.13,14.0212455178081
149.14,12.0659261862979
149.15,15.5029507343272
149.16,13.3645106114009
149.17,10.6633318220472
149.18,11.9940839124857
149.19,11.852227684377
149.2,16.3793676192689
149.21,11.5947561553082
149.22,14.1679488854233
149.23,11.6734254628652
149.24,11.6540562989937
149.25,10.6591765979767
149.26,11.604221047323
149.27,13.3679772785538
149.28,14.2526039623914
149.29,14.666352667666
149.3,14.7964059065126
149.31,17.8263731845803
149.32,14.0856794499222
149.33,15.8428253484679
149.34,17.6247877200452
149.35,13.1398197995139
149.36,17.2371976115402
149.37,11.1111216742243
149.38,15.9537833710672
149.39,14.3082057425948
149.4,14.2482296302263
149.41,12.4675969851099
149.42,13.8086427259097
149.43,16.3092621540212
149.44,11.7750558599369
149.45,10.6090724569109
149.46,12.6007785994316
149.47,12.5623829599495
149.48,12.5219943601367
149.49,11.7650539251888
149.5,9.11525858806404
149.51,9.58267978894695
149.52,13.4765676286441
149.53,10.5603866877547
149.54,11.5232006560641
149.55,11.2974326751285
149.56,13.2955611616569
149.57,11.372393935856
149.58,14.0871503086801
149.59,11.5289810140844
149.6,10.1729873818575
149.61,10.9744175990447
149.62,10.4501941835545
149.63,13.9886633544382
149.64,12.1962618102769
149.65,13.7027040008072
149.66,13.1877974408193
149.67,13.7119778612013
149.68,15.9562612540732
149.69,16.9732194238819
149.7,15.7217309917314
149.71,21.3051327746872
149.72,25.1451145433548
149.73,19.5174362456448
149.74,18.1007955766958
149.75,14.6418967658103
149.76,27.250151058654
149.77,20.5511615763476
149.78,15.4087708299012
149.79,14.5688282837527
149.8,22.7272749395977
149.81,12.9077931890356
149.82,8.98152325139804
149.83,6.98153296070444
149.84,13.20072161414
149.85,9.70130784674829
149.86,4.22811503492514
149.87,6.27436994726104
149.88,0.629817130635893
149.89,6.28253946497859
149.9,0.169129358573987
149.91,-0.713632085440438
149.92,-0.394785919840314
149.93,-1.17160595956037
149.94,-2.45448428326803
149.95,-2.30729415782011
149.96,-4.47014132320587
149.97,-8.92802603028193
149.98,-10.5230792519786
149.99,-11.6560697195058
150,-11.9137863984161
150.01,-9.19266030853838
150.02,-10.3247676950609
150.03,-10.6807411644442
150.04,-8.06409670910586
150.05,-9.04832536282113
150.06,-10.3132675606262
150.07,-7.09412400920218
150.08,-9.2097503087485
150.09,-10.0369211581992
150.1,-6.71005089810653
150.11,-11.1994145619479
150.12,-8.50702209713075
150.13,-7.09945427491045
150.14,-9.21898012066334
150.15,-10.92022959116
150.16,-8.55624239391561
150.17,-6.42867822189648
150.18,-7.8697076433562
150.19,-6.11794196503297
150.2,-10.2716334346851
150.21,-10.8565471584457
150.22,-5.91777293922847
150.23,-9.30842545888685
150.24,-11.0954907653799
150.25,-7.72221065158707
150.26,-7.18106487573227
150.27,-10.0538676334522
150.28,-11.0259198113925
150.29,-8.10626323866784
150.3,-10.2460229696397
150.31,-11.8790280824495
150.32,-10.1376088812805
150.33,-10.2493591888392
150.34,-6.38342109357307
150.35,-10.3278387262749
150.36,-9.10322507096475
150.37,-10.110784677597
150.38,-5.06073649745414
150.39,-9.62589616258609
150.4,-9.54116549356261
150.41,-8.53651316144481
150.42,-7.55856592004542
150.43,-6.9988421957476
150.44,-8.21823582356299
150.45,-9.9357476248009
150.46,-5.6445807217291
150.47,-5.31765726631775
150.48,-7.31988138590968
150.49,-10.6733154829784
150.5,-9.35941753083944
150.51,-10.0990333109869
150.52,-9.80922537457606
150.53,-9.73656805715343
150.54,-7.0297744637893
150.55,-9.50348957889021
150.56,-7.19691233171953
150.57,-4.51358185760892
150.58,-6.64640923644602
150.59,-12.4265208702579
150.6,-10.4206173711638
150.61,-8.43501329029068
150.62,-2.52316813780618
150.63,-8.8874132414081
150.64,-7.32335868010807
150.65,-7.87539027655218
150.66,-8.54807969485804
150.67,-7.95676989847783
150.68,-9.90717020619024
150.69,-5.9316694021052
150.7,-6.21284393724144
150.71,-7.71640417552183
150.72,-7.00252120543264
150.73,-9.31381431777085
150.74,-8.58638099283315
150.75,-9.96858753021476
150.76,-6.93667469810587
150.77,-7.05805160098909
150.78,-6.68052704591224
150.79,-6.93199834634637
150.8,-9.54540371543037
150.81,-5.55807610801178
150.82,-7.61705990284646
150.83,-8.6685471043819
150.84,-5.62849688438655
150.85,-9.47087777492548
150.86,-7.11542488249341
150.87,-8.80345918031061
150.88,-4.00271349731968
150.89,-9.57977144020725
150.9,-7.91836229267552
150.91,-10.6459146852604
150.92,-10.2675754548187
150.93,-5.40265963013456
150.94,-6.35323601970971
150.95,-3.26911743299379
150.96,-2.12270191094772
150.97,-3.34696107703249
150.98,-10.6511658003669
150.99,-2.67397886706338
151,-5.63943407273683
151.01,-5.57074265126777
151.02,-7.0662167126696
151.03,-7.07835584359502
151.04,-8.30790792391491
151.05,-5.31119965823209
151.06,-7.65448001364762
151.07,-6.62652239640988
151.08,-4.83892998835669
151.09,-7.70952268951487
151.1,-9.74340249790855
151.11,-9.06564640029755
151.12,-2.92866712139045
151.13,-7.67598122732896
151.14,-8.65790355503514
151.15,-3.94178947200902
151.16,-6.23416911411798
151.17,-10.0707319188513
151.18,-5.02199482592893
151.19,-8.50781011837065
151.2,-7.63413655626056
151.21,-7.90855098145462
151.22,-2.98430071245935
151.23,-5.02901898438443
151.24,-10.4203385350196
151.25,-8.63641956136418
151.26,-4.4925901457188
151.27,-10.2117415876088
151.28,-7.26047547889525
151.29,-9.05857999184939
151.3,-9.01922459262941
151.31,-5.78624220712069
151.32,-7.98069896088224
151.33,-8.43332283371319
151.34,-10.8589002378658
151.35,-4.6535688360887
151.36,-8.00779675232869
151.37,-11.3210431274396
151.38,-5.86852785665437
151.39,-5.27163895727227
151.4,-3.53288945430862
151.41,-5.02123150536663
151.42,-9.43715069741923
151.43,-6.12470496505323
151.44,-7.22265078992891
151.45,-5.25767070259848
151.46,-8.53578011710443
151.47,-8.47991248203099
151.48,-9.29940955096938
151.49,-6.94254592466409
151.5,-9.6647133722907
151.51,-9.83653944114079
151.52,-10.074714948098
151.53,-6.57463604546085
151.54,-3.67811074923728
151.55,-2.92317092335685
151.56,-6.23484022695987
151.57,-6.44562128366853
151.58,-6.28716826504221
151.59,-8.71455625380778
151.6,-3.40500326720697
151.61,-5.55460390383593
151.62,-9.6357550021238
151.63,-6.65150461450078
151.64,-3.35509466272763
151.65,-7.11427895278469
151.66,-5.46079849534698
151.67,-6.39130932172973
151.68,-8.07940881225522
151.69,-3.8038724229229
151.7,-10.6207562506196
151.71,-8.34641596862164
151.72,-4.91635525782886
151.73,-5.08750252415842
151.74,-7.92212923148461
151.75,-9.81742763062705
151.76,-7.25209674806119
151.77,-2.11464513862001
151.78,-9.2415061083505
151.79,-4.3401167571604
151.8,-7.73660641308943
151.81,-6.89974181700227
151.82,-7.15115391744634
151.83,-8.40901696275915
151.84,-5.75533730404737
151.85,-3.00782550539775
151.86,-4.63076868083259
151.87,-8.91763007071122
151.88,-9.20162217022567
151.89,-3.49001745345473
151.9,-6.91879997337228
151.91,-5.07238214644027
151.92,-9.78521584980321
151.93,-8.97959405854645
151.94,-9.20867892076311
151.95,-3.95967468838512
151.96,-2.73778194884151
151.97,-2.97430433957677
151.98,-0.35728685838052
151.99,-3.52680048669538
152,-3.30566432215759
152.01,-2.74284676665521
152.02,-2.48275239647195
152.03,-3.5051406733461
152.04,-2.51109873563766
152.05,-5.79382311600877
152.06,-8.50100602262673
152.07,-7.93963600840421
152.08,-8.72060789455759
152.09,-6.65156898047429
152.1,-2.81874876826223
152.11,-5.47065004945789
152.12,-5.53731134436166
152.13,-8.20133094882219
152.14,-2.82346798017076
152.15,-5.07103087002145
152.16,-7.90819870564389
152.17,-9.24743030528766
152.18,-3.52965764390102
152.19,-8.72089564561657
152.2,-9.65926224127728
152.21,-3.47307332112834
152.22,-6.13743534377859
152.23,-5.03416862436255
152.24,-3.09078043543179
152.25,-7.50523298039617
152.26,-8.05969450661388
152.27,-9.29787056247575
152.28,-6.97784878901443
152.29,-8.22408023318958
152.3,-7.08936410813801
152.31,-5.86348905746705
152.32,-4.32696589429625
152.33,-3.80150406196829
152.34,-8.53161078772485
152.35,-7.42805966303529
152.36,-2.11317012802977
152.37,-7.9365455137883
152.38,-5.52177095353279
152.39,-2.21966655047405
152.4,-8.10559635050019
152.41,-5.66436934953467
152.42,-2.49814251644317
152.43,-7.29237011336425
152.44,-11.5403076393758
152.45,-4.38320925028593
152.46,-1.04538378008096
152.47,-0.323714443799136
152.48,-6.30717462446107
152.49,-4.43532078719351
152.5,-8.4561122487803
152.51,-4.68021210787002
152.52,-0.252472565495752
152.53,-2.64015629647078
152.54,-0.518948776911837
152.55,-3.3650691563015
152.56,-0.743725497350047
152.57,-6.48990396093263
152.58,-1.49520411866283
152.59,-4.1089347871371
152.6,-2.88383395464479
152.61,-6.23030391204237
152.62,-7.15185529350563
152.63,-6.71958174150759
152.64,-6.62111122671204
152.65,-9.9646306815983
152.66,-6.86098245663836
152.67,-4.75725282423626
152.68,-4.19049220437761
152.69,-2.7839223263434
152.7,-1.70341529356436
152.71,-3.15291173888405
152.72,0.39624394830642
152.73,-1.77022702425216
152.74,-7.37658343608565
152.75,-3.03647240554548
152.76,-4.2550468648343
152.77,-0.855202230429223
152.78,-1.04307071344407
152.79,-1.02106847589758
152.8,-4.8878731697768
152.81,-5.84609839185046
152.82,-1.98786096154918
152.83,-1.59740388299133
152.84,-0.743822529479556
152.85,-0.987277270208019
152.86,-5.59051944162483
152.87,-1.69522896839985
152.88,-1.7702853206855
152.89,-2.17390521934727
152.9,-3.74718424731135
152.91,-3.5044621563921
152.92,-2.60562866708171
152.93,0.6077808247
152.94,-5.36530224407307
152.95,-0.576678661753983
152.96,1.45359763764834
152.97,2.75977550192096
152.98,-1.52438827008961
152.99,-1.55167396661518
153,2.59543089417734
153.01,4.09617684792787
153.02,-1.53484907716115
153.03,-1.07829695877006
153.04,-0.102585365431388
153.05,5.0922943789674
153.06,3.38952409453409
153.07,-3.91714846453279
153.08,0.196450192937354
153.09,0.711787132020369
153.1,1.55884008928688
153.11,-2.20295021902483
153.12,-3.95851278972216
153.13,1.70174354699948
153.14,1.72785664154272
153.15,3.6542058725856
153.16,-0.232268239451275
153.17,-2.09512548409891
153.18,-0.124503705162404
153.19,4.50997370981215
153.2,-1.49366547247603
153.21,-3.51957471292852
153.22,-1.85406906991719
153.23,-2.23512363657688
153.24,1.14869956324505
153.25,0.771003766401891
153.26,-4.64285225789257
153.27,-1.63397209714069
153.28,0.342049232381876
153.29,-2.2658622201521
153.3,-5.13560061061432
153.31,-0.435926042755483
153.32,1.26815031598872
153.33,-1.70948360951344
153.34,-2.23636096263804
153.35,-0.644660609658386
153.36,-0.409993843780748
153.37,-2.82403870548133
153.38,-5.78478902060015
153.39,-0.540860374746596
153.4,-2.90813679832541
153.41,-2.24181503632498
153.42,-2.0951800667122
153.43,-0.686693379707572
153.44,-0.632394924669714
153.45,1.63891973915449
153.46,0.530174108981365
153.47,-3.27626839450047
153.48,2.22187389875605
153.49,-1.48782611411782
153.5,-5.0936146611696
153.51,-0.0837707043056296
153.52,-0.488999247412329
153.53,-4.11501415910967
153.54,2.57085072879811
153.55,2.36130075816644
153.56,0.684758811425021
153.57,1.22567251635071
153.58,3.41732629692632
153.59,0.277505763198927
153.6,1.59095597478792
153.61,3.5788977472134
153.62,-1.67853321172254
153.63,0.784328482191701
153.64,2.98310723907088
153.65,0.57915441793784
153.66,-1.03672692377153
153.67,0.636744646882547
153.68,4.41520115837955
153.69,3.55047747838948
153.7,-0.206120961837524
153.71,-0.225736196698189
153.72,2.29058007243173
153.73,-5.87568300633912
153.74,-2.30371618147982
153.75,0.563810931748887
153.76,1.10711208744257
153.77,-2.20945950872689
153.78,-1.76893382917745
153.79,1.69421740631477
153.8,-3.01040882133419
153.81,-4.23348830685546
153.82,0.851868084460109
153.83,-0.303447989793378
153.84,-1.89800504692463
153.85,-2.48088649209245
153.86,2.11533280457946
153.87,-1.19223065951055
153.88,-6.04702679673515
153.89,-0.66189551535741
153.9,4.01832585708733
153.91,-1.65055168309713
153.92,-1.76537379648453
153.93,1.71987503487782
153.94,-0.306912703324279
153.95,-7.10537823203227
153.96,2.62129029849614
153.97,0.0872708466458989
153.98,-1.48673595703085
153.99,3.52930573476574
154,0.57291019300786
154.01,-2.44924014193268
154.02,3.67523543747773
154.03,3.87126190014757
154.04,1.21034249460512
154.05,3.33806434317772
154.06,3.76646149751905
154.07,-3.35538279392839
154.08,0.277364854523357
154.09,6.18974329586216
154.1,8.73805154514287
154.11,3.23837057874943
154.12,1.73975959452659
154.13,3.4128322652259
154.14,7.95809255932955
154.15,5.92261821290602
154.16,4.96665619573796
154.17,3.38435951502515
154.18,-0.446584549059004
154.19,3.00863826247651
154.2,7.17272824325177
154.21,6.5140230411355
154.22,2.7945871383271
154.23,1.66361244482418
154.24,3.69708255296986
154.25,5.06317624084766
154.26,2.23099944669957
154.27,2.47161547197649
154.28,2.83005196900314
154.29,0.291283628643253
154.3,2.08087496180564
154.31,-0.70908995092624
154.32,0.258451547134766
154.33,-0.218198102474771
154.34,-0.802358307962856
154.35,-2.54247899306687
154.36,1.15941985123279
154.37,0.749133832782636
154.38,1.63593856481812
154.39,2.39416686528174
154.4,-1.14805741877869
154.41,0.399040698167689
154.42,5.87485385163666
154.43,1.36440784199
154.44,1.34491245324348
154.45,2.54570113769748
154.46,2.16368552075484
154.47,0.327564750202326
154.48,1.00366508308694
154.49,0.480927031911444
154.5,-4.22080318547705
154.51,-1.9317898538639
154.52,1.54130610882072
154.53,-0.502216987571168
154.54,1.58980678079651
154.55,4.32008778029388
154.56,3.09071845283087
154.57,3.03636221055983
154.58,-0.156643110250456
154.59,0.713440908770187
154.6,5.71223509645906
154.61,7.10865865397989
154.62,2.61558889473127
154.63,2.30814131448956
154.64,2.89310568033686
154.65,2.10665621459806
154.66,8.56966521872563
154.67,2.18680468145858
154.68,0.375748896491016
154.69,5.06854923344352
154.7,5.58087561213721
154.71,0.355656978639709
154.72,5.39478393556904
154.73,7.39837497033438
154.74,4.25998792565094
154.75,2.41248740133234
154.76,7.35923996274507
154.77,2.20177690659827
154.78,6.25122954159508
154.79,4.99141952363923
154.8,2.23269594715978
154.81,7.90703018638106
154.82,2.8312602353353
154.83,6.98567035385143
154.84,5.56393998526909
154.85,6.97035091828962
154.86,5.01401723206406
154.87,6.19918428200003
154.88,5.46662401252181
154.89,2.99581859636467
154.9,3.13934900048709
154.91,10.7609161772014
154.92,1.50741973449401
154.93,10.6086284844305
154.94,8.18792819271062
154.95,3.04907831870043
154.96,8.85820832254608
154.97,6.68514626929435
154.98,3.94768721707231
154.99,6.95334908730993
155,11.1049574094354
155.01,5.07830320260304
155.02,5.23861706666918
155.03,3.534980450296
155.04,7.61008771433536
155.05,7.75655976172499
155.06,8.47044212501198
155.07,4.26660122312841
155.08,4.96559350203632
155.09,5.3598143058315
155.1,7.41899844822793
155.11,4.91698113664468
155.12,2.90717916661314
155.13,6.3998758375766
155.14,8.00362274803075
155.15,8.96272680423578
155.16,5.97999359122303
155.17,9.71542143848641
155.18,9.7838362341749
155.19,6.73210626738732
155.2,3.65871100504692
155.21,3.87354355823783
155.22,8.6737386056461
155.23,11.7259520617103
155.24,4.21951658592243
155.25,5.11681177589306
155.26,8.06799524364381
155.27,5.14507993781674
155.28,7.85917784744251
155.29,11.5711065808689
155.3,5.87010435628847
155.31,8.13718960550962
155.32,3.22627833619424
155.33,7.50919333416225
155.34,5.40403554332288
155.35,10.4121157053987
155.36,6.12106885877908
155.37,8.71080007474931
155.38,5.52714196694529
155.39,9.86953229235892
155.4,10.0819984610346
155.41,2.70418806855429
155.42,13.2565684728806
155.43,11.206585336397
155.44,9.66903762291224
155.45,7.06606780095135
155.46,13.953396442449
155.47,10.6457393756229
155.48,12.589656901822
155.49,9.28059270773642
155.5,7.8408816685282
155.51,6.24305933266218
155.52,8.34211617082529
155.53,8.41473120200405
155.54,7.60878639983525
155.55,8.1293086463652
155.56,12.9826797917992
155.57,13.2657810037132
155.58,12.8289340997499
155.59,12.7558751136233
155.6,11.2940939640734
155.61,8.39734248331554
155.62,10.523550928886
155.63,13.5937379627461
155.64,9.72547390605344
155.65,10.6741136223683
155.66,9.34420646049058
155.67,12.4449020178127
155.68,15.9072691954914
155.69,8.34190016676773
155.7,6.5681442188019
155.71,12.9824471900046
155.72,8.03911239424011
155.73,14.396032237423
155.74,11.7423612512253
155.75,7.37788866014974
155.76,13.3420667492822
155.77,12.3390936174502
155.78,9.46761364160388
155.79,10.0174961735018
155.8,7.15715046636233
155.81,6.51795329249584
155.82,16.1002216572411
155.83,11.681552925132
155.84,10.3598993088813
155.85,14.3148115560533
155.86,13.6496562607446
155.87,12.5608289988752
155.88,8.89876141915601
155.89,9.32838785915479
155.9,11.8686936702691
155.91,9.85487223618326
155.92,12.2369715896157
155.93,8.30517453280655
155.94,7.86401742353477
155.95,11.4265226236887
155.96,8.83590117212572
155.97,8.01722881860795
155.98,8.59735836571693
155.99,7.66345582518749
156,8.32859487288994
156.01,12.2628898962848
156.02,10.3940656800822
156.03,12.1750956328843
156.04,11.2631936579218
156.05,9.22339755455269
156.06,8.89531586163266
156.07,12.2458595126105
156.08,8.823647407415
156.09,14.5156921198135
156.1,11.7242812246015
156.11,11.392354784247
156.12,16.4754116376084
156.13,13.7866546551056
156.14,15.5952461076941
156.15,13.320655043291
156.16,16.6935739899323
156.17,15.859283070427
156.18,13.4978374626699
156.19,16.7963482966979
156.2,14.1780498188571
156.21,32.0054096418002
156.22,10.8172923137804
156.23,10.7984205335624
156.24,12.6876375753532
156.25,9.35100515072672
156.26,12.9697136492091
156.27,11.8079146028002
156.28,12.2354115953811
156.29,14.3420476557965
156.3,9.05171774710375
156.31,14.9434674357997
156.32,16.2160231541084
156.33,14.586044667861
156.34,11.4701484788355
156.35,21.1426130274624
156.36,11.2868203367135
156.37,10.2503867056374
156.38,9.88899496395958
156.39,16.5547703554404
156.4,50.7837857164381
156.41,13.3738020861861
156.42,15.1691724735766
156.43,19.0490635275003
156.44,17.5503417309381
156.45,14.3262277674565
156.46,17.9034580608812
156.47,15.3848553640253
156.48,17.5103988445372
156.49,12.5127739363524
156.5,19.9698041303071
156.51,22.0718407150782
156.52,26.778072683602
156.53,22.1259526771293
156.54,40.8193587034142
156.55,17.6811281856969
156.56,28.999317872588
156.57,22.0260838740985
156.58,22.7782080212241
156.59,16.2045289741835
156.6,38.4420859683618
156.61,21.5685620118029
156.62,17.6331805086328
156.63,19.208835275133
156.64,11.5427108361328
156.65,12.9623975264994
156.66,12.6016762032345
156.67,12.2102551215678
156.68,73.8290028586543
156.69,9.34246727487764
156.7,9.57252490910904
156.71,11.4327201218789
156.72,17.6186017439226
156.73,7.08961698212103
156.74,7.47089791835701
156.75,15.9910073592477
156.76,4.06359180496937
156.77,6.01648694785091
156.78,5.31656720101592
156.79,7.63491985312986
156.8,4.76618442900618
156.81,6.27850223851114
156.82,4.51192979890662
156.83,4.04185971347424
156.84,6.52278105449295
156.85,13.8889100873985
156.86,3.55545960928059
156.87,5.98257086296383
156.88,1.63057376459392
156.89,9.80233308329573
156.9,11.1558341272375
156.91,16.2047847415707
156.92,0.958240584884898
156.93,5.70706670006862
156.94,4.27847938950813
156.95,5.18469408173097
156.96,2.11347514664648
156.97,3.28027796122795
156.98,3.67171007835872
156.99,2.55164510182208
157,4.41788187987153
157.01,1.86590942117979
157.02,-1.47327339574087
157.03,-1.60996648724908
157.04,-6.31193487532873
157.05,-3.02796410701955
157.06,-0.980112883686396
157.07,-6.80650971569268
157.08,-9.1517103241064
157.09,-10.9397387790678
157.1,-7.95678691895253
157.11,-9.5716457680572
157.12,-12.0290515621712
157.13,-7.91677965185154
157.14,-9.11312399377508
157.15,-10.2473260736163
157.16,-11.0609562067122
157.17,-12.6676953353026
157.18,-11.6498975190529
157.19,-6.71101361423304
157.2,-5.62578567642677
157.21,-13.235705956744
157.22,-10.1336514162333
157.23,-9.46381862199752
157.24,-11.378698700071
157.25,-13.4707942623433
157.26,-11.2242673321843
157.27,-9.0319714350858
157.28,-10.8744107485756
157.29,-8.70481740721779
157.3,-10.3646845882722
157.31,-11.8128168206485
157.32,-13.0705780331593
157.33,-11.9035491383515
157.34,-10.1553139706613
157.35,-10.3901335830712
157.36,-11.3001274425442
157.37,-11.022232009972
157.38,-10.3561144406358
157.39,-10.961529894475
157.4,-10.3061011966636
157.41,-10.2196273466691
157.42,-8.89104320162479
157.43,-7.89701417420141
157.44,-10.7716793646827
157.45,-10.6422838108811
157.46,-6.63845968674839
157.47,-8.82765104484096
157.48,-12.0437135155195
157.49,-9.42773525818118
157.5,-10.4697433880956
157.51,-12.3984960057187
157.52,-9.09172401364843
157.53,-11.296223367029
157.54,-11.9688310027136
157.55,-10.1734380672551
157.56,-7.66467269720756
157.57,-8.89317323984998
157.58,-8.84979670162749
157.59,-8.69892840219329
157.6,-11.0284252370746
157.61,-6.2153732803014
157.62,-9.20185437202971
157.63,-7.14291144660751
157.64,-7.53667420658214
157.65,-9.96183141804146
157.66,-8.57891761211583
157.67,-9.58884432206908
157.68,-12.1576699769362
157.69,-8.12388462328363
157.7,-5.87210466611884
157.71,-6.73605859306013
157.72,-6.28914344885162
157.73,-4.59708286082106
157.74,-5.7750365416015
157.75,-8.50795063187476
157.76,-6.93075020553226
157.77,-10.6123341841046
157.78,-7.6186404661948
157.79,-7.54590287716218
157.8,-10.9110536473018
157.81,-7.3524118470698
157.82,-8.93129104433459
157.83,-11.173387138818
157.84,-10.3917226636017
157.85,-10.3754567784711
157.86,-10.2513793989113
157.87,-10.5281326154323
157.88,-7.09447827502674
157.89,-9.03327876714669
157.9,-11.0921776488967
157.91,-7.89316889058271
157.92,-8.51925672846457
157.93,-6.55237117732626
157.94,-11.0030296598054
157.95,-7.54430769100273
157.96,-7.48312174612201
157.97,-11.2953210143341
157.98,-9.18787499172825
157.99,-6.80044412455817
158,-9.37472268897222
158.01,-10.2181433937361
158.02,-7.48054589879171
158.03,-9.71256505121317
158.04,-4.31098655685257
158.05,-7.50132111617908
158.06,-6.12638918276461
158.07,-8.98865553602437
158.08,-12.1603681170551
158.09,-6.3210171718298
158.1,-9.51451557089751
158.11,-4.8691800037043
158.12,-9.43549539887759
158.13,-6.04534825898042
158.14,-7.19659262533587
158.15,-9.17189701627229
158.16,-11.9180674393384
158.17,-6.23473963670355
158.18,-6.18948338823424
158.19,-6.25460586664787
158.2,-6.08208444552748
158.21,-5.86954919792468
158.22,-4.80070175008099
158.23,-3.63008379277004
158.24,-4.15549883303713
158.25,-4.9171550930014
158.26,-5.86606596136975
158.27,-0.585907901301287
158.28,-0.132044968254124
158.29,-1.03260887556188
158.3,-0.773164984135032
158.31,-1.84245308778964
158.32,0.261052276820731
158.33,-0.0286922722490489
158.34,-0.016153472807713
158.35,3.51979701271275
158.36,3.99890768533191
158.37,-0.360459873573789
158.38,1.40421365421192
158.39,1.66337517035558
158.4,-1.00320404186172
158.41,-0.276100742667792
158.42,4.07166905915753
158.43,0.609211969699329
158.44,0.518027292602239
158.45,1.93410441846533
158.46,3.63443932485891
158.47,0.961598732345674
158.48,0.0731097707705543
158.49,2.96875302604308
158.5,1.85402168070832
158.51,4.5542520658477
158.52,-1.0124865616974
158.53,-1.63113100146362
158.54,-0.474260798231147
158.55,-1.70171473949231
158.56,-0.826127190840535
158.57,-4.35222840011266
158.58,-2.27963763062021
158.59,-5.5919697579282
158.6,-4.8250338836556
158.61,-6.02530129096527
158.62,-8.18652517672099
158.63,-3.44366776961196
158.64,-8.06551995998932
158.65,-7.26835130912234
158.66,-5.38110195703989
158.67,-6.2825320384527
158.68,-7.97133919019074
158.69,-7.08099983563248
158.7,-8.84852557599178
158.71,-6.2762569152943
158.72,-7.36518571165175
158.73,-6.98016122787015
158.74,-10.1949762375995
158.75,-6.74714097422418
158.76,-6.02306417362809
158.77,-6.13418088699028
158.78,-9.34072086420746
158.79,-8.93867006205335
158.8,-5.76568670852038
158.81,-10.2953911260441
158.82,-6.18162826709801
158.83,-8.41154168583513
158.84,-8.81066234888589
158.85,-5.73632760580249
158.86,-4.545307253119
158.87,-9.7891915122368
158.88,-6.19502378930038
158.89,-9.05454777868686
158.9,-4.18629721746742
158.91,-6.36211251761079
158.92,-1.6699012097006
158.93,-6.45268450449342
158.94,-2.9681860901143
158.95,-3.55040014073014
158.96,0.366872187284202
158.97,-1.6917031682539
158.98,-0.966074458809206
158.99,-0.302767636435423
159,-2.24406191014257
159.01,4.40947174023613
159.02,1.93875231778794
159.03,1.96567236564186
159.04,2.9117099898174
159.05,1.04022835797147
159.06,3.15651688763368
159.07,2.36258140366864
159.08,6.06430322298504
159.09,5.08511813468281
159.1,3.16379444167884
159.11,7.46535042429844
159.12,6.85665529970652
159.13,8.57195588985661
159.14,6.54442125654687
159.15,4.92302487319659
159.16,5.67187815441369
159.17,3.97993521217935
159.18,9.31913892157068
159.19,9.46633096377092
159.2,9.80380499498322
159.21,8.85092692924348
159.22,8.64376567435967
159.23,8.95607626186329
159.24,7.92323322025059
159.25,4.75103487239595
159.26,4.05095992982788
159.27,6.01947261515015
159.28,7.092224168777
159.29,5.005400538876
159.3,4.47357180677901
159.31,6.08261354585832
159.32,4.45438401530061
159.33,7.0770543397955
159.34,3.07173058009877
159.35,5.78787815082145
159.36,0.922701982130761
159.37,3.92825789674331
159.38,6.81841342185051
159.39,6.79152863861056
159.4,1.88035452135986
159.41,6.06743734437816
159.42,6.56402298646143
159.43,4.51144443021061
159.44,3.30128727937227
159.45,4.04022284555693
159.46,5.18476919563509
159.47,7.10916708581096
159.48,6.26025563747386
159.49,3.35803235414351
159.5,3.95284498185516
159.51,4.92452371976854
159.52,4.56939723458166
159.53,5.33762299849351
159.54,7.05134093041555
159.55,4.98394660955125
159.56,3.61020330967076
159.57,4.37030683086234
159.58,4.88885303385652
159.59,5.10327485122786
159.6,4.98746513340901
159.61,5.29294774417066
159.62,3.25553364694631
159.63,4.56515511826353
159.64,7.65821442125166
159.65,4.94539551950312
159.66,2.25090217823985
159.67,5.14723573436389
159.68,5.64680669160248
159.69,2.81105140941101
159.7,2.79242392706195
159.71,6.24296180360221
159.72,4.00288274019448
159.73,3.33807753936645
159.74,4.11641328671463
159.75,4.88844333570399
159.76,6.19844267086267
159.77,3.22221134824688
159.78,8.39739817165268
159.79,7.07841556325433
159.8,5.40829769679535
159.81,7.93296926332933
159.82,9.16731653441483
159.83,8.06931832180625
159.84,10.5244389621017
159.85,10.6119884831721
159.86,13.0671913599918
159.87,10.6148892416479
159.88,10.1916974328755
159.89,14.4843456900149
159.9,11.4400813935991
159.91,9.89260631288763
159.92,7.70338361468847
159.93,9.0449571124782
159.94,7.90997792299535
159.95,11.1368396665804
159.96,10.5647120886251
159.97,8.15993874680271
159.98,9.37437714967016
159.99,10.5011618310125
160,8.66184537117919
160.01,9.18243835929054
160.02,6.1556341654414
160.03,15.6373195368881
160.04,9.51831748564865
160.05,9.09137817557884
160.06,13.7792451771246
160.07,10.3425756491861
160.08,9.41090101604889
160.09,7.64842170870045
160.1,10.9908696038186
160.11,9.76752333797236
160.12,8.52018417157484
160.13,8.31584904394443
160.14,25.1235697829318
160.15,8.69711011907988
160.16,10.9697489482561
160.17,12.2265468862087
160.18,9.17289091427674
160.19,8.91246178751421
160.2,11.5932844651128
160.21,14.2240724193168
160.22,6.78997331098416
160.23,10.3016730872374
160.24,13.0300073057815
160.25,7.81681478021536
160.26,10.6266508432753
160.27,14.914882850273
160.28,9.4273704626623
160.29,16.0984758916776
160.3,16.5370725638385
160.31,9.74610314507903
160.32,16.8222393065718
160.33,7.10231810693681
160.34,10.6703239146297
160.35,17.0221927731995
160.36,5.93248605343548
160.37,9.33214884890133
160.38,12.2156610980289
160.39,8.36482099428832
160.4,10.3475485359644
160.41,6.43886339976378
160.42,3.88538769952249
160.43,7.4046424991
160.44,13.526853105328
160.45,16.0981994356886
160.46,12.1072501275142
160.47,8.90463722281131
160.48,6.55562364397606
160.49,17.9544727884695
160.5,14.5007312687655
160.51,16.6568145216224
160.52,9.52557852701018
160.53,35.5096568358815
160.54,8.33331741996592
160.55,5.64795805848392
160.56,10.8106211401043
160.57,6.48146808686611
160.58,11.2517289950412
160.59,14.0717074566319
160.6,11.2457748226869
160.61,12.8185913834014
160.62,7.88794421066197
160.63,12.5009392080991
160.64,7.60180804931246
160.65,6.57098099266834
160.66,8.54653382352716
160.67,7.99462345320504
160.68,5.99456715566544
160.69,6.92148457334537
160.7,6.08923708148417
160.71,13.6595956963876
160.72,8.92919715285142
160.73,12.7267137984966
160.74,12.7185564812223
160.75,13.1132737176047
160.76,26.0329553154788
160.77,9.27351242435273
160.78,9.11754399661115
160.79,5.18148023583329
160.8,15.3133746301722
160.81,7.12411564065201
160.82,2.51075279417923
160.83,19.3373860983378
160.84,14.51554756918
160.85,11.1548028809652
160.86,5.29300014125076
160.87,6.92027299559447
160.88,9.43048964174274
160.89,8.4078937024852
160.9,6.01846507881584
160.91,3.90075557885638
160.92,2.91631716249868
160.93,4.74283882855199
160.94,-1.39990278061802
160.95,-1.48533409482419
160.96,-4.76514105508258
160.97,-4.49929615943046
160.98,-5.72723172319204
160.99,-9.10112479852685
161,-7.19407765658663
161.01,-8.02088992352444
161.02,-4.73685078969267
161.03,-6.54085874136591
161.04,-7.56900807682923
161.05,-7.4006280766817
161.06,-12.5708279873953
161.07,-10.5570870511602
161.08,-22.595509012089
161.09,-7.56259420377482
161.1,-4.56273818715451
161.11,-12.2834770811486
161.12,-10.6664223539242
161.13,-10.2397783831823
161.14,-13.8503321256416
161.15,-11.4107376280583
161.16,-12.2148217564998
161.17,-10.3010526624866
161.18,-11.7995043221822
161.19,-9.90858600005088
161.2,-4.9298630528335
161.21,-10.2381753355153
161.22,-6.39566760733778
161.23,-8.7153923023201
161.24,-9.14918926275466
161.25,-11.7415813236573
161.26,-7.2410570039243
161.27,-10.9473943551045
161.28,-5.08496407584477
161.29,-10.5705958586401
161.3,-7.3240193353007
161.31,-13.5819528552892
161.32,-8.7230782555689
161.33,-10.218585258519
161.34,-11.709658501909
161.35,-4.38918474925557
161.36,-6.94194897507965
161.37,-9.48574319454105
161.38,-12.1817901655488
161.39,-8.55757039247149
161.4,-8.44928772325962
161.41,-10.2060156435162
161.42,-8.47882573247563
161.43,-11.9772949605178
161.44,-10.7806341634587
161.45,-3.97454185507784
161.46,-6.72525701208138
161.47,-3.91445309155757
161.48,-7.92676002183273
161.49,-8.93436077862485
161.5,-6.13965045724275
161.51,-13.682836469383
161.52,-8.97004827325229
161.53,-10.6485144928094
161.54,-4.25131007477247
161.55,-8.26949074671052
161.56,-9.63249742291686
161.57,0.556047813151233
161.58,-7.94681219948705
161.59,-3.47162721694824
161.6,-2.98523968417682
161.61,-2.31133628701012
161.62,-5.52142365712591
161.63,-6.03512403376515
161.64,-3.33724295648387
161.65,0.819960176619098
161.66,-4.69373401094377
161.67,0.0209125122624801
161.68,-3.58543617097172
161.69,0.678612513973984
161.7,-1.19442406603083
161.71,-1.37974819879579
161.72,-1.19710481441473
161.73,-1.75255194071888
161.74,-2.39762214687213
161.75,-1.10037181589612
161.76,-0.952546096844581
161.77,3.97105379638775
161.78,-4.52936989702775
161.79,-1.43812246560091
161.8,0.108090008320872
161.81,-1.55505366987891
161.82,-4.98703604341207
161.83,-1.69624942047863
161.84,0.140762437884277
161.85,-1.46578560891043
161.86,-3.07939659665573
161.87,1.56038311770381
161.88,-2.29302037852261
161.89,-3.11399555108715
161.9,-4.29551677957023
161.91,-3.65312277591518
161.92,-4.16934117305825
161.93,-1.82585438651277
161.94,-5.48914875054597
161.95,-6.15283376201322
161.96,-6.03296869058495
161.97,-9.28606122759476
161.98,-5.89450021259256
161.99,-4.22656037727658
162,-2.83980808533318
162.01,-3.76952802730198
162.02,-8.73325554386879
162.03,-9.2304519213101
162.04,-7.37024356650881
162.05,-9.59962249950255
162.06,-4.80794309176379
162.07,-7.7958364044994
162.08,-10.7274274016066
162.09,-9.25084003796093
162.1,-12.256488589866
162.11,-9.54907869832517
162.12,-10.9779246254068
162.13,-9.21797045560646
162.14,-11.4584558618594
162.15,-7.99590831738224
162.16,-12.3277777843195
162.17,-11.0683347655221
162.18,-11.9704608032377
162.19,-10.0256719721196
162.2,-10.2476970532318
162.21,-6.73893402895614
162.22,-10.7523978326447
162.23,-11.4450791736019
162.24,-6.22697012720152
162.25,-10.3109175708539
162.26,-9.12032142592022
162.27,-11.641129897494
162.28,-12.0348558095956
162.29,-8.80224355289388
162.3,-9.43450135762806
162.31,-11.1770351187716
162.32,-7.43354722297734
162.33,-8.66870103636959
162.34,-8.96925737545058
162.35,-6.64464401313882
162.36,-8.39235389599866
162.37,-8.6073040523657
162.38,-6.11294055613117
162.39,-8.13423679983579
162.4,-8.86698455911819
162.41,-8.70219904226837
162.42,-9.85306187357028
162.43,-11.5972471858496
162.44,-10.2286950367153
162.45,-8.21754844474554
162.46,-9.02748246290713
162.47,-8.79134275838517
162.48,-10.196743495054
162.49,-8.35508365867181
162.5,-10.6043682547277
162.51,-9.55607578180261
162.52,-6.66993708959123
162.53,-5.44156803776186
162.54,-9.66506192347899
162.55,-11.1892243003944
162.56,-8.47070032710316
162.57,-7.79960559966822
162.58,-9.05085000631519
162.59,-6.96319958372653
162.6,-9.53421445310631
162.61,-6.44438302193218
162.62,-8.74610482385816
162.63,-7.23452501565353
162.64,-9.00506312903319
162.65,-11.2390977432411
162.66,-6.74683325945676
162.67,-6.40534105785421
162.68,-7.98895170286105
162.69,-8.80867994941639
162.7,-11.8139803577271
162.71,-6.94594968332798
162.72,-6.85021181138584
162.73,-8.86595837709454
162.74,-10.7753685944014
162.75,-10.7120435584868
162.76,-6.61795587451328
162.77,-9.49828812114809
162.78,-4.58607865347691
162.79,-12.219647049318
162.8,-8.25708197589498
162.81,-8.65166031334808
162.82,-7.23635722218115
162.83,-9.07529525933385
162.84,-8.88822203605826
162.85,-10.9309089745657
162.86,-9.95893358211147
162.87,-10.2427453638261
162.88,-8.03379856596129
162.89,-8.40349441153394
162.9,-5.61101486391955
162.91,-9.08852342456757
162.92,-6.932951333886
162.93,-7.60301262620971
162.94,-7.22323312736634
162.95,-6.79603364395473
162.96,-8.84222264379916
162.97,-6.98587886282665
162.98,-7.61619544685538
162.99,-6.29599106978836
163,-10.8590195436145
163.01,-7.35108814375765
163.02,-10.7120018387655
163.03,-3.36647669851091
163.04,-10.9112214330035
163.05,-5.92953952593
163.06,-8.12628575506363
163.07,-8.28873738408997
163.08,-9.94960490591233
163.09,-3.65443376784978
163.1,-7.78700391416971
163.11,-9.09216078037619
163.12,-7.53424370254438
163.13,-7.65489216117631
163.14,-4.95815507795583
163.15,-10.1986022478721
163.16,-9.76917347241356
163.17,-6.89554197663737
163.18,-4.22627738765818
163.19,-10.1857380846047
163.2,-7.62577165761577
163.21,-9.62104475410938
163.22,-7.38222294751363
163.23,-4.60005646735342
163.24,-7.09335612523369
163.25,-8.78437716085838
163.26,-10.8172741952614
163.27,-7.71080191206175
163.28,-9.59728169525218
163.29,-8.51376867350078
163.3,-10.6630941049059
163.31,-9.15161161126618
163.32,-10.1968687263251
163.33,-9.30191166055195
163.34,-9.83576518547644
163.35,-7.89914850505099
163.36,-3.80606076550977
163.37,-7.43731214080614
163.38,-7.66402723409646
163.39,-8.08058149074657
163.4,-9.60398159298611
163.41,-5.4909633765374
163.42,-5.84991132811623
163.43,-9.89120698579308
163.44,-9.37044771841719
163.45,-5.32025223985331
163.46,-8.38178541251052
163.47,-4.23465414414837
163.48,-7.02647247649653
163.49,-7.70641844264084
163.5,-3.61871078410163
163.51,-5.90937659054714
163.52,-9.38793695732613
163.53,-9.37012750042263
163.54,-2.69469085578359
163.55,-6.11520747794181
163.56,-3.96755509326458
163.57,-6.59296096902636
163.58,-4.06733041268845
163.59,-11.7699969622406
163.6,-5.68624196054141
163.61,-4.4308017778176
163.62,-7.03576117105353
163.63,-6.04058038250859
163.64,-3.06590916670099
163.65,-11.3403196482681
163.66,-5.1819392459545
163.67,-2.52073269555133
163.68,-5.58461479144289
163.69,-7.79440860294511
163.7,-10.9719245280182
163.71,-6.92735341438943
163.72,-6.52175452048404
163.73,-8.06562712042945
163.74,-5.7875909541982
163.75,-5.69518735395747
163.76,-4.46408794310841
163.77,-5.87739115971761
163.78,-3.82276179813683
163.79,-8.34305091938042
163.8,-3.34815087477685
163.81,-5.3148984438818
163.82,-2.9374887976778
163.83,-5.83540501690722
163.84,-5.85573701756962
163.85,-7.16260919447855
163.86,-5.85571388848533
163.87,-7.87225810482291
163.88,-9.22154763935797
163.89,-4.74080853885115
163.9,-6.12572573056786
163.91,-6.80342231242465
163.92,-9.5508874284437
163.93,-5.73064653209264
163.94,-3.26386881090705
163.95,-8.86160163281186
163.96,-8.81393560840766
163.97,-2.77635230106787
163.98,-6.48013527891483
163.99,-4.55334605930697
164,-8.17140833977166
164.01,-10.1091338882241
164.02,-3.8057398612475
164.03,-11.4588253929786
164.04,-4.66155122193277
164.05,-9.76866142810189
164.06,-5.9366399641638
164.07,-8.44504186909381
164.08,-2.87182434403023
164.09,-11.4985440501673
164.1,-9.69045788672281
164.11,-3.28747270756587
164.12,-8.81314070730735
164.13,-7.63987331951779
164.14,-3.0241648648164
164.15,-10.3133976365748
164.16,-8.62350167007546
164.17,-6.08950390540275
164.18,-9.04589853628187
164.19,-8.27217716515577
164.2,-8.3623112128469
164.21,-3.51233531740499
164.22,-2.16987608734629
164.23,-3.64900389390576
164.24,-8.73719928547059
164.25,-7.28082993161713
164.26,-8.39400014243016
164.27,-6.67079296642109
164.28,-3.16704982968073
164.29,-7.59243709811177
164.3,-4.91828040933445
164.31,-5.32604187814543
164.32,-8.40059535197572
164.33,-7.54865313509312
164.34,-6.71639654333333
164.35,-8.55719732353999
164.36,-8.41180263408271
164.37,-11.2628928859454
164.38,-4.66325187373539
164.39,-4.73797759503456
164.4,-3.76036602684362
164.41,-4.03058635788181
164.42,-5.33942631811878
164.43,-5.03675220132613
164.44,-6.50783650648519
164.45,-2.09540631479711
164.46,-3.37764325189321
164.47,-7.19523341427657
164.48,-3.0570432047845
164.49,-5.58196871685362
164.5,-10.8223509625975
164.51,-3.29548356502137
164.52,-3.50862862579904
164.53,-8.97875059239363
164.54,-2.6549493675675
164.55,-7.46374626452518
164.56,-3.82763008193058
164.57,-2.87103968003057
164.58,-12.3955835089098
164.59,-5.0626787409376
164.6,-6.60425316900318
164.61,-6.66488517179382
164.62,-4.90214674140167
164.63,-3.92954736315118
164.64,-2.07334023642615
164.65,-10.6877199525015
164.66,-4.1010582598739
164.67,-4.56147667816031
164.68,-6.54524632360791
164.69,-3.74050950918804
164.7,-3.7407947370636
164.71,-10.6836790200138
164.72,-5.86980546739859
164.73,-2.32215112464319
164.74,-4.619790546294
164.75,-10.325423882936
164.76,-6.13698914315698
164.77,-3.58959176687237
164.78,-1.31545762374394
164.79,-2.85952246665652
164.8,-5.49086022689254
164.81,-8.94026894611794
164.82,-8.89887954214646
164.83,-7.50431977757022
164.84,-7.56863514638574
164.85,-5.55563898616428
164.86,-1.45396247149206
164.87,-3.37031674652984
164.88,-3.92800840865079
164.89,-10.99790325954
164.9,-8.51316690358178
164.91,-5.31743666948103
164.92,-10.8544840452333
164.93,-4.75977870311649
164.94,-5.08140244733205
164.95,-2.58292977737261
164.96,-2.63208437061921
164.97,-1.00314534001239
164.98,-5.56357894931372
164.99,-7.89654362213574
165,-7.03835285980521
165.01,-4.50606284357277
165.02,-3.12670473410605
165.03,-7.17104000689536
165.04,-7.69456685521818
165.05,-2.9675443313815
165.06,-0.480330221754604
165.07,-9.83441675943811
165.08,-0.846063900153086
165.09,-4.48096038433691
165.1,-7.90536687196149
165.11,-2.11048965106795
165.12,-6.90097970261316
165.13,-3.15562958053214
165.14,-5.6128599092654
165.15,-4.06862000585211
165.16,-2.14822426391049
165.17,-4.20108456460254
165.18,-4.72968279079475
165.19,-3.3939165480166
165.2,-6.98555779502523
165.21,-6.11925204920781
165.22,-8.07068175326255
165.23,-1.30686714937034
165.24,-8.59431839938801
165.25,-4.08688055354882
165.26,-3.14182731421337
165.27,-6.04458036920329
165.28,-3.00080271818498
165.29,-2.41151661017687
165.3,-9.42053826988118
165.31,-4.87083651639846
165.32,-0.213443648735672
165.33,-3.55208961965263
165.34,-14.0335680029415
165.35,-8.02841772559493
165.36,0.144065618049791
165.37,-3.8481430960901
165.38,-2.9731203567725
165.39,-3.52491912512293
165.4,-6.03764294630058
165.41,-8.91568888364976
165.42,-6.73605589030625
165.43,-7.56144147199529
165.44,-3.82120148939433
165.45,-3.0826745802027
165.46,-1.21423310461326
165.47,-2.03527013041129
165.48,-1.54954461273685
165.49,-1.09023313960123
165.5,-5.34174827946033
165.51,-1.31765499117557
165.52,-3.18189637756259
165.53,-0.970520890701769
165.54,-4.39931692299177
165.55,-7.46227752618798
165.56,-8.1543162874062
165.57,-8.60978765850622
165.58,-3.79861964568603
165.59,-1.7256390592572
165.6,-4.04519384490357
165.61,-6.60046816320481
165.62,-9.94726571657385
165.63,0.0404262211674092
165.64,-2.79577478193254
165.65,-6.208223388231
165.66,-9.68184998566548
165.67,-5.44628414102274
165.68,-2.32883518809105
165.69,-10.4847431201962
165.7,-7.26282593501486
165.71,-1.7933096592159
165.72,-10.4975232295693
165.73,-0.158226590137116
165.74,-6.16064223621227
165.75,-5.99640683927178
165.76,-1.18278505394655
165.77,-3.54162078615933
165.78,-8.07491229039933
165.79,-9.15084534227991
165.8,-2.04923173281642
165.81,-5.91731529459569
165.82,-0.385821067678928
165.83,-10.0957116628981
165.84,-1.76854217555819
165.85,-4.40793313805043
165.86,-6.58133798399963
165.87,-3.42830929436962
165.88,-11.3775159738526
165.89,-1.69264956890414
165.9,-5.18292878350673
165.91,-7.52512043981946
165.92,-4.80869187142519
165.93,-8.06281115355905
165.94,-6.92970532302169
165.95,-2.56247123417207
165.96,-1.27068022198272
165.97,-3.54159239404738
165.98,-5.57747466695845
165.99,-4.26415336218424
166,-2.72128528352333
166.01,-6.17260705781829
166.02,-7.04582893328576
166.03,-11.2502655849906
166.04,-4.97471483413954
166.05,-4.45067536399338
166.06,-2.28893719429606
166.07,-0.293940528808234
166.08,-2.66312775746336
166.09,-2.01401534484463
166.1,-2.53982501676076
166.11,-1.75694042706568
166.12,-6.46053018413484
166.13,-2.00353795902382
166.14,-6.63145829160056
166.15,-2.58830251973396
166.16,-6.13199642448862
166.17,-3.29342584130967
166.18,-9.27936265566764
166.19,0.116594572479463
166.2,-5.63929663613299
166.21,-4.40478119721287
166.22,-2.76181842897579
166.23,-8.67862458217459
166.24,-8.99991641151845
166.25,-7.22284099528054
166.26,-1.40616387981729
166.27,-4.12036150291817
166.28,-5.618317554513
166.29,-7.60250487035571
166.3,-3.1727420095648
166.31,-0.157473958087576
166.32,-2.01383301022152
166.33,-5.81248556308619
166.34,-1.98692489874483
166.35,-1.86741111106104
166.36,-3.7524603954148
166.37,-1.91529502681231
166.38,-3.89009614010921
166.39,-6.77605183068438
166.4,-8.49555109908447
166.41,-5.56215920799981
166.42,-6.67921854010704
166.43,0.12520303383112
166.44,-11.4077936052641
166.45,-0.482779710902373
166.46,-7.4991731296378
166.47,-1.54762112595675
166.48,-5.40748009351362
166.49,-2.34814001293919
166.5,-4.82110006672999
166.51,-2.86220872602038
166.52,-7.35502857888835
166.53,-0.00261407352847189
166.54,-4.47289929614786
166.55,-2.16551336289634
166.56,-2.99014924130987
166.57,-5.48286087341417
166.58,-1.00631875586074
166.59,-4.26414283993664
166.6,-6.88378139388815
166.61,-0.0835512001542495
166.62,-5.70343329407407
166.63,-6.08893601056568
166.64,0.124972838326923
166.65,-5.64510353175868
166.66,-3.31401033074539
166.67,-5.59579409082416
166.68,-4.45283864301219
166.69,0.156605948234816
166.7,-4.0121565125408
166.71,-8.23438536571225
166.72,-7.43492122527634
166.73,-0.339273271958327
166.74,-1.71714942106706
166.75,-3.00232416246396
166.76,-5.19580714205037
166.77,-4.74205671178374
166.78,-8.10962465583672
166.79,-4.52019213226098
166.8,-9.45215422186198
166.81,-6.31267017374664
166.82,-2.99550126064452
166.83,-7.34812618785161
166.84,-8.15881233517323
166.85,-4.62008464914184
166.86,-2.5445468390938
166.87,-5.61991265072958
166.88,-5.48305300730028
166.89,-7.62178828046217
166.9,-3.8041541066536
166.91,-2.11104063822456
166.92,-3.39506375215668
166.93,-2.14342296194018
166.94,0.0340421795244816
166.95,0.575834658918756
166.96,0.228897435948012
166.97,-3.96686843430062
166.98,-10.6681025335992
166.99,-1.73267624697412
167,-3.07334051949662
167.01,-2.36297919975835
167.02,-2.7598304050797
167.03,-4.23454235112719
167.04,0.114484836648566
167.05,-2.38471849451535
167.06,-7.2202697149192
167.07,-2.40839824843555
167.08,-0.0140044731630122
167.09,-8.63528365960405
167.1,-3.34635608111929
167.11,0.0614703353423351
167.12,-6.1541475670391
167.13,-2.04812003251146
167.14,-1.61389414480807
167.15,-4.04278207772037
167.16,-0.26168622312331
167.17,-4.56882824952434
167.18,-2.5296608429722
167.19,-3.40273490418805
167.2,-5.76806862259277
167.21,-2.56375454390683
167.22,-4.34233423670565
167.23,-1.15739105973759
167.24,-5.66346848038921
167.25,-2.1340269818549
167.26,0.106015639049688
167.27,-8.36150635755916
167.28,-0.383241037258839
167.29,-2.78800052473904
167.3,-3.98069537580205
167.31,-7.37207442507674
167.32,-4.16163269354738
167.33,-1.14529642475751
167.34,-3.47566767066622
167.35,-1.57998319075917
167.36,0.0747905113461337
167.37,-3.80313616367199
167.38,-3.34478224307804
167.39,0.362244892419388
167.4,-4.95571178640497
167.41,-6.05970897165652
167.42,-3.39385142835886
167.43,0.218327756072802
167.44,-2.5586401100198
167.45,-4.23898185912042
167.46,-4.50251596642754
167.47,-3.92314637442124
167.48,-0.168497186002287
167.49,-5.06962101992646
167.5,-3.52835746706861
167.51,-4.5866251198353
167.52,-4.60666116942976
167.53,-5.89009027017667
167.54,-1.17860209988781
167.55,-6.98212326275541
167.56,-1.01498349575046
167.57,0.0778476603244004
167.58,-2.5193485800296
167.59,-0.171875807174456
167.6,-3.78755669375604
167.61,-5.95817049273442
167.62,0.47473317018342
167.63,0.0238982979681074
167.64,-3.77596472908941
167.65,0.30684235296007
167.66,-1.10699447421689
167.67,-1.88632998344625
167.68,-2.79409325259778
167.69,-2.31531686105992
167.7,-3.78078297080047
167.71,-3.36856317079794
167.72,-4.84789171960073
167.73,-7.33999549762363
167.74,-1.45532491457491
167.75,0.0777850626519442
167.76,-0.00739729370053506
167.77,-4.38800352501417
167.78,-1.54745378183011
167.79,-5.91049931693264
167.8,-2.50851682482078
167.81,0.729853694479763
167.82,-5.08877223082116
167.83,-3.22701220604319
167.84,-4.08203420268512
167.85,-3.00341558923349
167.86,-4.15518987780737
167.87,-8.2526264543726
167.88,-1.12916479687289
167.89,-4.22765709377895
167.9,-6.03495149091814
167.91,-2.1596251403446
167.92,-8.26931835154833
167.93,-3.58734128568434
167.94,0.701465584590736
167.95,-0.638647288025009
167.96,-4.15697323617278
167.97,-4.23040765206115
167.98,-2.53844392948985
167.99,-4.73413723967945
168,-0.879800921265095
168.01,1.07191660362744
168.02,-1.2393152987077
168.03,-0.15979327714083
168.04,-8.29378894664634
168.05,-3.81142785590022
168.06,-1.16287218432888
168.07,-7.59929041204366
168.08,0.0188578028317935
168.09,-4.30978731672816
168.1,-2.18520551990235
168.11,-4.37485645856666
168.12,-1.84804591659917
168.13,-0.401547866348951
168.14,-4.44722547889685
168.15,-3.67222167842607
168.16,-3.34889988817578
168.17,-5.19817418703525
168.18,0.877149857123473
168.19,-5.73397842669961
168.2,-2.08820213400363
168.21,-7.52484371457422
168.22,-4.21255889996994
168.23,-4.89743521874245
168.24,-5.18516648572606
168.25,0.0315722643373518
168.26,0.0547972686505004
168.27,-5.62683357293942
168.28,-3.76128206040988
168.29,-4.28343696785615
168.3,-3.49462258751882
168.31,1.78118764852475
168.32,-2.73558355701418
168.33,-4.76242092423355
168.34,-3.92833093845272
168.35,-8.04451328988374
168.36,-1.30815494032214
168.37,-4.88586078973395
168.38,0.011607660379303
168.39,-0.391576884660831
168.4,-5.07143952129803
168.41,-6.30128666215555
168.42,-3.32758268229525
168.43,-1.91931589315827
168.44,0.0369442700232063
168.45,-3.95356580841466
168.46,-5.38756288824402
168.47,-2.91606820832033
168.48,-7.24494144518612
168.49,-6.89447141869248
168.5,-2.22507481059425
168.51,-8.19181003863197
168.52,-4.8458350007973
168.53,-4.34302341153098
168.54,0.0736256833731532
168.55,-0.373005693900451
168.56,1.47754228685218
168.57,-1.6522997150903
168.58,-0.892339149456961
168.59,-1.62046559702251
168.6,-1.67436937829324
168.61,-2.84531880022792
168.62,-1.3028640602562
168.63,-1.3327769577286
168.64,-4.7852730163222
168.65,-5.45009133516614
168.66,0.0137640221805377
168.67,0.389120115724148
168.68,-0.905415129966861
168.69,-1.93321361464601
168.7,0.113158824031982
168.71,-1.64032318117001
168.72,-2.49231065813532
168.73,-7.26895722891881
168.74,0.00937829191790399
168.75,-8.04358817127394
168.76,-3.33746335237582
168.77,-0.0825066967377259
168.78,-3.76676637977186
168.79,-5.03379209006531
168.8,1.62915304138797
168.81,-3.2167506557107
168.82,-4.92579619804092
168.83,-2.33343931113508
168.84,-3.29565910653763
168.85,0.0365130278377835
168.86,-5.30937441977127
168.87,-0.0143107473382153
168.88,-3.822140343952
168.89,0.118022755410009
168.9,-2.7678622558077
168.91,0.137029003224267
168.92,-4.74780764939645
168.93,0.00606372729970986
168.94,-6.15772680003557
168.95,0.0010709824136921
168.96,-3.11408577749088
168.97,0.106838511978779
168.98,-1.36020350539876
168.99,0.348265411081632
169,-5.32268451456652
169.01,-1.52017013594647
169.02,-8.76069888372341
169.03,-0.932711666623899
169.04,-0.183806857819841
169.05,0.174590284414516
169.06,-4.66259601287065
169.07,-6.15242410086862
169.08,-7.23532436850572
169.09,-2.37139739056586
169.1,-4.15250373741986
169.11,-0.0213776411214108
169.12,-4.86895888323194
169.13,-4.33441273002472
169.14,0.0115313555135301
169.15,-0.551304415477859
169.16,-3.16996876480896
169.17,-6.05639494876443
169.18,-4.40968410662957
169.19,0.00353231053548692
169.2,-6.17524096751702
169.21,-4.05068602641333
169.22,-1.26533606380632
169.23,-3.65224516367792
169.24,2.01111536418883
169.25,1.38009202175967
169.26,0.0643632515070496
169.27,-6.43199846228037
169.28,-9.00285535243923
169.29,-1.91837265847806
169.3,-1.11545456459513
169.31,-2.20079590543292
169.32,-1.95115177998066
169.33,0.0887487165927261
169.34,-5.0140678463237
169.35,-0.20620500874691
169.36,0.0342121937626564
169.37,0.445202393146357
169.38,-0.0860812427532502
169.39,1.40006175018704
169.4,1.89393792788547
169.41,0.0144731553470935
169.42,-2.75355553769764
169.43,-0.192740526069866
169.44,-1.30197382204406
169.45,-0.571508492173054
169.46,-3.40872393230605
169.47,-3.44771070087858
169.48,-3.31101621921017
169.49,-3.26855669062522
169.5,-0.982852302080063
169.51,-4.61113523958753
169.52,-1.6418760147168
169.53,0.362464782720043
169.54,-1.78930341361956
169.55,-1.11211374799625
169.56,-1.54848145914901
169.57,-2.23174786286271
169.58,-2.23471954882291
169.59,-0.75405101376977
169.6,-3.64887750794608
169.61,-6.16662678144706
169.62,-3.06502936120103
169.63,-3.38378373980535
169.64,-3.48441851941165
169.65,-2.8763513513183
169.66,-4.1308634662735
169.67,-0.190491928084707
169.68,-3.6437182052018
169.69,-5.71575461090215
169.7,0.23107106858698
169.71,-2.54270423132008
169.72,-7.16016796918138
169.73,0.275981403254736
169.74,-1.14317034470791
169.75,-6.71676557766265
169.76,0.823134827737205
169.77,-3.21989029767593
169.78,0.0663529305825832
169.79,-1.56572283673131
169.8,-2.2292566715141
169.81,-3.79246222105994
169.82,0.0218394399065381
169.83,-3.11850863616299
169.84,-2.4438499780923
169.85,-1.53124387769231
169.86,0.0177708156729784
169.87,0.0534160278400398
169.88,-1.30612139849575
169.89,-0.00775739576917621
