Time,KW_regen
0.1,-0.999999999999989
0.11,-0.999999999999975
0.12,-0.999999999999957
0.13,-0.999999999999937
0.14,-0.999999999999915
0.15,-0.999999999999894
0.16,-0.999999999999874
0.17,-0.999999999999857
0.18,-0.999999999999842
0.19,-0.999999999999828
0.2,-0.999999999999813
0.21,-0.999999999999797
0.22,-0.999999999999781
0.23,-0.999999999999766
0.24,-0.999999999999752
0.25,-0.999999999999739
0.26,-0.999999999999728
0.27,-0.9999999998648
0.28,-0.999999999250163
0.29,-0.999999998014867
0.3,-0.999999996000479
0.31,-0.999999993023844
0.32,-0.999999988784572
0.33,-0.999999983181889
0.34,-0.999999975984392
0.35,-0.9999999670447
0.36,-0.999999955999484
0.37,-0.999999942467354
0.38,-0.999999926060658
0.39,-0.9999999065399
0.4,-0.999999883377627
0.41,-0.999999856397727
0.42,-0.999999825269051
0.43,-0.999999790115234
0.44,-0.99999975083105
0.45,-0.999999706671759
0.46,-0.999999657118754
0.47,-0.999999601744694
0.48,-0.999999540974443
0.49,-0.999999474153315
0.5,-0.999999401493656
0.51,-0.999999323408215
0.52,-0.999999240268943
0.53,-0.999999151755371
0.54,-0.999999058106393
0.55,-0.999998958714147
0.56,-0.999998853934291
0.57,-0.999998743589255
0.58,-0.999998627292664
0.59,-0.999998505678384
0.6,-0.999998381057052
0.61,-0.999998254012304
0.62,-0.999998125459177
0.63,-0.999997995516001
0.64,-0.99999786442357
0.65,-0.999997732586707
0.66,-0.999997600578062
0.67,-0.999997468872658
0.68,-0.999997337264557
0.69,-0.999997205707984
0.7,-0.999997072639586
0.71,-0.999996937834822
0.72,-0.999996801099017
0.73,-0.999996662332921
0.74,-0.999996521569731
0.75,-0.999996378812699
0.76,-0.999996234115672
0.77,-0.999996087481507
0.78,-0.999995938878189
0.79,-0.99999578943936
0.8,-0.999995642556395
0.81,-0.999995499421863
0.82,-0.999995360877751
0.83,-0.999995227130869
0.84,-0.999995098821711
0.85,-0.999994976300807
0.86,-0.999994859471926
0.87,-0.999994748702567
0.88,-0.999994644056523
0.89,-0.999994545598707
0.9,-0.99999445177396
0.91,-0.999994361497567
0.92,-0.999994274858131
0.93,-0.999994191637499
0.94,-0.999994112302563
0.95,-0.999994036952853
0.96,-0.999993965309607
0.97,-0.999993897601429
0.98,-0.999993833692609
0.99,-0.999993773292564
1,-1.22221596279651
1.01,-1.22221590293495
1.02,-1.22221584238787
1.03,-1.22221578089791
1.04,-1.22221571882947
1.05,-1.22221565618964
1.06,-1.22221559258901
1.07,-1.22221552817061
1.08,-1.22221546270417
1.09,-1.22221539661569
1.1,-1.22221533006331
1.11,-1.22221526319853
1.12,-1.22221519601462
1.13,-1.22221512853001
1.14,-1.22221506074767
1.15,-1.2222149926512
1.16,-1.22221492424952
1.17,-1.22221485554173
1.18,-1.22221478650838
1.19,-1.2222147171409
1.2,-1.22221464746257
1.21,-1.22221457741921
1.22,-1.22221450706618
1.23,-1.22221443639229
1.24,-1.22221436544475
1.25,-1.22221429421752
1.26,-1.22221422268019
1.27,-1.22221415083469
1.28,-1.22221407867334
1.29,-1.22221400620124
1.3,-1.22221393341206
1.31,-1.22221386006249
1.32,-1.22221378566781
1.33,-1.2222137106494
1.34,-1.22221363520787
1.35,-1.22221355940315
1.36,-1.22221348304031
1.37,-1.22221340559775
1.38,-1.22221332746742
1.39,-1.22221324890182
1.4,-1.22221316997676
1.41,-1.22221309093284
1.42,-1.22221301234135
1.43,-1.22221293376966
1.44,-1.22221285496968
1.45,-1.22221277585302
1.46,-1.22221269666615
1.47,-1.22221261796022
1.48,-1.22221253927605
1.49,-1.22221246037907
1.5,-1.22221238120957
1.51,-1.22221230175402
1.52,-1.22221222197519
1.53,-1.22221214189002
1.54,-1.22221206174836
1.55,-1.22221198209204
1.56,-1.22221190249067
1.57,-1.22221182271844
1.58,-1.22221174268733
1.59,-1.22221166233969
1.6,-1.22221158164002
1.61,-1.22221150067989
1.62,-1.22221141945721
1.63,-1.22221133763402
1.64,-1.22221125468787
1.65,-1.22221117108774
1.66,-1.22221108707752
1.67,-1.22221100273993
1.68,-1.22221091807511
1.69,-1.2222108328151
1.7,-1.22221074613189
1.71,-1.22221065790275
1.72,-1.22221056857128
1.73,-1.22221047756783
1.74,-1.22221038469366
1.75,-1.22221028984275
1.76,-1.22221019318831
1.77,-1.22221009534602
1.78,-1.22220999581701
1.79,-1.22220989455203
1.8,-1.22220979234396
1.81,-1.22220968958714
1.82,-1.22220958638773
1.83,-1.22220948276404
1.84,-1.22220937898407
1.85,-1.22220927567226
1.86,-1.22220917239264
1.87,-1.22220906882368
1.88,-1.2222089648871
1.89,-1.22220885999433
1.9,-1.22220875229835
1.91,-1.22220864063466
1.92,-1.22220852406709
1.93,-1.2222084029938
1.94,-1.22220827762048
1.95,-1.22220814800641
1.96,-1.22220801381633
1.97,-1.22220787425704
1.98,-1.22220772988939
1.99,-1.22220758186237
2,-1.22220776625734
2.01,-1.22220761690137
2.02,-1.22220746781036
2.03,-1.22220731871503
2.04,-1.22220717035337
2.05,-1.22220702271011
2.06,-1.22220687529413
2.07,-1.22220672836695
2.08,-1.22220658159118
2.09,-1.22220643440226
2.1,-1.22220628276826
2.11,-1.22220612411448
2.12,-1.22220595817331
2.13,-1.2222057843383
2.14,-1.22220560310551
2.15,-1.2222054143774
2.16,-1.22220521741428
2.17,-1.22220501240825
2.18,-1.22220479885064
2.19,-1.22220457790183
2.2,-1.22220435170861
2.21,-1.22220412050776
2.22,-1.22220388477391
2.23,-1.22220364410817
2.24,-1.22220339919759
2.25,-1.222203150188
2.26,-1.22220289620906
2.27,-1.22220263753588
2.28,-1.22220237379451
2.29,-1.22220210488886
2.3,-1.22220182916416
2.31,-1.22220154643732
2.32,-1.22220125573937
2.33,-1.22220095637754
2.34,-1.22220064849988
2.35,-1.22220033273883
2.36,-1.22220000829764
2.37,-1.22219967511789
2.38,-1.22219933367288
2.39,-1.22219898287394
2.4,-1.22219862083055
2.41,-1.22219824669321
2.42,-1.22219786016057
2.43,-1.22219746080072
2.44,-1.22219704839282
2.45,-1.22219662269553
2.46,-1.22219618333896
2.47,-1.2221957302704
2.48,-1.2221952632292
2.49,-1.22219478302244
2.5,-1.22219429351519
2.51,-1.2221937964837
2.52,-1.22219329242036
2.53,-1.22219278079254
2.54,-1.22219226071155
2.55,-1.22219173286215
2.56,-1.22219119755207
2.57,-1.2221906547719
2.58,-1.22219010461022
2.59,-1.22218954757582
2.6,-1.22218898486673
2.61,-1.22218841673333
2.62,-1.22218784236177
2.63,-1.22218726250423
2.64,-1.22218667765491
2.65,-1.22218608792872
2.66,-1.22218549315459
2.67,-1.22218489209407
2.68,-1.22218428554617
2.69,-1.22218367244711
2.7,-1.22218304825611
2.71,-1.22218241080737
2.72,-1.22218175928839
2.73,-1.22218109275592
2.74,-1.22218040962687
2.75,-1.22217971067575
2.76,-1.22217899612879
2.77,-1.22217826595699
2.78,-1.22217751982332
2.79,-1.22217675861346
2.8,-1.22217598521695
2.81,-1.22217519971204
2.82,-1.2221744028936
2.83,-1.22217359405287
2.84,-1.22217277429611
2.85,-1.22217194359974
2.86,-1.22217110065894
2.87,-1.22217024591847
2.88,-1.22216937884697
2.89,-1.22216849888859
2.9,-1.22216760367808
2.91,-1.22216669267891
2.92,-1.22216576486964
2.93,-1.2221648206259
2.94,-1.22216385851734
2.95,-1.22216287804093
2.96,-1.22216188033837
2.97,-1.22216086448139
2.98,-1.22215983098704
2.99,-1.22215878044137
3,-1.22215805167924
3.01,-1.22215697932541
3.02,-1.22215589795702
3.03,-1.22215480789073
3.04,-1.22215370911844
3.05,-1.2221526017418
3.06,-1.22215148564461
3.07,-1.22215036087161
3.08,-1.22214922753873
3.09,-1.22214808563352
3.1,-1.22214693523854
3.11,-1.2221457769287
3.12,-1.22214461225096
3.13,-1.22214344024266
3.14,-1.22214226013914
3.15,-1.22214107149861
3.16,-1.22213987506375
3.17,-1.22213867260445
3.18,-1.2221374629465
3.19,-1.22213624505185
3.2,-1.22213501933049
3.21,-1.22213378774168
3.22,-1.22213254897323
3.23,-1.2221313020287
3.24,-1.22213004756293
3.25,-1.22212878735637
3.26,-1.22212752017386
3.27,-1.22212624586344
3.28,-1.22212496586146
3.29,-1.22212367886867
3.3,-1.22212238416295
3.31,-1.22212108163451
3.32,-1.22211977114091
3.33,-1.22211845250111
3.34,-1.2221171266323
3.35,-1.22211579530033
3.36,-1.22211445708875
3.37,-1.22211311098709
3.38,-1.22211175704162
3.39,-1.2221103935022
3.4,-1.22210901584829
3.41,-1.22210762338285
3.42,-1.22210621461614
3.43,-1.22210479006833
3.44,-1.2221033477373
3.45,-1.22210188740165
3.46,-1.22210041069707
3.47,-1.22209891680421
3.48,-1.22209740647141
3.49,-1.22209587683464
3.5,-1.22209432390072
3.51,-1.22209274577708
3.52,-1.22209114153871
3.53,-1.22208951082692
3.54,-1.22208785473546
3.55,-1.22208617466948
3.56,-1.22208446850583
3.57,-1.22208273512598
3.58,-1.2220809739557
3.59,-1.22207918733835
3.6,-1.22207738458243
3.61,-1.2220755695197
3.62,-1.22207374316743
3.63,-1.22207190594215
3.64,-1.22207005804079
3.65,-1.22206819926494
3.66,-1.2220663296439
3.67,-1.22206444942831
3.68,-1.2220625583765
3.69,-1.22206065561643
3.7,-1.22205873708876
3.71,-1.22205679873511
3.72,-1.22205484163821
3.73,-1.22205286590802
3.74,-1.22205086966342
3.75,-1.22204885436029
3.76,-1.2220468210082
3.77,-1.22204476863011
3.78,-1.22204269469778
3.79,-1.22204060245056
3.8,-1.22203849512943
3.81,-1.22203637196612
3.82,-1.22203423442797
3.83,-1.22203208129383
3.84,-1.22202991490101
3.85,-1.22202773531273
3.86,-1.22202554026967
3.87,-1.22202333078044
3.88,-1.22202110570824
3.89,-1.2220188672728
3.9,-1.2220166178816
3.91,-1.22201436033011
3.92,-1.22201209387042
3.93,-1.22200981990652
3.94,-1.22200753620162
3.95,-1.22200524285549
3.96,-1.22200294202282
3.97,-1.22200063289893
3.98,-1.22199831651881
3.99,-1.22199598838414
4,-1.22201059582041
4.01,-1.22200822216199
4.02,-1.22200582257784
4.03,-1.22200339663039
4.04,-1.22200094384991
4.05,-1.22199846402856
4.06,-1.22199595701021
4.07,-1.22199342240939
4.08,-1.22199086013794
4.09,-1.22198826513281
4.1,-1.22198562105955
4.11,-1.2219829187218
4.12,-1.22198015227111
4.13,-1.22197732265771
4.14,-1.22197443029248
4.15,-1.22197147525737
4.16,-1.2219684552315
4.17,-1.22196536655116
4.18,-1.22196221069614
4.19,-1.22195899604856
4.2,-1.22195574782608
4.21,-1.22195247724731
4.22,-1.22194918782639
4.23,-1.22194588062589
4.24,-1.22194255565145
4.25,-1.22193921320795
4.26,-1.22193585320385
4.27,-1.22193247578483
4.28,-1.22192908114682
4.29,-1.22192567166777
4.3,-1.22192225801936
4.31,-1.22191884761101
4.32,-1.22191544103298
4.33,-1.22191204056103
4.34,-1.2219086436423
4.35,-1.22190525027528
4.36,-1.22190186393853
4.37,-1.22189848362954
4.38,-1.22189511093269
4.39,-1.22189174074738
4.4,-1.22188836082011
4.41,-1.22188496325067
4.42,-1.22188154911352
4.43,-1.22187811795532
4.44,-1.22187466691717
4.45,-1.22187119865239
4.46,-1.22186771469438
4.47,-1.22186421422292
4.48,-1.22186069387257
4.49,-1.22185715621951
4.5,-1.22185360285944
4.51,-1.22185003421589
4.52,-1.22184645071021
4.53,-1.22184285225342
4.54,-1.22183923887958
4.55,-1.22183561078442
4.56,-1.2218319681955
4.57,-1.22182831087083
4.58,-1.22182463862797
4.59,-1.22182095331049
4.6,-1.22181725842992
4.61,-1.22181355295624
4.62,-1.22180983905196
4.63,-1.22180611496752
4.64,-1.22180238401185
4.65,-1.22179864654602
4.66,-1.22179489955948
4.67,-1.22179114475712
4.68,-1.22178738006704
4.69,-1.22178360737487
4.7,-1.22177982367473
4.71,-1.2217760251437
4.72,-1.22177220753516
4.73,-1.22176837357134
4.74,-1.22176452524647
4.75,-1.22176066262852
4.76,-1.22175678435939
4.77,-1.22175288685518
4.78,-1.2217489730486
4.79,-1.22174504302989
4.8,-1.22174109327848
4.81,-1.2217371253916
4.82,-1.2217331353747
4.83,-1.22172912162903
4.84,-1.22172508506938
4.85,-1.22172102881831
4.86,-1.22171694999576
4.87,-1.22171284839276
4.88,-1.22170872759166
4.89,-1.22170457915648
4.9,-1.22170038294004
4.91,-1.22169613019736
4.92,-1.22169181852603
4.93,-1.2216874463229
4.94,-1.22168301294151
4.95,-1.22167851778689
4.96,-1.22167396040884
4.97,-1.22166934007983
4.98,-1.22166465665
4.99,-1.2216599150558
5,-1.22170209194229
5.01,-1.22169727722071
5.02,-1.22169243234937
5.03,-1.22168755773382
5.04,-1.22168265399496
5.05,-1.22167772093402
5.06,-1.22167275829614
5.07,-1.22166776591781
5.08,-1.22166274377325
5.09,-1.22165769339716
5.1,-1.22165262340457
5.11,-1.22164754114288
5.12,-1.2216424435107
5.13,-1.22163732895475
5.14,-1.22163219941127
5.15,-1.22162705943236
5.16,-1.22162190488559
5.17,-1.22161673596805
5.18,-1.22161155685272
5.19,-1.221606361467
5.2,-1.22160114121816
5.21,-1.22159589068431
5.22,-1.2215906040729
5.23,-1.22158528430525
5.24,-1.22157993337215
5.25,-1.22157455186263
5.26,-1.2215691378313
5.27,-1.22156368637413
5.28,-1.22155820123982
5.29,-1.22155268214423
5.3,-1.2215471209161
5.31,-1.22154150961449
5.32,-1.22153585064211
5.33,-1.22153014383663
5.34,-1.22152438449403
5.35,-1.22151857656906
5.36,-1.2215127218748
5.37,-1.22150681865091
5.38,-1.22150086182463
5.39,-1.22149483155662
5.4,-1.22148865087046
5.41,-1.22148228148103
5.42,-1.22147570662034
5.43,-1.22146892542568
5.44,-1.22146193741592
5.45,-1.22145474057104
5.46,-1.22144733047639
5.47,-1.22143969984559
5.48,-1.22143185057614
5.49,-1.22142379341567
5.5,-1.22141556189475
5.51,-1.22140716619232
5.52,-1.22139861358617
5.53,-1.22138990405386
5.54,-1.22138103192996
5.55,-1.22137199995442
5.56,-1.22136280869771
5.57,-1.22135345559941
5.58,-1.22134393357763
5.59,-1.22133424265774
5.6,-1.22132437354259
5.61,-1.22131431599649
5.62,-1.2213040692112
5.63,-1.22129362791599
5.64,-1.2212829948123
5.65,-1.22127216853804
5.66,-1.22126114159047
5.67,-1.22124991422107
5.68,-1.22123848142873
5.69,-1.22122699675714
5.7,-1.2212159626562
5.71,-1.2212056169193
5.72,-1.22119603163147
5.73,-1.22118723846313
5.74,-1.22117924961664
5.75,-1.22117207818855
5.76,-1.22116572867708
5.77,-1.2211602131296
5.78,-1.22115553742479
5.79,-1.22115163651706
5.8,-1.22114830296342
5.81,-1.22114544016991
5.82,-1.22114302516656
5.83,-1.22114104826348
5.84,-1.22113951353267
5.85,-1.22113842121671
5.86,-1.22113776626902
5.87,-1.22113755100811
5.88,-1.22113777197254
5.89,-1.22113836405212
5.9,-1.22113909858287
5.91,-1.22113987302083
5.92,-1.22114065805446
5.93,-1.22114144532332
5.94,-1.22114223249679
5.95,-1.22114301888493
5.96,-1.22114380431663
5.97,-1.22114458873716
5.98,-1.22114537212263
5.99,-1.22114615445646
6,-1.22118004626616
6.01,-1.22118082656289
6.02,-1.22118160580595
6.03,-1.22118238400636
6.04,-1.2211831611428
6.05,-1.22118393719825
6.06,-1.22118471224714
6.07,-1.22118548628615
6.08,-1.22118625933528
6.09,-1.22118703138383
6.1,-1.22118780238611
6.11,-1.22118857236689
6.12,-1.22118934132833
6.13,-1.22119010926208
6.14,-1.22119087618911
6.15,-1.22119164215787
6.16,-1.22119240718003
6.17,-1.22119317125938
6.18,-1.22119393432898
6.19,-1.22119469639977
6.2,-1.22119545742804
6.21,-1.22119621739127
6.22,-1.22119697632993
6.23,-1.22119773428549
6.24,-1.2211984912538
6.25,-1.22119924724447
6.26,-1.22120000225168
6.27,-1.22120075624671
6.28,-1.22120150922915
6.29,-1.22120226118905
6.3,-1.22120301214393
6.31,-1.22120376209578
6.32,-1.22120451110339
6.33,-1.22120525914835
6.34,-1.22120600618565
6.35,-1.22120675227851
6.36,-1.22120749739357
6.37,-1.22120824150454
6.38,-1.22120898465342
6.39,-1.22120972682029
6.4,-1.22121046802199
6.41,-1.22121120824682
6.42,-1.22121194749349
6.43,-1.22121268577053
6.44,-1.22121342309981
6.45,-1.22121415951092
6.46,-1.22121489497656
6.47,-1.2212156294854
6.48,-1.22121636301683
6.49,-1.221217095632
6.5,-1.22121782732566
6.51,-1.22121855806352
6.52,-1.22121928787291
6.53,-1.22122001674993
6.54,-1.22122074466749
6.55,-1.22122147161159
6.56,-1.22122219758896
6.57,-1.22122292261052
6.58,-1.2212236466595
6.59,-1.221224369789
6.6,-1.22122509199274
6.61,-1.22122581322951
6.62,-1.22122653352133
6.63,-1.22122725290698
6.64,-1.22122797141068
6.65,-1.22122868897041
6.66,-1.22122940559968
6.67,-1.22123012128763
6.68,-1.22123083603587
6.69,-1.22123154983864
6.7,-1.22123226267236
6.71,-1.22123297455252
6.72,-1.22123368551208
6.73,-1.2212343955799
6.74,-1.2212351047512
6.75,-1.2212358130546
6.76,-1.22123652051007
6.77,-1.22123722704841
6.78,-1.22123793265238
6.79,-1.22123863736716
6.8,-1.22123934119188
6.81,-1.22124004409531
6.82,-1.22124074606125
6.83,-1.22124144714454
6.84,-1.22124214735515
6.85,-1.22124284666398
6.86,-1.22124354512472
6.87,-1.22124424268002
6.88,-1.221244939287
6.89,-1.22124563496959
6.9,-1.22124632978245
6.91,-1.22124702368522
6.92,-1.22124771663624
6.93,-1.22124840873086
6.94,-1.22124909994251
6.95,-1.22124979018681
6.96,-1.2212504794941
6.97,-1.2212511679278
6.98,-1.22125185550044
6.99,-1.22125254226889
7,-1.22125583231257
7.01,-1.22125651741324
7.02,-1.22125720161607
7.03,-1.22125788494144
7.04,-1.22125856739605
7.05,-1.22125924897387
7.06,-1.22125992967003
7.07,-1.2212606094704
7.08,-1.22126128838784
7.09,-1.22126196643864
7.1,-1.22126264364868
7.11,-1.22126332000064
7.12,-1.22126399546529
7.13,-1.22126467007984
7.14,-1.221265343811
7.15,-1.22126601668615
7.16,-1.22126668874632
7.17,-1.22126735993438
7.18,-1.22126803024748
7.19,-1.2212686997254
7.2,-1.22126936833097
7.21,-1.22127003606075
7.22,-1.22127070296446
7.23,-1.22127136904106
7.24,-1.22127203431227
7.25,-1.22127269877257
7.26,-1.22127336237765
7.27,-1.2212740250808
7.28,-1.22127468696416
7.29,-1.22127534802909
7.3,-1.22127600826811
7.31,-1.22127666762895
7.32,-1.22127732614619
7.33,-1.22127798381979
7.34,-1.2212786406177
7.35,-1.2212792966089
7.36,-1.22127995178957
7.37,-1.22128060615818
7.38,-1.22128125973347
7.39,-1.22128191249867
7.4,-1.22128256444473
7.41,-1.2212832155727
7.42,-1.22128386588587
7.43,-1.22128451535611
7.44,-1.22128516398543
7.45,-1.22128581176369
7.46,-1.22128645873699
7.47,-1.22128710489223
7.48,-1.22128775024255
7.49,-1.22128839478032
7.5,-1.22128903853149
7.51,-1.2212896814743
7.52,-1.22129032358682
7.53,-1.22129096488129
7.54,-1.22129160538283
7.55,-1.22129224508529
7.56,-1.22129288398348
7.57,-1.22129352211386
7.58,-1.22129415942053
7.59,-1.22129479591864
7.6,-1.22129542917664
7.61,-1.22129605367367
7.62,-1.221296671417
7.63,-1.22129727943906
7.64,-1.22129788287368
7.65,-1.22129848205283
7.66,-1.22129907223913
7.67,-1.22129965567027
7.68,-1.22130022940919
7.69,-1.22130079859479
7.7,-1.22130136598258
7.71,-1.22130192994066
7.72,-1.22130248518882
7.73,-1.22130303618612
7.74,-1.22130358549594
7.75,-1.22130413385209
7.76,-1.22130467905252
7.77,-1.22130521567768
7.78,-1.22130574810219
7.79,-1.22130627888138
7.8,-1.22130680874161
7.81,-1.22130733793115
7.82,-1.22130786649437
7.83,-1.22130839442803
7.84,-1.22130892172911
7.85,-1.22130944835975
7.86,-1.22130997430924
7.87,-1.22131049957066
7.88,-1.22131102415412
7.89,-1.22131154810949
7.9,-1.22131207143705
7.91,-1.2213125964998
7.92,-1.22131312876539
7.93,-1.22131366390816
7.94,-1.22131419939606
7.95,-1.22131473449054
7.96,-1.22131527138951
7.97,-1.22131581549343
7.98,-1.2213163623941
7.99,-1.22131690724633
8,-1.22132080316636
8.01,-1.22132132320695
8.02,-1.22132182792985
8.03,-1.22132231705385
8.04,-1.22132279053351
8.05,-1.22132324836185
8.06,-1.22132369057189
8.07,-1.2213241171572
8.08,-1.22132452817056
8.09,-1.22132492129872
8.1,-1.22132529107061
8.11,-1.22132563947536
8.12,-1.22132596126837
8.13,-1.22132625602262
8.14,-1.22132652839588
8.15,-1.22132677390606
8.16,-1.22132699006862
8.17,-1.22132717855563
8.18,-1.22132734462823
8.19,-1.22132748628841
8.2,-1.22132760881599
8.21,-1.22132771739071
8.22,-1.2213278182264
8.23,-1.22132790724654
8.24,-1.22132798204603
8.25,-1.22132804194555
8.26,-1.22132808911835
8.27,-1.2213281289335
8.28,-1.2213281570931
8.29,-1.22132817346066
8.3,-1.22132818747192
8.31,-1.22132820783711
8.32,-1.22132823118837
8.33,-1.2213282553044
8.34,-1.22132828190232
8.35,-1.22132831622242
8.36,-1.2213283539001
8.37,-1.22132839477896
8.38,-1.22132844357547
8.39,-1.22132848398666
8.4,-1.22132847461572
8.41,-1.2213283974281
8.42,-1.2213282473132
8.43,-1.22132802282637
8.44,-1.22132772357513
8.45,-1.22132734946004
8.46,-1.22132690048632
8.47,-1.22132637662778
8.48,-1.22132577790179
8.49,-1.22132511371108
8.5,-1.22132441282096
8.51,-1.22132368374492
8.52,-1.22132293235484
8.53,-1.22132215684343
8.54,-1.22132136253479
8.55,-1.22132054984649
8.56,-1.22131971413845
8.57,-1.22131885758441
8.58,-1.22131797728789
8.59,-1.22131707826154
8.6,-1.22131616320833
8.61,-1.22131523290542
8.62,-1.22131428752111
8.63,-1.22131332715432
8.64,-1.22131235181132
8.65,-1.2213113614618
8.66,-1.22131035609658
8.67,-1.22130933570014
8.68,-1.22130830029292
8.69,-1.22130724510383
8.7,-1.22130615439615
8.71,-1.22130502112887
8.72,-1.22130384327272
8.73,-1.22130262259193
8.74,-1.22130136435912
8.75,-1.22130006413711
8.76,-1.22129871931049
8.77,-1.2212973291127
8.78,-1.22129589329754
8.79,-1.22129440456097
8.8,-1.22129284151417
8.81,-1.22129119890079
8.82,-1.22128946927866
8.83,-1.22128764909393
8.84,-1.22128573955113
8.85,-1.22128374566359
8.86,-1.22128166283364
8.87,-1.22127949069453
8.88,-1.22127723385324
8.89,-1.22127489956334
8.9,-1.22127252477953
8.91,-1.22127012661021
8.92,-1.22126770984559
8.93,-1.22126527577666
8.94,-1.22126282476178
8.95,-1.22126035693999
8.96,-1.22125787221891
8.97,-1.2212553706497
8.98,-1.22125285220749
8.99,-1.22125031917139
9,-1.22123245037774
9.01,-1.22122989751171
9.02,-1.22122733673117
9.03,-1.22122476518954
9.04,-1.22122218825661
9.05,-1.22121960619906
9.06,-1.22121701422796
9.07,-1.22121441463215
9.08,-1.22121180445239
9.09,-1.22120917150285
9.1,-1.221206458943
9.11,-1.22120363612055
9.12,-1.22120069755762
9.13,-1.22119763785111
9.14,-1.22119446130606
9.15,-1.22119116768108
9.16,-1.22118775148133
9.17,-1.22118421458741
9.18,-1.22118055350297
9.19,-1.22117679303024
9.2,-1.22117299952566
9.21,-1.22116919750069
9.22,-1.22116540028298
9.23,-1.22116161066828
9.24,-1.22115782432147
9.25,-1.22115404611766
9.26,-1.22115027917411
9.27,-1.22114652171088
9.28,-1.22114276819276
9.29,-1.2211389825511
9.3,-1.22113503005247
9.31,-1.22113084437763
9.32,-1.22112640946516
9.33,-1.2211217161334
9.34,-1.22111676718862
9.35,-1.22111156095147
9.36,-1.22110609068575
9.37,-1.22110035704988
9.38,-1.22109435539801
9.39,-1.22108809978197
9.4,-1.22108162836073
9.41,-1.22107496221456
9.42,-1.2210681022871
9.43,-1.22106105177084
9.44,-1.2210538042112
9.45,-1.22104635774664
9.46,-1.22103871642308
9.47,-1.22103087608618
9.48,-1.22102283867531
9.49,-1.22101460701365
9.5,-1.22100621260537
9.51,-1.22099766951495
9.52,-1.22098898064328
9.53,-1.22098014621974
9.54,-1.22097116502995
9.55,-1.22096203606393
9.56,-1.22095275851388
9.57,-1.22094333139454
9.58,-1.22093375333797
9.59,-1.22092401211596
9.6,-1.22091406947785
9.61,-1.22090390642362
9.62,-1.22089351663658
9.63,-1.22088289741157
9.64,-1.22087204343753
9.65,-1.220860945774
9.66,-1.22084960704533
9.67,-1.22083802865724
9.68,-1.22082620838425
9.69,-1.22081417675984
9.7,-1.22080203734948
9.71,-1.22078983712766
9.72,-1.2207775895178
9.73,-1.22076529897585
9.74,-1.22075296693163
9.75,-1.22074059390502
9.76,-1.22072817935114
9.77,-1.22071572382513
9.78,-1.22070322685435
9.79,-1.22069067091335
9.8,-1.22067799619553
9.81,-1.22066517142215
9.82,-1.22065218033092
9.83,-1.22063902610057
9.84,-1.2206257095717
9.85,-1.22061223086558
9.86,-1.22059858536473
9.87,-1.22058476554352
9.88,-1.22057077505692
9.89,-1.22055663508128
9.9,-1.22054240820209
9.91,-1.2205281246511
9.92,-1.22051380091628
9.93,-1.22049943355592
9.94,-1.22048502011679
9.95,-1.2204705606523
9.96,-1.22045605789506
9.97,-1.22044151923371
9.98,-1.2204269394805
9.99,-1.2204123088627
10,-1.22041269862675
10.01,-1.2203979101484
10.02,-1.22038303478779
10.03,-1.22036806834024
10.04,-1.22035300247883
10.05,-1.22033784273136
10.06,-1.22032259266402
10.07,-1.22030725288517
10.08,-1.22029182337924
10.09,-1.22027627263299
10.1,-1.2202605017611
10.11,-1.22024447152348
10.12,-1.22022816327793
10.13,-1.22021157605948
10.14,-1.2201946992084
10.15,-1.22017752881839
10.16,-1.22016007033193
10.17,-1.22014231762073
10.18,-1.22012427123286
10.19,-1.22010595777991
10.2,-1.22008749198237
10.21,-1.22006893319176
10.22,-1.22005029245192
10.23,-1.22003158096562
10.24,-1.22001278950968
10.25,-1.21999391910719
10.26,-1.21997497765907
10.27,-1.21995596149636
10.28,-1.21993687477647
10.29,-1.21991771086126
10.3,-1.21989846548461
10.31,-1.21987914077873
10.32,-1.21985974540758
10.33,-1.21984027231408
10.34,-1.21982071647213
10.35,-1.21980107914569
10.36,-1.21978136279754
10.37,-1.21976157580166
10.38,-1.21974171104752
10.39,-1.21972176928041
10.4,-1.21970176676901
10.41,-1.21968171662787
10.42,-1.21966161435685
10.43,-1.21964145680888
10.44,-1.21962124673976
10.45,-1.21960099266238
10.46,-1.21958068865554
10.47,-1.21956033499434
10.48,-1.21953994061822
10.49,-1.21951949299848
10.5,-1.21949897444825
10.51,-1.21947838267635
10.52,-1.2194577248305
10.53,-1.21943699374271
10.54,-1.21941618497642
10.55,-1.21939529878033
10.56,-1.21937433656236
10.57,-1.21935330868264
10.58,-1.21933220726625
10.59,-1.21931102958074
10.6,-1.21928977617559
10.61,-1.21926845829514
10.62,-1.21924706770521
10.63,-1.2192256004055
10.64,-1.21920405870853
10.65,-1.21918245336639
10.66,-1.21916077695583
10.67,-1.21913902813346
10.68,-1.21911721566138
10.69,-1.21909535006697
10.7,-1.21907347804454
10.71,-1.21905161440929
10.72,-1.21902976941791
10.73,-1.21900794253326
10.74,-1.21898614436769
10.75,-1.21896437720816
10.76,-1.21894263658961
10.77,-1.21892092690625
10.78,-1.21889923965514
10.79,-1.21887756651609
10.8,-1.21885585514588
10.81,-1.21883408549226
10.82,-1.21881226236247
10.83,-1.21879037403847
10.84,-1.2187684179841
10.85,-1.2187463917861
10.86,-1.21872430129426
10.87,-1.21870215657534
10.88,-1.21867994697524
10.89,-1.21865765640086
10.9,-1.2186352355396
10.91,-1.21861266758392
10.92,-1.2185899576286
10.93,-1.21856709380172
10.94,-1.21854407042574
10.95,-1.21852088529674
10.96,-1.2184975427936
10.97,-1.21847405219022
10.98,-1.21845040484446
10.99,-1.2184266083408
11,-1.21854123556843
11.01,-1.21851723259034
11.02,-1.21849314091258
11.03,-1.21846895562915
11.04,-1.21844468960197
11.05,-1.2184203416925
11.06,-1.21839590250961
11.07,-1.21837137659687
11.08,-1.21834675857541
11.09,-1.21832206361863
11.1,-1.21829730899017
11.11,-1.21827249182212
11.12,-1.21824762370046
11.13,-1.21822270555706
11.14,-1.2181977284449
11.15,-1.21817270241438
11.16,-1.21814763329905
11.17,-1.21812251842471
11.18,-1.2180973461671
11.19,-1.21807212616309
11.2,-1.21804685841583
11.21,-1.21802153330236
11.22,-1.21799616121316
11.23,-1.21797074286986
11.24,-1.21794526871022
11.25,-1.2179197480171
11.26,-1.21789418788833
11.27,-1.21786858325632
11.28,-1.21784292494248
11.29,-1.2178172202671
11.3,-1.21779147754788
11.31,-1.21776569802821
11.32,-1.2177398809514
11.33,-1.21771402856512
11.34,-1.21768814001584
11.35,-1.21766221667283
11.36,-1.21763625877946
11.37,-1.21761026670601
11.38,-1.21758424080956
11.39,-1.21755818105591
11.4,-1.2175320868707
11.41,-1.2175059656493
11.42,-1.21747982983689
11.43,-1.21745366908673
11.44,-1.21742747856489
11.45,-1.21740125758578
11.46,-1.21737501094741
11.47,-1.21734875025346
11.48,-1.2173224677247
11.49,-1.21729615685866
11.5,-1.21726981773368
11.51,-1.21724344908896
11.52,-1.21721705045088
11.53,-1.21719062405582
11.54,-1.21716417475247
11.55,-1.21713771542768
11.56,-1.21711123680405
11.57,-1.21708473327425
11.58,-1.21705820326624
11.59,-1.21703165873758
11.6,-1.21700514118812
11.61,-1.21697868034652
11.62,-1.21695227452522
11.63,-1.21692591772406
11.64,-1.21689961451238
11.65,-1.21687337920607
11.66,-1.21684720381018
11.67,-1.2168210851698
11.68,-1.2167950391635
11.69,-1.21676905304386
11.7,-1.2167431220586
11.71,-1.21671725152841
11.72,-1.21669145416095
11.73,-1.21666571958389
11.74,-1.2166400432793
11.75,-1.21661442327872
11.76,-1.21658886754824
11.77,-1.216563388003
11.78,-1.21653797459723
11.79,-1.21651287646679
11.8,-1.21648892613286
11.81,-1.21646650299826
11.82,-1.21644571817813
11.83,-1.21642660238616
11.84,-1.21640915645356
11.85,-1.21639339616109
11.86,-1.21637933268492
11.87,-1.21636697050678
11.88,-1.21635631247745
11.89,-1.21634737137593
11.9,-1.21634019323765
11.91,-1.21633480848067
11.92,-1.21633121611183
11.93,-1.21632942303565
11.94,-1.21632941393211
11.95,-1.21633118476435
11.96,-1.21633474278762
11.97,-1.21634007747408
11.98,-1.2163471900886
11.99,-1.21635578335262
12,-1.21664148236434
12.01,-1.21665076780089
12.02,-1.2166600748654
12.03,-1.21666937048467
12.04,-1.21667864501785
12.05,-1.21668789588417
12.06,-1.21669712236442
12.07,-1.21670632439952
12.08,-1.2167155019359
12.09,-1.21672465507367
12.1,-1.21673378404183
12.11,-1.21674288853356
12.12,-1.21675196908382
12.13,-1.21676102576458
12.14,-1.21677005852258
12.15,-1.21677906737651
12.16,-1.21678805247732
12.17,-1.2167970136642
12.18,-1.21680595103538
12.19,-1.21681486485373
12.2,-1.21682375497183
12.21,-1.21683262163514
12.22,-1.21684146522536
12.23,-1.21685028549607
12.24,-1.21685908268429
12.25,-1.21686785678203
12.26,-1.21687660795239
12.27,-1.21688533598405
12.28,-1.21689404089396
12.29,-1.21690272330829
12.3,-1.21691138312797
12.31,-1.21692002008476
12.32,-1.21692863469273
12.33,-1.21693722695478
12.34,-1.21694579698085
12.35,-1.21695434442679
12.36,-1.21696286945911
12.37,-1.21697137245005
12.38,-1.2169798536905
12.39,-1.21698831298006
12.4,-1.21699675052115
12.41,-1.21700516585472
12.42,-1.21701355937716
12.43,-1.21702193113672
12.44,-1.21703028110052
12.45,-1.21703860922351
12.46,-1.21704691611328
12.47,-1.21705520154034
12.48,-1.21706346569078
12.49,-1.21707170857025
12.5,-1.21707993027989
12.51,-1.21708813038154
12.52,-1.21709630913428
12.53,-1.21710446670163
12.54,-1.21711260383065
12.55,-1.21712072044511
12.56,-1.21712881627972
12.57,-1.21713689132143
12.58,-1.21714494577168
12.59,-1.21715297919959
12.6,-1.21716099206855
12.61,-1.21716898483909
12.62,-1.21717695703746
12.63,-1.21718490883717
12.64,-1.21719284034848
12.65,-1.21720075164456
12.66,-1.21720864272514
12.67,-1.21721651374453
12.68,-1.21722436447229
12.69,-1.21723219545856
12.7,-1.21724000696564
12.71,-1.21724779879546
12.72,-1.21725557065337
12.73,-1.21726332270272
12.74,-1.21727105544263
12.75,-1.21727876834673
12.76,-1.21728646189898
12.77,-1.21729413641062
12.78,-1.21730179148756
12.79,-1.21730942697583
12.8,-1.2173170429305
12.81,-1.21732463964885
12.82,-1.21733221747096
12.83,-1.21733977641748
12.84,-1.21734731633054
12.85,-1.21735483743743
12.86,-1.21736233979699
12.87,-1.21736982341584
12.88,-1.21737728857941
12.89,-1.21738473497631
12.9,-1.21739216269152
12.91,-1.2173995717491
12.92,-1.21740696252165
12.93,-1.21741433486476
12.94,-1.21742168845461
12.95,-1.21742902398547
12.96,-1.21743634132948
12.97,-1.2174436410195
12.98,-1.21745092238175
12.99,-1.21745818571669
13,-1.217272633045
13.01,-1.21727985988952
13.02,-1.21728706918965
13.03,-1.21729426060336
13.04,-1.21730143407639
13.05,-1.21730858959287
13.06,-1.21731572759088
13.07,-1.21732284760353
13.08,-1.21732995004473
13.09,-1.21733703524597
13.1,-1.21734410333849
13.11,-1.21735115376332
13.12,-1.21735818668026
13.13,-1.21736520233847
13.14,-1.21737220098438
13.15,-1.21737918232937
13.16,-1.21738614650051
13.17,-1.21739309311815
13.18,-1.21740002299367
13.19,-1.21740693586347
13.2,-1.21741383170126
13.21,-1.21742071070683
13.22,-1.21742757267439
13.23,-1.21743441810488
13.24,-1.21744124723011
13.25,-1.21744805988646
13.26,-1.21745485613852
13.27,-1.21746163596762
13.28,-1.21746839930849
13.29,-1.21747514610971
13.3,-1.21748187652062
13.31,-1.21748859077476
13.32,-1.21749528894488
13.33,-1.21750197081354
13.34,-1.21750863642486
13.35,-1.21751528584787
13.36,-1.21752191950934
13.37,-1.21752853842645
13.38,-1.21753514147928
13.39,-1.21754172303611
13.4,-1.21754826093772
13.41,-1.21755473487908
13.42,-1.21756114765027
13.43,-1.21756749295517
13.44,-1.21757378301436
13.45,-1.21758001853183
13.46,-1.21758618922536
13.47,-1.21759229910883
13.48,-1.21759834124297
13.49,-1.2176043118351
13.5,-1.21761016604747
13.51,-1.21761588332379
13.52,-1.21762145778031
13.53,-1.21762688296484
13.54,-1.21763214603032
13.55,-1.21763725647915
13.56,-1.21764222166769
13.57,-1.21764704446111
13.58,-1.21765172500625
13.59,-1.21765628453712
13.6,-1.21766079159782
13.61,-1.21766527102295
13.62,-1.21766971941469
13.63,-1.21767414918858
13.64,-1.21767856696792
13.65,-1.21768297413565
13.66,-1.21768736605275
13.67,-1.21769173141355
13.68,-1.21769607987522
13.69,-1.21770044743347
13.7,-1.21770493206076
13.71,-1.21770956778874
13.72,-1.21771437670904
13.73,-1.21771936130594
13.74,-1.21772451125211
13.75,-1.21772983613616
13.76,-1.21773534144461
13.77,-1.21774102508041
13.78,-1.2177468760285
13.79,-1.21775287256786
13.8,-1.21775891683369
13.81,-1.21776496464797
13.82,-1.21777100362601
13.83,-1.21777702904657
13.84,-1.21778304003677
13.85,-1.21778903676973
13.86,-1.2177950186626
13.87,-1.2178009859772
13.88,-1.21780693967313
13.89,-1.21781287983652
13.9,-1.21781880651061
13.91,-1.21782471989912
13.92,-1.21783061971675
13.93,-1.21783650529242
13.94,-1.21784237688723
13.95,-1.21784823473813
13.96,-1.21785407838799
13.97,-1.21785990844316
13.98,-1.21786572534084
13.99,-1.21787152903204
14,-1.21775964596197
14.01,-1.21776542311964
14.02,-1.21777118674479
14.03,-1.21777693721996
14.04,-1.21778267455215
14.05,-1.21778839966102
14.06,-1.21779411158203
14.07,-1.21779980908103
14.08,-1.21780549247085
14.09,-1.21781116428136
14.1,-1.21781682644625
14.11,-1.21782247730988
14.12,-1.21782811642059
14.13,-1.21783374245865
14.14,-1.21783935600764
14.15,-1.21784495674292
14.16,-1.2178505444084
14.17,-1.21785611942552
14.18,-1.21786168123791
14.19,-1.21786722002747
14.2,-1.2178726989056
14.21,-1.21787809210632
14.22,-1.21788339880017
14.23,-1.2178886127338
14.24,-1.21789374365603
14.25,-1.21789879328702
14.26,-1.2179037520728
14.27,-1.21790862468159
14.28,-1.21791340551887
14.29,-1.21791810990652
14.3,-1.21792276466329
14.31,-1.21792739073779
14.32,-1.21793198686306
14.33,-1.21793655941097
14.34,-1.2179410978559
14.35,-1.21794560229937
14.36,-1.21795008225153
14.37,-1.21795453338089
14.38,-1.21795896169211
14.39,-1.21796337172056
14.4,-1.21796780706741
14.41,-1.21797228777914
14.42,-1.21797681836567
14.43,-1.21798140083321
14.44,-1.2179860305114
14.45,-1.21799069566972
14.46,-1.21799540554411
14.47,-1.21800016509575
14.48,-1.21800497546919
14.49,-1.21800981740623
14.5,-1.21801462207849
14.51,-1.21801934968822
14.52,-1.21802400148007
14.53,-1.21802858001546
14.54,-1.21803308181929
14.55,-1.21803749655909
14.56,-1.21804183330901
14.57,-1.21804609187626
14.58,-1.21805026309727
14.59,-1.21805435236136
14.6,-1.2180583444268
14.61,-1.21806221766898
14.62,-1.21806596813714
14.63,-1.21806960480224
14.64,-1.21807312353747
14.65,-1.21807653038869
14.66,-1.21807982010965
14.67,-1.21808299851288
14.68,-1.21808606064537
14.69,-1.2180890219605
14.7,-1.21809190392993
14.71,-1.21809472006508
14.72,-1.21809748412077
14.73,-1.21810018820277
14.74,-1.21810282786737
14.75,-1.21810540159937
14.76,-1.21810791372013
14.77,-1.21811037551603
14.78,-1.21811277866197
14.79,-1.21811516124271
14.8,-1.21811765853474
14.81,-1.21812031736325
14.82,-1.21812315320296
14.83,-1.21812618050783
14.84,-1.21812939584929
14.85,-1.21813280397508
14.86,-1.21813639937883
14.87,-1.21814019147289
14.88,-1.21814418091943
14.89,-1.21814832910956
14.9,-1.2181525503908
14.91,-1.21815680283549
14.92,-1.21816106479072
14.93,-1.21816534175236
14.94,-1.21816963796524
14.95,-1.21817395474058
14.96,-1.21817828771475
14.97,-1.2181826260945
14.98,-1.21818697806013
14.99,-1.21819134369662
15,-1.21813435020925
15.01,-1.21813868889751
15.02,-1.21814300777021
15.03,-1.21814730019929
15.04,-1.21815157608149
15.05,-1.21815583591595
15.06,-1.21816007050968
15.07,-1.21816428422287
15.08,-1.21816847126547
15.09,-1.21817263725137
15.1,-1.21817677689604
15.11,-1.21818089552897
15.12,-1.21818498775396
15.13,-1.21818905889611
15.14,-1.21819309912483
15.15,-1.21819710773903
15.16,-1.21820109386104
15.17,-1.21820505355379
15.18,-1.21820899290328
15.19,-1.21821289774372
15.2,-1.21821674701799
15.21,-1.21822052755243
15.22,-1.21822422668026
15.23,-1.21822785248657
15.24,-1.21823140981207
15.25,-1.21823490022636
15.26,-1.21823831944626
15.27,-1.21824165686763
15.28,-1.21824492141595
15.29,-1.21824812293289
15.3,-1.21825127836161
15.31,-1.21825439486652
15.32,-1.21825747471306
15.33,-1.21826051371062
15.34,-1.21826350161972
15.35,-1.21826644735472
15.36,-1.21826935567668
15.37,-1.21827222795041
15.38,-1.21827506487001
15.39,-1.21827788518641
15.4,-1.21828074965942
15.41,-1.21828368560552
15.42,-1.21828670074054
15.43,-1.2182897969552
15.44,-1.21829296968237
15.45,-1.21829620839959
15.46,-1.21829952165246
15.47,-1.21830291397642
15.48,-1.21830638640299
15.49,-1.21830991134711
15.5,-1.21831339809167
15.51,-1.21831680631472
15.52,-1.21832012476003
15.53,-1.21832335458133
15.54,-1.21832650573243
15.55,-1.21832956989549
15.56,-1.21833254238618
15.57,-1.21833542237473
15.58,-1.21833820981818
15.59,-1.21834091858429
15.6,-1.21834358939145
15.61,-1.2183462318432
15.62,-1.21834885969005
15.63,-1.21835147964727
15.64,-1.2183540890063
15.65,-1.21835667775593
15.66,-1.21835925436505
15.67,-1.21836181924014
15.68,-1.21836436346477
15.69,-1.21836689587876
15.7,-1.21836942150564
15.71,-1.21837194160912
15.72,-1.21837445649113
15.73,-1.21837696629713
15.74,-1.21837947111667
15.75,-1.21838197094458
15.76,-1.2183844658583
15.77,-1.21838695576326
15.78,-1.21838944066757
15.79,-1.21839190230711
15.8,-1.21839427678908
15.81,-1.21839652732074
15.82,-1.21839865051872
15.83,-1.21840063887999
15.84,-1.21840250153932
15.85,-1.21840423912544
15.86,-1.21840584300533
15.87,-1.21840731747491
15.88,-1.21840865725359
15.89,-1.21840987671198
15.9,-1.21841099169183
15.91,-1.21841200010963
15.92,-1.21841291261286
15.93,-1.21841373031092
15.94,-1.2184144447004
15.95,-1.2184150645382
15.96,-1.21841559485977
15.97,-1.21841603276299
15.98,-1.21841636840943
15.99,-1.21841662370327
16,-1.21835014774609
16.01,-1.21835033864574
16.02,-1.21835050448489
16.03,-1.21835065554084
16.04,-1.21835078816131
16.05,-1.21835090802298
16.06,-1.21835101007523
16.07,-1.21835110385926
16.08,-1.21835119015796
16.09,-1.21835125132853
16.1,-1.218351266304
16.11,-1.21835123103668
16.12,-1.218351153494
16.13,-1.21835102506675
16.14,-1.21835084086543
16.15,-1.21835059957188
16.16,-1.21835030539135
16.17,-1.21834996846131
16.18,-1.21834958047023
16.19,-1.2183491638004
16.2,-1.21834880618201
16.21,-1.21834855142299
16.22,-1.21834842083618
16.23,-1.21834840927794
16.24,-1.21834851283363
16.25,-1.21834873032357
16.26,-1.21834906579597
16.27,-1.21834952945364
16.28,-1.21835011272979
16.29,-1.21835078809076
16.3,-1.21835148451388
16.31,-1.21835218328217
16.32,-1.21835287695423
16.33,-1.21835354988997
16.34,-1.21835419984119
16.35,-1.21835483963614
16.36,-1.21835547082389
16.37,-1.21835608042978
16.38,-1.2183566668796
16.39,-1.21835722083878
16.4,-1.21835767003927
16.41,-1.21835797314909
16.42,-1.21835812968913
16.43,-1.21835813741941
16.44,-1.21835798697705
16.45,-1.21835768686066
16.46,-1.21835724197434
16.47,-1.21835664935305
16.48,-1.21835589947972
16.49,-1.21835502753479
16.5,-1.21835412688301
16.51,-1.21835323879915
16.52,-1.21835237477113
16.53,-1.218351538214
16.54,-1.21835073019925
16.55,-1.21834995088867
16.56,-1.21834920004061
16.57,-1.218348477795
16.58,-1.21834778420232
16.59,-1.2183471145769
16.6,-1.21834645426167
16.61,-1.21834579666622
16.62,-1.21834513985159
16.63,-1.21834448331553
16.64,-1.21834383134573
16.65,-1.2183431941473
16.66,-1.21834256369376
16.67,-1.21834193512641
16.68,-1.21834130714467
16.69,-1.21834066592864
16.7,-1.21833997137901
16.71,-1.21833921419857
16.72,-1.21833838052436
16.73,-1.21833746406598
16.74,-1.21833646753843
16.75,-1.21833540093454
16.76,-1.2183342559873
16.77,-1.21833303241262
16.78,-1.21833173922825
16.79,-1.21833037245083
16.8,-1.21832893755769
16.81,-1.21832742943386
16.82,-1.21832585794933
16.83,-1.21832422381446
16.84,-1.21832251831628
16.85,-1.21832075004092
16.86,-1.21831892395995
16.87,-1.21831703689671
16.88,-1.21831507895777
16.89,-1.21831306287892
16.9,-1.21831100834114
16.91,-1.21830892343849
16.92,-1.21830681027819
16.93,-1.2183046697129
16.94,-1.21830250633907
16.95,-1.21830033061348
16.96,-1.21829813427995
16.97,-1.21829591260134
16.98,-1.21829366428495
16.99,-1.21829139324346
17,-1.21828638027479
17.01,-1.21828411967781
17.02,-1.21828186650704
17.03,-1.21827962095842
17.04,-1.2182773921227
17.05,-1.2182751715643
17.06,-1.21827295450419
17.07,-1.21827074389385
17.08,-1.21826854971695
17.09,-1.21826635456967
17.1,-1.21826412393864
17.11,-1.21826184312287
17.12,-1.21825950810509
17.13,-1.21825711760785
17.14,-1.21825467589765
17.15,-1.2182521932407
17.16,-1.2182496612394
17.17,-1.21824707522885
17.18,-1.21824443394809
17.19,-1.21824177316529
17.2,-1.21823920739746
17.21,-1.21823677978941
17.22,-1.21823450930429
17.23,-1.21823239469786
17.24,-1.21823044672886
17.25,-1.21822866630532
17.26,-1.21822704452743
17.27,-1.21822558538237
17.28,-1.21822428299691
17.29,-1.21822313793867
17.3,-1.21822212550309
17.31,-1.21822123356054
17.32,-1.21822045871288
17.33,-1.21821979519539
17.34,-1.2182192321348
17.35,-1.21821877766714
17.36,-1.21821843640758
17.37,-1.21821820947545
17.38,-1.2182180972981
17.39,-1.21821811789466
17.4,-1.21821833544374
17.41,-1.21821878671805
17.42,-1.21821947068986
17.43,-1.21822038896465
17.44,-1.21822155063684
17.45,-1.21822294672805
17.46,-1.21822457221215
17.47,-1.21822642989594
17.48,-1.2182285292063
17.49,-1.21823085200619
17.5,-1.21823336279538
17.51,-1.21823605093803
17.52,-1.21823892230129
17.53,-1.2182419669446
17.54,-1.21824517926902
17.55,-1.21824855763811
17.56,-1.21825210593379
17.57,-1.21825583380487
17.58,-1.21825973208647
17.59,-1.21826376865229
17.6,-1.21826785278451
17.61,-1.21827194438727
17.62,-1.21827603195623
17.63,-1.21828011213137
17.64,-1.21828418410821
17.65,-1.2182882473231
17.66,-1.21829230220659
17.67,-1.21829634910361
17.68,-1.21830038768829
17.69,-1.21830441775807
17.7,-1.21830843945125
17.71,-1.21831245267084
17.72,-1.21831645738662
17.73,-1.2183204537062
17.74,-1.21832444175546
17.75,-1.21832842136738
17.76,-1.21833239266679
17.77,-1.21833635566961
17.78,-1.21834031056097
17.79,-1.21834425728456
17.8,-1.21834819573411
17.81,-1.21835212601382
17.82,-1.21835604835528
17.83,-1.21835996273796
17.84,-1.21836386902992
17.85,-1.21836776725805
17.86,-1.21837165753295
17.87,-1.21837553965938
17.88,-1.21837941347551
17.89,-1.21838327932886
17.9,-1.21838713726061
17.91,-1.21839098728708
17.92,-1.21839482961292
17.93,-1.2183986644837
17.94,-1.21840249091058
17.95,-1.21840630935531
17.96,-1.21841012021528
17.97,-1.21841392338306
17.98,-1.21841771889576
17.99,-1.21842150658341
18,-1.21848009775229
18.01,-1.21848386958494
18.02,-1.21848763344563
18.03,-1.2184913897176
18.04,-1.21849513831511
18.05,-1.21849887929781
18.06,-1.21850261253294
18.07,-1.21850633807748
18.08,-1.21851005587436
18.09,-1.21851376602927
18.1,-1.2185174686204
18.11,-1.21852116368819
18.12,-1.21852485150289
18.13,-1.21852853200025
18.14,-1.2185322048572
18.15,-1.21853587009121
18.16,-1.21853952799058
18.17,-1.21854317871312
18.18,-1.21854682200758
18.19,-1.21855045774771
18.2,-1.21855408615801
18.21,-1.2185577073983
18.22,-1.21856132126806
18.23,-1.21856492794157
18.24,-1.21856852736165
18.25,-1.21857211935487
18.26,-1.21857570388226
18.27,-1.21857928107457
18.28,-1.2185828510097
18.29,-1.21858641408409
18.3,-1.218589970122
18.31,-1.21859351885428
18.32,-1.21859706044378
18.33,-1.21860059493008
18.34,-1.21860412235141
18.35,-1.21860764276836
18.36,-1.21861115619903
18.37,-1.21861466239457
18.38,-1.21861816142024
18.39,-1.2186216533828
18.4,-1.21862513845902
18.41,-1.21862861674877
18.42,-1.21863208812611
18.43,-1.21863555247495
18.44,-1.21863900960685
18.45,-1.21864245971761
18.46,-1.21864590316371
18.47,-1.21864933999271
18.48,-1.2186527700576
18.49,-1.21865619319703
18.5,-1.21865960929156
18.51,-1.21866301840226
18.52,-1.21866642064945
18.53,-1.21866981187602
18.54,-1.21867318219159
18.55,-1.21867653976639
18.56,-1.21867988919992
18.57,-1.21868323142762
18.58,-1.21868656687235
18.59,-1.21868989571121
18.6,-1.21869321785171
18.61,-1.21869652915522
18.62,-1.21869982011482
18.63,-1.21870309847102
18.64,-1.21870636849552
18.65,-1.21870963158718
18.66,-1.2187128839605
18.67,-1.2187161162418
18.68,-1.21871933592753
18.69,-1.21872253089086
18.7,-1.21872565159314
18.71,-1.21872868364368
18.72,-1.21873161708115
18.73,-1.21873445535223
18.74,-1.21873718935164
18.75,-1.21873981838828
18.76,-1.21874235083544
18.77,-1.21874478337269
18.78,-1.21874712127602
18.79,-1.21874933522938
18.8,-1.21875135662823
18.81,-1.21875316350228
18.82,-1.21875473980285
18.83,-1.21875608307522
18.84,-1.2187572011962
18.85,-1.21875808653416
18.86,-1.21875873499612
18.87,-1.21875914989028
18.88,-1.21875934071014
18.89,-1.21875933320506
18.9,-1.21875923647008
18.91,-1.21875911174673
18.92,-1.21875897460429
18.93,-1.21875881699734
18.94,-1.21875863853157
18.95,-1.21875844753916
18.96,-1.21875824036555
18.97,-1.21875802610548
18.98,-1.21875780542824
18.99,-1.21875757853037
19,-1.21871164879793
19.01,-1.21871149652609
19.02,-1.21871139453635
19.03,-1.21871134010197
19.04,-1.21871132392563
19.05,-1.21871135355033
19.06,-1.21871143331207
19.07,-1.21871156447442
19.08,-1.21871174723036
19.09,-1.21871198594511
19.1,-1.21871229408783
19.11,-1.21871267346631
19.12,-1.21871311634857
19.13,-1.2187136307966
19.14,-1.21871422089161
19.15,-1.21871488748585
19.16,-1.21871562682202
19.17,-1.21871642984106
19.18,-1.21871730409812
19.19,-1.21871823693357
19.2,-1.21871917489499
19.21,-1.21872008978299
19.22,-1.21872096585145
19.23,-1.21872180889976
19.24,-1.21872262262723
19.25,-1.21872340799679
19.26,-1.21872416120532
19.27,-1.21872487300316
19.28,-1.21872555115247
19.29,-1.21872621244204
19.3,-1.21872690272001
19.31,-1.21872764996937
19.32,-1.21872845594676
19.33,-1.21872932720287
19.34,-1.21873025537824
19.35,-1.21873123992764
19.36,-1.21873228876603
19.37,-1.21873339814909
19.38,-1.21873457308894
19.39,-1.21873581690791
19.4,-1.21873716932108
19.41,-1.21873865626565
19.42,-1.21874027888575
19.43,-1.21874204338905
19.44,-1.21874394119332
19.45,-1.21874597146262
19.46,-1.21874814194477
19.47,-1.21875044849117
19.48,-1.21875289596494
19.49,-1.21875545908731
19.5,-1.21875808289401
19.51,-1.21876075147662
19.52,-1.21876345400696
19.53,-1.21876619306979
19.54,-1.21876895931132
19.55,-1.21877175222958
19.56,-1.21877457976455
19.57,-1.21877743797463
19.58,-1.21878033169596
19.59,-1.2187832478974
19.6,-1.21878617273548
19.61,-1.21878910830782
19.62,-1.2187920491575
19.63,-1.21879499971833
19.64,-1.21879795113166
19.65,-1.21880090276624
19.66,-1.21880386277627
19.67,-1.2188068272111
19.68,-1.21880980084624
19.69,-1.2188127753401
19.7,-1.21881574599078
19.71,-1.21881871147974
19.72,-1.21882167152402
19.73,-1.21882462602277
19.74,-1.21882757467924
19.75,-1.2188305176524
19.76,-1.21883345511428
19.77,-1.21883638696423
19.78,-1.21883931321619
19.79,-1.21884222995996
19.8,-1.21884511996177
19.81,-1.21884796819271
19.82,-1.21885077635835
19.83,-1.21885353903073
19.84,-1.21885626465379
19.85,-1.21885895395405
19.86,-1.21886159931072
19.87,-1.21886420444484
19.88,-1.2188667644889
19.89,-1.21886927203709
19.9,-1.21887167933301
19.91,-1.21887396037283
19.92,-1.21887610018802
19.93,-1.21887810450787
19.94,-1.21887997737336
19.95,-1.21888172014223
19.96,-1.21888332954776
19.97,-1.21888479667044
19.98,-1.21888612910167
19.99,-1.21888734350005
20,-1.21893174931193
20.01,-1.21893282655189
20.02,-1.21893384921381
20.03,-1.21893481500755
20.04,-1.21893571540177
20.05,-1.21893655767662
20.06,-1.21893734633754
20.07,-1.21893808288222
20.08,-1.21893876751802
20.09,-1.2189393804795
20.1,-1.21893985271633
20.11,-1.21894014629422
20.12,-1.21894026030649
20.13,-1.21894019286544
20.14,-1.21893993564722
20.15,-1.21893949625442
20.16,-1.21893887907297
20.17,-1.21893808152419
20.18,-1.21893709498077
20.19,-1.21893595057762
20.2,-1.21893473501895
20.21,-1.21893349369468
20.22,-1.21893223356677
20.23,-1.21893096242729
20.24,-1.21892967267178
20.25,-1.2189283639865
20.26,-1.21892704432317
20.27,-1.21892570996918
20.28,-1.21892436599154
20.29,-1.2189230077566
20.3,-1.21892163988756
20.31,-1.21892025784737
20.32,-1.21891886633294
20.33,-1.21891746089112
20.34,-1.21891604978786
20.35,-1.21891463361659
20.36,-1.21891320456301
20.37,-1.21891176632332
20.38,-1.21891031404856
20.39,-1.21890885611333
20.4,-1.21890740098548
20.41,-1.21890595928754
20.42,-1.21890452813186
20.43,-1.21890311253781
20.44,-1.21890170401539
20.45,-1.21890030194451
20.46,-1.21889891429985
20.47,-1.21889753743508
20.48,-1.21889617623843
20.49,-1.21889481803965
20.5,-1.21889344523109
20.51,-1.21889205067875
20.52,-1.21889063230502
20.53,-1.2188891896543
20.54,-1.21888772655221
20.55,-1.21888625215982
20.56,-1.21888475913751
20.57,-1.21888324328387
20.58,-1.2188817032615
20.59,-1.21888014276334
20.6,-1.21887857890463
20.61,-1.21887703073644
20.62,-1.21887550194993
20.63,-1.21887398536561
20.64,-1.21887248476372
20.65,-1.21887099540032
20.66,-1.21886952169734
20.67,-1.21886805916273
20.68,-1.21886661241217
20.69,-1.21886511691562
20.7,-1.21886338397471
20.71,-1.21886132977358
20.72,-1.21885893040218
20.73,-1.21885617905651
20.74,-1.21885307760966
20.75,-1.21884963444983
20.76,-1.2188458420276
20.77,-1.21884169561622
20.78,-1.218837193712
20.79,-1.21883237175111
20.8,-1.21882735235621
20.81,-1.21882220170533
20.82,-1.21881693704281
20.83,-1.21881155476666
20.84,-1.21880605950022
20.85,-1.21880044681306
20.86,-1.21879472098
20.87,-1.21878887319163
20.88,-1.21878290267832
20.89,-1.21877688214796
20.9,-1.21877102183676
20.91,-1.21876542278871
20.92,-1.2187601082216
20.93,-1.21875509104772
20.94,-1.21875036497822
20.95,-1.21874593038914
20.96,-1.21874179618456
20.97,-1.2187379588085
20.98,-1.21873442335966
20.99,-1.21873113672708
21,-1.21872389723864
21.01,-1.2187207131482
21.02,-1.21871751861488
21.03,-1.21871431985181
21.04,-1.21871111696357
21.05,-1.21870789745814
21.06,-1.21870465968306
21.07,-1.21870141579557
21.08,-1.2186981669119
21.09,-1.21869488896099
21.1,-1.21869153580159
21.11,-1.21868809157533
21.12,-1.21868456002024
21.13,-1.21868093203622
21.14,-1.2186772027786
21.15,-1.21867337106983
21.16,-1.21866944008777
21.17,-1.21866541941581
21.18,-1.21866130141839
21.19,-1.21865711467971
21.2,-1.218652962506
21.21,-1.2186488839166
21.22,-1.21864490046882
21.23,-1.2186410162671
21.24,-1.21863722398265
21.25,-1.2186335321461
21.26,-1.21862994554605
21.27,-1.21862646139493
21.28,-1.21862307032453
21.29,-1.21861974286024
21.3,-1.21861636003393
21.31,-1.21861286827703
21.32,-1.21860925212028
21.33,-1.21860550701194
21.34,-1.21860163180064
21.35,-1.21859762582199
21.36,-1.21859348895447
21.37,-1.21858922090465
21.38,-1.21858482180884
21.39,-1.21858026219928
21.4,-1.21857544538562
21.41,-1.21857033223102
21.42,-1.21856491971871
21.43,-1.21855919629247
21.44,-1.21855315595695
21.45,-1.21854679632865
21.46,-1.21854012075462
21.47,-1.21853313816684
21.48,-1.21852584013571
21.49,-1.21851825546361
21.5,-1.21851048891519
21.51,-1.21850258005281
21.52,-1.21849454614244
21.53,-1.21848638527527
21.54,-1.21847810768647
21.55,-1.21846971397039
21.56,-1.21846119566203
21.57,-1.2184525559071
21.58,-1.21844378989898
21.59,-1.2184348808169
21.6,-1.21842574770421
21.61,-1.21841635333325
21.62,-1.21840668674865
21.63,-1.21839674064138
21.64,-1.21838650208336
21.65,-1.21837597856299
21.66,-1.21836517321856
21.67,-1.21835408672184
21.68,-1.21834271820435
21.69,-1.21833107939601
21.7,-1.21831921252747
21.71,-1.21830714036949
21.72,-1.21829487794536
21.73,-1.21828241793415
21.74,-1.21826975503426
21.75,-1.21825688747512
21.76,-1.21824381812482
21.77,-1.21823055687582
21.78,-1.21821709548152
21.79,-1.21820343666361
21.8,-1.21818960277831
21.81,-1.21817559601674
21.82,-1.21816142703344
21.83,-1.2181471011654
21.84,-1.21813261496508
21.85,-1.21811795790262
21.86,-1.2181031375857
21.87,-1.21808815367908
21.88,-1.21807299694825
21.89,-1.21805768853404
21.9,-1.21804227300348
21.91,-1.2180267601888
21.92,-1.21801116624613
21.93,-1.21799549302625
21.94,-1.2179797295762
21.95,-1.21796388451889
21.96,-1.21794796357067
21.97,-1.21793196310898
21.98,-1.21791587325782
21.99,-1.21789972017683
22,-1.21794905713012
22.01,-1.21793293923248
22.02,-1.21791686280709
22.03,-1.2179008298966
22.04,-1.21788484009425
22.05,-1.21786889525105
22.06,-1.21785299763505
22.07,-1.21783714724806
22.08,-1.21782134175529
22.09,-1.21780557838487
22.1,-1.21778984209845
22.11,-1.2177741312483
22.12,-1.21775845461988
22.13,-1.21774280176815
22.14,-1.21772716870262
22.15,-1.21771155614745
22.16,-1.21769596797544
22.17,-1.21768041384362
22.18,-1.21766488463976
22.19,-1.21764937489305
22.2,-1.21763386623601
22.21,-1.21761835087454
22.22,-1.21760282593484
22.23,-1.21758729124916
22.24,-1.21757174693934
22.25,-1.21755619358805
22.26,-1.21754062950834
22.27,-1.21752505458531
22.28,-1.21750947102495
22.29,-1.21749385485617
22.3,-1.2174781190187
22.31,-1.21746221579778
22.32,-1.2174461380601
22.33,-1.21742987524219
22.34,-1.21741343700054
22.35,-1.21739682382028
22.36,-1.21738002478502
22.37,-1.21736304330879
22.38,-1.21734587335833
22.39,-1.21732854333373
22.4,-1.21731112637665
22.41,-1.2172936530737
22.42,-1.21727613283075
22.43,-1.21725856091717
22.44,-1.2172409278533
22.45,-1.21722324354258
22.46,-1.21720551267807
22.47,-1.21718773743571
22.48,-1.21716991728206
22.49,-1.21715203259481
22.5,-1.21713401068514
22.51,-1.21711580912263
22.52,-1.21709742793999
22.53,-1.21707886975243
22.54,-1.2170601294255
22.55,-1.21704119488783
22.56,-1.21702207453896
22.57,-1.21700276853664
22.58,-1.21698326552302
22.59,-1.21696352233715
22.6,-1.21694337206545
22.61,-1.21692274214137
22.62,-1.21690162115499
22.63,-1.21687999163282
22.64,-1.21685784334693
22.65,-1.21683517075825
22.66,-1.2168119762512
22.67,-1.21678827016616
22.68,-1.21676403868438
22.69,-1.21673933856811
22.7,-1.21671438158355
22.71,-1.21668927370197
22.72,-1.21666403652368
22.73,-1.21663868629581
22.74,-1.21661321184396
22.75,-1.21658761194117
22.76,-1.21656189724117
22.77,-1.21653606388946
22.78,-1.21651011817429
22.79,-1.21648428833601
22.8,-1.21645936604187
22.81,-1.21643571499498
22.82,-1.21641345888586
22.83,-1.21639262241906
22.84,-1.21637321315033
22.85,-1.21635523861009
22.86,-1.21633870961164
22.87,-1.21632364245123
22.88,-1.21631003102202
22.89,-1.21629767838475
22.9,-1.21628593823991
22.91,-1.21627451045414
22.92,-1.2162633180855
22.93,-1.2162523316948
22.94,-1.21624155677317
22.95,-1.2162309922876
22.96,-1.21622062671336
22.97,-1.21621046502398
22.98,-1.21620050159614
22.99,-1.21619071997209
23,-1.21636239164823
23.01,-1.21635278733861
23.02,-1.21634324218047
23.03,-1.21633376052359
23.04,-1.21632432902525
23.05,-1.21631494684499
23.06,-1.21630562519954
23.07,-1.2162963590733
23.08,-1.21628715544317
23.09,-1.21627826776641
23.1,-1.21627056611195
23.11,-1.21626444068591
23.12,-1.21626000178327
23.13,-1.21625728009798
23.14,-1.2162562883256
23.15,-1.21625703922666
23.16,-1.21625951960233
23.17,-1.21626371917775
23.18,-1.21626963078213
23.19,-1.216276977421
23.2,-1.2162848631118
23.21,-1.21629288736564
23.22,-1.21630093618637
23.23,-1.21630897691899
23.24,-1.21631700047508
23.25,-1.21632500447874
23.26,-1.21633298873875
23.27,-1.21634095282453
23.28,-1.21634889705276
23.29,-1.21635682107374
23.3,-1.2163647251609
23.31,-1.21637260912306
23.32,-1.21638047286152
23.33,-1.21638831649483
23.34,-1.21639614009681
23.35,-1.2164039439426
23.36,-1.21641172809658
23.37,-1.21641949233798
23.38,-1.21642723708514
23.39,-1.21643496177039
23.4,-1.21644266662011
23.41,-1.21645035202465
23.42,-1.21645801880082
23.43,-1.21646566653192
23.44,-1.21647329493054
23.45,-1.21648090376225
23.46,-1.21648849356212
23.47,-1.21649606433903
23.48,-1.21650361642823
23.49,-1.21651114946355
23.5,-1.21651866346809
23.51,-1.21652615862554
23.52,-1.21653363494583
23.53,-1.21654109245348
23.54,-1.2165485311175
23.55,-1.21655595112503
23.56,-1.21656335311332
23.57,-1.21657073680236
23.58,-1.2165781021128
23.59,-1.21658544890317
23.6,-1.21659277745611
23.61,-1.2166000880751
23.62,-1.21660738100843
23.63,-1.21661465568497
23.64,-1.2166219119935
23.65,-1.21662914978837
23.66,-1.21663636925038
23.67,-1.21664357058183
23.68,-1.2166507539454
23.69,-1.21665791979502
23.7,-1.21666506828494
23.71,-1.21667219916476
23.72,-1.21667931184027
23.73,-1.21668640718894
23.74,-1.21669348538343
23.75,-1.21670054678308
23.76,-1.21670759070067
23.77,-1.21671461709647
23.78,-1.21672162638509
23.79,-1.21672861846406
23.8,-1.21673559350547
23.81,-1.21674255158252
23.82,-1.2167494924348
23.83,-1.21675641609353
23.84,-1.21676332316894
23.85,-1.21677021318079
23.86,-1.21677708625642
23.87,-1.2167839424471
23.88,-1.21679078182093
23.89,-1.21679760457333
23.9,-1.21680441072469
23.91,-1.21681120004715
23.92,-1.21681797300237
23.93,-1.21682472973411
23.94,-1.2168314699662
23.95,-1.21683819390671
23.96,-1.21684490173382
23.97,-1.21685159352228
23.98,-1.21685826923417
23.99,-1.21686492859948
24,-1.21701203665081
24.01,-1.21701866391415
24.02,-1.21702527529017
24.03,-1.21703187034825
24.04,-1.21703844993197
24.05,-1.21704501619697
24.06,-1.21705156855295
24.07,-1.21705810598932
24.08,-1.21706462743565
24.09,-1.21707113264434
24.1,-1.21707762202906
24.11,-1.21708409615126
24.12,-1.21709055520448
24.13,-1.2170969990842
24.14,-1.21710342726763
24.15,-1.21710984030569
24.16,-1.21711623790966
24.17,-1.21712262021876
24.18,-1.21712898759515
24.19,-1.21713533966625
24.2,-1.21714167713745
24.21,-1.21714799912429
24.22,-1.21715430653714
24.23,-1.21716059976324
24.24,-1.21716687822926
24.25,-1.2171731418001
24.26,-1.2171793903843
24.27,-1.21718562463985
24.28,-1.21719184487539
24.29,-1.21719805114058
24.3,-1.21720424343944
24.31,-1.21721042099541
24.32,-1.2172165829558
24.33,-1.21722272975774
24.34,-1.21722886137871
24.35,-1.2172349791817
24.36,-1.21724108372062
24.37,-1.21724717565385
24.38,-1.21725325396932
24.39,-1.21725931888475
24.4,-1.21726536462517
24.41,-1.21727137971727
24.42,-1.21727737328204
24.43,-1.21728334490785
24.44,-1.21728928496257
24.45,-1.2172952032873
24.46,-1.21730110528593
24.47,-1.21730698749754
24.48,-1.21731283872844
24.49,-1.21731866924131
24.5,-1.21732448916515
24.51,-1.2173303116492
24.52,-1.21733612822969
24.53,-1.21734193295744
24.54,-1.21734772951987
24.55,-1.21735352924461
24.56,-1.21735932301315
24.57,-1.21736511060451
24.58,-1.21737090222018
24.59,-1.21737668826652
24.6,-1.21738246314867
24.61,-1.21738822512758
24.62,-1.21739397417242
24.63,-1.21739970997803
24.64,-1.21740543330383
24.65,-1.21741114410999
24.66,-1.21741684157391
24.67,-1.21742252609216
24.68,-1.21742819972064
24.69,-1.21743385185974
24.7,-1.2174394488572
24.71,-1.21744498125227
24.72,-1.21745045604572
24.73,-1.21745586286761
24.74,-1.21746119596551
24.75,-1.21746645432046
24.76,-1.21747164268032
24.77,-1.21747677273028
24.78,-1.21748183552228
24.79,-1.21748684563816
24.8,-1.21749186698567
24.81,-1.21749692407819
24.82,-1.21750201302997
24.83,-1.21750714472523
24.84,-1.21751232555891
24.85,-1.21751755659858
24.86,-1.21752283368854
24.87,-1.21752814534199
24.88,-1.21753350005663
24.89,-1.21753889291352
24.9,-1.21754429318975
24.91,-1.21754968692679
24.92,-1.21755507028431
24.93,-1.21756044203028
24.94,-1.21756580111164
24.95,-1.21757114738392
24.96,-1.21757648171738
24.97,-1.21758180391584
24.98,-1.2175871148835
24.99,-1.21759241486774
25,-1.2174778982715
25.01,-1.21748317477072
25.02,-1.21748843966099
25.03,-1.21749369219799
25.04,-1.21749893256908
25.05,-1.21750416137433
25.06,-1.21750937874933
25.07,-1.21751458470759
25.08,-1.21751977888871
25.09,-1.21752494711262
25.1,-1.21753004155414
25.11,-1.21753504525842
25.12,-1.21753996403578
25.13,-1.21754478835925
25.14,-1.21754951287726
25.15,-1.21755413523313
25.16,-1.21755866016845
25.17,-1.21756309888099
25.18,-1.21756744284717
25.19,-1.21757167829033
25.2,-1.21757577694062
25.21,-1.21757973541832
25.22,-1.21758354117071
25.23,-1.21758718859517
25.24,-1.21759068116035
25.25,-1.21759402940487
25.26,-1.2175972253204
25.27,-1.21760026903291
25.28,-1.21760317007736
25.29,-1.21760596775837
25.3,-1.21760881058955
25.31,-1.2176117566143
25.32,-1.21761483388109
25.33,-1.217618048554
25.34,-1.21762139223691
25.35,-1.21762487307576
25.36,-1.21762849621469
25.37,-1.21763225787803
25.38,-1.21763614734249
25.39,-1.21764015403075
25.4,-1.21764422443453
25.41,-1.21764834270451
25.42,-1.21765249732727
25.43,-1.21765669199845
25.44,-1.2176609157166
25.45,-1.21766516747387
25.46,-1.21766945638134
25.47,-1.21767377817632
25.48,-1.21767813846152
25.49,-1.21768252720029
25.5,-1.2176869434619
25.51,-1.2176913965091
25.52,-1.21769588187065
25.53,-1.21770040522147
25.54,-1.21770495665334
25.55,-1.21770953505833
25.56,-1.21771414962854
25.57,-1.21771879610673
25.58,-1.21772348010249
25.59,-1.21772818646431
25.6,-1.21773289435614
25.61,-1.217737595313
25.62,-1.21774228703938
25.63,-1.2177469689983
25.64,-1.21775164089248
25.65,-1.21775630280646
25.66,-1.21776095445542
25.67,-1.21776559580623
25.68,-1.21777022643712
25.69,-1.21777484697001
25.7,-1.21777945843242
25.71,-1.21778406057137
25.72,-1.21778865316977
25.73,-1.21779323587398
25.74,-1.21779780867627
25.75,-1.21780237139872
25.76,-1.21780692401008
25.77,-1.21781146692377
25.78,-1.21781600001183
25.79,-1.2178205233868
25.8,-1.21782503708775
25.81,-1.2178295410172
25.82,-1.21783403524714
25.83,-1.21783851955399
25.84,-1.21784299389671
25.85,-1.21784745853089
25.86,-1.21785191372859
25.87,-1.21785635946204
25.88,-1.21786079545306
25.89,-1.21786522188734
25.9,-1.21786963880073
25.91,-1.21787404631514
25.92,-1.21787844462974
25.93,-1.21788283390665
25.94,-1.21788721397832
25.95,-1.21789158422124
25.96,-1.21789594483973
25.97,-1.21790029597526
25.98,-1.21790463788527
25.99,-1.21790895701189
26,-1.21783422282042
26.01,-1.21783839051894
26.02,-1.21784247945881
26.03,-1.2178464802773
26.04,-1.21785038813882
26.05,-1.21785420176157
26.06,-1.21785792544902
26.07,-1.21786156960605
26.08,-1.21786512609512
26.09,-1.21786861774259
26.1,-1.21787212859833
26.11,-1.21787568801713
26.12,-1.21787931555864
26.13,-1.21788301429801
26.14,-1.21788677588682
26.15,-1.21789060883155
26.16,-1.21789451795368
26.17,-1.21789850037174
26.18,-1.21790254563876
26.19,-1.2179066440674
26.2,-1.21791074051559
26.21,-1.21791481424972
26.22,-1.21791886845447
26.23,-1.21792289298556
26.24,-1.21792688269758
26.25,-1.21793083625586
26.26,-1.21793475775294
26.27,-1.21793865752273
26.28,-1.21794252721706
26.29,-1.21794635334525
26.3,-1.21795010065602
26.31,-1.21795374532601
26.32,-1.21795729215726
26.33,-1.21796074089254
26.34,-1.21796408237987
26.35,-1.21796732521707
26.36,-1.21797047441545
26.37,-1.21797352699958
26.38,-1.2179764734207
26.39,-1.21797927316207
26.4,-1.21798176561428
26.41,-1.21798387041534
26.42,-1.2179855719377
26.43,-1.21798685987351
26.44,-1.21798774269747
26.45,-1.21798822126434
26.46,-1.21798828732978
26.47,-1.21798794547017
26.48,-1.21798719069269
26.49,-1.21798609075434
26.5,-1.21798484620293
26.51,-1.21798355421973
26.52,-1.21798223137607
26.53,-1.2179808800195
26.54,-1.21797950527208
26.55,-1.2179781175229
26.56,-1.21797670874592
26.57,-1.21797527881849
26.58,-1.21797383670093
26.59,-1.21797237830059
26.6,-1.21797091346603
26.61,-1.21796944739794
26.62,-1.21796798148308
26.63,-1.21796651607087
26.64,-1.21796505144963
26.65,-1.21796358771159
26.66,-1.21796212476566
26.67,-1.2179606626585
26.68,-1.21795920145493
26.69,-1.21795774096107
26.7,-1.21795627689
26.71,-1.2179547989931
26.72,-1.21795331100805
26.73,-1.21795180281809
26.74,-1.21795027368799
26.75,-1.21794873689755
26.76,-1.21794719405443
26.77,-1.21794563220383
26.78,-1.21794404973964
26.79,-1.21794245977875
26.8,-1.21794086839255
26.81,-1.21793928171312
26.82,-1.21793771053187
26.83,-1.21793614681549
26.84,-1.21793458590622
26.85,-1.21793302640818
26.86,-1.21793147238508
26.87,-1.21792993413267
26.88,-1.21792840340709
26.89,-1.21792686658613
26.9,-1.21792529721372
26.91,-1.21792369208173
26.92,-1.21792203913464
26.93,-1.21792033260564
26.94,-1.21791857539125
26.95,-1.21791677723975
26.96,-1.21791493004514
26.97,-1.21791303337391
26.98,-1.21791109626705
26.99,-1.21790908797729
27,-1.21786660449207
27.01,-1.21786424254556
27.02,-1.2178616751611
27.03,-1.2178588940882
27.04,-1.21785590800472
27.05,-1.21785271749088
27.06,-1.21784931365127
27.07,-1.21784570043484
27.08,-1.21784187236092
27.09,-1.21783789739046
27.1,-1.21783396904753
27.11,-1.21783016485941
27.12,-1.21782651814826
27.13,-1.21782303610834
27.14,-1.21781971191819
27.15,-1.21781655472814
27.16,-1.21781356959834
27.17,-1.21781075336251
27.18,-1.2178080960389
27.19,-1.21780559690173
27.2,-1.21780323536872
27.21,-1.2178010099432
27.22,-1.21779890892304
27.23,-1.21779692653766
27.24,-1.21779506540112
27.25,-1.21779333552536
27.26,-1.21779172842706
27.27,-1.2177902438045
27.28,-1.21778889047647
27.29,-1.21778768696818
27.3,-1.21778671765751
27.31,-1.21778601636246
27.32,-1.21778558336953
27.33,-1.21778542978131
27.34,-1.21778556085508
27.35,-1.21778597768509
27.36,-1.21778667590572
27.37,-1.21778764485267
27.38,-1.21778889212873
27.39,-1.21779038576488
27.4,-1.21779200316732
27.41,-1.21779368091254
27.42,-1.2177954120441
27.43,-1.21779719247412
27.44,-1.21779901178683
27.45,-1.21780087804667
27.46,-1.21780279591012
27.47,-1.21780476220588
27.48,-1.21780676691793
27.49,-1.21780881372289
27.5,-1.21781088791327
27.51,-1.21781297396223
27.52,-1.21781507843295
27.53,-1.21781720542225
27.54,-1.21781935163865
27.55,-1.21782150722979
27.56,-1.21782368037086
27.57,-1.21782587134965
27.58,-1.21782807116089
27.59,-1.21783030625472
27.6,-1.2178326449906
27.61,-1.21783512963798
27.62,-1.21783777006215
27.63,-1.21784055533584
27.64,-1.21784348388478
27.65,-1.21784656848212
27.66,-1.21784981000071
27.67,-1.21785319960736
27.68,-1.21785674120608
27.69,-1.21786040666451
27.7,-1.21786413185687
27.71,-1.21786788867514
27.72,-1.21787166901582
27.73,-1.21787547069567
27.74,-1.21787929314809
27.75,-1.21788313596722
27.76,-1.21788699899371
27.77,-1.21789088202967
27.78,-1.2178947851618
27.79,-1.21789869070138
27.8,-1.21790254034269
27.81,-1.21790630816424
27.82,-1.21790998692196
27.83,-1.21791357483694
27.84,-1.21791707161826
27.85,-1.21792047727505
27.86,-1.21792379209564
27.87,-1.21792701638295
27.88,-1.21793015019625
27.89,-1.2179331981806
27.9,-1.21793617501049
27.91,-1.21793909207346
27.92,-1.21794196106953
27.93,-1.21794477473121
27.94,-1.21794752934412
27.95,-1.21795022389527
27.96,-1.21795286229814
27.97,-1.21795545450567
27.98,-1.217957992076
27.99,-1.21796041355162
28,-1.21799319440961
28.01,-1.21799490093395
28.02,-1.2179961758239
28.03,-1.21799702130261
28.04,-1.21799743205177
28.05,-1.21799741347423
28.06,-1.21799696096832
28.07,-1.21799608454404
28.08,-1.21799478526285
28.09,-1.21799306772876
28.1,-1.2179909881674
28.11,-1.21798858106059
28.12,-1.21798584953511
28.13,-1.21798280118035
28.14,-1.21797942718506
28.15,-1.2179757267467
28.16,-1.21797170894004
28.17,-1.21796736922377
28.18,-1.21796271250624
28.19,-1.21795776896855
28.2,-1.21795265961674
28.21,-1.21794743065605
28.22,-1.21794210209474
28.23,-1.21793667295389
28.24,-1.21793115394545
28.25,-1.21792554562334
28.26,-1.21791983983985
28.27,-1.2179140400945
28.28,-1.21790814114162
28.29,-1.21790216528116
28.3,-1.21789616596784
28.31,-1.21789017463694
28.32,-1.21788418900326
28.33,-1.21787820586096
28.34,-1.21787222919482
28.35,-1.21786626878029
28.36,-1.21786031674927
28.37,-1.21785437269075
28.38,-1.21784844535983
28.39,-1.21784253998042
28.4,-1.21783669140418
28.41,-1.21783090752839
28.42,-1.21782520236148
28.43,-1.21781957735273
28.44,-1.21781402445623
28.45,-1.21780855206369
28.46,-1.21780316550069
28.47,-1.21779786155035
28.48,-1.21779263020517
28.49,-1.21778747112158
28.5,-1.21778235911218
28.51,-1.2177772779928
28.52,-1.21777221412958
28.53,-1.21776717500329
28.54,-1.21776216474258
28.55,-1.21775718470615
28.56,-1.21775223091579
28.57,-1.21774729310471
28.58,-1.2177423798422
28.59,-1.21773744549522
28.6,-1.21773232757301
28.61,-1.217726957474
28.62,-1.21772132457588
28.63,-1.21771541386626
28.64,-1.21770921862621
28.65,-1.21770273700823
28.66,-1.2176959726513
28.67,-1.21768893490262
28.68,-1.2176816153155
28.69,-1.21767405414995
28.7,-1.21766639588869
28.71,-1.21765869690016
28.72,-1.21765098461229
28.73,-1.21764326418167
28.74,-1.2176355288343
28.75,-1.21762778741138
28.76,-1.21762004501052
28.77,-1.21761229854284
28.78,-1.21760453770635
28.79,-1.21759678029449
28.8,-1.21758906649496
28.81,-1.21758142178091
28.82,-1.21757384676295
28.83,-1.21756634855902
28.84,-1.21755891771772
28.85,-1.21755155446015
28.86,-1.21754426748552
28.87,-1.21753705279621
28.88,-1.21752991609123
28.89,-1.21752282912348
28.9,-1.21751572539694
28.91,-1.21750858074541
28.92,-1.21750139707186
28.93,-1.21749416378959
28.94,-1.21748687446643
28.95,-1.21747952856071
28.96,-1.21747212917322
28.97,-1.21746468747521
28.98,-1.21745719573266
28.99,-1.21744964743244
29,-1.21740805130837
29.01,-1.21740036695364
29.02,-1.21739261181148
29.03,-1.21738478137209
29.04,-1.217376884735
29.05,-1.21736892285182
29.06,-1.21736088588357
29.07,-1.21735277859802
29.08,-1.21734459492352
29.09,-1.21733635442464
29.1,-1.21732809314238
29.11,-1.21731982682827
29.12,-1.21731156038124
29.13,-1.21730329528122
29.14,-1.21729503638779
29.15,-1.21728679471213
29.16,-1.21727856143413
29.17,-1.21727033153777
29.18,-1.21726210467396
29.19,-1.21725388852032
29.2,-1.21724572006116
29.21,-1.21723762524926
29.22,-1.21722959837192
29.23,-1.21722163610654
29.24,-1.21721374237507
29.25,-1.21720592753701
29.26,-1.21719818330567
29.27,-1.2171905093134
29.28,-1.21718291530581
29.29,-1.21717536818494
29.3,-1.2171677882496
29.31,-1.21716014880602
29.32,-1.21715243095019
29.33,-1.21714462618948
29.34,-1.21713673657113
29.35,-1.21712877261927
29.36,-1.21712072521689
29.37,-1.21711259399985
29.38,-1.21710438836861
29.39,-1.21709610944631
29.4,-1.21708778321869
29.41,-1.21707941776334
29.42,-1.21707100585073
29.43,-1.21706255763183
29.44,-1.21705407882031
29.45,-1.21704556953993
29.46,-1.21703702510624
29.47,-1.21702843462316
29.48,-1.21701980793559
29.49,-1.21701115554419
29.5,-1.217002499861
29.51,-1.21699385931175
29.52,-1.21698523190395
29.53,-1.21697662500825
29.54,-1.21696802790469
29.55,-1.21695944040524
29.56,-1.21695087133145
29.57,-1.21694231723584
29.58,-1.21693378468409
29.59,-1.21692523761254
29.6,-1.21691659311834
29.61,-1.21690782415748
29.62,-1.21689891142876
29.63,-1.21688984507586
29.64,-1.2168806279761
29.65,-1.21687127051856
29.66,-1.21686176394406
29.67,-1.21685210560377
29.68,-1.2168423078475
29.69,-1.21683233618301
29.7,-1.21682210091036
29.71,-1.21681156104641
29.72,-1.2168007048971
29.73,-1.21678952968344
29.74,-1.21677803396884
29.75,-1.21676621646187
29.76,-1.21675407666342
29.77,-1.21674161352546
29.78,-1.21672882695355
29.79,-1.21671576123311
29.8,-1.21670256669916
29.81,-1.21668931061506
29.82,-1.21667601206784
29.83,-1.21666267764557
29.84,-1.21664930789607
29.85,-1.21663590413123
29.86,-1.21662246539882
29.87,-1.21660899250771
29.88,-1.21659548458127
29.89,-1.2165819784871
29.9,-1.21656858786766
29.91,-1.21655535553063
29.92,-1.21654230668521
29.93,-1.21652944567813
29.94,-1.21651676493793
29.95,-1.21650427431807
29.96,-1.21649198038941
29.97,-1.21647988009581
29.98,-1.21646796277871
29.99,-1.21645621210222
30,-1.21651391574174
30.01,-1.21650229599806
30.02,-1.2164906978134
30.03,-1.21647912855288
30.04,-1.21646759231647
30.05,-1.21645609091858
30.06,-1.21644461964778
30.07,-1.21643316666663
30.08,-1.21642174082174
30.09,-1.21641034942432
30.1,-1.21639899858587
30.11,-1.21638770050792
30.12,-1.21637644636468
30.13,-1.21636523094588
30.14,-1.21635405800683
30.15,-1.21634293913692
30.16,-1.21633186521307
30.17,-1.21632083536333
30.18,-1.21630986067048
30.19,-1.21629894645702
30.2,-1.21628814631833
30.21,-1.2162774944021
30.22,-1.21626699293205
30.23,-1.21625665079293
30.24,-1.21624645758335
30.25,-1.21623641295578
30.26,-1.21622652691922
30.27,-1.21621679568653
30.28,-1.21620722530596
30.29,-1.21619780513149
30.3,-1.21618852353016
30.31,-1.21617936651381
30.32,-1.2161703440903
30.33,-1.21616145620927
30.34,-1.21615269204958
30.35,-1.21614406235801
30.36,-1.21613557272275
30.37,-1.21612721979374
30.38,-1.21611899165428
30.39,-1.21611088214573
30.4,-1.21610283781207
30.41,-1.21609482378417
30.42,-1.21608683823804
30.43,-1.21607887273668
30.44,-1.21607093808946
30.45,-1.21606303498596
30.46,-1.21605515267359
30.47,-1.21604729635446
30.48,-1.21603945924749
30.49,-1.21603163114392
30.5,-1.21602374085571
30.51,-1.21601574436516
30.52,-1.21600764352918
30.53,-1.21599943602788
30.54,-1.21599111011951
30.55,-1.21598267590065
30.56,-1.21597413915118
30.57,-1.21596549584516
30.58,-1.215956734221
30.59,-1.21594784178193
30.6,-1.21593875152417
30.61,-1.21592943237747
30.62,-1.21591987560285
30.63,-1.21591007808041
30.64,-1.21590003893811
30.65,-1.21588975751135
30.66,-1.21587923377003
30.67,-1.21586846713113
30.68,-1.21585745710791
30.69,-1.21584627624453
30.7,-1.21583515704193
30.71,-1.21582419441028
30.72,-1.21581342924011
30.73,-1.21580287058952
30.74,-1.21579251018059
30.75,-1.21578235985914
30.76,-1.21577242578934
30.77,-1.21576270470766
30.78,-1.21575318449987
30.79,-1.21574384777332
30.8,-1.21573460762341
30.81,-1.21572541842412
30.82,-1.21571625636215
30.83,-1.21570712849102
30.84,-1.21569803994655
30.85,-1.21568899223506
30.86,-1.21567998034609
30.87,-1.21567099116578
30.88,-1.21566203542209
30.89,-1.21565318676042
30.9,-1.21564467095177
30.91,-1.21563658924663
30.92,-1.2156289706769
30.93,-1.21562182345256
30.94,-1.21561515038132
30.95,-1.21560895151419
30.96,-1.21560322762739
30.97,-1.2155979781804
30.98,-1.21559320327223
30.99,-1.21558901077034
31,-1.21571786711604
31.01,-1.21571573415664
31.02,-1.2157147504307
31.03,-1.21571492102685
31.04,-1.21571625123267
31.05,-1.2157187520355
31.06,-1.21572241045257
31.07,-1.21572722263217
31.08,-1.21573319605976
31.09,-1.21574014589666
31.1,-1.21574750289307
31.11,-1.21575501913162
31.12,-1.21576263535829
31.13,-1.21577032060679
31.14,-1.21577806280474
31.15,-1.21578585867647
31.16,-1.21579371250791
31.17,-1.21580163657169
31.18,-1.21580961992338
31.19,-1.2158176458063
31.2,-1.21582567503907
31.21,-1.21583369005535
31.22,-1.21584168710329
31.23,-1.21584966421297
31.24,-1.21585762125395
31.25,-1.21586555807778
31.26,-1.2158734750374
31.27,-1.21588137162023
31.28,-1.21588924802414
31.29,-1.21589710455837
31.3,-1.21590494115787
31.31,-1.21591275795543
31.32,-1.21592055477738
31.33,-1.21592833178197
31.34,-1.2159360890777
31.35,-1.21594382650704
31.36,-1.21595154418388
31.37,-1.21595924169837
31.38,-1.21596691965917
31.39,-1.21597457878513
31.4,-1.21598221910897
31.41,-1.21598984014555
31.42,-1.21599744231431
31.43,-1.21600502531937
31.44,-1.21601258947171
31.45,-1.21602013463802
31.46,-1.21602766065974
31.47,-1.21603516808415
31.48,-1.21604265651922
31.49,-1.21605012609918
31.5,-1.21605757685047
31.51,-1.21606500882838
31.52,-1.21607242229701
31.53,-1.21607981763644
31.54,-1.2160871947967
31.55,-1.21609455382275
31.56,-1.21610189438569
31.57,-1.21610921662803
31.58,-1.21611652034831
31.59,-1.21612380571785
31.6,-1.2161310729449
31.61,-1.21613832202937
31.62,-1.21614555329101
31.63,-1.21615276687699
31.64,-1.21615996249738
31.65,-1.21616714034881
31.66,-1.21617430029071
31.67,-1.21618144251766
31.68,-1.21618856722942
31.69,-1.2161956745873
31.7,-1.21620276432055
31.71,-1.2162098364709
31.72,-1.21621689098679
31.73,-1.21622392825458
31.74,-1.21623094842264
31.75,-1.21623795131661
31.76,-1.21624493724851
31.77,-1.21625190585471
31.78,-1.21625885743596
31.79,-1.21626577614875
31.8,-1.2162726094751
31.81,-1.2162793337426
31.82,-1.21628594234994
31.83,-1.21629242829844
31.84,-1.21629877955226
31.85,-1.21630500650825
31.86,-1.21631111519007
31.87,-1.21631710749492
31.88,-1.21632298406394
31.89,-1.21632871905551
31.9,-1.21633422578493
31.91,-1.21633946591215
31.92,-1.21634442895952
31.93,-1.21634911817253
31.94,-1.21635354545991
31.95,-1.21635770187408
31.96,-1.21636158225423
31.97,-1.216365186023
31.98,-1.21636851335004
31.99,-1.21637160706733
32,-1.21640340414141
32.01,-1.21640634513417
32.02,-1.21640924746456
32.03,-1.21641213165895
32.04,-1.2164150011971
32.05,-1.21641784592948
32.06,-1.21642067159314
32.07,-1.21642347167778
32.08,-1.21642625251763
32.09,-1.21642900315695
32.1,-1.21643171153169
32.11,-1.21643435810023
32.12,-1.21643693902107
32.13,-1.21643947024514
32.14,-1.21644195459973
32.15,-1.21644438218397
32.16,-1.216446758302
32.17,-1.21644907136517
32.18,-1.21645132011955
32.19,-1.21645347306312
32.2,-1.21645538220395
32.21,-1.21645698037372
32.22,-1.21645824916073
32.23,-1.21645917900592
32.24,-1.21645975684308
32.25,-1.21645999218188
32.26,-1.21645989083585
32.27,-1.21645945504299
32.28,-1.21645868587468
32.29,-1.21645769345844
32.3,-1.21645683993698
32.31,-1.21645628201642
32.32,-1.21645605378195
32.33,-1.21645617783418
32.34,-1.21645666333639
32.35,-1.21645751243115
32.36,-1.21645871996112
32.37,-1.21646027295511
32.38,-1.21646218003766
32.39,-1.21646438842092
32.4,-1.21646670939276
32.41,-1.2164690582109
32.42,-1.21647141153556
32.43,-1.21647376793482
32.44,-1.21647613719697
32.45,-1.21647850863945
32.46,-1.2164808765852
32.47,-1.21648324014995
32.48,-1.21648559884379
32.49,-1.21648795244754
32.5,-1.21649030054524
32.51,-1.21649264342666
32.52,-1.21649498059433
32.53,-1.21649731246129
32.54,-1.21649964013557
32.55,-1.21650196390751
32.56,-1.21650428379993
32.57,-1.21650659904419
32.58,-1.21650890915405
32.59,-1.21651121389126
32.6,-1.21651351301309
32.61,-1.21651580639063
32.62,-1.21651809381865
32.63,-1.21652037551878
32.64,-1.21652265223666
32.65,-1.21652492444346
32.66,-1.21652719223507
32.67,-1.21652945543763
32.68,-1.21653171378856
32.69,-1.21653397743728
32.7,-1.21653628029059
32.71,-1.21653863221309
32.72,-1.2165410256862
32.73,-1.2165434715187
32.74,-1.21654597530952
32.75,-1.21654853841481
32.76,-1.21655115569483
32.77,-1.21655381560594
32.78,-1.21655652821248
32.79,-1.21655929880661
32.8,-1.2165621231653
32.81,-1.21656498891354
32.82,-1.21656790015963
32.83,-1.21657084606072
32.84,-1.21657382660767
32.85,-1.21657685193791
32.86,-1.21657991657773
32.87,-1.21658303095406
32.88,-1.21658619597103
32.89,-1.21658939691141
32.9,-1.21659263171105
32.91,-1.21659590994422
32.92,-1.2165992264062
32.93,-1.21660258774176
32.94,-1.2166059827401
32.95,-1.21660941020668
32.96,-1.21661288003872
32.97,-1.21661638756072
32.98,-1.21661993947146
32.99,-1.21662350939942
33,-1.21656759443983
33.01,-1.21657108418246
33.02,-1.2165745109769
33.03,-1.21657786786425
33.04,-1.21658115887032
33.05,-1.21658439524629
33.06,-1.21658756728075
33.07,-1.21659067481287
33.08,-1.21659372871408
33.09,-1.21659672945682
33.1,-1.21659970488868
33.11,-1.21660267351687
33.12,-1.2166056508504
33.13,-1.21660862848389
33.14,-1.21661160171953
33.15,-1.21661456945079
33.16,-1.21661753627474
33.17,-1.21662051338229
33.18,-1.21662349126429
33.19,-1.21662646941548
33.2,-1.21662946312878
33.21,-1.21663247958274
33.22,-1.21663552095655
33.23,-1.2166385829591
33.24,-1.21664165419711
33.25,-1.21664474349257
33.26,-1.21664785620539
33.27,-1.21665099396631
33.28,-1.21665415701555
33.29,-1.21665734035971
33.3,-1.21666053233993
33.31,-1.21666373721748
33.32,-1.21666694876608
33.33,-1.21667017250527
33.34,-1.21667339761859
33.35,-1.21667662339261
33.36,-1.21667985978612
33.37,-1.2166831019467
33.38,-1.21668635552341
33.39,-1.2166895451935
33.4,-1.21669245588753
33.41,-1.21669500140825
33.42,-1.21669714517312
33.43,-1.21669887511541
33.44,-1.21670019428323
33.45,-1.21670111508536
33.46,-1.21670162837096
33.47,-1.21670173340561
33.48,-1.21670143969996
33.49,-1.21670074410085
33.5,-1.21669965324343
33.51,-1.21669816172024
33.52,-1.21669627525711
33.53,-1.21669398890457
33.54,-1.21669131337878
33.55,-1.21668825105897
33.56,-1.21668479165019
33.57,-1.2166809390871
33.58,-1.21667668822019
33.59,-1.21667206819738
33.6,-1.21666715173725
33.61,-1.21666196977954
33.62,-1.21665653303448
33.63,-1.21665084284192
33.64,-1.21664490445752
33.65,-1.21663872954802
33.66,-1.21663230910933
33.67,-1.21662563825052
33.68,-1.21661871462441
33.69,-1.21661155751038
33.7,-1.21660423313946
33.71,-1.2165967718319
33.72,-1.2165891813752
33.73,-1.21658145917935
33.74,-1.21657359466507
33.75,-1.21656559651621
33.76,-1.21655747047611
33.77,-1.2165492176913
33.78,-1.21654083910515
33.79,-1.21653238485887
33.8,-1.21652402217952
33.81,-1.21651583172423
33.82,-1.21650784719809
33.83,-1.2165000659724
33.84,-1.21649248454479
33.85,-1.21648510184216
33.86,-1.21647792392317
33.87,-1.21647096240129
33.88,-1.21646420917927
33.89,-1.21645763745962
33.9,-1.21645117713978
33.91,-1.21644480258119
33.92,-1.21643851677569
33.93,-1.21643230952534
33.94,-1.21642617397175
33.95,-1.21642010780833
33.96,-1.21641411575977
33.97,-1.21640820996537
33.98,-1.21640238118126
33.99,-1.21639660320899
34,-1.21630263594362
34.01,-1.21629681191823
34.02,-1.21629094218898
34.03,-1.21628503057295
34.04,-1.21627906557471
34.05,-1.21627304605182
34.06,-1.2162669819443
34.07,-1.21626086844876
34.08,-1.21625471202119
34.09,-1.21624849637229
34.1,-1.21624219851936
34.11,-1.21623580988455
34.12,-1.21622932726902
34.13,-1.2162227490863
34.14,-1.21621607586454
34.15,-1.21620930729275
34.16,-1.21620244288344
34.17,-1.21619548260721
34.18,-1.21618842642168
34.19,-1.21618130087396
34.2,-1.21617418670195
34.21,-1.21616711044952
34.22,-1.21616009281644
34.23,-1.21615313686448
34.24,-1.2161462334053
34.25,-1.21613939286503
34.26,-1.21613262094893
34.27,-1.21612591383275
34.28,-1.21611926009527
34.29,-1.21611265378109
34.3,-1.21610605343105
34.31,-1.21609945005905
34.32,-1.21609283262191
34.33,-1.21608620637044
34.34,-1.2160795594103
34.35,-1.21607289069317
34.36,-1.21606621001951
34.37,-1.21605951339807
34.38,-1.21605280713015
34.39,-1.21604606405737
34.4,-1.21603923121835
34.41,-1.21603229514022
34.42,-1.21602523911026
34.43,-1.21601805523024
34.44,-1.2160107470237
34.45,-1.21600332595361
34.46,-1.2159957814596
34.47,-1.21598811382026
34.48,-1.21598033299985
34.49,-1.21597242864698
34.5,-1.21596439533347
34.51,-1.21595623164126
34.52,-1.21594793699854
34.53,-1.21593951558346
34.54,-1.21593097975353
34.55,-1.21592232006221
34.56,-1.21591353061397
34.57,-1.21590460920087
34.58,-1.2158955556737
34.59,-1.21588641266133
34.6,-1.21587731687928
34.61,-1.21586831920276
34.62,-1.21585944219614
34.63,-1.21585068451888
34.64,-1.21584205928565
34.65,-1.21583356781327
34.66,-1.21582519927132
34.67,-1.21581695948345
34.68,-1.21580884192422
34.69,-1.21580085223801
34.7,-1.21579297397882
34.71,-1.21578518842622
34.72,-1.21577749829892
34.73,-1.21576989660683
34.74,-1.21576239460188
34.75,-1.21575499298061
34.76,-1.2157476813549
34.77,-1.21574046467524
34.78,-1.21573333614869
34.79,-1.21572630736358
34.8,-1.21571937941711
34.81,-1.21571254177962
34.82,-1.21570579911775
34.83,-1.21569914484549
34.84,-1.21569259086092
34.85,-1.21568613787314
34.86,-1.21567977528074
34.87,-1.2156735079523
34.88,-1.2156673295504
34.89,-1.21566124061322
34.9,-1.215655211223
34.91,-1.21564922700776
34.92,-1.21564328346463
34.93,-1.21563737996153
34.94,-1.21563152141656
34.95,-1.21562572025112
34.96,-1.21561996644417
34.97,-1.21561425439658
34.98,-1.21560858266852
34.99,-1.21560298914997
35,-1.21564836289787
35.01,-1.21564323083013
35.02,-1.2156383589679
35.03,-1.21563376181553
35.04,-1.21562944621295
35.05,-1.21562541418567
35.06,-1.21562166050782
35.07,-1.2156181725085
35.08,-1.21561496019631
35.09,-1.215612029204
35.1,-1.21560937543428
35.11,-1.21560698639199
35.12,-1.21560487200203
35.13,-1.2156030321263
35.14,-1.21560145527897
35.15,-1.21560015197238
35.16,-1.21559912793002
35.17,-1.21559837873869
35.18,-1.21559789209063
35.19,-1.21559765545525
35.2,-1.21559759597438
35.21,-1.21559766994634
35.22,-1.21559787825198
35.23,-1.21559822365991
35.24,-1.21559870143464
35.25,-1.21559929923568
35.26,-1.21560002703776
35.27,-1.21560088456453
35.28,-1.21560186059344
35.29,-1.21560296007003
35.3,-1.21560417058453
35.31,-1.21560547973601
35.32,-1.21560687283306
35.33,-1.21560835942828
35.34,-1.2156099450806
35.35,-1.21561163095273
35.36,-1.21561341169396
35.37,-1.21561527458752
35.38,-1.21561722970185
35.39,-1.21561925523213
35.4,-1.21562125645191
35.41,-1.21562318064716
35.42,-1.21562502110841
35.43,-1.21562676809948
35.44,-1.21562843244086
35.45,-1.21563001477077
35.46,-1.21563150451916
35.47,-1.21563290686498
35.48,-1.21563421519625
35.49,-1.21563539183248
35.5,-1.21563628058604
35.51,-1.21563680550133
35.52,-1.21563693467361
35.53,-1.21563667304199
35.54,-1.21563602537513
35.55,-1.21563499314381
35.56,-1.21563357151686
35.57,-1.21563174864262
35.58,-1.21562953515517
35.59,-1.21562696455835
35.6,-1.2156241293725
35.61,-1.21562107626024
35.62,-1.21561782966233
35.63,-1.21561438296577
35.64,-1.21561073154052
35.65,-1.21560687381265
35.66,-1.21560281524164
35.67,-1.21559856844671
35.68,-1.21559412330347
35.69,-1.21558953470391
35.7,-1.2155850009187
35.71,-1.2155806106405
35.72,-1.21557638900034
35.73,-1.21557234357024
35.74,-1.21556847051986
35.75,-1.2155647574927
35.76,-1.21556121465758
35.77,-1.21555784808332
35.78,-1.21555465916799
35.79,-1.21555170336655
35.8,-1.2155491573878
35.81,-1.21554708906187
35.82,-1.2155455258652
35.83,-1.21554446150962
35.84,-1.21554389620598
35.85,-1.21554384057174
35.86,-1.21554428874949
35.87,-1.21554525204702
35.88,-1.21554673016851
35.89,-1.21554862846579
35.9,-1.21555068955353
35.91,-1.21555280978228
35.92,-1.21555495162156
35.93,-1.21555711255239
35.94,-1.21555928367756
35.95,-1.21556147590207
35.96,-1.21556368996987
35.97,-1.21556591496265
35.98,-1.21556815576884
35.99,-1.2155703561548
36,-1.21562629004632
36.01,-1.21562801179077
36.02,-1.2156294311279
36.03,-1.21563055366136
36.04,-1.21563137318192
36.05,-1.21563190208097
36.06,-1.21563214164851
36.07,-1.21563208142428
36.08,-1.2156317268353
36.09,-1.21563103876474
36.1,-1.21562992090303
36.11,-1.21562833143192
36.12,-1.21562625887808
36.13,-1.21562370022116
36.14,-1.21562066023172
36.15,-1.21561715157189
36.16,-1.21561316468343
36.17,-1.21560869365216
36.18,-1.21560373742526
36.19,-1.21559833928539
36.2,-1.21559264465073
36.21,-1.21558671867837
36.22,-1.21558057927806
36.23,-1.21557423168596
36.24,-1.21556767200327
36.25,-1.21556088807334
36.26,-1.21555388973511
36.27,-1.21554668303348
36.28,-1.21553926919259
36.29,-1.21553173779367
36.3,-1.21552438042987
36.31,-1.21551732853685
36.32,-1.21551061982485
36.33,-1.21550425983389
36.34,-1.21549823838421
36.35,-1.21549256627578
36.36,-1.21548724941455
36.37,-1.21548228948791
36.38,-1.21547768734619
36.39,-1.21547342573611
36.4,-1.21546944983306
36.41,-1.2154657347215
36.42,-1.2154622732184
36.43,-1.21545906331747
36.44,-1.2154560987637
36.45,-1.21545336615532
36.46,-1.21545087555641
36.47,-1.21544863283265
36.48,-1.21544663902095
36.49,-1.21544483869642
36.5,-1.21544304244284
36.51,-1.21544114968618
36.52,-1.21543913461346
36.53,-1.21543700100266
36.54,-1.21543474184761
36.55,-1.21543236905747
36.56,-1.21542988380141
36.57,-1.21542727512149
36.58,-1.21542454841353
36.59,-1.21542170226222
36.6,-1.21541876118608
36.61,-1.21541572178306
36.62,-1.2154125856595
36.63,-1.21540936457361
36.64,-1.215406053752
36.65,-1.21540266573466
36.66,-1.21539920111452
36.67,-1.21539564367277
36.68,-1.21539199141571
36.69,-1.21538823248409
36.7,-1.21538428792672
36.71,-1.21538013187907
36.72,-1.21537574309195
36.73,-1.21537111236661
36.74,-1.2153662427402
36.75,-1.21536114674458
36.76,-1.21535581381058
36.77,-1.21535024340046
36.78,-1.21534444678734
36.79,-1.21533839636718
36.8,-1.21533203618706
36.81,-1.21532535272516
36.82,-1.21531833422687
36.83,-1.21531098996694
36.84,-1.21530332051544
36.85,-1.21529531453257
36.86,-1.21528697702997
36.87,-1.21527829579877
36.88,-1.21526926860275
36.89,-1.21525998059726
36.9,-1.21525066242586
36.91,-1.21524141683076
36.92,-1.21523227385299
36.93,-1.21522324087053
36.94,-1.21521432089799
36.95,-1.21520551504504
36.96,-1.21519682293659
36.97,-1.21518824514773
36.98,-1.21517978122718
36.99,-1.21517139736555
37,-1.21511267139961
37.01,-1.21510416674323
37.02,-1.21509554546203
37.03,-1.2150868144683
37.04,-1.21507797813107
37.05,-1.21506903804579
37.06,-1.21505998857413
37.07,-1.21505081664381
37.08,-1.2150415325511
37.09,-1.215032177155
37.1,-1.21502287115239
37.11,-1.21501367956844
37.12,-1.21500461164877
37.13,-1.21499567876059
37.14,-1.21498687055268
37.15,-1.21497818675335
37.16,-1.21496963841771
37.17,-1.21496122111864
37.18,-1.21495294093724
37.19,-1.21494476912529
37.2,-1.21493664744484
37.21,-1.21492856146346
37.22,-1.21492049885716
37.23,-1.21491246485498
37.24,-1.21490444607557
37.25,-1.21489644186064
37.26,-1.214888463193
37.27,-1.21488050531091
37.28,-1.21487257500922
37.29,-1.21486464849636
37.3,-1.21485668075464
37.31,-1.21484865275778
37.32,-1.21484055875942
37.33,-1.21483239742306
37.34,-1.21482416828584
37.35,-1.21481587086617
37.36,-1.21480750558011
37.37,-1.21479907216467
37.38,-1.21479057065715
37.39,-1.21478199492516
37.4,-1.21477331999247
37.41,-1.21476452372648
37.42,-1.21475561416952
37.43,-1.21474659134569
37.44,-1.21473744298628
37.45,-1.2147281795496
37.46,-1.21471880823955
37.47,-1.214709324905
37.48,-1.21469971569929
37.49,-1.2146900684566
37.5,-1.21468063649732
37.51,-1.21467152163175
37.52,-1.2146627665204
37.53,-1.21465438160315
37.54,-1.2146463582568
37.55,-1.21463870758082
37.56,-1.21463143694144
37.57,-1.21462454252695
37.58,-1.21461801084471
37.59,-1.21461181716584
37.6,-1.21460585636778
37.61,-1.21460009150076
37.62,-1.21459449708205
37.63,-1.21458906295952
37.64,-1.21458379170033
37.65,-1.21457869611359
37.66,-1.21457376546762
37.67,-1.21456899893202
37.68,-1.21456440827247
37.69,-1.21456010088009
37.7,-1.21455645642753
37.71,-1.21455363400685
37.72,-1.21455169293093
37.73,-1.21455064628741
37.74,-1.2145504847272
37.75,-1.21455121912486
37.76,-1.21455285426171
37.77,-1.21455538413795
37.78,-1.21455879322897
37.79,-1.21456302488007
37.8,-1.21456786801732
37.81,-1.21457322650077
37.82,-1.21457907174445
37.83,-1.21458539465348
37.84,-1.21459219142434
37.85,-1.21459945977431
37.86,-1.2146071975329
37.87,-1.21461540285804
37.88,-1.21462407375784
37.89,-1.21463313197972
37.9,-1.21464232375161
37.91,-1.21465153618168
37.92,-1.21466073690048
37.93,-1.21466991668051
37.94,-1.21467907294579
37.95,-1.21468820516937
37.96,-1.21469731301538
37.97,-1.21470639647113
37.98,-1.21471545552951
37.99,-1.21472449057673
38,-1.21478809825865
38.01,-1.21479708650397
38.02,-1.21480605111377
38.03,-1.21481499204819
38.04,-1.21482390933802
38.05,-1.21483280306965
38.06,-1.21484167321385
38.07,-1.21485052013634
38.08,-1.21485934356264
38.09,-1.21486814323751
38.1,-1.21487691975487
38.11,-1.21488567374981
38.12,-1.21489440502074
38.13,-1.21490311290956
38.14,-1.21491179845558
38.15,-1.21492046141993
38.16,-1.21492910174171
38.17,-1.21493771962549
38.18,-1.21494631479086
38.19,-1.21495488726989
38.2,-1.21496343733168
38.21,-1.21497196508247
38.22,-1.21498047072262
38.23,-1.21498895416327
38.24,-1.21499741575099
38.25,-1.21500585544731
38.26,-1.21501427324711
38.27,-1.21502266927296
38.28,-1.21503104355568
38.29,-1.21503939601622
38.3,-1.21504772695892
38.31,-1.21505603674956
38.32,-1.21506432515333
38.33,-1.21507259177114
38.34,-1.21508083694701
38.35,-1.21508906059005
38.36,-1.21509726313696
38.37,-1.21510544471579
38.38,-1.21511360548004
38.39,-1.21512174539307
38.4,-1.21512986423994
38.41,-1.21513796221861
38.42,-1.21514603948997
38.43,-1.21515409633693
38.44,-1.21516213249437
38.45,-1.2151701483673
38.46,-1.21517814450674
38.47,-1.21518612020084
38.48,-1.21519407524584
38.49,-1.21520200976931
38.5,-1.21520992407475
38.51,-1.21521781788633
38.52,-1.21522569174457
38.53,-1.2152335455879
38.54,-1.21524137959472
38.55,-1.2152491938879
38.56,-1.21525698823666
38.57,-1.21526476294513
38.58,-1.21527251771509
38.59,-1.21528025333054
38.6,-1.21528796918615
38.61,-1.21529566547641
38.62,-1.21530334244362
38.63,-1.21531099971651
38.64,-1.21531863752955
38.65,-1.21532625624594
38.66,-1.21533385565942
38.67,-1.21534143614609
38.68,-1.21534899782637
38.69,-1.21535654108572
38.7,-1.21536406528129
38.71,-1.21537157026605
38.72,-1.21537905598547
38.73,-1.21538652307611
38.74,-1.2153939718185
38.75,-1.21540140164945
38.76,-1.21540881308469
38.77,-1.21541620600063
38.78,-1.21542358064187
38.79,-1.2154309201794
38.8,-1.21543817661747
38.81,-1.21544533926994
38.82,-1.21545239681017
38.83,-1.21545935990711
38.84,-1.21546622920447
38.85,-1.21547299394486
38.86,-1.21547965947037
38.87,-1.21548621453783
38.88,-1.21549265844755
38.89,-1.21549897491663
38.9,-1.21550506486763
38.91,-1.21551088330299
38.92,-1.21551641843101
38.93,-1.21552166234342
38.94,-1.21552660265221
38.95,-1.21553125004531
38.96,-1.21553561087594
38.97,-1.2155396872738
38.98,-1.21554348056335
38.99,-1.21554700758811
39,-1.21542869742932
39.01,-1.21543182443214
39.02,-1.21543477079341
39.03,-1.21543753374956
39.04,-1.21544010192322
39.05,-1.2154424854026
39.06,-1.21544469043694
39.07,-1.21544671899107
39.08,-1.21544857199823
39.09,-1.21545026600631
39.1,-1.21545185439382
39.11,-1.21545336666136
39.12,-1.21545482198428
39.13,-1.21545621268375
39.14,-1.21545753387092
39.15,-1.21545878420492
39.16,-1.21545996842609
39.17,-1.21546109908588
39.18,-1.2154621667137
39.19,-1.21546317113802
39.2,-1.21546412812461
39.21,-1.21546505025138
39.22,-1.21546595235979
39.23,-1.21546682551352
39.24,-1.21546766432322
39.25,-1.21546846714071
39.26,-1.21546923880208
39.27,-1.21546999160122
39.28,-1.21547071594275
39.29,-1.21547140621327
39.3,-1.21547206615864
39.31,-1.21547270751457
39.32,-1.21547332025832
39.33,-1.21547390430334
39.34,-1.21547447049547
39.35,-1.21547500874447
39.36,-1.21547551334083
39.37,-1.2154759880621
39.38,-1.21547644466078
39.39,-1.21547687844966
39.4,-1.21547729622125
39.41,-1.21547769202376
39.42,-1.21547807741575
39.43,-1.21547845853532
39.44,-1.21547883180111
39.45,-1.21547918561609
39.46,-1.21547952991347
39.47,-1.21547986513411
39.48,-1.21548018053984
39.49,-1.21548051283134
39.5,-1.21548095543284
39.51,-1.21548154370153
39.52,-1.21548227660307
39.53,-1.21548316706421
39.54,-1.21548422144317
39.55,-1.21548544108875
39.56,-1.21548682098803
39.57,-1.21548834871916
39.58,-1.21549003368802
39.59,-1.21549180689263
39.6,-1.21549342975199
39.61,-1.21549480559541
39.62,-1.21549589959791
39.63,-1.21549671015447
39.64,-1.21549722385679
39.65,-1.21549743977964
39.66,-1.21549736872203
39.67,-1.21549700652122
39.68,-1.21549635971872
39.69,-1.21549550217319
39.7,-1.21549470808246
39.71,-1.21549409570546
39.72,-1.2154936877368
39.73,-1.21549350357801
39.74,-1.21549355118665
39.75,-1.21549383260439
39.76,-1.21549434294633
39.77,-1.21549506976498
39.78,-1.21549602233638
39.79,-1.21549717933551
39.8,-1.2154984598593
39.81,-1.21549983726012
39.82,-1.21550129062786
39.83,-1.21550281105495
39.84,-1.21550440126607
39.85,-1.21550607261272
39.86,-1.21550781512626
39.87,-1.21550962832866
39.88,-1.21551152265568
39.89,-1.21551347728831
39.9,-1.21551545151343
39.91,-1.21551742275197
39.92,-1.21551937390739
39.93,-1.21552131326498
39.94,-1.21552324599903
39.95,-1.21552517367864
39.96,-1.2155270915227
39.97,-1.21552898759036
39.98,-1.21553087147633
39.99,-1.21553275397207
40,-1.21546720735587
40.01,-1.21546912777931
40.02,-1.21547105913797
40.03,-1.21547301167241
40.04,-1.215474991296
40.05,-1.2154770000427
40.06,-1.21547903273041
40.07,-1.21548107703754
40.08,-1.21548314200541
40.09,-1.2154852278771
40.1,-1.21548731772586
40.11,-1.21548940498804
40.12,-1.21549148852692
40.13,-1.21549356809124
40.14,-1.21549564921677
40.15,-1.2154977436626
40.16,-1.21549984139216
40.17,-1.21550193602772
40.18,-1.21550402634674
40.19,-1.21550610152683
40.2,-1.21550813174789
40.21,-1.21551011404755
40.22,-1.21551203487304
40.23,-1.21551388763132
40.24,-1.21551567563363
40.25,-1.21551741013532
40.26,-1.21551908168056
40.27,-1.21552069051398
40.28,-1.21552224691161
40.29,-1.21552374607034
40.3,-1.21552520492832
40.31,-1.21552664177193
40.32,-1.21552805417833
40.33,-1.2155294491068
40.34,-1.21553081556114
40.35,-1.21553215315486
40.36,-1.2155334723686
40.37,-1.21553476786527
40.38,-1.21553604599699
40.39,-1.21553732224953
40.4,-1.2155386767909
40.41,-1.215540145958
40.42,-1.21554173941767
40.43,-1.21554346000972
40.44,-1.21554530871378
40.45,-1.21554728578243
40.46,-1.21554939063426
40.47,-1.21555162333868
40.48,-1.21555398383967
40.49,-1.21555645551995
40.5,-1.21555899141152
40.51,-1.21556158062218
40.52,-1.21556420772483
40.53,-1.21556686545007
40.54,-1.21556955685464
40.55,-1.21557229279856
40.56,-1.21557506339699
40.57,-1.21557786825468
40.58,-1.21558071780482
40.59,-1.21558359696375
40.6,-1.21558647807146
40.61,-1.21558933960229
40.62,-1.21559218842793
40.63,-1.21559502410299
40.64,-1.2155978359967
40.65,-1.21560063363415
40.66,-1.21560342247548
40.67,-1.2156061994107
40.68,-1.21560895358718
40.69,-1.21561169415709
40.7,-1.21561442599712
40.71,-1.21561715619325
40.72,-1.21561989774853
40.73,-1.21562264138558
40.74,-1.21562538052187
40.75,-1.21562811376699
40.76,-1.21563084640301
40.77,-1.21563359072154
40.78,-1.21563633756349
40.79,-1.21563908046091
40.8,-1.21564181695243
40.81,-1.21564454675514
40.82,-1.21564727078306
40.83,-1.21564999004473
40.84,-1.21565270438887
40.85,-1.21565541348599
40.86,-1.21565811658294
40.87,-1.21566081360777
40.88,-1.21566350478524
40.89,-1.21566618978523
40.9,-1.21566886851921
40.91,-1.21567154185418
40.92,-1.21567420990752
40.93,-1.21567687203882
40.94,-1.2156795281359
40.95,-1.21568217858078
40.96,-1.2156848232004
40.97,-1.21568746250105
40.98,-1.21569009614128
40.99,-1.21569272371264
41,-1.21568351185013
41.01,-1.21568612720396
41.02,-1.21568873668497
41.03,-1.21569134017005
41.04,-1.21569394253001
41.05,-1.21569655583012
41.06,-1.21569917091995
41.07,-1.21570178229282
41.08,-1.21570438821547
41.09,-1.21570697786932
41.1,-1.21570951799966
41.11,-1.215711994511
41.12,-1.21571440393323
41.13,-1.21571674500164
41.14,-1.21571901702865
41.15,-1.21572121968444
41.16,-1.21572335294902
41.17,-1.21572541683636
41.18,-1.21572741133362
41.19,-1.21572935228997
41.2,-1.21573128986304
41.21,-1.21573324124793
41.22,-1.21573520102201
41.23,-1.21573718010806
41.24,-1.21573918470249
41.25,-1.21574121654169
41.26,-1.21574327100137
41.27,-1.21574533639983
41.28,-1.21574742184358
41.29,-1.21574952734466
41.3,-1.21575163793333
41.31,-1.21575374688666
41.32,-1.21575585223056
41.33,-1.21575795330302
41.34,-1.2157600499966
41.35,-1.2157621422192
41.36,-1.21576423008061
41.37,-1.21576631346892
41.38,-1.21576839239253
41.39,-1.21577046190039
41.4,-1.21577250545178
41.41,-1.21577452082121
41.42,-1.21577651757547
41.43,-1.21577848621396
41.44,-1.21578042095095
41.45,-1.21578232051345
41.46,-1.21578418861556
41.47,-1.21578603707363
41.48,-1.21578785805221
41.49,-1.21578964145613
41.5,-1.21579136920976
41.51,-1.21579302820619
41.52,-1.21579460287283
41.53,-1.21579610161384
41.54,-1.21579753094022
41.55,-1.21579889262216
41.56,-1.21580018292431
41.57,-1.2158013907025
41.58,-1.21580252506431
41.59,-1.21580360112321
41.6,-1.21580465328745
41.61,-1.21580569684114
41.62,-1.21580673604956
41.63,-1.21580777222728
41.64,-1.21580880570501
41.65,-1.21580983651642
41.66,-1.21581086482122
41.67,-1.21581189056054
41.68,-1.21581291369979
41.69,-1.21581393408639
41.7,-1.21581495162381
41.71,-1.21581597137989
41.72,-1.21581700494009
41.73,-1.21581804329302
41.74,-1.21581908116651
41.75,-1.21582011703579
41.76,-1.21582115555429
41.77,-1.21582220809468
41.78,-1.21582326528992
41.79,-1.21582430197823
41.8,-1.21582525600459
41.81,-1.21582610936018
41.82,-1.2158268494527
41.83,-1.2158274802022
41.84,-1.21582799551783
41.85,-1.21582840625823
41.86,-1.21582871337745
41.87,-1.21582890192826
41.88,-1.21582897037757
41.89,-1.21582893870292
41.9,-1.21582883014007
41.91,-1.21582864899093
41.92,-1.21582838657355
41.93,-1.21582805275771
41.94,-1.21582765308384
41.95,-1.21582718914127
41.96,-1.21582665631937
41.97,-1.21582604349814
41.98,-1.21582535973929
41.99,-1.21582462040918
42,-1.2157661138222
42.01,-1.21576534723005
42.02,-1.21576457889759
42.03,-1.21576380993031
42.04,-1.21576304062489
42.05,-1.21576227112941
42.06,-1.21576150153116
42.07,-1.21576073171875
42.08,-1.21575996170362
42.09,-1.21575918170471
42.1,-1.21575836410425
42.11,-1.21575750555148
42.12,-1.21575659790807
42.13,-1.21575564626382
42.14,-1.21575463975776
42.15,-1.21575357766385
42.16,-1.21575246966655
42.17,-1.21575131131017
42.18,-1.21575010885
42.19,-1.2157488565103
42.2,-1.21574756033118
42.21,-1.21574620965976
42.22,-1.21574480351118
42.23,-1.21574335197247
42.24,-1.21574185067842
42.25,-1.21574031044601
42.26,-1.21573873219883
42.27,-1.21573710126408
42.28,-1.21573541575402
42.29,-1.21573369011176
42.3,-1.21573193595986
42.31,-1.21573016684941
42.32,-1.215728379216
42.33,-1.21572657956597
42.34,-1.21572476219567
42.35,-1.21572293835214
42.36,-1.2157211084552
42.37,-1.21571925752828
42.38,-1.21571738408995
42.39,-1.21571551735183
42.4,-1.2157137132785
42.41,-1.21571200076395
42.42,-1.2157103983158
42.43,-1.21570889847358
42.44,-1.21570749630977
42.45,-1.21570619036477
42.46,-1.21570498538835
42.47,-1.21570389274048
42.48,-1.21570290312835
42.49,-1.215702006178
42.5,-1.21570118859592
42.51,-1.21570045404814
42.52,-1.2156997961881
42.53,-1.21569922030063
42.54,-1.21569871552931
42.55,-1.21569828111888
42.56,-1.21569792677996
42.57,-1.21569764785776
42.58,-1.21569745032134
42.59,-1.21569731341337
42.6,-1.21569720349101
42.61,-1.21569711561344
42.62,-1.21569704110399
42.63,-1.215696984981
42.64,-1.21569693615374
42.65,-1.21569689372675
42.66,-1.21569686757005
42.67,-1.21569685294622
42.68,-1.21569685591055
42.69,-1.21569684095315
42.7,-1.21569672033382
42.71,-1.2156964508093
42.72,-1.2156960103236
42.73,-1.21569540501168
42.74,-1.21569463956625
42.75,-1.21569371523314
42.76,-1.21569262725225
42.77,-1.21569136481253
42.78,-1.21568993728429
42.79,-1.21568837006901
42.8,-1.21568673051169
42.81,-1.21568504332068
42.82,-1.21568330559662
42.83,-1.21568152901555
42.84,-1.21567971952857
42.85,-1.21567787879593
42.86,-1.21567600232388
42.87,-1.21567407896373
42.88,-1.21567211773273
42.89,-1.21567021392708
42.9,-1.21566866994248
42.91,-1.21566762949548
42.92,-1.21566712564791
42.93,-1.21566717467513
42.94,-1.21566776819857
42.95,-1.21566890556286
42.96,-1.2156705959176
42.97,-1.21567283397094
42.98,-1.21567562435469
42.99,-1.21567889517384
43,-1.21568382390361
43.01,-1.2156875362149
43.02,-1.21569140145884
43.03,-1.21569541696564
43.04,-1.2156995765393
43.05,-1.21570386798902
43.06,-1.21570830034259
43.07,-1.21571287333151
43.08,-1.21571757631865
43.09,-1.21572239390099
43.1,-1.21572725423081
43.11,-1.21573213427319
43.12,-1.21573701456818
43.13,-1.21574188670761
43.14,-1.21574675370147
43.15,-1.21575162647109
43.16,-1.21575649560268
43.17,-1.21576136055129
43.18,-1.21576623170474
43.19,-1.21577110922558
43.2,-1.21577601485224
43.21,-1.2157809508217
43.22,-1.21578592429102
43.23,-1.21579092987126
43.24,-1.21579597891684
43.25,-1.21580107253392
43.26,-1.21580620011836
43.27,-1.21581136623813
43.28,-1.21581656517813
43.29,-1.21582179707833
43.3,-1.21582703478773
43.31,-1.21583226543407
43.32,-1.21583748604176
43.33,-1.21584269570518
43.34,-1.21584789405008
43.35,-1.21585308087874
43.36,-1.21585825596209
43.37,-1.21586341938543
43.38,-1.21586857155147
43.39,-1.21587371199342
43.4,-1.21587883971567
43.41,-1.21588395512095
43.42,-1.2158890600177
43.43,-1.21589415465393
43.44,-1.21589923878472
43.45,-1.21590431203085
43.46,-1.21590937391314
43.47,-1.21591442454038
43.48,-1.21591946357768
43.49,-1.21592449165286
43.5,-1.21592950880137
43.51,-1.21593451462503
43.52,-1.21593950935162
43.53,-1.21594449296038
43.54,-1.21594946594892
43.55,-1.21595442782989
43.56,-1.21595937914005
43.57,-1.21596431955126
43.58,-1.2159692485784
43.59,-1.21597416696528
43.6,-1.21597907464971
43.61,-1.21598397150176
43.62,-1.21598885785952
43.63,-1.21599373335418
43.64,-1.21599859806016
43.65,-1.21600345220821
43.66,-1.21600829572937
43.67,-1.21601312864815
43.68,-1.21601795107986
43.69,-1.21602276293492
43.7,-1.21602756398658
43.71,-1.21603235443717
43.72,-1.21603713454974
43.73,-1.21604190448278
43.74,-1.2160466640113
43.75,-1.21605141332781
43.76,-1.21605615230677
43.77,-1.21606088100834
43.78,-1.21606559938585
43.79,-1.21607030741786
43.8,-1.21607500517673
43.81,-1.21607969280852
43.82,-1.21608437019489
43.83,-1.21608903724701
43.84,-1.21609369392706
43.85,-1.21609834051056
43.86,-1.21610297699389
43.87,-1.21610760320592
43.88,-1.21611221964254
43.89,-1.21611682685553
43.9,-1.21612142451962
43.91,-1.2161260121412
43.92,-1.21613058965775
43.93,-1.21613515743063
43.94,-1.2161397156042
43.95,-1.2161442640968
43.96,-1.21614880272792
43.97,-1.21615333174265
43.98,-1.21615785125134
43.99,-1.21616236094891
44,-1.21612371000121
44.01,-1.21612820013179
44.02,-1.21613268055852
44.03,-1.21613715125018
44.04,-1.21614161215186
44.05,-1.21614606334975
44.06,-1.21615050445893
44.07,-1.21615493605385
44.08,-1.21615935840569
44.09,-1.21616376701041
44.1,-1.2161681464356
44.11,-1.21617248990036
44.12,-1.21617679560327
44.13,-1.2161810583746
44.14,-1.21618526796907
44.15,-1.21618943298243
44.16,-1.21619355790866
44.17,-1.21619764446088
44.18,-1.21620169310653
44.19,-1.21620570892003
44.2,-1.21620970708747
44.21,-1.21621368970191
44.22,-1.21621764813183
44.23,-1.21622159121038
44.24,-1.21622552397334
44.25,-1.21622944802725
44.26,-1.21623335928628
44.27,-1.21623724729913
44.28,-1.21624112023059
44.29,-1.21624498303697
44.3,-1.21624883272618
44.31,-1.21625265937489
44.32,-1.21625647134692
44.33,-1.21626026911345
44.34,-1.21626404356514
44.35,-1.21626780368066
44.36,-1.21627155453716
44.37,-1.21627529284748
44.38,-1.21627900842809
44.39,-1.21628270494005
44.4,-1.21628636808182
44.41,-1.21628998234427
44.42,-1.21629354985314
44.43,-1.21629706028601
44.44,-1.21630051313681
44.45,-1.2163039172545
44.46,-1.21630726856239
44.47,-1.21631057262749
44.48,-1.21631382450603
44.49,-1.21631703430704
44.5,-1.21632020722238
44.51,-1.21632334023057
44.52,-1.21632642356391
44.53,-1.21632946579104
44.54,-1.21633247164275
44.55,-1.21633544248028
44.56,-1.21633837449842
44.57,-1.21634125760942
44.58,-1.21634410013026
44.59,-1.21634692021185
44.6,-1.21634976314063
44.61,-1.21635264884904
44.62,-1.21635558294118
44.63,-1.21635856260267
44.64,-1.21636157815521
44.65,-1.21636463765299
44.66,-1.21636774549069
44.67,-1.21637090292986
44.68,-1.2163741102887
44.69,-1.21637736770506
44.7,-1.21638067930248
44.71,-1.21638405512698
44.72,-1.21638749147628
44.73,-1.21639099352288
44.74,-1.21639455191037
44.75,-1.2163981657682
44.76,-1.2164018434243
44.77,-1.21640558074692
44.78,-1.21640938292355
44.79,-1.21641323159261
44.8,-1.21641709237596
44.81,-1.21642095073322
44.82,-1.21642480258817
44.83,-1.21642864719868
44.84,-1.2164324839965
44.85,-1.21643631279286
44.86,-1.21644013391383
44.87,-1.21644394735249
44.88,-1.21644775288732
44.89,-1.21645155043289
44.9,-1.2164553402524
44.91,-1.21645912215153
44.92,-1.21646289640437
44.93,-1.21646666278816
44.94,-1.21647042132649
44.95,-1.21647417218292
44.96,-1.21647791535158
44.97,-1.21648165096863
44.98,-1.21648537887634
44.99,-1.2164890991208
45,-1.2163983458846
45.01,-1.21640205087019
45.02,-1.21640574812552
45.03,-1.21640943788003
45.04,-1.21641312025612
45.05,-1.21641679536383
45.06,-1.2164204630531
45.07,-1.21642412337108
45.08,-1.21642777621186
45.09,-1.21643140412661
45.1,-1.21643495077468
45.11,-1.21643838655177
45.12,-1.21644169455367
45.13,-1.21644488108707
45.14,-1.21644795026634
45.15,-1.2164509033715
45.16,-1.21645373678155
45.17,-1.21645644129037
45.18,-1.21645902548014
45.19,-1.2164615153511
45.2,-1.21646398289861
45.21,-1.21646645606642
45.22,-1.21646893406934
45.23,-1.21647142721654
45.24,-1.21647394066542
45.25,-1.2164764756236
45.26,-1.21647902840076
45.27,-1.21648158941243
45.28,-1.21648416658229
45.29,-1.21648674705461
45.3,-1.21648928002776
45.31,-1.2164917505839
45.32,-1.21649414833361
45.33,-1.2164964767789
45.34,-1.21649873098342
45.35,-1.21650092014075
45.36,-1.21650304501165
45.37,-1.21650509304654
45.38,-1.21650706253026
45.39,-1.21650894899965
45.4,-1.21651070686699
45.41,-1.21651232254978
45.42,-1.21651378202209
45.43,-1.21651507948699
45.44,-1.21651621751737
45.45,-1.21651720547601
45.46,-1.21651803590059
45.47,-1.21651870889073
45.48,-1.21651923309149
45.49,-1.21651962600992
45.5,-1.21651996719743
45.51,-1.21652029305443
45.52,-1.21652061386776
45.53,-1.21652093253026
45.54,-1.21652124983483
45.55,-1.21652156592205
45.56,-1.21652188093422
45.57,-1.21652219479208
45.58,-1.21652250750141
45.59,-1.21652282337295
45.6,-1.21652315225785
45.61,-1.216523490553
45.62,-1.21652384346625
45.63,-1.21652420631509
45.64,-1.21652458815446
45.65,-1.21652498964896
45.66,-1.21652540237616
45.67,-1.21652583018532
45.68,-1.21652626790294
45.69,-1.2165267203769
45.7,-1.21652717419099
45.71,-1.21652761474163
45.72,-1.21652804840741
45.73,-1.21652847504121
45.74,-1.21652888618055
45.75,-1.21652928987013
45.76,-1.21652969068601
45.77,-1.21653008563384
45.78,-1.2165304653296
45.79,-1.21653085014756
45.8,-1.21653128644143
45.81,-1.21653179408876
45.82,-1.21653237870421
45.83,-1.21653303747604
45.84,-1.21653376108813
45.85,-1.21653455726426
45.86,-1.21653543031735
45.87,-1.21653638126894
45.88,-1.21653741039291
45.89,-1.21653851365855
45.9,-1.21653967704069
45.91,-1.2165408983586
45.92,-1.21654218546369
45.93,-1.21654352994036
45.94,-1.21654492714808
45.95,-1.21654637576406
45.96,-1.21654787932041
45.97,-1.21654944721616
45.98,-1.21655107170972
45.99,-1.21655273982298
46,-1.21651297016273
46.01,-1.21651465913271
46.02,-1.21651636019993
46.03,-1.21651806454707
46.04,-1.21651976750354
46.05,-1.21652146787765
46.06,-1.21652316948515
46.07,-1.21652488171944
46.08,-1.2165265969386
46.09,-1.21652828973615
46.1,-1.21652988588599
46.11,-1.21653134486254
46.12,-1.21653266568186
46.13,-1.2165338463993
46.14,-1.21653487828552
46.15,-1.21653576934083
46.16,-1.21653652416437
46.17,-1.2165371400615
46.18,-1.21653760807004
46.19,-1.21653791942448
46.2,-1.21653802377673
46.21,-1.21653789816353
46.22,-1.21653753613185
46.23,-1.21653693187912
46.24,-1.21653607556647
46.25,-1.21653497480667
46.26,-1.21653363412025
46.27,-1.21653205495839
46.28,-1.21653023788476
46.29,-1.21652821215857
46.3,-1.21652607422823
46.31,-1.2165238672625
46.32,-1.21652160353762
46.33,-1.21651928665135
46.34,-1.21651691762101
46.35,-1.21651449664714
46.36,-1.21651202387714
46.37,-1.21650949910043
46.38,-1.21650692235613
46.39,-1.21650429801443
46.4,-1.21650163572868
46.41,-1.21649893179057
46.42,-1.2164961915168
46.43,-1.21649340613038
46.44,-1.21649057487609
46.45,-1.21648770622861
46.46,-1.21648479616874
46.47,-1.2164818498594
46.48,-1.21647886252314
46.49,-1.21647579704713
46.5,-1.2164725059075
46.51,-1.21646891762243
46.52,-1.21646500323003
46.53,-1.2164607649045
46.54,-1.21645620534735
46.55,-1.21645132482936
46.56,-1.21644611914039
46.57,-1.21644057793126
46.58,-1.21643470885568
46.59,-1.21642850271851
46.6,-1.21642192275063
46.61,-1.21641495963889
46.62,-1.21640759958049
46.63,-1.21639983583388
46.64,-1.21639166950259
46.65,-1.21638310883646
46.66,-1.21637414466707
46.67,-1.21636477594701
46.68,-1.21635501007768
46.69,-1.21634490141428
46.7,-1.21633465707185
46.71,-1.21632436655034
46.72,-1.21631404605809
46.73,-1.21630371079146
46.74,-1.21629336821601
46.75,-1.21628302009286
46.76,-1.21627266269446
46.77,-1.21626228668806
46.78,-1.21625189959533
46.79,-1.21624152336701
46.8,-1.21623121266636
46.81,-1.21622098417692
46.82,-1.21621085326998
46.83,-1.21620082328745
46.84,-1.21619088564643
46.85,-1.21618105056449
46.86,-1.21617132291752
46.87,-1.21616169955177
46.88,-1.21615217098771
46.89,-1.21614271044895
46.9,-1.21613320183763
46.91,-1.21612358392449
46.92,-1.21611385002148
46.93,-1.21610399543498
46.94,-1.2160940101984
46.95,-1.21608390235189
46.96,-1.21607367587751
46.97,-1.21606332727982
46.98,-1.21605284643738
46.99,-1.21604223244944
47,-1.21596005719269
47.01,-1.21594911827544
47.02,-1.21593801966935
47.03,-1.21592675133289
47.04,-1.21591530775155
47.05,-1.21590368738827
47.06,-1.21589189273368
47.07,-1.21587993500032
47.08,-1.21586780459887
47.09,-1.21585550541003
47.1,-1.21584306514936
47.11,-1.21583050151639
47.12,-1.21581782800331
47.13,-1.21580503693924
47.14,-1.21579212467143
47.15,-1.21577908829443
47.16,-1.21576593170962
47.17,-1.21575266527786
47.18,-1.21573928046849
47.19,-1.21572577993027
47.2,-1.21571219381905
47.21,-1.21569853527093
47.22,-1.21568480734099
47.23,-1.21567101167915
47.24,-1.21565714348272
47.25,-1.21564319422157
47.26,-1.21562916961872
47.27,-1.21561507422432
47.28,-1.21560090951471
47.29,-1.21558669476615
47.3,-1.21557249227823
47.31,-1.21555832987945
47.32,-1.2155442171561
47.33,-1.21553016170387
47.34,-1.21551617476811
47.35,-1.21550224798051
47.36,-1.21548837604349
47.37,-1.21547455747387
47.38,-1.2154607924065
47.39,-1.21544707337533
47.4,-1.21543336939926
47.41,-1.21541966547907
47.42,-1.21540595680217
47.43,-1.21539224273382
47.44,-1.2153785187717
47.45,-1.215364773729
47.46,-1.21535101457861
47.47,-1.21533724756982
47.48,-1.21532347551851
47.49,-1.21530968259018
47.5,-1.2152958165451
47.51,-1.215281839797
47.52,-1.21526774334121
47.53,-1.21525353700982
47.54,-1.21523922371816
47.55,-1.21522479479493
47.56,-1.21521025353282
47.57,-1.21519559244087
47.58,-1.21518081666076
47.59,-1.2151659410495
47.6,-1.2151510413024
47.61,-1.21513615829504
47.62,-1.21512131296015
47.63,-1.21510649930796
47.64,-1.21509171345277
47.65,-1.21507695375864
47.66,-1.21506222697333
47.67,-1.21504754259981
47.68,-1.21503289288139
47.69,-1.2150182622769
47.7,-1.21500361567458
47.71,-1.21498893807349
47.72,-1.21497422540414
47.73,-1.21495948111303
47.74,-1.2149447166839
47.75,-1.21492992300932
47.76,-1.21491509418193
47.77,-1.21490022879154
47.78,-1.21488532633937
47.79,-1.21487036163062
47.8,-1.21485524824873
47.81,-1.21483994870586
47.82,-1.21482445269005
47.83,-1.21480875023318
47.84,-1.21479282795356
47.85,-1.21477669450905
47.86,-1.21476035402911
47.87,-1.21474380743013
47.88,-1.21472705571454
47.89,-1.21471013958246
47.9,-1.21469320098524
47.91,-1.21467631456086
47.92,-1.2146594888117
47.93,-1.2146427236321
47.94,-1.2146260250297
47.95,-1.21460940521571
47.96,-1.21459285403511
47.97,-1.21457637246692
47.98,-1.21455997109589
47.99,-1.21454366181133
48,-1.21460954729717
48.01,-1.21459361060087
48.02,-1.21457789627197
48.03,-1.21456239777178
48.04,-1.21454712140847
48.05,-1.21453205556981
48.06,-1.21451720098537
48.07,-1.21450256867171
48.08,-1.21448815466372
48.09,-1.2144739122269
48.1,-1.21445964708163
48.11,-1.21444526012351
48.12,-1.21443073171396
48.13,-1.21441604795046
48.14,-1.2144012179042
48.15,-1.21438624075078
48.16,-1.214371106103
48.17,-1.21435581759062
48.18,-1.2143403692028
48.19,-1.21432477219102
48.2,-1.21430902633685
48.21,-1.21429311489752
48.22,-1.21427703597391
48.23,-1.21426079910201
48.24,-1.21424439869566
48.25,-1.21422784700734
48.26,-1.21421114432372
48.27,-1.21419427410792
48.28,-1.21417723291102
48.29,-1.21415998799122
48.3,-1.21414238022995
48.31,-1.21412433034824
48.32,-1.21410580421556
48.33,-1.21408680459233
48.34,-1.21406733505136
48.35,-1.21404739417866
48.36,-1.21402697540447
48.37,-1.21400606249194
48.38,-1.21398466501253
48.39,-1.21396285468762
48.4,-1.2139408562222
48.41,-1.21391877081048
48.42,-1.21389662734643
48.43,-1.21387443302479
48.44,-1.21385219157059
48.45,-1.21382990146229
48.46,-1.21380756426943
48.47,-1.2137851799477
48.48,-1.21376274877142
48.49,-1.21374075600609
48.5,-1.21372080667696
48.51,-1.21370362297171
48.52,-1.21368941791937
48.53,-1.21367825277146
48.54,-1.21367014718538
48.55,-1.21366510570986
48.56,-1.21366312713463
48.57,-1.21366420710544
48.58,-1.21366833817815
48.59,-1.2136750422547
48.6,-1.2136827677484
48.61,-1.21369082155885
48.62,-1.21369900599648
48.63,-1.21370725892177
48.64,-1.2137155508027
48.65,-1.21372388758374
48.66,-1.21373227426875
48.67,-1.21374071204996
48.68,-1.2137492008027
48.69,-1.21375772862247
48.7,-1.21376625775356
48.71,-1.21377477146823
48.72,-1.21378326519449
48.73,-1.21379173734386
48.74,-1.21380018765456
48.75,-1.21380861590187
48.76,-1.2138170225458
48.77,-1.21382540753237
48.78,-1.21383377079612
48.79,-1.21384211295797
48.8,-1.21385043391164
48.81,-1.21385873327206
48.82,-1.21386701074367
48.83,-1.2138752667271
48.84,-1.2138835013377
48.85,-1.21389171447288
48.86,-1.21389990646724
48.87,-1.21390807759751
48.88,-1.2139162275921
48.89,-1.21392435659925
48.9,-1.21393246484692
48.91,-1.213940552032
48.92,-1.2139486184616
48.93,-1.21395666445521
48.94,-1.21396469028917
48.95,-1.21397269630939
48.96,-1.21398068154487
48.97,-1.21398864630666
48.98,-1.21399659055951
48.99,-1.21400451461415
49,-1.21417070599862
49.01,-1.21417858941596
49.02,-1.21418645280947
49.03,-1.21419429634292
49.04,-1.21420212001803
49.05,-1.21420992389079
49.06,-1.21421770794344
49.07,-1.21422547242096
49.08,-1.21423321700512
49.09,-1.21424094267998
49.1,-1.21424864848852
49.11,-1.21425633451126
49.12,-1.21426400066605
49.13,-1.21427164773177
49.14,-1.21427927555095
49.15,-1.21428688416223
49.16,-1.21429447377959
49.17,-1.21430204450982
49.18,-1.2143095965066
49.19,-1.21431712977213
49.2,-1.21432464403984
49.21,-1.2143321391286
49.22,-1.21433961543834
49.23,-1.21434707330583
49.24,-1.21435451262737
49.25,-1.2143619331281
49.26,-1.21436933530275
49.27,-1.21437671915441
49.28,-1.21438408480853
49.29,-1.21439143227768
49.3,-1.21439876144823
49.31,-1.21440607219314
49.32,-1.21441336480396
49.33,-1.2144206392986
49.34,-1.21442789494945
49.35,-1.21443513248701
49.36,-1.2144423524147
49.37,-1.2144495542329
49.38,-1.21445673793552
49.39,-1.21446390367637
49.4,-1.21447105181965
49.41,-1.21447818254419
49.42,-1.214485296646
49.43,-1.21449239386192
49.44,-1.21449947368745
49.45,-1.21450653562916
49.46,-1.21451358004942
49.47,-1.21452060700332
49.48,-1.21452761658985
49.49,-1.21453460903727
49.5,-1.21454158419433
49.51,-1.21454854202791
49.52,-1.21455548281417
49.53,-1.21456240688338
49.54,-1.21456931410756
49.55,-1.21457620445349
49.56,-1.21458307767984
49.57,-1.21458993376253
49.58,-1.21459677312384
49.59,-1.21460359592557
49.6,-1.21461040224935
49.61,-1.21461719201569
49.62,-1.21462396547967
49.63,-1.21463072235501
49.64,-1.21463746269597
49.65,-1.21464418664075
49.66,-1.21465089423713
49.67,-1.21465758565248
49.68,-1.21466426111672
49.69,-1.21467092062874
49.7,-1.2146775644009
49.71,-1.21468419249953
49.72,-1.21469080644508
49.73,-1.21469740606237
49.74,-1.21470399061077
49.75,-1.21471055762636
49.76,-1.21471710875865
49.77,-1.21472364480682
49.78,-1.21473016565658
49.79,-1.2147366703163
49.8,-1.21474315896321
49.81,-1.21474963145021
49.82,-1.21475608910936
49.83,-1.21476253200972
49.84,-1.21476896039064
49.85,-1.21477537379051
49.86,-1.2147817713497
49.87,-1.21478815312482
49.88,-1.21479451957347
49.89,-1.21480087104455
49.9,-1.21480720863826
49.91,-1.21481353172092
49.92,-1.21481984036109
49.93,-1.21482613441524
49.94,-1.21483241352579
49.95,-1.21483867793159
49.96,-1.2148449274222
49.97,-1.21485116316105
49.98,-1.21485738473044
49.99,-1.21486359158973
50,-1.21473276355248
50.01,-1.21473894074976
50.02,-1.21474510387798
50.03,-1.21475125317128
50.04,-1.21475738919584
50.05,-1.21476351133927
50.06,-1.21476961862975
50.07,-1.2147757117725
50.08,-1.21478179075905
50.09,-1.21478785552407
50.1,-1.21479390592245
50.11,-1.21479994138816
50.12,-1.21480596215028
50.13,-1.21481196902508
50.14,-1.21481796211507
50.15,-1.21482394069097
50.16,-1.21482990467467
50.17,-1.21483585509281
50.18,-1.21484179261722
50.19,-1.21484771691059
50.2,-1.21485362722077
50.21,-1.21485952365025
50.22,-1.21486540598861
50.23,-1.21487127431862
50.24,-1.21487712881361
50.25,-1.21488296960961
50.26,-1.21488879691001
50.27,-1.21489461099155
50.28,-1.21490041196452
50.29,-1.21490619941929
50.3,-1.21491197315528
50.31,-1.21491773366098
50.32,-1.21492348087744
50.33,-1.21492921481681
50.34,-1.21493493620901
50.35,-1.21494064436873
50.36,-1.21494633861586
50.37,-1.21495201981371
50.38,-1.2149576903727
50.39,-1.2149633503508
50.4,-1.21496899883504
50.41,-1.21497463509748
50.42,-1.21498025861408
50.43,-1.21498586948795
50.44,-1.21499146747188
50.45,-1.21499705248051
50.46,-1.21500262437021
50.47,-1.21500818344341
50.48,-1.21501372975946
50.49,-1.21501925827758
50.5,-1.21502475760968
50.51,-1.21503023225984
50.52,-1.21503567617751
50.53,-1.21504109455407
50.54,-1.21504647720639
50.55,-1.21505182336547
50.56,-1.21505714285147
50.57,-1.21506243130977
50.58,-1.2150676946671
50.59,-1.21507292263814
50.6,-1.21507811470912
50.61,-1.21508328068376
50.62,-1.21508841149324
50.63,-1.21509350095922
50.64,-1.21509855294954
50.65,-1.21510357912452
50.66,-1.21510857014852
50.67,-1.21511352608896
50.68,-1.21511845751274
50.69,-1.21512332509817
50.7,-1.21512803251672
50.71,-1.21513254652982
50.72,-1.21513684563463
50.73,-1.21514092166121
50.74,-1.21514477795736
50.75,-1.21514842571616
50.76,-1.21515185615164
50.77,-1.21515506983445
50.78,-1.21515807729427
50.79,-1.21516089406843
50.8,-1.21516359548196
50.81,-1.21516622069964
50.82,-1.21516879056744
50.83,-1.21517129935464
50.84,-1.21517374299463
50.85,-1.21517612043263
50.86,-1.21517843632499
50.87,-1.21518070197527
50.88,-1.21518290850574
50.89,-1.21518505514151
50.9,-1.21518715197149
50.91,-1.2151891951843
50.92,-1.21519119095651
50.93,-1.21519313418685
50.94,-1.21519503520319
50.95,-1.21519689433628
50.96,-1.21519870138692
50.97,-1.21520046152303
50.98,-1.2152021694106
50.99,-1.21520385020525
51,-1.21510256417894
51.01,-1.21510432436708
51.02,-1.21510615543142
51.03,-1.21510805013791
51.04,-1.21511000359478
51.05,-1.21511201479369
51.06,-1.21511408811684
51.07,-1.215116234225
51.08,-1.21511844408484
51.09,-1.21512074643299
51.1,-1.2151232499681
51.11,-1.21512600357315
51.12,-1.21512902059402
51.13,-1.21513230436544
51.14,-1.21513585544066
51.15,-1.2151396734061
51.16,-1.21514375752943
51.17,-1.2151481064928
51.18,-1.21515272046527
51.19,-1.21515755538013
51.2,-1.21516246786485
51.21,-1.21516739473761
51.22,-1.21517231750045
51.23,-1.21517723170646
51.24,-1.21518213586256
51.25,-1.21518702926341
51.26,-1.21519191198246
51.27,-1.21519678381546
51.28,-1.21520164481657
51.29,-1.21520648558751
51.3,-1.21521127046526
51.31,-1.21521597469765
51.32,-1.2152205983545
51.33,-1.21522513467546
51.34,-1.21522959358215
51.35,-1.21523397606795
51.36,-1.21523827316519
51.37,-1.21524248908959
51.38,-1.21524661860664
51.39,-1.21525060126966
51.4,-1.21525420987141
51.41,-1.21525734265393
51.42,-1.21525997159029
51.43,-1.21526208981267
51.44,-1.21526370099391
51.45,-1.21526481622677
51.46,-1.21526542764756
51.47,-1.21526553092044
51.48,-1.21526512540129
51.49,-1.2152642818083
51.5,-1.21526323276664
51.51,-1.21526207794601
51.52,-1.21526083651764
51.53,-1.21525952563999
51.54,-1.21525815272388
51.55,-1.21525671992133
51.56,-1.21525522322117
51.57,-1.21525365221302
51.58,-1.21525201554231
51.59,-1.21525032723364
51.6,-1.21524861938794
51.61,-1.2152469113854
51.62,-1.21524521857547
51.63,-1.21524353376103
51.64,-1.21524185199897
51.65,-1.21524017168488
51.66,-1.21523849707193
51.67,-1.21523683892462
51.68,-1.21523518883088
51.69,-1.21523354667473
51.7,-1.21523192182602
51.71,-1.21523030961178
51.72,-1.21522871563917
51.73,-1.21522713489296
51.74,-1.21522557762689
51.75,-1.21522404453141
51.76,-1.2152225260506
51.77,-1.21522102679165
51.78,-1.21521954113125
51.79,-1.21521806939714
51.8,-1.21521659030524
51.81,-1.21521510273868
51.82,-1.21521359892532
51.83,-1.2152120838012
51.84,-1.21521054721137
51.85,-1.21520898847475
51.86,-1.21520741688533
51.87,-1.21520582818126
51.88,-1.21520422802116
51.89,-1.21520261596872
51.9,-1.2152010174319
51.91,-1.21519944492806
51.92,-1.21519790192814
51.93,-1.2151963849174
51.94,-1.21519488305171
51.95,-1.21519340489459
51.96,-1.21519195609759
51.97,-1.21519053776132
51.98,-1.21518915018988
51.99,-1.21518778386886
52,-1.21515987639481
52.01,-1.21515847649406
52.02,-1.21515704887705
52.03,-1.21515558742537
52.04,-1.21515408095917
52.05,-1.21515253864594
52.06,-1.21515096540248
52.07,-1.21514936228321
52.08,-1.21514772938027
52.09,-1.2151460676056
52.1,-1.21514437220262
52.11,-1.21514262720667
52.12,-1.21514083044105
52.13,-1.21513899607709
52.14,-1.21513712529586
52.15,-1.21513520935413
52.16,-1.21513325261033
52.17,-1.21513124477469
52.18,-1.21512918487562
52.19,-1.21512710113932
52.2,-1.21512505141229
52.21,-1.21512307012046
52.22,-1.2151211598866
52.23,-1.21511932831732
52.24,-1.21511756550324
52.25,-1.2151158711829
52.26,-1.21511425458229
52.27,-1.21511271118322
52.28,-1.21511124688812
52.29,-1.21510985634331
52.3,-1.21510854964142
52.31,-1.21510733194378
52.32,-1.21510620478218
52.33,-1.21510516845779
52.34,-1.2151042230003
52.35,-1.21510336859779
52.36,-1.21510260540203
52.37,-1.21510193291043
52.38,-1.21510135091392
52.39,-1.21510086914116
52.4,-1.21510052329485
52.41,-1.21510033807934
52.42,-1.2151003133838
52.43,-1.21510045597876
52.44,-1.21510076066718
52.45,-1.21510123742609
52.46,-1.21510188672035
52.47,-1.21510269911666
52.48,-1.2151036786336
52.49,-1.21510484749403
52.5,-1.21510630925245
52.51,-1.21510810601939
52.52,-1.21511023952443
52.53,-1.21511272152677
52.54,-1.21511555709069
52.55,-1.21511874701433
52.56,-1.21512228618407
52.57,-1.21512616318207
52.58,-1.21513038565695
52.59,-1.21513490087865
52.6,-1.2151395180447
52.61,-1.21514414265847
52.62,-1.2151487593717
52.63,-1.21515336205802
52.64,-1.21515793947728
52.65,-1.21516250026668
52.66,-1.21516704935409
52.67,-1.21517158320401
52.68,-1.21517609154741
52.69,-1.21518055990284
52.7,-1.21518492061757
52.71,-1.21518915167318
52.72,-1.21519324015903
52.73,-1.21519718964533
52.74,-1.21520099020788
52.75,-1.21520464211556
52.76,-1.2152081546321
52.77,-1.21521152355809
52.78,-1.2152147549571
52.79,-1.21521784850478
52.8,-1.21522082974324
52.81,-1.21522371107547
52.82,-1.21522649630992
52.83,-1.21522918671714
52.84,-1.21523178726984
52.85,-1.21523430916303
52.86,-1.21523674416018
52.87,-1.21523908772482
52.88,-1.21524133855018
52.89,-1.21524348276387
52.9,-1.21524547468847
52.91,-1.21524729403489
52.92,-1.21524893529416
52.93,-1.21525039253578
52.94,-1.2152516549472
52.95,-1.21525273092641
52.96,-1.21525362586341
52.97,-1.2152543415934
52.98,-1.21525487856968
52.99,-1.21525523709602
53,-1.21528221382143
53.01,-1.21528221220844
53.02,-1.21528201832409
53.03,-1.21528164102358
53.04,-1.21528108508633
53.05,-1.21528035189597
53.06,-1.21527943746608
53.07,-1.21527833147343
53.08,-1.21527704255615
53.09,-1.21527561293105
53.1,-1.21527416154054
53.11,-1.21527273267829
53.12,-1.21527135032531
53.13,-1.21527001915094
53.14,-1.21526873124792
53.15,-1.21526749571754
53.16,-1.21526631764385
53.17,-1.21526519388064
53.18,-1.21526411421842
53.19,-1.21526309168504
53.2,-1.21526215104838
53.21,-1.21526131112803
53.22,-1.21526057028659
53.23,-1.2152599347373
53.24,-1.21525939482594
53.25,-1.21525894986261
53.26,-1.21525860884032
53.27,-1.21525836744542
53.28,-1.21525823123382
53.29,-1.21525816685752
53.3,-1.21525808806712
53.31,-1.21525794857014
53.32,-1.21525774672377
53.33,-1.21525748001403
53.34,-1.21525713865426
53.35,-1.2152567313705
53.36,-1.21525626297593
53.37,-1.21525573023253
53.38,-1.21525512313065
53.39,-1.21525441325429
53.4,-1.21525348346009
53.41,-1.21525228079197
53.42,-1.21525079028365
53.43,-1.21524900784418
53.44,-1.2152469368438
53.45,-1.21524458792755
53.46,-1.21524195271856
53.47,-1.21523902676744
53.48,-1.21523580821173
53.49,-1.21523232495286
53.5,-1.21522866820612
53.51,-1.21522487910881
53.52,-1.21522096963344
53.53,-1.21521694297868
53.54,-1.21521280019034
53.55,-1.21520854097477
53.56,-1.21520416557765
53.57,-1.21519967441145
53.58,-1.21519506719846
53.59,-1.21519035340234
53.6,-1.2151855677683
53.61,-1.21518073512265
53.62,-1.21517585561451
53.63,-1.21517093637231
53.64,-1.21516596700308
53.65,-1.2151609477177
53.66,-1.21515588781318
53.67,-1.21515078136082
53.68,-1.21514563532917
53.69,-1.21514047816824
53.7,-1.21513542245931
53.71,-1.21513051120343
53.72,-1.21512576847886
53.73,-1.21512120411986
53.74,-1.21511681606678
53.75,-1.21511259434151
53.76,-1.21510854769087
53.77,-1.2151046766541
53.78,-1.21510097174411
53.79,-1.21509738513192
53.8,-1.21509374024989
53.81,-1.2150899658564
53.82,-1.21508603493975
53.83,-1.21508194666072
53.84,-1.21507768882129
53.85,-1.21507326017791
53.86,-1.21506866988279
53.87,-1.21506391346
53.88,-1.21505899680228
53.89,-1.21505390965637
53.9,-1.21504864662095
53.91,-1.21504320100697
53.92,-1.21503756071291
53.93,-1.21503173508766
53.94,-1.21502572891318
53.95,-1.21501954357265
53.96,-1.215013174551
53.97,-1.21500661057317
53.98,-1.21499985973674
53.99,-1.21499296041312
54,-1.2149589023604
54.01,-1.21495195897077
54.02,-1.21494503080999
54.03,-1.21493811653835
54.04,-1.21493122683382
54.05,-1.2149243631545
54.06,-1.21491751525071
54.07,-1.21491068947911
54.08,-1.21490387845256
54.09,-1.21489705408958
54.1,-1.21489009536416
54.11,-1.214882947008
54.12,-1.2148755923869
54.13,-1.21486802209048
54.14,-1.21486022362718
54.15,-1.21485220545742
54.16,-1.21484397172507
54.17,-1.21483552357247
54.18,-1.21482686132936
54.19,-1.21481801868557
54.2,-1.21480910680648
54.21,-1.21480018112064
54.22,-1.21479126723269
54.23,-1.21478236091752
54.24,-1.21477345800438
54.25,-1.21476455682561
54.26,-1.21475566213345
54.27,-1.21474678555426
54.28,-1.21473791722794
54.29,-1.21472906393631
54.3,-1.21472025513718
54.31,-1.21471149941102
54.32,-1.21470279035446
54.33,-1.21469413794679
54.34,-1.2146855483727
54.35,-1.21467702294631
54.36,-1.21466855739622
54.37,-1.21466014084428
54.38,-1.21465178201191
54.39,-1.21464347640909
54.4,-1.21463519292654
54.41,-1.21462691743584
54.42,-1.21461864672166
54.43,-1.21461037958154
54.44,-1.2146021190807
54.45,-1.21459387820073
54.46,-1.21458564721378
54.47,-1.21457742125014
54.48,-1.21456919774603
54.49,-1.21456098256371
54.5,-1.21455279167756
54.51,-1.21454463283233
54.52,-1.21453650686958
54.53,-1.21452841250893
54.54,-1.21452033568119
54.55,-1.21451228567209
54.56,-1.21450426640386
54.57,-1.21449628201835
54.58,-1.21448833286001
54.59,-1.21448039379283
54.6,-1.21447238669636
54.61,-1.21446428528574
54.62,-1.21445607539294
54.63,-1.21444775907949
54.64,-1.21443932556666
54.65,-1.21443077448637
54.66,-1.21442211487521
54.67,-1.21441334125737
54.68,-1.21440445980811
54.69,-1.21439545983388
54.7,-1.21438633091717
54.71,-1.21437705909225
54.72,-1.21436764734603
54.73,-1.21435808883536
54.74,-1.21434839426925
54.75,-1.21433856464625
54.76,-1.21432858935542
54.77,-1.21431847361641
54.78,-1.21430820980906
54.79,-1.21429781525539
54.8,-1.21428731110505
54.81,-1.21427670740432
54.82,-1.21426600665494
54.83,-1.21425520804492
54.84,-1.21424431771862
54.85,-1.21423334804328
54.86,-1.21422228847606
54.87,-1.21421113431726
54.88,-1.21419988282032
54.89,-1.2141885032288
54.9,-1.21417689157863
54.91,-1.21416500718936
54.92,-1.2141528476068
54.93,-1.21414039896994
54.94,-1.21412765431269
54.95,-1.21411461017462
54.96,-1.21410127177028
54.97,-1.21408764964756
54.98,-1.21407373337282
54.99,-1.21405953236973
55,-1.21415114526243
55.01,-1.21413649683729
55.02,-1.21412164259146
55.03,-1.21410658803466
55.04,-1.21409134570333
55.05,-1.21407590531958
55.06,-1.21406026119131
55.07,-1.21404441124238
55.08,-1.21402835410776
55.09,-1.21401215350382
55.1,-1.21399601593563
55.11,-1.21398002318506
55.12,-1.21396420878532
55.13,-1.21394857370934
55.14,-1.21393313246851
55.15,-1.21391788724384
55.16,-1.21390282753669
55.17,-1.2138879606045
55.18,-1.21387327947399
55.19,-1.21385880681317
55.2,-1.21384459165255
55.21,-1.21383067001589
55.22,-1.21381705063835
55.23,-1.21380371969081
55.24,-1.21379067671616
55.25,-1.21377793274557
55.26,-1.21376548399204
55.27,-1.21375334286003
55.28,-1.21374151101846
55.29,-1.21372990674804
55.3,-1.21371831077324
55.31,-1.21370663568304
55.32,-1.21369484889299
55.33,-1.21368294912818
55.34,-1.21367092230506
55.35,-1.2136587667341
55.36,-1.21364649253222
55.37,-1.2136340945911
55.38,-1.21362157976496
55.39,-1.21360895261692
55.4,-1.21359626684659
55.41,-1.21358355810988
55.42,-1.21357082800424
55.43,-1.21355808595201
55.44,-1.21354532047507
55.45,-1.21353253089101
55.46,-1.21351972845329
55.47,-1.21350690775939
55.48,-1.21349407579624
55.49,-1.21348123140956
55.5,-1.21346840633
55.51,-1.21345562003202
55.52,-1.21344289011722
55.53,-1.21343020798621
55.54,-1.2134175680162
55.55,-1.21340496864284
55.56,-1.21339241528645
55.57,-1.21337992084823
55.58,-1.21336747520515
55.59,-1.21335509488966
55.6,-1.21334284752213
55.61,-1.21333075412782
55.62,-1.21331883428903
55.63,-1.21330709190198
55.64,-1.21329551538162
55.65,-1.21328411733676
55.66,-1.21327290385277
55.67,-1.21326187113551
55.68,-1.21325100710163
55.69,-1.21324031099476
55.7,-1.21322975106561
55.71,-1.2132193128994
55.72,-1.21320899157841
55.73,-1.21319878635243
55.74,-1.21318869655153
55.75,-1.21317872271112
55.76,-1.21316886516276
55.77,-1.21315912359957
55.78,-1.21314949809777
55.79,-1.21313994834859
55.8,-1.21313034131546
55.81,-1.21312062235016
55.82,-1.21311078787377
55.83,-1.21310082254724
55.84,-1.21309071874964
55.85,-1.21308047392791
55.86,-1.21307009360627
55.87,-1.2130595906157
55.88,-1.21304895457272
55.89,-1.21303819586698
55.9,-1.21302737106426
55.91,-1.21301650484201
55.92,-1.21300560497856
55.93,-1.21299467303219
55.94,-1.21298371494667
55.95,-1.21297274573153
55.96,-1.2129617543301
55.97,-1.21295073415862
55.98,-1.21293968383024
55.99,-1.21292869074745
56,-1.21310411070817
56.01,-1.21309391903824
56.02,-1.21308423534054
56.03,-1.21307507083315
56.04,-1.21306641652327
56.05,-1.21305828459426
56.06,-1.21305068226674
56.07,-1.21304360525115
56.08,-1.21303704075808
56.09,-1.21303105302429
56.1,-1.21302582917723
56.11,-1.21302146278445
56.12,-1.21301796551225
56.13,-1.21301533640432
56.14,-1.21301358046577
56.15,-1.21301270987675
56.16,-1.21301271249675
56.17,-1.21301358634551
56.18,-1.21301534147588
56.19,-1.21301792909585
56.2,-1.21302122394594
56.21,-1.2130251758868
56.22,-1.21302978126432
56.23,-1.21303502298368
56.24,-1.21304089147821
56.25,-1.21304738269052
56.26,-1.21305449952145
56.27,-1.21306225312717
56.28,-1.2130706299501
56.29,-1.21307952201048
56.3,-1.21308859670764
56.31,-1.21309770590349
56.32,-1.21310680789786
56.33,-1.21311588996874
56.34,-1.21312494890201
56.35,-1.21313398391491
56.36,-1.21314299541876
56.37,-1.21315198380743
56.38,-1.21316094901124
56.39,-1.21316989046786
56.4,-1.21317880826613
56.41,-1.2131877022552
56.42,-1.21319657275454
56.43,-1.21320541981254
56.44,-1.21321424364081
56.45,-1.2132230447124
56.46,-1.2132318227855
56.47,-1.21324057744432
56.48,-1.21324930920656
56.49,-1.21325801799844
56.5,-1.21326670427708
56.51,-1.2132753676897
56.52,-1.21328400839522
56.53,-1.21329262647885
56.54,-1.21330122206493
56.55,-1.21330979509118
56.56,-1.21331834552504
56.57,-1.21332687395599
56.58,-1.21333538017558
56.59,-1.21334386418313
56.6,-1.21335232628828
56.61,-1.21336076666574
56.62,-1.21336918511274
56.63,-1.21337758187746
56.64,-1.21338595678081
56.65,-1.21339431027831
56.66,-1.21340264286306
56.67,-1.2134109539835
56.68,-1.21341924337301
56.69,-1.21342751104795
56.7,-1.2134357573899
56.71,-1.2134439827028
56.72,-1.21345218669617
56.73,-1.21346036942214
56.74,-1.21346853098878
56.75,-1.21347667171143
56.76,-1.21348479159511
56.77,-1.21349289041705
56.78,-1.21350096871487
56.79,-1.21350902637627
56.8,-1.21351706313446
56.81,-1.21352507936917
56.82,-1.21353307502642
56.83,-1.21354105082482
56.84,-1.21354900620059
56.85,-1.21355694137658
56.86,-1.21356485616527
56.87,-1.21357275079436
56.88,-1.21358062536182
56.89,-1.21358847444129
56.9,-1.2135962739164
56.91,-1.2136040033259
56.92,-1.21361167096487
56.93,-1.2136192761035
56.94,-1.21362680781709
56.95,-1.21363427712153
56.96,-1.21364168992477
56.97,-1.21364904243381
56.98,-1.21365632346456
56.99,-1.21366354312599
57,-1.21375274337466
57.01,-1.21375983040102
57.02,-1.21376685091225
57.03,-1.21377379876181
57.04,-1.21378068562239
57.05,-1.21378751218657
57.06,-1.21379426826384
57.07,-1.21380095915592
57.08,-1.21380757842473
57.09,-1.21381413777536
57.1,-1.21382064937437
57.11,-1.21382712772034
57.12,-1.21383356290544
57.13,-1.21383994981043
57.14,-1.21384629274006
57.15,-1.21385260405942
57.16,-1.21385887396797
57.17,-1.21386510229095
57.18,-1.21387129956122
57.19,-1.21387746091405
57.2,-1.21388359819893
57.21,-1.21388971245383
57.22,-1.21389579327519
57.23,-1.21390185171605
57.24,-1.2139078934385
57.25,-1.21391391965664
57.26,-1.21391992564935
57.27,-1.21392589941732
57.28,-1.2139318510399
57.29,-1.21393778602524
57.3,-1.21394370641986
57.31,-1.21394961234382
57.32,-1.21395550447282
57.33,-1.21396138317205
57.34,-1.21396724818335
57.35,-1.21397309945545
57.36,-1.21397893683317
57.37,-1.2139847600455
57.38,-1.21399056934625
57.39,-1.21399636463082
57.4,-1.21400214593651
57.41,-1.21400791865895
57.42,-1.21401369543098
57.43,-1.21401946679623
57.44,-1.21402522738063
57.45,-1.21403097497425
57.46,-1.2140367144097
57.47,-1.21404245756274
57.48,-1.21404819480495
57.49,-1.21405392057604
57.5,-1.21405963367212
57.51,-1.21406533325831
57.52,-1.21407101943903
57.53,-1.21407669239812
57.54,-1.21408235220151
57.55,-1.21408799891322
57.56,-1.21409363246273
57.57,-1.2140992527084
57.58,-1.21410485978351
57.59,-1.21411044304356
57.6,-1.21411596797288
57.61,-1.21412141899631
57.62,-1.21412679221277
57.63,-1.21413208133852
57.64,-1.21413727351029
57.65,-1.21414237908811
57.66,-1.21414740387251
57.67,-1.21415234977064
57.68,-1.21415721815856
57.69,-1.21416198778812
57.7,-1.21416658824854
57.71,-1.21417098860755
57.72,-1.21417518146947
57.73,-1.21417916626499
57.74,-1.21418294456694
57.75,-1.21418651652615
57.76,-1.21418988164155
57.77,-1.21419303952689
57.78,-1.2141959900924
57.79,-1.21419871244137
57.8,-1.214201132853
57.81,-1.21420320982773
57.82,-1.21420494012523
57.83,-1.21420631533138
57.84,-1.21420734614475
57.85,-1.21420803379691
57.86,-1.2142083687932
57.87,-1.21420835629354
57.88,-1.21420799044902
57.89,-1.21420729348519
57.9,-1.21420630123807
57.91,-1.21420501911348
57.92,-1.21420345632224
57.93,-1.21420160241036
57.94,-1.21419945723142
57.95,-1.21419703185381
57.96,-1.21419432156267
57.97,-1.21419133328718
57.98,-1.2141880614728
57.99,-1.21418452770259
58,-1.21408208502475
58.01,-1.21407812594507
58.02,-1.21407396802628
58.03,-1.2140696126706
58.04,-1.214065060049
58.05,-1.21406031062638
58.06,-1.21405536446247
58.07,-1.21405022102106
58.08,-1.21404488084535
58.09,-1.21403934877502
58.1,-1.21403363738112
58.11,-1.21402773686416
58.12,-1.21402164591669
58.13,-1.21401537634339
58.14,-1.21400892243812
58.15,-1.21400229638496
58.16,-1.21399549829877
58.17,-1.21398851299079
58.18,-1.21398133848799
58.19,-1.21397402690004
58.2,-1.21396670698601
58.21,-1.21395943100008
58.22,-1.21395220320696
58.23,-1.21394503745098
58.24,-1.21393794099482
58.25,-1.21393091542324
58.26,-1.21392395653252
58.27,-1.2139170521192
58.28,-1.2139102118842
58.29,-1.21390343628207
58.3,-1.2138967092294
58.31,-1.21389002362667
58.32,-1.21388337677041
58.33,-1.21387676307192
58.34,-1.21387017016922
58.35,-1.21386360782118
58.36,-1.21385708156386
58.37,-1.21385059294744
58.38,-1.21384414264874
58.39,-1.21383772041158
58.4,-1.2138312905831
58.41,-1.21382483135294
58.42,-1.21381832655759
58.43,-1.21381178434617
58.44,-1.21380521041371
58.45,-1.21379860614194
58.46,-1.213791966723
58.47,-1.21378527958328
58.48,-1.21377855449286
58.49,-1.21377178624009
58.5,-1.21376494680912
58.51,-1.21375803259523
58.52,-1.21375102935639
58.53,-1.2137439303456
58.54,-1.21373674006036
58.55,-1.21372946862647
58.56,-1.21372210634021
58.57,-1.21371465268692
58.58,-1.21370711883245
58.59,-1.21369951587421
58.6,-1.21369191502166
58.61,-1.21368435931395
58.62,-1.21367685289135
58.63,-1.21366940510876
58.64,-1.21366200516823
58.65,-1.21365465257442
58.66,-1.21364735780608
58.67,-1.21364011628029
58.68,-1.21363293435398
58.69,-1.21362580041251
58.7,-1.21361871411637
58.71,-1.21361168644125
58.72,-1.21360470652701
58.73,-1.21359776878416
58.74,-1.21359087673544
58.75,-1.2135840427123
58.76,-1.21357725656942
58.77,-1.21357051772991
58.78,-1.21356383764138
58.79,-1.21355719451131
58.8,-1.21355054606275
58.81,-1.21354387468295
58.82,-1.21353717502701
58.83,-1.21353044560317
58.84,-1.21352369130278
58.85,-1.21351692521363
58.86,-1.21351013741676
58.87,-1.21350332149933
58.88,-1.21349647588347
58.89,-1.21348972764395
58.9,-1.21348349538803
58.91,-1.21347796742541
58.92,-1.21347319686476
58.93,-1.21346919874811
58.94,-1.21346597693917
58.95,-1.21346353208592
58.96,-1.21346186321783
58.97,-1.21346096996421
58.98,-1.21346085103161
58.99,-1.21346139449181
59,-1.2135088793261
59.01,-1.21350982777491
59.02,-1.21351085407397
59.03,-1.21351194498991
59.04,-1.21351308530752
59.05,-1.21351428469928
59.06,-1.21351554870844
59.07,-1.21351687326087
59.08,-1.21351824588407
59.09,-1.21351969316634
59.1,-1.213521269997
59.11,-1.21352298969503
59.12,-1.21352486396154
59.13,-1.21352688750396
59.14,-1.21352907239179
59.15,-1.21353141926924
59.16,-1.2135339166484
59.17,-1.21353656931971
59.18,-1.2135393704066
59.19,-1.21354230331596
59.2,-1.21354528365795
59.21,-1.21354827271313
59.22,-1.2135512590763
59.23,-1.21355423957896
59.24,-1.21355721355137
59.25,-1.21356018078421
59.26,-1.21356314126232
59.27,-1.21356609487968
59.28,-1.2135690413652
59.29,-1.21357194782994
59.3,-1.21357471163745
59.31,-1.21357729729921
59.32,-1.21357968703342
59.33,-1.21358188409454
59.34,-1.21358387610108
59.35,-1.21358566252887
59.36,-1.21358725447655
59.37,-1.21358864732861
59.38,-1.21358984849186
59.39,-1.21359089552307
59.4,-1.21359193912614
59.41,-1.2135930378025
59.42,-1.21359421614302
59.43,-1.21359547297786
59.44,-1.21359682131062
59.45,-1.21359826198635
59.46,-1.21359978427503
59.47,-1.21360139260769
59.48,-1.21360308039855
59.49,-1.21360482098555
59.5,-1.21360649485436
59.51,-1.21360805319616
59.52,-1.21360949318972
59.53,-1.21361080067186
59.54,-1.21361196865172
59.55,-1.21361299539876
59.56,-1.21361388622682
59.57,-1.21361465360539
59.58,-1.21361528784761
59.59,-1.21361573999155
59.6,-1.21361586528562
59.61,-1.2136155994377
59.62,-1.21361492446675
59.63,-1.21361383021336
59.64,-1.21361230331888
59.65,-1.21361035385822
59.66,-1.21360798785646
59.67,-1.21360520724467
59.68,-1.21360201297866
59.69,-1.21359843765634
59.7,-1.21359458986796
59.71,-1.21359051816853
59.72,-1.21358623621455
59.73,-1.21358174234143
59.74,-1.21357702542741
59.75,-1.21357209571618
59.76,-1.21356695900426
59.77,-1.2135616169899
59.78,-1.2135560703615
59.79,-1.21355040116121
59.8,-1.2135448860562
59.81,-1.21353965847164
59.82,-1.21353474326797
59.83,-1.21353014423357
59.84,-1.21352586820108
59.85,-1.21352192738962
59.86,-1.21351831197996
59.87,-1.21351502141305
59.88,-1.21351206643015
59.89,-1.21350940352861
59.9,-1.21350691788362
59.91,-1.21350455902285
59.92,-1.2135023124385
59.93,-1.21350017396636
59.94,-1.2134981478161
59.95,-1.21349624602162
59.96,-1.21349445859398
59.97,-1.21349277938676
59.98,-1.21349120681918
59.99,-1.21348971806086
60,-1.21348265768382
60.01,-1.21348112968107
60.02,-1.21347954493923
60.03,-1.21347791139904
60.04,-1.21347622288814
60.05,-1.21347449174517
60.06,-1.21347271860449
60.07,-1.21347089271964
60.08,-1.21346901940613
60.09,-1.21346710275415
60.1,-1.21346518555417
60.11,-1.21346327757251
60.12,-1.21346138977712
60.13,-1.2134595168363
60.14,-1.21345767110203
60.15,-1.21345585349562
60.16,-1.21345405321214
60.17,-1.21345227521089
60.18,-1.21345051284983
60.19,-1.21344886612099
60.2,-1.21344762579498
60.21,-1.2134469103552
60.22,-1.21344676659511
60.23,-1.21344720982224
60.24,-1.21344823819951
60.25,-1.21344983952928
60.26,-1.21345202274788
60.27,-1.21345478674222
60.28,-1.21345811908775
60.29,-1.21346197389485
60.3,-1.21346616952169
60.31,-1.21347061280264
60.32,-1.21347528530733
60.33,-1.21348016769044
60.34,-1.21348525620152
60.35,-1.21349056005387
60.36,-1.21349607354687
60.37,-1.21350180798176
60.38,-1.21350776366865
60.39,-1.21351385339195
60.4,-1.2135198353178
60.41,-1.21352560856974
60.42,-1.2135311559804
60.43,-1.2135364595836
60.44,-1.21354151206374
60.45,-1.21354631216571
60.46,-1.21355086506599
60.47,-1.21355518366644
60.48,-1.21355925865968
60.49,-1.21356312288003
60.5,-1.2135668949738
60.51,-1.21357061839688
60.52,-1.21357431338169
60.53,-1.2135779778417
60.54,-1.21358162502098
60.55,-1.21358525591601
60.56,-1.2135888598423
60.57,-1.21359244188445
60.58,-1.21359599552285
60.59,-1.21359950535886
60.6,-1.21360288324799
60.61,-1.21360607377276
60.62,-1.21360906430178
60.63,-1.2136118680326
60.64,-1.21361448650798
60.65,-1.21361690937164
60.66,-1.21361914201733
60.67,-1.21362117251968
60.68,-1.21362300043142
60.69,-1.21362463677162
60.7,-1.21362607185408
60.71,-1.21362730029525
60.72,-1.21362832098102
60.73,-1.2136291339282
60.74,-1.21362974448502
60.75,-1.21363016517614
60.76,-1.21363038666372
60.77,-1.21363040378167
60.78,-1.21363021552514
60.79,-1.21362984852865
60.8,-1.21362939655028
60.81,-1.21362891158352
60.82,-1.21362840058051
60.83,-1.21362787357637
60.84,-1.21362732024723
60.85,-1.21362673982496
60.86,-1.21362614300531
60.87,-1.21362552508141
60.88,-1.21362489281876
60.89,-1.21362425618027
60.9,-1.21362367986616
60.91,-1.21362319357676
60.92,-1.21362280586627
60.93,-1.21362251368825
60.94,-1.21362230520318
60.95,-1.21362219000584
60.96,-1.21362217380873
60.97,-1.21362225825957
60.98,-1.21362244371237
60.99,-1.21362272459213
61,-1.21359298327726
61.01,-1.21359341138506
61.02,-1.21359390668069
61.03,-1.21359446828438
61.04,-1.21359510134856
61.05,-1.21359581801928
61.06,-1.21359660866672
61.07,-1.21359746720657
61.08,-1.21359839165985
61.09,-1.21359937634281
61.1,-1.21360040344042
61.11,-1.21360146479648
61.12,-1.21360255810009
61.13,-1.21360368256725
61.14,-1.21360483786724
61.15,-1.21360602396667
61.16,-1.21360724098439
61.17,-1.21360848882501
61.18,-1.21360976723951
61.19,-1.21361102812898
61.2,-1.21361211315225
61.21,-1.21361295679255
61.22,-1.21361355146537
61.23,-1.21361388223866
61.24,-1.21361394219411
61.25,-1.21361372970991
61.26,-1.2136132499602
61.27,-1.21361251548485
61.28,-1.21361151684667
61.29,-1.21361028069977
61.3,-1.21360891695898
61.31,-1.21360748484774
61.32,-1.21360599340123
61.33,-1.21360445311218
61.34,-1.2136028539726
61.35,-1.21360119537434
61.36,-1.2135994879751
61.37,-1.21359772698845
61.38,-1.21359591911807
61.39,-1.2135941010919
61.4,-1.21359242571907
61.41,-1.21359096731189
61.42,-1.21358975763517
61.43,-1.21358879219985
61.44,-1.21358806674145
61.45,-1.21358757964415
61.46,-1.21358733552492
61.47,-1.21358734633423
61.48,-1.21358760190541
61.49,-1.2135880640662
61.5,-1.21358861958427
61.51,-1.21358920828344
61.52,-1.21358982627525
61.53,-1.21359047006632
61.54,-1.21359112781648
61.55,-1.2135918091259
61.56,-1.21359251960553
61.57,-1.21359325567551
61.58,-1.21359400564919
61.59,-1.21359467776074
61.6,-1.21359493817487
61.61,-1.21359462716531
61.62,-1.21359370776923
61.63,-1.21359216223795
61.64,-1.21358999905878
61.65,-1.21358721867999
61.66,-1.21358381066638
61.67,-1.21357978024244
61.68,-1.2135751210825
61.69,-1.21356989806213
61.7,-1.21356429359912
61.71,-1.2135583835223
61.72,-1.21355217827269
61.73,-1.21354569382154
61.74,-1.21353893793579
61.75,-1.21353191209133
61.76,-1.21352461192332
61.77,-1.21351702498326
61.78,-1.21350916054723
61.79,-1.21350109966302
61.8,-1.21349309804168
61.81,-1.21348527962386
61.82,-1.21347766711474
61.83,-1.21347026378164
61.84,-1.21346307662899
61.85,-1.21345611806004
61.86,-1.21344937929747
61.87,-1.21344285887715
61.88,-1.21343656811548
61.89,-1.21343047507858
61.9,-1.21342450768654
61.91,-1.21341864500602
61.92,-1.21341286742639
61.93,-1.2134071665501
61.94,-1.21340154552374
61.95,-1.21339601603917
61.96,-1.2133905678504
61.97,-1.21338520071831
61.98,-1.21337992567159
61.99,-1.21337468883973
62,-1.21337949199475
62.01,-1.21337398943846
62.02,-1.21336830412118
62.03,-1.21336243733768
62.04,-1.213356376063
62.05,-1.21335011902148
62.06,-1.21334367678058
62.07,-1.2133370443375
62.08,-1.21333022805591
62.09,-1.21332323825793
62.1,-1.21331613574141
62.11,-1.21330893795795
62.12,-1.21330166378836
62.13,-1.2132943155634
62.14,-1.21328688299928
62.15,-1.2132793770925
62.16,-1.21327180403884
62.17,-1.21326415961627
62.18,-1.21325643188775
62.19,-1.21324866369929
62.2,-1.21324097012037
62.21,-1.21323340202188
62.22,-1.21322597378509
62.23,-1.21321868918265
62.24,-1.21321155498636
62.25,-1.21320458463616
62.26,-1.21319776809014
62.27,-1.21319109980487
62.28,-1.21318457814887
62.29,-1.21317818583485
62.3,-1.21317186799179
62.31,-1.21316560573901
62.32,-1.21315940455396
62.33,-1.21315325219095
62.34,-1.21314714246936
62.35,-1.21314107345476
62.36,-1.21313505020703
62.37,-1.21312908534727
62.38,-1.21312316876535
62.39,-1.21311726139776
62.4,-1.21311125104522
62.41,-1.2131050878763
62.42,-1.213098757759
62.43,-1.213092250934
62.44,-1.21308555351661
62.45,-1.2130786755592
62.46,-1.21307162252008
62.47,-1.2130643959696
62.48,-1.2130569963154
62.49,-1.21304942942821
62.5,-1.21304171911208
62.51,-1.21303388643489
62.52,-1.21302592919896
62.53,-1.21301785486445
62.54,-1.21300965170065
62.55,-1.21300131926689
62.56,-1.21299286815892
62.57,-1.21298429343497
62.58,-1.21297560182507
62.59,-1.21296681494473
62.6,-1.21295803807658
62.61,-1.21294931374809
62.62,-1.21294064270335
62.63,-1.21293203932809
62.64,-1.21292351049503
62.65,-1.21291505900496
62.66,-1.21290667926837
62.67,-1.21289835847652
62.68,-1.21289010711023
62.69,-1.21288195934138
62.7,-1.21287401674089
62.71,-1.2128663349602
62.72,-1.21285892129024
62.73,-1.21285178647669
62.74,-1.21284491950826
62.75,-1.21283832030135
62.76,-1.21283199973185
62.77,-1.21282595253449
62.78,-1.21282018571029
62.79,-1.21281465268062
62.8,-1.21280922831292
62.81,-1.21280384688875
62.82,-1.21279849812543
62.83,-1.21279317078676
62.84,-1.21278787574723
62.85,-1.21278261363893
62.86,-1.21277737308677
62.87,-1.21277215870866
62.88,-1.21276696405006
62.89,-1.21276178967515
62.9,-1.21275660435459
62.91,-1.21275139884347
62.92,-1.21274618206584
62.93,-1.21274094250336
62.94,-1.21273567333738
62.95,-1.21273037300985
62.96,-1.21272504659737
62.97,-1.21271970732194
62.98,-1.21271434451718
62.99,-1.21270903878162
63,-1.21282091007237
63.01,-1.21281640485138
63.02,-1.21281238295968
63.03,-1.21280886498878
63.04,-1.21280585966869
63.05,-1.21280336884184
63.06,-1.21280138701521
63.07,-1.21279990051462
63.08,-1.21279891897951
63.09,-1.21279850531515
63.1,-1.21279885615202
63.11,-1.21280006846808
63.12,-1.21280215993175
63.13,-1.21280514250482
63.14,-1.21280900351389
63.15,-1.21281374036275
63.16,-1.21281936194965
63.17,-1.21282585980426
63.18,-1.21283323785579
63.19,-1.21284134325706
63.2,-1.2128497136533
63.21,-1.21285814378093
63.22,-1.21286657511184
63.23,-1.2128749911661
63.24,-1.21288339304417
63.25,-1.21289179225271
63.26,-1.2129001784028
63.27,-1.21290854493739
63.28,-1.21291689059412
63.29,-1.21292521523784
63.3,-1.21293351861402
63.31,-1.21294180061401
63.32,-1.21295006129959
63.33,-1.21295830070331
63.34,-1.21296651872747
63.35,-1.21297471529311
63.36,-1.21298289098203
63.37,-1.21299104567744
63.38,-1.21299917928439
63.39,-1.21300729203938
63.4,-1.21301538391146
63.41,-1.21302345507276
63.42,-1.21303150561482
63.43,-1.21303953592151
63.44,-1.21304754541976
63.45,-1.21305553442061
63.46,-1.21306350284923
63.47,-1.21307145112546
63.48,-1.21307937909474
63.49,-1.21308728727482
63.5,-1.21309517538331
63.51,-1.21310304345936
63.52,-1.21311089169867
63.53,-1.21311871996688
63.54,-1.21312652805498
63.55,-1.21313431628574
63.56,-1.21314208466818
63.57,-1.21314983336654
63.58,-1.21315756233039
63.59,-1.21316527159457
63.6,-1.21317296194263
63.61,-1.2131806336055
63.62,-1.21318828565476
63.63,-1.21319591819418
63.64,-1.21320353113338
63.65,-1.2132111247076
63.66,-1.21321869896698
63.67,-1.21322625431902
63.68,-1.21323379092479
63.69,-1.21324130875733
63.7,-1.21324880763902
63.71,-1.21325628783428
63.72,-1.2132637494626
63.73,-1.21327119246696
63.74,-1.21327861656096
63.75,-1.21328602195716
63.76,-1.2132934087466
63.77,-1.21330077714183
63.78,-1.21330812706777
63.79,-1.21331545884325
63.8,-1.2133227725076
63.81,-1.21333006820595
63.82,-1.2133373455544
63.83,-1.2133446048556
63.84,-1.21335184659125
63.85,-1.21335907054034
63.86,-1.21336627700494
63.87,-1.21337346483093
63.88,-1.21338063439888
63.89,-1.21338778614156
63.9,-1.21339492050134
63.91,-1.21340203743668
63.92,-1.2134091371127
63.93,-1.213416219177
63.94,-1.2134232837081
63.95,-1.21343033103359
63.96,-1.21343736114395
63.97,-1.21344437418853
63.98,-1.21345137006791
63.99,-1.21345834902266
64,-1.21347109509994
64.01,-1.21347803923903
64.02,-1.21348496602504
64.03,-1.21349187613546
64.04,-1.21349876941028
64.05,-1.21350564601963
64.06,-1.21351250577553
64.07,-1.21351934849932
64.08,-1.21352617485787
64.09,-1.21353297398283
64.1,-1.21353971094607
64.11,-1.21354637039992
64.12,-1.2135529483075
64.13,-1.21355944347449
64.14,-1.21356586133354
64.15,-1.21357221412885
64.16,-1.21357849226142
64.17,-1.21358469037521
64.18,-1.21359080701818
64.19,-1.21359685297719
64.2,-1.2136028631516
64.21,-1.21360885308888
64.22,-1.21361482698417
64.23,-1.21362078531333
64.24,-1.21362673441973
64.25,-1.21363268888991
64.26,-1.21363863946709
64.27,-1.21364457985534
64.28,-1.2136505079275
64.29,-1.2136564278268
64.3,-1.21366235587138
64.31,-1.21366830438941
64.32,-1.21367428762695
64.33,-1.21368029684969
64.34,-1.21368632757831
64.35,-1.2136923778905
64.36,-1.21369845243689
64.37,-1.21370456262513
64.38,-1.21371069971262
64.39,-1.21371684253406
64.4,-1.21372293240556
64.41,-1.21372893459889
64.42,-1.21373484634123
64.43,-1.21374065465715
64.44,-1.21374635908573
64.45,-1.21375197023016
64.46,-1.21375748345449
64.47,-1.21376290525074
64.48,-1.21376822971157
64.49,-1.21377346365391
64.5,-1.21377859589299
64.51,-1.21378362078562
64.52,-1.21378853642946
64.53,-1.21379333747741
64.54,-1.21379801307013
64.55,-1.213802572199
64.56,-1.21380702014961
64.57,-1.21381135978949
64.58,-1.21381559196338
64.59,-1.21381973238352
64.6,-1.21382383257404
64.61,-1.21382791529347
64.62,-1.2138319873344
64.63,-1.21383605012943
64.64,-1.21384009848054
64.65,-1.21384412063947
64.66,-1.21384812723669
64.67,-1.21385212314639
64.68,-1.21385610879292
64.69,-1.21386010509455
64.7,-1.21386417469629
64.71,-1.21386833590055
64.72,-1.21387260141417
64.73,-1.21387696707958
64.74,-1.21388144377859
64.75,-1.21388603219023
64.76,-1.21389072248713
64.77,-1.21389551841602
64.78,-1.21390041409939
64.79,-1.21390540977414
64.8,-1.21391048249366
64.81,-1.21391563012217
64.82,-1.21392083891474
64.83,-1.21392610189816
64.84,-1.21393142251289
64.85,-1.21393681270794
64.86,-1.21394226250108
64.87,-1.21394777147156
64.88,-1.21395334928653
64.89,-1.21395896071702
64.9,-1.2139645175709
64.91,-1.21396998111191
64.92,-1.21397534103438
64.93,-1.21398059448505
64.94,-1.21398574644134
64.95,-1.21399080756039
64.96,-1.21399577086055
64.97,-1.21400063152181
64.98,-1.21400538593548
64.99,-1.2140100499683
65,-1.21389537506491
65.01,-1.21389998080218
65.02,-1.21390457378553
65.03,-1.21390915092693
65.04,-1.21391370128495
65.05,-1.21391823439961
65.06,-1.21392275552679
65.07,-1.21392726609747
65.08,-1.2139317662528
65.09,-1.21393624641286
65.1,-1.21394066914414
65.11,-1.2139450037161
65.12,-1.21394924335056
65.13,-1.2139533971708
65.14,-1.21395745997349
65.15,-1.21396144283092
65.16,-1.21396534659968
65.17,-1.21396915702471
65.18,-1.21397287308466
65.19,-1.21397651397837
65.2,-1.21398010245043
65.21,-1.21398364796131
65.22,-1.21398715338403
65.23,-1.21399061976767
65.24,-1.2139940473237
65.25,-1.21399743624672
65.26,-1.21400078645241
65.27,-1.21400409795484
65.28,-1.2140073712388
65.29,-1.21401059157176
65.3,-1.21401371025309
65.31,-1.2140167059637
65.32,-1.21401957306391
65.33,-1.21402231021996
65.34,-1.21402491226488
65.35,-1.21402736801465
65.36,-1.21402968688786
65.37,-1.21403187391877
65.38,-1.21403393080395
65.39,-1.21403590769146
65.4,-1.21403797168793
65.41,-1.2140402057636
65.42,-1.21404262576721
65.43,-1.21404524255101
65.44,-1.21404805247362
65.45,-1.21405106599692
65.46,-1.21405428315775
65.47,-1.21405769384281
65.48,-1.21406130205105
65.49,-1.21406506218043
65.5,-1.21406885623033
65.51,-1.21407262747762
65.52,-1.21407634961803
65.53,-1.21408002714391
65.54,-1.21408366436542
65.55,-1.21408726261969
65.56,-1.21409081766255
65.57,-1.21409431848199
65.58,-1.21409777402964
65.59,-1.21410117015217
65.6,-1.21410444439633
65.61,-1.21410757357784
65.62,-1.21411056124957
65.63,-1.21411339679018
65.64,-1.21411607570523
65.65,-1.21411859636098
65.66,-1.21412096336893
65.67,-1.21412318789312
65.68,-1.21412526129037
65.69,-1.21412718853416
65.7,-1.21412900037335
65.71,-1.21413071087568
65.72,-1.21413232416927
65.73,-1.21413383654827
65.74,-1.2141352375889
65.75,-1.21413653662754
65.76,-1.21413773885256
65.77,-1.21413884592655
65.78,-1.21413985844074
65.79,-1.21414078630694
65.8,-1.21414166621676
65.81,-1.21414252338205
65.82,-1.2141433579493
65.83,-1.21414417707546
65.84,-1.21414497088878
65.85,-1.21414573901748
65.86,-1.21414649108135
65.87,-1.21414722270272
65.88,-1.21414793966268
65.89,-1.21414863654017
65.9,-1.2141493237875
65.91,-1.21415000687692
65.92,-1.21415068741735
65.93,-1.21415136586759
65.94,-1.2141520423026
65.95,-1.21415271672105
65.96,-1.21415338931118
65.97,-1.21415406001359
65.98,-1.21415472890122
65.99,-1.21415538152754
66,-1.21408293970369
66.01,-1.21408344872415
66.02,-1.2140838828796
66.03,-1.21408423175368
66.04,-1.21408448983144
66.05,-1.2140846557563
66.06,-1.21408473414667
66.07,-1.21408473591918
66.08,-1.21408465231094
66.09,-1.21408448828485
66.1,-1.21408427910724
66.11,-1.21408404873194
66.12,-1.21408379238627
66.13,-1.21408350641382
66.14,-1.21408319467055
66.15,-1.21408286808123
66.16,-1.21408251815565
66.17,-1.21408214410101
66.18,-1.21408175542968
66.19,-1.21408134779007
66.2,-1.21408093247046
66.21,-1.21408051946184
66.22,-1.2140801210124
66.23,-1.21407972884983
66.24,-1.21407933814736
66.25,-1.21407894746872
66.26,-1.21407856128013
66.27,-1.21407819051804
66.28,-1.21407782661613
66.29,-1.21407746429494
66.3,-1.21407709728849
66.31,-1.21407671434575
66.32,-1.21407632389101
66.33,-1.21407593100567
66.34,-1.21407553268044
66.35,-1.2140751183145
66.36,-1.21407469628139
66.37,-1.21407426689088
66.38,-1.2140738207285
66.39,-1.21407337210352
66.4,-1.21407294686445
66.41,-1.21407256423469
66.42,-1.21407221754486
66.43,-1.2140719070247
66.44,-1.21407164247036
66.45,-1.21407141536996
66.46,-1.21407122079112
66.47,-1.21407106139677
66.48,-1.21407094740416
66.49,-1.21407087965077
66.5,-1.21407088493091
66.51,-1.21407097098716
66.52,-1.21407113014184
66.53,-1.21407137192606
66.54,-1.21407170152412
66.55,-1.21407212012814
66.56,-1.21407262352286
66.57,-1.21407320074275
66.58,-1.21407386043226
66.59,-1.2140745883225
66.6,-1.21407532264569
66.61,-1.21407604019058
66.62,-1.21407674411099
66.63,-1.21407742367344
66.64,-1.21407807330218
66.65,-1.21407869146401
66.66,-1.21407928258075
66.67,-1.2140798572647
66.68,-1.2140804068019
66.69,-1.2140809310961
66.7,-1.21408144448608
66.71,-1.21408195844186
66.72,-1.21408248563781
66.73,-1.21408301807204
66.74,-1.21408355080269
66.75,-1.21408408249835
66.76,-1.21408461731772
66.77,-1.21408516615267
66.78,-1.21408572041426
66.79,-1.21408627032169
66.8,-1.2140867940172
66.81,-1.21408727306532
66.82,-1.21408771403178
66.83,-1.21408811659398
66.84,-1.21408847131586
66.85,-1.21408878724689
66.86,-1.21408906958451
66.87,-1.21408931512166
66.88,-1.21408951330553
66.89,-1.21408967776162
66.9,-1.21408982931874
66.91,-1.21408997629825
66.92,-1.21409012134309
66.93,-1.21409026031943
66.94,-1.21409038240724
66.95,-1.21409049633014
66.96,-1.21409060723438
66.97,-1.21409071645306
66.98,-1.21409082429404
66.99,-1.21409092645078
67,-1.21407403583643
67.01,-1.21407410872774
67.02,-1.21407416285328
67.03,-1.21407420373519
67.04,-1.21407422124787
67.05,-1.21407421444267
67.06,-1.21407419275494
67.07,-1.21407415207989
67.08,-1.21407409810979
67.09,-1.21407399712374
67.1,-1.21407376068011
67.11,-1.21407334170467
67.12,-1.2140727338433
67.13,-1.2140719283149
67.14,-1.21407093449231
67.15,-1.2140697531638
67.16,-1.21406837508944
67.17,-1.21406680485392
67.18,-1.21406503667615
67.19,-1.2140631332819
67.2,-1.21406127678076
67.21,-1.21405955662322
67.22,-1.21405798662408
67.23,-1.2140565682567
67.24,-1.21405530644915
67.25,-1.21405421198787
67.26,-1.21405327621127
67.27,-1.21405249831917
67.28,-1.21405188791592
67.29,-1.21405142634586
67.3,-1.21405107191545
67.31,-1.21405079808312
67.32,-1.21405060450054
67.33,-1.21405048380832
67.34,-1.21405044535644
67.35,-1.21405048969864
67.36,-1.21405060738281
67.37,-1.21405080279298
67.38,-1.21405107006199
67.39,-1.2140514096119
67.4,-1.21405179060321
67.41,-1.21405218969317
67.42,-1.21405260720703
67.43,-1.21405303609949
67.44,-1.21405348600448
67.45,-1.21405395760052
67.46,-1.21405444178079
67.47,-1.21405494282588
67.48,-1.21405545468648
67.49,-1.21405598283323
67.5,-1.21405651699721
67.51,-1.21405705646872
67.52,-1.21405761051627
67.53,-1.21405816980498
67.54,-1.21405872939643
67.55,-1.21405928814201
67.56,-1.21405985011686
67.57,-1.21406042582312
67.58,-1.21406100680901
67.59,-1.21406158359503
67.6,-1.21406213420574
67.61,-1.21406264019175
67.62,-1.21406310822665
67.63,-1.21406353842211
67.64,-1.21406392137154
67.65,-1.21406426590951
67.66,-1.21406457702119
67.67,-1.21406485141079
67.68,-1.2140650781235
67.69,-1.21406526639726
67.7,-1.21406542630798
67.71,-1.21406557045626
67.72,-1.21406569532378
67.73,-1.2140658066821
67.74,-1.21406589436248
67.75,-1.21406595751583
67.76,-1.21406600595052
67.77,-1.21406603563354
67.78,-1.21406605216911
67.79,-1.21406605949906
67.8,-1.21406609413604
67.81,-1.21406616450098
67.82,-1.21406628469444
67.83,-1.21406645653948
67.84,-1.21406667093652
67.85,-1.21406693687724
67.86,-1.21406725936694
67.87,-1.21406763522567
67.88,-1.21406805407352
67.89,-1.2140685151596
67.9,-1.21406898765678
67.91,-1.21406944830021
67.92,-1.21406989731877
67.93,-1.21407032763168
67.94,-1.21407074886338
67.95,-1.21407116168227
67.96,-1.21407155678531
67.97,-1.21407193849555
67.98,-1.21407230126182
67.99,-1.21407266001232
68,-1.21407142259827
68.01,-1.21407180289479
68.02,-1.21407220376883
68.03,-1.21407263105595
68.04,-1.21407308157452
68.05,-1.21407354496784
68.06,-1.21407402986734
68.07,-1.21407453648227
68.08,-1.2140750553329
68.09,-1.21407560938591
68.1,-1.21407624534402
68.11,-1.21407697453882
68.12,-1.21407780715296
68.13,-1.2140787389656
68.14,-1.21407978025823
68.15,-1.21408093175289
68.16,-1.21408218426127
68.17,-1.21408354164193
68.18,-1.21408499771188
68.19,-1.21408659043521
68.2,-1.21408842223134
68.21,-1.214090546279
68.22,-1.21409296577622
68.23,-1.21409567834672
68.24,-1.21409868802511
68.25,-1.21410200539295
68.26,-1.21410562014425
68.27,-1.21410953089826
68.28,-1.21411374609293
68.29,-1.21411820930188
68.3,-1.21412276094551
68.31,-1.21412733067344
68.32,-1.21413189851364
68.33,-1.21413645880531
68.34,-1.21414100968976
68.35,-1.21414555067366
68.36,-1.21415008192172
68.37,-1.21415460364432
68.38,-1.21415911539675
68.39,-1.21416361744747
68.4,-1.21416810994992
68.41,-1.21417259282156
68.42,-1.21417706591209
68.43,-1.21418152925387
68.44,-1.2141859828174
68.45,-1.21419042670147
68.46,-1.21419486098381
68.47,-1.2141992858594
68.48,-1.2142037013241
68.49,-1.21420810742337
68.5,-1.21421250425961
68.51,-1.21421689186464
68.52,-1.21422127004915
68.53,-1.21422563887294
68.54,-1.21422999828728
68.55,-1.21423434809777
68.56,-1.21423868840855
68.57,-1.21424301980656
68.58,-1.21424734200274
68.59,-1.21425165502876
68.6,-1.2142559587565
68.61,-1.21426025312511
68.62,-1.21426453815183
68.63,-1.2142688141645
68.64,-1.21427308116817
68.65,-1.21427733919365
68.66,-1.21428158817431
68.67,-1.21428582816339
68.68,-1.21429005905313
68.69,-1.21429428090688
68.7,-1.21429849373813
68.71,-1.21430269765388
68.72,-1.21430689261713
68.73,-1.21431107919141
68.74,-1.21431525730462
68.75,-1.21431942668582
68.76,-1.21432358721136
68.77,-1.21432773897422
68.78,-1.21433188197693
68.79,-1.2143360160016
68.8,-1.21434014117869
68.81,-1.21434425772199
68.82,-1.21434836569173
68.83,-1.21435246492483
68.84,-1.21435655545046
68.85,-1.21436063755672
68.86,-1.21436471115153
68.87,-1.21436877630934
68.88,-1.21437283324579
68.89,-1.21437688157242
68.9,-1.21438092132688
68.91,-1.21438495254236
68.92,-1.21438897540553
68.93,-1.21439299008782
68.94,-1.21439699653085
68.95,-1.21440099461371
68.96,-1.21440498420363
68.97,-1.21440896537111
68.98,-1.21441293819162
68.99,-1.21441690288722
69,-1.21437511788664
69.01,-1.21437906615771
69.02,-1.21438300623208
69.03,-1.2143869379971
69.04,-1.21439086154652
69.05,-1.2143947770415
69.06,-1.21439868455522
69.07,-1.21440258401602
69.08,-1.21440647552523
69.09,-1.21441035910774
69.1,-1.21441423479641
69.11,-1.21441810239663
69.12,-1.21442196192613
69.13,-1.21442581358528
69.14,-1.21442965715077
69.15,-1.21443349301624
69.16,-1.21443732170953
69.17,-1.2144411426462
69.18,-1.21444495553008
69.19,-1.21444876068825
69.2,-1.21445255764457
69.21,-1.21445634662367
69.22,-1.21446012751119
69.23,-1.21446390062547
69.24,-1.21446766602368
69.25,-1.21447142352247
69.26,-1.2144751733641
69.27,-1.21447891551103
69.28,-1.2144826499238
69.29,-1.21448637672623
69.3,-1.21449009585295
69.31,-1.21449380734421
69.32,-1.21449751142443
69.33,-1.21450120802385
69.34,-1.21450489705448
69.35,-1.2145085786471
69.36,-1.21451225275748
69.37,-1.21451591936144
69.38,-1.21451957828163
69.39,-1.21452322952412
69.4,-1.21452687350237
69.41,-1.21453051053637
69.42,-1.21453414031018
69.43,-1.21453776268561
69.44,-1.21454137756411
69.45,-1.21454498529097
69.46,-1.21454858572538
69.47,-1.21455217882246
69.48,-1.2145557647219
69.49,-1.21455933905251
69.5,-1.21456288777181
69.51,-1.21456640477359
69.52,-1.21456988839357
69.53,-1.21457333384365
69.54,-1.21457673123984
69.55,-1.21458008836733
69.56,-1.21458340987119
69.57,-1.21458669696564
69.58,-1.21458995032695
69.59,-1.21459312321715
69.6,-1.21459605724466
69.61,-1.21459867001668
69.62,-1.21460094043762
69.63,-1.21460287186483
69.64,-1.21460445962741
69.65,-1.21460571340165
69.66,-1.21460663432542
69.67,-1.21460721043052
69.68,-1.21460744051052
69.69,-1.21460735428159
69.7,-1.21460701832076
69.71,-1.21460646927651
69.72,-1.21460571150212
69.73,-1.2146047527424
69.74,-1.21460358455688
69.75,-1.21460220688048
69.76,-1.214600628271
69.77,-1.21459884492709
69.78,-1.21459686216319
69.79,-1.21459470505951
69.8,-1.21459248092224
69.81,-1.2145902428337
69.82,-1.21458801459239
69.83,-1.2145857921687
69.84,-1.2145835725751
69.85,-1.21458135481424
69.86,-1.21457914267781
69.87,-1.21457694582494
69.88,-1.21457475652163
69.89,-1.21457257042348
69.9,-1.2145703861958
69.91,-1.21456820333279
69.92,-1.21456602194757
69.93,-1.21456384185002
69.94,-1.21456166728317
69.95,-1.21455950815369
69.96,-1.21455735659097
69.97,-1.21455520806865
69.98,-1.21455306140514
69.99,-1.21455092468881
70,-1.21448568744787
70.01,-1.21448362107619
70.02,-1.21448159838115
70.03,-1.21447961501566
70.04,-1.21447768039414
70.05,-1.21447579522494
70.06,-1.21447395113473
70.07,-1.21447215197399
70.08,-1.21447039246443
70.09,-1.21446872454788
70.1,-1.21446729020637
70.11,-1.21446614401765
70.12,-1.21446530763205
70.13,-1.21446478070462
70.14,-1.21446457355608
70.15,-1.21446468674081
70.16,-1.2144651114664
70.17,-1.21446585111177
70.18,-1.21446690007904
70.19,-1.21446820257502
70.2,-1.21446955122343
70.21,-1.21447085260583
70.22,-1.21447208037944
70.23,-1.21447322709915
70.24,-1.21447429502087
70.25,-1.21447529361118
70.26,-1.21447621508367
70.27,-1.21447705503299
70.28,-1.21447781217939
70.29,-1.2144784990952
70.3,-1.21447915797434
70.31,-1.21447980784418
70.32,-1.21448045400485
70.33,-1.21448109795773
70.34,-1.21448174012146
70.35,-1.21448238074605
70.36,-1.21448301994892
70.37,-1.21448365764132
70.38,-1.21448429378107
70.39,-1.21448492420752
70.4,-1.21448553487527
70.41,-1.21448611940875
70.42,-1.21448667600596
70.43,-1.21448720424484
70.44,-1.21448770416096
70.45,-1.21448817577543
70.46,-1.21448861904985
70.47,-1.21448903396696
70.48,-1.21448942058117
70.49,-1.21448978755701
70.5,-1.21449016297869
70.51,-1.21449055949677
70.52,-1.2144909804944
70.53,-1.21449142266405
70.54,-1.21449187650396
70.55,-1.21449234980519
70.56,-1.21449284711565
70.57,-1.21449336970429
70.58,-1.21449391785306
70.59,-1.21449447463912
70.6,-1.21449498833769
70.61,-1.21449544377204
70.62,-1.21449582613482
70.63,-1.21449612899242
70.64,-1.21449635475808
70.65,-1.21449651281622
70.66,-1.21449659543077
70.67,-1.21449660235287
70.68,-1.21449654205277
70.69,-1.21449640661752
70.7,-1.21449619162501
70.71,-1.21449589584993
70.72,-1.2144955191105
70.73,-1.21449506134973
70.74,-1.21449452683424
70.75,-1.21449392525615
70.76,-1.2144932487645
70.77,-1.21449249318919
70.78,-1.21449165737128
70.79,-1.21449077497779
70.8,-1.21448995367605
70.81,-1.21448923389866
70.82,-1.2144886372874
70.83,-1.21448816797965
70.84,-1.21448781855028
70.85,-1.21448759719095
70.86,-1.21448750849949
70.87,-1.2144875495871
70.88,-1.21448771090164
70.89,-1.21448800000049
70.9,-1.21448842097928
70.91,-1.21448897488312
70.92,-1.21448966205894
70.93,-1.21449048249278
70.94,-1.21449144018907
70.95,-1.21449254451227
70.96,-1.21449378755255
70.97,-1.21449516452799
70.98,-1.21449667402457
70.99,-1.21449828982944
71,-1.21451208483223
71.01,-1.21451372631468
71.02,-1.21451535260833
71.03,-1.2145169657915
71.04,-1.21451855600538
71.05,-1.21452012248957
71.06,-1.21452167372017
71.07,-1.21452320580425
71.08,-1.21452472389323
71.09,-1.21452621059716
71.1,-1.21452763330772
71.11,-1.21452897441031
71.12,-1.21453022055672
71.13,-1.21453137816647
71.14,-1.21453245135297
71.15,-1.21453344154993
71.16,-1.21453434521348
71.17,-1.21453515294636
71.18,-1.21453587252148
71.19,-1.21453651687748
71.2,-1.21453711517742
71.21,-1.21453768021201
71.22,-1.21453821579151
71.23,-1.21453872300997
71.24,-1.2145392021263
71.25,-1.21453965323036
71.26,-1.21454007640302
71.27,-1.21454047165738
71.28,-1.21454083904983
71.29,-1.21454116193228
71.3,-1.21454138927171
71.31,-1.21454150608913
71.32,-1.21454149778968
71.33,-1.21454135802209
71.34,-1.21454108928759
71.35,-1.21454070077751
71.36,-1.21454018491319
71.37,-1.21453954169215
71.38,-1.21453877956596
71.39,-1.21453788638182
71.4,-1.21453684384323
71.41,-1.21453564444396
71.42,-1.21453428650715
71.43,-1.21453276925016
71.44,-1.21453109691647
71.45,-1.21452927934545
71.46,-1.21452730867146
71.47,-1.21452518066994
71.48,-1.21452289409342
71.49,-1.21452047797602
71.5,-1.21451802933388
71.51,-1.214515591638
71.52,-1.21451317717987
71.53,-1.21451078532862
71.54,-1.21450840761812
71.55,-1.21450605142959
71.56,-1.21450372170281
71.57,-1.21450141926995
71.58,-1.21449914469381
71.59,-1.214496894024
71.6,-1.21449465351493
71.61,-1.21449241667327
71.62,-1.21449018173949
71.63,-1.21448794842026
71.64,-1.21448572064175
71.65,-1.21448350817839
71.66,-1.21448130308882
71.67,-1.2144791009954
71.68,-1.21447690063897
71.69,-1.21447471453113
71.7,-1.21447258451852
71.71,-1.21447052895448
71.72,-1.21446855318401
71.73,-1.21446665876207
71.74,-1.2144648503294
71.75,-1.21446313769389
71.76,-1.21446151320879
71.77,-1.21445997238591
71.78,-1.21445851379147
71.79,-1.2144571455355
71.8,-1.21445589517439
71.81,-1.21445477510055
71.82,-1.21445378910753
71.83,-1.21445293809337
71.84,-1.21445222202428
71.85,-1.21445164082726
71.86,-1.21445119445365
71.87,-1.21445088284678
71.88,-1.21445070567509
71.89,-1.21445062035192
71.9,-1.21445048299991
71.91,-1.21445022144487
71.92,-1.21444982569798
71.93,-1.21444929098661
71.94,-1.21444860750785
71.95,-1.21444778323281
71.96,-1.21444682272939
71.97,-1.21444572316769
71.98,-1.21444447520151
71.99,-1.21444307401142
72,-1.21444338321617
72.01,-1.21444156530917
72.02,-1.21443952409286
72.03,-1.21443725281845
72.04,-1.21443476027384
72.05,-1.21443204700038
72.06,-1.2144291046334
72.07,-1.21442593696584
72.08,-1.21442253866868
72.09,-1.21441893558266
72.1,-1.21441518422772
72.11,-1.21441130180199
72.12,-1.2144072991525
72.13,-1.21440317299824
72.14,-1.21439893300011
72.15,-1.21439457999454
72.16,-1.21439010528484
72.17,-1.21438551261313
72.18,-1.21438079667959
72.19,-1.21437598381698
72.2,-1.2143711309318
72.21,-1.21436625473689
72.22,-1.21436137085939
72.23,-1.21435648164298
72.24,-1.21435157884658
72.25,-1.2143466713741
72.26,-1.21434176378278
72.27,-1.21433685280895
72.28,-1.21433192910598
72.29,-1.21432700061908
72.3,-1.21432206754209
72.31,-1.21431712137114
72.32,-1.21431216605171
72.33,-1.21430719628052
72.34,-1.21430222121714
72.35,-1.21429724151961
72.36,-1.21429224865869
72.37,-1.21428724649335
72.38,-1.21428222990169
72.39,-1.21427719506276
72.4,-1.21427210412028
72.41,-1.21426693432756
72.42,-1.21426167067501
72.43,-1.2142563198123
72.44,-1.21425088588204
72.45,-1.21424536956388
72.46,-1.21423976694195
72.47,-1.21423406821825
72.48,-1.21422828105843
72.49,-1.21422242287381
72.5,-1.21421654285844
72.51,-1.21421067091968
72.52,-1.21420480460424
72.53,-1.21419894095528
72.54,-1.21419308350971
72.55,-1.21418724222955
72.56,-1.21418140871972
72.57,-1.21417558306995
72.58,-1.21416977423836
72.59,-1.21416396915349
72.6,-1.21415814858047
72.61,-1.21415230018359
72.62,-1.2141464114778
72.63,-1.21414048984764
72.64,-1.21413453992615
72.65,-1.21412856272561
72.66,-1.21412255428819
72.67,-1.21411650450413
72.68,-1.21411042154087
72.69,-1.21410428792955
72.7,-1.21409803576071
72.71,-1.21409164219723
72.72,-1.21408509460797
72.73,-1.21407839566673
72.74,-1.21407153469478
72.75,-1.21406451072801
72.76,-1.21405733228623
72.77,-1.21404999470651
72.78,-1.21404250430225
72.79,-1.21403483665493
72.8,-1.21402693735772
72.81,-1.2140187741922
72.82,-1.21401034885996
72.83,-1.21400165918639
72.84,-1.21399269493032
72.85,-1.21398346417096
72.86,-1.21397397131491
72.87,-1.21396421247749
72.88,-1.21395417631928
72.89,-1.21394391170575
72.9,-1.21393355871628
72.91,-1.21392318286744
72.92,-1.21391281178357
72.93,-1.21390244363949
72.94,-1.21389207351311
72.95,-1.21388170190908
72.96,-1.2138713333556
72.97,-1.2138609773551
72.98,-1.21385062639853
72.99,-1.21384028452322
73,-1.21384608555651
73.01,-1.21383583317395
73.02,-1.21382563629326
73.03,-1.2138154965448
73.04,-1.2138054143887
73.05,-1.21379539016424
73.06,-1.21378542374622
73.07,-1.21377551547148
73.08,-1.21376566565602
73.09,-1.21375586004266
73.1,-1.2137460528219
73.11,-1.21373622370142
73.12,-1.21372636730994
73.13,-1.21371648056013
73.14,-1.21370656835907
73.15,-1.21369664032734
73.16,-1.2136866889141
73.17,-1.21367670869772
73.18,-1.21366669844191
73.19,-1.21365663927747
73.2,-1.21364646318231
73.21,-1.2136361260099
73.22,-1.21362561739962
73.23,-1.21361494329788
73.24,-1.21360409855792
73.25,-1.21359309333995
73.26,-1.21358192743243
73.27,-1.2135705862876
73.28,-1.2135590682388
73.29,-1.21354740028019
73.3,-1.2135356370762
73.31,-1.21352380083408
73.32,-1.2135118981131
73.33,-1.2134999253321
73.34,-1.2134878721223
73.35,-1.21347574775773
73.36,-1.21346355696003
73.37,-1.21345130116288
73.38,-1.21343898129527
73.39,-1.21342655225606
73.4,-1.21341386970838
73.41,-1.21340087386538
73.42,-1.21338755531146
73.43,-1.21337389887175
73.44,-1.21335989832737
73.45,-1.21334554864503
73.46,-1.21333085301107
73.47,-1.21331582296374
73.48,-1.21330044654159
73.49,-1.21328478218184
73.5,-1.21326903990419
73.51,-1.21325331008908
73.52,-1.2132376071746
73.53,-1.21322194804008
73.54,-1.21320634171774
73.55,-1.21319079049024
73.56,-1.21317529039986
73.57,-1.21315982987021
73.58,-1.21314441787784
73.59,-1.21312910306324
73.6,-1.21311401825233
73.61,-1.21309923025636
73.62,-1.21308476842666
73.63,-1.21307063021109
73.64,-1.21305681263532
73.65,-1.21304331589606
73.66,-1.21303014554388
73.67,-1.21301731497888
73.68,-1.21300481564448
73.69,-1.21299257617958
73.7,-1.21298037670468
73.71,-1.21296811845238
73.72,-1.21295577335844
73.73,-1.21294333262019
73.74,-1.2129307951205
73.75,-1.21291815889157
73.76,-1.21290542489
73.77,-1.21289259096451
73.78,-1.21287965735421
73.79,-1.21286659365607
73.8,-1.21285329644333
73.81,-1.21283971917163
73.82,-1.21282584835747
73.83,-1.21281167913946
73.84,-1.21279720369566
73.85,-1.21278240947836
73.86,-1.21276730528292
73.87,-1.21275189472931
73.88,-1.21273617872293
73.89,-1.21272027311101
73.9,-1.21270455997219
73.91,-1.21268921063559
73.92,-1.21267427571172
73.93,-1.21265977085935
73.94,-1.21264570120138
73.95,-1.21263206858405
73.96,-1.21261887525237
73.97,-1.21260612246004
73.98,-1.21259381111843
73.99,-1.21258216604762
74,-1.21273220787979
74.01,-1.21272370443739
74.02,-1.21271701930747
74.03,-1.21271218917441
74.04,-1.21270922617213
74.05,-1.2127081324691
74.06,-1.21270890096488
74.07,-1.21271151614263
74.08,-1.21271598305316
74.09,-1.21272200784687
74.1,-1.21272862110175
74.11,-1.21273539023384
74.12,-1.21274219174407
74.13,-1.21274899052886
74.14,-1.21275577648953
74.15,-1.21276254681855
74.16,-1.21276930106927
74.17,-1.21277603907276
74.18,-1.21278276095623
74.19,-1.21278946702714
74.2,-1.21279615727268
74.21,-1.21280283128435
74.22,-1.2128094893281
74.23,-1.2128161314789
74.24,-1.21282275739489
74.25,-1.2128293672233
74.26,-1.21283596028319
74.27,-1.21284253753798
74.28,-1.21284910117683
74.29,-1.21285565118083
74.3,-1.21286218643889
74.31,-1.21286870628936
74.32,-1.21287520963869
74.33,-1.2128816969121
74.34,-1.21288816887169
74.35,-1.21289462567502
74.36,-1.21290106698785
74.37,-1.21290749233227
74.38,-1.21291390252127
74.39,-1.21292029764228
74.4,-1.21292667882432
74.41,-1.21293304532463
74.42,-1.21293939634592
74.43,-1.2129457322878
74.44,-1.21295205205588
74.45,-1.21295835670582
74.46,-1.21296464744498
74.47,-1.2129709245494
74.48,-1.21297718746809
74.49,-1.21298343600283
74.5,-1.21298966957804
74.51,-1.21299588861684
74.52,-1.21300209348588
74.53,-1.21300828358257
74.54,-1.21301445899982
74.55,-1.21302062047979
74.56,-1.21302676704822
74.57,-1.21303289805442
74.58,-1.21303901404935
74.59,-1.21304511686784
74.6,-1.21305120652536
74.61,-1.21305728277224
74.62,-1.21306334566314
74.63,-1.21306939473301
74.64,-1.21307543010633
74.65,-1.21308145073367
74.66,-1.21308745609182
74.67,-1.21309344758432
74.68,-1.21309942558564
74.69,-1.21310538436532
74.7,-1.21311131207795
74.71,-1.2131172136283
74.72,-1.2131230780306
74.73,-1.21312889861937
74.74,-1.21313467892941
74.75,-1.21314043030596
74.76,-1.21314614328763
74.77,-1.21315181803388
74.78,-1.21315746466529
74.79,-1.21316308391755
74.8,-1.21316869876117
74.81,-1.2131743111942
74.82,-1.21317993399532
74.83,-1.21318556822111
74.84,-1.2131912044475
74.85,-1.21319685211343
74.86,-1.21320251698073
74.87,-1.21320819501874
74.88,-1.21321387607444
74.89,-1.2132195651225
74.9,-1.21322525110742
74.91,-1.21323092604885
74.92,-1.21323658950138
74.93,-1.21324224099915
74.94,-1.21324787988725
74.95,-1.21325350571936
74.96,-1.2132591189663
74.97,-1.21326471902767
74.98,-1.21327030603674
74.99,-1.21327588029042
75,-1.21340236731458
75.01,-1.21340791687689
75.02,-1.21341345329232
75.03,-1.21341897664688
75.04,-1.21342448722237
75.05,-1.21342998517004
75.06,-1.21343547085661
75.07,-1.21344094395607
75.08,-1.21344640477987
75.09,-1.21345185306122
75.1,-1.21345728880937
75.11,-1.21346271198139
75.12,-1.21346812219547
75.13,-1.21347352006819
75.14,-1.21347890583794
75.15,-1.21348427935181
75.16,-1.21348964024428
75.17,-1.21349498900482
75.18,-1.21350032551894
75.19,-1.21350565000458
75.2,-1.21351096268617
75.21,-1.21351626376737
75.22,-1.21352155273679
75.23,-1.21352683045497
75.24,-1.2135320969969
75.25,-1.21353735145995
75.26,-1.21354259429237
75.27,-1.21354782573611
75.28,-1.21355304554973
75.29,-1.21355825330994
75.3,-1.21356344949147
75.31,-1.21356863381599
75.32,-1.21357380655151
75.33,-1.21357896795687
75.34,-1.21358411776539
75.35,-1.21358925560161
75.36,-1.21359438126796
75.37,-1.21359949517661
75.38,-1.21360459882528
75.39,-1.213609691751
75.4,-1.21361477372973
75.41,-1.21361984411267
75.42,-1.2136249034879
75.43,-1.21362995221604
75.44,-1.2136349903488
75.45,-1.21364001725763
75.46,-1.21364503296619
75.47,-1.21365003752789
75.48,-1.21365503095286
75.49,-1.21366001355613
75.5,-1.21366498493493
75.51,-1.21366994544746
75.52,-1.21367489517908
75.53,-1.21367983320709
75.54,-1.21368476036551
75.55,-1.21368967688573
75.56,-1.213694582747
75.57,-1.21369947771945
75.58,-1.21370436199083
75.59,-1.21370923558054
75.6,-1.2137140986221
75.61,-1.21371895099332
75.62,-1.2137237927506
75.63,-1.21372862388523
75.64,-1.2137334443751
75.65,-1.21373825427539
75.66,-1.21374305359869
75.67,-1.21374784270263
75.68,-1.2137526215885
75.69,-1.21375739021682
75.7,-1.21376214842646
75.71,-1.21376689602152
75.72,-1.21377163328176
75.73,-1.21377636021145
75.74,-1.2137810767183
75.75,-1.21378578305005
75.76,-1.21379047924718
75.77,-1.21379516505472
75.78,-1.21379984060208
75.79,-1.21380450584569
75.8,-1.21380916088169
75.81,-1.21381380599542
75.82,-1.2138184411534
75.83,-1.21382306658072
75.84,-1.21382768244887
75.85,-1.21383228813451
75.86,-1.21383688385026
75.87,-1.21384146985651
75.88,-1.21384604614462
75.89,-1.21385061279956
75.9,-1.21385516978035
75.91,-1.21385971664487
75.92,-1.21386425343686
75.93,-1.21386878033164
75.94,-1.2138732970944
75.95,-1.21387780422154
75.96,-1.21388230162624
75.97,-1.21388678950534
75.98,-1.21389126764444
75.99,-1.21389573622691
76,-1.21379576016606
76.01,-1.21380020962858
76.02,-1.21380464952141
76.03,-1.21380907968729
76.04,-1.21381350037681
76.05,-1.21381791164499
76.06,-1.2138223134468
76.07,-1.21382670576515
76.08,-1.21383108875416
76.09,-1.21383541653771
76.1,-1.21383953807442
76.11,-1.21384338634214
76.12,-1.21384694351481
76.13,-1.2138502051112
76.14,-1.21385316981208
76.15,-1.21385583810545
76.16,-1.21385821090279
76.17,-1.21386028876111
76.18,-1.2138620722072
76.19,-1.21386363932846
76.2,-1.21386524153705
76.21,-1.21386698289674
76.22,-1.2138688994027
76.23,-1.21387099423885
76.24,-1.21387327924585
76.25,-1.21387575533229
76.26,-1.21387841333361
76.27,-1.21388125704186
76.28,-1.21388428059841
76.29,-1.21388747484236
76.3,-1.21389078916181
76.31,-1.21389420853936
76.32,-1.21389772150713
76.33,-1.21390133130458
76.34,-1.21390502750399
76.35,-1.21390880897401
76.36,-1.2139126842852
76.37,-1.21391664893641
76.38,-1.21392070876382
76.39,-1.21392484013612
76.4,-1.21392899292705
76.41,-1.21393314559034
76.42,-1.21393729192681
76.43,-1.21394143026898
76.44,-1.21394556002887
76.45,-1.21394968102388
76.46,-1.21395379326225
76.47,-1.21395789665271
76.48,-1.2139619913896
76.49,-1.21396607734459
76.5,-1.21397015049698
76.51,-1.21397420057528
76.52,-1.21397823581627
76.53,-1.21398225657469
76.54,-1.21398625363847
76.55,-1.21399023557162
76.56,-1.21399420710017
76.57,-1.21399816526695
76.58,-1.21400210041293
76.59,-1.21400601192433
76.6,-1.21400987094699
76.61,-1.21401365521945
76.62,-1.21401736535165
76.63,-1.21402099524831
76.64,-1.2140245543554
76.65,-1.21402804344551
76.66,-1.21403145395112
76.67,-1.21403478994751
76.68,-1.21403804645298
76.69,-1.21404124212094
76.7,-1.21404441121846
76.71,-1.21404756824436
76.72,-1.21405071716668
76.73,-1.21405385486383
76.74,-1.21405697172036
76.75,-1.21406007600518
76.76,-1.21406317243393
76.77,-1.21406626228761
76.78,-1.21406934581193
76.79,-1.21407242310299
76.8,-1.2140754987193
76.81,-1.21407858252118
76.82,-1.21408166669938
76.83,-1.21408474637673
76.84,-1.21408782470471
76.85,-1.21409091130919
76.86,-1.21409399813414
76.87,-1.21409708513419
76.88,-1.21410018117216
76.89,-1.21410327795038
76.9,-1.21410637061937
76.91,-1.2141094576736
76.92,-1.2141125387731
76.93,-1.21411561384031
76.94,-1.21411868265013
76.95,-1.21412174534474
76.96,-1.21412480204594
76.97,-1.21412785277588
76.98,-1.21413089748448
76.99,-1.2141339014249
77,-1.21406412792645
77.01,-1.21406677036629
77.02,-1.21406919254735
77.03,-1.21407139086369
77.04,-1.21407336893628
77.05,-1.21407513680265
77.06,-1.21407668704722
77.07,-1.21407801584377
77.08,-1.21407912243578
77.09,-1.21408005432412
77.1,-1.21408097274993
77.11,-1.21408195801427
77.12,-1.21408302229074
77.13,-1.21408416645454
77.14,-1.21408539502423
77.15,-1.21408671799775
77.16,-1.21408812719747
77.17,-1.21408962238454
77.18,-1.21409121193768
77.19,-1.21409289601182
77.2,-1.21409469379862
77.21,-1.21409660645453
77.22,-1.21409864490268
77.23,-1.21410081009997
77.24,-1.21410309332671
77.25,-1.21410550260844
77.26,-1.21410804223267
77.27,-1.21411070887563
77.28,-1.2141134926436
77.29,-1.21411636712024
77.3,-1.21411922301543
77.31,-1.21412201525973
77.32,-1.21412473990209
77.33,-1.21412738541605
77.34,-1.21412994640632
77.35,-1.2141324214801
77.36,-1.21413481483063
77.37,-1.21413713625531
77.38,-1.21413937789346
77.39,-1.21414152262048
77.4,-1.2141435227289
77.41,-1.21414534953911
77.42,-1.2141470015782
77.43,-1.21414847236343
77.44,-1.21414977069853
77.45,-1.21415089752796
77.46,-1.21415184486527
77.47,-1.2141526167255
77.48,-1.21415320815974
77.49,-1.21415361988345
77.5,-1.21415382888573
77.51,-1.21415382017553
77.52,-1.21415358103307
77.53,-1.21415311849858
77.54,-1.21415243715302
77.55,-1.21415153850588
77.56,-1.21415041882938
77.57,-1.21414906869269
77.58,-1.21414749596677
77.59,-1.21414576064773
77.6,-1.21414405122418
77.61,-1.21414245988299
77.62,-1.21414100215316
77.63,-1.21413968442596
77.64,-1.21413851715197
77.65,-1.21413749254271
77.66,-1.21413660602251
77.67,-1.21413586037527
77.68,-1.21413526500534
77.69,-1.21413476918784
77.7,-1.21413422741946
77.71,-1.2141335754592
77.72,-1.21413279503424
77.73,-1.21413188117204
77.74,-1.21413083239816
77.75,-1.21412964838402
77.76,-1.21412832906929
77.77,-1.21412687448602
77.78,-1.21412528487916
77.79,-1.21412357725951
77.8,-1.21412180810663
77.81,-1.2141199984257
77.82,-1.21411814572496
77.83,-1.21411625974455
77.84,-1.21411434570505
77.85,-1.21411240498896
77.86,-1.21411043374511
77.87,-1.21410842242848
77.88,-1.21410637876749
77.89,-1.21410432026379
77.9,-1.21410229464806
77.91,-1.21410033127977
77.92,-1.21409842780525
77.93,-1.21409658122523
77.94,-1.21409479493801
77.95,-1.21409307868395
77.96,-1.21409142447409
77.97,-1.21408983192162
77.98,-1.21408830952852
77.99,-1.21408684469825
78,-1.21408035303314
78.01,-1.21407893974174
78.02,-1.21407754481182
78.03,-1.21407616211757
78.04,-1.21407480062192
78.05,-1.21407346092686
78.06,-1.21407213458594
78.07,-1.21407082559581
78.08,-1.21406952872658
78.09,-1.21406826578881
78.1,-1.21406708430235
78.11,-1.21406600055644
78.12,-1.21406501047618
78.13,-1.21406412312563
78.14,-1.2140633434299
78.15,-1.21406267268381
78.16,-1.21406210690781
78.17,-1.21406163640895
78.18,-1.21406126878571
78.19,-1.21406098700184
78.2,-1.21406072135966
78.21,-1.21406044050713
78.22,-1.21406013554642
78.23,-1.21405980400317
78.24,-1.21405944518196
78.25,-1.21405905896129
78.26,-1.21405864529179
78.27,-1.21405820402634
78.28,-1.2140577352094
78.29,-1.21405721756232
78.3,-1.21405658024019
78.31,-1.21405578713596
78.32,-1.214054819657
78.33,-1.21405368317782
78.34,-1.21405238164393
78.35,-1.2140509162767
78.36,-1.21404928309261
78.37,-1.21404747257457
78.38,-1.21404549245839
78.39,-1.21404338209878
78.4,-1.21404125194168
78.41,-1.21403914324869
78.42,-1.21403707837123
78.43,-1.21403506185856
78.44,-1.2140330862012
78.45,-1.21403116006727
78.46,-1.21402928797422
78.47,-1.21402746698727
78.48,-1.21402568737013
78.49,-1.21402395312547
78.5,-1.21402225022224
78.51,-1.21402056365984
78.52,-1.2140188953389
78.53,-1.21401723939361
78.54,-1.21401560517795
78.55,-1.21401399321471
78.56,-1.2140123949156
78.57,-1.21401081421249
78.58,-1.21400924588487
78.59,-1.21400771209267
78.6,-1.21400626036932
78.61,-1.21400491124362
78.62,-1.21400367047277
78.63,-1.21400253978425
78.64,-1.21400152374617
78.65,-1.21400063231413
78.66,-1.21399985758769
78.67,-1.21399919482394
78.68,-1.21399864268661
78.69,-1.21399820935572
78.7,-1.2139979230263
78.71,-1.2139977920008
78.72,-1.21399780973139
78.73,-1.21399798492934
78.74,-1.21399832222875
78.75,-1.2139988227709
78.76,-1.21399948236336
78.77,-1.21400029085077
78.78,-1.21400125590793
78.79,-1.21400235172007
78.8,-1.21400348406791
78.81,-1.21400461860981
78.82,-1.21400573897973
78.83,-1.21400685136839
78.84,-1.21400795559757
78.85,-1.21400904276393
78.86,-1.21401011685347
78.87,-1.21401116831138
78.88,-1.21401219655503
78.89,-1.21401316697339
78.9,-1.21401392957203
78.91,-1.21401442082771
78.92,-1.21401463156645
78.93,-1.21401454899117
78.94,-1.21401416739185
78.95,-1.21401348526181
78.96,-1.2140125066861
78.97,-1.21401124168052
78.98,-1.21400968240456
78.99,-1.21400788913306
79,-1.21399098784924
79.01,-1.21398926404293
79.02,-1.21398764647494
79.03,-1.21398614255421
79.04,-1.21398476295376
79.05,-1.2139834999008
79.06,-1.21398234885618
79.07,-1.21398131289883
79.08,-1.21398040158859
79.09,-1.21397957675009
79.1,-1.21397873401041
79.11,-1.21397782312753
79.12,-1.21397682113799
79.13,-1.21397573232375
79.14,-1.21397456042388
79.15,-1.21397330648006
79.16,-1.21397196647879
79.17,-1.21397053057417
79.18,-1.21396900690025
79.19,-1.21396738698626
79.2,-1.21396562952218
79.21,-1.21396372019924
79.22,-1.2139616635914
79.23,-1.21395945036352
79.24,-1.2139570755874
79.25,-1.21395453794343
79.26,-1.21395184128101
79.27,-1.21394899547643
79.28,-1.21394599255456
79.29,-1.21394284513685
79.3,-1.21393961348366
79.31,-1.21393633240976
79.32,-1.21393300581926
79.33,-1.21392964139781
79.34,-1.21392623038469
79.35,-1.21392277216139
79.36,-1.21391927556806
79.37,-1.21391573630056
79.38,-1.21391215973195
79.39,-1.21390854525516
79.4,-1.21390492100785
79.41,-1.21390130851102
79.42,-1.213897702829
79.43,-1.21389410033022
79.44,-1.21389050468772
79.45,-1.2138869254208
79.46,-1.21388335415418
79.47,-1.21387979104067
79.48,-1.21387624486653
79.49,-1.21387271177844
79.5,-1.21386920542568
79.51,-1.21386574538118
79.52,-1.21386233544281
79.53,-1.21385896331279
79.54,-1.21385562770575
79.55,-1.21385233687593
79.56,-1.21384908692512
79.57,-1.21384588293233
79.58,-1.21384272001898
79.59,-1.21383956828851
79.6,-1.21383630250405
79.61,-1.21383286559043
79.62,-1.21382924128816
79.63,-1.213825424859
79.64,-1.21382141502037
79.65,-1.21381721129884
79.66,-1.21381281350027
79.67,-1.21380822153475
79.68,-1.21380343511657
79.69,-1.21379847623161
79.7,-1.21379341739341
79.71,-1.21378829557377
79.72,-1.2137831303967
79.73,-1.21377791618047
79.74,-1.21377264892658
79.75,-1.21376732757052
79.76,-1.21376195614337
79.77,-1.21375654486532
79.78,-1.21375108540799
79.79,-1.21374558648632
79.8,-1.21374008603032
79.81,-1.21373459335646
79.82,-1.21372911765053
79.83,-1.21372365040918
79.84,-1.21371819166196
79.85,-1.21371274998149
79.86,-1.21370732141104
79.87,-1.21370191601661
79.88,-1.21369653447189
79.89,-1.21369113656817
79.9,-1.21368562744313
79.91,-1.21367996124459
79.92,-1.2136741157056
79.93,-1.2136680954003
79.94,-1.21366190348833
79.95,-1.21365554095898
79.96,-1.21364900352326
79.97,-1.21364228089104
79.98,-1.21363538090219
79.99,-1.21362833503499
80,-1.21363545862275
80.01,-1.21362834232522
80.02,-1.21362122243147
80.03,-1.21361410275052
80.04,-1.21360698397292
80.05,-1.21359986643213
80.06,-1.21359274992638
80.07,-1.21358563472044
80.08,-1.21357852092601
80.09,-1.21357139933639
80.1,-1.21356423970939
80.11,-1.21355703340829
80.12,-1.21354978681145
80.13,-1.21354249046565
80.14,-1.21353513912291
80.15,-1.21352773140785
80.16,-1.21352027127309
80.17,-1.21351276929802
80.18,-1.21350521694036
80.19,-1.21349762755625
80.2,-1.21349005598015
80.21,-1.2134825186347
80.22,-1.21347502655167
80.23,-1.21346757631787
80.24,-1.21346017839737
80.25,-1.21345283452631
80.26,-1.21344553549671
80.27,-1.21343828512218
80.28,-1.2134310780913
80.29,-1.21342392909043
80.3,-1.21341685427954
80.31,-1.21340985127508
80.32,-1.2134029263649
80.33,-1.21339607485166
80.34,-1.21338930227923
80.35,-1.21338259850389
80.36,-1.2133759629361
80.37,-1.21336940982511
80.38,-1.21336294011333
80.39,-1.21335652245512
80.4,-1.21335009442363
80.41,-1.21334363698062
80.42,-1.21333713600685
80.43,-1.21333059560849
80.44,-1.21332400523566
80.45,-1.21331736402597
80.46,-1.21331068124471
80.47,-1.21330395222252
80.48,-1.21329718311389
80.49,-1.21329035461156
80.5,-1.21328343437609
80.51,-1.21327641768075
80.52,-1.21326929145345
80.53,-1.2132620492409
80.54,-1.21325469407693
80.55,-1.21324723574042
80.56,-1.21323966578833
80.57,-1.21323198372957
80.58,-1.21322419827995
80.59,-1.21321631999108
80.6,-1.21320841081515
80.61,-1.21320050885777
80.62,-1.21319261278523
80.63,-1.2131847194637
80.64,-1.21317683355271
80.65,-1.2131689655353
80.66,-1.21316110652094
80.67,-1.21315325580972
80.68,-1.21314542339742
80.69,-1.21313760514062
80.7,-1.21312980691215
80.71,-1.21312202348778
80.72,-1.21311426035511
80.73,-1.21310651190768
80.74,-1.21309878877613
80.75,-1.21309109152767
80.76,-1.21308341054235
80.77,-1.21307575039396
80.78,-1.21306810503527
80.79,-1.21306045643666
80.8,-1.2130527086191
80.81,-1.21304480919245
80.82,-1.21303675434684
80.83,-1.21302854106855
80.84,-1.21302015895667
80.85,-1.21301161636045
80.86,-1.21300291815687
80.87,-1.21299406116089
80.88,-1.21298503317962
80.89,-1.21297586323896
80.9,-1.21296662149293
80.91,-1.21295734361452
80.92,-1.21294804835103
80.93,-1.21293872933595
80.94,-1.21292938189355
80.95,-1.21292000518354
80.96,-1.2129106034234
80.97,-1.21290118869152
80.98,-1.21289175100083
80.99,-1.21288230014755
81,-1.21294945841674
81.01,-1.21294009773257
81.02,-1.21293080057059
81.03,-1.21292156786832
81.04,-1.21291240026233
81.05,-1.21290329760813
81.06,-1.2128942609177
81.07,-1.21288528928592
81.08,-1.21287638337431
81.09,-1.21286753409824
81.1,-1.21285870717591
81.11,-1.2128498894041
81.12,-1.21284107767666
81.13,-1.21283226890009
81.14,-1.21282346507441
81.15,-1.21281467956886
81.16,-1.21280590408556
81.17,-1.21279713299448
81.18,-1.21278836494066
81.19,-1.21277959522896
81.2,-1.21277081185892
81.21,-1.21276201932275
81.22,-1.21275321100269
81.23,-1.21274439232761
81.24,-1.21273555192294
81.25,-1.21272668889641
81.26,-1.21271781351082
81.27,-1.21270892187195
81.28,-1.21270001926282
81.29,-1.21269112063284
81.3,-1.21268230441735
81.31,-1.21267360125362
81.32,-1.21266501037439
81.33,-1.21265654351161
81.34,-1.21264820757034
81.35,-1.21264000443482
81.36,-1.21263193014049
81.37,-1.21262397293722
81.38,-1.21261614251159
81.39,-1.21260837731407
81.4,-1.2126004583691
81.41,-1.21259228737672
81.42,-1.2125838366631
81.43,-1.21257509731515
81.44,-1.21256606619029
81.45,-1.21255674228762
81.46,-1.21254712542475
81.47,-1.21253721501326
81.48,-1.2125270105637
81.49,-1.21251654256699
81.5,-1.21250590854041
81.51,-1.21249514184117
81.52,-1.21248426014765
81.53,-1.21247326026607
81.54,-1.21246215381121
81.55,-1.21245094185443
81.56,-1.21243961389704
81.57,-1.21242817506927
81.58,-1.21241661837844
81.59,-1.21240501245998
81.6,-1.21239354849015
81.61,-1.21238230282991
81.62,-1.21237130355168
81.63,-1.21236055240514
81.64,-1.21235006365388
81.65,-1.21233983968307
81.66,-1.21232986889888
81.67,-1.21232015729997
81.68,-1.21231069885031
81.69,-1.21230152141034
81.7,-1.21229268354602
81.71,-1.21228421144832
81.72,-1.21227611176127
81.73,-1.21226838756624
81.74,-1.21226103422801
81.75,-1.21225404049011
81.76,-1.21224741569532
81.77,-1.21224116564424
81.78,-1.21223529211993
81.79,-1.21222969979613
81.8,-1.21222407182075
81.81,-1.21221826685303
81.82,-1.21221224404264
81.83,-1.21220599232378
81.84,-1.21219950795463
81.85,-1.21219278982782
81.86,-1.21218583802361
81.87,-1.21217865210325
81.88,-1.21217123183062
81.89,-1.21216382955007
81.9,-1.21215728262259
81.91,-1.21215197648221
81.92,-1.21214801216566
81.93,-1.21214542586507
81.94,-1.21214421345555
81.95,-1.21214437478293
81.96,-1.21214591854463
81.97,-1.21214883696058
81.98,-1.21215313272951
81.99,-1.2121585917511
82,-1.2122603477
82.01,-1.21226648836799
82.02,-1.21227274184894
82.03,-1.21227908410856
82.04,-1.21228549745848
82.05,-1.21229198989116
82.06,-1.21229856589515
82.07,-1.21230522149166
82.08,-1.21231194430148
82.09,-1.21231872874674
82.1,-1.21232552754475
82.11,-1.21233231882239
82.12,-1.21233909638115
82.13,-1.21234585805549
82.14,-1.21235260311235
82.15,-1.21235933204582
82.16,-1.21236604466444
82.17,-1.2123727411299
82.18,-1.21237942138197
82.19,-1.21238608549876
82.2,-1.21239273390635
82.21,-1.21239936616255
82.22,-1.21240598293736
82.23,-1.21241258395985
82.24,-1.21241916947584
82.25,-1.21242574116344
82.26,-1.21243229882893
82.27,-1.21243884142355
82.28,-1.21244536824544
82.29,-1.21245187851967
82.3,-1.21245837228559
82.31,-1.21246485010901
82.32,-1.21247131249843
82.33,-1.21247776010256
82.34,-1.21248419306582
82.35,-1.21249061128042
82.36,-1.21249701400351
82.37,-1.21250340102124
82.38,-1.21250977295722
82.39,-1.2125161301022
82.4,-1.21252247331739
82.41,-1.21252880149217
82.42,-1.21253511462809
82.43,-1.21254141272412
82.44,-1.21254769587862
82.45,-1.21255396429274
82.46,-1.21256021763721
82.47,-1.2125664563506
82.48,-1.21257268047825
82.49,-1.21257889015422
82.5,-1.21258508579549
82.51,-1.21259126739148
82.52,-1.21259743468192
82.53,-1.21260358749103
82.54,-1.21260972706254
82.55,-1.21261585259392
82.56,-1.21262196339473
82.57,-1.21262806009784
82.58,-1.21263414296638
82.59,-1.21264021222524
82.6,-1.21264626794573
82.61,-1.2126523094189
82.62,-1.21265833663234
82.63,-1.21266434945381
82.64,-1.21267034740391
82.65,-1.21267633044783
82.66,-1.21268229919898
82.67,-1.21268825409065
82.68,-1.21269419499199
82.69,-1.21270012276934
82.7,-1.21270603675647
82.71,-1.21271193664354
82.72,-1.2127178231503
82.73,-1.21272369568798
82.74,-1.21272955400487
82.75,-1.21273539850247
82.76,-1.21274122940572
82.77,-1.21274704717167
82.78,-1.21275285112338
82.79,-1.21275864166718
82.8,-1.21276441899794
82.81,-1.21277018312995
82.82,-1.21277593427942
82.83,-1.21278167226355
82.84,-1.21278739745192
82.85,-1.2127931087704
82.86,-1.21279880871106
82.87,-1.21280449737999
82.88,-1.2128101734426
82.89,-1.21281583805998
82.9,-1.21282149052847
82.91,-1.21282713062474
82.92,-1.2128327579655
82.93,-1.21283837252762
82.94,-1.21284397414799
82.95,-1.2128495626774
82.96,-1.21285513830428
82.97,-1.21286070133039
82.98,-1.21286625156971
82.99,-1.21287178866269
83,-1.21280700671587
83.01,-1.21281251944964
83.02,-1.21281801955587
83.03,-1.21282350679597
83.04,-1.21282898042724
83.05,-1.21283444155032
83.06,-1.21283989053153
83.07,-1.21284532691461
83.08,-1.21285075120631
83.09,-1.21285616303487
83.1,-1.21286156259412
83.11,-1.21286694954629
83.12,-1.21287232404627
83.13,-1.21287768622501
83.14,-1.21288303625798
83.15,-1.21288837391189
83.16,-1.21289369908855
83.17,-1.21289901274977
83.18,-1.21290431538248
83.19,-1.21290960561019
83.2,-1.21291488433047
83.21,-1.21292015164208
83.22,-1.21292540729615
83.23,-1.21293065108862
83.24,-1.21293588330601
83.25,-1.21294110350985
83.26,-1.21294631213871
83.27,-1.21295150900625
83.28,-1.21295669400644
83.29,-1.21296186263182
83.3,-1.21296699881549
83.31,-1.21297209587292
83.32,-1.21297715238512
83.33,-1.21298216730456
83.34,-1.21298714083362
83.35,-1.21299207244213
83.36,-1.21299696241671
83.37,-1.21300181104476
83.38,-1.21300661831239
83.39,-1.21301131209155
83.4,-1.2130156600926
83.41,-1.21301956756909
83.42,-1.21302300187074
83.43,-1.21302596173
83.44,-1.21302843567339
83.45,-1.21303042335348
83.46,-1.21303193494618
83.47,-1.21303296718653
83.48,-1.21303352682863
83.49,-1.2130336618767
83.5,-1.21303355713864
83.51,-1.21303330102195
83.52,-1.21303292850151
83.53,-1.2130324377974
83.54,-1.21303182597259
83.55,-1.21303109256805
83.56,-1.21303024213501
83.57,-1.21302928561132
83.58,-1.21302821413263
83.59,-1.21302708518345
83.6,-1.21302609867708
83.61,-1.21302533494595
83.62,-1.21302482350106
83.63,-1.21302456100423
83.64,-1.2130245483232
83.65,-1.21302479971798
83.66,-1.21302531688318
83.67,-1.21302609039059
83.68,-1.21302712427853
83.69,-1.21302838337068
83.7,-1.21302977786272
83.71,-1.21303125964216
83.72,-1.21303282679754
83.73,-1.21303447626984
83.74,-1.21303619714844
83.75,-1.21303799872854
83.76,-1.21303988604344
83.77,-1.21304185546337
83.78,-1.21304389606216
83.79,-1.2130459925742
83.8,-1.21304806637944
83.81,-1.21305007279804
83.82,-1.21305200628032
83.83,-1.21305385830922
83.84,-1.21305563842034
83.85,-1.21305734708251
83.86,-1.21305897513595
83.87,-1.21306052729999
83.88,-1.21306199781815
83.89,-1.21306337333342
83.9,-1.21306457610758
83.91,-1.21306556187311
83.92,-1.21306633018903
83.93,-1.21306687899393
83.94,-1.21306719847798
83.95,-1.21306729789104
83.96,-1.21306718254593
83.97,-1.21306684927552
83.98,-1.21306628787359
83.99,-1.21306549792408
84,-1.21301375695278
84.01,-1.21301245028351
84.02,-1.21301088898465
84.03,-1.21300906355144
84.04,-1.21300696878437
84.05,-1.21300460375602
84.06,-1.21300197283866
84.07,-1.21299908673593
84.08,-1.21299593689944
84.09,-1.21299256113657
84.1,-1.2129891043748
84.11,-1.21298564033484
84.12,-1.21298217850637
84.13,-1.2129787187753
84.14,-1.21297526642519
84.15,-1.21297183229628
84.16,-1.2129684073701
84.17,-1.21296499147606
84.18,-1.21296159418625
84.19,-1.21295817303904
84.2,-1.21295461254943
84.21,-1.21295086153576
84.22,-1.21294690482653
84.23,-1.2129427394493
84.24,-1.21293836858011
84.25,-1.21293380264693
84.26,-1.21292903296632
84.27,-1.2129240544562
84.28,-1.21291886511612
84.29,-1.21291349324819
84.3,-1.21290803897075
84.31,-1.21290255594274
84.32,-1.21289705208624
84.33,-1.21289153708585
84.34,-1.2128860061458
84.35,-1.21288046551729
84.36,-1.21287490966549
84.37,-1.21286934386801
84.38,-1.21286376289301
84.39,-1.21285817715844
84.4,-1.2128525875769
84.41,-1.21284698386949
84.42,-1.21284137556402
84.43,-1.2128357625575
84.44,-1.21283013559868
84.45,-1.21282450461992
84.46,-1.21281887495029
84.47,-1.21281324285124
84.48,-1.21280759718946
84.49,-1.21280194725772
84.5,-1.21279629818284
84.51,-1.21279065140254
84.52,-1.21278500759865
84.53,-1.21277937159249
84.54,-1.21277375466993
84.55,-1.21276814769406
84.56,-1.21276254599782
84.57,-1.21275694793666
84.58,-1.2127513531683
84.59,-1.21274574680025
84.6,-1.21274008077607
84.61,-1.21273433753222
84.62,-1.21272852195396
84.63,-1.21272262354411
84.64,-1.21271663695433
84.65,-1.21271055991806
84.66,-1.21270439706141
84.67,-1.2126981600889
84.68,-1.21269183958117
84.69,-1.21268539068701
84.7,-1.21267868127916
84.71,-1.21267165242443
84.72,-1.21266428789193
84.73,-1.21265658706867
84.74,-1.21264855957448
84.75,-1.21264019586578
84.76,-1.21263148925089
84.77,-1.21262243749635
84.78,-1.21261304010052
84.79,-1.21260335153554
84.8,-1.2125935520124
84.81,-1.21258372139522
84.82,-1.21257388361678
84.83,-1.21256404361306
84.84,-1.21255421045279
84.85,-1.21254439426465
84.86,-1.21253458771646
84.87,-1.21252478435017
84.88,-1.21251498405887
84.89,-1.21250526805614
84.9,-1.21249589471668
84.91,-1.21248697074725
84.92,-1.21247853552549
84.93,-1.21247059342613
84.94,-1.21246315872137
84.95,-1.21245623392076
84.96,-1.21244981103245
84.97,-1.21244389418406
84.98,-1.21243847803513
84.99,-1.21243347699598
85,-1.21242462482884
85.01,-1.21241968931687
85.02,-1.2124146760589
85.03,-1.21240957328465
85.04,-1.21240438306748
85.05,-1.21239911594037
85.06,-1.21239376311953
85.07,-1.21238831916182
85.08,-1.21238278215109
85.09,-1.21237711120862
85.1,-1.21237116619997
85.11,-1.21236487543868
85.12,-1.21235822570819
85.13,-1.21235120544025
85.14,-1.21234382299834
85.15,-1.21233607757116
85.16,-1.21232796044227
85.17,-1.21231947568883
85.18,-1.21231061663915
85.19,-1.21230147104913
85.2,-1.21229229284018
85.21,-1.21228318478911
85.22,-1.21227418977853
85.23,-1.21226531747504
85.24,-1.21225656068677
85.25,-1.21224793023507
85.26,-1.21223943230889
85.27,-1.21223106321315
85.28,-1.21222281219485
85.29,-1.21221468343985
85.3,-1.21220666580039
85.31,-1.21219875298877
85.32,-1.21219094328444
85.33,-1.21218323202215
85.34,-1.21217560681887
85.35,-1.2121680768571
85.36,-1.21216064779391
85.37,-1.21215332127986
85.38,-1.21214609771211
85.39,-1.21213896149233
85.4,-1.21213185645414
85.41,-1.21212474773711
85.42,-1.21211763811845
85.43,-1.21211052553034
85.44,-1.21210339922323
85.45,-1.21209626908354
85.46,-1.21208914078723
85.47,-1.21208201062079
85.48,-1.2120748668372
85.49,-1.2120677193631
85.5,-1.21206057912183
85.51,-1.21205345981246
85.52,-1.21204635708482
85.53,-1.21203927827984
85.54,-1.21203221749304
85.55,-1.21202518039609
85.56,-1.21201816090406
85.57,-1.21201116568804
85.58,-1.21200418805408
85.59,-1.21199723986985
85.6,-1.211990321865
85.61,-1.21198342354454
85.62,-1.2119765500776
85.63,-1.21196969481171
85.64,-1.21196286906387
85.65,-1.21195607354978
85.66,-1.21194929788445
85.67,-1.21194254645779
85.68,-1.2119358133956
85.69,-1.21192911005571
85.7,-1.2119224476179
85.71,-1.21191584018663
85.72,-1.21190928432132
85.73,-1.21190278608309
85.74,-1.21189633976911
85.75,-1.2118899523125
85.76,-1.21188361718161
85.77,-1.21187734006525
85.78,-1.21187111505855
85.79,-1.21186494858307
85.8,-1.21185882891358
85.81,-1.21185274999917
85.82,-1.21184671001959
85.83,-1.21184070868628
85.84,-1.21183474581439
85.85,-1.21182882167644
85.86,-1.21182293575802
85.87,-1.21181708818081
85.88,-1.21181127919552
85.89,-1.21180542248712
85.9,-1.21179923386
85.91,-1.21179258125011
85.92,-1.21178541558695
85.93,-1.21177773616064
85.94,-1.21176954527182
85.95,-1.21176084357287
85.96,-1.21175162432143
85.97,-1.21174187528681
85.98,-1.21173160610998
85.99,-1.21172089130223
86,-1.21176617132437
86.01,-1.21175516116187
86.02,-1.21174408714184
86.03,-1.21173296418624
86.04,-1.21172178299865
86.05,-1.21171054381602
86.06,-1.21169925728521
86.07,-1.21168791844255
86.08,-1.21167653404186
86.09,-1.21166516341103
86.1,-1.21165404125463
86.11,-1.21164328372225
86.12,-1.21163291703138
86.13,-1.21162295689845
86.14,-1.21161339426372
86.15,-1.21160422930264
86.16,-1.21159547361433
86.17,-1.21158712298889
86.18,-1.21157918398734
86.19,-1.21157158435568
86.2,-1.21156412319181
86.21,-1.21155672176645
86.22,-1.21154934944071
86.23,-1.21154200564105
86.24,-1.21153467668572
86.25,-1.21152736081946
86.26,-1.21152006900788
86.27,-1.21151279636483
86.28,-1.21150554946137
86.29,-1.21149837191293
86.3,-1.21149144080561
86.31,-1.21148483671588
86.32,-1.21147858236118
86.33,-1.21147267893966
86.34,-1.21146711553969
86.35,-1.21146190284502
86.36,-1.21145704681925
86.37,-1.21145254875282
86.38,-1.21144840898573
86.39,-1.21144460510007
86.4,-1.21144106349129
86.41,-1.211437756423
86.42,-1.21143468760959
86.43,-1.21143184370473
86.44,-1.21142921783786
86.45,-1.21142680793455
86.46,-1.21142461883369
86.47,-1.21142266307612
86.48,-1.21142093012901
86.49,-1.21141936916869
86.5,-1.21141782504578
86.51,-1.21141621866638
86.52,-1.21141454130048
86.53,-1.21141278793557
86.54,-1.21141094622587
86.55,-1.21140902658063
86.56,-1.211407035019
86.57,-1.21140496756588
86.58,-1.21140281165899
86.59,-1.21140059457878
86.6,-1.21139837216603
86.61,-1.21139615780959
86.62,-1.21139396375809
86.63,-1.21139178526043
86.64,-1.21138963485449
86.65,-1.21138751314985
86.66,-1.21138540930745
86.67,-1.2113833285002
86.68,-1.21138126408397
86.69,-1.21137921671351
86.7,-1.21137715586332
86.71,-1.21137506671131
86.72,-1.21137294489008
86.73,-1.2113707894716
86.74,-1.2113686001279
86.75,-1.21136637682956
86.76,-1.21136411945582
86.77,-1.21136182809807
86.78,-1.21135950321095
86.79,-1.21135715024444
86.8,-1.21135478740108
86.81,-1.21135241730554
86.82,-1.21135002950786
86.83,-1.21134763500884
86.84,-1.21134523990443
86.85,-1.21134284592027
86.86,-1.21134044795188
86.87,-1.21133803317848
86.88,-1.21133561226425
86.89,-1.21133319086378
86.9,-1.21133076549244
86.91,-1.21132832352342
86.92,-1.21132587491613
86.93,-1.21132342036618
86.94,-1.21132094843605
86.95,-1.21131846978658
86.96,-1.21131599066795
86.97,-1.21131350718116
86.98,-1.21131100693536
86.99,-1.211308489218
87,-1.21159339946423
87.01,-1.21159076932163
87.02,-1.21158807171374
87.03,-1.21158529965937
87.04,-1.21158243985847
87.05,-1.21157950262241
87.06,-1.21157649391581
87.07,-1.21157341528669
87.08,-1.21157026754097
87.09,-1.21156706229363
87.1,-1.21156383089508
87.11,-1.21156057699988
87.12,-1.21155731567184
87.13,-1.21155404865738
87.14,-1.21155076463569
87.15,-1.21154747496303
87.16,-1.21154418577156
87.17,-1.21154089297829
87.18,-1.21153758427967
87.19,-1.21153427003408
87.2,-1.21153095623496
87.21,-1.21152764459938
87.22,-1.21152433582016
87.23,-1.21152102967826
87.24,-1.21151773219296
87.25,-1.21151445600715
87.26,-1.21151119087474
87.27,-1.21150793111274
87.28,-1.21150467494886
87.29,-1.21150142752994
87.3,-1.21149820694436
87.31,-1.21149502161897
87.32,-1.2114918741729
87.33,-1.21148875945997
87.34,-1.21148566468343
87.35,-1.21148260014816
87.36,-1.21147957210061
87.37,-1.21147658209435
87.38,-1.21147363064624
87.39,-1.2114708253478
87.4,-1.21146852663999
87.41,-1.21146691145713
87.42,-1.21146602714699
87.43,-1.21146586890239
87.44,-1.21146643698321
87.45,-1.21146774188619
87.46,-1.21146977720623
87.47,-1.21147255385349
87.48,-1.21147607095391
87.49,-1.21148011751682
87.5,-1.211484050881
87.51,-1.21148758021751
87.52,-1.21149061214009
87.53,-1.2114931350419
87.54,-1.21149514960566
87.55,-1.21149665656924
87.56,-1.21149765151014
87.57,-1.21149812262399
87.58,-1.21149808101337
87.59,-1.21149755033175
87.6,-1.21149658877652
87.61,-1.21149522249948
87.62,-1.21149345915192
87.63,-1.21149130140405
87.64,-1.21148875024635
87.65,-1.21148580617799
87.66,-1.21148246949625
87.67,-1.21147874064605
87.68,-1.21147461962401
87.69,-1.2114701235201
87.7,-1.21146530309797
87.71,-1.21146017072473
87.72,-1.21145473781802
87.73,-1.21144899968888
87.74,-1.21144296862241
87.75,-1.21143664565848
87.76,-1.21143001959137
87.77,-1.21142309554387
87.78,-1.21141586701601
87.79,-1.21140840260552
87.8,-1.21140089629773
87.81,-1.21139342771498
87.82,-1.21138600874244
87.83,-1.21137865645103
87.84,-1.2113713789815
87.85,-1.21136417874528
87.86,-1.21135705057115
87.87,-1.21134998156231
87.88,-1.21134298227026
87.89,-1.21133605298569
87.9,-1.21132917095056
87.91,-1.2113223148699
87.92,-1.21131548759126
87.93,-1.21130868101141
87.94,-1.21130190707823
87.95,-1.2112951664613
87.96,-1.21128844838424
87.97,-1.21128175791257
87.98,-1.21127508777197
87.99,-1.2112684216648
88,-1.21123931005861
88.01,-1.21123243502141
88.02,-1.21122542364787
88.03,-1.21121827846389
88.04,-1.21121101190794
88.05,-1.21120361318241
88.06,-1.21119607567692
88.07,-1.21118839766808
88.08,-1.21118057846173
88.09,-1.21117267059824
88.1,-1.21116485093463
88.11,-1.21115720962808
88.12,-1.21114975772637
88.13,-1.21114249596722
88.14,-1.21113543009523
88.15,-1.21112857338774
88.16,-1.21112191543088
88.17,-1.2111154555259
88.18,-1.21110920536258
88.19,-1.21110314834146
88.2,-1.21109726456195
88.21,-1.2110915571551
88.22,-1.21108601231937
88.23,-1.21108062896103
88.24,-1.21107541830147
88.25,-1.21107036910094
88.26,-1.21106547532476
88.27,-1.21106074074516
88.28,-1.21105617791235
88.29,-1.21105172933579
88.3,-1.21104722950601
88.31,-1.21104259427025
88.32,-1.21103781440705
88.33,-1.21103289013216
88.34,-1.2110278161527
88.35,-1.2110225788035
88.36,-1.21101718905196
88.37,-1.21101164715055
88.38,-1.21100594124882
88.39,-1.21100009417221
88.4,-1.21099415127902
88.41,-1.21098813172756
88.42,-1.21098204045648
88.43,-1.21097587945885
88.44,-1.2109696548694
88.45,-1.2109633800335
88.46,-1.2109570450878
88.47,-1.21095064350417
88.48,-1.21094417348491
88.49,-1.21093785214998
88.5,-1.21093240201484
88.51,-1.2109281573299
88.52,-1.21092520345754
88.53,-1.21092357241891
88.54,-1.21092325694202
88.55,-1.21092425584155
88.56,-1.21092657852823
88.57,-1.21093021629677
88.58,-1.21093517244367
88.59,-1.21094126641257
88.6,-1.21094794113249
88.61,-1.21095493741284
88.62,-1.21096219504178
88.63,-1.21096969395443
88.64,-1.21097741578986
88.65,-1.21098536938891
88.66,-1.21099355977491
88.67,-1.21100198205866
88.68,-1.21101062201383
88.69,-1.21101944920151
88.7,-1.21102833448595
88.71,-1.21103721909886
88.72,-1.2110460870413
88.73,-1.21105493355505
88.74,-1.2110637572042
88.75,-1.21107255782505
88.76,-1.21108133502151
88.77,-1.21109008934512
88.78,-1.21109882081785
88.79,-1.21110752958156
88.8,-1.21111621583327
88.81,-1.21112487930782
88.82,-1.2111335195743
88.83,-1.21114213752458
88.84,-1.21115073308194
88.85,-1.21115930629805
88.86,-1.21116785730886
88.87,-1.21117638578883
88.88,-1.21118489183582
88.89,-1.21119337581444
88.9,-1.21120183781742
88.91,-1.21121027804998
88.92,-1.21121869656258
88.93,-1.21122709320238
88.94,-1.21123546785669
88.95,-1.21124382088576
88.96,-1.21125215251784
88.97,-1.21126046284453
88.98,-1.21126875151863
88.99,-1.21127701894414
89,-1.21134671864214
89.01,-1.21135494410763
89.02,-1.21136314824544
89.03,-1.21137133108772
89.04,-1.21137949257983
89.05,-1.21138763322924
89.06,-1.21139575279433
89.07,-1.21140385140691
89.08,-1.211411929381
89.09,-1.2114199867129
89.1,-1.21142802309147
89.11,-1.21143603844469
89.12,-1.2114440332496
89.13,-1.21145200833349
89.14,-1.21145996368197
89.15,-1.21146789867019
89.16,-1.21147581313214
89.17,-1.21148370716691
89.18,-1.21149158121777
89.19,-1.21149943556612
89.2,-1.21150726980364
89.21,-1.21151508414389
89.22,-1.21152287905501
89.23,-1.21153065416398
89.24,-1.2115384094909
89.25,-1.21154614541546
89.26,-1.21155386141429
89.27,-1.21156155785138
89.28,-1.21156923515883
89.29,-1.21157689302368
89.3,-1.21158453172031
89.31,-1.21159215119884
89.32,-1.21159975135148
89.33,-1.21160733183417
89.34,-1.21161489300172
89.35,-1.21162243489196
89.36,-1.21162995844874
89.37,-1.21163746379807
89.38,-1.21164495055075
89.39,-1.21165241861465
89.4,-1.2116598680962
89.41,-1.21166729908501
89.42,-1.21167471170097
89.43,-1.21168210578052
89.44,-1.21168948155578
89.45,-1.21169683872276
89.46,-1.21170417709909
89.47,-1.21171149678358
89.48,-1.21171879776361
89.49,-1.21172608070473
89.5,-1.21173334598437
89.51,-1.2117405932138
89.52,-1.21174782247556
89.53,-1.21175503420297
89.54,-1.21176222798538
89.55,-1.21176940357369
89.56,-1.21177656119752
89.57,-1.21178370119659
89.58,-1.21179082306634
89.59,-1.21179792786356
89.6,-1.21180501606304
89.61,-1.21181208707091
89.62,-1.2118191405288
89.63,-1.21182617649931
89.64,-1.21183319503291
89.65,-1.21184019661423
89.66,-1.21184718094936
89.67,-1.21185414802712
89.68,-1.21186109783341
89.69,-1.2118680305709
89.7,-1.21187494618188
89.71,-1.21188184480511
89.72,-1.21188872623143
89.73,-1.21189559092767
89.74,-1.21190243892772
89.75,-1.21190927061308
89.76,-1.21191608580808
89.77,-1.21192288428276
89.78,-1.21192966594682
89.79,-1.21193643094793
89.8,-1.21194317965638
89.81,-1.21194991213898
89.82,-1.21195662813553
89.83,-1.2119633280823
89.84,-1.21197001199703
89.85,-1.21197667992624
89.86,-1.21198333192683
89.87,-1.21198996794045
89.88,-1.21199658932803
89.89,-1.21200319638878
89.9,-1.21200978883309
89.91,-1.21201636580488
89.92,-1.21202292606951
89.93,-1.21202947035078
89.94,-1.21203599870203
89.95,-1.21204251157775
89.96,-1.21204900911486
89.97,-1.21205549113764
89.98,-1.21206195770795
89.99,-1.21206840329769
90,-1.21202486720865
90.01,-1.21203125248279
90.02,-1.21203760276552
90.03,-1.21204392468592
90.04,-1.2120502071398
90.05,-1.21205644841215
90.06,-1.2120626601307
90.07,-1.21206883914269
90.08,-1.2120749917158
90.09,-1.21208110618107
90.1,-1.21208718086908
90.11,-1.2120932248323
90.12,-1.21209922876634
90.13,-1.21210518805208
90.14,-1.21211110680352
90.15,-1.21211699663555
90.16,-1.21212284799963
90.17,-1.21212866092341
90.18,-1.21213444439664
90.19,-1.21214017868221
90.2,-1.21214582583594
90.21,-1.21215136922514
90.22,-1.21215680464892
90.23,-1.21216213117658
90.24,-1.21216734857672
90.25,-1.21217245720181
90.26,-1.21217745670466
90.27,-1.21218234748728
90.28,-1.21218712986205
90.29,-1.21219180936566
90.3,-1.21219640312936
90.31,-1.21220091319537
90.32,-1.21220533035375
90.33,-1.21220966485532
90.34,-1.21221392273069
90.35,-1.21221810546878
90.36,-1.21222220870891
90.37,-1.21222622152923
90.38,-1.21223015396753
90.39,-1.2122340212593
90.4,-1.21223785800873
90.41,-1.21224167961184
90.42,-1.21224549098135
90.43,-1.21224929412548
90.44,-1.21225308933795
90.45,-1.21225687639553
90.46,-1.21226065499286
90.47,-1.21226442508382
90.48,-1.21226818665424
90.49,-1.21227194478393
90.5,-1.21227571627156
90.51,-1.21227950893998
90.52,-1.2122833245266
90.53,-1.21228716350139
90.54,-1.2122910262253
90.55,-1.21229491287442
90.56,-1.2122988234096
90.57,-1.21230275788726
90.58,-1.21230671607221
90.59,-1.21231070317062
90.6,-1.21231473532953
90.61,-1.2123188151715
90.62,-1.21232293271301
90.63,-1.21232709861345
90.64,-1.21233131796014
90.65,-1.21233559150466
90.66,-1.21233991205166
90.67,-1.21234426847745
90.68,-1.21234867222321
90.69,-1.2123531238051
90.7,-1.21235760345994
90.71,-1.21236209228908
90.72,-1.21236659172873
90.73,-1.2123710946022
90.74,-1.21237561152717
90.75,-1.21238014281613
90.76,-1.21238467837503
90.77,-1.21238922294114
90.78,-1.21239377060908
90.79,-1.21239833200783
90.8,-1.21240290776791
90.81,-1.21240748788059
90.82,-1.21241207696168
90.83,-1.21241666862196
90.84,-1.21242127397836
90.85,-1.21242589344369
90.86,-1.21243051706265
90.87,-1.21243514969856
90.88,-1.2124397848228
90.89,-1.21244442813237
90.9,-1.21244906931892
90.91,-1.21245370217919
90.92,-1.21245832527472
90.93,-1.2124629385673
90.94,-1.21246754616895
90.95,-1.21247215901967
90.96,-1.21247676852648
90.97,-1.21248136943135
90.98,-1.21248596067983
90.99,-1.21249054234391
91,-1.21241538409164
91.01,-1.21241994626699
91.02,-1.21242449850822
91.03,-1.21242904156886
91.04,-1.21243357509509
91.05,-1.21243809878893
91.06,-1.21244261254766
91.07,-1.21244711696064
91.08,-1.21245161196994
91.09,-1.21245610219983
91.1,-1.21246059863579
91.11,-1.21246509723171
91.12,-1.21246960406468
91.13,-1.21247410879215
91.14,-1.21247861101042
91.15,-1.21248312509258
91.16,-1.2124876526421
91.17,-1.21249218415008
91.18,-1.21249672428542
91.19,-1.21250126312578
91.2,-1.21250579932392
91.21,-1.21251034231818
91.22,-1.21251488275052
91.23,-1.21251941539978
91.24,-1.21252394348972
91.25,-1.21252847780347
91.26,-1.21253300933087
91.27,-1.21253753787238
91.28,-1.21254207275059
91.29,-1.21254660044199
91.3,-1.2125510949014
91.31,-1.21255553640943
91.32,-1.21255992704758
91.33,-1.21256426058255
91.34,-1.21256854696711
91.35,-1.21257278640565
91.36,-1.2125769698496
91.37,-1.2125811024529
91.38,-1.21258517804292
91.39,-1.21258920208006
91.4,-1.21259315979878
91.41,-1.21259703527903
91.42,-1.21260083094199
91.43,-1.21260454058193
91.44,-1.21260817432333
91.45,-1.21261173310928
91.46,-1.21261520772984
91.47,-1.21261860281229
91.48,-1.21262191272121
91.49,-1.21262515723013
91.5,-1.21262837337535
91.51,-1.21263157673066
91.52,-1.21263477178762
91.53,-1.21263795956828
91.54,-1.21264114035753
91.55,-1.2126443144476
91.56,-1.21264748202271
91.57,-1.21265064334881
91.58,-1.21265379837945
91.59,-1.21265694230331
91.6,-1.21266005971763
91.61,-1.21266314349872
91.62,-1.21266619160711
91.63,-1.21266920369027
91.64,-1.21267218443321
91.65,-1.21267514465722
91.66,-1.21267807571796
91.67,-1.21268097294391
91.68,-1.2126838350651
91.69,-1.21268664756844
91.7,-1.21268935918475
91.71,-1.21269193859177
91.72,-1.21269438403016
91.73,-1.21269668849169
91.74,-1.21269886166473
91.75,-1.21270090439774
91.76,-1.21270280774461
91.77,-1.212704576302
91.78,-1.21270620476436
91.79,-1.21270774527061
91.8,-1.21270933739365
91.81,-1.21271103439934
91.82,-1.21271286312716
91.83,-1.21271482865259
91.84,-1.2127169222502
91.85,-1.21271915285065
91.86,-1.21272152518351
91.87,-1.21272403562047
91.88,-1.21272667372467
91.89,-1.21272942451272
91.9,-1.21273221592733
91.91,-1.2127350147372
91.92,-1.21273781153408
91.93,-1.21274060380347
91.94,-1.21274339085559
91.95,-1.21274617228013
91.96,-1.21274894812994
91.97,-1.21275171841732
91.98,-1.21275448286955
91.99,-1.21275724625146
92,-1.2127149691851
92.01,-1.21271774808281
92.02,-1.21272054322068
92.03,-1.21272335526218
92.04,-1.212726174788
92.05,-1.2127290107871
92.06,-1.2127318686818
92.07,-1.21273474500756
92.08,-1.21273762925247
92.09,-1.21274051147729
92.1,-1.21274334059527
92.11,-1.21274610149289
92.12,-1.21274878313833
92.13,-1.21275138959005
92.14,-1.21275391529294
92.15,-1.21275636562106
92.16,-1.2127587354542
92.17,-1.2127610299892
92.18,-1.21276324402976
92.19,-1.21276539230924
92.2,-1.21276749098984
92.21,-1.21276953787777
92.22,-1.21277153920615
92.23,-1.21277348999254
92.24,-1.21277539999675
92.25,-1.21277727017699
92.26,-1.2127790914932
92.27,-1.21278086823051
92.28,-1.21278259511584
92.29,-1.21278428663155
92.3,-1.21278596782212
92.31,-1.21278765754999
92.32,-1.21278934949069
92.33,-1.21279103981408
92.34,-1.2127927320691
92.35,-1.21279443630401
92.36,-1.21279614380563
92.37,-1.21279785430949
92.38,-1.2127995770164
92.39,-1.21280130307538
92.4,-1.2128030228851
92.41,-1.21280472448214
92.42,-1.21280641601486
92.43,-1.21280809764416
92.44,-1.2128097604233
92.45,-1.21281141300838
92.46,-1.21281306014599
92.47,-1.21281469875173
92.48,-1.21281631880187
92.49,-1.21281791983529
92.5,-1.21281947668157
92.51,-1.21282098181996
92.52,-1.21282244238414
92.53,-1.21282384923643
92.54,-1.21282519739811
92.55,-1.21282648549307
92.56,-1.21282771779743
92.57,-1.21282890486082
92.58,-1.21283003845025
92.59,-1.21283110470387
92.6,-1.21283207688544
92.61,-1.2128329519492
92.62,-1.21283372252651
92.63,-1.21283439325026
92.64,-1.21283495431283
92.65,-1.21283540511257
92.66,-1.21283575469253
92.67,-1.21283599915329
92.68,-1.21283614416335
92.69,-1.21283619832887
92.7,-1.21283621637175
92.71,-1.21283621909936
92.72,-1.21283620329372
92.73,-1.21283617930124
92.74,-1.21283615240491
92.75,-1.21283612403931
92.76,-1.21283609010389
92.77,-1.21283604038857
92.78,-1.21283598330081
92.79,-1.21283592379263
92.8,-1.21283586318718
92.81,-1.2128358018488
92.82,-1.21283573980833
92.83,-1.21283567706717
92.84,-1.21283561364023
92.85,-1.21283554957751
92.86,-1.21283548486536
92.87,-1.21283541944623
92.88,-1.21283535333422
92.89,-1.21283529094149
92.9,-1.2128352473067
92.91,-1.21283523354
92.92,-1.21283526198161
92.93,-1.21283532491269
92.94,-1.21283541763005
92.95,-1.21283553878122
92.96,-1.21283569242859
92.97,-1.2128358887708
92.98,-1.21283611946696
92.99,-1.21283637520985
93,-1.21278063877755
93.01,-1.21278090945747
93.02,-1.21278119466064
93.03,-1.21278148562898
93.04,-1.21278177748418
93.05,-1.2127820686445
93.06,-1.21278236321912
93.07,-1.21278267155091
93.08,-1.21278298547033
93.09,-1.21278330018499
93.1,-1.21278361441458
93.11,-1.21278392324033
93.12,-1.2127842161327
93.13,-1.21278450120266
93.14,-1.21278478316625
93.15,-1.21278506348622
93.16,-1.2127853380385
93.17,-1.2127855965651
93.18,-1.21278584729147
93.19,-1.21278609954256
93.2,-1.212786365014
93.21,-1.21278664037705
93.22,-1.21278693127662
93.23,-1.21278723267454
93.24,-1.21278755413707
93.25,-1.2127878964367
93.26,-1.21278825075677
93.27,-1.21278862109293
93.28,-1.21278900192644
93.29,-1.21278940298145
93.3,-1.21278982476851
93.31,-1.21279025836745
93.32,-1.21279071246551
93.33,-1.21279118741082
93.34,-1.21279167424814
93.35,-1.21279218145892
93.36,-1.21279271380867
93.37,-1.21279326825407
93.38,-1.21279383485521
93.39,-1.21279440835027
93.4,-1.21279494907184
93.41,-1.21279543857646
93.42,-1.21279587163955
93.43,-1.21279625130874
93.44,-1.21279658750394
93.45,-1.2127968721019
93.46,-1.21279710035603
93.47,-1.21279727093985
93.48,-1.21279738363454
93.49,-1.21279744279904
93.5,-1.21279746339874
93.51,-1.21279745653953
93.52,-1.21279743454254
93.53,-1.21279738967474
93.54,-1.21279731743373
93.55,-1.21279721664189
93.56,-1.21279709133315
93.57,-1.21279695169642
93.58,-1.21279678955386
93.59,-1.212796604674
93.6,-1.2127964106398
93.61,-1.21279621365958
93.62,-1.21279601554429
93.63,-1.2127958168607
93.64,-1.21279561757021
93.65,-1.21279541780118
93.66,-1.21279521745747
93.67,-1.21279501680224
93.68,-1.21279481574182
93.69,-1.21279456924521
93.7,-1.212794134331
93.71,-1.21279345547872
93.72,-1.21279251020037
93.73,-1.21279129912444
93.74,-1.21278981139062
93.75,-1.21278804601371
93.76,-1.2127860119723
93.77,-1.21278370525215
93.78,-1.21278113137566
93.79,-1.21277827197408
93.8,-1.21277508778201
93.81,-1.21277155379893
93.82,-1.21276766925541
93.83,-1.21276342752613
93.84,-1.21275883739742
93.85,-1.21275389924712
93.86,-1.21274860356872
93.87,-1.2127429546258
93.88,-1.21273694628553
93.89,-1.21273071436606
93.9,-1.21272468085609
93.91,-1.21271903466533
93.92,-1.21271382964278
93.93,-1.21270907730891
93.94,-1.21270477154317
93.95,-1.21270092230585
93.96,-1.21269753459658
93.97,-1.21269460991054
93.98,-1.21269214881351
93.99,-1.21269017392561
94,-1.21265559082113
94.01,-1.21265477026355
94.02,-1.21265455224009
94.03,-1.21265493859563
94.04,-1.21265593351327
94.05,-1.21265754649943
94.06,-1.21265976794428
94.07,-1.21266259164729
94.08,-1.21266601458789
94.09,-1.21266993974652
94.1,-1.21267405281664
94.11,-1.21267821322379
94.12,-1.21268238095484
94.13,-1.21268654440241
94.14,-1.21269070049182
94.15,-1.21269484829582
94.16,-1.21269898758718
94.17,-1.21270311810333
94.18,-1.2127072396823
94.19,-1.21271135237691
94.2,-1.21271545622561
94.21,-1.21271955165595
94.22,-1.21272363880481
94.23,-1.21272771745975
94.24,-1.21273178747601
94.25,-1.21273584889148
94.26,-1.21273990198663
94.27,-1.21274394664317
94.28,-1.21274798280177
94.29,-1.21275201050657
94.3,-1.21275602985418
94.31,-1.2127600408162
94.32,-1.2127640434061
94.33,-1.21276803767744
94.34,-1.21277202359665
94.35,-1.21277600129303
94.36,-1.21277997083275
94.37,-1.21278393213458
94.38,-1.2127878852318
94.39,-1.21279182980482
94.4,-1.21279576622298
94.41,-1.21279969462857
94.42,-1.21280361488755
94.43,-1.21280752695901
94.44,-1.21281143100003
94.45,-1.212815327255
94.46,-1.21281921545546
94.47,-1.21282309539178
94.48,-1.21282696699348
94.49,-1.2128308306105
94.5,-1.21283468615126
94.51,-1.21283853409338
94.52,-1.21284237394791
94.53,-1.21284620582089
94.54,-1.21285003022449
94.55,-1.21285384753409
94.56,-1.21285765698553
94.57,-1.21286145803764
94.58,-1.2128652510095
94.59,-1.21286903615336
94.6,-1.21287281348864
94.61,-1.21287658307976
94.62,-1.21288034489708
94.63,-1.21288409901584
94.64,-1.21288784536101
94.65,-1.21289158391615
94.66,-1.21289531495646
94.67,-1.21289903841828
94.68,-1.21290275428611
94.69,-1.21290646259679
94.7,-1.21291016323007
94.71,-1.21291385646246
94.72,-1.2129175423469
94.73,-1.21292122075547
94.74,-1.21292489168442
94.75,-1.21292855490718
94.76,-1.21293221065051
94.77,-1.21293585919123
94.78,-1.21293950034457
94.79,-1.21294313394591
94.8,-1.2129467602107
94.81,-1.2129503790368
94.82,-1.21295399052977
94.83,-1.21295759489352
94.84,-1.21296119204762
94.85,-1.2129647819661
94.86,-1.21296836473273
94.87,-1.21297194039319
94.88,-1.2129755089526
94.89,-1.21297907026178
94.9,-1.21298262434878
94.91,-1.21298617112668
94.92,-1.21298971083688
94.93,-1.21299324347164
94.94,-1.21299676905958
94.95,-1.21300028754665
94.96,-1.21300379890604
94.97,-1.2130073030471
94.98,-1.21301080006542
94.99,-1.21301428999522
95,-1.2130036988827
95.01,-1.21300717525405
95.02,-1.21301064450481
95.03,-1.21301410679701
95.04,-1.21301756210219
95.05,-1.21302101049632
95.06,-1.21302445203701
95.07,-1.21302788659302
95.08,-1.21303131417646
95.09,-1.21303473503035
95.1,-1.21303814902487
95.11,-1.21304155623575
95.12,-1.21304495668075
95.13,-1.21304834633855
95.14,-1.21305171573989
95.15,-1.21305507260708
95.16,-1.21305842091863
95.17,-1.21306176188592
95.18,-1.21306509606411
95.19,-1.2130684108561
95.2,-1.2130716691128
95.21,-1.21307486222899
95.22,-1.21307797733967
95.23,-1.2130810088038
95.24,-1.2130839592688
95.25,-1.213086838166
95.26,-1.21308963809387
95.27,-1.21309235897265
95.28,-1.21309500938339
95.29,-1.2130975899161
95.3,-1.21310012743025
95.31,-1.21310264291519
95.32,-1.21310513636063
95.33,-1.21310761399448
95.34,-1.21311007117304
95.35,-1.21311251278975
95.36,-1.21311493410904
95.37,-1.21311734003694
95.38,-1.21311972579901
95.39,-1.2131221004254
95.4,-1.21312446868321
95.41,-1.21312683600292
95.42,-1.21312921237057
95.43,-1.21313159050503
95.44,-1.2131339656501
95.45,-1.21313633678171
95.46,-1.2131387077628
95.47,-1.21314108811534
95.48,-1.21314346999212
95.49,-1.21314583283635
95.5,-1.2131481209885
95.51,-1.21315030968432
95.52,-1.21315239210259
95.53,-1.21315436655062
95.54,-1.21315623289505
95.55,-1.2131579910476
95.56,-1.21315964114409
95.57,-1.21316118354381
95.58,-1.21316261851496
95.59,-1.21316392979149
95.6,-1.21316506337344
95.61,-1.21316599522926
95.62,-1.21316671886889
95.63,-1.21316723257892
95.64,-1.21316754029312
95.65,-1.2131676515571
95.66,-1.21316755925764
95.67,-1.21316725927302
95.68,-1.21316675057016
95.69,-1.21316605752881
95.7,-1.21316525748842
95.71,-1.21316437746313
95.72,-1.21316343126802
95.73,-1.21316241684562
95.74,-1.21316133958101
95.75,-1.21316019499165
95.76,-1.2131589879348
95.77,-1.21315771373698
95.78,-1.21315637722474
95.79,-1.21315501884571
95.8,-1.21315380090492
95.81,-1.21315280416073
95.82,-1.21315204544819
95.83,-1.21315153537561
95.84,-1.21315126656038
95.85,-1.213151238592
95.86,-1.2131514593892
95.87,-1.213151925045
95.88,-1.21315264036875
95.89,-1.21315357558325
95.9,-1.21315465772006
95.91,-1.21315585904639
95.92,-1.21315717966864
95.93,-1.21315860920815
95.94,-1.21316014239643
95.95,-1.2131617774355
95.96,-1.21316351797458
95.97,-1.21316537308786
95.98,-1.2131673350727
95.99,-1.21316937894626
96,-1.2131543240923
96.01,-1.2131563458362
96.02,-1.21315833125132
96.03,-1.21316026868863
96.04,-1.21316215672458
96.05,-1.21316400744176
96.06,-1.21316582248356
96.07,-1.21316759417968
96.08,-1.2131693264325
96.09,-1.21317101437901
96.1,-1.21317266261778
96.11,-1.2131742665432
96.12,-1.21317583104753
96.13,-1.21317735154756
96.14,-1.21317883697203
96.15,-1.21318028787567
96.16,-1.21318169632646
96.17,-1.21318306620054
96.18,-1.2131843925461
96.19,-1.21318569222115
96.2,-1.21318700081727
96.21,-1.21318834087593
96.22,-1.21318970869225
96.23,-1.21319110107282
96.24,-1.21319252115915
96.25,-1.21319397776191
96.26,-1.21319546355645
96.27,-1.21319697820708
96.28,-1.2131985297208
96.29,-1.21320009802682
96.3,-1.21320163451255
96.31,-1.2132031108106
96.32,-1.21320452928831
96.33,-1.21320588894964
96.34,-1.21320718111179
96.35,-1.2132084134285
96.36,-1.21320959035814
96.37,-1.21321070911582
96.38,-1.21321176099272
96.39,-1.21321273335878
96.4,-1.21321356422009
96.41,-1.21321422538264
96.42,-1.21321470876784
96.43,-1.21321501241805
96.44,-1.21321513599348
96.45,-1.21321507960607
96.46,-1.21321484335434
96.47,-1.21321442727293
96.48,-1.21321383158175
96.49,-1.2132130848309
96.5,-1.21321227617004
96.51,-1.21321143796697
96.52,-1.21321058941605
96.53,-1.21320973399137
96.54,-1.21320886471204
96.55,-1.21320798958601
96.56,-1.21320711298235
96.57,-1.21320623210764
96.58,-1.21320533813307
96.59,-1.21320443049621
96.6,-1.21320349103029
96.61,-1.21320251818182
96.62,-1.21320150165548
96.63,-1.21320043632659
96.64,-1.2131993247932
96.65,-1.21319817588968
96.66,-1.21319698226519
96.67,-1.21319574356482
96.68,-1.2131944680255
96.69,-1.2131931438344
96.7,-1.21319175333821
96.71,-1.21319028547077
96.72,-1.21318872871452
96.73,-1.21318708978727
96.74,-1.2131853729757
96.75,-1.21318357957943
96.76,-1.21318170601158
96.77,-1.21317974283592
96.78,-1.21317769766038
96.79,-1.21317557455206
96.8,-1.21317337489808
96.81,-1.21317110297336
96.82,-1.21316876807843
96.83,-1.2131663630394
96.84,-1.21316388374437
96.85,-1.21316132866935
96.86,-1.21315870167281
96.87,-1.21315601179738
96.88,-1.21315325172024
96.89,-1.21315042962047
96.9,-1.21314758429206
96.91,-1.21314473322429
96.92,-1.21314188138947
96.93,-1.21313903037765
96.94,-1.21313618056546
96.95,-1.21313333211786
96.96,-1.21313048508814
96.97,-1.21312763953992
96.98,-1.21312479540879
96.99,-1.21312194857753
97,-1.21311667769737
97.01,-1.21311380983871
97.02,-1.21311092811116
97.03,-1.21310803756162
97.04,-1.21310512915023
97.05,-1.21310220199358
97.06,-1.21309926405437
97.07,-1.21309631177329
97.08,-1.2130933501654
97.09,-1.21309037450265
97.1,-1.21308739374705
97.11,-1.21308441253562
97.12,-1.2130814323428
97.13,-1.21307845341518
97.14,-1.21307547992642
97.15,-1.21307252142825
97.16,-1.21306957043126
97.17,-1.21306662264299
97.18,-1.21306367695327
97.19,-1.21306075738878
97.2,-1.21305794148508
97.21,-1.21305525620104
97.22,-1.21305271509071
97.23,-1.21305031609842
97.24,-1.21304806910755
97.25,-1.21304597467039
97.26,-1.21304402465
97.27,-1.21304222261301
97.28,-1.2130405633966
97.29,-1.21303903539024
97.3,-1.21303757533886
97.31,-1.21303615412165
97.32,-1.21303476340314
97.33,-1.21303340080846
97.34,-1.21303206145698
97.35,-1.21303073548806
97.36,-1.21302943037386
97.37,-1.21302815045959
97.38,-1.21302689700508
97.39,-1.21302565802906
97.4,-1.21302439268021
97.41,-1.21302308266875
97.42,-1.21302172289648
97.43,-1.21302031186814
97.44,-1.21301885334236
97.45,-1.21301735664688
97.46,-1.21301581424285
97.47,-1.21301422185105
97.48,-1.21301257805111
97.49,-1.21301083291003
97.5,-1.21300882254025
97.51,-1.21300647370839
97.52,-1.21300376532884
97.53,-1.21300069552965
97.54,-1.21299727206155
97.55,-1.21299348691404
97.56,-1.21298933505957
97.57,-1.21298481483755
97.58,-1.21297992555966
97.59,-1.2129746916408
97.6,-1.21296919945701
97.61,-1.21296349480475
97.62,-1.21295758444162
97.63,-1.2129514762329
97.64,-1.21294516635852
97.65,-1.21293865903213
97.66,-1.21293194935091
97.67,-1.21292504173418
97.68,-1.21291793083999
97.69,-1.2129106381724
97.7,-1.21290321393051
97.71,-1.21289568750049
97.72,-1.21288806093741
97.73,-1.21288034068665
97.74,-1.21287251828152
97.75,-1.21286459333556
97.76,-1.21285657343923
97.77,-1.21284845463802
97.78,-1.21284024154426
97.79,-1.21283194260692
97.8,-1.21282360871365
97.81,-1.21281525924417
97.82,-1.21280689158128
97.83,-1.21279851508098
97.84,-1.21279013474659
97.85,-1.2127817523549
97.86,-1.21277336384758
97.87,-1.21276495968213
97.88,-1.21275654763796
97.89,-1.21274811061263
97.9,-1.21273957466594
97.91,-1.21273089784977
97.92,-1.21272207420046
97.93,-1.21271309549643
97.94,-1.21270396967627
97.95,-1.21269469685696
97.96,-1.21268526786522
97.97,-1.2126756866712
97.98,-1.21266594729012
97.99,-1.21265605398449
98,-1.21268837945264
98.01,-1.21267815820438
98.02,-1.21266778136702
98.03,-1.21265723848886
98.04,-1.21264652459576
98.05,-1.21263563798926
98.06,-1.21262458193888
98.07,-1.21261336644585
98.08,-1.21260198235557
98.09,-1.21259045598716
98.1,-1.21257888382309
98.11,-1.21256730091386
98.12,-1.2125557245159
98.13,-1.21254414816099
98.14,-1.21253257250972
98.15,-1.21252101140252
98.16,-1.21250946577871
98.17,-1.21249792806451
98.18,-1.21248640225914
98.19,-1.21247486518533
98.2,-1.21246326196748
98.21,-1.21245156121184
98.22,-1.21243975943285
98.23,-1.21242784889034
98.24,-1.21241583889066
98.25,-1.21240372957714
98.26,-1.21239151175955
98.27,-1.21237918971073
98.28,-1.21236675741654
98.29,-1.212354227384
98.3,-1.21234162529958
98.31,-1.2123289703352
98.32,-1.21231626120426
98.33,-1.21230350339067
98.34,-1.21229068732449
98.35,-1.21227781268708
98.36,-1.212264888475
98.37,-1.21225190939763
98.38,-1.21223888213642
98.39,-1.21222578613715
98.4,-1.21221258231302
98.41,-1.21219924465161
98.42,-1.21218577438355
98.43,-1.21217217100293
98.44,-1.21215842353676
98.45,-1.21214454094713
98.46,-1.21213052884997
98.47,-1.21211638301526
98.48,-1.21210209281511
98.49,-1.21208777149159
98.5,-1.21207376369316
98.51,-1.21206021641447
98.52,-1.21204717981487
98.53,-1.21203466323149
98.54,-1.21202268090776
98.55,-1.21201123834246
98.56,-1.21200032933501
98.57,-1.2119899581959
98.58,-1.21198011964484
98.59,-1.21197074820178
98.6,-1.21196159594803
98.61,-1.21195254667722
98.62,-1.21194355709362
98.63,-1.2119346268615
98.64,-1.21192575873907
98.65,-1.21191695402411
98.66,-1.21190820713381
98.67,-1.21189950683732
98.68,-1.21189086367862
98.69,-1.21188226309268
98.7,-1.21187363747114
98.71,-1.21186494633546
98.72,-1.2118561853965
98.73,-1.21184734700451
98.74,-1.21183844131754
98.75,-1.21182946717333
98.76,-1.21182041577435
98.77,-1.21181129088146
98.78,-1.21180208705284
98.79,-1.21179282910049
98.8,-1.21178357131517
98.81,-1.2117743322325
98.82,-1.21176510678826
98.83,-1.21175590681437
98.84,-1.21174673762069
98.85,-1.21173760148791
98.86,-1.21172849284077
98.87,-1.21171940078847
98.88,-1.21171033627905
98.89,-1.21170129849984
98.9,-1.21169227725578
98.91,-1.21168327705783
98.92,-1.21167428740148
98.93,-1.21166530195699
98.94,-1.21165632393667
98.95,-1.21164736532435
98.96,-1.2116384181474
98.97,-1.21162947895571
98.98,-1.21162055760021
98.99,-1.21161165929238
99,-1.21172180996085
99.01,-1.2117130254713
99.02,-1.21170432172706
99.03,-1.21169569096394
99.04,-1.21168712873864
99.05,-1.21167863403733
99.06,-1.21167021159088
99.07,-1.21166187363699
99.08,-1.21165361090939
99.09,-1.2116454779473
99.1,-1.21163767969867
99.11,-1.21163031770909
99.12,-1.21162340816412
99.13,-1.21161695401893
99.14,-1.21161096131404
99.15,-1.21160544133086
99.16,-1.21160038572904
99.17,-1.21159579387591
99.18,-1.21159167607507
99.19,-1.21158790028706
99.2,-1.21158405808839
99.21,-1.21157996749661
99.22,-1.21157557619653
99.23,-1.21157087423
99.24,-1.21156586960496
99.25,-1.21156055081949
99.26,-1.21155491251503
99.27,-1.21154895344315
99.28,-1.21154267248614
99.29,-1.21153606445486
99.3,-1.21152910715928
99.31,-1.21152178091481
99.32,-1.21151408761229
99.33,-1.21150602013679
99.34,-1.21149758774528
99.35,-1.21148879058566
99.36,-1.21147961815278
99.37,-1.21147007501706
99.38,-1.21146015458166
99.39,-1.2114500273153
99.4,-1.21144022205003
99.41,-1.21143096584464
99.42,-1.21142233189962
99.43,-1.2114143339247
99.44,-1.21140698892438
99.45,-1.21140029952267
99.46,-1.2113942566627
99.47,-1.21138886590675
99.48,-1.21138412091801
99.49,-1.2113800902592
99.5,-1.21137696811319
99.51,-1.21137483916826
99.52,-1.21137372651746
99.53,-1.2113736362698
99.54,-1.21137456947759
99.55,-1.21137652566796
99.56,-1.21137950265511
99.57,-1.21138349712695
99.58,-1.21138850507852
99.59,-1.21139436189548
99.6,-1.21140053504131
99.61,-1.21140678710183
99.62,-1.21141305071946
99.63,-1.21141930759557
99.64,-1.21142555236992
99.65,-1.21143178370039
99.66,-1.21143800146296
99.67,-1.21144420444957
99.68,-1.21145039294099
99.69,-1.21145656723426
99.7,-1.21146272795888
99.71,-1.21146887375771
99.72,-1.21147500390751
99.73,-1.21148111853189
99.74,-1.21148721968587
99.75,-1.21149330786538
99.76,-1.21149938259094
99.77,-1.21150544386389
99.78,-1.21151149198073
99.79,-1.21151752656699
99.8,-1.2115235467854
99.81,-1.21152955217304
99.82,-1.21153554262361
99.83,-1.2115415186437
99.84,-1.21154748060016
99.85,-1.21155342845649
99.86,-1.21155936179983
99.87,-1.21156528076255
99.88,-1.21157118584863
99.89,-1.21157707787395
99.9,-1.21158295647563
99.91,-1.21158882150618
99.92,-1.21159467279502
99.93,-1.21160051011858
99.94,-1.21160633373801
99.95,-1.21161214401647
99.96,-1.21161794112398
99.97,-1.21162372493094
99.98,-1.21162949537107
99.99,-1.21163525244758
100,-1.21172158976037
100.01,-1.21172732115309
100.02,-1.21173303996312
100.03,-1.2117387448841
100.04,-1.21174443534029
100.05,-1.21175011273436
100.06,-1.21175577990962
100.07,-1.21176143694099
100.08,-1.21176708212236
100.09,-1.2117727153051
100.1,-1.21177833573909
100.11,-1.21178394331673
100.12,-1.21178953774301
100.13,-1.21179511934301
100.14,-1.21180068819463
100.15,-1.21180624486014
100.16,-1.21181178876695
100.17,-1.21181731966808
100.18,-1.21182283817901
100.19,-1.21182834335648
100.2,-1.21183383547746
100.21,-1.21183931548706
100.22,-1.21184478296135
100.23,-1.21185023779163
100.24,-1.21185568014125
100.25,-1.21186111019145
100.26,-1.21186652795544
100.27,-1.21187193330401
100.28,-1.2118773264271
100.29,-1.2118827070202
100.3,-1.21188807505581
100.31,-1.21189343046449
100.32,-1.21189877346959
100.33,-1.21190410446378
100.34,-1.21190942340505
100.35,-1.21191473062281
100.36,-1.21192002667459
100.37,-1.21192531161953
100.38,-1.21193058449492
100.39,-1.2119358455282
100.4,-1.21194109517301
100.41,-1.21194633317394
100.42,-1.21195155942594
100.43,-1.21195677374176
100.44,-1.21196197657525
100.45,-1.2119671678347
100.46,-1.2119723472867
100.47,-1.21197751482084
100.48,-1.21198267092651
100.49,-1.21198781542029
100.5,-1.21199294868571
100.51,-1.21199807117956
100.52,-1.21200318261623
100.53,-1.21200828264661
100.54,-1.21201337122522
100.55,-1.21201844851385
100.56,-1.21202351468974
100.57,-1.21202856974788
100.58,-1.21203361379178
100.59,-1.21203864661594
100.6,-1.21204366796663
100.61,-1.21204867811737
100.62,-1.21205367723726
100.63,-1.21205866529861
100.64,-1.21206364235298
100.65,-1.21206860852809
100.66,-1.21207356347459
100.67,-1.21207850776853
100.68,-1.21208344179907
100.69,-1.21208836527044
100.7,-1.21209327780491
100.71,-1.21209817956589
100.72,-1.21210307038894
100.73,-1.21210795002374
100.74,-1.2121128186791
100.75,-1.21211767659358
100.76,-1.21212252400492
100.77,-1.21212736089076
100.78,-1.21213218712927
100.79,-1.21213700262191
100.8,-1.21214180759465
100.81,-1.21214660233498
100.82,-1.21215138712499
100.83,-1.21215616176682
100.84,-1.21216092602391
100.85,-1.21216567963361
100.86,-1.21217042270277
100.87,-1.21217515521932
100.88,-1.21217987737875
100.89,-1.21218458914021
100.9,-1.21218929077802
100.91,-1.2121939822172
100.92,-1.21219866367716
100.93,-1.2122033350925
100.94,-1.21220799627371
100.95,-1.21221264702424
100.96,-1.21221728732499
100.97,-1.21222191743915
100.98,-1.21222653766537
100.99,-1.21223114867192
101,-1.21214304509404
101.01,-1.21214763663897
101.02,-1.21215221822076
101.03,-1.21215679008557
101.04,-1.21216135229395
101.05,-1.21216590480276
101.06,-1.21217044749845
101.07,-1.21217498006567
101.08,-1.21217950257782
101.09,-1.21218401504113
101.1,-1.21218851772607
101.11,-1.21219301095404
101.12,-1.2121974946655
101.13,-1.21220196841479
101.14,-1.21220643251423
101.15,-1.21221088707965
101.16,-1.21221533206292
101.17,-1.21221976775338
101.18,-1.21222419400893
101.19,-1.21222861046528
101.2,-1.21223301712435
101.21,-1.2122374142802
101.22,-1.21224180217162
101.23,-1.21224618093177
101.24,-1.21225055050164
101.25,-1.2122549107349
101.26,-1.21225926164316
101.27,-1.21226360303382
101.28,-1.21226793536467
101.29,-1.21227225862228
101.3,-1.21227657274991
101.31,-1.21228087769483
101.32,-1.21228517340232
101.33,-1.21228945987051
101.34,-1.21229373707971
101.35,-1.21229800519819
101.36,-1.2123022642022
101.37,-1.21230651414686
101.38,-1.21231075501043
101.39,-1.21231498683593
101.4,-1.21231920975591
101.41,-1.21232342381636
101.42,-1.21232762898856
101.43,-1.21233182542117
101.44,-1.21233601335282
101.45,-1.21234019253662
101.46,-1.21234436282983
101.47,-1.21234852416793
101.48,-1.21235267668949
101.49,-1.2123568205462
101.5,-1.21236095551132
101.51,-1.21236508172514
101.52,-1.21236919917533
101.53,-1.21237330788015
101.54,-1.21237740802632
101.55,-1.21238149955585
101.56,-1.21238558252049
101.57,-1.21238965678329
101.58,-1.21239372220106
101.59,-1.21239777909368
101.6,-1.21240182808977
101.61,-1.21240586900637
101.62,-1.21240990170864
101.63,-1.21241392598681
101.64,-1.21241794191732
101.65,-1.21242194955692
101.66,-1.21242594884769
101.67,-1.2124299394659
101.68,-1.21243392167806
101.69,-1.21243789552213
101.7,-1.2124418610024
101.71,-1.21244581815667
101.72,-1.21244976712462
101.73,-1.21245370788314
101.74,-1.21245764047163
101.75,-1.21246156505316
101.76,-1.21246548144944
101.77,-1.21246938984038
101.78,-1.21247329010866
101.79,-1.21247718246008
101.8,-1.2124810669033
101.81,-1.21248494326187
101.82,-1.21248881176589
101.83,-1.21249267254228
101.84,-1.21249652538839
101.85,-1.21250037018928
101.86,-1.21250420684946
101.87,-1.21250803577406
101.88,-1.21251185736071
101.89,-1.21251566720034
101.9,-1.21251944565815
101.91,-1.21252317596701
101.92,-1.21252686055176
101.93,-1.21253049381497
101.94,-1.21253408505454
101.95,-1.21253763483828
101.96,-1.21254113472139
101.97,-1.21254458893302
101.98,-1.21254799218524
101.99,-1.21255135834669
102,-1.21248082031121
102.01,-1.2124841546533
102.02,-1.21248746717479
102.03,-1.21249076655205
102.04,-1.21249405760217
102.05,-1.21249734168433
102.06,-1.21250061467521
102.07,-1.21250386665595
102.08,-1.21250710569419
102.09,-1.21251034499801
102.1,-1.2125136100458
102.11,-1.21251690418814
102.12,-1.21252023450259
102.13,-1.21252359651459
102.14,-1.21252699980564
102.15,-1.21253044492427
102.16,-1.21253392317744
102.17,-1.21253743833072
102.18,-1.2125409847205
102.19,-1.21254456338519
102.2,-1.21254815079597
102.21,-1.21255173527086
102.22,-1.21255531362023
102.23,-1.21255888531403
102.24,-1.2125624502443
102.25,-1.21256600821377
102.26,-1.21256955881002
102.27,-1.21257310225066
102.28,-1.21257663853982
102.29,-1.21258015053766
102.3,-1.21258357774728
102.31,-1.21258688569459
102.32,-1.21259007532763
102.33,-1.21259314936072
102.34,-1.21259610464782
102.35,-1.21259893191375
102.36,-1.2126016392182
102.37,-1.21260422714741
102.38,-1.2126066874954
102.39,-1.21260899901676
102.4,-1.21261106464973
102.41,-1.21261283282111
102.42,-1.2126142954356
102.43,-1.21261544428917
102.44,-1.21261628791709
102.45,-1.21261682722564
102.46,-1.21261705433342
102.47,-1.21261697340847
102.48,-1.21261657979185
102.49,-1.21261592938718
102.5,-1.21261518527705
102.51,-1.21261442762686
102.52,-1.21261367277564
102.53,-1.21261293150022
102.54,-1.21261219651035
102.55,-1.21261146772651
102.56,-1.21261075365193
102.57,-1.21261005038101
102.58,-1.21260936300506
102.59,-1.21260867823497
102.6,-1.21260797738292
102.61,-1.21260724860741
102.62,-1.21260647999382
102.63,-1.21260567867543
102.64,-1.21260484899688
102.65,-1.21260399200921
102.66,-1.21260310417604
102.67,-1.21260217568419
102.68,-1.21260121415858
102.69,-1.21260023706762
102.7,-1.21259928332699
102.71,-1.21259836243082
102.72,-1.21259748737155
102.73,-1.21259665975945
102.74,-1.21259587181403
102.75,-1.21259513173327
102.76,-1.2125944439348
102.77,-1.21259380546692
102.78,-1.21259320686306
102.79,-1.21259267302069
102.8,-1.21259226414662
102.81,-1.21259200632733
102.82,-1.21259190703559
102.83,-1.21259196819205
102.84,-1.21259219444156
102.85,-1.21259259553304
102.86,-1.21259316336536
102.87,-1.21259389319069
102.88,-1.21259478354686
102.89,-1.21259582111646
102.9,-1.21259696358693
102.91,-1.21259818785488
102.92,-1.21259947872719
102.93,-1.21260084227884
102.94,-1.21260228241366
102.95,-1.21260379987528
102.96,-1.21260539044457
102.97,-1.21260704454446
102.98,-1.21260876993336
102.99,-1.212610579213
103,-1.21259648559125
103.01,-1.21259853299965
103.02,-1.21260070916785
103.03,-1.21260301081505
103.04,-1.21260542790068
103.05,-1.21260796759002
103.06,-1.21261063444646
103.07,-1.21261342929996
103.08,-1.21261635220356
103.09,-1.21261936941361
103.1,-1.21262237405965
103.11,-1.2126253263602
103.12,-1.21262820483141
103.13,-1.21263100143562
103.14,-1.21263371799294
103.15,-1.21263636349168
103.16,-1.21263893034552
103.17,-1.21264141853748
103.18,-1.21264383664933
103.19,-1.21264615603773
103.2,-1.21264830367186
103.21,-1.21265024366722
103.22,-1.21265195766158
103.23,-1.21265345126618
103.24,-1.21265472850972
103.25,-1.21265579093531
103.26,-1.2126566350535
103.27,-1.21265725176402
103.28,-1.21265764905385
103.29,-1.21265785655687
103.3,-1.21265795810616
103.31,-1.21265799521871
103.32,-1.21265798828668
103.33,-1.21265793282117
103.34,-1.21265782535436
103.35,-1.21265766494166
103.36,-1.21265745557565
103.37,-1.21265720678825
103.38,-1.21265691094984
103.39,-1.21265656369869
103.4,-1.21265616376821
103.41,-1.21265571081921
103.42,-1.21265520488338
103.43,-1.21265464596699
103.44,-1.21265403399399
103.45,-1.21265336918815
103.46,-1.21265265170342
103.47,-1.21265188148868
103.48,-1.21265105859357
103.49,-1.21265016639523
103.5,-1.21264914997018
103.51,-1.21264798901821
103.52,-1.2126466864021
103.53,-1.21264523237291
103.54,-1.21264362223364
103.55,-1.2126418546329
103.56,-1.21263993340669
103.57,-1.21263786780565
103.58,-1.21263565050094
103.59,-1.21263331877476
103.6,-1.2126310048194
103.61,-1.21262876026831
103.62,-1.21262661008837
103.63,-1.21262456374936
103.64,-1.21262261962962
103.65,-1.21262076882159
103.66,-1.21261901904646
103.67,-1.21261737065345
103.68,-1.212615815375
103.69,-1.21261434418661
103.7,-1.21261290644601
103.71,-1.21261148315927
103.72,-1.21261007717301
103.73,-1.21260867893859
103.74,-1.21260728351739
103.75,-1.2126058894225
103.76,-1.2126045002141
103.77,-1.2126031255524
103.78,-1.21260175793577
103.79,-1.21260038871814
103.8,-1.21259900265381
103.81,-1.21259759343782
103.82,-1.21259615904515
103.83,-1.21259469899916
103.84,-1.21259320900176
103.85,-1.21259167918015
103.86,-1.2125901175047
103.87,-1.21258852842843
103.88,-1.21258691317988
103.89,-1.21258528461533
103.9,-1.21258368850943
103.91,-1.21258215312291
103.92,-1.21258068023557
103.93,-1.21257927669931
103.94,-1.21257793369446
103.95,-1.21257665092101
103.96,-1.2125754366722
103.97,-1.21257428702453
103.98,-1.21257320704647
103.99,-1.21257220462678
104,-1.2125277712776
104.01,-1.21252702986987
104.02,-1.21252643594345
104.03,-1.21252598592553
104.04,-1.21252568894581
104.05,-1.21252554557341
104.06,-1.21252554763164
104.07,-1.21252569886
104.08,-1.21252599394583
104.09,-1.21252641211618
104.1,-1.21252686114223
104.11,-1.21252730315495
104.12,-1.21252773588437
104.13,-1.21252814834846
104.14,-1.21252853515016
104.15,-1.21252889473176
104.16,-1.21252923087205
104.17,-1.21252955314838
104.18,-1.21252985398594
104.19,-1.21253012479132
104.2,-1.2125303464083
104.21,-1.21253050268559
104.22,-1.21253059528866
104.23,-1.21253061858227
104.24,-1.21253058134727
104.25,-1.21253048418303
104.26,-1.21253031892397
104.27,-1.21253008957145
104.28,-1.2125297909776
104.29,-1.21252942779406
104.3,-1.21252898685737
104.31,-1.21252845398834
104.32,-1.21252783154866
104.33,-1.21252711384299
104.34,-1.21252630978808
104.35,-1.21252542011147
104.36,-1.21252443657655
104.37,-1.21252336314142
104.38,-1.21252219473564
104.39,-1.21252095291015
104.4,-1.2125196838826
104.41,-1.21251840757927
104.42,-1.2125171297397
104.43,-1.21251585614294
104.44,-1.2125145968367
104.45,-1.21251334439309
104.46,-1.21251209437119
104.47,-1.21251084556408
104.48,-1.2125095975328
104.49,-1.21250834173426
104.5,-1.21250705057761
104.51,-1.21250571591434
104.52,-1.21250434379098
104.53,-1.21250292561474
104.54,-1.21250145689939
104.55,-1.21249993625587
104.56,-1.21249836728979
104.57,-1.21249675966684
104.58,-1.21249510584676
104.59,-1.21249338864662
104.6,-1.21249156517453
104.61,-1.21248961662163
104.62,-1.21248753775819
104.63,-1.21248532682334
104.64,-1.21248298359609
104.65,-1.21248050807366
104.66,-1.21247789977778
104.67,-1.21247515916544
104.68,-1.212472285846
104.69,-1.21246930518326
104.7,-1.21246630062512
104.71,-1.21246331384656
104.72,-1.21246036545827
104.73,-1.21245745043784
104.74,-1.21245456519895
104.75,-1.2124517086334
104.76,-1.21244888485351
104.77,-1.21244610351841
104.78,-1.21244335700792
104.79,-1.21244058998446
104.8,-1.21243763775918
104.81,-1.21243443502796
104.82,-1.21243095628616
104.83,-1.21242720047604
104.84,-1.21242316116835
104.85,-1.21241884274589
104.86,-1.2124142399735
104.87,-1.21240935715555
104.88,-1.21240418913592
104.89,-1.21239874483301
104.9,-1.21239302429244
104.91,-1.21238701890299
104.92,-1.2123807362469
104.93,-1.21237417651636
104.94,-1.21236733039045
104.95,-1.21236020538787
104.96,-1.2123528056617
104.97,-1.21234512774785
104.98,-1.21233716144087
104.99,-1.21232894847779
105,-1.21233927168964
105.01,-1.21233084805114
105.02,-1.21232234783517
105.03,-1.21231378316636
105.04,-1.21230515928687
105.05,-1.21229647771634
105.06,-1.21228773500596
105.07,-1.21227892102178
105.08,-1.21227004299645
105.09,-1.21226113200213
105.1,-1.2122522755578
105.11,-1.21224351289364
105.12,-1.21223485577079
105.13,-1.21222630327237
105.14,-1.21221784647022
105.15,-1.21220949403312
105.16,-1.21220125098488
105.17,-1.21219311868591
105.18,-1.21218509791653
105.19,-1.21217717585506
105.2,-1.21216930463005
105.21,-1.21216145458712
105.22,-1.21215362842903
105.23,-1.21214582491932
105.24,-1.21213803478602
105.25,-1.21213026621926
105.26,-1.21212252409777
105.27,-1.21211480563453
105.28,-1.21210710099413
105.29,-1.21209939632385
105.3,-1.21209161804373
105.31,-1.21208372408281
105.32,-1.21207571330716
105.33,-1.21206758299859
105.34,-1.2120593234664
105.35,-1.21205094323278
105.36,-1.21204244649273
105.37,-1.21203382971716
105.38,-1.21202508271143
105.39,-1.21201621783466
105.4,-1.21200725502093
105.41,-1.21199820177303
105.42,-1.21198906041695
105.43,-1.21197983141112
105.44,-1.21197051934124
105.45,-1.21196113428889
105.46,-1.21195166741445
105.47,-1.21194211453567
105.48,-1.21193247384686
105.49,-1.21192274933368
105.5,-1.21191295624463
105.51,-1.21190310464992
105.52,-1.21189320703319
105.53,-1.21188325635444
105.54,-1.2118732478926
105.55,-1.21186318013167
105.56,-1.21185305623665
105.57,-1.21184288734412
105.58,-1.21183266459327
105.59,-1.21182235976562
105.6,-1.21181189555346
105.61,-1.21180123146185
105.62,-1.21179034661064
105.63,-1.21177924615177
105.64,-1.21176793346175
105.65,-1.2117564091917
105.66,-1.21174466838597
105.67,-1.21173270042417
105.68,-1.21172051069454
105.69,-1.21170815223175
105.7,-1.21169578155627
105.71,-1.21168347346682
105.72,-1.2116712589543
105.73,-1.21165913567279
105.74,-1.21164709920289
105.75,-1.21163514999718
105.76,-1.2116232935488
105.77,-1.21161154022548
105.78,-1.21159988205745
105.79,-1.21158831841563
105.8,-1.21157686454026
105.81,-1.21156552344904
105.82,-1.21155428520582
105.83,-1.21154316090757
105.84,-1.21153215489349
105.85,-1.21152126914418
105.86,-1.21151050008765
105.87,-1.21149983676685
105.88,-1.21148928874773
105.89,-1.21147885627333
105.9,-1.21146852034502
105.91,-1.21145826298378
105.92,-1.21144808827847
105.93,-1.21143798913105
105.94,-1.21142797459542
105.95,-1.2114180467424
105.96,-1.21140819541194
105.97,-1.21139842568465
105.98,-1.21138873167187
105.99,-1.21137910489309
106,-1.21146347421867
106.01,-1.21145384141596
106.02,-1.21144419675776
106.03,-1.21143453056014
106.04,-1.21142483681084
106.05,-1.21141511377755
106.06,-1.21140536528904
106.07,-1.21139560348487
106.08,-1.21138581826926
106.09,-1.21137599032977
106.1,-1.21136606786323
106.11,-1.21135602935872
106.12,-1.21134586830231
106.13,-1.21133558393918
106.14,-1.21132517340435
106.15,-1.21131463673848
106.16,-1.21130397454313
106.17,-1.21129318589114
106.18,-1.21128227023552
106.19,-1.21127124805039
106.2,-1.21126018495994
106.21,-1.21124910721893
106.22,-1.21123801027039
106.23,-1.21122690314806
106.24,-1.21121579313988
106.25,-1.21120468378114
106.26,-1.2111935695139
106.27,-1.21118243932752
106.28,-1.21117130193133
106.29,-1.21116022877259
106.3,-1.21114943421628
106.31,-1.21113900500917
106.32,-1.2111289737441
106.33,-1.21111934264217
106.34,-1.21111012631305
106.35,-1.21110132616628
106.36,-1.21109293270024
106.37,-1.2110849517333
106.38,-1.21107737703216
106.39,-1.21107014364143
106.4,-1.21106300499642
106.41,-1.21105585533496
106.42,-1.21104867483257
106.43,-1.21104144392952
106.44,-1.21103415455271
106.45,-1.21102680360395
106.46,-1.21101939677892
106.47,-1.21101194411265
106.48,-1.21100443710758
106.49,-1.21099690113083
106.5,-1.21098943147561
106.51,-1.21098206166677
106.52,-1.21097481394558
106.53,-1.21096769233461
106.54,-1.21096068822474
106.55,-1.21095381161974
106.56,-1.21094706851453
106.57,-1.2109404555714
106.58,-1.21093396128313
106.59,-1.21092759484121
106.6,-1.21092136191262
106.61,-1.21091526377467
106.62,-1.21090930067028
106.63,-1.21090347955676
106.64,-1.21089781176172
106.65,-1.21089228782996
106.66,-1.21088690161559
106.67,-1.21088165308441
106.68,-1.21087654206956
106.69,-1.21087156652256
106.7,-1.21086672634619
106.71,-1.21086201672348
106.72,-1.21085742581005
106.73,-1.21085296364023
106.74,-1.21084863581163
106.75,-1.21084444353143
106.76,-1.21084038187972
106.77,-1.21083643914872
106.78,-1.21083262463395
106.79,-1.21082890725588
106.8,-1.2108251625743
106.81,-1.2108213249957
106.82,-1.21081738878697
106.83,-1.21081334986646
106.84,-1.21080919671916
106.85,-1.21080493916079
106.86,-1.21080058276938
106.87,-1.21079612363585
106.88,-1.21079155051777
106.89,-1.21078686227156
106.9,-1.21078203518095
106.91,-1.21077706736647
106.92,-1.2107719451859
106.93,-1.21076666250365
106.94,-1.21076122199792
106.95,-1.21075563614143
106.96,-1.21074989357472
106.97,-1.21074399515885
106.98,-1.21073795094832
106.99,-1.21073177812205
107,-1.21081928018922
107.01,-1.21081304787936
107.02,-1.21080681561212
107.03,-1.21080058639725
107.04,-1.21079436114348
107.05,-1.21078813971161
107.06,-1.21078192267278
107.07,-1.21077570970719
107.08,-1.21076950083237
107.09,-1.21076332790427
107.1,-1.21075729589976
107.11,-1.21075144668428
107.12,-1.21074578164188
107.13,-1.21074031422154
107.14,-1.21073505116777
107.15,-1.2107299942274
107.16,-1.21072513880685
107.17,-1.21072047273288
107.18,-1.21071600595409
107.19,-1.21071186117586
107.2,-1.21070842638341
107.21,-1.21070587451615
107.22,-1.2107042543565
107.23,-1.21070357876236
107.24,-1.21070385036766
107.25,-1.21070506872929
107.26,-1.21070723229119
107.27,-1.21071033875786
107.28,-1.21071438546467
107.29,-1.21071924728394
107.3,-1.21072451348983
107.31,-1.21072999052903
107.32,-1.21073563056565
107.33,-1.21074141181552
107.34,-1.21074734098379
107.35,-1.21075341704718
107.36,-1.21075962905406
107.37,-1.21076598120764
107.38,-1.21077246639491
107.39,-1.21077906913637
107.4,-1.21078570765018
107.41,-1.21079234533427
107.42,-1.21079897069467
107.43,-1.21080558186826
107.44,-1.21081217789519
107.45,-1.21081875933208
107.46,-1.21082532701754
107.47,-1.21083187971891
107.48,-1.21083841658109
107.49,-1.21084493705697
107.5,-1.21085144136009
107.51,-1.21085792969252
107.52,-1.21086440258027
107.53,-1.21087086054761
107.54,-1.21087730363183
107.55,-1.21088373123915
107.56,-1.21089014376291
107.57,-1.21089654085671
107.58,-1.21090292240444
107.59,-1.21090928835752
107.6,-1.21091563847135
107.61,-1.21092197399484
107.62,-1.21092829592628
107.63,-1.21093460432076
107.64,-1.21094089875345
107.65,-1.21094717880675
107.66,-1.21095344431306
107.67,-1.21095969463877
107.68,-1.21096593021516
107.69,-1.2109721512025
107.7,-1.21097835706127
107.71,-1.2109845483279
107.72,-1.21099072537041
107.73,-1.21099688776802
107.74,-1.21100303570315
107.75,-1.21100916925182
107.76,-1.21101528880434
107.77,-1.21102139408301
107.78,-1.21102748597963
107.79,-1.21103356447526
107.8,-1.21103962917416
107.81,-1.21104568004747
107.82,-1.21105171631014
107.83,-1.21105773782058
107.84,-1.21106374481521
107.85,-1.21106973744738
107.86,-1.21107571541866
107.87,-1.21108167925942
107.88,-1.21108762998241
107.89,-1.21109356240033
107.9,-1.21109945912564
107.91,-1.21110531230942
107.92,-1.21111112056021
107.93,-1.2111168785712
107.94,-1.21112257421232
107.95,-1.21112821670072
107.96,-1.21113381144802
107.97,-1.21113936052579
107.98,-1.21114486496705
107.99,-1.21115032507719
108,-1.2111935570351
108.01,-1.21119890708009
108.02,-1.21120420068537
108.03,-1.21120943216675
108.04,-1.2112146123002
108.05,-1.21121974189176
108.06,-1.21122481193588
108.07,-1.21122982681574
108.08,-1.21123477978366
108.09,-1.21123964690352
108.1,-1.21124432038362
108.11,-1.21124874559915
108.12,-1.21125289631246
108.13,-1.21125677887507
108.14,-1.21126039783662
108.15,-1.21126375451784
108.16,-1.21126684493612
108.17,-1.21126965868388
108.18,-1.21127220582425
108.19,-1.21127452690365
108.2,-1.21127673397035
108.21,-1.21127886771232
108.22,-1.21128094695924
108.23,-1.21128296493237
108.24,-1.21128492192264
108.25,-1.21128683326287
108.26,-1.21128870129945
108.27,-1.21129051664829
108.28,-1.21129228398346
108.29,-1.21129400220825
108.3,-1.21129570304813
108.31,-1.21129741098619
108.32,-1.21129912603511
108.33,-1.21130085526153
108.34,-1.21130258836029
108.35,-1.21130432470067
108.36,-1.21130607400736
108.37,-1.21130783167488
108.38,-1.21130960378201
108.39,-1.21131135020308
108.4,-1.21131296775553
108.41,-1.21131441623706
108.42,-1.21131569443633
108.43,-1.21131678975075
108.44,-1.21131769573956
108.45,-1.21131841154646
108.46,-1.21131894181265
108.47,-1.21131929841335
108.48,-1.2113194723851
108.49,-1.21131947322703
108.5,-1.21131934852215
108.51,-1.21131911998649
108.52,-1.21131879450067
108.53,-1.21131837390782
108.54,-1.2113178582539
108.55,-1.21131724798442
108.56,-1.2113165435727
108.57,-1.211315744878
108.58,-1.21131485186794
108.59,-1.21131387974557
108.6,-1.21131287744412
108.61,-1.21131186691191
108.62,-1.2113108543038
108.63,-1.21130983650315
108.64,-1.2113088024388
108.65,-1.21130776134058
108.66,-1.21130671861872
108.67,-1.21130567566348
108.68,-1.21130463251131
108.69,-1.21130360434398
108.7,-1.2113026355044
108.71,-1.21130173608751
108.72,-1.21130092118639
108.73,-1.21130019311853
108.74,-1.2112995424761
108.75,-1.21129897866457
108.76,-1.2112985065636
108.77,-1.21129812233363
108.78,-1.2112978153976
108.79,-1.21129757526952
108.8,-1.21129733675747
108.81,-1.21129706095128
108.82,-1.21129674879603
108.83,-1.21129640339454
108.84,-1.2112960208541
108.85,-1.21129559001196
108.86,-1.21129512002597
108.87,-1.21129461159481
108.88,-1.21129405470783
108.89,-1.21129346364379
108.9,-1.2112928597167
108.91,-1.21129224706149
108.92,-1.21129161708825
108.93,-1.21129097949664
108.94,-1.21129033989729
108.95,-1.211289699296
108.96,-1.21128905330354
108.97,-1.21128839104766
108.98,-1.21128772141957
108.99,-1.211287049892
109,-1.21120054941085
109.01,-1.21119987675477
109.02,-1.21119920398795
109.03,-1.21119853102521
109.04,-1.21119785815416
109.05,-1.21119718483511
109.06,-1.21119651131486
109.07,-1.21119583820656
109.08,-1.21119516507861
109.09,-1.21119449174122
109.1,-1.21119381840006
109.11,-1.21119314506337
109.12,-1.21119247143056
109.13,-1.2111917975131
109.14,-1.21119112346186
109.15,-1.2111904496912
109.16,-1.2111897761092
109.17,-1.21118910257175
109.18,-1.21118842868849
109.19,-1.21118774973155
109.2,-1.21118704958371
109.21,-1.21118632069042
109.22,-1.21118556122517
109.23,-1.21118477082398
109.24,-1.21118395423738
109.25,-1.21118312224417
109.26,-1.21118226626578
109.27,-1.21118138122076
109.28,-1.21118046530683
109.29,-1.21117952848289
109.3,-1.21117860330407
109.31,-1.21117769871084
109.32,-1.21117680770256
109.33,-1.21117594045224
109.34,-1.21117510254377
109.35,-1.21117429577693
109.36,-1.21117351546719
109.37,-1.2111727502686
109.38,-1.21117200919367
109.39,-1.21117128252087
109.4,-1.21117052790604
109.41,-1.21116973520239
109.42,-1.21116888976634
109.43,-1.211167984415
109.44,-1.21116702164025
109.45,-1.21116601261824
109.46,-1.21116494846217
109.47,-1.21116382891443
109.48,-1.21116266385635
109.49,-1.21116137998026
109.5,-1.21115976020221
109.51,-1.21115770830972
109.52,-1.21115519700153
109.53,-1.21115221825589
109.54,-1.21114877014484
109.55,-1.21114485253613
109.56,-1.21114046538819
109.57,-1.2111356083607
109.58,-1.21113028197649
109.59,-1.21112453547702
109.6,-1.21111853158709
109.61,-1.21111234990952
109.62,-1.2111060204712
109.63,-1.21109954074368
109.64,-1.2110929072196
109.65,-1.21108611902136
109.66,-1.21107918128583
109.67,-1.21107210404188
109.68,-1.21106487864381
109.69,-1.21105753922486
109.7,-1.21105021099799
109.71,-1.21104294182411
109.72,-1.21103575857923
109.73,-1.21102866475428
109.74,-1.21102165124831
109.75,-1.2110147304952
109.76,-1.21100790664409
109.77,-1.21100117541137
109.78,-1.21099452601956
109.79,-1.210987952184
109.8,-1.21098140591779
109.81,-1.21097485519576
109.82,-1.21096830306389
109.83,-1.21096174758868
109.84,-1.21095517837282
109.85,-1.21094860535282
109.86,-1.21094203357821
109.87,-1.21093545965545
109.88,-1.21092887221765
109.89,-1.21092228554056
109.9,-1.21091572722866
109.91,-1.21090921808749
109.92,-1.21090275698964
109.93,-1.21089635002648
109.94,-1.21088998686802
109.95,-1.21088366657027
109.96,-1.21087739936109
109.97,-1.21087118059529
109.98,-1.21086501640747
109.99,-1.21085891207135
110,-1.21080647963076
110.01,-1.21080061005875
110.02,-1.21079488821024
110.03,-1.21078930669201
110.04,-1.21078386094368
110.05,-1.21077854914787
110.06,-1.21077337651252
110.07,-1.21076835423772
110.08,-1.21076347317119
110.09,-1.21075870771811
110.1,-1.21075398840209
110.11,-1.21074928470625
110.12,-1.21074458747811
110.13,-1.21073989987786
110.14,-1.21073523309737
110.15,-1.21073057819166
110.16,-1.21072592848523
110.17,-1.21072128200174
110.18,-1.21071663865799
110.19,-1.21071198791475
110.2,-1.21070729081522
110.21,-1.21070252072552
110.22,-1.21069767759635
110.23,-1.21069275430363
110.24,-1.21068776067038
110.25,-1.2106826973887
110.26,-1.21067755444268
110.27,-1.21067233615818
110.28,-1.21066703605962
110.29,-1.21066168632725
110.3,-1.21065635598244
110.31,-1.21065106529013
110.32,-1.21064583262679
110.33,-1.21064066606723
110.34,-1.21063556231634
110.35,-1.21063051043901
110.36,-1.21062552023295
110.37,-1.21062059201512
110.38,-1.21061571578808
110.39,-1.21061089115734
110.4,-1.21060608856373
110.41,-1.21060129542267
110.42,-1.21059650685471
110.43,-1.21059172223068
110.44,-1.21058694179626
110.45,-1.21058216457719
110.46,-1.2105773908408
110.47,-1.21057262044407
110.48,-1.21056785392175
110.49,-1.21056309074093
110.5,-1.21055833095055
110.51,-1.21055357449216
110.52,-1.21054882166797
110.53,-1.21054407221373
110.54,-1.21053932627695
110.55,-1.21053458404804
110.56,-1.2105298452913
110.57,-1.21052510981574
110.58,-1.21052037783753
110.59,-1.21051566509108
110.6,-1.21051102335796
110.61,-1.21050647085141
110.62,-1.21050200181006
110.63,-1.21049762778724
110.64,-1.21049335510855
110.65,-1.21048918516807
110.66,-1.21048511290025
110.67,-1.21048112689782
110.68,-1.21047723645195
110.69,-1.2104734314422
110.7,-1.21046966143832
110.71,-1.21046590330382
110.72,-1.21046215096693
110.73,-1.21045839647043
110.74,-1.21045462731023
110.75,-1.21045085329292
110.76,-1.21044708001106
110.77,-1.21044330958001
110.78,-1.21043954228601
110.79,-1.21043577780978
110.8,-1.21043201634082
110.81,-1.21042825784781
110.82,-1.21042450239401
110.83,-1.2104207498103
110.84,-1.21041700001622
110.85,-1.21041325343646
110.86,-1.21040951030587
110.87,-1.21040577014581
110.88,-1.21040203302714
110.89,-1.21039831480219
110.9,-1.21039466737853
110.91,-1.21039111934172
110.92,-1.21038769029947
110.93,-1.21038437246239
110.94,-1.21038116020909
110.95,-1.21037805225758
110.96,-1.21037505341123
110.97,-1.21037217551473
110.98,-1.210369409087
110.99,-1.21036673780105
111,-1.21042099957265
111.01,-1.21041845170727
111.02,-1.21041594914055
111.03,-1.21041349026627
111.04,-1.21041108499991
111.05,-1.21040872370466
111.06,-1.2104064000828
111.07,-1.21040411793591
111.08,-1.21040188917617
111.09,-1.21039970382335
111.1,-1.21039755077558
111.11,-1.21039541632845
111.12,-1.21039330437479
111.13,-1.21039120770118
111.14,-1.21038913763248
111.15,-1.2103870946554
111.16,-1.21038506883489
111.17,-1.21038306492235
111.18,-1.21038107628072
111.19,-1.21037910921967
111.2,-1.21037715205158
111.21,-1.21037519891532
111.22,-1.2103732477835
111.23,-1.21037129294898
111.24,-1.210369321904
111.25,-1.21036734437012
111.26,-1.21036536627566
111.27,-1.21036338900347
111.28,-1.2103614128546
111.29,-1.21035948052205
111.3,-1.21035772699741
111.31,-1.21035620325797
111.32,-1.21035493113263
111.33,-1.21035390831103
111.34,-1.21035314750561
111.35,-1.2103526498103
111.36,-1.21035240410428
111.37,-1.21035241465238
111.38,-1.21035267471975
111.39,-1.21035317946486
111.4,-1.2103538818662
111.41,-1.21035475966854
111.42,-1.21035580625714
111.43,-1.21035701941141
111.44,-1.21035839852074
111.45,-1.21035994335318
111.46,-1.21036165344386
111.47,-1.21036352807888
111.48,-1.21036556701379
111.49,-1.21036769032882
111.5,-1.21036963540623
111.51,-1.21037128540625
111.52,-1.21037260758963
111.53,-1.21037359297206
111.54,-1.21037424476055
111.55,-1.2103745749817
111.56,-1.21037457414328
111.57,-1.21037423715006
111.58,-1.21037356301782
111.59,-1.21037259950698
111.6,-1.2103715092831
111.61,-1.21037037516125
111.62,-1.21036920739171
111.63,-1.21036801141764
111.64,-1.21036679961593
111.65,-1.21036556265486
111.66,-1.21036429483302
111.67,-1.21036299964769
111.68,-1.21036168902779
111.69,-1.21036035294678
111.7,-1.21035898053674
111.71,-1.21035755818255
111.72,-1.2103560953744
111.73,-1.2103545974794
111.74,-1.21035306064652
111.75,-1.21035147352786
111.76,-1.2103498458672
111.77,-1.21034817768424
111.78,-1.21034645851011
111.79,-1.21034469336181
111.8,-1.21034287053361
111.81,-1.21034098920446
111.82,-1.21033905982908
111.83,-1.2103370721508
111.84,-1.21033502060669
111.85,-1.21033290352059
111.86,-1.21033072596124
111.87,-1.21032850000008
111.88,-1.21032621601631
111.89,-1.21032389500468
111.9,-1.21032162292906
111.91,-1.21031943855287
111.92,-1.21031735270064
111.93,-1.21031536314899
111.94,-1.21031345861408
111.95,-1.21031164899825
111.96,-1.2103099398604
111.97,-1.21030833260154
111.98,-1.21030682763778
111.99,-1.21030538229664
112,-1.21035001089602
112.01,-1.21034831876261
112.02,-1.2103464578399
112.03,-1.21034442343907
112.04,-1.21034220366982
112.05,-1.21033980831449
112.06,-1.21033724335535
112.07,-1.2103345051255
112.08,-1.21033158192681
112.09,-1.21032847841505
112.1,-1.21032517741168
112.11,-1.21032166030922
112.12,-1.21031792977052
112.13,-1.21031397925794
112.14,-1.21030981958759
112.15,-1.21030545187129
112.16,-1.21030086544503
112.17,-1.21029606510627
112.18,-1.21029104481032
112.19,-1.21028587460294
112.2,-1.21028074930451
112.21,-1.21027574523455
112.22,-1.21027089189355
112.23,-1.21026619002111
112.24,-1.21026165297522
112.25,-1.21025728196378
112.26,-1.21025306653441
112.27,-1.2102490116388
112.28,-1.21024511060259
112.29,-1.21024138028221
112.3,-1.21023784446355
112.31,-1.21023451247932
112.32,-1.21023138716277
112.33,-1.21022846379971
112.34,-1.2102257301314
112.35,-1.21022319571468
112.36,-1.21022086607922
112.37,-1.21021874289523
112.38,-1.21021682638887
112.39,-1.21021510011414
112.4,-1.21021350534406
112.41,-1.21021200587106
112.42,-1.21021059912306
112.43,-1.21020927635851
112.44,-1.21020804842583
112.45,-1.21020691586258
112.46,-1.21020586790395
112.47,-1.21020490919163
112.48,-1.21020403304978
112.49,-1.21020321872083
112.5,-1.2102023658062
112.51,-1.21020142312904
112.52,-1.21020036522724
112.53,-1.21019919839691
112.54,-1.21019792769089
112.55,-1.21019655438492
112.56,-1.21019507357827
112.57,-1.21019347310504
112.58,-1.21019176304123
112.59,-1.21018991157229
112.6,-1.21018779617377
112.61,-1.2101853618996
112.62,-1.2101825932797
112.63,-1.21017949155708
112.64,-1.21017606792768
112.65,-1.21017231240972
112.66,-1.21016821931099
112.67,-1.21016378741816
112.68,-1.21015901616104
112.69,-1.21015392113905
112.7,-1.21014855639877
112.71,-1.21014294620841
112.72,-1.2101370968369
112.73,-1.21013100982383
112.74,-1.21012469107491
112.75,-1.21011815327743
112.76,-1.21011138682429
112.77,-1.2101043857211
112.78,-1.21009714866443
112.79,-1.2100897071611
112.8,-1.21008217380372
112.81,-1.21007460940663
112.82,-1.21006702327514
112.83,-1.21005942592986
112.84,-1.21005180719122
112.85,-1.2100441659874
112.86,-1.21003651343261
112.87,-1.21002884453067
112.88,-1.21002116598189
112.89,-1.21001349359813
112.9,-1.21000591136602
112.91,-1.20999845776253
112.92,-1.20999114392954
112.93,-1.20998396804683
112.94,-1.20997691782395
112.95,-1.20997000399624
112.96,-1.20996323236712
112.97,-1.20995660481213
112.98,-1.20995012153954
112.99,-1.20994376064981
113,-1.20998882219426
113.01,-1.20998255271583
113.02,-1.20997630003939
113.03,-1.20997005531524
113.04,-1.20996382161133
113.05,-1.20995761135914
113.06,-1.2099514137611
113.07,-1.20994522850541
113.08,-1.20993906670137
113.09,-1.20993293457007
113.1,-1.2099268753979
113.11,-1.20992089937137
113.12,-1.20991501719978
113.13,-1.20990922374354
113.14,-1.20990353168618
113.15,-1.20989794198048
113.16,-1.2098924432366
113.17,-1.20988704077924
113.18,-1.20988172786993
113.19,-1.20987649974602
113.2,-1.20987131322812
113.21,-1.20986615852196
113.22,-1.20986102456972
113.23,-1.20985591627227
113.24,-1.20985082694098
113.25,-1.20984576259031
113.26,-1.20984071702274
113.27,-1.20983569675488
113.28,-1.20983069503693
113.29,-1.20982569581964
113.3,-1.20982061945934
113.31,-1.20981543952406
113.32,-1.20981013440028
113.33,-1.20980469522752
113.34,-1.2097991250243
113.35,-1.20979343601629
113.36,-1.20978761746146
113.37,-1.20978166915526
113.38,-1.20977560211145
113.39,-1.20976941158474
113.4,-1.20976310989423
113.41,-1.20975669801576
113.42,-1.2097501647366
113.43,-1.20974352091616
113.44,-1.20973677263129
113.45,-1.20972992137349
113.46,-1.20972296278239
113.47,-1.20971588337613
113.48,-1.20970869326586
113.49,-1.20970143759064
113.5,-1.2096942539695
113.51,-1.20968721475691
113.52,-1.20968033142561
113.53,-1.20967361636278
113.54,-1.20966705825396
113.55,-1.20966065705102
113.56,-1.20965442409121
113.57,-1.20964835411787
113.58,-1.20964245411081
113.59,-1.2096366837292
113.6,-1.20963094860469
113.61,-1.20962521842643
113.62,-1.209619476206
113.63,-1.20961372511159
113.64,-1.20960795217462
113.65,-1.20960215637281
113.66,-1.20959634867822
113.67,-1.20959052356845
113.68,-1.20958468859678
113.69,-1.2095790590082
113.7,-1.20957437835665
113.71,-1.20957098557959
113.72,-1.20956898769365
113.73,-1.2095683994086
113.74,-1.20956921991958
113.75,-1.20957144677103
113.76,-1.20957508226744
113.77,-1.20958013552553
113.78,-1.2095865912911
113.79,-1.20959421777554
113.8,-1.2096022805776
113.81,-1.20961045238596
113.82,-1.20961864019377
113.83,-1.20962681707232
113.84,-1.20963497598073
113.85,-1.20964311473876
113.86,-1.20965123288489
113.87,-1.20965933038012
113.88,-1.20966740732727
113.89,-1.20967546338806
113.9,-1.20968349860025
113.91,-1.20969151324735
113.92,-1.20969950804812
113.93,-1.20970748202006
113.94,-1.20971543568143
113.95,-1.20972336902908
113.96,-1.20973128229133
113.97,-1.2097391753555
113.98,-1.20974704849104
113.99,-1.20975490159383
114,-1.20986561708768
114.01,-1.20987343047394
114.02,-1.20988122421895
114.03,-1.20988899818449
114.04,-1.20989675241861
114.05,-1.2099044869432
114.06,-1.20991220238298
114.07,-1.20991989823983
114.08,-1.20992757482046
114.09,-1.20993523223358
114.1,-1.20994287031715
114.11,-1.20995048880706
114.12,-1.2099580878009
114.13,-1.20996566720507
114.14,-1.20997322743806
114.15,-1.20998076908998
114.16,-1.20998829201086
114.17,-1.20999579613317
114.18,-1.21000328142623
114.19,-1.21001074783395
114.2,-1.21001819516838
114.21,-1.21002562376761
114.22,-1.21003303402456
114.23,-1.21004042590772
114.24,-1.21004779967194
114.25,-1.21005515483929
114.26,-1.21006249125901
114.27,-1.21006980933854
114.28,-1.21007710942849
114.29,-1.21008439176537
114.3,-1.21009165612518
114.31,-1.21009890248145
114.32,-1.2101061306328
114.33,-1.21011334083836
114.34,-1.21012053344025
114.35,-1.21012770846027
114.36,-1.21013486581467
114.37,-1.21014200538596
114.38,-1.21014912745652
114.39,-1.21015623202213
114.4,-1.21016331941544
114.41,-1.21017038929845
114.42,-1.21017744171227
114.43,-1.21018447657311
114.44,-1.21019149402188
114.45,-1.21019849413325
114.46,-1.21020547699577
114.47,-1.21021244296637
114.48,-1.21021939219924
114.49,-1.2102263246649
114.5,-1.21023324007855
114.51,-1.21024013829695
114.52,-1.21024701927951
114.53,-1.21025388307261
114.54,-1.21026072969674
114.55,-1.21026755975645
114.56,-1.21027437361156
114.57,-1.21028117104295
114.58,-1.21028795199575
114.59,-1.21029471651389
114.6,-1.21030146442056
114.61,-1.21030819604346
114.62,-1.21031491155292
114.63,-1.21032161100489
114.64,-1.21032829425212
114.65,-1.21033496104074
114.66,-1.21034161207502
114.67,-1.21034824709121
114.68,-1.21035486614909
114.69,-1.21036146652059
114.7,-1.21036802867238
114.71,-1.21037454329025
114.72,-1.21038101014505
114.73,-1.21038742955189
114.74,-1.21039380672983
114.75,-1.2104001533746
114.76,-1.21040645947882
114.77,-1.21041271896706
114.78,-1.21041893057214
114.79,-1.21042510481808
114.8,-1.21043127143046
114.81,-1.21043743303298
114.82,-1.21044359888638
114.83,-1.21044976397843
114.84,-1.21045593824562
114.85,-1.21046212336847
114.86,-1.21046831083822
114.87,-1.21047450445752
114.88,-1.21048069748654
114.89,-1.21048688499931
114.9,-1.21049302174401
114.91,-1.2104990812539
114.92,-1.21050504594915
114.93,-1.2105109242759
114.94,-1.21051672172498
114.95,-1.21052243977707
114.96,-1.21052807378671
114.97,-1.21053361281171
114.98,-1.21053906661399
114.99,-1.21054445063508
115,-1.21043634180029
115.01,-1.21044164915917
115.02,-1.21044693509839
115.03,-1.21045220147244
115.04,-1.21045743951924
115.05,-1.21046265954723
115.06,-1.21046786645584
115.07,-1.21047305612316
115.08,-1.21047821700788
115.09,-1.21048336362084
115.1,-1.21048851804538
115.11,-1.21049368908149
115.12,-1.21049887895284
115.13,-1.21050408915924
115.14,-1.21050931989699
115.15,-1.21051457123759
115.16,-1.21051984314905
115.17,-1.21052513536186
115.18,-1.21053044764512
115.19,-1.21053577968333
115.2,-1.21054112681155
115.21,-1.21054647702174
115.22,-1.21055183944797
115.23,-1.21055721450467
115.24,-1.2105625922851
115.25,-1.21056798216667
115.26,-1.2105733898688
115.27,-1.21057881161648
115.28,-1.21058423624567
115.29,-1.21058966316404
115.3,-1.21059505925544
115.31,-1.21060039964591
115.32,-1.21060568504927
115.33,-1.21061090848837
115.34,-1.21061608066856
115.35,-1.21062120265964
115.36,-1.21062626414169
115.37,-1.21063127211354
115.38,-1.21063622087352
115.39,-1.21064112405142
115.4,-1.21064600331559
115.41,-1.21065086786872
115.42,-1.21065572102909
115.43,-1.21066056349707
115.44,-1.21066540007563
115.45,-1.21067024215394
115.46,-1.21067508106369
115.47,-1.21067991161411
115.48,-1.21068473197099
115.49,-1.21068954167733
115.5,-1.21069434037281
115.51,-1.21069912825756
115.52,-1.21070390587919
115.53,-1.21070867348841
115.54,-1.2107134297522
115.55,-1.21071817536441
115.56,-1.21072291036425
115.57,-1.21072763486278
115.58,-1.21073234907588
115.59,-1.21073705264589
115.6,-1.21074174567447
115.61,-1.21074642812377
115.62,-1.21075110037237
115.63,-1.21075576197622
115.64,-1.21076041298828
115.65,-1.21076505370089
115.66,-1.21076968396653
115.67,-1.21077430416624
115.68,-1.2107789143438
115.69,-1.21078351425246
115.7,-1.2107881036379
115.71,-1.21079268278566
115.72,-1.21079725172487
115.73,-1.21080181099547
115.74,-1.21080636056814
115.75,-1.21081090069555
115.76,-1.21081543127775
115.77,-1.21081995202479
115.78,-1.21082446273623
115.79,-1.21082895869401
115.8,-1.21083342896213
115.81,-1.21083787739751
115.82,-1.21084229357528
115.83,-1.21084667189305
115.84,-1.21085101575733
115.85,-1.21085533540291
115.86,-1.21085962139706
115.87,-1.21086387383769
115.88,-1.21086810343833
115.89,-1.2108722665697
115.9,-1.2108762522312
115.91,-1.21088002016851
115.92,-1.21088355131477
115.93,-1.21088684879834
115.94,-1.21088990271947
115.95,-1.21089271223164
115.96,-1.21089528691759
115.97,-1.21089762288214
115.98,-1.21089972691019
115.99,-1.21090161825435
116,-1.2108042963009
116.01,-1.21080596283218
116.02,-1.21080754765198
116.03,-1.21080904863525
116.04,-1.21081047714702
116.05,-1.21081183410136
116.06,-1.2108131104834
116.07,-1.21081431093441
116.08,-1.2108154295052
116.09,-1.21081649583171
116.1,-1.21081757887018
116.11,-1.21081870841496
116.12,-1.21081989290057
116.13,-1.21082112997076
116.14,-1.21082240912028
116.15,-1.2108237393434
116.16,-1.21082512568317
116.17,-1.21082656943464
116.18,-1.21082807074373
116.19,-1.21082962006264
116.2,-1.21083118594725
116.21,-1.21083275417115
116.22,-1.21083432074414
116.23,-1.21083588441885
116.24,-1.21083744479676
116.25,-1.21083900159847
116.26,-1.21084055492501
116.27,-1.21084210518854
116.28,-1.21084365226588
116.29,-1.21084518660696
116.3,-1.21084667666307
116.31,-1.21084811297661
116.32,-1.21084950270924
116.33,-1.21085083610449
116.34,-1.21085210767356
116.35,-1.21085331632206
116.36,-1.21085446678259
116.37,-1.21085556981983
116.38,-1.21085661656159
116.39,-1.21085761160993
116.4,-1.21085858989798
116.41,-1.21085957596805
116.42,-1.21086056986415
116.43,-1.21086157864958
116.44,-1.21086259248321
116.45,-1.21086361080009
116.46,-1.2108646429813
116.47,-1.21086568472779
116.48,-1.21086674177427
116.49,-1.21086780392872
116.5,-1.21086886571951
116.51,-1.21086992568805
116.52,-1.21087098330207
116.53,-1.21087203840372
116.54,-1.210873095861
116.55,-1.21087416660788
116.56,-1.2108752418282
116.57,-1.21087631639162
116.58,-1.21087738907823
116.59,-1.21087845958187
116.6,-1.2108795228913
116.61,-1.21088056798044
116.62,-1.21088160371546
116.63,-1.21088263032147
116.64,-1.21088363829424
116.65,-1.21088463668115
116.66,-1.21088563063003
116.67,-1.21088661696102
116.68,-1.21088758512047
116.69,-1.21088854383465
116.7,-1.2108894934496
116.71,-1.21089042458807
116.72,-1.21089134596582
116.73,-1.2108922586598
116.74,-1.21089315323656
116.75,-1.21089403845997
116.76,-1.21089491966457
116.77,-1.21089579354226
116.78,-1.21089664944483
116.79,-1.21089749613698
116.8,-1.21089834342404
116.81,-1.2108992033911
116.82,-1.21090006786549
116.83,-1.21090093236942
116.84,-1.21090180020186
116.85,-1.21090268177447
116.86,-1.21090356826207
116.87,-1.21090445931706
116.88,-1.2109053643468
116.89,-1.21090626956512
116.9,-1.21090715423987
116.91,-1.21090801002199
116.92,-1.21090883461027
116.93,-1.21090962263772
116.94,-1.21091036334545
116.95,-1.21091106528633
116.96,-1.21091173337136
116.97,-1.21091236909763
116.98,-1.21091297271514
116.99,-1.21091354434783
117,-1.21086780890122
117.01,-1.21086833748725
117.02,-1.2108688413623
117.03,-1.21086932048816
117.04,-1.21086978441536
117.05,-1.2108702242573
117.06,-1.21087063493241
117.07,-1.21087101959459
117.08,-1.21087138847806
117.09,-1.2108717564372
117.1,-1.21087219143622
117.11,-1.21087271600792
117.12,-1.21087334320409
117.13,-1.21087406948874
117.14,-1.21087490538736
117.15,-1.21087585166621
117.16,-1.2108768988245
117.17,-1.21087805120154
117.18,-1.2108793028684
117.19,-1.21088063088901
117.2,-1.21088193688654
117.21,-1.21088318485689
117.22,-1.21088435750094
117.23,-1.21088545684565
117.24,-1.21088647208802
117.25,-1.21088740246853
117.26,-1.2108882572452
117.27,-1.21088903239619
117.28,-1.21088973359263
117.29,-1.21089035605612
117.3,-1.21089091479009
117.31,-1.21089142554818
117.32,-1.2108918813722
117.33,-1.21089227800286
117.34,-1.21089261896793
117.35,-1.21089291488666
117.36,-1.21089315731821
117.37,-1.21089334592142
117.38,-1.21089349011244
117.39,-1.21089357586851
117.4,-1.2108935831464
117.41,-1.21089350827884
117.42,-1.21089336005634
117.43,-1.21089312923914
117.44,-1.2108928109228
117.45,-1.21089240359251
117.46,-1.21089191169844
117.47,-1.21089134590924
117.48,-1.2108906977145
117.49,-1.21088997632248
117.5,-1.21088922602481
117.51,-1.21088846244503
117.52,-1.21088768152943
117.53,-1.21088689399656
117.54,-1.21088610487076
117.55,-1.21088531553754
117.56,-1.2108845213477
117.57,-1.21088371108594
117.58,-1.21088289380068
117.59,-1.21088208455168
117.6,-1.2108813156017
117.61,-1.21088060071704
117.62,-1.21087994382938
117.63,-1.21087934569942
117.64,-1.21087880674204
117.65,-1.21087832692263
117.66,-1.21087790612399
117.67,-1.21087754463142
117.68,-1.21087724194858
117.69,-1.21087698366492
117.7,-1.21087672898365
117.71,-1.21087646835232
117.72,-1.21087619171492
117.73,-1.21087590301865
117.74,-1.21087559179075
117.75,-1.21087525721298
117.76,-1.21087490852955
117.77,-1.21087454099677
117.78,-1.21087416011367
117.79,-1.21087378037726
117.8,-1.2108734735591
117.81,-1.21087327219598
117.82,-1.21087318537312
117.83,-1.21087321552551
117.84,-1.21087336757499
117.85,-1.21087365228284
117.86,-1.21087406115202
117.87,-1.21087458927556
117.88,-1.21087523544025
117.89,-1.21087598012818
117.9,-1.21087675704406
117.91,-1.21087752314732
117.92,-1.21087826810595
117.93,-1.21087899844341
117.94,-1.21087970922048
117.95,-1.21088041061998
117.96,-1.21088110329107
117.97,-1.21088177345703
117.98,-1.21088241953577
117.99,-1.21088305496993
118,-1.21084390747072
118.01,-1.21084455549803
118.02,-1.21084520825639
118.03,-1.21084586138421
118.04,-1.21084651822057
118.05,-1.21084718883281
118.06,-1.21084786428438
118.07,-1.2108485444584
118.08,-1.21084923889033
118.09,-1.21084997123211
118.1,-1.21085083891964
118.11,-1.21085187743492
118.12,-1.21085310361905
118.13,-1.21085451043145
118.14,-1.210856097765
118.15,-1.2108578791696
118.16,-1.21085985586625
118.17,-1.21086201869012
118.18,-1.21086437157152
118.19,-1.21086689019921
118.2,-1.21086952306678
118.21,-1.21087225252386
118.22,-1.21087508253894
118.23,-1.21087800245624
118.24,-1.21088100660224
118.25,-1.21088409293642
118.26,-1.2108872654801
118.27,-1.210890534557
118.28,-1.21089389152772
118.29,-1.21089732217052
118.3,-1.21090079928721
118.31,-1.21090431940194
118.32,-1.21090787457627
118.33,-1.21091146912865
118.34,-1.21091509300765
118.35,-1.21091874536403
118.36,-1.21092243498497
118.37,-1.21092615764886
118.38,-1.21092991898361
118.39,-1.21093370436632
118.4,-1.21093749349364
118.41,-1.21094127780792
118.42,-1.21094505524056
118.43,-1.21094882531791
118.44,-1.21095259242509
118.45,-1.21095636683252
118.46,-1.21096014017322
118.47,-1.21096390719494
118.48,-1.21096766671647
118.49,-1.21097142325659
118.5,-1.21097518696399
118.51,-1.21097895428689
118.52,-1.2109827354501
118.53,-1.21098653082759
118.54,-1.21099033166495
118.55,-1.21099414666239
118.56,-1.21099798041011
118.57,-1.21100182962377
118.58,-1.21100568464858
118.59,-1.21100955411886
118.6,-1.2110134424957
118.61,-1.21101735093076
118.62,-1.2110212796726
118.63,-1.21102522862897
118.64,-1.21102920254543
118.65,-1.21103321177818
118.66,-1.21103724772023
118.67,-1.21104130552512
118.68,-1.21104538408541
118.69,-1.21104947854672
118.7,-1.21105357386842
118.71,-1.2110576630053
118.72,-1.21106174410028
118.73,-1.21106581681305
118.74,-1.21106988102543
118.75,-1.21107393709799
118.76,-1.2110779848805
118.77,-1.21108202395242
118.78,-1.21108605468303
118.79,-1.21109007689081
118.8,-1.21109409074263
118.81,-1.21109809632295
118.82,-1.21110209370513
118.83,-1.21110608271156
118.84,-1.21111006330721
118.85,-1.21111403569114
118.86,-1.21111799972794
118.87,-1.21112195559558
118.88,-1.21112590311291
118.89,-1.2111298290691
118.9,-1.21113368551686
118.91,-1.21113744301338
118.92,-1.21114110422341
118.93,-1.21114466800785
118.94,-1.21114812551239
118.95,-1.21115148540108
118.96,-1.21115475245658
118.97,-1.21115792395736
118.98,-1.21116099043917
118.99,-1.21116392948722
119,-1.21116508116737
119.01,-1.21116752880659
119.02,-1.21116969728363
119.03,-1.21117158378679
119.04,-1.21117318784735
119.05,-1.21117450950462
119.06,-1.21117554924648
119.07,-1.21117630762327
119.08,-1.21117678521248
119.09,-1.21117703076854
119.1,-1.21117719914428
119.11,-1.21117735187216
119.12,-1.21117751299338
119.13,-1.21117767837545
119.14,-1.21117784863
119.15,-1.21117803701227
119.16,-1.21117824535054
119.17,-1.21117846539473
119.18,-1.21117870120552
119.19,-1.21117897383797
119.2,-1.21117938376301
119.21,-1.2111799844647
119.22,-1.21118078429954
119.23,-1.21118179216722
119.24,-1.21118299952742
119.25,-1.21118440543489
119.26,-1.21118601810847
119.27,-1.21118783319831
119.28,-1.21118985553947
119.29,-1.21119206662981
119.3,-1.21119442801547
119.31,-1.21119691507946
119.32,-1.21119953118101
119.33,-1.21120227513514
119.34,-1.21120513745141
119.35,-1.21120812594924
119.36,-1.21121124488008
119.37,-1.21121449101179
119.38,-1.21121785439436
119.39,-1.21122132100263
119.4,-1.2112248279345
119.41,-1.21122835428037
119.42,-1.21123188343162
119.43,-1.21123540847755
119.44,-1.21123893176164
119.45,-1.21124246243667
119.46,-1.21124599215351
119.47,-1.21124952069847
119.48,-1.21125305687199
119.49,-1.21125656669903
119.5,-1.21125996030584
119.51,-1.21126319848648
119.52,-1.21126627040901
119.53,-1.21126916873235
119.54,-1.21127188321018
119.55,-1.21127442202174
119.56,-1.21127679021095
119.57,-1.21127898950818
119.58,-1.21128102060088
119.59,-1.21128288843127
119.6,-1.21128460755878
119.61,-1.2112861844788
119.62,-1.21128762117804
119.63,-1.21128891426866
119.64,-1.2112900542217
119.65,-1.21129104916485
119.66,-1.21129190419075
119.67,-1.21129262046334
119.68,-1.21129319868492
119.69,-1.21129367367464
119.7,-1.21129415849313
119.71,-1.21129470371654
119.72,-1.21129532352022
119.73,-1.21129602183328
119.74,-1.2112967997182
119.75,-1.21129765734044
119.76,-1.21129859472939
119.77,-1.21129961178243
119.78,-1.21130070820488
119.79,-1.21130190079206
119.8,-1.21130325018337
119.81,-1.21130479112202
119.82,-1.21130652271492
119.83,-1.21130844204131
119.84,-1.21131055222811
119.85,-1.21131286224265
119.86,-1.21131536370718
119.87,-1.21131805581007
119.88,-1.21132094666578
119.89,-1.21132399797538
119.9,-1.21132711090533
119.91,-1.21133024987167
119.92,-1.21133339825023
119.93,-1.211336557575
119.94,-1.21133971757313
119.95,-1.21134287751286
119.96,-1.21134604598507
119.97,-1.21134921881763
119.98,-1.21135240105557
119.99,-1.21135558383785
120,-1.21130461877227
120.01,-1.21130779575576
120.02,-1.21131098057848
120.03,-1.21131416538682
120.04,-1.21131734575308
120.05,-1.21132052051825
120.06,-1.21132369340075
120.07,-1.21132687391111
120.08,-1.21133005432001
120.09,-1.21133323429088
120.1,-1.211336422414
120.11,-1.2113396148561
120.12,-1.21134282094976
120.13,-1.21134604137738
120.14,-1.21134926778185
120.15,-1.21135250820049
120.16,-1.21135576705782
120.17,-1.21135904134748
120.18,-1.21136232178121
120.19,-1.21136561208103
120.2,-1.21136890262126
120.21,-1.211372188343
120.22,-1.21137546809659
120.23,-1.21137874156238
120.24,-1.21138200881229
120.25,-1.21138526980145
120.26,-1.21138852450646
120.27,-1.21139177279668
120.28,-1.21139501450368
120.29,-1.21139824972782
120.3,-1.21140147850713
120.31,-1.21140470101886
120.32,-1.21140791732797
120.33,-1.21141112735068
120.34,-1.21141433091932
120.35,-1.211417528069
120.36,-1.21142071909505
120.37,-1.21142390400094
120.38,-1.21142708272006
120.39,-1.21143025529069
120.4,-1.21143342171204
120.41,-1.21143658206496
120.42,-1.21143973625457
120.43,-1.21144288436214
120.44,-1.21144602625211
120.45,-1.21144916201537
120.46,-1.21145229150025
120.47,-1.2114554148644
120.48,-1.21145853193661
120.49,-1.21146164292297
120.5,-1.21146474781623
120.51,-1.21146784676615
120.52,-1.21147093979791
120.53,-1.21147402685556
120.54,-1.21147710788937
120.55,-1.21148018297236
120.56,-1.21148325201487
120.57,-1.21148631490866
120.58,-1.21148937187601
120.59,-1.21149242311044
120.6,-1.2114954684312
120.61,-1.21149850800107
120.62,-1.21150154180052
120.63,-1.21150456983781
120.64,-1.21150759208527
120.65,-1.21151060852404
120.66,-1.21151361912101
120.67,-1.21151662408943
120.68,-1.21151962324529
120.69,-1.21152260857659
120.7,-1.21152555364671
120.71,-1.21152844659887
120.72,-1.21153128400367
120.73,-1.21153406507518
120.74,-1.21153679376157
120.75,-1.21153947948968
120.76,-1.21154211502167
120.77,-1.21154469620836
120.78,-1.21154722188289
120.79,-1.21154969584244
120.8,-1.21155213532149
120.81,-1.2115545555011
120.82,-1.21155695513047
120.83,-1.211559339642
120.84,-1.21156170056062
120.85,-1.21156403746251
120.86,-1.21156635819632
120.87,-1.2115686591869
120.88,-1.21157094541745
120.89,-1.21157321236854
120.9,-1.21157546884536
120.91,-1.21157771538596
120.92,-1.2115799441346
120.93,-1.21158216269826
120.94,-1.21158437567868
120.95,-1.21158658411461
120.96,-1.21158878433446
120.97,-1.21159096742751
120.98,-1.21159314066331
120.99,-1.21159532021082
121,-1.2115471012573
121.01,-1.21154937518377
121.02,-1.21155171296113
121.03,-1.21155411592897
121.04,-1.21155657647097
121.05,-1.21155910209786
121.06,-1.21156169692169
121.07,-1.21156435801212
121.08,-1.21156707625286
121.09,-1.21156984295528
121.1,-1.21157260624142
121.11,-1.2115753350039
121.12,-1.21157803039894
121.13,-1.21158069085295
121.14,-1.21158330790616
121.15,-1.21158588916418
121.16,-1.21158843902443
121.17,-1.21159095480983
121.18,-1.21159342783834
121.19,-1.2115958575719
121.2,-1.21159821861078
121.21,-1.21160049165618
121.22,-1.21160267708826
121.23,-1.21160476558435
121.24,-1.21160675642457
121.25,-1.21160866139749
121.26,-1.21161048236972
121.27,-1.2116122118402
121.28,-1.21161385368957
121.29,-1.21161538787293
121.3,-1.21161677525199
121.31,-1.2116180064678
121.32,-1.21161907326165
121.33,-1.21161997925935
121.34,-1.21162072001838
121.35,-1.21162130015463
121.36,-1.21162171532511
121.37,-1.21162197026694
121.38,-1.21162206078872
121.39,-1.21162203074806
121.4,-1.21162200053525
121.41,-1.21162202298302
121.42,-1.21162211326628
121.43,-1.2116222721035
121.44,-1.21162249164809
121.45,-1.21162277877444
121.46,-1.21162313764042
121.47,-1.21162356949645
121.48,-1.21162407459277
121.49,-1.21162466059649
121.5,-1.2116253531979
121.51,-1.21162616373252
121.52,-1.21162709520454
121.53,-1.21162814839566
121.54,-1.21162932337306
121.55,-1.21163062016645
121.56,-1.21163203836115
121.57,-1.21163357744043
121.58,-1.21163523738477
121.59,-1.21163700241659
121.6,-1.21163882105616
121.61,-1.21164067015368
121.62,-1.21164254320411
121.63,-1.21164443827227
121.64,-1.21164635487221
121.65,-1.21164829281562
121.66,-1.21165025205719
121.67,-1.2116522324977
121.68,-1.21165423404485
121.69,-1.21165625272633
121.7,-1.21165827958981
121.71,-1.21166031780778
121.72,-1.21166236250689
121.73,-1.2116644180901
121.74,-1.21166648004308
121.75,-1.21166855276673
121.76,-1.21167063192663
121.77,-1.21167272206327
121.78,-1.21167481860491
121.79,-1.21167692582174
121.8,-1.21167903542321
121.81,-1.21168114301889
121.82,-1.21168324738601
121.83,-1.21168534817685
121.84,-1.21168744516541
121.85,-1.21168953835281
121.86,-1.21169162779411
121.87,-1.21169371354107
121.88,-1.21169579556538
121.89,-1.21169787394166
121.9,-1.21169994480344
121.91,-1.21170199558804
121.92,-1.21170402454954
121.93,-1.21170603897092
121.94,-1.21170803513976
121.95,-1.21171002132482
121.96,-1.21171199842283
121.97,-1.21171395516273
121.98,-1.21171589022776
121.99,-1.21171781094911
122,-1.21169762959789
122.01,-1.21169950276812
122.02,-1.21170134904121
122.03,-1.21170316808628
122.04,-1.21170495964855
122.05,-1.2117067238991
122.06,-1.21170846095921
122.07,-1.21171017088005
122.08,-1.21171185370437
122.09,-1.21171350950936
122.1,-1.21171513841231
122.11,-1.21171674415966
122.12,-1.21171833553048
122.13,-1.21171990566563
122.14,-1.21172145062303
122.15,-1.21172296927107
122.16,-1.2117244651701
122.17,-1.2117259469836
122.18,-1.21172740784636
122.19,-1.21172881358472
122.2,-1.21173005980789
122.21,-1.2117310934227
122.22,-1.21173190508629
122.23,-1.21173248687655
122.24,-1.21173284610836
122.25,-1.21173298333027
122.26,-1.21173289130756
122.27,-1.21173257379754
122.28,-1.21173202644445
122.29,-1.21173126867251
122.3,-1.21173034226968
122.31,-1.21172926525707
122.32,-1.21172804281757
122.33,-1.21172667644542
122.34,-1.21172516654836
122.35,-1.21172351341633
122.36,-1.21172171716019
122.37,-1.21171977763411
122.38,-1.2117176947692
122.39,-1.21171549518787
122.4,-1.21171326598592
122.41,-1.21171105006485
122.42,-1.21170886719686
122.43,-1.21170671373895
122.44,-1.21170458654969
122.45,-1.21170248496839
122.46,-1.21170041228955
122.47,-1.21169837717725
122.48,-1.21169637270787
122.49,-1.21169441386273
122.5,-1.21169256199596
122.51,-1.21169084863101
122.52,-1.21168929031403
122.53,-1.21168788231559
122.54,-1.21168662124546
122.55,-1.21168550606125
122.56,-1.21168454025261
122.57,-1.21168373230777
122.58,-1.21168307518258
122.59,-1.2116825761824
122.6,-1.21168226780798
122.61,-1.21168215768848
122.62,-1.21168225336561
122.63,-1.21168254732196
122.64,-1.21168303895251
122.65,-1.21168373939228
122.66,-1.21168464975727
122.67,-1.21168576250039
122.68,-1.2116870807895
122.69,-1.21168856165448
122.7,-1.21169008415312
122.71,-1.21169158801086
122.72,-1.21169306168301
122.73,-1.21169449249184
122.74,-1.21169587874672
122.75,-1.21169723144712
122.76,-1.21169855189236
122.77,-1.21169983295742
122.78,-1.21170107829543
122.79,-1.21170223432609
122.8,-1.21170315130053
122.81,-1.21170377028166
122.82,-1.21170406546719
122.83,-1.21170402778316
122.84,-1.21170365858345
122.85,-1.21170296609731
122.86,-1.21170194355464
122.87,-1.21170059094404
122.88,-1.2116989158274
122.89,-1.21169692608516
122.9,-1.21169466732424
122.91,-1.21169216076139
122.92,-1.21168941232874
122.93,-1.21168642361497
122.94,-1.21168319502636
122.95,-1.21167972623036
122.96,-1.21167601724682
122.97,-1.21167206789273
122.98,-1.21166787781265
122.99,-1.21166345021609
123,-1.21161192002896
123.01,-1.21160704363882
123.02,-1.21160193601996
123.03,-1.21159660419928
123.04,-1.21159105148617
123.05,-1.21158527905897
123.06,-1.21157928245958
123.07,-1.21157305289626
123.08,-1.21156659693568
123.09,-1.21155996771374
123.1,-1.21155333096861
123.11,-1.21154676440131
123.12,-1.21154029844268
123.13,-1.2115339326111
123.14,-1.21152766469424
123.15,-1.21152149393055
123.16,-1.21151542482294
123.17,-1.21150946643673
123.18,-1.2115036118283
123.19,-1.21149784542884
123.2,-1.2114921317901
123.21,-1.21148646222641
123.22,-1.21148082475072
123.23,-1.21147521783994
123.24,-1.21146964915782
123.25,-1.2114641115334
123.26,-1.21145859993045
123.27,-1.21145311765774
123.28,-1.21144767360623
123.29,-1.21144225631775
123.3,-1.21143684880304
123.31,-1.21143144397442
123.32,-1.21142604008754
123.33,-1.21142063661887
123.34,-1.21141523338852
123.35,-1.21140983037858
123.36,-1.21140442724628
123.37,-1.2113990245142
123.38,-1.21139362205404
123.39,-1.21138821175977
123.4,-1.21138276751783
123.41,-1.21137727750261
123.42,-1.21137173859521
123.43,-1.21136615351629
123.44,-1.21136053127728
123.45,-1.21135486420342
123.46,-1.21134914797795
123.47,-1.21134338166233
123.48,-1.21133756439703
123.49,-1.21133169221957
123.5,-1.21132574787878
123.51,-1.21131971605953
123.52,-1.21131360210968
123.53,-1.21130740591752
123.54,-1.21130111869299
123.55,-1.21129474818815
123.56,-1.21128829836433
123.57,-1.21128176654812
123.58,-1.2112751434772
123.59,-1.21126844886474
123.6,-1.21126172604048
123.61,-1.21125499867825
123.62,-1.21124828218948
123.63,-1.21124157050477
123.64,-1.21123485984811
123.65,-1.21122814852199
123.66,-1.21122144068345
123.67,-1.21121474564349
123.68,-1.2112080561695
123.69,-1.21120136769599
123.7,-1.21119467932319
123.71,-1.21118799065936
123.72,-1.21118130151217
123.73,-1.21117460782333
123.74,-1.21116789982652
123.75,-1.21116118530168
123.76,-1.21115446882556
123.77,-1.21114775116946
123.78,-1.21114103339091
123.79,-1.21113430237663
123.8,-1.21112752192408
123.81,-1.21112068287531
123.82,-1.21111377254533
123.83,-1.2111067845867
123.84,-1.21109972171276
123.85,-1.21109259257202
123.86,-1.21108538951647
123.87,-1.21107811199104
123.88,-1.21107076820859
123.89,-1.21106332869012
123.9,-1.21105572006605
123.91,-1.21104790558985
123.92,-1.21103986574956
123.93,-1.21103160503302
123.94,-1.21102312617121
123.95,-1.21101442985377
123.96,-1.21100551225746
123.97,-1.2109963623632
123.98,-1.21098698686594
123.99,-1.2109774237016
124,-1.21096131067517
124.01,-1.21095164928944
124.02,-1.21094197780681
124.03,-1.21093229613722
124.04,-1.2109225961441
124.05,-1.21091288584492
124.06,-1.21090316979275
124.07,-1.21089344922205
124.08,-1.21088372430513
124.09,-1.21087398699556
124.1,-1.2108642136273
124.11,-1.21085440075299
124.12,-1.2108445370439
124.13,-1.21083461640776
124.14,-1.21082464176208
124.15,-1.21081462220924
124.16,-1.21080455013138
124.17,-1.21079442503127
124.18,-1.21078425537685
124.19,-1.21077405020813
124.2,-1.21076386242139
124.21,-1.2107537121863
124.22,-1.21074359654445
124.23,-1.21073352647458
124.24,-1.21072350646413
124.25,-1.21071353864665
124.26,-1.21070361923169
124.27,-1.2106937385263
124.28,-1.21068390472991
124.29,-1.2106741803571
124.3,-1.21066475320553
124.31,-1.21065569975202
124.32,-1.21064704872847
124.33,-1.21063880289828
124.34,-1.21063097467295
124.35,-1.21062356596547
124.36,-1.21061656956365
124.37,-1.21060998928975
124.38,-1.21060382127315
124.39,-1.21059799937624
124.4,-1.21059228211535
124.41,-1.21058656844524
124.42,-1.21058081842336
124.43,-1.2105750189433
124.44,-1.21056917020198
124.45,-1.21056328105012
124.46,-1.21055734332095
124.47,-1.2105513565141
124.48,-1.21054532954862
124.49,-1.21053924025942
124.5,-1.21053303870704
124.51,-1.21052670364908
124.52,-1.21052022876316
124.53,-1.21051361225462
124.54,-1.21050684816518
124.55,-1.21049992673798
124.56,-1.2104928553438
124.57,-1.21048563873151
124.58,-1.21047827785489
124.59,-1.21047079593733
124.6,-1.21046326827857
124.61,-1.2104557280193
124.62,-1.21044818470779
124.63,-1.21044064133672
124.64,-1.21043309872832
124.65,-1.21042555736209
124.66,-1.21041801751073
124.67,-1.21041047877718
124.68,-1.21040294121599
124.69,-1.21039538621574
124.7,-1.21038775797615
124.71,-1.21038003967649
124.72,-1.21037221500444
124.73,-1.21036427651745
124.74,-1.21035622662319
124.75,-1.21034807551992
124.76,-1.21033981449537
124.77,-1.21033144282105
124.78,-1.21032296857483
124.79,-1.21031442100126
124.8,-1.21030591821838
124.81,-1.21029750895016
124.82,-1.21028919728582
124.83,-1.21028099616648
124.84,-1.21027291262175
124.85,-1.21026494973544
124.86,-1.21025710238858
124.87,-1.21024935965266
124.88,-1.21024173081762
124.89,-1.21023439485599
124.9,-1.21022792258068
124.91,-1.21022256153339
124.92,-1.21021839370682
124.93,-1.21021544077059
124.94,-1.21021369931776
124.95,-1.21021317898488
124.96,-1.21021388354873
124.97,-1.21021580774681
124.98,-1.21021893808601
124.99,-1.21022308709085
125,-1.21032009333062
125.01,-1.21032473079389
125.02,-1.21032939025754
125.03,-1.21033404854918
125.04,-1.21033869935895
125.05,-1.21034334087337
125.06,-1.2103479725135
125.07,-1.21035259391974
125.08,-1.21035720578262
125.09,-1.21036180824702
125.1,-1.21036640110129
125.11,-1.21037098438042
125.12,-1.21037555795982
125.13,-1.21038012165941
125.14,-1.21038467564851
125.15,-1.21038921955228
125.16,-1.21039375363528
125.17,-1.21039827796337
125.18,-1.21040279236028
125.19,-1.21040729695259
125.2,-1.21041179194081
125.21,-1.21041627729979
125.22,-1.21042075303545
125.23,-1.2104252191252
125.24,-1.2104296753099
125.25,-1.21043412183634
125.26,-1.21043855896975
125.27,-1.2104429869221
125.28,-1.21044740532566
125.29,-1.21045181399643
125.3,-1.2104562131501
125.31,-1.21046060305695
125.32,-1.21046498376876
125.33,-1.2104693550416
125.34,-1.21047371683454
125.35,-1.21047806934343
125.36,-1.21048241258695
125.37,-1.21048674626329
125.38,-1.2104910707319
125.39,-1.2104953859175
125.4,-1.21049969186567
125.41,-1.21050398867275
125.42,-1.21050827621054
125.43,-1.21051255448771
125.44,-1.21051682361561
125.45,-1.21052108374604
125.46,-1.21052533503111
125.47,-1.2105295773791
125.48,-1.21053381072315
125.49,-1.21053803516392
125.5,-1.21054225076692
125.51,-1.21054645712334
125.52,-1.21055065487368
125.53,-1.21055484389828
125.54,-1.21055902435897
125.55,-1.21056319604296
125.56,-1.2105673590281
125.57,-1.21057151314645
125.58,-1.21057565850137
125.59,-1.21057979470689
125.6,-1.21058392196409
125.61,-1.21058804047863
125.62,-1.21059215036664
125.63,-1.21059625156458
125.64,-1.21060034416256
125.65,-1.21060442808789
125.66,-1.21060850360101
125.67,-1.21061257070385
125.68,-1.21061662962695
125.69,-1.21062068010179
125.7,-1.21062472208408
125.71,-1.21062875568592
125.72,-1.21063278083138
125.73,-1.21063679752638
125.74,-1.21064080564689
125.75,-1.2106448055141
125.76,-1.21064879706075
125.77,-1.21065278019644
125.78,-1.21065675500089
125.79,-1.21066072172546
125.8,-1.21066468009822
125.81,-1.21066863025874
125.82,-1.21067257209209
125.83,-1.21067650576723
125.84,-1.21068043141458
125.85,-1.2106843490807
125.86,-1.21068825861829
125.87,-1.21069215992747
125.88,-1.21069605318702
125.89,-1.21069993857922
125.9,-1.2107038160765
125.91,-1.2107076856975
125.92,-1.21071154705929
125.93,-1.21071540044531
125.94,-1.2107192458881
125.95,-1.21072308326362
125.96,-1.21072691314976
125.97,-1.21073073612689
125.98,-1.21073455181397
125.99,-1.2107383591967
126,-1.21065825238054
126.01,-1.21066204280179
126.02,-1.21066582557176
126.03,-1.21066960055571
126.04,-1.21067336774177
126.05,-1.21067712717294
126.06,-1.21068087886457
126.07,-1.21068462300005
126.08,-1.21068835946779
126.09,-1.21069208805592
126.1,-1.21069580902124
126.11,-1.21069952247484
126.12,-1.21070322826171
126.13,-1.21070692644066
126.14,-1.21071061724976
126.15,-1.21071430068875
126.16,-1.21071797654384
126.17,-1.21072164523881
126.18,-1.21072530655507
126.19,-1.2107289601971
126.2,-1.21073260616408
126.21,-1.21073624476435
126.22,-1.21073987598541
126.23,-1.2107434999953
126.24,-1.21074711676169
126.25,-1.21075072640422
126.26,-1.21075432872084
126.27,-1.21075792336999
126.28,-1.21076151056951
126.29,-1.21076509041624
126.3,-1.21076866310731
126.31,-1.21077222874723
126.32,-1.21077578747539
126.33,-1.2107793391792
126.34,-1.21078288369955
126.35,-1.21078642120419
126.36,-1.21078995157156
126.37,-1.21079347475417
126.38,-1.21079699110798
126.39,-1.21080050037759
126.4,-1.21080400243596
126.41,-1.21080749739197
126.42,-1.210810985233
126.43,-1.21081446604008
126.44,-1.21081793997568
126.45,-1.21082140703491
126.46,-1.21082486707453
126.47,-1.21082832035415
126.48,-1.21083176670062
126.49,-1.21083520613615
126.5,-1.21083863878125
126.51,-1.21084206449477
126.52,-1.21084548301025
126.53,-1.210848894768
126.54,-1.21085229993706
126.55,-1.21085569846832
126.56,-1.21085909004958
126.57,-1.21086247463886
126.58,-1.21086585248827
126.59,-1.2108692238833
126.6,-1.21087258871983
126.61,-1.21087594686956
126.62,-1.210879298361
126.63,-1.21088264310695
126.64,-1.2108859810692
126.65,-1.2108893123564
126.66,-1.21089263715615
126.67,-1.21089595549851
126.68,-1.2108992672999
126.69,-1.21090257246882
126.7,-1.21090587124641
126.71,-1.21090916338169
126.72,-1.2109124489857
126.73,-1.21091572803337
126.74,-1.21091900072277
126.75,-1.21092226696527
126.76,-1.21092552695127
126.77,-1.21092878050875
126.78,-1.21093202749927
126.79,-1.21093526811401
126.8,-1.21093850240552
126.81,-1.21094173036853
126.82,-1.21094495204844
126.83,-1.21094816754301
126.84,-1.21095137678425
126.85,-1.21095457972226
126.86,-1.21095777635869
126.87,-1.21096096666234
126.88,-1.21096415080916
126.89,-1.21096732875841
126.9,-1.21097050075293
126.91,-1.21097366670065
126.92,-1.21097682642891
126.93,-1.21097997981544
126.94,-1.2109831270321
126.95,-1.21098626810248
126.96,-1.21098940310146
126.97,-1.210992531986
126.98,-1.21099565467069
126.99,-1.21099875473003
127,-1.21099539496018
127.01,-1.2109983143534
127.02,-1.21100111332302
127.03,-1.21100379792223
127.04,-1.21100637206965
127.05,-1.21100883717712
127.06,-1.21101118959134
127.07,-1.21101342057126
127.08,-1.21101553774692
127.09,-1.2110175497409
127.1,-1.21101947544769
127.11,-1.21102133079783
127.12,-1.21102311042478
127.13,-1.21102481087101
127.14,-1.21102643535734
127.15,-1.21102799283245
127.16,-1.21102947575036
127.17,-1.21103088417892
127.18,-1.21103222661228
127.19,-1.21103351169622
127.2,-1.21103479243949
127.21,-1.21103610085163
127.22,-1.2110374400553
127.23,-1.21103881692349
127.24,-1.2110402273989
127.25,-1.21104167613207
127.26,-1.21104315835635
127.27,-1.2110446788055
127.28,-1.21104623266585
127.29,-1.21104782044281
127.3,-1.2110494202754
127.31,-1.21105101763586
127.32,-1.2110526000579
127.33,-1.21105417393399
127.34,-1.2110557433226
127.35,-1.21105730944065
127.36,-1.211058868478
127.37,-1.21106041132496
127.38,-1.21106194550802
127.39,-1.21106349940556
127.4,-1.21106514972912
127.41,-1.21106692294184
127.42,-1.21106883244325
127.43,-1.21107087569365
127.44,-1.21107306170124
127.45,-1.21107539107707
127.46,-1.21107785566604
127.47,-1.21108045872094
127.48,-1.21108319506686
127.49,-1.21108604879601
127.5,-1.2110889449
127.51,-1.21109184907293
127.52,-1.21109475159565
127.53,-1.21109764960238
127.54,-1.2111005423737
127.55,-1.21110342967119
127.56,-1.21110631151023
127.57,-1.21110918794992
127.58,-1.21111205885803
127.59,-1.21111492433716
127.6,-1.21111778444791
127.61,-1.21112063904369
127.62,-1.21112348821354
127.63,-1.21112633182056
127.64,-1.21112917023084
127.65,-1.2111320034936
127.66,-1.21113483167648
127.67,-1.21113765461992
127.68,-1.2111404720397
127.69,-1.21114327220091
127.7,-1.21114601217909
127.71,-1.21114866556357
127.72,-1.21115123490711
127.73,-1.21115371916547
127.74,-1.21115611018341
127.75,-1.21115841550385
127.76,-1.21116063970382
127.77,-1.21116278025241
127.78,-1.21116482865651
127.79,-1.21116677282012
127.8,-1.21116855226568
127.81,-1.21117013955954
127.82,-1.21117152711905
127.83,-1.21117271301139
127.84,-1.21117370105505
127.85,-1.21117450061931
127.86,-1.2111751047567
127.87,-1.21117550947899
127.88,-1.21117571379755
127.89,-1.21117572952642
127.9,-1.21117559565674
127.91,-1.21117532971922
127.92,-1.21117493685347
127.93,-1.21117441453968
127.94,-1.21117375424812
127.95,-1.21117296349657
127.96,-1.21117204642903
127.97,-1.21117100426644
127.98,-1.21116983746723
127.99,-1.21116861701115
128,-1.21113707593668
128.01,-1.21113633579059
128.02,-1.21113591857905
128.03,-1.21113583746204
128.04,-1.21113608999871
128.05,-1.21113668085915
128.06,-1.21113760513995
128.07,-1.21113886680113
128.08,-1.21114046071878
128.09,-1.21114235148884
128.1,-1.21114440081242
128.11,-1.21114654208747
128.12,-1.21114874839378
128.13,-1.2111510217583
128.14,-1.21115336458358
128.15,-1.21115577742876
128.16,-1.21115825644809
128.17,-1.21116079239643
128.18,-1.21116339224106
128.19,-1.21116604847896
128.2,-1.2111687237315
128.21,-1.21117140087984
128.22,-1.21117407517162
128.23,-1.2111767448716
128.24,-1.21117940950721
128.25,-1.21118206903784
128.26,-1.2111847234919
128.27,-1.2111873730651
128.28,-1.21119001788062
128.29,-1.21119264632251
128.3,-1.21119521997449
128.31,-1.21119772177532
128.32,-1.21120014700857
128.33,-1.21120249084286
128.34,-1.21120474416375
128.35,-1.21120691411693
128.36,-1.21120900487803
128.37,-1.21121101781397
128.38,-1.21121295355382
128.39,-1.21121478531909
128.4,-1.21121642049478
128.41,-1.2112178071527
128.42,-1.21121893269076
128.43,-1.21121980156908
128.44,-1.21122040973263
128.45,-1.21122076576376
128.46,-1.21122087057304
128.47,-1.21122071303582
128.48,-1.21122029199977
128.49,-1.21121963420098
128.5,-1.21121879968369
128.51,-1.21121782155936
128.52,-1.21121670376951
128.53,-1.21121545323641
128.54,-1.21121406237095
128.55,-1.21121253086654
128.56,-1.21121086633072
128.57,-1.21120906519459
128.58,-1.21120713226621
128.59,-1.21120506312697
128.6,-1.21120286612618
128.61,-1.21120054560487
128.62,-1.21119810299101
128.63,-1.21119553852668
128.64,-1.21119285229434
128.65,-1.21119004431535
128.66,-1.21118711443616
128.67,-1.21118406262033
128.68,-1.21118088871179
128.69,-1.21117761990842
128.7,-1.21117434177424
128.71,-1.2111710853959
128.72,-1.21116786915754
128.73,-1.21116469664203
128.74,-1.21116156089335
128.75,-1.21115846981941
128.76,-1.21115542769304
128.77,-1.21115243171197
128.78,-1.21114947381717
128.79,-1.21114656460471
128.8,-1.21114371699646
128.81,-1.21114092961578
128.82,-1.21113820772626
128.83,-1.21113554676751
128.84,-1.21113295112053
128.85,-1.21113041636581
128.86,-1.21112794722603
128.87,-1.21112553909278
128.88,-1.21112319651275
128.89,-1.21112089527255
128.9,-1.21111857561073
128.91,-1.21111620408259
128.92,-1.21111377697637
128.93,-1.21111128750062
128.94,-1.21110874328621
128.95,-1.21110614469382
128.96,-1.21110348386667
128.97,-1.21110076449685
128.98,-1.211097981778
128.99,-1.2110951519435
129,-1.21115037258328
129.01,-1.21114752209415
129.02,-1.21114467135793
129.03,-1.21114181742153
129.04,-1.21113895170927
129.05,-1.21113608137152
129.06,-1.21113321051888
129.07,-1.21113034038468
129.08,-1.21112747146034
129.09,-1.21112459195168
129.1,-1.21112166270761
129.11,-1.21111866628708
129.12,-1.21111559786755
129.13,-1.21111245576987
129.14,-1.21110924358921
129.15,-1.21110597023299
129.16,-1.21110262835646
129.17,-1.2110992138108
129.18,-1.21109572532378
129.19,-1.21109216269287
129.2,-1.21108852167137
129.21,-1.21108479284837
129.22,-1.21108098344834
129.23,-1.21107709372557
129.24,-1.21107311568017
129.25,-1.21106905681454
129.26,-1.21106492125622
129.27,-1.21106070631365
129.28,-1.21105640304342
129.29,-1.2110520307409
129.3,-1.21104762904103
129.31,-1.2110432074417
129.32,-1.21103877883031
129.33,-1.21103434508902
129.34,-1.21102989845246
129.35,-1.21102544657457
129.36,-1.21102099414129
129.37,-1.21101653815838
129.38,-1.21101206975727
129.39,-1.21100761659197
129.4,-1.21100324520409
129.41,-1.21099897745318
129.42,-1.21099482961345
129.43,-1.21099080870739
129.44,-1.21098691254531
129.45,-1.21098313248452
129.46,-1.21097947641046
129.47,-1.21097594442849
129.48,-1.21097252841136
129.49,-1.21096922036732
129.5,-1.21096596712017
129.51,-1.21096273669942
129.52,-1.21095953012298
129.53,-1.21095634564398
129.54,-1.21095317476401
129.55,-1.21095002506924
129.56,-1.21094690091512
129.57,-1.2109437993904
129.58,-1.21094071163945
129.59,-1.21093764924339
129.6,-1.21093462977405
129.61,-1.21093166059924
129.62,-1.21092874380082
129.63,-1.21092587999048
129.64,-1.21092306931038
129.65,-1.2109203118817
129.66,-1.21091760782804
129.67,-1.21091495698668
129.68,-1.21091235950028
129.69,-1.21090980696516
129.7,-1.21090726863168
129.71,-1.21090472299549
129.72,-1.21090217392245
129.73,-1.21089962073649
129.74,-1.21089705503215
129.75,-1.21089448450192
129.76,-1.21089191348658
129.77,-1.21088933925073
129.78,-1.21088675264887
129.79,-1.21088414503574
129.8,-1.21088146244226
129.81,-1.21087867248426
129.82,-1.21087577195699
129.83,-1.21087275393008
129.84,-1.21086962650758
129.85,-1.21086638994554
129.86,-1.21086303628918
129.87,-1.21085956910036
129.88,-1.21085598357036
129.89,-1.21085232099161
129.9,-1.21084869886846
129.91,-1.21084518098451
129.92,-1.21084178366243
129.93,-1.21083849905362
129.94,-1.2108353265895
129.95,-1.21083227473576
129.96,-1.21082933992263
129.97,-1.2108265313461
129.98,-1.21082384981944
129.99,-1.21082122925226
130,-1.21077510166265
130.01,-1.21077215543796
130.02,-1.21076898283159
130.03,-1.2107655729004
130.04,-1.21076191418147
130.05,-1.21075801347552
130.06,-1.21075387492605
130.07,-1.21074949949788
130.08,-1.21074488738252
130.09,-1.2107400631874
130.1,-1.21073511357525
130.11,-1.21073008483661
130.12,-1.21072497950282
130.13,-1.21071980038546
130.14,-1.21071455662948
130.15,-1.21070924020173
130.16,-1.21070384698464
130.17,-1.21069837945014
130.18,-1.2106928468868
130.19,-1.21068725406429
130.2,-1.21068163797079
130.21,-1.21067602015332
130.22,-1.21067041502424
130.23,-1.21066481633846
130.24,-1.21065922058153
130.25,-1.21065362645584
130.26,-1.21064803762758
130.27,-1.21064246393555
130.28,-1.21063689733765
130.29,-1.21063131220281
130.3,-1.21062563352019
130.31,-1.21061981954609
130.32,-1.21061386896106
130.33,-1.21060778348818
130.34,-1.21060155905216
130.35,-1.21059518603696
130.36,-1.21058867194991
130.37,-1.21058201655231
130.38,-1.21057521096955
130.39,-1.21056828057185
130.4,-1.21056128587602
130.41,-1.2105542532023
130.42,-1.21054719041394
130.43,-1.2105400995471
130.44,-1.21053298552951
130.45,-1.21052585802927
130.46,-1.21051871003433
130.47,-1.2105115364875
130.48,-1.21050433600125
130.49,-1.21049710389725
130.5,-1.21048982132387
130.51,-1.21048247188642
130.52,-1.210475061689
130.53,-1.21046759047134
130.54,-1.21046004924091
130.55,-1.21045244619099
130.56,-1.21044478549831
130.57,-1.21043706422327
130.58,-1.21042927254838
130.59,-1.21042142277654
130.6,-1.21041353395898
130.61,-1.21040561374429
130.62,-1.21039766456845
130.63,-1.21038968655458
130.64,-1.21038168457029
130.65,-1.21037366885244
130.66,-1.21036563142492
130.67,-1.21035756720981
130.68,-1.21034947535908
130.69,-1.21034133729332
130.7,-1.21033309044329
130.71,-1.21032469773744
130.72,-1.21031615536813
130.73,-1.21030745110657
130.74,-1.21029858332853
130.75,-1.21028956408761
130.76,-1.21028039457974
130.77,-1.21027106610559
130.78,-1.21026158278821
130.79,-1.21025193394508
130.8,-1.21024211862847
130.81,-1.21023214455162
130.82,-1.21022200805729
130.83,-1.21021171426899
130.84,-1.21020125263328
130.85,-1.21019062233806
130.86,-1.21017983154681
130.87,-1.21016887570622
130.88,-1.21015775967537
130.89,-1.21014650571368
130.9,-1.21013520777821
130.91,-1.21012390141286
130.92,-1.21011260305867
130.93,-1.21010131088406
130.94,-1.2100900358147
130.95,-1.21007877943094
130.96,-1.21006753330142
130.97,-1.21005630112955
130.98,-1.2100450771011
130.99,-1.21003386658574
131,-1.21010525441332
131.01,-1.21009402658746
131.02,-1.210082789846
131.03,-1.21007154253577
131.04,-1.21006027618617
131.05,-1.2100489996947
131.06,-1.21003771877659
131.07,-1.21002642871894
131.08,-1.21001512016019
131.09,-1.21000380118888
131.1,-1.20999247813236
131.11,-1.20998115545385
131.12,-1.20996984525902
131.13,-1.20995853922172
131.14,-1.20994723251569
131.15,-1.20993592373066
131.16,-1.20992461737827
131.17,-1.20991332412227
131.18,-1.20990203533776
131.19,-1.20989074634187
131.2,-1.20987945584267
131.21,-1.20986816266924
131.22,-1.20985686727167
131.23,-1.20984557027233
131.24,-1.20983427575701
131.25,-1.20982299554365
131.26,-1.20981172077155
131.27,-1.20980044593401
131.28,-1.20978916896685
131.29,-1.20977789551185
131.3,-1.20976664127333
131.31,-1.20975540867133
131.32,-1.20974418817616
131.33,-1.20973299010695
131.34,-1.20972182055092
131.35,-1.20971067919094
131.36,-1.20969956213856
131.37,-1.20968845925794
131.38,-1.20967737844364
131.39,-1.20966630191432
131.4,-1.20965515061931
131.41,-1.20964388750294
131.42,-1.20963250391915
131.43,-1.20962099519643
131.44,-1.20960936069744
131.45,-1.20959760070866
131.46,-1.20958571350519
131.47,-1.20957369854158
131.48,-1.20956155678991
131.49,-1.20954932714233
131.5,-1.20953714487915
131.51,-1.20952508086068
131.52,-1.20951314200077
131.53,-1.2095013292297
131.54,-1.20948964626792
131.55,-1.20947810563372
131.56,-1.2094666980801
131.57,-1.20945542462959
131.58,-1.20944429577807
131.59,-1.20943329248139
131.6,-1.20942237542604
131.61,-1.20941152586073
131.62,-1.20940072669698
131.63,-1.20938998432594
131.64,-1.20937930540993
131.65,-1.20936868993953
131.66,-1.20935813414292
131.67,-1.20934762687546
131.68,-1.2093371785169
131.69,-1.20932684444506
131.7,-1.20931679372448
131.71,-1.20930709698738
131.72,-1.20929776398456
131.73,-1.20928881173448
131.74,-1.20928024811951
131.75,-1.20927207579968
131.76,-1.20926428969257
131.77,-1.2092568799226
131.78,-1.20924985651445
131.79,-1.20924319896903
131.8,-1.20923681975499
131.81,-1.20923066970932
131.82,-1.20922474290718
131.83,-1.20921902473268
131.84,-1.2092135132905
131.85,-1.20920822329722
131.86,-1.20920315700391
131.87,-1.20919830499967
131.88,-1.20919367168726
131.89,-1.20918924661967
131.9,-1.20918502268788
131.91,-1.2091809932989
131.92,-1.20917714681166
131.93,-1.20917349267954
131.94,-1.20917003556854
131.95,-1.2091667763572
131.96,-1.20916371018364
131.97,-1.20916082530423
131.98,-1.20915813194627
131.99,-1.20915558339475
132,-1.20932124142786
132.01,-1.20931857547638
132.02,-1.20931580593596
132.03,-1.20931291767828
132.04,-1.20930990352158
132.05,-1.20930676123754
132.06,-1.20930349525417
132.07,-1.20930011779464
132.08,-1.20929661919313
132.09,-1.20929297346263
132.1,-1.20928910572925
132.11,-1.20928497362518
132.12,-1.20928057736669
132.13,-1.2092759199573
132.14,-1.20927099706376
132.15,-1.2092657970368
132.16,-1.20926032949468
132.17,-1.20925459475068
132.18,-1.20924858221561
132.19,-1.20924248810049
132.2,-1.20923693890001
132.21,-1.20923222431537
132.22,-1.20922841927535
132.23,-1.2092255530594
132.24,-1.20922361955938
132.25,-1.2092226194815
132.26,-1.20922256231751
132.27,-1.20922344201779
132.28,-1.20922526308147
132.29,-1.20922791888136
132.3,-1.20923109363231
132.31,-1.20923464650298
132.32,-1.20923853684169
132.33,-1.20924275210222
132.34,-1.20924728754629
132.35,-1.20925214172728
132.36,-1.20925731352683
132.37,-1.20926280262658
132.38,-1.20926860735833
132.39,-1.20927467486837
132.4,-1.20928083392165
132.41,-1.20928700888885
132.42,-1.20929317836586
132.43,-1.20929933623934
132.44,-1.20930547916145
132.45,-1.20931160649841
132.46,-1.20931771931846
132.47,-1.20932381932172
132.48,-1.20932990627056
132.49,-1.20933597995949
132.5,-1.20934203976415
132.51,-1.20934808494259
132.52,-1.20935411529683
132.53,-1.20936013094812
132.54,-1.20936613218194
132.55,-1.20937211908571
132.56,-1.20937809236447
132.57,-1.20938405180867
132.58,-1.20938999707745
132.59,-1.20939592813262
132.6,-1.20940184498635
132.61,-1.20940774820291
132.62,-1.20941363868975
132.63,-1.20941951586973
132.64,-1.20942537924681
132.65,-1.20943122889141
132.66,-1.20943706427593
132.67,-1.20944288595702
132.68,-1.20944869413931
132.69,-1.20945448910054
132.7,-1.20946027076121
132.71,-1.20946603914228
132.72,-1.20947179397792
132.73,-1.20947753613032
132.74,-1.20948326516861
132.75,-1.20948898160351
132.76,-1.20949468432347
132.77,-1.20950037306047
132.78,-1.20950604950175
132.79,-1.20951171586066
132.8,-1.20951737142931
132.81,-1.2095230147843
132.82,-1.20952864575545
132.83,-1.2095342640268
132.84,-1.20953986912499
132.85,-1.20954546112841
132.86,-1.20955104072866
132.87,-1.2095566079781
132.88,-1.20956216288195
132.89,-1.20956770483413
132.9,-1.20957323363134
132.91,-1.20957874954697
132.92,-1.20958425301992
132.93,-1.20958974414413
132.94,-1.2095952226064
132.95,-1.20960068829492
132.96,-1.20960614127008
132.97,-1.20961158158323
132.98,-1.20961700933576
132.99,-1.20962242483245
133,-1.20963945320468
133.01,-1.20964484418056
133.02,-1.20965022285049
133.03,-1.2096555894407
133.04,-1.20966094326142
133.05,-1.20966628452233
133.06,-1.2096716137328
133.07,-1.20967693132373
133.08,-1.2096822370995
133.09,-1.20968752640126
133.1,-1.20969278294943
133.11,-1.20969800032866
133.12,-1.2097031758224
133.13,-1.20970830433972
133.14,-1.20971337484917
133.15,-1.2097183955354
133.16,-1.20972337181945
133.17,-1.20972830588275
133.18,-1.20973319812504
133.19,-1.20973800517355
133.2,-1.2097425833523
133.21,-1.20974687401018
133.22,-1.20975087111521
133.23,-1.20975456159769
133.24,-1.20975793851105
133.25,-1.20976100065018
133.26,-1.20976375458824
133.27,-1.2097662124154
133.28,-1.20976836559329
133.29,-1.20977026236913
133.3,-1.20977207199331
133.31,-1.20977386154138
133.32,-1.20977565739508
133.33,-1.2097774547557
133.34,-1.20977925460928
133.35,-1.20978107180929
133.36,-1.20978290814661
133.37,-1.20978475440437
133.38,-1.20978661518725
133.39,-1.20978849450754
133.4,-1.2097904293501
133.41,-1.20979242844465
133.42,-1.20979450074933
133.43,-1.20979664162569
133.44,-1.2097988619483
133.45,-1.20980116230859
133.46,-1.20980353295695
133.47,-1.20980597802662
133.48,-1.20980849160218
133.49,-1.20981107903863
133.5,-1.2098137299854
133.51,-1.20981643862208
133.52,-1.20981920301285
133.53,-1.20982201746926
133.54,-1.2098248713073
133.55,-1.20982777359238
133.56,-1.20983072914181
133.57,-1.20983373877458
133.58,-1.20983680260076
133.59,-1.20983993019105
133.6,-1.20984315770851
133.61,-1.20984650979545
133.62,-1.20984998143722
133.63,-1.20985356811273
133.64,-1.2098572733812
133.65,-1.20986110779375
133.66,-1.20986506218865
133.67,-1.20986913577912
133.68,-1.20987333774706
133.69,-1.20987763962874
133.7,-1.20988196863406
133.71,-1.20988628432111
133.72,-1.20989058708075
133.73,-1.20989487485871
133.74,-1.20989913755071
133.75,-1.2099033841251
133.76,-1.20990761964755
133.77,-1.20991184099217
133.78,-1.20991603771599
133.79,-1.20992014330813
133.8,-1.20992390983771
133.81,-1.20992721765799
133.82,-1.20993004072076
133.83,-1.20993236564597
133.84,-1.20993420110513
133.85,-1.20993554786945
133.86,-1.20993639737047
133.87,-1.20993675481075
133.88,-1.20993661514367
133.89,-1.20993600313589
133.9,-1.20993497127737
133.91,-1.20993353746702
133.92,-1.20993169764375
133.93,-1.20992946264267
133.94,-1.20992683806707
133.95,-1.20992382557421
133.96,-1.20992042088919
133.97,-1.20991661377413
133.98,-1.20991241263301
133.99,-1.20990784529199
134,-1.2098656551228
134.01,-1.20986052878275
134.02,-1.20985515387726
134.03,-1.20984953337004
134.04,-1.20984365826105
134.05,-1.20983753780616
134.06,-1.2098311767579
134.07,-1.20982457171046
134.08,-1.20981771111231
134.09,-1.20981063764189
134.1,-1.20980346551403
134.11,-1.20979624532389
134.12,-1.2097889913058
134.13,-1.20978170745865
134.14,-1.2097743949185
134.15,-1.20976705411812
134.16,-1.20975968554377
134.17,-1.20975228834508
134.18,-1.20974486289475
134.19,-1.20973742316636
134.2,-1.20973001259069
134.21,-1.20972264092271
134.22,-1.20971531805786
134.23,-1.20970803987816
134.24,-1.20970081774627
134.25,-1.20969365183318
134.26,-1.20968653354366
134.27,-1.20967946692554
134.28,-1.20967244624294
134.29,-1.20966553021101
134.3,-1.2096588834033
134.31,-1.20965257481839
134.32,-1.20964661342463
134.33,-1.2096410163642
134.34,-1.20963578879481
134.35,-1.20963093352256
134.36,-1.20962644563633
134.37,-1.20962231492876
134.38,-1.20961855022898
134.39,-1.20961510337829
134.4,-1.20961179952107
134.41,-1.20960856012998
134.42,-1.20960536282315
134.43,-1.20960220115799
134.44,-1.20959907812988
134.45,-1.20959600458616
134.46,-1.20959297124131
134.47,-1.20958997312397
134.48,-1.20958700879506
134.49,-1.20958404391847
134.5,-1.20958096547906
134.51,-1.20957772810005
134.52,-1.20957432882278
134.53,-1.20957075480774
134.54,-1.20956699957871
134.55,-1.20956306138233
134.56,-1.20955894459894
134.57,-1.20955466023567
134.58,-1.20955019933939
134.59,-1.20954559092846
134.6,-1.20954094648846
134.61,-1.20953631626325
134.62,-1.20953171454273
134.63,-1.2095271452693
134.64,-1.20952261451196
134.65,-1.2095181336633
134.66,-1.20951369370984
134.67,-1.20950928941036
134.68,-1.20950492001211
134.69,-1.20950057982104
134.7,-1.20949625248587
134.71,-1.20949193104308
134.72,-1.20948761343351
134.73,-1.20948329886785
134.74,-1.20947899273626
134.75,-1.20947470529677
134.76,-1.20947042796718
134.77,-1.20946615556045
134.78,-1.20946188623077
134.79,-1.20945760512665
134.8,-1.20945326823974
134.81,-1.20944886531288
134.82,-1.20944438079256
134.83,-1.2094398121256
134.84,-1.20943516962506
134.85,-1.20943044321028
134.86,-1.20942562697706
134.87,-1.2094207255691
134.88,-1.2094157492237
134.89,-1.20941067417964
134.9,-1.20940544539623
134.91,-1.20940003889815
134.92,-1.20939444861808
134.93,-1.20938867772127
134.94,-1.20938273710429
134.95,-1.20937661780766
134.96,-1.2093703141155
134.97,-1.20936382399728
134.98,-1.20935714646594
134.99,-1.209350296019
135,-1.20940568040372
135.01,-1.20939862847375
135.02,-1.20939148926485
135.03,-1.20938425920089
135.04,-1.20937694249147
135.05,-1.20936954843209
135.06,-1.20936206867663
135.07,-1.20935450410251
135.08,-1.20934686562786
135.09,-1.20933915773784
135.1,-1.20933141756899
135.11,-1.20932365463727
135.12,-1.20931588466316
135.13,-1.20930811001771
135.14,-1.2093003208295
135.15,-1.20929252763655
135.16,-1.20928473514795
135.17,-1.20927694022849
135.18,-1.20926913179771
135.19,-1.20926120750368
135.2,-1.20925280466631
135.21,-1.20924375935426
135.22,-1.20923402377408
135.23,-1.20922357766431
135.24,-1.20921240419869
135.25,-1.20920051013715
135.26,-1.20918789925543
135.27,-1.20917457073378
135.28,-1.20916052249537
135.29,-1.20914586554067
135.3,-1.2091309663006
135.31,-1.2091159789744
135.32,-1.20910095578398
135.33,-1.20908590396313
135.34,-1.20907083759059
135.35,-1.20905575918955
135.36,-1.20904065980136
135.37,-1.20902554237601
135.38,-1.20901040218406
135.39,-1.20899529699602
135.4,-1.20898039295721
135.41,-1.2089657749593
135.42,-1.20895145378194
135.43,-1.20893743085512
135.44,-1.20892371297882
135.45,-1.20891031248751
135.46,-1.20889722185037
135.47,-1.20888444076932
135.48,-1.20887198048728
135.49,-1.20885982206373
135.5,-1.20884792998925
135.51,-1.20883629995705
135.52,-1.20882492318258
135.53,-1.20881380599973
135.54,-1.20880293683928
135.55,-1.20879231540506
135.56,-1.20878195297022
135.57,-1.20877184448697
135.58,-1.20876199701701
135.59,-1.20875237305095
135.6,-1.2087428732884
135.61,-1.20873344406243
135.62,-1.20872407843319
135.63,-1.2087147662464
135.64,-1.20870551831528
135.65,-1.20869633518186
135.66,-1.20868720653678
135.67,-1.20867813665177
135.68,-1.2086691195492
135.69,-1.2086601668021
135.7,-1.20865128422732
135.71,-1.2086424685651
135.72,-1.20863370811693
135.73,-1.2086250125985
135.74,-1.2086163889327
135.75,-1.20860783781771
135.76,-1.20859935468418
135.77,-1.20859092698894
135.78,-1.20858256481228
135.79,-1.20857432836609
135.8,-1.20856639318518
135.81,-1.20855882770547
135.82,-1.20855165960429
135.83,-1.20854488339475
135.84,-1.2085385003382
135.85,-1.20853252714903
135.86,-1.20852696589231
135.87,-1.20852180641572
135.88,-1.2085170535514
135.89,-1.20851266260895
135.9,-1.20850852450204
135.91,-1.20850460144904
135.92,-1.20850086923748
135.93,-1.20849731779694
135.94,-1.20849394972727
135.95,-1.20849077659405
135.96,-1.20848778815254
135.97,-1.20848498373836
135.98,-1.20848237417548
135.99,-1.20847991589544
136,-1.20852932312981
136.01,-1.20852688885826
136.02,-1.20852442730243
136.03,-1.20852192914019
136.04,-1.2085193805896
136.05,-1.2085167912151
136.06,-1.20851416672412
136.07,-1.20851150898434
136.08,-1.20850881834702
136.09,-1.20850611159753
136.1,-1.20850344279417
136.11,-1.20850083047952
136.12,-1.2084982690796
136.13,-1.2084957707004
136.14,-1.20849334161285
136.15,-1.20849098333095
136.16,-1.20848869091932
136.17,-1.20848645184083
136.18,-1.20848427608241
136.19,-1.20848219684996
136.2,-1.2084803005208
136.21,-1.20847861545502
136.22,-1.20847715769593
136.23,-1.20847592303178
136.24,-1.20847492371565
136.25,-1.20847416049681
136.26,-1.20847362268568
136.27,-1.20847331479703
136.28,-1.20847322972344
136.29,-1.20847334590094
136.3,-1.20847356074345
136.31,-1.20847383273855
136.32,-1.20847416123313
136.33,-1.20847453235814
136.34,-1.20847493923261
136.35,-1.20847537980658
136.36,-1.20847585875005
136.37,-1.20847638837033
136.38,-1.20847695863231
136.39,-1.20847755820045
136.4,-1.20847817290545
136.41,-1.20847880687068
136.42,-1.20847945301707
136.43,-1.20848011751619
136.44,-1.20848078847294
136.45,-1.20848146516319
136.46,-1.20848215824543
136.47,-1.20848286245117
136.48,-1.20848358429596
136.49,-1.20848431256518
136.5,-1.20848504077632
136.51,-1.20848577265091
136.52,-1.20848652043342
136.53,-1.20848727380132
136.54,-1.20848802679326
136.55,-1.208488777981
136.56,-1.20848953212426
136.57,-1.20849030156435
136.58,-1.20849107625372
136.59,-1.20849184506312
136.6,-1.2084925940844
136.61,-1.20849332728547
136.62,-1.20849403774198
136.63,-1.20849473158961
136.64,-1.20849539704953
136.65,-1.20849603321393
136.66,-1.2084966509721
136.67,-1.20849724548354
136.68,-1.20849782322498
136.69,-1.20849837259772
136.7,-1.20849888233896
136.71,-1.20849933808385
136.72,-1.20849974916929
136.73,-1.20850012121817
136.74,-1.20850045075982
136.75,-1.2085007257037
136.76,-1.20850095609864
136.77,-1.20850114240624
136.78,-1.20850127388572
136.79,-1.20850136092943
136.8,-1.20850140948997
136.81,-1.20850142137791
136.82,-1.20850139730083
136.83,-1.20850133751433
136.84,-1.208501247202
136.85,-1.20850113878859
136.86,-1.20850100259605
136.87,-1.20850083294939
136.88,-1.20850062822472
136.89,-1.20850038261472
136.9,-1.20850007809513
136.91,-1.2084997067455
136.92,-1.20849926630018
136.93,-1.20849875084938
136.94,-1.20849814789201
136.95,-1.2084974675519
136.96,-1.20849671551695
136.97,-1.20849589323896
136.98,-1.20849500134463
136.99,-1.20849405107516
137,-1.20850973142373
137.01,-1.20850875273898
137.02,-1.20850777235836
137.03,-1.20850678594524
137.04,-1.20850578148668
137.05,-1.20850476917983
137.06,-1.20850375461706
137.07,-1.20850273950938
137.08,-1.20850172459991
137.09,-1.20850071525236
137.1,-1.20849972404657
137.11,-1.20849874654157
137.12,-1.20849778954156
137.13,-1.20849684682253
137.14,-1.20849592990412
137.15,-1.20849503952953
137.16,-1.20849416491814
137.17,-1.2084933111095
137.18,-1.20849247143956
137.19,-1.20849164140159
137.2,-1.20849077344294
137.21,-1.20848983968428
137.22,-1.20848882144934
137.23,-1.20848772690782
137.24,-1.20848656145984
137.25,-1.20848532641067
137.26,-1.20848401683275
137.27,-1.20848262057426
137.28,-1.20848114765403
137.29,-1.20847958776797
137.3,-1.20847789442144
137.31,-1.2084760564924
137.32,-1.20847405740998
137.33,-1.20847188979306
137.34,-1.20846955698164
137.35,-1.20846707091822
137.36,-1.20846442151793
137.37,-1.20846160853796
137.38,-1.20845864295997
137.39,-1.20845555831975
137.4,-1.20845249289279
137.41,-1.20844950380165
137.42,-1.20844659631257
137.43,-1.20844378525505
137.44,-1.2084410775013
137.45,-1.20843847519325
137.46,-1.20843597361004
137.47,-1.2084335601231
137.48,-1.20843124451396
137.49,-1.20842897220623
137.5,-1.20842654139947
137.51,-1.20842385154097
137.52,-1.20842088258595
137.53,-1.20841762067846
137.54,-1.20841407543961
137.55,-1.2084102472774
137.56,-1.20840612545936
137.57,-1.20840171493422
137.58,-1.20839700907358
137.59,-1.20839205786173
137.6,-1.20838699443797
137.61,-1.20838187696866
137.62,-1.20837672218349
137.63,-1.20837153436045
137.64,-1.20836631516762
137.65,-1.20836106511623
137.66,-1.20835578440623
137.67,-1.20835047293322
137.68,-1.20834513078494
137.69,-1.20833979641373
137.7,-1.20833460241364
137.71,-1.2083296181734
137.72,-1.20832485545974
137.73,-1.20832033106631
137.74,-1.20831604694683
137.75,-1.20831198710184
137.76,-1.20830814936077
137.77,-1.20830454444718
137.78,-1.20830116700889
137.79,-1.20829799594435
137.8,-1.2082949339616
137.81,-1.20829194654244
137.82,-1.20828901578739
137.83,-1.20828614471849
137.84,-1.20828332021322
137.85,-1.20828054132654
137.86,-1.20827781895
137.87,-1.20827514774065
137.88,-1.20827253438938
137.89,-1.20826991733512
137.9,-1.20826713170995
137.91,-1.20826411521718
137.92,-1.20826083652585
137.93,-1.20825728414485
137.94,-1.20825345995616
137.95,-1.20824937604716
137.96,-1.20824502211671
137.97,-1.20824039797052
137.98,-1.2082355143196
137.99,-1.20823037198057
138,-1.20828553589999
138.01,-1.20827995240786
138.02,-1.20827415975948
138.03,-1.20826815346789
138.04,-1.208261921352
138.05,-1.20825547344603
138.06,-1.20824881567574
138.07,-1.20824194991142
138.08,-1.20823487607678
138.09,-1.208227600266
138.1,-1.2082201405632
138.11,-1.2082125051706
138.12,-1.2082046964862
138.13,-1.20819671468922
138.14,-1.20818856031246
138.15,-1.20818023306797
138.16,-1.20817173332653
138.17,-1.20816306037181
138.18,-1.20815421449438
138.19,-1.20814527937614
138.2,-1.20813653355643
138.21,-1.20812810111526
138.22,-1.20812001764039
138.23,-1.20811229387579
138.24,-1.20810493260583
138.25,-1.20809793489081
138.26,-1.20809130115807
138.27,-1.20808503133424
138.28,-1.20807912534739
138.29,-1.20807354404417
138.3,-1.20806815650273
138.31,-1.20806289905598
138.32,-1.20805774176866
138.33,-1.20805269035681
138.34,-1.20804774941279
138.35,-1.20804292008529
138.36,-1.20803819694556
138.37,-1.20803356744802
138.38,-1.20802904164917
138.39,-1.20802460851337
138.4,-1.20802021945664
138.41,-1.20801586279328
138.42,-1.2080115266833
138.43,-1.20800721633866
138.44,-1.20800291914366
138.45,-1.20799863377206
138.46,-1.20799437142756
138.47,-1.20799012727802
138.48,-1.2079859080134
138.49,-1.2079817016675
138.5,-1.2079774957546
138.51,-1.20797327564426
138.52,-1.20796904559137
138.53,-1.20796479247034
138.54,-1.20796051549264
138.55,-1.20795623144383
138.56,-1.20795194242148
138.57,-1.20794763767966
138.58,-1.20794332226352
138.59,-1.20793912049722
138.6,-1.20793547699083
138.61,-1.20793259664903
138.62,-1.20793054901185
138.63,-1.20792933896899
138.64,-1.20792896389665
138.65,-1.20792942173925
138.66,-1.20793071628091
138.67,-1.20793285902066
138.68,-1.20793583771624
138.69,-1.20793954716411
138.7,-1.20794366464392
138.71,-1.20794804620031
138.72,-1.20795265059183
138.73,-1.20795746544841
138.74,-1.20796248104713
138.75,-1.20796768259354
138.76,-1.20797307935342
138.77,-1.20797867693387
138.78,-1.20798447673707
138.79,-1.20799047801978
138.8,-1.20799668028865
138.81,-1.20800308278996
138.82,-1.20800968484318
138.83,-1.20801648581084
138.84,-1.20802348485626
138.85,-1.20803068149616
138.86,-1.20803807502961
138.87,-1.20804566465683
138.88,-1.20805344947375
138.89,-1.2080613950318
138.9,-1.20806938953712
138.91,-1.20807738356837
138.92,-1.20808536330944
138.93,-1.20809332436848
138.94,-1.20810126583181
138.95,-1.20810918700285
138.96,-1.20811708781091
138.97,-1.20812496850324
138.98,-1.20813282944134
138.99,-1.20814067036164
139,-1.20825494887967
139.01,-1.20826274966356
139.02,-1.20827053033996
139.03,-1.20827829147896
139.04,-1.20828603311331
139.05,-1.20829375502414
139.06,-1.20830145663445
139.07,-1.20830913855479
139.08,-1.20831680156037
139.09,-1.20832444561368
139.1,-1.20833207038519
139.11,-1.20833967609266
139.12,-1.20834726259299
139.13,-1.20835483018618
139.14,-1.20836237887899
139.15,-1.20836990856748
139.16,-1.20837741925865
139.17,-1.20838491089438
139.18,-1.20839238359988
139.19,-1.20839983792209
139.2,-1.20840727370099
139.21,-1.2084146907033
139.22,-1.20842208940099
139.23,-1.2084294700217
139.24,-1.20843683215863
139.25,-1.20844417581892
139.26,-1.20845150076285
139.27,-1.20845880721718
139.28,-1.20846609537746
139.29,-1.20847336536104
139.3,-1.20848061745283
139.31,-1.20848785192116
139.32,-1.20849506869804
139.33,-1.20850226800135
139.34,-1.20850944930803
139.35,-1.20851661266847
139.36,-1.20852375783236
139.37,-1.20853088546492
139.38,-1.20853799578513
139.39,-1.20854508898074
139.4,-1.20855216495483
139.41,-1.20855922338628
139.42,-1.20856626422172
139.43,-1.20857328786453
139.44,-1.20858029420501
139.45,-1.20858728326308
139.46,-1.20859425499922
139.47,-1.20860120977446
139.48,-1.20860814754287
139.49,-1.20861506854305
139.5,-1.20862197278637
139.51,-1.20862886026068
139.52,-1.20863573054305
139.53,-1.20864258391258
139.54,-1.20864942083944
139.55,-1.20865624108489
139.56,-1.2086630446284
139.57,-1.20866983117569
139.58,-1.20867660133909
139.59,-1.20868335540648
139.6,-1.20869009297516
139.61,-1.2086968140662
139.62,-1.20870351872739
139.63,-1.20871020724686
139.64,-1.2087168798248
139.65,-1.20872353669161
139.66,-1.20873017774768
139.67,-1.20873680348284
139.68,-1.20874341267835
139.69,-1.20874999556293
139.7,-1.20875651165639
139.71,-1.20876293578847
139.72,-1.20876926836459
139.73,-1.2087755016515
139.74,-1.20878164120881
139.75,-1.2087876797803
139.76,-1.20879362326087
139.77,-1.20879946590041
139.78,-1.2088052152272
139.79,-1.20881087031848
139.8,-1.2088164547714
139.81,-1.20882197064832
139.82,-1.20882742622604
139.83,-1.20883281634549
139.84,-1.20883815247394
139.85,-1.20884343598018
139.86,-1.20884865618215
139.87,-1.20885381819621
139.88,-1.2088589166809
139.89,-1.20886397308343
139.9,-1.20886902759613
139.91,-1.2088740972809
139.92,-1.20887918730972
139.93,-1.20888429356401
139.94,-1.20888940399839
139.95,-1.20889452802046
139.96,-1.20889967083589
139.97,-1.20890483421957
139.98,-1.20891001881425
139.99,-1.20891521954221
140,-1.20879845579261
140.01,-1.2088036513073
140.02,-1.20880885317628
140.03,-1.20881405202795
140.04,-1.20881924081882
140.05,-1.20882441675582
140.06,-1.20882958500601
140.07,-1.20883475937232
140.08,-1.20883993147544
140.09,-1.2088451104601
140.1,-1.20885034432274
140.11,-1.2088556499176
140.12,-1.20886102131614
140.13,-1.20886646972716
140.14,-1.20887200080304
140.15,-1.20887761580425
140.16,-1.20888330949773
140.17,-1.20888906961383
140.18,-1.20889490562563
140.19,-1.20890080740242
140.2,-1.20890672585352
140.21,-1.20891263973303
140.22,-1.20891854233084
140.23,-1.20892443164731
140.24,-1.2089303064943
140.25,-1.20893616818493
140.26,-1.20894201578073
140.27,-1.20894784964727
140.28,-1.20895367015402
140.29,-1.20895946225057
140.3,-1.20896517628583
140.31,-1.20897079010104
140.32,-1.20897629779854
140.33,-1.20898169807163
140.34,-1.2089869906541
140.35,-1.2089921759409
140.36,-1.2089972540605
140.37,-1.20900222624087
140.38,-1.20900709234483
140.39,-1.20901185285479
140.4,-1.20901650863398
140.41,-1.20902105437334
140.42,-1.20902547958082
140.43,-1.20902979274581
140.44,-1.20903399902214
140.45,-1.20903810054327
140.46,-1.20904209304627
140.47,-1.2090459653417
140.48,-1.20904972668515
140.49,-1.20905339749774
140.5,-1.20905702882224
140.51,-1.2090606435811
140.52,-1.20906424811417
140.53,-1.20906784435151
140.54,-1.20907142771814
140.55,-1.2090749870404
140.56,-1.20907853162307
140.57,-1.20908206611707
140.58,-1.20908559245561
140.59,-1.20908911091335
140.6,-1.20909262157608
140.61,-1.20909612496689
140.62,-1.20909962085539
140.63,-1.20910310894232
140.64,-1.20910658949648
140.65,-1.20911006263193
140.66,-1.20911352833659
140.67,-1.20911698654298
140.68,-1.20912043756514
140.69,-1.20912388616136
140.7,-1.20912734844482
140.71,-1.20913083619406
140.72,-1.20913436269772
140.73,-1.20913791998427
140.74,-1.20914150319844
140.75,-1.20914511049688
140.76,-1.20914874615567
140.77,-1.20915242128247
140.78,-1.20915612736384
140.79,-1.20915985376418
140.8,-1.20916357777061
140.81,-1.209167280564
140.82,-1.20917096491912
140.83,-1.20917462435349
140.84,-1.20917826803842
140.85,-1.20918189625966
140.86,-1.20918549960694
140.87,-1.20918908329068
140.88,-1.20919264179844
140.89,-1.20919618514442
140.9,-1.20919971922126
140.91,-1.20920324514019
140.92,-1.20920676318124
140.93,-1.20921027359277
140.94,-1.20921377692767
140.95,-1.20921727333091
140.96,-1.20922076211117
140.97,-1.20922424359469
140.98,-1.20922771780216
140.99,-1.20923118458967
141,-1.20914142130373
141.01,-1.20914486876117
141.02,-1.20914829365924
141.03,-1.20915170459784
141.04,-1.20915510650848
141.05,-1.20915850037121
141.06,-1.20916188168039
141.07,-1.20916523950216
141.08,-1.20916858348375
141.09,-1.20917191406845
141.1,-1.20917521190966
141.11,-1.20917845890304
141.12,-1.20918165717521
141.13,-1.20918480036649
141.14,-1.20918789886079
141.15,-1.20919095332858
141.16,-1.20919395431124
141.17,-1.20919690632429
141.18,-1.20919980405799
141.19,-1.20920265302425
141.2,-1.20920544290404
141.21,-1.20920817307422
141.22,-1.20921085321362
141.23,-1.20921347409253
141.24,-1.20921603047986
141.25,-1.20921852104162
141.26,-1.20922095064797
141.27,-1.20922333045461
141.28,-1.20922565188842
141.29,-1.20922790533948
141.3,-1.20923007334331
141.31,-1.20923214852104
141.32,-1.20923412895429
141.33,-1.2092360143848
141.34,-1.20923780496682
141.35,-1.20923950105162
141.36,-1.20924110255331
141.37,-1.20924260959957
141.38,-1.20924402249955
141.39,-1.20924535090463
141.4,-1.20924663109049
141.41,-1.20924788829559
141.42,-1.20924911797144
141.43,-1.20925032086004
141.44,-1.20925150676292
141.45,-1.20925266690485
141.46,-1.20925379626748
141.47,-1.20925489800686
141.48,-1.20925598273657
141.49,-1.20925705601302
141.5,-1.20925815975917
141.51,-1.20925931352701
141.52,-1.20926052289083
141.53,-1.20926178934051
141.54,-1.2092631177378
141.55,-1.20926451921501
141.56,-1.20926598510847
141.57,-1.20926751014691
141.58,-1.20926909274786
141.59,-1.20927072758786
141.6,-1.20927239422866
141.61,-1.20927407471702
141.62,-1.20927577535462
141.63,-1.20927749593152
141.64,-1.20927922716573
141.65,-1.20928097775855
141.66,-1.20928275267805
141.67,-1.20928454870382
141.68,-1.20928635545986
141.69,-1.20928818170386
141.7,-1.2092900370207
141.71,-1.20929193347196
141.72,-1.20929386751064
141.73,-1.20929584506948
141.74,-1.20929785607768
141.75,-1.20929989969731
141.76,-1.20930198509255
141.77,-1.20930410799481
141.78,-1.20930627405434
141.79,-1.20930849189698
141.8,-1.20931081340937
141.81,-1.2093132537499
141.82,-1.20931582867317
141.83,-1.20931854013427
141.84,-1.20932137906225
141.85,-1.20932435421354
141.86,-1.209327470432
141.87,-1.2093307240581
141.88,-1.20933410415644
141.89,-1.20933759091901
141.9,-1.20934110114039
141.91,-1.2093446056094
141.92,-1.20934808892597
141.93,-1.20935155392036
141.94,-1.20935499043103
141.95,-1.20935839780839
141.96,-1.20936178488568
141.97,-1.20936514730645
141.98,-1.20936849062252
141.99,-1.20937180494474
142,-1.20931525586296
142.01,-1.20931849518595
142.02,-1.20932168296248
142.03,-1.20932482761956
142.04,-1.20932793423614
142.05,-1.20933100430438
142.06,-1.20933403396423
142.07,-1.20933701270202
142.08,-1.20933994914061
142.09,-1.20934285306677
142.1,-1.20934574102785
142.11,-1.20934861535726
142.12,-1.20935146739927
142.13,-1.20935430692979
142.14,-1.20935713890477
142.15,-1.20935996477073
142.16,-1.20936278017148
142.17,-1.20936557443382
142.18,-1.20936835614417
142.19,-1.20937113027602
142.2,-1.20937389351384
142.21,-1.20937663586713
142.22,-1.2093793658363
142.23,-1.20938208832332
142.24,-1.20938480022909
142.25,-1.20938749140265
142.26,-1.2093901704514
142.27,-1.20939283758123
142.28,-1.20939548377851
142.29,-1.209398108686
142.3,-1.20940068221514
142.31,-1.20940318188518
142.32,-1.20940560815477
142.33,-1.20940795452877
142.34,-1.20941023058659
142.35,-1.2094124371546
142.36,-1.2094145654128
142.37,-1.2094166194523
142.38,-1.20941859403122
142.39,-1.20942050388237
142.4,-1.2094223693708
142.41,-1.20942420353017
142.42,-1.20942601947093
142.43,-1.20942780930191
142.44,-1.20942956816958
142.45,-1.20943129478604
142.46,-1.20943299358842
142.47,-1.2094346749471
142.48,-1.20943633061224
142.49,-1.20943792865017
142.5,-1.20943937314373
142.51,-1.2094406131472
142.52,-1.20944164578329
142.53,-1.20944246843531
142.54,-1.20944307144723
142.55,-1.20944346356173
142.56,-1.20944365002615
142.57,-1.20944362786551
142.58,-1.20944338722286
142.59,-1.20944299599737
142.6,-1.20944265422946
142.61,-1.20944245041576
142.62,-1.209442409663
142.63,-1.20944254321902
142.64,-1.20944286337084
142.65,-1.20944336212183
142.66,-1.20944403470429
142.67,-1.20944487962862
142.68,-1.20944589613728
142.69,-1.20944708809267
142.7,-1.20944847477224
142.71,-1.20945007295356
142.72,-1.20945187580488
142.73,-1.20945387869849
142.74,-1.20945608424366
142.75,-1.20945850214306
142.76,-1.20946112343347
142.77,-1.20946394751049
142.78,-1.2094669832106
142.79,-1.20947019408251
142.8,-1.20947348520798
142.81,-1.20947681932172
142.82,-1.2094801947862
142.83,-1.20948359993452
142.84,-1.20948702887228
142.85,-1.2094904800031
142.86,-1.20949395729999
142.87,-1.20949747099667
142.88,-1.20950101307345
142.89,-1.20950457412228
142.9,-1.2095081421827
142.91,-1.20951172490906
142.92,-1.20951532224128
142.93,-1.20951892065671
142.94,-1.20952251854666
142.95,-1.20952612472055
142.96,-1.20952973487726
142.97,-1.20953335891675
142.98,-1.20953699783669
142.99,-1.20954062924049
143,-1.20949368518257
143.01,-1.20949721015756
143.02,-1.20950065808307
143.03,-1.20950403608655
143.04,-1.20950734889222
143.05,-1.20951059804622
143.06,-1.20951377969504
143.07,-1.20951688378199
143.08,-1.20951991852838
143.09,-1.20952288892876
143.1,-1.20952579626521
143.11,-1.20952864115907
143.12,-1.20953142415026
143.13,-1.20953414100476
143.14,-1.20953678155132
143.15,-1.20953935418324
143.16,-1.20954186377884
143.17,-1.20954431176961
143.18,-1.20954669856989
143.19,-1.20954901999614
143.2,-1.20955126620219
143.21,-1.20955344094827
143.22,-1.20955553885854
143.23,-1.20955756504326
143.24,-1.20955951023544
143.25,-1.20956137410661
143.26,-1.2095631654833
143.27,-1.20956488031432
143.28,-1.20956652411769
143.29,-1.20956808777254
143.3,-1.20956956636592
143.31,-1.20957095859641
143.32,-1.20957226426879
143.33,-1.20957348351861
143.34,-1.20957461636542
143.35,-1.20957566311109
143.36,-1.20957662380509
143.37,-1.20957749874304
143.38,-1.20957828792413
143.39,-1.20957899164722
143.4,-1.20957961028534
143.41,-1.20958014347885
143.42,-1.20958059129246
143.43,-1.20958095398566
143.44,-1.20958123191814
143.45,-1.20958142546483
143.46,-1.20958153475802
143.47,-1.20958155956814
143.48,-1.20958149965094
143.49,-1.2095813420042
143.5,-1.20958104341701
143.51,-1.20958058914347
143.52,-1.20957998428227
143.53,-1.20957921940117
143.54,-1.20957828940958
143.55,-1.20957719302461
143.56,-1.20957593452414
143.57,-1.20957452377916
143.58,-1.20957295281023
143.59,-1.20957125224165
143.6,-1.20956953209939
143.61,-1.20956783372679
143.62,-1.20956618006165
143.63,-1.20956457963733
143.64,-1.2095630306183
143.65,-1.20956152374842
143.66,-1.20956006716462
143.67,-1.20955866090224
143.68,-1.20955729627837
143.69,-1.2095560080405
143.7,-1.20955489213341
143.71,-1.20955399895434
143.72,-1.20955333165974
143.73,-1.20955288863995
143.74,-1.20955267355002
143.75,-1.20955269618794
143.76,-1.20955294819494
143.77,-1.20955342873593
143.78,-1.20955414647057
143.79,-1.20955509250318
143.8,-1.20955626600022
143.81,-1.20955767523694
143.82,-1.20955931161539
143.83,-1.20956117007883
143.84,-1.20956325304059
143.85,-1.20956556922671
143.86,-1.20956810983938
143.87,-1.20957087435468
143.88,-1.20957387106992
143.89,-1.20957704277364
143.9,-1.20958022153358
143.91,-1.20958332075459
143.92,-1.20958631802287
143.93,-1.20958921572816
143.94,-1.20959200845643
143.95,-1.20959470569235
143.96,-1.20959730822164
143.97,-1.20959980335269
143.98,-1.20960218981781
143.99,-1.20960446298156
144,-1.2095317912789
144.01,-1.2095336934747
144.02,-1.20953539487025
144.03,-1.20953689428101
144.04,-1.20953818293118
144.05,-1.20953926932293
144.06,-1.20954015850788
144.07,-1.20954084788645
144.08,-1.20954132822647
144.09,-1.20954166860209
144.1,-1.20954207824509
144.11,-1.20954265769373
144.12,-1.2095434290444
144.13,-1.20954440467195
144.14,-1.20954557725078
144.15,-1.20954694618504
144.16,-1.20954851978509
144.17,-1.20955029377164
144.18,-1.2095522730636
144.19,-1.20955443518754
144.2,-1.20955673204301
144.21,-1.20955914269888
144.22,-1.20956166086204
144.23,-1.20956428441041
144.24,-1.20956701693754
144.25,-1.20956986807626
144.26,-1.20957282949067
144.27,-1.20957589636654
144.28,-1.2095790672226
144.29,-1.20958232843861
144.3,-1.2095856372035
144.31,-1.2095889744557
144.32,-1.20959233434375
144.33,-1.20959571489974
144.34,-1.20959911615941
144.35,-1.20960253820962
144.36,-1.20960598085764
144.37,-1.20960944388755
144.38,-1.20961292724043
144.39,-1.20961642648082
144.4,-1.20961992781652
144.41,-1.20962342469349
144.42,-1.2096269152466
144.43,-1.2096303988571
144.44,-1.20963387955764
144.45,-1.20963736724545
144.46,-1.20964085421031
144.47,-1.20964433593131
144.48,-1.20964781130629
144.49,-1.20965128003177
144.5,-1.20965474185602
144.51,-1.20965819664322
144.52,-1.20966164461442
144.53,-1.20966508574397
144.54,-1.20966851982111
144.55,-1.20967194703374
144.56,-1.20967536711979
144.57,-1.20967878048722
144.58,-1.20968218723493
144.59,-1.20968558729488
144.6,-1.20968898069561
144.61,-1.20969236728709
144.62,-1.20969574695422
144.63,-1.20969911975841
144.64,-1.20970248579895
144.65,-1.20970584522918
144.66,-1.20970919799092
144.67,-1.20971254443592
144.68,-1.20971588416836
144.69,-1.2097192171486
144.7,-1.20972254356498
144.71,-1.20972586329371
144.72,-1.20972917641602
144.73,-1.20973248300153
144.74,-1.20973578301578
144.75,-1.20973907652158
144.76,-1.20974236372659
144.77,-1.20974564465051
144.78,-1.20974891908498
144.79,-1.20975218706684
144.8,-1.20975544856642
144.81,-1.20975870369449
144.82,-1.20976195261091
144.83,-1.20976519515823
144.84,-1.20976843119213
144.85,-1.20977166087504
144.86,-1.2097748841311
144.87,-1.20977810123914
144.88,-1.2097813121321
144.89,-1.20978451664038
144.9,-1.20978771492614
144.91,-1.20979090696137
144.92,-1.20979409270993
144.93,-1.20979727233891
144.94,-1.20980044561789
144.95,-1.20980361273724
144.96,-1.20980677366494
144.97,-1.20980992845487
144.98,-1.20981307708655
144.99,-1.2098162196385
145,-1.20977639145654
145.01,-1.20977952168634
145.02,-1.20978264582542
145.03,-1.2097857638338
145.04,-1.20978887590425
145.05,-1.20979198180046
145.06,-1.20979508161928
145.07,-1.20979817548764
145.08,-1.20980126331365
145.09,-1.20980434496177
145.1,-1.20980742055759
145.11,-1.2098104902971
145.12,-1.2098135544075
145.13,-1.20981661266123
145.14,-1.20981966509417
145.15,-1.20982271187222
145.16,-1.20982575277927
145.17,-1.20982878766583
145.18,-1.20983181652507
145.19,-1.20983483939619
145.2,-1.20983785649803
145.21,-1.20984086774064
145.22,-1.20984387317277
145.23,-1.2098468687284
145.24,-1.20984984533785
145.25,-1.2098528104608
145.26,-1.20985576816449
145.27,-1.20985871981131
145.28,-1.20986166567659
145.29,-1.2098645937297
145.3,-1.20986746824633
145.31,-1.20987028094474
145.32,-1.20987301960507
145.33,-1.20987567862243
145.34,-1.20987826065436
145.35,-1.2098807745951
145.36,-1.20988321320877
145.37,-1.20988557643581
145.38,-1.20988787255037
145.39,-1.20989010212304
145.4,-1.2098922874755
145.41,-1.20989443919938
145.42,-1.2098965603289
145.43,-1.20989865590078
145.44,-1.20990073541909
145.45,-1.20990279161498
145.46,-1.20990482022603
145.47,-1.20990682011797
145.48,-1.20990879113615
145.49,-1.2099107014077
145.5,-1.20991244201597
145.51,-1.20991395700543
145.52,-1.20991523686396
145.53,-1.20991627326115
145.54,-1.2099170740847
145.55,-1.2099176399332
145.56,-1.20991796322165
145.57,-1.20991804786959
145.58,-1.20991788937119
145.59,-1.20991752833032
145.6,-1.20991707444197
145.61,-1.20991657589804
145.62,-1.2099160465137
145.63,-1.20991549041489
145.64,-1.20991491267504
145.65,-1.2099143226233
145.66,-1.20991371316575
145.67,-1.20991308021235
145.68,-1.20991242258464
145.69,-1.2099117478612
145.7,-1.20991108225509
145.71,-1.20991044151843
145.72,-1.20990983795653
145.73,-1.20990926522427
145.74,-1.20990871940637
145.75,-1.20990819945557
145.76,-1.20990770899687
145.77,-1.20990725710374
145.78,-1.20990683642931
145.79,-1.20990645467457
145.8,-1.20990615388269
145.81,-1.20990596035109
145.82,-1.20990587561936
145.83,-1.2099059060481
145.84,-1.20990604330008
145.85,-1.20990628667424
145.86,-1.20990664400363
145.87,-1.20990711154308
145.88,-1.20990769400064
145.89,-1.20990837074176
145.9,-1.20990910176997
145.91,-1.2099098771399
145.92,-1.20991068413141
145.93,-1.209911517068
145.94,-1.20991237838701
145.95,-1.20991327663011
145.96,-1.20991420418765
145.97,-1.20991516102184
145.98,-1.20991615489253
145.99,-1.2099171939872
146,-1.20980254871911
146.01,-1.2098037788338
146.02,-1.20980512401788
146.03,-1.20980658610535
146.04,-1.2098081576461
146.05,-1.20980984631761
146.06,-1.20981165605483
146.07,-1.20981358381954
146.08,-1.20981562058059
146.09,-1.20981776157107
146.1,-1.20981997558507
146.11,-1.20982225535013
146.12,-1.20982459264686
146.13,-1.20982699087837
146.14,-1.20982944110345
146.15,-1.20983194260623
146.16,-1.20983450303268
146.17,-1.2098371184878
146.18,-1.20983979381861
146.19,-1.20984251246493
146.2,-1.20984524395685
146.21,-1.20984797545158
146.22,-1.20985070326883
146.23,-1.2098534263915
146.24,-1.2098561446147
146.25,-1.20985885773725
146.26,-1.20986156580076
146.27,-1.2098642689076
146.28,-1.20986696696919
146.29,-1.20986965222885
146.3,-1.20987230306033
146.31,-1.20987491703013
146.32,-1.20987748777474
146.33,-1.20988001926951
146.34,-1.20988250281977
146.35,-1.20988493782309
146.36,-1.20988733222088
146.37,-1.20988968261006
146.38,-1.20989199366757
146.39,-1.20989426118756
146.4,-1.20989648985852
146.41,-1.2098986713457
146.42,-1.20990080531065
146.43,-1.20990289944092
146.44,-1.20990495032062
146.45,-1.20990696669603
146.46,-1.20990894937113
146.47,-1.20991088709919
146.48,-1.20991277843333
146.49,-1.20991463061228
146.5,-1.20991644005416
146.51,-1.20991821156552
146.52,-1.20991993708601
146.53,-1.20992161236965
146.54,-1.20992324009804
146.55,-1.20992482879526
146.56,-1.20992637142409
146.57,-1.20992786786047
146.58,-1.20992932599826
146.59,-1.2099307385057
146.6,-1.20993210520133
146.61,-1.20993343384737
146.62,-1.20993471719187
146.63,-1.20993595118744
146.64,-1.20993713856139
146.65,-1.2099382878254
146.66,-1.20993939202084
146.67,-1.20994045088989
146.68,-1.20994147219861
146.69,-1.20994245253043
146.7,-1.20994340037723
146.71,-1.20994431649174
146.72,-1.20994519349212
146.73,-1.20994603875826
146.74,-1.20994685650347
146.75,-1.2099476479721
146.76,-1.20994840973101
146.77,-1.20994913306964
146.78,-1.20994982507832
146.79,-1.20995049742362
146.8,-1.20995117665751
146.81,-1.20995187421809
146.82,-1.20995259333673
146.83,-1.20995333493882
146.84,-1.20995410316032
146.85,-1.20995490681197
146.86,-1.20995573886082
146.87,-1.2099565951823
146.88,-1.20995747472412
146.89,-1.20995837710938
146.9,-1.20995929830711
146.91,-1.20996022949045
146.92,-1.20996117757827
146.93,-1.20996214649533
146.94,-1.20996313363239
146.95,-1.20996413057
146.96,-1.20996514429092
146.97,-1.20996617491955
146.98,-1.20996721491978
146.99,-1.20996826772156
147,-1.20992456551181
147.01,-1.20992563886712
147.02,-1.20992672018373
147.03,-1.20992781378538
147.04,-1.20992891160557
147.05,-1.20993001305369
147.06,-1.20993112558173
147.07,-1.20993224569154
147.08,-1.20993337795931
147.09,-1.20993451431336
147.1,-1.20993565043077
147.11,-1.20993678123978
147.12,-1.209937897691
147.13,-1.20993900660315
147.14,-1.2099401119877
147.15,-1.20994121494834
147.16,-1.2099423120954
147.17,-1.20994339480751
147.18,-1.20994447008828
147.19,-1.20994554199019
147.2,-1.20994661155864
147.21,-1.20994768287885
147.22,-1.20994876473467
147.23,-1.20994985021275
147.24,-1.20995093538798
147.25,-1.20995201908553
147.26,-1.20995310477285
147.27,-1.20995420106571
147.28,-1.20995530099011
147.29,-1.2099563892096
147.3,-1.20995742745535
147.31,-1.20995839512199
147.32,-1.20995927881114
147.33,-1.20996008418984
147.34,-1.20996081495168
147.35,-1.20996147231645
147.36,-1.20996205291429
147.37,-1.20996254826266
147.38,-1.20996296536179
147.39,-1.20996327453443
147.4,-1.20996336560366
147.41,-1.20996318931477
147.42,-1.20996273188819
147.43,-1.20996198573262
147.44,-1.20996094137406
147.45,-1.20995960543137
147.46,-1.20995798179916
147.47,-1.20995607157614
147.48,-1.20995387516272
147.49,-1.20995142636744
147.5,-1.20994883693092
147.51,-1.20994615673393
147.52,-1.20994339989868
147.53,-1.20994057426329
147.54,-1.20993768961826
147.55,-1.20993473939252
147.56,-1.20993171971645
147.57,-1.20992862946086
147.58,-1.20992546823321
147.59,-1.20992220192511
147.6,-1.20991872173609
147.61,-1.20991498589578
147.62,-1.20991097289169
147.63,-1.20990667428903
147.64,-1.20990209111965
147.65,-1.20989723105108
147.66,-1.2098920862738
147.67,-1.20988665616095
147.68,-1.20988094773541
147.69,-1.20987496054905
147.7,-1.2098687150369
147.71,-1.20986222458873
147.72,-1.20985549984824
147.73,-1.20984853482023
147.74,-1.20984132455139
147.75,-1.2098338669068
147.76,-1.20982616460442
147.77,-1.20981822576222
147.78,-1.20981004264639
147.79,-1.20980168756713
147.8,-1.20979341483131
147.81,-1.20978534275705
147.82,-1.20977751401595
147.83,-1.20976993135404
147.84,-1.20976259394428
147.85,-1.20975550268619
147.86,-1.20974866192022
147.87,-1.20974208096524
147.88,-1.20973575381993
147.89,-1.20972965726074
147.9,-1.20972372181319
147.91,-1.20971790939751
147.92,-1.20971221557545
147.93,-1.20970663303907
147.94,-1.20970116994675
147.95,-1.20969582674371
147.96,-1.20969059557922
147.97,-1.20968548084079
147.98,-1.20968047768722
147.99,-1.20967555082893
148,-1.20963920096733
148.01,-1.20963406886433
148.02,-1.20962878321096
148.03,-1.2096233332744
148.04,-1.20961772213184
148.05,-1.20961194431362
148.06,-1.20960600384333
148.07,-1.20959989568526
148.08,-1.20959362480683
148.09,-1.20958716541313
148.1,-1.2095804600469
148.11,-1.20957348306197
148.12,-1.20956622655272
148.13,-1.209558683594
148.14,-1.20955084414905
148.15,-1.20954271413218
148.16,-1.20953429630338
148.17,-1.2095255919174
148.18,-1.20951659942898
148.19,-1.20950732225411
148.2,-1.20949777725317
148.21,-1.20948797888966
148.22,-1.20947792012354
148.23,-1.20946759631448
148.24,-1.2094570083477
148.25,-1.2094461656193
148.26,-1.20943505880609
148.27,-1.20942368754323
148.28,-1.20941205817067
148.29,-1.20940019408527
148.3,-1.209388199516
148.31,-1.20937611885562
148.32,-1.20936395491386
148.33,-1.20935171892246
148.34,-1.209339416067
148.35,-1.20932704683807
148.36,-1.20931460871782
148.37,-1.2093020913234
148.38,-1.20928950195405
148.39,-1.20927684895382
148.4,-1.20926414414267
148.41,-1.2092513838195
148.42,-1.20923857354877
148.43,-1.20922570760463
148.44,-1.20921279553075
148.45,-1.20919983793318
148.46,-1.20918682698226
148.47,-1.20917376581231
148.48,-1.20916064888446
148.49,-1.20914748524477
148.5,-1.20913428442494
148.51,-1.20912105815103
148.52,-1.20910780261466
148.53,-1.20909452323102
148.54,-1.20908121071224
148.55,-1.20906786514921
148.56,-1.20905449503792
148.57,-1.2090410958977
148.58,-1.20902767358189
148.59,-1.20901420696248
148.6,-1.2090006412868
148.61,-1.20898694451383
148.62,-1.20897311934541
148.63,-1.20895916345668
148.64,-1.20894506780424
148.65,-1.20893083971944
148.66,-1.20891648317153
148.67,-1.2089019941728
148.68,-1.20888736365946
148.69,-1.20887262121268
148.7,-1.20885784969523
148.71,-1.2088430940687
148.72,-1.2088283605856
148.73,-1.20881365783022
148.74,-1.20879897857431
148.75,-1.20878432155254
148.76,-1.20876969721246
148.77,-1.20875509999843
148.78,-1.20874053624923
148.79,-1.20872601158903
148.8,-1.20871156418726
148.81,-1.20869721546157
148.82,-1.20868297183175
148.83,-1.20866883470508
148.84,-1.2086548095111
148.85,-1.2086409067519
148.86,-1.20862711961291
148.87,-1.20861344329444
148.88,-1.20859987845149
148.89,-1.20858641516459
148.9,-1.20857302314507
148.91,-1.20855968839489
148.92,-1.20854640874689
148.93,-1.20853318356474
148.94,-1.20852001119318
148.95,-1.20850689180635
148.96,-1.20849382568116
148.97,-1.20848081275061
148.98,-1.20846785590084
148.99,-1.208454968147
149,-1.20849244666265
149.01,-1.20847981220357
149.02,-1.2084673221365
149.03,-1.20845497955574
149.04,-1.20844278483788
149.05,-1.20843073932418
149.06,-1.20841884306603
149.07,-1.20840709609744
149.08,-1.20839549954634
149.09,-1.20838403395124
149.1,-1.20837263220256
149.11,-1.20836125536261
149.12,-1.2083499038617
149.13,-1.20833857532409
149.14,-1.20832725957919
149.15,-1.20831596584492
149.16,-1.20830470074482
149.17,-1.20829345980647
149.18,-1.20828223134811
149.19,-1.2082709869957
149.2,-1.20825960269167
149.21,-1.20824801717819
149.22,-1.20823620252229
149.23,-1.20822416232103
149.24,-1.20821189960341
149.25,-1.208199416592
149.26,-1.20818670686899
149.27,-1.20817375816921
149.28,-1.20816057916018
149.29,-1.2081472189209
149.3,-1.20813382944054
149.31,-1.20812048926725
149.32,-1.20810721280535
149.33,-1.20809401217138
149.34,-1.20808087973072
149.35,-1.2080678162684
149.36,-1.20805483092111
149.37,-1.2080419189287
149.38,-1.20802908755314
149.39,-1.20801635435451
149.4,-1.20800382060419
149.41,-1.20799154895847
149.42,-1.20797955156625
149.43,-1.20796781746393
149.44,-1.20795634745373
149.45,-1.20794515225696
149.46,-1.20793422784975
149.47,-1.20792358663734
149.48,-1.2079132300499
149.49,-1.20790310768429
149.5,-1.20789309115543
149.51,-1.20788311375518
149.52,-1.20787316423284
149.53,-1.20786323185871
149.54,-1.20785332699245
149.55,-1.20784344976292
149.56,-1.20783358964924
149.57,-1.20782375114658
149.58,-1.20781392839973
149.59,-1.20780407630893
149.6,-1.20779401514212
149.61,-1.20778366122789
149.62,-1.20777299085419
149.63,-1.20776199665601
149.64,-1.20775067637388
149.65,-1.20773902862406
149.66,-1.20772705249344
149.67,-1.20771474788247
149.68,-1.20770211306867
149.69,-1.20768916325075
149.7,-1.20767594897423
149.71,-1.20766248734093
149.72,-1.2076487723223
149.73,-1.20763481498355
149.74,-1.20762061991448
149.75,-1.20760618894511
149.76,-1.20759151716977
149.77,-1.20757659070796
149.78,-1.20756141959176
149.79,-1.20754622457772
149.8,-1.20753172142316
149.81,-1.20751823417372
149.82,-1.2075058560462
149.83,-1.20749461550856
149.84,-1.20748452239649
149.85,-1.20747558021929
149.86,-1.20746779082351
149.87,-1.20746115568411
149.88,-1.20745567428302
149.89,-1.20745133645614
149.9,-1.20744810651112
149.91,-1.20744596804482
149.92,-1.20744491571424
149.93,-1.20744494115974
149.94,-1.20744602992164
149.95,-1.2074481892629
149.96,-1.20745142220381
149.97,-1.207455727374
149.98,-1.20746110181203
149.99,-1.20746737275268
150,-1.20765327249083
150.01,-1.20765996114559
150.02,-1.20766666156617
150.03,-1.20767335430481
150.04,-1.20768003314868
150.05,-1.20768669682757
150.06,-1.20769334446734
150.07,-1.20769997615804
150.08,-1.20770659354791
150.09,-1.20771319622537
150.1,-1.20771978406156
150.11,-1.207726354774
150.12,-1.20773290877912
150.13,-1.20773944720196
150.14,-1.20774597068887
150.15,-1.2077524793433
150.16,-1.20775897290347
150.17,-1.2077654512522
150.18,-1.20777191436562
150.19,-1.20777836237379
150.2,-1.20778479513186
150.21,-1.20779121189478
150.22,-1.20779761320423
150.23,-1.20780400053989
150.24,-1.20781037295728
150.25,-1.2078167290238
150.26,-1.20782306882271
150.27,-1.20782939432951
150.28,-1.20783570579408
150.29,-1.20784200297734
150.3,-1.20784828567939
150.31,-1.20785455402032
150.32,-1.20786080810342
150.33,-1.20786704807287
150.34,-1.20787327370996
150.35,-1.2078794846717
150.36,-1.20788568074027
150.37,-1.20789186190993
150.38,-1.20789802887742
150.39,-1.20790418176552
150.4,-1.20791031947603
150.41,-1.20791644139523
150.42,-1.20792254851079
150.43,-1.20792864305907
150.44,-1.2079347251832
150.45,-1.20794079384921
150.46,-1.20794684865104
150.47,-1.20795288974224
150.48,-1.2079589164647
150.49,-1.20796492802036
150.5,-1.20797092508139
150.51,-1.20797690804541
150.52,-1.20798287722013
150.53,-1.207988832459
150.54,-1.20799477396321
150.55,-1.20800070114865
150.56,-1.20800661407922
150.57,-1.20801251330115
150.58,-1.20801839914932
150.59,-1.2080242710889
150.6,-1.20803012907005
150.61,-1.20803597338598
150.62,-1.20804180411276
150.63,-1.20804762125063
150.64,-1.20805342498587
150.65,-1.20805921526084
150.66,-1.20806499227429
150.67,-1.20807075609615
150.68,-1.20807650687733
150.69,-1.20808224460169
150.7,-1.20808796929919
150.71,-1.20809368219235
150.72,-1.20809938388872
150.73,-1.20810507484165
150.74,-1.20811075328694
150.75,-1.20811641779708
150.76,-1.20812206879104
150.77,-1.20812770773363
150.78,-1.20813333434039
150.79,-1.2081389481339
150.8,-1.20814454931318
150.81,-1.20815013736962
150.82,-1.20815571278674
150.83,-1.20816127581481
150.84,-1.20816682606186
150.85,-1.20817236295202
150.86,-1.20817788680251
150.87,-1.2081833987892
150.88,-1.20818889838963
150.89,-1.20819438475209
150.9,-1.20819985821923
150.91,-1.20820531961954
150.92,-1.20821076885397
150.93,-1.20821620552583
150.94,-1.20822162963044
150.95,-1.20822704057531
150.96,-1.20823243954189
150.97,-1.20823782620447
150.98,-1.20824320044129
150.99,-1.20824856187273
151,-1.20813134143941
151.01,-1.20813667891152
151.02,-1.20814200419471
151.03,-1.20814731747292
151.04,-1.20815261859304
151.05,-1.2081579078514
151.06,-1.2081631862917
151.07,-1.20816845320358
151.08,-1.20817370852865
151.09,-1.20817895227693
151.1,-1.20818418424937
151.11,-1.20818940430381
151.12,-1.20819461258965
151.13,-1.20819980925169
151.14,-1.20820499441443
151.15,-1.2082101680459
151.16,-1.2082153298134
151.17,-1.20822048037451
151.18,-1.20822561894417
151.19,-1.20823074471759
151.2,-1.20823585838053
151.21,-1.20824096186506
151.22,-1.20824605511432
151.23,-1.20825113748107
151.24,-1.20825620913203
151.25,-1.20826126985525
151.26,-1.20826631946991
151.27,-1.20827135764343
151.28,-1.20827638432007
151.29,-1.20828139988072
151.3,-1.20828640407307
151.31,-1.20829139723157
151.32,-1.20829637954004
151.33,-1.20830135162161
151.34,-1.2083063132298
151.35,-1.20831126337955
151.36,-1.20831620239461
151.37,-1.20832113076692
151.38,-1.20832604829115
151.39,-1.2083309548482
151.4,-1.20833585067449
151.41,-1.20834073571672
151.42,-1.20834560978526
151.43,-1.20835047307164
151.44,-1.20835532557114
151.45,-1.20836016742737
151.46,-1.20836499874878
151.47,-1.20836981959237
151.48,-1.20837462992764
151.49,-1.20837942977075
151.5,-1.20838421913614
151.51,-1.20838899818912
151.52,-1.20839376714229
151.53,-1.20839852585876
151.54,-1.20840327406961
151.55,-1.20840801180677
151.56,-1.20841273919003
151.57,-1.20841745619214
151.58,-1.20842216299416
151.59,-1.20842685955013
151.6,-1.20843154593354
151.61,-1.2084362221049
151.62,-1.20844088804192
151.63,-1.20844554379903
151.64,-1.2084501894079
151.65,-1.20845482510372
151.66,-1.20845945055403
151.67,-1.20846406570605
151.68,-1.20846867133423
151.69,-1.20847326735964
151.7,-1.20847785384322
151.71,-1.20848243069489
151.72,-1.20848699789176
151.73,-1.20849155522583
151.74,-1.20849610259885
151.75,-1.20850064028825
151.76,-1.20850516813094
151.77,-1.2085096861612
151.78,-1.20851419453973
151.79,-1.20851869323606
151.8,-1.20852318229933
151.81,-1.20852766160756
151.82,-1.20853213091816
151.83,-1.20853659047379
151.84,-1.20854104039493
151.85,-1.20854548084921
151.86,-1.20854991176218
151.87,-1.20855433323973
151.88,-1.20855874547514
151.89,-1.20856314841345
151.9,-1.20856754209015
151.91,-1.20857192633465
151.92,-1.20857630083136
151.93,-1.20858066575549
151.94,-1.20858502127994
151.95,-1.20858936705779
151.96,-1.20859370370236
151.97,-1.20859803104776
151.98,-1.208602349424
151.99,-1.20860665862984
152,-1.20855293980233
152.01,-1.20855723090198
152.02,-1.20856151298969
152.03,-1.20856578590418
152.04,-1.20857004959615
152.05,-1.20857430412927
152.06,-1.20857854965034
152.07,-1.20858278608062
152.08,-1.20858701348488
152.09,-1.20859123209228
152.1,-1.20859543731848
152.11,-1.208599618658
152.12,-1.20860378446055
152.13,-1.20860793545595
152.14,-1.20861206239051
152.15,-1.20861617382729
152.16,-1.20862027475978
152.17,-1.20862436196669
152.18,-1.20862842556489
152.19,-1.20863247380198
152.2,-1.20863651603099
152.21,-1.20864056402949
152.22,-1.20864460990347
152.23,-1.2086486490695
152.24,-1.20865268497285
152.25,-1.20865672740941
152.26,-1.20866076798395
152.27,-1.20866480659033
152.28,-1.20866885211469
152.29,-1.20867289599522
152.3,-1.20867693331863
152.31,-1.20868096276757
152.32,-1.20868498368403
152.33,-1.20868899594415
152.34,-1.20869299994351
152.35,-1.20869699594811
152.36,-1.20870098386434
152.37,-1.20870496362092
152.38,-1.20870893530692
152.39,-1.2087128810248
152.4,-1.20871674239389
152.41,-1.20872049328207
152.42,-1.2087241265239
152.43,-1.20872764047578
152.44,-1.20873103957221
152.45,-1.20873433412072
152.46,-1.20873751628415
152.47,-1.20874058168424
152.48,-1.20874352942031
152.49,-1.20874636372366
152.5,-1.20874910381514
152.51,-1.20875176651062
152.52,-1.20875434577244
152.53,-1.20875684203142
152.54,-1.2087592645463
152.55,-1.20876160510208
152.56,-1.20876385905224
152.57,-1.20876602943322
152.58,-1.20876812623744
152.59,-1.20877016350472
152.6,-1.20877220926542
152.61,-1.20877429053253
152.62,-1.20877640599023
152.63,-1.2087785656718
152.64,-1.20878077472613
152.65,-1.20878303462057
152.66,-1.20878534099768
152.67,-1.20878768384168
152.68,-1.20879007126104
152.69,-1.2087924902379
152.7,-1.20879488451262
152.71,-1.20879722875721
152.72,-1.20879951580348
152.73,-1.20880173922083
152.74,-1.20880388869096
152.75,-1.20880597221261
152.76,-1.20880799441744
152.77,-1.20880995674797
152.78,-1.20881185974591
152.79,-1.208813681939
152.8,-1.20881535611442
152.81,-1.20881686052219
152.82,-1.20881817850205
152.83,-1.20881930757361
152.84,-1.20882025602711
152.85,-1.20882101568735
152.86,-1.20882158212295
152.87,-1.20882195860971
152.88,-1.20882215515458
152.89,-1.20882218111423
152.9,-1.20882208496983
152.91,-1.20882188136022
152.92,-1.20882158109383
152.93,-1.20882118089299
152.94,-1.20882069034803
152.95,-1.20882011049563
152.96,-1.2088194331887
152.97,-1.20881866241819
152.98,-1.20881779291457
152.99,-1.20881683803136
153,-1.20878181254654
153.01,-1.20878075232764
153.02,-1.20877964293222
153.03,-1.20877848033386
153.04,-1.20877726788625
153.05,-1.20877601523925
153.06,-1.20877471436867
153.07,-1.20877336509886
153.08,-1.20877197613856
153.09,-1.20877056963068
153.1,-1.20876924139371
153.11,-1.20876803488326
153.12,-1.20876696235592
153.13,-1.20876603148675
153.14,-1.20876525335572
153.15,-1.20876462001962
153.16,-1.20876412683585
153.17,-1.20876377246135
153.18,-1.20876355617006
153.19,-1.20876346899432
153.2,-1.208763486366
153.21,-1.20876360534488
153.22,-1.20876381442826
153.23,-1.20876410772197
153.24,-1.20876448777704
153.25,-1.2087649641055
153.26,-1.2087655284941
153.27,-1.20876618049943
153.28,-1.20876692856054
153.29,-1.20876775129232
153.3,-1.20876860090142
153.31,-1.20876945680261
153.32,-1.20877031331255
153.33,-1.20877116877632
153.34,-1.20877202264651
153.35,-1.20877287473996
153.36,-1.20877372486151
153.37,-1.20877457297797
153.38,-1.20877541944698
153.39,-1.2087762466762
153.4,-1.20877700190087
153.41,-1.20877766963989
153.42,-1.20877823924065
153.43,-1.20877871418076
153.44,-1.20877908499849
153.45,-1.20877935103031
153.46,-1.208779520861
153.47,-1.20877959068814
153.48,-1.20877956584488
153.49,-1.20877941996946
153.5,-1.20877908676526
153.51,-1.20877852962947
153.52,-1.20877774471308
153.53,-1.20877672039705
153.54,-1.20877545560786
153.55,-1.20877396314408
153.56,-1.20877224458909
153.57,-1.20877029172573
153.58,-1.20876810863253
153.59,-1.20876574670663
153.6,-1.20876340099913
153.61,-1.2087611595067
153.62,-1.20875904734645
153.63,-1.20875707151985
153.64,-1.20875523398319
153.65,-1.20875353529194
153.66,-1.20875197539004
153.67,-1.20875055432368
153.68,-1.20874927213081
153.69,-1.208748124396
153.7,-1.20874710100489
153.71,-1.2087462052787
153.72,-1.20874542737565
153.73,-1.20874476215586
153.74,-1.20874421238668
153.75,-1.20874378749713
153.76,-1.20874347932221
153.77,-1.20874328740481
153.78,-1.20874322034446
153.79,-1.20874326531062
153.8,-1.20874339880884
153.81,-1.20874360300418
153.82,-1.20874387912923
153.83,-1.20874421668248
153.84,-1.20874461473875
153.85,-1.20874508590704
153.86,-1.20874563176244
153.87,-1.20874624398088
153.88,-1.20874692638573
153.89,-1.20874763905253
153.9,-1.20874827251096
153.91,-1.20874877079258
153.92,-1.20874912892939
153.93,-1.20874934794421
153.94,-1.20874942383181
153.95,-1.20874934694283
153.96,-1.20874912550605
153.97,-1.20874875989228
153.98,-1.20874824171537
153.99,-1.2087475490088
154,-1.20877328862447
154.01,-1.20877201794504
154.02,-1.20877043663572
154.03,-1.20876853349772
154.04,-1.20876630310489
154.05,-1.20876374405114
154.06,-1.20876086007538
154.07,-1.20875766122196
154.08,-1.20875413928447
154.09,-1.20875035030192
154.1,-1.20874648908765
154.11,-1.20874263511757
154.12,-1.20873882186334
154.13,-1.20873505680842
154.14,-1.20873133344616
154.15,-1.20872766055582
154.16,-1.20872404299064
154.17,-1.208720477724
154.18,-1.20871695528132
154.19,-1.20871347479096
154.2,-1.20871001656728
154.21,-1.20870657946535
154.22,-1.20870315186718
154.23,-1.20869972839058
154.24,-1.2086963117309
154.25,-1.20869291160022
154.26,-1.20868951987175
154.27,-1.208686136387
154.28,-1.20868276946895
154.29,-1.20867943742584
154.3,-1.20867621762893
154.31,-1.20867313796563
154.32,-1.20867021245259
154.33,-1.20866743837829
154.34,-1.20866482594537
154.35,-1.20866237618044
154.36,-1.20866008044162
154.37,-1.20865794273538
154.38,-1.20865595770598
154.39,-1.20865411696323
154.4,-1.20865236749427
154.41,-1.2086506804663
154.42,-1.20864903871624
154.43,-1.20864744833295
154.44,-1.20864591312605
154.45,-1.20864443424758
154.46,-1.20864300765874
154.47,-1.20864162334571
154.48,-1.20864028928992
154.49,-1.20863897050021
154.5,-1.20863753762493
154.51,-1.20863593276883
154.52,-1.20863413946461
154.53,-1.20863214869324
154.54,-1.20862994898993
154.55,-1.20862754806864
154.56,-1.20862495052986
154.57,-1.20862215758854
154.58,-1.20861916976309
154.59,-1.20861600934444
154.6,-1.20861275349357
154.61,-1.20860944482699
154.62,-1.20860608920717
154.63,-1.20860269465449
154.64,-1.20859925698735
154.65,-1.20859578150642
154.66,-1.20859226304936
154.67,-1.20858870680073
154.68,-1.20858510766737
154.69,-1.20858147065459
154.7,-1.20857778637649
154.71,-1.20857405406691
154.72,-1.20857028244812
154.73,-1.20856646299353
154.74,-1.20856259081076
154.75,-1.20855866450855
154.76,-1.20855468829628
154.77,-1.20855067229472
154.78,-1.20854660832481
154.79,-1.20854248269808
154.8,-1.2085382645746
154.81,-1.20853394043168
154.82,-1.20852950630774
154.83,-1.20852496109126
154.84,-1.20852030875863
154.85,-1.20851555948048
154.86,-1.20851070513062
154.87,-1.20850574092134
154.88,-1.2085006652884
154.89,-1.2084954866493
154.9,-1.20849023480221
154.91,-1.20848492261849
154.92,-1.20847955377008
154.93,-1.20847413364199
154.94,-1.20846867288104
154.95,-1.20846316354289
154.96,-1.20845760073863
154.97,-1.20845198289192
154.98,-1.20844630996184
154.99,-1.20844057247512
155,-1.20844063914358
155.01,-1.20843471894334
155.02,-1.20842869800187
155.03,-1.20842258072324
155.04,-1.2084163577403
155.05,-1.20841002782374
155.06,-1.2084035992513
155.07,-1.20839706841455
155.08,-1.20839044040987
155.09,-1.2083837235905
155.1,-1.20837697295221
155.11,-1.20837021373131
155.12,-1.20836345324468
155.13,-1.20835669368064
155.14,-1.2083499354987
155.15,-1.20834317892408
155.16,-1.20833642388152
155.17,-1.20832967072556
155.18,-1.20832291919633
155.19,-1.2083161695346
155.2,-1.20830942618543
155.21,-1.20830269958092
155.22,-1.20829598164845
155.23,-1.20828926749668
155.24,-1.20828256006679
155.25,-1.20827587020806
155.26,-1.20826918923197
155.27,-1.2082625167539
155.28,-1.20825586196474
155.29,-1.20824921130108
155.3,-1.20824254466948
155.31,-1.20823585371544
155.32,-1.20822913613033
155.33,-1.20822238663071
155.34,-1.20821559419254
155.35,-1.20820876729162
155.36,-1.20820191075795
155.37,-1.20819502614726
155.38,-1.20818811351425
155.39,-1.20818114043579
155.4,-1.20817400357368
155.41,-1.20816666444231
155.42,-1.20815910252843
155.43,-1.20815130647751
155.44,-1.20814327775782
155.45,-1.20813502746557
155.46,-1.20812654589372
155.47,-1.20811783212849
155.48,-1.20810889505233
155.49,-1.2080997543884
155.5,-1.20809050179247
155.51,-1.20808118855685
155.52,-1.20807181831118
155.53,-1.20806238863132
155.54,-1.20805290384551
155.55,-1.20804337446224
155.56,-1.20803379199105
155.57,-1.20802415536395
155.58,-1.20801447451729
155.59,-1.20800475085211
155.6,-1.20799500432654
155.61,-1.20798523668258
155.62,-1.20797545649744
155.63,-1.20796565755697
155.64,-1.2079558515485
155.65,-1.20794603881465
155.66,-1.20793620949279
155.67,-1.20792636840972
155.68,-1.20791650980939
155.69,-1.20790664398352
155.7,-1.20789677142168
155.71,-1.20788688246451
155.72,-1.20787698162941
155.73,-1.20786705897176
155.74,-1.20785711248589
155.75,-1.2078471568419
155.76,-1.20783719456828
155.77,-1.20782721639648
155.78,-1.20781722624844
155.79,-1.20780723791411
155.8,-1.20779732629387
155.81,-1.20778752199635
155.82,-1.20777782298512
155.83,-1.20776824109093
155.84,-1.20775878296135
155.85,-1.20774945092052
155.86,-1.20774024087488
155.87,-1.20773114186637
155.88,-1.20772216312198
155.89,-1.20771328476589
155.9,-1.20770443156695
155.91,-1.20769558056188
155.92,-1.20768671657275
155.93,-1.20767784262321
155.94,-1.20766894725265
155.95,-1.20766002924807
155.96,-1.20765109914038
155.97,-1.20764215268584
155.98,-1.2076331957874
155.99,-1.20762419675614
156,-1.20772932742827
156.01,-1.20772004957143
156.02,-1.2077106100146
156.03,-1.20770100850104
156.04,-1.20769123168273
156.05,-1.20768128874051
156.06,-1.20767118665624
156.07,-1.20766092058002
156.08,-1.20765047815726
156.09,-1.20763984825169
156.1,-1.20762897471601
156.11,-1.20761784037681
156.12,-1.20760643269872
156.13,-1.20759475462307
156.14,-1.20758279508648
156.15,-1.20757055183165
156.16,-1.20755803431377
156.17,-1.20754523669596
156.18,-1.20753216496419
156.19,-1.20751889901712
156.2,-1.20750573679197
156.21,-1.20749281313793
156.22,-1.20748016631679
156.23,-1.20746780406267
156.24,-1.20745571772309
156.25,-1.20744391916055
156.26,-1.20743241365221
156.27,-1.20742120432163
156.28,-1.20741029216444
156.29,-1.20739960026127
156.3,-1.20738887781405
156.31,-1.20737802236781
156.32,-1.20736699698855
156.33,-1.20735579789532
156.34,-1.20734441630878
156.35,-1.2073328578034
156.36,-1.20732111507561
156.37,-1.20730919406171
156.38,-1.20729708798314
156.39,-1.20728479208211
156.4,-1.20727225554377
156.41,-1.20725943767178
156.42,-1.20724633058979
156.43,-1.20723294106373
156.44,-1.20721926200456
156.45,-1.20720530494317
156.46,-1.20719107122204
156.47,-1.20717654290001
156.48,-1.20716171738717
156.49,-1.20714659903065
156.5,-1.20713115326931
156.51,-1.20711535355281
156.52,-1.20709920428325
156.53,-1.20708270406987
156.54,-1.20706584051436
156.55,-1.20704862204063
156.56,-1.20703105352682
156.57,-1.20701313050636
156.58,-1.20699483927494
156.59,-1.20697632911712
156.6,-1.20695806922058
156.61,-1.20694027191955
156.62,-1.20692299797432
156.63,-1.20690627185526
156.64,-1.20689011249432
156.65,-1.20687451320239
156.66,-1.20685947127918
156.67,-1.20684498632897
156.68,-1.206831059398
156.69,-1.20681770317766
156.7,-1.20680495501368
156.71,-1.20679282662779
156.72,-1.20678131124085
156.73,-1.20677042153476
156.74,-1.20676016427952
156.75,-1.20675054211378
156.76,-1.20674155091617
156.77,-1.20673317826186
156.78,-1.20672543515224
156.79,-1.2067182506304
156.8,-1.20671137102396
156.81,-1.20670468243029
156.82,-1.20669815286411
156.83,-1.2066917724535
156.84,-1.20668554420192
156.85,-1.20667948022905
156.86,-1.20667357067439
156.87,-1.20666780976324
156.88,-1.20666219491617
156.89,-1.20665670976715
156.9,-1.20665130407798
156.91,-1.20664596629762
156.92,-1.20664067927188
156.93,-1.20663543507902
156.94,-1.20663023699067
156.95,-1.20662509744028
156.96,-1.20662000580879
156.97,-1.20661496194874
156.98,-1.20660997686055
156.99,-1.20660523509976
157,-1.20668705940054
157.01,-1.20668436522093
157.02,-1.20668291809031
157.03,-1.20668273954129
157.04,-1.20668383378556
157.05,-1.2066862000925
157.06,-1.206689835716
157.07,-1.2066947370813
157.08,-1.2067008998883
157.09,-1.20670811967064
157.1,-1.20671573355407
157.11,-1.20672344556659
157.12,-1.20673117160703
157.13,-1.20673888793239
157.14,-1.20674658801142
157.15,-1.20675426915986
157.16,-1.20676193115543
157.17,-1.20676957392327
157.18,-1.20677719736227
157.19,-1.20678480137838
157.2,-1.20679238623331
157.21,-1.20679995194931
157.22,-1.20680749840864
157.23,-1.20681502598679
157.24,-1.20682253493093
157.25,-1.20683002488991
157.26,-1.20683749616232
157.27,-1.20684494896211
157.28,-1.20685238330048
157.29,-1.20685979868521
157.3,-1.20686719502899
157.31,-1.20687457306516
157.32,-1.20688193287447
157.33,-1.20688927418371
157.34,-1.20689659721386
157.35,-1.20690390204882
157.36,-1.20691118880319
157.37,-1.20691845747139
157.38,-1.20692570822373
157.39,-1.20693294106063
157.4,-1.20694015605786
157.41,-1.20694735303624
157.42,-1.20695453193639
157.43,-1.20696169311228
157.44,-1.20696883683933
157.45,-1.2069759634505
157.46,-1.20698307302042
157.47,-1.20699016565281
157.48,-1.20699724074276
157.49,-1.2070042873212
157.5,-1.207011275434
157.51,-1.20701820200893
157.52,-1.20702505821935
157.53,-1.20703185009298
157.54,-1.20703856600686
157.55,-1.20704520585261
157.56,-1.20705177972106
157.57,-1.20705828290449
157.58,-1.20706472213727
157.59,-1.20707109157804
157.6,-1.20707740321433
157.61,-1.20708365813711
157.62,-1.20708984613741
157.63,-1.20709597762155
157.64,-1.20710205880194
157.65,-1.20710809120142
157.66,-1.20711406987484
157.67,-1.20711998321392
157.68,-1.20712584110999
157.69,-1.20713165464668
157.7,-1.20713744268664
157.71,-1.20714321393384
157.72,-1.20714897094693
157.73,-1.20715471422609
157.74,-1.20716044429689
157.75,-1.2071661610371
157.76,-1.207171864906
157.77,-1.20717755547602
157.78,-1.20718323213433
157.79,-1.20718891204313
157.8,-1.20719464788798
157.81,-1.20720045779002
157.82,-1.20720633501704
157.83,-1.20721228931264
157.84,-1.20721832572922
157.85,-1.20722444684447
157.86,-1.20723064790116
157.87,-1.20723691696715
157.88,-1.20724326355131
157.89,-1.20724967726946
157.9,-1.20725610734859
157.91,-1.20726253091284
157.92,-1.20726894105191
157.93,-1.20727533692282
157.94,-1.20728171833803
157.95,-1.20728808368261
157.96,-1.20729443413593
157.97,-1.20730077096761
157.98,-1.20730709329047
157.99,-1.20731339539577
158,-1.20736511209616
158.01,-1.20737133306159
158.02,-1.20737750744375
158.03,-1.20738363463107
158.04,-1.20738971493908
158.05,-1.20739574872241
158.06,-1.20740173585464
158.07,-1.20740767696518
158.08,-1.2074135714427
158.09,-1.20741941853097
158.1,-1.2074252196594
158.11,-1.20743097967153
158.12,-1.20743671073204
158.13,-1.2074424034778
158.14,-1.20744805383174
158.15,-1.20745366041498
158.16,-1.20745922733304
158.17,-1.20746476540937
158.18,-1.20747026568447
158.19,-1.20747563683042
158.2,-1.20748059143615
158.21,-1.20748500749291
158.22,-1.20748886200711
158.23,-1.20749213708347
158.24,-1.20749482604313
158.25,-1.20749692801787
158.26,-1.20749844808625
158.27,-1.20749939834817
158.28,-1.20749977081878
158.29,-1.20749962229931
158.3,-1.2074991536292
158.31,-1.20749846005028
158.32,-1.20749757876235
158.33,-1.20749650801506
158.34,-1.20749524470776
158.35,-1.20749378822462
158.36,-1.20749214360221
158.37,-1.20749032258971
158.38,-1.20748831610225
158.39,-1.20748614946723
158.4,-1.20748392198996
158.41,-1.20748167796287
158.42,-1.20747943032622
158.43,-1.20747718289414
158.44,-1.20747493674415
158.45,-1.20747269210543
158.46,-1.20747044910163
158.47,-1.20746820764421
158.48,-1.20746596766964
158.49,-1.20746379042069
158.5,-1.20746187756853
158.51,-1.20746031923703
158.52,-1.20745914081521
158.53,-1.20745834933362
158.54,-1.20745795156532
158.55,-1.20745795948345
158.56,-1.20745836331585
158.57,-1.20745915702997
158.58,-1.20746033778457
158.59,-1.2074618992357
158.6,-1.20746381885986
158.61,-1.20746607625731
158.62,-1.20746867261568
158.63,-1.20747159539627
158.64,-1.20747484235019
158.65,-1.20747842823856
158.66,-1.20748235381204
158.67,-1.20748660759132
158.68,-1.20749119409867
158.69,-1.20749605573826
158.7,-1.2075010402928
158.71,-1.20750608958251
158.72,-1.20751117919037
158.73,-1.20751631030764
158.74,-1.20752147591571
158.75,-1.20752668134724
158.76,-1.20753192063114
158.77,-1.2075371988572
158.78,-1.20754251037367
158.79,-1.20754784575567
158.8,-1.20755314934564
158.81,-1.20755840477559
158.82,-1.20756359995741
158.83,-1.20756873953333
158.84,-1.20757381748406
158.85,-1.20757883914391
158.86,-1.20758380030808
158.87,-1.2075887080036
158.88,-1.20759355431195
158.89,-1.20759826012279
158.9,-1.20760253977197
158.91,-1.20760627596107
158.92,-1.20760942319966
158.93,-1.20761196729887
158.94,-1.20761390983342
158.95,-1.20761526218814
158.96,-1.20761601615396
158.97,-1.20761617257599
158.98,-1.20761574189904
158.99,-1.2076147453436
159,-1.20751682896781
159.01,-1.20751493622066
159.02,-1.2075126432212
159.03,-1.2075099446888
159.04,-1.20750683674479
159.05,-1.20750331859383
159.06,-1.20749939505918
159.07,-1.20749507779415
159.08,-1.20749035715066
159.09,-1.20748525783662
159.1,-1.20747987718399
159.11,-1.20747426379855
159.12,-1.20746844129106
159.13,-1.207462404985
159.14,-1.20745615129722
159.15,-1.20744967929694
159.16,-1.20744299251167
159.17,-1.20743610007759
159.18,-1.20742899325446
159.19,-1.20742173826674
159.2,-1.20741456605548
159.21,-1.20740757998391
159.22,-1.20740080996568
159.23,-1.20739427014547
159.24,-1.20738797488661
159.25,-1.20738191521575
159.26,-1.20737608637747
159.27,-1.20737048743049
159.28,-1.20736511808247
159.29,-1.20735994747616
159.3,-1.20735487528369
159.31,-1.20734985626125
159.32,-1.2073448778319
159.33,-1.20733993622312
159.34,-1.20733503019922
159.35,-1.20733016020995
159.36,-1.2073253264731
159.37,-1.20732052831489
159.38,-1.20731576535811
159.39,-1.20731103251918
159.4,-1.20730631392805
159.41,-1.20730160729056
159.42,-1.20729692192485
159.43,-1.2072922476533
159.44,-1.20728757816361
159.45,-1.2072829123228
159.46,-1.2072782545442
159.47,-1.20727361716504
159.48,-1.20726899084226
159.49,-1.20726436538084
159.5,-1.20725971692316
159.51,-1.20725502527394
159.52,-1.20725029239532
159.53,-1.20724550611914
159.54,-1.20724066524927
159.55,-1.20723578553233
159.56,-1.20723086886461
159.57,-1.20722590420865
159.58,-1.20722089716387
159.59,-1.20721584713344
159.6,-1.20721078736258
159.61,-1.20720574231966
159.62,-1.20720070628724
159.63,-1.2071956753681
159.64,-1.20719065384872
159.65,-1.20718565301423
159.66,-1.20718066349193
159.67,-1.20717568458387
159.68,-1.20717072664218
159.69,-1.20716575959072
159.7,-1.20716070407561
159.71,-1.20715551664379
159.72,-1.20715019711332
159.73,-1.20714474336136
159.74,-1.20713914432365
159.75,-1.20713340911219
159.76,-1.20712754322645
159.77,-1.20712154315804
159.78,-1.20711539764066
159.79,-1.20710908473163
159.8,-1.20710250723739
159.81,-1.2070956214027
159.82,-1.20708841327548
159.83,-1.20708087413395
159.84,-1.20707299074735
159.85,-1.20706477207035
159.86,-1.20705622303375
159.87,-1.20704734491687
159.88,-1.20703813763503
159.89,-1.20702865875158
159.9,-1.2070190971636
159.91,-1.20700953315801
159.92,-1.20699997915281
159.93,-1.20699045149982
159.94,-1.20698095736899
159.95,-1.20697149939145
159.96,-1.20696207245191
159.97,-1.20695266565291
159.98,-1.20694328892536
159.99,-1.20693394633854
160,-1.20690154799398
160.01,-1.20689225612709
160.02,-1.20688299422535
160.03,-1.20687376763113
160.04,-1.20686457229461
160.05,-1.20685539682493
160.06,-1.20684625116565
160.07,-1.20683713585053
160.08,-1.20682804026555
160.09,-1.20681896327054
160.1,-1.20680987086217
160.11,-1.20680073694264
160.12,-1.20679156098221
160.13,-1.20678233547896
160.14,-1.20677307202492
160.15,-1.20676377075531
160.16,-1.20675442127483
160.17,-1.20674502826633
160.18,-1.206735584777
160.19,-1.20672610266244
160.2,-1.20671658823268
160.21,-1.20670703733928
160.22,-1.20669743816843
160.23,-1.20668780064845
160.24,-1.20667813107609
160.25,-1.20666843045107
160.26,-1.20665869344135
160.27,-1.20664890912279
160.28,-1.20663908587088
160.29,-1.20662924095813
160.3,-1.20661940627074
160.31,-1.2066095855853
160.32,-1.2065997886161
160.33,-1.20659000961112
160.34,-1.2065802554697
160.35,-1.20657052015607
160.36,-1.20656080978259
160.37,-1.20655111761683
160.38,-1.20654145011171
160.39,-1.20653180187926
160.4,-1.20652218439009
160.41,-1.20651260927058
160.42,-1.20650309102484
160.43,-1.20649362007591
160.44,-1.20648419119158
160.45,-1.20647480241159
160.46,-1.20646545923084
160.47,-1.20645617427448
160.48,-1.2064469371797
160.49,-1.20643772009626
160.5,-1.20642844864283
160.51,-1.20641908986349
160.52,-1.20640963419369
160.53,-1.20640007877543
160.54,-1.20639042299441
160.55,-1.20638066600819
160.56,-1.20637080812947
160.57,-1.20636084901676
160.58,-1.20635078876416
160.59,-1.20634064403713
160.6,-1.20633046392453
160.61,-1.20632026028503
160.62,-1.20631004511375
160.63,-1.20629981306675
160.64,-1.20628957690439
160.65,-1.20627933749955
160.66,-1.20626908351105
160.67,-1.20625882079444
160.68,-1.20624854202446
160.69,-1.20623825963677
160.7,-1.20622797977925
160.71,-1.20621770440636
160.72,-1.20620743382894
160.73,-1.20619716837107
160.74,-1.20618690214456
160.75,-1.20617662268736
160.76,-1.20616634035404
160.77,-1.20615606063482
160.78,-1.20614578575505
160.79,-1.20613553877224
160.8,-1.2061253944816
160.81,-1.20611538087999
160.82,-1.20610549535741
160.83,-1.20609575043272
160.84,-1.20608615295356
160.85,-1.2060767050077
160.86,-1.20606740208564
160.87,-1.2060582314319
160.88,-1.20604920312833
160.89,-1.20604049464794
160.9,-1.20603267379064
160.91,-1.20602599430516
160.92,-1.20602052810915
160.93,-1.2060162892303
160.94,-1.20601326942845
160.95,-1.20601147999931
160.96,-1.20601092569376
160.97,-1.20601160593617
160.98,-1.20601351869107
160.99,-1.20601654720296
161,-1.2061094199419
161.01,-1.20611372615471
161.02,-1.20611853463977
161.03,-1.20612382307971
161.04,-1.2061295982768
161.05,-1.20613585808837
161.06,-1.20614258912397
161.07,-1.20614979488465
161.08,-1.2061574668911
161.09,-1.20616553046693
161.1,-1.2061737100136
161.11,-1.20618188157984
161.12,-1.20619000984346
161.13,-1.2061980798447
161.14,-1.20620607571343
161.15,-1.20621400719244
161.16,-1.20622188037351
161.17,-1.20622969708934
161.18,-1.20623745782484
161.19,-1.20624514630706
161.2,-1.20625271253363
161.21,-1.20626014516459
161.22,-1.20626742739431
161.23,-1.20627455197793
161.24,-1.20628152297771
161.25,-1.2062883534884
161.26,-1.20629503327219
161.27,-1.20630156254442
161.28,-1.20630795268811
161.29,-1.20631420448511
161.3,-1.20632034362991
161.31,-1.20632637279461
161.32,-1.2063323011667
161.33,-1.20633812318418
161.34,-1.20634385161937
161.35,-1.20634948735297
161.36,-1.20635501982482
161.37,-1.20636045434971
161.38,-1.2063657848606
161.39,-1.20637104539593
161.4,-1.2063763157307
161.41,-1.2063816303524
161.42,-1.20638699882946
161.43,-1.20639242352719
161.44,-1.20639790543669
161.45,-1.20640344485049
161.46,-1.20640904175926
161.47,-1.2064146954954
161.48,-1.20642040552373
161.49,-1.20642613308819
161.5,-1.20643175128454
161.51,-1.20643720904148
161.52,-1.2064425035348
161.53,-1.2064476206152
161.54,-1.20645255381681
161.55,-1.20645730157602
161.56,-1.20646186948944
161.57,-1.20646627056192
161.58,-1.20647049548135
161.59,-1.20647451119239
161.6,-1.20647822610458
161.61,-1.20648160014215
161.62,-1.2064846226824
161.63,-1.20648729122664
161.64,-1.20648960566156
161.65,-1.20649156670358
161.66,-1.20649317497321
161.67,-1.20649443108716
161.68,-1.20649533570404
161.69,-1.20649595518582
161.7,-1.2064965120321
161.71,-1.20649711578841
161.72,-1.20649778943684
161.73,-1.2064985476006
161.74,-1.20649938619251
161.75,-1.20650031193114
161.76,-1.20650131830708
161.77,-1.20650241141173
161.78,-1.20650358508986
161.79,-1.20650481812827
161.8,-1.20650600863935
161.81,-1.20650711019569
161.82,-1.20650810976206
161.83,-1.20650899825286
161.84,-1.20650976231127
161.85,-1.20651041193502
161.86,-1.20651095302351
161.87,-1.20651138733719
161.88,-1.20651171541546
161.89,-1.20651201931763
161.9,-1.20651257384048
161.91,-1.20651351171902
161.92,-1.20651485680104
161.93,-1.20651661212934
161.94,-1.2065187832534
161.95,-1.20652138206109
161.96,-1.20652439802671
161.97,-1.20652782981864
161.98,-1.20653168709155
161.99,-1.20653593647722
162,-1.20646648616266
162.01,-1.20647132743788
162.02,-1.2064764365039
162.03,-1.20648181019109
162.04,-1.20648744720161
162.05,-1.20649334598736
162.06,-1.20649950529095
162.07,-1.20650592461984
162.08,-1.20651260322549
162.09,-1.20651949673412
162.1,-1.20652646786981
162.11,-1.20653346502865
162.12,-1.20654046013766
162.13,-1.20654744254605
162.14,-1.2065544144242
162.15,-1.20656138713208
162.16,-1.20656835061255
162.17,-1.20657530500509
162.18,-1.20658226068303
162.19,-1.20658920695149
162.2,-1.20659613804536
162.21,-1.2066030526699
162.22,-1.20660995071329
162.23,-1.20661683235254
162.24,-1.20662369714749
162.25,-1.20663054495509
162.26,-1.20663737599095
162.27,-1.20664419033455
162.28,-1.2066509881328
162.29,-1.20665776927096
162.3,-1.20666453422406
162.31,-1.20667128278678
162.32,-1.20667801492393
162.33,-1.20668473087712
162.34,-1.20669143048591
162.35,-1.20669811406234
162.36,-1.20670478190352
162.37,-1.206711433498
162.38,-1.20671806912749
162.39,-1.20672468946668
162.4,-1.20673129297571
162.41,-1.20673788004353
162.42,-1.20674445276013
162.43,-1.20675101105879
162.44,-1.2067575543198
162.45,-1.20676408258147
162.46,-1.2067705957564
162.47,-1.20677709339952
162.48,-1.20678357549076
162.49,-1.20679004182246
162.5,-1.20679649292249
162.51,-1.20680292872973
162.52,-1.20680934881364
162.53,-1.20681575379251
162.54,-1.20682214426465
162.55,-1.2068285198118
162.56,-1.20683487884818
162.57,-1.20684122211874
162.58,-1.20684755109118
162.59,-1.20685386631107
162.6,-1.20686016750993
162.61,-1.20686645427076
162.62,-1.20687272647815
162.63,-1.20687898412783
162.64,-1.20688522782435
162.65,-1.20689145695751
162.66,-1.20689767099248
162.67,-1.20690387024476
162.68,-1.20691005544927
162.69,-1.20691622633003
162.7,-1.20692238151424
162.71,-1.20692852114883
162.72,-1.20693464721122
162.73,-1.20694076069993
162.74,-1.2069468610214
162.75,-1.20695294764714
162.76,-1.20695902003401
162.77,-1.20696507825032
162.78,-1.20697112249718
162.79,-1.20697715232209
162.8,-1.2069831673771
162.81,-1.20698916757761
162.82,-1.20699515292545
162.83,-1.20700112424764
162.84,-1.20700708162645
162.85,-1.20701302524948
162.86,-1.2070189550124
162.87,-1.20702487111887
162.88,-1.20703077376034
162.89,-1.2070366632938
162.9,-1.20704253887081
162.91,-1.2070484010977
162.92,-1.20705424894988
162.93,-1.20706008319839
162.94,-1.20706590378583
162.95,-1.20707171053829
162.96,-1.20707750405965
162.97,-1.20708328433624
162.98,-1.20708905159766
162.99,-1.20709480556383
163,-1.20707133062672
163.01,-1.20707705901373
163.02,-1.20708277411907
163.03,-1.20708847714904
163.04,-1.20709416964011
163.05,-1.20709984979968
163.06,-1.20710551589445
163.07,-1.20711116935407
163.08,-1.20711681098154
163.09,-1.20712244000701
163.1,-1.20712805683703
163.11,-1.20713366087433
163.12,-1.20713925168113
163.13,-1.20714482959758
163.14,-1.20715039506336
163.15,-1.20715594764349
163.16,-1.20716148721611
163.17,-1.20716701417649
163.18,-1.2071725287695
163.19,-1.20717803005002
163.2,-1.20718351847662
163.21,-1.20718899475844
163.22,-1.20719445840314
163.23,-1.20719990944727
163.24,-1.20720534816743
163.25,-1.20721077481404
163.26,-1.20721618891199
163.27,-1.20722159045979
163.28,-1.2072269791472
163.29,-1.20723235556205
163.3,-1.20723771974582
163.31,-1.20724307170078
163.32,-1.20724841146852
163.33,-1.20725373891709
163.34,-1.20725905469878
163.35,-1.20726435900037
163.36,-1.20726965154705
163.37,-1.20727493267883
163.38,-1.20728020236604
163.39,-1.20728546025089
163.4,-1.20729070641352
163.41,-1.20729594073626
163.42,-1.20730116311121
163.43,-1.20730637396323
163.44,-1.20731157346748
163.45,-1.20731676171558
163.46,-1.20732193813782
163.47,-1.2073271030566
163.48,-1.20733225705445
163.49,-1.20733739889395
163.5,-1.20734252878838
163.51,-1.20734764740134
163.52,-1.20735275535114
163.53,-1.20735785227868
163.54,-1.20736293804817
163.55,-1.20736801245815
163.56,-1.20737307556464
163.57,-1.207378127473
163.58,-1.20738316836476
163.59,-1.207388198056
163.6,-1.20739321638712
163.61,-1.20739822356762
163.62,-1.20740321975221
163.63,-1.20740820498742
163.64,-1.2074131792262
163.65,-1.20741814225505
163.66,-1.20742309386968
163.67,-1.20742803495478
163.68,-1.20743296537186
163.69,-1.20743788527164
163.7,-1.20744279430479
163.71,-1.20744769267208
163.72,-1.20745258018906
163.73,-1.20745745670585
163.74,-1.20746232259963
163.75,-1.2074671779015
163.76,-1.2074720225173
163.77,-1.20747685624223
163.78,-1.20748167925894
163.79,-1.20748649180025
163.8,-1.20749129417457
163.81,-1.20749608578836
163.82,-1.20750086684007
163.83,-1.20750563779517
163.84,-1.20751039851724
163.85,-1.20751514889936
163.86,-1.20751988897849
163.87,-1.20752461875896
163.88,-1.20752933827185
163.89,-1.20753404750431
163.9,-1.20753874625998
163.91,-1.20754343469708
163.92,-1.20754811299559
163.93,-1.20755278118087
163.94,-1.20755743908698
163.95,-1.20756208687148
163.96,-1.20756672445643
163.97,-1.20757135174509
163.98,-1.20757596962347
163.99,-1.20758057811998
164,-1.20747345851993
164.01,-1.20747804732869
164.02,-1.20748262623292
164.03,-1.20748719534209
164.04,-1.20749175473897
164.05,-1.20749630428561
164.06,-1.20750084380558
164.07,-1.2075053735494
164.08,-1.207509893635
164.09,-1.20751440404104
164.1,-1.20751890461317
164.11,-1.20752339543097
164.12,-1.20752787662714
164.13,-1.20753234802756
164.14,-1.20753680971545
164.15,-1.20754126186221
164.16,-1.20754570435312
164.17,-1.20755013714791
164.18,-1.20755456055229
164.19,-1.20755897458587
164.2,-1.20756337910255
164.21,-1.20756777433094
164.22,-1.20757216010908
164.23,-1.20757653629728
164.24,-1.20758090315102
164.25,-1.20758526052126
164.26,-1.20758960832737
164.27,-1.20759394659706
164.28,-1.20759827559729
164.29,-1.20760259561799
164.3,-1.2076069063928
164.31,-1.20761120802966
164.32,-1.20761550075823
164.33,-1.20761978446558
164.34,-1.20762405904622
164.35,-1.20762832442396
164.36,-1.20763258092599
164.37,-1.20763682855786
164.38,-1.20764106721631
164.39,-1.20764529659941
164.4,-1.20764951710384
164.41,-1.20765372894261
164.42,-1.20765793205629
164.43,-1.20766212632318
164.44,-1.20766631218029
164.45,-1.20767048909322
164.46,-1.20767465723733
164.47,-1.20767881639419
164.48,-1.20768296679172
164.49,-1.20768710826347
164.5,-1.20769124104135
164.51,-1.20769536495285
164.52,-1.20769948025879
164.53,-1.20770358678722
164.54,-1.20770768479167
164.55,-1.20771177448511
164.56,-1.2077158554379
164.57,-1.20771992776832
164.58,-1.20772399184847
164.59,-1.20772804752512
164.6,-1.20773209481536
164.61,-1.20773613358054
164.62,-1.20774016405972
164.63,-1.20774418599053
164.64,-1.20774819941494
164.65,-1.20775220460175
164.66,-1.20775620137088
164.67,-1.20776018957817
164.68,-1.20776416952158
164.69,-1.20776814125984
164.7,-1.20777210471328
164.71,-1.207776059772
164.72,-1.20778000650928
164.73,-1.20778394510187
164.74,-1.20778787555284
164.75,-1.20779179787744
164.76,-1.20779571209582
164.77,-1.20779961825447
164.78,-1.20780351646968
164.79,-1.20780740674357
164.8,-1.20781128902306
164.81,-1.2078151633318
164.82,-1.20781902951133
164.83,-1.2078228875685
164.84,-1.20782673774094
164.85,-1.20783057996426
164.86,-1.20783441409864
164.87,-1.20783824008247
164.88,-1.20784205850786
164.89,-1.20784586899483
164.9,-1.20784967152979
164.91,-1.20785346634384
164.92,-1.20785725368373
164.93,-1.20786103330989
164.94,-1.20786480518773
164.95,-1.2078685692439
164.96,-1.20787232552142
164.97,-1.20787607411859
164.98,-1.20787981495813
164.99,-1.20788354805195
165,-1.20780320549256
165.01,-1.20780692332938
165.02,-1.2078106335969
165.03,-1.20781433622647
165.04,-1.20781803125284
165.05,-1.20782171898377
165.06,-1.20782539917224
165.07,-1.20782907194597
165.08,-1.20783273744305
165.09,-1.20783639548429
165.1,-1.20784004599767
165.11,-1.20784368898932
165.12,-1.20784732468277
165.13,-1.20785095301423
165.14,-1.20785457424032
165.15,-1.20785818803567
165.16,-1.20786179426093
165.17,-1.20786539298869
165.18,-1.20786898434449
165.19,-1.20787256865423
165.2,-1.2078761460394
165.21,-1.20787971635336
165.22,-1.20788327957825
165.23,-1.20788683564677
165.24,-1.20789038437026
165.25,-1.20789392591965
165.26,-1.20789746053957
165.27,-1.20790098793628
165.28,-1.20790450812484
165.29,-1.2079080212351
165.3,-1.20791152728066
165.31,-1.20791502637099
165.32,-1.20791851847558
165.33,-1.20792200348369
165.34,-1.20792548161951
165.35,-1.20792895254291
165.36,-1.20793241650763
165.37,-1.20793587354498
165.38,-1.2079393236168
165.39,-1.20794276677414
165.4,-1.20794620305005
165.41,-1.20794963262471
165.42,-1.2079530553606
165.43,-1.20795647116833
165.44,-1.20795988025703
165.45,-1.20796328275311
165.46,-1.20796667867063
165.47,-1.20797006784202
165.48,-1.2079734502907
165.49,-1.20797682577445
165.5,-1.207980194548
165.51,-1.20798355659131
165.52,-1.20798691211139
165.53,-1.20799026098782
165.54,-1.20799360317576
165.55,-1.20799693881994
165.56,-1.20800026784564
165.57,-1.20800359028416
165.58,-1.20800690617778
165.59,-1.20801021559776
165.6,-1.2080135184764
165.61,-1.20801681464457
165.62,-1.20802010426008
165.63,-1.20802338735192
165.64,-1.20802666403738
165.65,-1.20802993426797
165.66,-1.20803319808108
165.67,-1.20803645552036
165.68,-1.20803970666633
165.69,-1.2080429515439
165.7,-1.20804619015076
165.71,-1.20804942223582
165.72,-1.20805264772298
165.73,-1.20805586697219
165.74,-1.20805907997832
165.75,-1.20806228672144
165.76,-1.20806548702129
165.77,-1.20806868135969
165.78,-1.20807186953769
165.79,-1.20807505130351
165.8,-1.20807822686926
165.81,-1.20808139642808
165.82,-1.20808455974675
165.83,-1.20808771687458
165.84,-1.2080908679595
165.85,-1.20809401287026
165.86,-1.2080971515594
165.87,-1.20810028408443
165.88,-1.20810341058226
165.89,-1.20810653123294
165.9,-1.20810964586588
165.91,-1.20811275427355
165.92,-1.20811585646737
165.93,-1.20811895242494
165.94,-1.2081220423202
165.95,-1.20812512628055
165.96,-1.20812820436753
165.97,-1.20813127661641
165.98,-1.20813434284272
165.99,-1.20813740321816
166,-1.20806804668578
166.01,-1.20807109534488
166.02,-1.20807413800361
166.03,-1.20807717469212
166.04,-1.2080802055117
166.05,-1.20808323062577
166.06,-1.20808625014663
166.07,-1.2080892637788
166.08,-1.20809227150559
166.09,-1.20809527342719
166.1,-1.20809826959235
166.11,-1.20810126004323
166.12,-1.20810424473912
166.13,-1.20810722379881
166.14,-1.20811019726871
166.15,-1.20811316512596
166.16,-1.20811612733561
166.17,-1.20811908361404
166.18,-1.20812203410268
166.19,-1.20812497890024
166.2,-1.20812791820433
166.21,-1.20813085201237
166.22,-1.20813377999767
166.23,-1.20813670238924
166.24,-1.20813961933921
166.25,-1.20814253090867
166.26,-1.2081454371698
166.27,-1.20814833784948
166.28,-1.20815123289836
166.29,-1.2081541223984
166.3,-1.20815700637139
166.31,-1.20815988478476
166.32,-1.20816275761825
166.33,-1.20816562495227
166.34,-1.20816848692512
166.35,-1.20817134367646
166.36,-1.20817419496413
166.37,-1.20817704074331
166.38,-1.20817988104434
166.39,-1.20818271605169
166.4,-1.20818554598892
166.41,-1.20818837059856
166.42,-1.20819118982342
166.43,-1.20819400384055
166.44,-1.20819681250793
166.45,-1.20819961576946
166.46,-1.20820241361617
166.47,-1.20820520613144
166.48,-1.2082079933992
166.49,-1.20821077531979
166.5,-1.20821355209128
166.51,-1.2082163237336
166.52,-1.20821909026446
166.53,-1.20822185160027
166.54,-1.20822460769617
166.55,-1.20822735855493
166.56,-1.20823010441829
166.57,-1.20823284515084
166.58,-1.20823558083406
166.59,-1.20823831154872
166.6,-1.20824103721743
166.61,-1.20824375777897
166.62,-1.20824647324659
166.63,-1.20824918365934
166.64,-1.20825188912299
166.65,-1.20825458937086
166.66,-1.20825728461037
166.67,-1.20825997471943
166.68,-1.2082626596089
166.69,-1.20826533932582
166.7,-1.20826801403137
166.71,-1.20827068420241
166.72,-1.20827334976868
166.73,-1.20827601031547
166.74,-1.20827866596269
166.75,-1.2082813165746
166.76,-1.20828396222366
166.77,-1.2082866028612
166.78,-1.20828923859075
166.79,-1.20829186953291
166.8,-1.2082944957695
166.81,-1.20829711722862
166.82,-1.20829973391382
166.83,-1.20830234583431
166.84,-1.20830495289663
166.85,-1.20830755506797
166.86,-1.20831015241977
166.87,-1.20831274493394
166.88,-1.20831533277688
166.89,-1.20831791597283
166.9,-1.20832049438206
166.91,-1.20832306804218
166.92,-1.20832563699341
166.93,-1.20832820111011
166.94,-1.20833076050124
166.95,-1.20833331519039
166.96,-1.20833586527876
166.97,-1.20833841063555
166.98,-1.20834095125675
166.99,-1.20834348715135
167,-1.20831802154071
167.01,-1.20832054813339
167.02,-1.2083230702479
167.03,-1.20832558788296
167.04,-1.20832810085962
167.05,-1.20833060916136
167.06,-1.20833311288951
167.07,-1.20833561211073
167.08,-1.20833810685518
167.09,-1.20834059696536
167.1,-1.2083430827459
167.11,-1.20834556414799
167.12,-1.20834804106082
167.13,-1.2083505134303
167.14,-1.20835298127209
167.15,-1.20835544463004
167.16,-1.20835790341158
167.17,-1.20836035761895
167.18,-1.2083628073943
167.19,-1.20836525281669
167.2,-1.20836769381548
167.21,-1.20837013039912
167.22,-1.20837256262866
167.23,-1.20837499054662
167.24,-1.20837741402922
167.25,-1.20837983298969
167.26,-1.20838224757009
167.27,-1.20838465784036
167.28,-1.2083870637368
167.29,-1.20838946524986
167.3,-1.20839186264083
167.31,-1.20839425577019
167.32,-1.20839664452997
167.33,-1.20839902902671
167.34,-1.20840140923146
167.35,-1.20840378506915
167.36,-1.20840615658572
167.37,-1.20840852382409
167.38,-1.20841088687952
167.39,-1.20841324573283
167.4,-1.20841560038443
167.41,-1.20841795076905
167.42,-1.20842029695217
167.43,-1.20842263898136
167.44,-1.20842497683505
167.45,-1.20842731063885
167.46,-1.20842964027104
167.47,-1.20843196562551
167.48,-1.20843428674462
167.49,-1.20843660367182
167.5,-1.2084389166043
167.51,-1.2084412254028
167.52,-1.20844353005553
167.53,-1.20844583084115
167.54,-1.20844812760826
167.55,-1.20845042024217
167.56,-1.20845270882471
167.57,-1.20845499335475
167.58,-1.2084572737689
167.59,-1.20845954999505
167.6,-1.20846182199241
167.61,-1.2084640900032
167.62,-1.20846635404825
167.63,-1.20846861422963
167.64,-1.20847087039078
167.65,-1.20847312259668
167.66,-1.20847537079626
167.67,-1.20847761501351
167.68,-1.2084798552174
167.69,-1.20848209153012
167.7,-1.20848432394853
167.71,-1.20848655242579
167.72,-1.20848877685067
167.73,-1.20849099724166
167.74,-1.20849321363563
167.75,-1.20849542623428
167.76,-1.20849763507615
167.77,-1.20849983999732
167.78,-1.20850204108412
167.79,-1.20850423829144
167.8,-1.20850643165439
167.81,-1.20850862113788
167.82,-1.20851080672179
167.83,-1.20851298848299
167.84,-1.20851516643044
167.85,-1.20851734057741
167.86,-1.2085195109092
167.87,-1.20852167740827
167.88,-1.20852384017273
167.89,-1.20852599925761
167.9,-1.20852815465551
167.91,-1.20853030640324
167.92,-1.20853245442095
167.93,-1.20853459863112
167.94,-1.20853673890713
167.95,-1.20853887538116
167.96,-1.20854100811678
167.97,-1.20854313710024
167.98,-1.20854526237751
167.99,-1.20854738399482
168,-1.20851788320341
168.01,-1.20851999734531
168.02,-1.20852210777733
168.03,-1.20852421454271
168.04,-1.2085263177994
168.05,-1.20852841752762
168.06,-1.20853051353947
168.07,-1.20853260591234
168.08,-1.20853469479262
168.09,-1.20853678011093
168.1,-1.20853886192109
168.11,-1.20854094002157
168.12,-1.20854301425473
168.13,-1.208545084867
168.14,-1.20854715192425
168.15,-1.20854921554961
168.16,-1.2085512756931
168.17,-1.2085533321692
168.18,-1.20855538494683
168.19,-1.2085574343277
168.2,-1.20855948038509
168.21,-1.20856152310494
168.22,-1.20856356231862
168.23,-1.20856559794142
168.24,-1.20856763007964
168.25,-1.20856965869972
168.26,-1.20857168392222
168.27,-1.20857370564023
168.28,-1.20857572381764
168.29,-1.20857773844544
168.3,-1.20857974966832
168.31,-1.20858175743727
168.32,-1.20858376175625
168.33,-1.20858576266759
168.34,-1.20858776012324
168.35,-1.20858975408749
168.36,-1.20859174459055
168.37,-1.20859373166219
168.38,-1.20859571541786
168.39,-1.20859769592789
168.4,-1.20859967316179
168.41,-1.20860164707246
168.42,-1.20860361757644
168.43,-1.20860558475622
168.44,-1.20860754850652
168.45,-1.20860950878184
168.46,-1.20861146576798
168.47,-1.20861341962332
168.48,-1.20861537019127
168.49,-1.20861731748473
168.5,-1.20861926144967
168.51,-1.20862120217059
168.52,-1.2086231395858
168.53,-1.20862507369539
168.54,-1.20862700450913
168.55,-1.2086289320569
168.56,-1.20863085633096
168.57,-1.20863277733864
168.58,-1.20863469508167
168.59,-1.20863660965441
168.6,-1.20863852096899
168.61,-1.20864042897323
168.62,-1.20864233368548
168.63,-1.20864423528343
168.64,-1.20864613379485
168.65,-1.2086480291317
168.66,-1.20864992120715
168.67,-1.20865181004336
168.68,-1.2086536956862
168.69,-1.20865557818491
168.7,-1.20865745752784
168.71,-1.20865933366986
168.72,-1.20866120670951
168.73,-1.20866307670906
168.74,-1.20866494361384
168.75,-1.20866680731503
168.76,-1.20866866784133
168.77,-1.20867052526631
168.78,-1.20867237967813
168.79,-1.20867423112469
168.8,-1.20867607943997
168.81,-1.20867792450919
168.82,-1.20867976647915
168.83,-1.20868160553221
168.84,-1.20868344157127
168.85,-1.20868527450392
168.86,-1.20868710433863
168.87,-1.20868893110837
168.88,-1.20869075491942
168.89,-1.20869257570178
168.9,-1.20869439347248
168.91,-1.20869620823046
168.92,-1.20869802000195
168.93,-1.20869982873965
168.94,-1.20870163446095
168.95,-1.2087034370219
168.96,-1.20870523662294
168.97,-1.20870703325529
168.98,-1.2087088268388
168.99,-1.20871061741986
169,-1.20870335361305
169.01,-1.2087051383512
169.02,-1.2087069201353
169.03,-1.20870869894273
169.04,-1.20871047476996
169.05,-1.20871224779708
169.06,-1.20871401807771
169.07,-1.20871578541457
169.08,-1.20871754974105
169.09,-1.20871931115791
169.1,-1.2087210696682
169.11,-1.20872282517144
169.12,-1.20872457763355
169.13,-1.20872632721109
169.14,-1.20872807392731
169.15,-1.20872981771279
169.16,-1.20873155853976
169.17,-1.20873329645049
169.18,-1.20873503156683
169.19,-1.20873676393223
169.2,-1.20873849361755
169.21,-1.20874022049814
169.22,-1.20874194447056
169.23,-1.20874366554642
169.24,-1.20874538382662
169.25,-1.20874709923336
169.26,-1.20874881167587
169.27,-1.2087505213452
169.28,-1.20875222824767
169.29,-1.20875393242579
169.3,-1.20875563395181
169.31,-1.20875733274556
169.32,-1.20875902867746
169.33,-1.20876072174697
169.34,-1.20876241211004
169.35,-1.2087640996632
169.36,-1.20876578445732
169.37,-1.20876746660211
169.38,-1.20876914612176
169.39,-1.2087708227679
169.4,-1.20877249665891
169.41,-1.20877416770577
169.42,-1.20877583608246
169.43,-1.20877750189618
169.44,-1.2087791649458
169.45,-1.20878082524909
169.46,-1.20878248281275
169.47,-1.20878413762938
169.48,-1.20878578980144
169.49,-1.20878743937066
169.5,-1.20878908625716
169.51,-1.2087907304556
169.52,-1.20879237203511
169.53,-1.20879401102117
169.54,-1.20879564739007
169.55,-1.20879728107617
169.56,-1.2087989120527
169.57,-1.20880054045715
169.58,-1.20880216631739
169.59,-1.20880378956225
169.6,-1.20880541012207
169.61,-1.2088070280441
169.62,-1.20880864337768
169.63,-1.20881025620487
169.64,-1.20881186650237
169.65,-1.20881347419493
169.66,-1.20881507922878
169.67,-1.20881668171064
169.68,-1.20881828158802
169.69,-1.20881987879613
169.7,-1.20882147337946
169.71,-1.20882306538024
169.72,-1.20882465485098
169.73,-1.20882624173103
169.74,-1.2088278260283
169.75,-1.20882940778299
169.76,-1.20883098701894
169.77,-1.20883256377773
169.78,-1.20883413798199
169.79,-1.20883570960138
169.8,-1.20883727874608
169.81,-1.20883884534078
169.82,-1.20884040953869
169.83,-1.20884197127344
169.84,-1.20884353042443
169.85,-1.20884508713123
169.86,-1.20884664139022
169.87,-1.20884819316291
169.88,-1.2088497424467
169.89,-1.20885128923512
