Time,Vrms_1,Vrms_2
0.1,-5.4333868826973e-06,0.00856898029134533
0.11,-4.29827599269552e-06,0.00856898029134533
0.12,-3.39222115803018e-06,0.00856898029134533
0.13,-2.67339997348607e-06,0.00856898029134533
0.14,-2.10514795988486e-06,0.00856898029134533
0.15,-1.65686536255472e-06,0.00856898029134533
0.16,-1.30366124371286e-06,0.00856898029134533
0.17,-1.02557365661051e-06,0.00856898029134535
0.18,-8.06722473552385e-07,0.0171379605826907
0.19,-6.34533928357865e-07,0.0171379605826907
0.2,-4.99079519663519e-07,0.0171379605826907
0.21,-3.92532178463284e-07,0.0171379605826907
0.22,-3.08727442171877e-07,0.0171379605826907
0.23,-2.42812995192963e-07,0.0171379605826907
0.24,-1.90970645739973e-07,0.0171379605826907
0.25,-1.50196628024031e-07,0.0171379605826907
0.26,-1.18128066549658e-07,0.0171379605826907
0.27,1.62355191166591,0.017137960582703
0.28,1.62910525132571,2.23650385604112
0.29,1.61838847492809,2.23650385604113
0.3,-0.166747369755321,2.23650385604113
0.31,1.67341526464063,2.23650385604113
0.32,1.57785395350622,2.23650385604113
0.33,1.65772498085592,2.23650385604113
0.34,6.55102002164219,2.23650385604113
0.35,1.55362303772613,2.23650385604113
0.36,0.00713156100392616,2.23650385604113
0.37,1.57213758387432,2.23650385604113
0.38,-0.00748289411579027,2.50214224507284
0.39,0.00120999661488883,2.50214224507284
0.4,-0.00672323589338781,2.50214224507284
0.41,-0.00344981513613542,2.50214224507284
0.42,0.00841093591023925,2.50214224507284
0.43,0.00978181054375172,2.50214224507284
0.44,34.2045635195257,2.50214224507284
0.45,-1.67264459309524,2.50214224507284
0.46,-6.05144791757862,2.50214224507284
0.47,-1.67775881016665,2.50214224507284
0.48,-0.720826883964976,4.37874892887746
0.49,-6.83046763995908,4.37874892887746
0.5,-6.83406781596841,4.37874892887746
0.51,0.00882324641678592,4.37874892887746
0.52,0.0128060174924684,4.37874892887746
0.53,1.64661255817708,4.37874892887746
0.54,0.634751584579505,4.37874892887746
0.55,1.66047242376329,4.37874892887746
0.56,1.47741320131326,4.37874892887746
0.57,1.38152233732643,4.3787489288775
0.58,0.0027449793488894,7.59211653813196
0.59,0.00876910219680901,7.59211653813196
0.6,-1.68336022766157,7.59211653813196
0.61,23.5794774356008,7.59211653813196
0.62,1.86118506477424,7.59211653813196
0.63,-1.65696841809542,7.59211653813196
0.64,-0.00419778121378763,7.59211653813196
0.65,1.6604110880087,7.59211653813196
0.66,3.76437951474434,7.59211653813196
0.67,8.58588311657646,7.59211653813199
0.68,0.00127380866746613,10.5312767780634
0.69,-0.0340764040366456,10.5312767780634
0.7,0.577499653893214,10.5312767780634
0.71,1.33677005119974,10.5312767780634
0.72,-0.00386268815049059,10.5312767780634
0.73,3.52511275230242,10.5312767780634
0.74,8.57756937123851,10.5312767780634
0.75,1.64221217353637,10.5312767780634
0.76,0.0119330049866205,10.5312767780634
0.77,1.22708611984878,10.5312767780634
0.78,-0.287454469072051,13.5389888603256
0.79,0.725878450565225,13.5389888603256
0.8,1.65186046748829,13.5389888603256
0.81,-56.9676717666759,13.5389888603256
0.82,-3.41038640654665,13.5389888603256
0.83,-1.65071077053545,13.5389888603256
0.84,34.5167414800087,13.5389888603256
0.85,-1.64451000684854,13.5389888603256
0.86,-17.2272569349905,13.5389888603256
0.87,6.9400489721583,13.5389888603256
0.88,0.0226282736855965,16.0239931448158
0.89,49.7757000267142,16.0239931448158
0.9,21.6809932987256,16.0239931448158
0.91,0.106183345348107,16.0239931448158
0.92,1.61032369669655,16.0239931448158
0.93,5.33391105058957,16.0239931448158
0.94,0.0552931824932801,16.0239931448158
0.95,-6.75642001332093,16.0239931448158
0.96,-6.93115979207934,16.0239931448158
0.97,0.0165674420700032,16.0239931448158
0.98,1.70648977854895,17.8834618680377
0.99,1.32478424785661,17.8834618680377
1,1.61956257515849,17.8834618680377
1.01,55.3316695226614,17.8834618680377
1.02,1.59260128003,17.8834618680377
1.03,1.15356836585749,17.8834618680377
1.04,0.558792653018964,17.8834618680377
1.05,0.0624431192011519,17.8834618680377
1.06,-6.40407056859493,17.8834618680377
1.07,25.0114448543827,17.8834618680377
1.08,-1.7091077342314,19.5201371036846
1.09,1.45072574920618,19.5201371036847
1.1,-0.423601727451799,19.5201371036847
1.11,-0.242249316003841,19.5201371036847
1.12,55.6304879587543,19.5201371036847
1.13,-0.01867358286629,19.5201371036847
1.14,-0.0870321173996112,19.5201371036847
1.15,-0.363728060598587,19.5201371036847
1.16,-1.58629131198977,19.5201371036847
1.17,0.944390661901671,19.5201371036847
1.18,0.0142347988543679,21.2767780634105
1.19,-55.3809709856318,21.2767780634105
1.2,0.0681196436245552,21.2767780634105
1.21,-1.66901210798365,21.2767780634105
1.22,-0.117924015959018,21.2767780634105
1.23,-0.0125891744009245,21.2767780634105
1.24,-0.303381756384301,21.2767780634105
1.25,0.165588229104167,21.2767780634105
1.26,57.2306112517248,21.2767780634105
1.27,10.085767533502,21.2767780634105
1.28,-0.90015601677179,22.6221079691517
1.29,-50.2418984658361,22.6221079691517
1.3,-1.66990178887176,22.6221079691517
1.31,-5.54409509946908,22.6221079691517
1.32,-1.68527687311228,22.6221079691517
1.33,-34.5587621713224,22.6221079691517
1.34,-3.53218643729288,22.6221079691517
1.35,-0.0209442093884117,22.6221079691517
1.36,-5.2124692142996,22.6221079691517
1.37,1.63687222087493,22.6221079691517
1.38,6.11447872613371,24.5329905741217
1.39,-0.789361728657554,24.5329905741217
1.4,34.1548025430636,24.5329905741217
1.41,63.6027153380124,24.5329905741217
1.42,0.322841885674848,24.5329905741217
1.43,-0.399400887380812,24.5329905741217
1.44,-0.00302920327931903,24.5329905741217
1.45,62.9579828343744,24.5329905741217
1.46,-0.0297329396246784,24.5329905741217
1.47,5.01541001328232,24.5329905741217
1.48,-0.0797030180329038,25.5955441302485
1.49,1.78918537858869,25.5955441302485
1.5,47.4530273887859,25.5955441302485
1.51,-1.02587400572964,25.5955441302485
1.52,-1.96057146732643,25.5955441302485
1.53,9.10349257842943,25.5955441302485
1.54,0.859667427002507,25.5955441302485
1.55,-0.114291393227405,25.5955441302485
1.56,-8.99355046640441,25.5955441302485
1.57,0.180363632663076,25.5955441302485
1.58,-1.61449533213428,27.4807197943444
1.59,1.57561709516899,27.4807197943445
1.6,-35.3661562445608,27.4807197943445
1.61,0.243867845679046,27.4807197943445
1.62,61.2435888259666,27.4807197943445
1.63,0.409714559071053,27.4807197943445
1.64,0.310933265987129,27.4807197943445
1.65,-30.3807521050431,27.4807197943445
1.66,-1.74101838644471,27.4807197943445
1.67,0.169673559314701,27.4807197943445
1.68,-0.175422744929037,28.6718080548415
1.69,1.62320106151827,28.6718080548415
1.7,60.6074610300205,28.6718080548415
1.71,-0.656721358396951,28.6718080548415
1.72,7.97430992545442,28.6718080548415
1.73,1.14315640459979,28.6718080548415
1.74,2.88962560527283,28.6718080548415
1.75,-0.28411169989897,28.6718080548415
1.76,7.37892643916199,28.6718080548415
1.77,0.469821884886657,28.6718080548415
1.78,-3.47094564999376,30.3770351328192
1.79,18.6585187744153,30.3770351328192
1.8,-55.2631823785668,30.3770351328192
1.81,0.00165965430978322,30.3770351328192
1.82,25.5608976245853,30.3770351328192
1.83,0.000453307180804984,30.3770351328192
1.84,-1.43388685354357,30.3770351328192
1.85,-0.758477130322797,30.3770351328192
1.86,-1.80683914459414,30.3770351328192
1.87,0.458875357201686,30.3770351328192
1.88,5.9180495019395,31.9708654670094
1.89,1.70586049058427,31.9708654670094
1.9,-1.59870574351047,31.9708654670094
1.91,-0.0258375376048526,31.9708654670094
1.92,5.52549474756545,31.9708654670094
1.93,25.4899979291635,31.9708654670094
1.94,2.64374983261544,31.9708654670094
1.95,8.112909933513,31.9708654670094
1.96,1.60163751531519,31.9708654670094
1.97,0.779604864572314,31.9708654670095
1.98,1.66504417385958,33.4875749785775
1.99,-1.6054824543396,33.4875749785775
2,1.71890074758435,33.4875749785775
2.01,-3.76436274788596,33.4875749785775
2.02,-55.1784604543414,33.4875749785775
2.03,0.880607275415687,33.4875749785775
2.04,0.0897903760051715,33.4875749785775
2.05,1.00701317523286,33.4875749785775
2.06,-48.878203724922,33.4875749785775
2.07,3.40689599992646,33.4875749785775
2.08,-6.94953974831587,35.1670951156812
2.09,-2.43293878707253,35.1670951156812
2.1,0.769194248750668,35.1670951156812
2.11,10.2364367657231,35.1670951156812
2.12,-0.0866283327613154,35.1670951156812
2.13,1.13421028084514,35.1670951156812
2.14,34.1853296972749,35.1670951156812
2.15,-1.02190363433307,35.1670951156812
2.16,5.07152657403787,35.1670951156812
2.17,-0.0510826324800839,35.1670951156812
2.18,-6.94260723024173,36.9922879177377
2.19,-1.15080165406064,36.9922879177378
2.2,-1.57612275630453,36.9922879177378
2.21,2.68966143230388,36.9922879177378
2.22,-48.6531730009974,36.9922879177378
2.23,1.11189267020381,36.9922879177378
2.24,-2.18091401647348,36.9922879177378
2.25,6.27543251490378,36.9922879177378
2.26,3.24104594243102,36.9922879177378
2.27,-5.54310375752506,36.9922879177378
2.28,0.129693198265918,38.9631533847472
2.29,3.30967517161916,38.9631533847472
2.3,-3.33031940471619,38.9631533847472
2.31,0.0466202149239715,38.9631533847472
2.32,-48.6738529058088,38.9631533847472
2.33,-8.5540954269767,38.9631533847472
2.34,-1.02659801321163,38.9631533847472
2.35,-1.73027648071089,38.9631533847472
2.36,-8.46390183244203,38.9631533847472
2.37,-64.1857763388404,38.9631533847472
2.38,5.5335459737774,41.7309340188518
2.39,46.7629744857214,41.7309340188518
2.4,0.68682307842625,41.7309340188518
2.41,-1.50024444283508,41.7309340188518
2.42,-0.678587858228159,41.7309340188518
2.43,6.24352073786572,41.7309340188518
2.44,-8.40928785270928,41.7309340188518
2.45,-1.73369740818798,41.7309340188518
2.46,5.47470699669329,41.7309340188518
2.47,0.318275024199024,41.7309340188519
2.48,-2.50032378054309,44.6101113967438
2.49,0.0233853283410722,44.6101113967438
2.5,54.847729809207,44.6101113967438
2.51,-23.7368527869423,44.6101113967438
2.52,-6.91115421841213,44.6101113967438
2.53,-4.72642275500865,44.6101113967438
2.54,-0.275162595140292,44.6101113967438
2.55,34.8447637599813,44.6101113967438
2.56,15.3109657914265,44.6101113967438
2.57,10.1355010787374,44.6101113967439
2.58,0.991012743554637,47.8149100257069
2.59,-0.105426962025606,47.8149100257069
2.6,1.08604934541225,47.8149100257069
2.61,8.85147814587712,47.8149100257069
2.62,35.2940821392185,47.8149100257069
2.63,8.39974237670358,47.8149100257069
2.64,35.136388308823,47.8149100257069
2.65,2.96089744937424,47.8149100257069
2.66,-0.0303833980727104,47.8149100257069
2.67,0.00280606648766187,47.8149100257069
2.68,-1.6619068289798,51.1053984575834
2.69,10.457131372404,51.1053984575835
2.7,12.3327270427861,51.1053984575835
2.71,62.2607893783396,51.1053984575835
2.72,2.77032652499845,51.1053984575835
2.73,-13.5272204098153,51.1053984575835
2.74,-23.277416439873,51.1053984575835
2.75,10.897957004043,51.1053984575835
2.76,-62.3409224122461,51.1053984575835
2.77,0.159277321073767,51.1053984575835
2.78,9.84330611316019,55.0385604113111
2.79,60.2558058883632,55.0385604113111
2.8,-1.20225583243994,55.0385604113111
2.81,-3.53816046305459,55.0385604113111
2.82,14.0768508846017,55.0385604113111
2.83,24.0552045481337,55.0385604113111
2.84,3.03874002949433,55.0385604113111
2.85,24.2524981185801,55.0385604113111
2.86,-1.18364702084502,55.0385604113111
2.87,61.4344561457453,55.0385604113112
2.88,4.29953787199273,58.5689802913453
2.89,8.77652417762311,58.5689802913453
2.9,-22.5776595818367,58.5689802913453
2.91,8.38393836389515,58.5689802913453
2.92,-8.60594276773043,58.5689802913453
2.93,-0.0168585893045,58.5689802913453
2.94,-0.0101914108643623,58.5689802913453
2.95,3.37548061774821,58.5689802913453
2.96,58.6017790607906,58.5689802913453
2.97,-45.7875852511669,58.5689802913455
2.98,65.3168596735912,62.8020565552699
2.99,-57.1730003034257,62.8020565552699
3,0.367757806759662,62.8020565552699
3.01,32.6436019324975,62.8020565552699
3.02,-64.9610372692971,62.8020565552699
3.03,48.1710470339901,62.8020565552699
3.04,-35.6837584355345,62.8020565552699
3.05,-0.0446373912184795,62.8020565552699
3.06,-0.495467875463279,62.8020565552699
3.07,-37.1405902870523,62.8020565552701
3.08,47.355029734608,67.2836332476435
3.09,-29.197659048792,67.2836332476435
3.1,-35.5295519998542,67.2836332476435
3.11,64.8179255977054,67.2836332476435
3.12,17.1109680794232,67.2836332476435
3.13,0.0204297113496664,67.2836332476435
3.14,63.2838225833078,67.2836332476435
3.15,-2.29842105851367,67.2836332476435
3.16,0.0177547498864497,67.2836332476435
3.17,-3.84008304612418,67.2836332476437
3.18,-59.7224947926847,71.816623821765
3.19,0.00687386101898328,71.8166238217652
3.2,-11.994560178109,71.8166238217652
3.21,-32.2772713152717,71.8166238217652
3.22,-56.6739477894397,71.8166238217652
3.23,-22.134517113725,71.8166238217652
3.24,-0.770665963721257,71.8166238217652
3.25,-43.1564802372125,71.8166238217652
3.26,46.1731089769779,71.8166238217652
3.27,-4.10982321273977,71.8166238217652
3.28,-56.1897926551593,76.1182519280206
3.29,-37.1999552314041,76.1182519280206
3.3,-22.1375204149843,76.1182519280206
3.31,-0.013840081102559,76.1182519280206
3.32,-19.7066751336745,76.1182519280206
3.33,0.0230845884447997,76.1182519280206
3.34,39.3223407838514,76.1182519280206
3.35,0.0280309337532557,76.1182519280206
3.36,20.0048145430639,76.1182519280206
3.37,-0.947406259483009,76.1182519280207
3.38,48.3946643796133,79.4515852613539
3.39,59.8489134651048,79.4515852613539
3.4,-14.8301432296151,79.4515852613539
3.41,-60.1512378025323,79.4515852613539
3.42,6.24212948321144,79.4515852613539
3.43,49.253907522561,79.4515852613539
3.44,-0.0750086261634693,79.4515852613539
3.45,-15.5687938210044,79.4515852613539
3.46,-65.1532277328044,79.4515852613539
3.47,-7.56700766834978,79.4515852613541
3.48,16.8941157273488,83.8817480719794
3.49,-6.66325749132814,83.8817480719794
3.5,-10.7956466081523,83.8817480719794
3.51,-24.3059088072077,83.8817480719794
3.52,-56.6914866649421,83.8817480719794
3.53,8.00936262546852,83.8817480719794
3.54,19.7557533189699,83.8817480719794
3.55,19.7588356696747,83.8817480719794
3.56,0.130032583988596,83.8817480719794
3.57,-24.1075249243248,83.8817480719797
3.58,-41.1855229552862,89.6743787489286
3.59,-58.2818698509293,89.6743787489289
3.6,10.0562898057578,89.6743787489289
3.61,14.9773533928707,89.6743787489289
3.62,-0.825369378394507,89.6743787489289
3.63,50.555177649026,89.6743787489289
3.64,-0.018085559355739,89.6743787489289
3.65,-2.73943570819863,89.6743787489289
3.66,-16.4682335843213,89.6743787489289
3.67,23.6896279360096,89.6743787489291
3.68,-39.6758406418811,93.924592973436
3.69,-6.74138680482757,93.9245929734362
3.7,-1.03271265038628,93.9245929734362
3.71,56.4818206379597,93.9245929734362
3.72,-6.332404611169,93.9245929734362
3.73,14.9683837968639,93.9245929734362
3.74,52.5086353752525,93.9245929734362
3.75,87.3831975553615,93.9245929734362
3.76,81.3344009741798,93.9245929734362
3.77,118.896187075,93.9245929734362
3.78,28.9177713581543,101.833761782348
3.79,66.1362952045581,101.833761782348
3.8,67.1820055514223,101.833761782348
3.81,47.1472761363605,101.833761782348
3.82,47.1481480862713,101.833761782348
3.83,61.1060109566868,101.833761782348
3.84,45.8513910247583,101.833761782348
3.85,19.4168191898783,101.833761782348
3.86,48.6930710635818,101.833761782348
3.87,16.5843012862933,101.833761782348
3.88,54.3214091731428,106.032562125107
3.89,55.8259163235964,106.032562125107
3.9,52.9941547903328,106.032562125107
3.91,23.7339702718796,106.032562125107
3.92,23.5024445405113,106.032562125107
3.93,-7.3871897474686,106.032562125107
3.94,0.20426446844276,106.032562125107
3.95,-36.8398584240166,106.032562125107
3.96,-43.0195571275743,106.032562125107
3.97,-61.8083588742934,106.032562125107
3.98,5.97957367790643,108.706083976007
3.99,24.3036629901954,108.706083976007
4,55.6453288954272,108.706083976007
4.01,31.37964271675,108.706083976007
4.02,80.8949880550625,108.706083976007
4.03,-5.06065527777609e-06,108.706083976007
4.04,0.124200510164393,108.706083976007
4.05,-107.676175429027,108.706083976007
4.06,-76.2009022524416,108.706083976007
4.07,20.8656764956188,108.706083976007
4.08,13.3848713565814,111.808054841474
4.09,85.6665161340099,111.808054841474
4.1,0.564971253075809,111.808054841474
4.11,5.40095937930233,111.808054841474
4.12,-44.4703228431487,111.808054841474
4.13,0.00563400941188676,111.808054841474
4.14,70.325381649882,111.808054841474
4.15,70.8149696491226,111.808054841474
4.16,-1.97525293631539,111.808054841474
4.17,-42.2217701984098,111.808054841474
4.18,0.915971920724062,117.146529562982
4.19,152.66310882175,117.146529562982
4.2,24.8287656535278,117.146529562982
4.21,-37.8174967134978,117.146529562982
4.22,4.40852441806414,117.146529562982
4.23,76.5771810612668,117.146529562982
4.24,-0.388023317894024,117.146529562982
4.25,-53.289922536583,117.146529562982
4.26,-33.225583253629,117.146529562982
4.27,7.89266608092371,117.146529562982
4.28,-2.90860070190605,123.299057412167
4.29,-69.6269439990952,123.299057412168
4.3,30.4545811885944,123.299057412168
4.31,-2.12822137532323,123.299057412168
4.32,-67.3975048683497,123.299057412168
4.33,-6.95655875819987,123.299057412168
4.34,10.4680410646667,123.299057412168
4.35,-67.3499302293746,123.299057412168
4.36,-1.86205745852266,123.299057412168
4.37,14.3261714259131,123.299057412168
4.38,-105.492353512827,129.117395029991
4.39,17.8659115159576,129.117395029991
4.4,1.8660674093154,129.117395029991
4.41,-28.5006251507889,129.117395029991
4.42,100.732785591412,129.117395029991
4.43,-49.7028904649091,129.117395029991
4.44,0.027741773235286,129.117395029991
4.45,34.1531918771011,129.117395029991
4.46,-62.3361054529336,129.117395029991
4.47,65.135508772109,129.117395029991
4.48,-93.7151624353608,134.164524421593
4.49,60.5149468575585,134.164524421594
4.5,12.7873092954393,134.164524421594
4.51,10.7551291089566,134.164524421594
4.52,43.2437444693953,134.164524421594
4.53,-59.3193592354049,134.164524421594
4.54,17.0970589936446,134.164524421594
4.55,-56.9609589194662,134.164524421594
4.56,88.0234474663803,134.164524421594
4.57,-66.8828752656699,134.164524421594
4.58,25.0846689049057,138.40616966581
4.59,-29.3517629906619,138.40616966581
4.6,60.3496620475467,138.40616966581
4.61,-76.9694063993205,138.40616966581
4.62,101.102867270461,138.40616966581
4.63,-53.525589373721,138.40616966581
4.64,123.012764281488,138.40616966581
4.65,-119.631648243253,138.40616966581
4.66,118.354217126741,138.40616966581
4.67,-4.47098855478435,138.40616966581
4.68,97.4425377067398,144.310197086547
4.69,-54.09463600987,144.310197086547
4.7,24.6326381515539,144.310197086547
4.71,51.1797053747443,144.310197086547
4.72,-24.5060588575685,144.310197086547
4.73,53.1383644587302,144.310197086547
4.74,-127.64425065099,144.310197086547
4.75,61.0305749358107,144.310197086547
4.76,-1.64929275654246,144.310197086547
4.77,-15.8569076835483,144.310197086547
4.78,21.1649196003307,149.974293059125
4.79,-94.3336358850166,149.974293059126
4.8,7.26301704797616,149.974293059126
4.81,1.65459778448723,149.974293059126
4.82,-131.925667687398,149.974293059126
4.83,27.704712763182,149.974293059126
4.84,-8.16679097045464,149.974293059126
4.85,-59.3399668345169,149.974293059126
4.86,78.9777167553529,149.974293059126
4.87,-8.4915051450161,149.974293059126
4.88,-22.7197405837725,152.922022279349
4.89,61.4949662668938,152.922022279349
4.9,51.8019931041492,152.922022279349
4.91,-134.369839213326,152.922022279349
4.92,12.5208978056162,152.922022279349
4.93,78.2723389792387,152.922022279349
4.94,-78.9610665964294,152.922022279349
4.95,-44.769468311586,152.922022279349
4.96,89.3161929918488,152.922022279349
4.97,49.2759677780901,152.922022279349
4.98,-54.3884164029988,158.680377035132
4.99,-47.4508337918303,158.680377035133
5,89.3001978618789,158.680377035133
5.01,75.6129253556162,158.680377035133
5.02,-78.9489474215123,158.680377035133
5.03,-90.7757521385382,158.680377035133
5.04,59.2852708797703,158.680377035133
5.05,115.579008747439,158.680377035133
5.06,22.9669640427491,158.680377035133
5.07,-58.9509976114735,158.680377035133
5.08,-87.2252459497184,165.655526992288
5.09,-7.04868408449529,165.655526992288
5.1,56.3043876960104,165.655526992288
5.11,81.177236312083,165.655526992288
5.12,-9.39761373220282,165.655526992288
5.13,-58.6683580352748,165.655526992288
5.14,-100.849517107671,165.655526992288
5.15,-21.9432452702344,165.655526992288
5.16,58.8481279769056,165.655526992288
5.17,40.5793478414479,165.655526992288
5.18,30.6675315130857,171.431019708655
5.19,42.1095984081405,171.431019708655
5.2,23.4720023731835,171.431019708655
5.21,-12.2933104427399,171.431019708655
5.22,-76.3731463096919,171.431019708655
5.23,-68.6330979868282,171.431019708655
5.24,-21.1962484316505,171.431019708655
5.25,-103.860528331426,171.431019708655
5.26,-16.9465448081094,171.431019708655
5.27,-59.0586482847899,171.431019708655
5.28,-56.1431313767602,176.401028277635
5.29,-53.1744103720955,176.401028277635
5.3,-30.7060253062191,176.401028277635
5.31,-6.68647090892076,176.401028277635
5.32,65.0806865728273,176.401028277635
5.33,63.9370258211606,176.401028277635
5.34,-6.10375820230604,176.401028277635
5.35,-54.2859427957006,176.401028277635
5.36,11.1802593467398,176.401028277635
5.37,-58.2996013221409,176.401028277635
5.38,-73.5377297910434,182.707797772065
5.39,-58.6419180344763,182.707797772065
5.4,-83.9654362380134,182.707797772065
5.41,-88.5315235432686,182.707797772065
5.42,-120.624156694611,182.707797772065
5.43,-21.1904674944306,182.707797772065
5.44,-3.62872358632351,182.707797772065
5.45,81.2206150322789,182.707797772065
5.46,95.8681090901541,182.707797772065
5.47,147.053349711187,182.707797772065
5.48,36.2673859691604,189.074550128534
5.49,-53.6760710832061,189.074550128535
5.5,-103.478910293236,189.074550128535
5.51,-60.7226628273771,189.074550128535
5.52,8.56660376288951,189.074550128535
5.53,132.403230486212,189.074550128535
5.54,21.055991250397,189.074550128535
5.55,-52.8591864010332,189.074550128535
5.56,-107.097685256748,189.074550128535
5.57,48.6307685149651,189.074550128535
5.58,67.8083274040567,197.395029991431
5.59,7.4700799070548,197.395029991431
5.6,-98.5615240027505,197.395029991431
5.61,25.7016585685214,197.395029991431
5.62,87.4037983500508,197.395029991431
5.63,-20.1197932109199,197.395029991431
5.64,-53.8357141120058,197.395029991431
5.65,49.6582712501231,197.395029991431
5.66,-59.1534067776741,197.395029991431
5.67,-52.2528450523903,197.395029991431
5.68,84.7394718771112,206.315338474722
5.69,-95.03858575469,206.315338474722
5.7,9.86014229460671,206.315338474722
5.71,90.3420397660683,206.315338474722
5.72,-147.065962904622,206.315338474722
5.73,103.002763468418,206.315338474722
5.74,-84.3574148417669,206.315338474722
5.75,3.30815247164765,206.315338474722
5.76,40.7062087794434,206.315338474722
5.77,-81.3097503464968,206.315338474722
5.78,87.6091206368173,215.055698371893
5.79,-115.855068892691,215.055698371894
5.8,155.306405201813,215.055698371894
5.81,-101.720248016879,215.055698371894
5.82,56.9016899582838,215.055698371894
5.83,-79.9872024630895,215.055698371894
5.84,8.33246853803081,215.055698371894
5.85,-61.1554364523971,215.055698371894
5.86,6.89964350064617,215.055698371894
5.87,-4.46325000251088,215.055698371894
5.88,-65.7650942128003,205.818337617823
5.89,63.384702074207,205.818337617823
5.9,-121.635436673295,205.818337617823
5.91,60.4834194045624,205.818337617823
5.92,-99.02778960283,205.818337617823
5.93,39.8449900477188,205.818337617823
5.94,-140.82072033759,205.818337617823
5.95,108.732706675342,205.818337617823
5.96,-72.2542446233863,205.818337617823
5.97,68.6848384739433,205.818337617823
5.98,-48.4417847881116,209.305912596401
5.99,35.0043885832297,209.305912596401
6,36.4160549332674,209.305912596401
6.01,-21.4340576562951,209.305912596401
6.02,128.462737558403,209.305912596401
6.03,-29.8497105465769,209.305912596401
6.04,120.622972023892,209.305912596401
6.05,-84.9497883704661,209.305912596401
6.06,126.299986987393,209.305912596401
6.07,-113.278543107191,209.305912596401
6.08,53.0028246880519,208.157669237361
6.09,-3.81824996954225,208.157669237361
6.1,-54.9737547818338,208.157669237361
6.11,55.4563107278845,208.157669237361
6.12,-73.2875940913715,208.157669237361
6.13,137.789617421365,208.157669237361
6.14,-108.435109211626,208.157669237361
6.15,60.5184590384548,208.157669237361
6.16,-100.901392849089,208.157669237361
6.17,-10.0795971707838,208.157669237361
6.18,7.86651290821991,206.503856041131
6.19,-27.2640177810811,206.503856041131
6.2,50.3987602770504,206.503856041131
6.21,-127.789329835159,206.503856041131
6.22,152.199391769197,206.503856041131
6.23,-52.7571647141125,206.503856041131
6.24,32.7725468667716,206.503856041131
6.25,-5.63817516144015,206.503856041131
6.26,-75.2158533219511,206.503856041131
6.27,125.976600687913,206.503856041131
6.28,-132.558784453102,202.107969151671
6.29,48.8504195255227,202.107969151671
6.3,-35.9753318577603,202.107969151671
6.31,50.513730685286,202.107969151671
6.32,63.8983674278063,202.107969151671
6.33,-91.0288628321464,202.107969151671
6.34,94.2725300524314,202.107969151671
6.35,-145.972161582911,202.107969151671
6.36,26.8627633394658,202.107969151671
6.37,-41.5874696736039,202.107969151671
6.38,-20.1990023011624,196.62382176521
6.39,92.049392922134,196.62382176521
6.4,-130.214492834944,196.62382176521
6.41,94.7942463526349,196.62382176521
6.42,-35.2919443444912,196.62382176521
6.43,49.5642723898375,196.62382176521
6.44,72.7679491117799,196.62382176521
6.45,-106.474273960417,196.62382176521
6.46,76.2643075153248,196.62382176521
6.47,-61.1146652726605,196.62382176521
6.48,31.2778020971102,190.531276778064
6.49,36.8464410589451,190.531276778063
6.5,-118.128555560441,190.531276778063
6.51,66.6973967165926,190.531276778063
6.52,-72.8602076928159,190.531276778063
6.53,48.6929414344881,190.531276778063
6.54,45.6320567185442,190.531276778063
6.55,-75.3487013598218,190.531276778063
6.56,92.1440833386962,190.531276778063
6.57,-72.3968511870252,190.531276778063
6.58,23.7261816821865,182.425021422451
6.59,80.0932808639706,182.425021422451
6.6,-107.82881485173,182.425021422451
6.61,84.1027221431388,182.425021422451
6.62,-78.9502769223517,182.425021422451
6.63,-17.0955602672052,182.425021422451
6.64,82.7264036146622,182.425021422451
6.65,-79.5758955086062,182.425021422451
6.66,101.834159397903,182.425021422451
6.67,-62.3254111976545,182.425021422451
6.68,-35.0580177048065,175.92116538132
6.69,131.127234888606,175.92116538132
6.7,-156.410149788939,175.92116538132
6.71,18.8115892033458,175.92116538132
6.72,15.5208319828226,175.92116538132
6.73,-62.7821381193943,175.92116538132
6.74,132.549451870301,175.92116538132
6.75,-54.4358156214196,175.92116538132
6.76,-7.70160553508052,175.92116538132
6.77,61.6480732869256,175.92116538132
6.78,-128.59127466468,169.854327335048
6.79,53.5674568915122,169.854327335047
6.8,56.7068764512811,169.854327335047
6.81,-48.5272179167714,169.854327335047
6.82,79.8729003136796,169.854327335047
6.83,-47.7690598635044,169.854327335047
6.84,-20.5948823009177,169.854327335047
6.85,130.86589607954,169.854327335047
6.86,-16.3008230995301,169.854327335047
6.87,-4.01106657697839,169.854327335047
6.88,113.448230604346,164.07883461868
6.89,-60.7144654248091,164.07883461868
6.9,81.2984405505396,164.07883461868
6.91,-7.3370615078526,164.07883461868
6.92,-105.337707858919,164.07883461868
6.93,62.7355113975927,164.07883461868
6.94,-5.01834633320546,164.07883461868
6.95,-54.713117174708,164.07883461868
6.96,157.91820439386,164.07883461868
6.97,-60.6034429692129,164.07883461868
6.98,-41.2033679362346,156.632390745502
6.99,144.76469295383,156.632390745501
7,-124.307385341975,156.632390745501
7.01,1.34877090842074,156.632390745501
7.02,77.1812252340458,156.632390745501
7.03,-91.8357704826109,156.632390745501
7.04,23.7878425053119,156.632390745501
7.05,47.7999084035639,156.632390745501
7.06,-97.1761819097153,156.632390745501
7.07,82.0078504875491,156.632390745501
7.08,80.8172155055308,153.487574978578
7.09,-162.509720570524,153.487574978578
7.1,74.566557373902,153.487574978578
7.11,64.6747983852675,153.487574978578
7.12,-69.756606182965,153.487574978578
7.13,73.135409928447,153.487574978578
7.14,71.4577667310706,153.487574978578
7.15,-31.0647403942038,153.487574978578
7.16,53.1504655660004,153.487574978578
7.17,34.8861778955328,153.487574978578
7.18,-48.9726397143111,149.323050556984
7.19,38.32391813735,149.323050556984
7.2,7.14683599030618,149.323050556984
7.21,-68.2632796087278,149.323050556984
7.22,98.9194157217281,149.323050556984
7.23,61.9708344439145,149.323050556984
7.24,-38.6971635282734,149.323050556984
7.25,64.3928232670961,149.323050556984
7.26,80.0134174886275,149.323050556984
7.27,-110.477191076217,149.323050556984
7.28,57.9159912165027,144.361610968295
7.29,49.594912790575,144.361610968295
7.3,-87.7575649184186,144.361610968295
7.31,26.9018067925843,144.361610968295
7.32,92.7269452865524,144.361610968295
7.33,-105.777498488867,144.361610968295
7.34,-0.573497370272137,144.361610968295
7.35,62.8654845501609,144.361610968295
7.36,-68.4879827137203,144.361610968295
7.37,-60.0467625260206,144.361610968295
7.38,145.916382003756,143.110539845758
7.39,-32.0493643209344,143.110539845758
7.4,-90.8018542402872,143.110539845758
7.41,70.1398781648174,143.110539845758
7.42,18.9875261818669,143.110539845758
7.43,-68.138561748165,143.110539845758
7.44,51.4779971777314,143.110539845758
7.45,7.76163109375005,143.110539845758
7.46,-87.4236423532637,143.110539845758
7.47,64.7157802131407,143.110539845758
7.48,120.041365131555,141.431019708655
7.49,-93.4007725110805,141.431019708655
7.5,-31.5581075143564,141.431019708655
7.51,108.403384441946,141.431019708655
7.52,-4.13691561730673,141.431019708655
7.53,-98.9547972493557,141.431019708655
7.54,85.175558989741,141.431019708655
7.55,84.6711558579975,141.431019708655
7.56,-67.6252004561196,141.431019708655
7.57,31.9798892552724,141.431019708655
7.58,28.9367818015385,140.12853470437
7.59,-68.9204645184822,140.12853470437
7.6,-51.4798707432787,140.12853470437
7.61,106.783071817517,140.12853470437
7.62,-8.0626272987765,140.12853470437
7.63,-54.9359958726704,140.12853470437
7.64,24.876085778769,140.12853470437
7.65,75.2526903782699,140.12853470437
7.66,-74.3484174635685,140.12853470437
7.67,-43.6241537736648,140.12853470437
7.68,84.0274551650248,141.011139674379
7.69,0.745921868782359,141.011139674379
7.7,-83.2160762819004,141.011139674379
7.71,0.669106791903147,141.011139674379
7.72,97.4616518814195,141.011139674379
7.73,-22.857966132184,141.011139674379
7.74,-20.8079013574829,141.011139674379
7.75,83.374038967445,141.011139674379
7.76,35.1699480054319,141.011139674379
7.77,-124.295919216404,141.011139674379
7.78,12.4072535129246,138.783204798629
7.79,122.482968602714,138.783204798629
7.8,-23.7333453375786,138.783204798629
7.81,-106.852680187862,138.783204798629
7.82,64.2035682790672,138.783204798629
7.83,68.0493070377493,138.783204798629
7.84,-28.8344445735125,138.783204798629
7.85,-64.5100397733676,138.783204798629
7.86,83.3988372984041,138.783204798629
7.87,-0.549065225447356,138.783204798629
7.88,-76.0190960990885,139.597257926307
7.89,-17.2614931376151,139.597257926307
7.9,138.415918365545,139.597257926307
7.91,9.17272816047043,139.597257926307
7.92,-35.7563109012624,139.597257926307
7.93,50.3164936823371,139.597257926307
7.94,133.067844333464,139.597257926307
7.95,-56.1051993601653,139.597257926307
7.96,-89.2582193491337,139.597257926307
7.97,61.4357876683956,139.597257926307
7.98,64.2379383631886,138.226221079692
7.99,-79.9230683754475,138.226221079692
8,-90.4295180246122,138.226221079692
8.01,77.5631713585117,138.226221079692
8.02,83.8962469318002,138.226221079692
8.03,-72.0430798029988,138.226221079692
8.04,-77.4625682345023,138.226221079692
8.05,123.082454739218,138.226221079692
8.06,57.8553145710159,138.226221079692
8.07,-33.8669584088478,138.226221079692
8.08,-74.6164041123418,134.215938303342
8.09,104.08325927444,134.215938303342
8.1,54.9041227203545,134.215938303342
8.11,-88.9301639185202,134.215938303342
8.12,-79.2920018105597,134.215938303342
8.13,81.5218035491894,134.215938303342
8.14,74.2021571630152,134.215938303342
8.15,-60.4022526803961,134.215938303342
8.16,-77.2592804839374,134.215938303342
8.17,57.3307615151365,134.215938303342
8.18,67.8926413177748,134.421593830334
8.19,-46.7640573866114,134.421593830334
8.2,-64.4936211893817,134.421593830334
8.21,76.5682564763174,134.421593830334
8.22,51.520992906418,134.421593830334
8.23,-60.8284171383386,134.421593830334
8.24,-99.6678238389025,134.421593830334
8.25,48.925275069418,134.421593830334
8.26,105.819398325665,134.421593830334
8.27,-81.3101019276652,134.421593830334
8.28,-98.7257838825504,137.600685518423
8.29,54.5890449332911,137.600685518423
8.3,99.7494965415231,137.600685518423
8.31,-25.6578929905144,137.600685518423
8.32,-64.0157757532145,137.600685518423
8.33,2.787363027495,137.600685518423
8.34,102.301748073854,137.600685518423
8.35,11.090222909102,137.600685518423
8.36,-88.2953418807248,137.600685518423
8.37,4.59224532541655,137.600685518423
8.38,162.045185499723,140.83119108826
8.39,64.3101367425642,140.83119108826
8.4,-123.637841699539,140.83119108826
8.41,-42.7251370015211,140.83119108826
8.42,129.747573396679,140.83119108826
8.43,54.1163343791137,140.83119108826
8.44,-103.069488220929,140.83119108826
8.45,-54.2478912036566,140.83119108826
8.46,103.222758367351,140.83119108826
8.47,2.91748720738299,140.831191088261
8.48,-74.4063044224902,142.699228791774
8.49,-51.2680927085132,142.699228791774
8.5,77.0245410899526,142.699228791774
8.51,49.29365384141,142.699228791774
8.52,-54.7462129592665,142.699228791774
8.53,-97.188965071369,142.699228791774
8.54,79.9237322020461,142.699228791774
8.55,61.4060787684682,142.699228791774
8.56,-55.4150459888411,142.699228791774
8.57,-118.301714083228,142.699228791774
8.58,49.3933301601818,141.293916023993
8.59,108.578683746576,141.293916023993
8.6,-31.5202669027767,141.293916023993
8.61,-86.0519990889647,141.293916023993
8.62,33.7067687765321,141.293916023993
8.63,92.3699418710074,141.293916023993
8.64,-45.7972583264445,141.293916023993
8.65,-57.7853202048097,141.293916023993
8.66,27.5117678866253,141.293916023993
8.67,49.7657777921989,141.293916023993
8.68,-73.2694007023121,150.548414738646
8.69,-41.4577453527314,150.548414738646
8.7,51.278468753386,150.548414738646
8.71,55.862916318068,150.548414738646
8.72,-99.167362708894,150.548414738646
8.73,-32.4001046113315,150.548414738646
8.74,168.389818324364,150.548414738646
8.75,-9.99366673945114,150.548414738646
8.76,-129.182046882792,150.548414738646
8.77,31.4221426572265,150.548414738646
8.78,147.939108428595,154.310197086547
8.79,-23.6152169114779,154.310197086547
8.8,-121.78555578002,154.310197086547
8.81,76.5617320509479,154.310197086547
8.82,89.6545947346858,154.310197086547
8.83,-123.507983344014,154.310197086547
8.84,-63.8396762059442,154.310197086547
8.85,71.6267835435428,154.310197086547
8.86,-34.5774066961071,154.310197086547
8.87,-28.4613642723824,154.310197086547
8.88,61.1367731725458,164.018851756639
8.89,59.2332961805307,164.018851756641
8.9,-93.9773429465156,164.018851756641
8.91,-42.5143538939576,164.018851756641
8.92,165.386688180855,164.018851756641
8.93,-76.9266298010556,164.018851756641
8.94,-88.7410640168731,164.018851756641
8.95,76.642576191136,164.018851756641
8.96,-31.5284322542517,164.018851756641
8.97,-89.7249547013285,164.01885175664
8.98,54.6674199579561,157.780634104542
8.99,69.2396848368047,157.780634104542
9,-76.9785555105336,157.780634104542
9.01,43.8208427727603,157.780634104542
9.02,5.73148800707822,157.780634104542
9.03,-106.267551636904,157.780634104542
9.04,43.7545505455644,157.780634104542
9.05,79.5044389515051,157.780634104542
9.06,-111.712007149401,157.780634104542
9.07,102.667962960721,157.780634104542
9.08,4.4256803163541,148.543273350471
9.09,-56.3007411827158,148.543273350471
9.1,52.7147732849338,148.543273350471
9.11,3.72522516078289,148.543273350471
9.12,-70.8584581291483,148.543273350471
9.13,83.0321922862277,148.543273350471
9.14,-33.1063442203244,148.543273350471
9.15,-40.2469611263918,148.543273350471
9.16,168.898507384574,148.543273350471
9.17,-120.522344116578,148.543273350471
9.18,8.01337568237244,147.437874892888
9.19,63.8607271873821,147.437874892888
9.2,-128.277663940316,147.437874892888
9.21,98.4801171103823,147.437874892888
9.22,-79.5799583514355,147.437874892888
9.23,6.23633469829719,147.437874892888
9.24,21.9402528429655,147.437874892888
9.25,-93.0960430501779,147.437874892888
9.26,61.8313930386761,147.437874892888
9.27,-37.781046266339,147.437874892888
9.28,80.3610326564616,147.120822622108
9.29,63.4125849156374,147.120822622108
9.3,-52.3390437514272,147.120822622108
9.31,86.9788090795742,147.120822622108
9.32,-28.4386754412218,147.120822622108
9.33,138.696580905748,147.120822622108
9.34,-61.5077837728087,147.120822622108
9.35,100.053883883054,147.120822622108
9.36,-81.9273952439112,147.120822622108
9.37,24.6465067782041,147.120822622108
9.38,-13.8012833510704,148.594687232219
9.39,-44.3091698180198,148.594687232219
9.4,59.38727255533,148.594687232219
9.41,-15.9246837130149,148.594687232219
9.42,87.1029987062024,148.594687232219
9.43,-55.7386243263121,148.594687232219
9.44,58.7838079886252,148.594687232219
9.45,8.49112257697217,148.594687232219
9.46,-0.143577180368089,148.594687232219
9.47,47.6915524840173,148.59468723222
9.48,-87.2729973550848,152.682090831191
9.49,65.7218134441359,152.682090831191
9.5,-154.931572000289,152.682090831191
9.51,147.806542440976,152.682090831191
9.52,-155.640792818718,152.682090831191
9.53,108.834718674181,152.682090831191
9.54,-9.30000469636543,152.682090831191
9.55,-52.3037349704391,152.682090831191
9.56,170.26117376475,152.682090831191
9.57,-108.494075852149,152.682090831191
9.58,6.31153998125084,160.359897172236
9.59,84.69837545698,160.359897172236
9.6,-92.2388406055999,160.359897172236
9.61,39.689205327869,160.359897172236
9.62,99.1141522302449,160.359897172236
9.63,-178.226326009807,160.359897172236
9.64,46.5132811898511,160.359897172236
9.65,128.396735560421,160.359897172236
9.66,-55.8629858983376,160.359897172236
9.67,-80.6050487150035,160.359897172236
9.68,99.196780291803,171.053984575835
9.69,91.9207658641046,171.053984575835
9.7,-92.1600090711098,171.053984575835
9.71,-108.136248373305,171.053984575835
9.72,57.5978889997295,171.053984575835
9.73,193.443511221972,171.053984575835
9.74,28.7103625149041,171.053984575835
9.75,-84.9654978702307,171.053984575835
9.76,-171.807157215416,171.053984575835
9.77,7.491235218729,171.053984575835
9.78,112.362541721487,180.282776349614
9.79,127.399668478597,180.282776349614
9.8,107.366323172674,180.282776349614
9.81,-10.6205074434691,180.282776349614
9.82,-106.463878773914,180.282776349614
9.83,-117.347040072799,180.282776349614
9.84,-164.319688081338,180.282776349614
9.85,-98.4969741943189,180.282776349614
9.86,-55.3631898408069,180.282776349614
9.87,-41.2801006491234,180.282776349614
9.88,-63.2213084577422,188.200514138816
9.89,-63.1100673102333,188.200514138817
9.9,-54.7625212913405,188.200514138817
9.91,-51.6860691189878,188.200514138817
9.92,-103.408469178652,188.200514138817
9.93,-73.082888724138,188.200514138817
9.94,-59.3549166870637,188.200514138817
9.95,-189.926966225419,188.200514138817
9.96,-160.951616798394,188.200514138817
9.97,-105.654213576647,188.200514138819
9.98,-58.1701762953895,199.562982005141
9.99,62.4692907363592,199.562982005141
10,152.859592952135,199.562982005141
10.01,48.295062420499,199.562982005141
10.02,55.0261447544606,199.562982005141
10.03,-31.992513851341,199.562982005141
10.04,-155.252291186177,199.562982005141
10.05,-33.5955372738314,199.562982005141
10.06,172.324530184509,199.562982005141
10.07,105.045214547834,199.562982005141
10.08,-65.3096359061733,200.8911739503
10.09,-150.970030031098,200.8911739503
10.1,23.4246654374433,200.8911739503
10.11,116.220021818841,200.8911739503
10.12,-64.4984869849897,200.8911739503
10.13,-112.591898296647,200.8911739503
10.14,217.095512329466,200.8911739503
10.15,-71.6055426147122,200.8911739503
10.16,-147.245528255641,200.8911739503
10.17,181.546699739283,200.8911739503
10.18,-48.5305813044728,206.461011139674
10.19,-113.675362966175,206.461011139674
10.2,154.514888583453,206.461011139674
10.21,-189.579246293981,206.461011139674
10.22,63.0839121956581,206.461011139674
10.23,-93.0052897340755,206.461011139674
10.24,-35.4351246687929,206.461011139674
10.25,116.111021584527,206.461011139674
10.26,-115.609106990547,206.461011139674
10.27,108.624503115741,206.461011139674
10.28,-146.597208458113,224.207369323051
10.29,102.422304628223,224.207369323051
10.3,-91.0990139000846,224.207369323051
10.31,39.528570328969,224.207369323051
10.32,53.5188903788717,224.207369323051
10.33,-113.061371395175,224.207369323051
10.34,119.567995514782,224.207369323051
10.35,-201.421791313772,224.207369323051
10.36,111.736694216818,224.207369323051
10.37,75.3585360364716,224.207369323051
10.38,-120.689500407035,237.377892030846
10.39,134.804132108088,237.377892030848
10.4,-6.59276567658914,237.377892030848
10.41,-152.693076840397,237.377892030848
10.42,102.296928001977,237.377892030848
10.43,108.510936998631,237.377892030848
10.44,-131.933707598453,237.377892030848
10.45,-117.179690994065,237.377892030848
10.46,107.179885826819,237.377892030848
10.47,103.820588371743,237.37789203085
10.48,-102.517467384353,249.305912596399
10.49,-150.572042605966,249.305912596401
10.5,-42.2260077254669,249.305912596401
10.51,132.047046307509,249.305912596401
10.52,150.804422935971,249.305912596401
10.53,86.41973196424,249.305912596401
10.54,-111.893752665175,249.305912596401
10.55,-197.393084838681,249.305912596401
10.56,-183.148417033694,249.305912596401
10.57,-101.858540057423,249.305912596401
10.58,-112.17681011908,258.449014567266
10.59,46.1491120443756,258.449014567266
10.6,117.624398487356,258.449014567266
10.61,108.777197271726,258.449014567266
10.62,97.6240364819715,258.449014567266
10.63,97.523396674726,258.449014567266
10.64,112.161845567736,258.449014567266
10.65,120.705260273428,258.449014567266
10.66,94.2255458307157,258.449014567266
10.67,-75.9986702700908,258.449014567266
10.68,-104.277566296216,263.95029991431
10.69,-150.919808007589,263.95029991431
10.7,-224.952207807305,263.95029991431
10.71,-99.8301329894995,263.95029991431
10.72,18.926004893133,263.95029991431
10.73,119.28158630372,263.95029991431
10.74,196.627973597091,263.95029991431
10.75,111.743275225361,263.95029991431
10.76,-120.135797040216,263.95029991431
10.77,-164.326899693692,263.95029991431
10.78,100.672346271504,264.995715509854
10.79,223.882340863568,264.995715509854
10.8,-17.2755935385536,264.995715509854
10.81,-226.185756921433,264.995715509854
10.82,-15.3057992383055,264.995715509854
10.83,223.879007308486,264.995715509854
10.84,-105.345968679089,264.995715509854
10.85,-131.348314642189,264.995715509854
10.86,151.095111165508,264.995715509854
10.87,12.9653099612118,264.995715509854
10.88,-164.299713446468,274.927163667522
10.89,183.763686487784,274.927163667524
10.9,-109.687768375236,274.927163667524
10.91,-107.692816921048,274.927163667524
10.92,194.349286395641,274.927163667524
10.93,-218.72327214416,274.927163667524
10.94,150.879086722417,274.927163667524
10.95,-110.194697866996,274.927163667524
10.96,40.9962441903318,274.927163667524
10.97,-19.456585457705,274.927163667526
10.98,-93.6550943972725,288.603256212508
10.99,91.1876369038466,288.603256212511
11,-89.4797482840125,288.603256212511
11.01,37.2985132551016,288.603256212511
11.02,-11.4733520914948,288.603256212511
11.03,-71.9274661571368,288.603256212511
11.04,115.743063608827,288.603256212511
11.05,-183.482822582912,288.603256212511
11.06,226.608028624007,288.603256212511
11.07,-229.436293861489,288.603256212511
11.08,58.1288632075179,300.925449871465
11.09,116.515420023895,300.925449871465
11.1,-239.235971018282,300.925449871465
11.11,103.717371754702,300.925449871465
11.12,106.495624034243,300.925449871465
11.13,-241.546265440031,300.925449871465
11.14,78.5643506010872,300.925449871465
11.15,174.00335332564,300.925449871465
11.16,-183.011049914642,300.925449871465
11.17,-152.188041789994,300.925449871465
11.18,176.996442509729,306.692373607541
11.19,154.897906922652,306.692373607541
11.2,-112.213072992014,306.692373607541
11.21,-200.392584848175,306.692373607541
11.22,-105.863252161228,306.692373607541
11.23,198.620961123881,306.692373607541
11.24,262.928484197655,306.692373607541
11.25,99.9355900148448,306.692373607541
11.26,-161.925691450443,306.692373607541
11.27,-207.178298878117,306.692373607541
11.28,-244.61273346745,314.310197086547
11.29,-103.22298964895,314.310197086547
11.3,9.73263847626241,314.310197086547
11.31,104.24737024504,314.310197086547
11.32,207.048608476329,314.310197086547
11.33,228.214981358007,314.310197086547
11.34,204.401954188985,314.310197086547
11.35,206.658502450689,314.310197086547
11.36,236.961187852971,314.310197086547
11.37,255.968662513654,314.310197086547
11.38,260.540040507166,323.376178234788
11.39,195.468642818603,323.37617823479
11.4,99.4427628791597,323.37617823479
11.41,14.1008294855734,323.37617823479
11.42,-104.72210897964,323.37617823479
11.43,-209.674226196491,323.37617823479
11.44,-214.31653784414,323.37617823479
11.45,-180.685934011082,323.37617823479
11.46,68.7802475886207,323.37617823479
11.47,277.001939887066,323.376178234792
11.48,166.470243467925,336.083976006853
11.49,-31.9166132831299,336.083976006855
11.5,-232.13156188899,336.083976006855
11.51,-128.767757411609,336.083976006855
11.52,160.541815459534,336.083976006855
11.53,239.017591327945,336.083976006855
11.54,-127.095542099121,336.083976006855
11.55,-164.061464541853,336.083976006855
11.56,184.54976718476,336.083976006855
11.57,148.575578641965,336.083976006855
11.58,-270.482722827251,354.464438731791
11.59,-12.4605560225395,354.464438731791
11.6,253.37257580977,354.464438731791
11.61,-231.415086812422,354.464438731791
11.62,-8.28233611615631,354.464438731791
11.63,219.403046054504,354.464438731791
11.64,-226.473240215794,354.464438731791
11.65,186.153535417334,354.464438731791
11.66,-10.7479374260995,354.464438731791
11.67,-129.254805463298,354.464438731791
11.68,243.128622630437,368.954584404456
11.69,-214.354282863341,368.954584404456
11.7,245.906126420289,368.954584404456
11.71,-272.576182350302,368.954584404456
11.72,203.487600278405,368.954584404456
11.73,-182.48475182977,368.954584404456
11.74,154.351177624572,368.954584404456
11.75,-205.452126392841,368.954584404456
11.76,199.97934668182,368.954584404456
11.77,-268.869875702129,368.954584404456
11.78,253.164689335687,368.311910882605
11.79,-206.926553197693,368.311910882605
11.8,226.077890041119,368.311910882605
11.81,-129.411728137381,368.311910882605
11.82,8.32343125102089,368.311910882605
11.83,108.014303237685,368.311910882605
11.84,-236.20251562736,368.311910882605
11.85,255.003605744575,368.311910882605
11.86,-155.4986913776,368.311910882605
11.87,-26.4230775041026,368.311910882605
11.88,211.191155359981,367.934875749786
11.89,-218.27530932459,367.934875749786
11.9,139.104386701843,367.934875749786
11.91,63.6516174243915,367.934875749786
11.92,-207.802455191744,367.934875749786
11.93,217.039827609792,367.934875749786
11.94,-91.4640807035821,367.934875749786
11.95,-115.504503832767,367.934875749786
11.96,211.601885591615,367.934875749786
11.97,-163.523867157577,367.934875749785
11.98,31.6065771152944,363.453299057413
11.99,112.426373749144,363.453299057412
12,-270.852691587367,363.453299057412
12.01,224.991382138814,363.453299057412
12.02,-88.4238662292681,363.453299057412
12.03,-74.1669219555234,363.453299057412
12.04,161.650293183583,363.453299057412
12.05,-236.714635897393,363.453299057412
12.06,162.081073796418,363.453299057412
12.07,-123.04014563444,363.453299057412
12.08,-24.5328404258566,361.002570694087
12.09,105.980604887488,361.002570694087
12.1,-201.144368246035,361.002570694087
12.11,237.72534860455,361.002570694087
12.12,-282.196922638835,361.002570694087
12.13,192.813416320501,361.002570694087
12.14,-177.890422935063,361.002570694087
12.15,137.464703738572,361.002570694087
12.16,-83.3874137426265,361.002570694087
12.17,11.287718115851,361.002570694087
12.18,65.8720512281052,353.744644387318
12.19,-111.822404627587,353.744644387318
12.2,105.574671793879,353.744644387318
12.21,-157.998766655129,353.744644387318
12.22,156.634375983038,353.744644387318
12.23,-165.960481090363,353.744644387318
12.24,165.467788383822,353.744644387318
12.25,-166.98340405064,353.744644387318
12.26,152.98122507233,353.744644387318
12.27,-116.544049771906,353.744644387318
12.28,111.916657010159,349.674378748929
12.29,-84.4847857629438,349.674378748929
12.3,32.6851143360724,349.674378748929
12.31,19.9975839865366,349.674378748929
12.32,-61.8904019118548,349.674378748929
12.33,125.81238425611,349.674378748929
12.34,-124.045014596591,349.674378748929
12.35,168.050007773637,349.674378748929
12.36,-224.222340933108,349.674378748929
12.37,263.338238320228,349.674378748929
12.38,-165.837589890166,339.845758354758
12.39,119.929176166695,339.845758354756
12.4,-75.7578828437207,339.845758354756
12.41,-86.419718628068,339.845758354756
12.42,173.226978261794,339.845758354756
12.43,-226.530439344306,339.845758354756
12.44,183.157374863683,339.845758354756
12.45,-121.891413650203,339.845758354756
12.46,-63.56563807279,339.845758354756
12.47,176.057296886719,339.845758354754
12.48,-224.263155578625,330.88260497001
12.49,177.740241774217,330.882604970009
12.5,-63.1551791511831,330.882604970009
12.51,-115.897901793579,330.882604970009
12.52,220.485409173133,330.882604970009
12.53,-161.081998009176,330.882604970009
12.54,20.5385838459494,330.882604970009
12.55,174.873173997434,330.882604970009
12.56,-271.596127663894,330.882604970009
12.57,76.7823194351294,330.882604970009
12.58,121.242618401842,314.447300771208
12.59,-229.573387442969,314.447300771208
12.6,112.533875582185,314.447300771208
12.61,135.503536003248,314.447300771208
12.62,-223.91120644076,314.447300771208
12.63,112.204908728799,314.447300771208
12.64,208.300115646209,314.447300771208
12.65,-237.425944205394,314.447300771208
12.66,-35.0557501268681,314.447300771208
12.67,234.197880515436,314.447300771208
12.68,-122.567812594309,306.04970008569
12.69,-121.8517558521,306.04970008569
12.7,184.761419563375,306.04970008569
12.71,93.2134512833629,306.04970008569
12.72,-220.11388355441,306.04970008569
12.73,14.2731560842054,306.04970008569
12.74,234.905002258222,306.04970008569
12.75,-79.9749752249072,306.04970008569
12.76,-238.329272644542,306.04970008569
12.77,96.2475620343874,306.04970008569
12.78,196.796272348674,298.371893744644
12.79,-95.9220312813035,298.371893744644
12.8,-266.855731733402,298.371893744644
12.81,75.2800147985255,298.371893744644
12.82,213.304701148263,298.371893744644
12.83,-39.3298172192094,298.371893744644
12.84,-229.674349473114,298.371893744644
12.85,-57.0601171494209,298.371893744644
12.86,220.629315250486,298.371893744644
12.87,120.506636305397,298.371893744644
12.88,-134.637038262141,291.293916023994
12.89,-246.506501384728,291.293916023993
12.9,41.1532933918499,291.293916023993
12.91,222.81708732247,291.293916023993
12.92,117.619606102312,291.293916023993
12.93,-115.890289973525,291.293916023993
12.94,-213.126827726695,291.293916023993
12.95,-91.1959886544333,291.293916023993
12.96,127.667641009918,291.293916023993
12.97,217.653789367186,291.293916023992
12.98,89.620181611745,282.279348757499
12.99,-121.877043542958,282.279348757498
13,-248.929404734785,282.279348757498
13.01,-92.0615039857034,282.279348757498
13.02,115.698494081226,282.279348757498
13.03,221.521448453829,282.279348757498
13.04,144.437544946747,282.279348757498
13.05,-39.3346357828264,282.279348757498
13.06,-154.991685385184,282.279348757498
13.07,-227.885472691309,282.279348757498
13.08,-120.907579844754,278.568980291345
13.09,39.821561541796,278.568980291345
13.1,160.532044909094,278.568980291345
13.11,240.655745114006,278.568980291345
13.12,169.063496904563,278.568980291345
13.13,85.9036530738226,278.568980291345
13.14,-102.026545850292,278.568980291345
13.15,-155.103897851886,278.568980291345
13.16,-229.649482662098,278.568980291345
13.17,-166.399741734412,278.568980291345
13.18,-127.221519319083,277.592116538132
13.19,-44.6493029598103,277.592116538132
13.2,97.5934490306306,277.592116538132
13.21,156.221253212404,277.592116538132
13.22,208.413577324982,277.592116538132
13.23,227.784719031938,277.592116538132
13.24,196.659497668293,277.592116538132
13.25,142.418687934863,277.592116538132
13.26,116.502370304946,277.592116538132
13.27,90.8580614291999,277.592116538132
13.28,-18.4566148902007,271.91088260497
13.29,-69.3321606278758,271.91088260497
13.3,-114.728901008813,271.91088260497
13.31,-114.673211643903,271.91088260497
13.32,-127.202869389434,271.91088260497
13.33,-151.515760083488,271.91088260497
13.34,-183.178240997658,271.91088260497
13.35,-183.179644826299,271.91088260497
13.36,-209.016851190661,271.91088260497
13.37,-209.053995355665,271.91088260497
13.38,-209.06181238603,272.29648671808
13.39,-209.033322161734,272.296486718081
13.4,-183.217183253409,272.296486718081
13.41,-184.140147579544,272.296486718081
13.42,-151.700914003887,272.296486718081
13.43,-156.021485140158,272.296486718081
13.44,-135.073567088538,272.296486718081
13.45,-120.622792509401,272.296486718081
13.46,-104.996467912261,272.296486718081
13.47,-49.2361285012807,272.296486718081
13.48,45.0728213046122,274.875749785775
13.49,93.8370241682911,274.875749785775
13.5,116.864288298099,274.875749785775
13.51,137.344561797495,274.875749785775
13.52,217.416981560607,274.875749785775
13.53,229.746761560216,274.875749785775
13.54,207.50236143559,274.875749785775
13.55,125.108227713219,274.875749785775
13.56,115.84196825198,274.875749785775
13.57,-15.9176797046036,274.875749785776
13.58,-117.848485997637,276.640959725793
13.59,-132.93116238204,276.640959725793
13.6,-221.907285690338,276.640959725793
13.61,-210.049959508634,276.640959725793
13.62,-135.225310353092,276.640959725793
13.63,-72.8665877665752,276.640959725793
13.64,110.332077190985,276.640959725793
13.65,134.873106015191,276.640959725793
13.66,227.528823489588,276.640959725793
13.67,150.194329864731,276.640959725793
13.68,115.852102290966,275.586975149957
13.69,-91.9661596350825,275.586975149957
13.7,-136.359808305464,275.586975149957
13.71,-233.628185593298,275.586975149957
13.72,-123.137895499446,275.586975149957
13.73,-17.0290568898734,275.586975149957
13.74,113.484779988723,275.586975149957
13.75,223.334140050117,275.586975149957
13.76,150.236598905216,275.586975149957
13.77,99.4881946278874,275.586975149957
13.78,-112.466748144046,276.281062553556
13.79,-233.819891103037,276.281062553556
13.8,-130.567367166433,276.281062553556
13.81,14.9710004121756,276.281062553556
13.82,166.439833502406,276.281062553556
13.83,185.52042719297,276.281062553556
13.84,75.1909029169763,276.281062553556
13.85,-115.384910051308,276.281062553556
13.86,-213.981610253109,276.281062553556
13.87,-105.866506050194,276.281062553556
13.88,122.622114725466,273.804627249358
13.89,212.726601467018,273.804627249357
13.9,99.4068034321647,273.804627249357
13.91,-132.910573102988,273.804627249357
13.92,-182.172381949316,273.804627249357
13.93,16.1415074288417,273.804627249357
13.94,218.395815290301,273.804627249357
13.95,121.276658726641,273.804627249357
13.96,-112.271656516527,273.804627249357
13.97,-209.983350088415,273.804627249355
13.98,15.6119003279282,262.59640102828
13.99,223.304758067535,262.596401028278
14,116.107051412547,262.596401028278
14.01,-132.937517415263,262.596401028278
14.02,-122.869973728517,262.596401028278
14.03,112.672593038364,262.596401028278
14.04,184.713846016953,262.596401028278
14.05,-112.992249989337,262.596401028278
14.06,-214.018521619341,262.596401028278
14.07,77.9579047205798,262.596401028276
14.08,230.718712786937,253.393316195373
14.09,14.5821286276034,253.393316195373
14.1,-229.353039809044,253.393316195373
14.11,77.8138060952632,253.393316195373
14.12,230.704635237409,253.393316195373
14.13,-75.0532258174176,253.393316195373
14.14,-213.975103309229,253.393316195373
14.15,123.607584170146,253.393316195373
14.16,183.133664240311,253.393316195373
14.17,-107.98653612844,253.393316195373
14.18,-105.882417611392,250.994001713796
14.19,133.601254124202,250.994001713796
14.2,97.4462476451706,250.994001713796
14.21,-228.856947557973,250.994001713796
14.22,77.8132333687046,250.994001713796
14.23,151.638930663785,250.994001713796
14.24,-119.704538625746,250.994001713796
14.25,-117.925622328826,250.994001713796
14.26,203.480551004369,250.994001713796
14.27,-75.054367807191,250.994001713796
14.28,-149.740332965301,247.566409597258
14.29,133.770633793718,247.566409597258
14.3,51.5651491932483,247.566409597258
14.31,-213.73305831307,247.566409597258
14.32,117.860500026097,247.566409597258
14.33,110.807329808544,247.566409597258
14.34,-219.013061714111,247.566409597258
14.35,108.633935829739,247.566409597258
14.36,110.628598149088,247.566409597258
14.37,-213.989255609896,247.566409597258
14.38,111.572623096143,250.497000856897
14.39,76.6687956566254,250.497000856898
14.4,-183.100986973396,250.497000856898
14.41,166.887509254042,250.497000856898
14.42,-46.6893970514858,250.497000856898
14.43,-102.25246693019,250.497000856898
14.44,233.230841538808,250.497000856898
14.45,-108.028376927603,250.497000856898
14.46,-75.5103801608109,250.497000856898
14.47,119.918505883237,250.497000856899
14.48,-221.859033666391,253.976006855184
14.49,115.94001496201,253.976006855184
14.5,76.8071079389738,253.976006855184
14.51,-121.106911965579,253.976006855184
14.52,232.457055259218,253.976006855184
14.53,-112.983387731288,253.976006855184
14.54,48.5293325635485,253.976006855184
14.55,112.640800643444,253.976006855184
14.56,-184.048193230811,253.976006855184
14.57,222.436493477238,253.976006855184
14.58,-108.006116781756,254.961439588689
14.59,48.2917394600534,254.961439588689
14.6,121.391465403256,254.961439588689
14.61,-120.937317746412,254.961439588689
14.62,233.095903395051,254.961439588689
14.63,-133.835599241141,254.961439588689
14.64,115.39819385842,254.961439588689
14.65,-16.696814167557,254.961439588689
14.66,-107.188934317461,254.961439588689
14.67,102.941291904161,254.961439588689
14.68,-213.918997723382,252.467866323907
14.69,227.780014725796,252.467866323907
14.7,-134.624023630981,252.467866323907
14.71,115.900920271809,252.467866323907
14.72,-47.4401681896658,252.467866323907
14.73,-88.6807616743499,252.467866323907
14.74,108.256215054401,252.467866323907
14.75,-121.864211513291,252.467866323907
14.76,189.639031788083,252.467866323907
14.77,-226.33494472135,252.467866323907
14.78,167.99914744361,252.047986289632
14.79,-112.553903325099,252.047986289632
14.8,115.502817507172,252.047986289632
14.81,-96.3251207277229,252.047986289632
14.82,-17.5730110643633,252.047986289632
14.83,77.1732102734675,252.047986289632
14.84,-122.011802009817,252.047986289632
14.85,100.069129628881,252.047986289632
14.86,-102.368053902292,252.047986289632
14.87,121.949138026764,252.047986289632
14.88,-188.413327362407,253.941730934018
14.89,218.165496749314,253.941730934019
14.9,-232.928647612361,253.941730934019
14.91,227.716557868997,253.941730934019
14.92,-199.80263270902,253.941730934019
14.93,169.685662051035,253.941730934019
14.94,-167.122284155921,253.941730934019
14.95,133.86979073781,253.941730934019
14.96,-133.188566762778,253.941730934019
14.97,134.601721928615,253.941730934019
14.98,-133.740807261385,253.033419023136
14.99,134.669913009177,253.033419023136
15,-133.534019480649,253.033419023136
15.01,167.268544955018,253.033419023136
15.02,-208.429772253466,253.033419023136
15.03,223.396119224499,253.033419023136
15.04,-226.384616576126,253.033419023136
15.05,231.996314312632,253.033419023136
15.06,-222.82229283271,253.033419023136
15.07,185.59450782443,253.033419023136
15.08,-122.099101691557,252.133676092545
15.09,129.584588497354,252.133676092545
15.1,-108.979861450296,252.133676092545
15.11,111.841623733194,252.133676092545
15.12,-42.7629453240907,252.133676092545
15.13,-46.8945024102138,252.133676092545
15.14,114.085872633544,252.133676092545
15.15,-100.308008307842,252.133676092545
15.16,166.751253911485,252.133676092545
15.17,-227.135355529587,252.133676092545
15.18,217.295076424316,252.656383890317
15.19,-102.064925744768,252.656383890317
15.2,102.656498358753,252.656383890317
15.21,-74.8585825838141,252.656383890317
15.22,-122.273461866551,252.656383890317
15.23,100.855194994232,252.656383890317
15.24,-203.721555288664,252.656383890317
15.25,217.639894611841,252.656383890317
15.26,-106.494743323544,252.656383890317
15.27,111.521567003692,252.656383890317
15.28,95.9651972960387,252.707797772065
15.29,-108.886775725488,252.707797772065
15.3,168.775329036473,252.707797772065
15.31,-213.317616198869,252.707797772065
15.32,104.083965029529,252.707797772065
15.33,-12.6034664767482,252.707797772065
15.34,-115.759055006398,252.707797772065
15.35,167.850641840017,252.707797772065
15.36,-193.535775713664,252.707797772065
15.37,106.316840137393,252.707797772065
15.38,-18.5505516400415,258.620394173092
15.39,-108.407272129036,258.620394173093
15.4,207.336208447249,258.620394173093
15.41,-151.530130885095,258.620394173093
15.42,112.913576285983,258.620394173093
15.43,120.920943851166,258.620394173093
15.44,-135.697176290376,258.620394173093
15.45,187.844415560295,258.620394173093
15.46,-114.067727510947,258.620394173093
15.47,-118.780374131253,258.620394173093
15.48,169.280817506393,255.15852613539
15.49,-123.105024381674,255.15852613539
15.5,86.646044367966,255.15852613539
15.51,107.871007548186,255.15852613539
15.52,-233.26601964909,255.15852613539
15.53,105.74920290864,255.15852613539
15.54,95.4791355229751,255.15852613539
15.55,-134.853058965508,255.15852613539
15.56,121.219173850295,255.15852613539
15.57,-75.1546064245021,255.158526135389
15.58,-99.8218706466642,252.767780634105
15.59,217.260657275201,252.767780634105
15.6,-88.3219957491556,252.767780634105
15.61,-105.787174651492,252.767780634105
15.62,220.289124364885,252.767780634105
15.63,-111.52936330652,252.767780634105
15.64,-108.695106937204,252.767780634105
15.65,217.957539853059,252.767780634105
15.66,-111.549146233911,252.767780634105
15.67,-106.260182979225,252.767780634105
15.68,216.479670302824,256.246786632391
15.69,-55.7663337373952,256.246786632391
15.7,-112.549429947083,256.246786632391
15.71,121.563208956062,256.246786632391
15.72,13.9728558156628,256.246786632391
15.73,-168.471732236381,256.246786632391
15.74,101.423820383671,256.246786632391
15.75,117.425928991154,256.246786632391
15.76,-232.306401354946,256.246786632391
15.77,87.5980881072059,256.246786632391
15.78,110.677105851922,261.156812339332
15.79,-102.139074252279,261.156812339332
15.8,-66.1548941185744,261.156812339332
15.81,208.347687871128,261.156812339332
15.82,-111.833351789159,261.156812339332
15.83,-98.3528803207486,261.156812339332
15.84,120.479757353526,261.156812339332
15.85,121.350400689777,261.156812339332
15.86,-231.791862468235,261.156812339332
15.87,76.0864796065685,261.156812339332
15.88,171.136749655409,259.897172236504
15.89,-106.645307721513,259.897172236504
15.9,-108.185265777869,259.897172236504
15.91,121.917857026918,259.897172236504
15.92,64.6543031240388,259.897172236504
15.93,-231.753471932368,259.897172236504
15.94,54.8728874826457,259.897172236504
15.95,167.242219878889,259.897172236504
15.96,-108.013052277294,259.897172236504
15.97,-103.665838526294,259.897172236504
15.98,104.118231570442,262.005141388174
15.99,102.284585730824,262.005141388175
16,-193.383459712316,262.005141388175
16.01,-11.7727137249921,262.005141388175
16.02,226.792618027385,262.005141388175
16.03,-111.361665971914,262.005141388175
16.04,-110.11768251978,262.005141388175
16.05,105.433453803754,262.005141388175
16.06,110.444764700712,262.005141388175
16.07,-122.7474283178,262.005141388175
16.08,-97.9787619219166,268.037703513282
16.09,189.590119249739,268.037703513282
16.1,29.6336659155662,268.037703513282
16.11,-225.039780006369,268.037703513282
16.12,55.0930883333647,268.037703513282
16.13,166.321224740814,268.037703513282
16.14,-115.859271622099,268.037703513282
16.15,-97.4918099695516,268.037703513282
16.16,94.1503145871507,268.037703513282
16.17,108.621593870893,268.037703513279
16.18,-121.886449815687,259.520137103685
16.19,-121.742937030468,259.520137103685
16.2,189.282247801131,259.520137103685
16.21,30.0623153129258,259.520137103685
16.22,-231.397366438703,259.520137103685
16.23,55.1960020677768,259.520137103685
16.24,199.399532219935,259.520137103685
16.25,-110.409779746517,259.520137103685
16.26,-132.586655485851,259.520137103685
16.27,108.106490057635,259.520137103684
16.28,105.774672098298,256.401028277636
16.29,-106.10539045901,256.401028277635
16.3,-113.315686492513,256.401028277635
16.31,151.783211485075,256.401028277635
16.32,118.021216977104,256.401028277635
16.33,-187.346205498299,256.401028277635
16.34,-40.0510238663087,256.401028277635
16.35,220.071784048233,256.401028277635
16.36,29.9618380637803,256.401028277635
16.37,-231.76862905249,256.401028277635
16.38,44.4134321782128,257.403598971722
16.39,206.369572496359,257.403598971722
16.4,-88.1448044846419,257.403598971722
16.41,-172.032911432827,257.403598971722
16.42,112.413267943093,257.403598971722
16.43,166.169163723688,257.403598971722
16.44,-106.482529342018,257.403598971722
16.45,-110.787565804762,257.403598971722
16.46,102.516632625554,257.403598971722
16.47,131.980592367175,257.403598971724
16.48,-111.461064551702,262.082262210797
16.49,-108.21426315234,262.082262210797
16.5,102.647000410867,262.082262210797
16.51,99.4704183350044,262.082262210797
16.52,-99.4980412901095,262.082262210797
16.53,-103.190131769656,262.082262210797
16.54,106.758736685963,262.082262210797
16.55,108.458201993487,262.082262210797
16.56,-99.7404454628874,262.082262210797
16.57,-113.101857621001,262.082262210797
16.58,119.71214462964,262.03941730934
16.59,117.002677552809,262.03941730934
16.6,-122.695368652464,262.03941730934
16.61,-119.497933687939,262.03941730934
16.62,188.113547265893,262.03941730934
16.63,96.0951862403145,262.03941730934
16.64,-192.35158198455,262.03941730934
16.65,-70.5168758642019,262.03941730934
16.66,228.449368346011,262.03941730934
16.67,12.5341427075048,262.039417309344
16.68,-222.099699269736,271.533847472151
16.69,-10.74090300416,271.533847472151
16.7,225.770208227198,271.533847472151
16.71,-75.3921765450863,271.533847472151
16.72,-207.326139978323,271.533847472151
16.73,55.4069706674908,271.533847472151
16.74,166.80798845408,271.533847472151
16.75,-110.489759122071,271.533847472151
16.76,-165.622032928883,271.533847472151
16.77,106.22717493293,271.533847472153
16.78,107.583712576349,277.455012853468
16.79,-111.38575875096,277.45501285347
16.8,-111.062378151813,277.45501285347
16.81,108.309561767706,277.45501285347
16.82,104.099078361014,277.45501285347
16.83,-101.28635692156,277.45501285347
16.84,-112.805517541079,277.45501285347
16.85,150.156320600366,277.45501285347
16.86,117.196918663473,277.45501285347
16.87,-155.114950679266,277.45501285347
16.88,-65.7341450673365,272.150814053128
16.89,230.830883596052,272.150814053128
16.9,11.0939441037256,272.150814053128
16.91,-219.599049539743,272.150814053128
16.92,112.010840383513,272.150814053128
16.93,165.84496013707,272.150814053128
16.94,-112.825779060672,272.150814053128
16.95,-99.4504478859275,272.150814053128
16.96,101.979183644973,272.150814053128
16.97,105.971598265031,272.150814053128
16.98,-182.963823214897,272.699228791774
16.99,-95.9919244442767,272.699228791774
17,230.508475190475,272.699228791774
17.01,-44.2411940441465,272.699228791774
17.02,-166.34537482048,272.699228791774
17.03,111.431451081874,272.699228791774
17.04,99.4480523596538,272.699228791774
17.05,-120.378195359651,272.699228791774
17.06,-118.408586931792,272.699228791774
17.07,192.39828786735,272.699228791774
17.08,11.0370668390336,271.988003427592
17.09,-201.391834328906,271.988003427592
17.1,115.742136838061,271.988003427592
17.11,99.4636897561571,271.988003427592
17.12,-120.182461972829,271.988003427592
17.13,-101.458053652518,271.988003427592
17.14,229.616666913155,271.988003427592
17.15,-88.7407318418645,271.988003427592
17.16,-131.254827552956,271.988003427592
17.17,105.643040917203,271.988003427592
17.18,123.100562200784,272.390745501285
17.19,-217.451502107279,272.390745501285
17.2,77.3024445898384,272.390745501285
17.21,134.12165882347,272.390745501285
17.22,-103.46952390409,272.390745501285
17.23,-93.4039561966376,272.390745501285
17.24,218.857559579521,272.390745501285
17.25,-88.9715196953402,272.390745501285
17.26,-109.285613517887,272.390745501285
17.27,119.742505592012,272.390745501286
17.28,71.8542627962118,274.395886889459
17.29,-224.599826116837,274.39588688946
17.3,117.132041822272,274.39588688946
17.31,104.466432630012,274.39588688946
17.32,-152.33777715413,274.39588688946
17.33,-11.935882877434,274.39588688946
17.34,170.710999245538,274.39588688946
17.35,-106.090944976167,274.39588688946
17.36,-110.727145097662,274.39588688946
17.37,200.019093221828,274.395886889461
17.38,-87.9047721371515,275.929734361611
17.39,-109.463147178268,275.929734361611
17.4,102.497994883007,275.929734361611
17.41,120.739206645009,275.929734361611
17.42,-225.705759459858,275.929734361611
17.43,112.96708645292,275.929734361611
17.44,110.248251550016,275.929734361611
17.45,-100.687293545343,275.929734361611
17.46,-69.8282307979804,275.929734361611
17.47,226.725667603444,275.929734361611
17.48,-90.5625006488741,277.377892030848
17.49,-135.202360417729,277.377892030848
17.5,108.169022940226,277.377892030848
17.51,113.296078166014,277.377892030848
17.52,-222.30178404158,277.377892030848
17.53,13.9628008301208,277.377892030848
17.54,173.914558671803,277.377892030848
17.55,-119.396658669516,277.377892030848
17.56,-112.875871083276,277.377892030848
17.57,96.2976290385791,277.377892030848
17.58,110.753559706638,276.649528706084
17.59,-122.828672290236,276.649528706084
17.6,-121.50240146882,276.649528706084
17.61,194.093421263776,276.649528706084
17.62,71.9160428686538,276.649528706084
17.63,-222.823482302383,276.649528706084
17.64,-45.2831616208655,276.649528706084
17.65,220.529372522151,276.649528706084
17.66,12.9159385799041,276.649528706084
17.67,-216.39046852596,276.649528706083
17.68,-33.5464214641984,275.15852613539
17.69,220.016428187651,275.15852613539
17.7,103.075116941974,275.15852613539
17.71,-192.080817917429,275.15852613539
17.72,-98.4295022228843,275.15852613539
17.73,120.572617715494,275.15852613539
17.74,107.186392386775,275.15852613539
17.75,-105.504079598804,275.15852613539
17.76,-111.52280854732,275.15852613539
17.77,82.7221859009049,275.158526135388
17.78,228.175546313543,269.571550985435
17.79,31.5271917128198,269.571550985433
17.8,-155.062472617317,269.571550985433
17.81,-108.655738719412,269.571550985433
17.82,108.466564220474,269.571550985433
17.83,169.099860512469,269.571550985433
17.84,6.1233305514375,269.571550985433
17.85,-155.062665457052,269.571550985433
17.86,-106.316144508789,269.571550985433
17.87,108.366072347793,269.571550985432
17.88,208.925007509245,267.00942587832
17.89,100.369439936304,267.00942587832
17.9,-102.158136911602,267.00942587832
17.91,-140.302817176362,267.00942587832
17.92,-33.1296252794537,267.00942587832
17.93,104.589917920636,267.00942587832
17.94,136.551636228284,267.00942587832
17.95,29.6251114260181,267.00942587832
17.96,-97.4389172250297,267.00942587832
17.97,-134.962680265209,267.009425878319
17.98,-38.5100984104578,264.121679520137
17.99,101.188316967069,264.121679520137
18,173.718751957441,264.121679520137
18.01,124.674683685177,264.121679520137
18.02,-113.044989010096,264.121679520137
18.03,-221.39957815237,264.121679520137
18.04,-101.07099931537,264.121679520137
18.05,20.3018707118286,264.121679520137
18.06,102.70304403608,264.121679520137
18.07,208.91486403559,264.121679520137
18.08,108.867598735023,260.805484147386
18.09,-25.0727614394856,260.805484147386
18.1,-99.7668491324461,260.805484147386
18.11,-143.452282619348,260.805484147386
18.12,-106.626621988441,260.805484147386
18.13,13.4201415805057,260.805484147386
18.14,80.1899161299025,260.805484147386
18.15,219.956048279464,260.805484147386
18.16,134.902148988628,260.805484147386
18.17,72.2255836844534,260.805484147386
18.18,-87.084138772782,258.543273350471
18.19,-105.691019161246,258.543273350471
18.2,-222.633756411514,258.543273350471
18.21,-135.688344586491,258.543273350471
18.22,-119.068168877873,258.543273350471
18.23,13.799410748962,258.543273350471
18.24,119.723371203129,258.543273350471
18.25,104.560017870731,258.543273350471
18.26,220.304447744887,258.543273350471
18.27,100.067513474618,258.543273350471
18.28,113.745675413663,257.197943444731
18.29,70.6062917028263,257.19794344473
18.3,-86.9796493505002,257.19794344473
18.31,-111.381407216757,257.19794344473
18.32,-102.827683700094,257.19794344473
18.33,-196.879614077849,257.19794344473
18.34,-178.849323237448,257.19794344473
18.35,-101.704624258986,257.19794344473
18.36,-113.393495063717,257.19794344473
18.37,-69.0356394850254,257.19794344473
18.38,-6.92206119940099,256.066838046272
18.39,54.8048427362845,256.066838046272
18.4,105.603398471852,256.066838046272
18.41,52.1840137772136,256.066838046272
18.42,104.553680934862,256.066838046272
18.43,125.640156026176,256.066838046272
18.44,184.654637266163,256.066838046272
18.45,220.507188746103,256.066838046272
18.46,208.106077533175,256.066838046272
18.47,172.863135175529,256.066838046271
18.48,106.554134559264,251.388174807198
18.49,110.717635200754,251.388174807198
18.5,100.709564252712,251.388174807198
18.51,109.396074664614,251.388174807198
18.52,89.431534081083,251.388174807198
18.53,105.145743431266,251.388174807198
18.54,109.658878200831,251.388174807198
18.55,100.967604588415,251.388174807198
18.56,104.608218652396,251.388174807198
18.57,89.8720480205938,251.388174807198
18.58,78.8071336924616,247.883461868038
18.59,101.240634289702,247.883461868038
18.6,98.9420082796785,247.883461868038
18.61,108.260202508976,247.883461868038
18.62,103.88984787117,247.883461868038
18.63,172.326500507797,247.883461868038
18.64,206.815511774278,247.883461868038
18.65,208.010609359816,247.883461868038
18.66,194.005995507183,247.883461868038
18.67,124.779615366066,247.883461868039
18.68,111.376018445773,250.754070265638
18.69,105.583364300197,250.754070265638
18.7,115.05868545895,250.754070265638
18.71,87.422591148198,250.754070265638
18.72,-5.79215078781493,250.754070265638
18.73,-119.388903791702,250.754070265638
18.74,-120.296522712458,250.754070265638
18.75,-118.421486695001,250.754070265638
18.76,-162.130417705733,250.754070265638
18.77,-227.00855306645,250.754070265638
18.78,-182.657175200358,249.331619537276
18.79,-65.737201057389,249.331619537275
18.8,-49.0125124183527,249.331619537275
18.81,-55.1732547918254,249.331619537275
18.82,71.1249985418657,249.331619537275
18.83,117.913643160631,249.331619537275
18.84,100.435421437408,249.331619537275
18.85,182.588390853425,249.331619537275
18.86,160.733934185437,249.331619537275
18.87,101.670700403513,249.331619537276
18.88,104.111845279667,251.72236503856
18.89,-5.53044993064052,251.72236503856
18.9,-63.0550743219167,251.72236503856
18.91,-63.7763282469641,251.72236503856
18.92,-76.1966961649877,251.72236503856
18.93,-196.350430135225,251.72236503856
18.94,-100.661977589103,251.72236503856
18.95,-99.7501083407211,251.72236503856
18.96,-43.5691109623224,251.72236503856
18.97,94.7484621282011,251.722365038563
18.98,105.1297767418,258.440445586975
18.99,156.300039011142,258.440445586975
19,184.402085637099,258.440445586975
19.01,104.443262975352,258.440445586975
19.02,43.8732627121401,258.440445586975
19.03,51.5431137653524,258.440445586975
19.04,-93.676572338977,258.440445586975
19.05,-127.37381102638,258.440445586975
19.06,-170.434289991515,258.440445586975
19.07,-215.92868880985,258.440445586975
19.08,-97.2644734000659,267.206512425021
19.09,-103.295008943451,267.206512425021
19.1,28.8812652987351,267.206512425021
19.11,100.19221113201,267.206512425021
19.12,99.1428178754315,267.206512425021
19.13,207.526127463289,267.206512425021
19.14,130.325952241743,267.206512425021
19.15,103.436259828681,267.206512425021
19.16,53.9856059308667,267.206512425021
19.17,-96.9955834354946,267.206512425017
19.18,-105.441585212513,256.092544987147
19.19,-152.043762249628,256.092544987147
19.2,-196.662400460637,256.092544987147
19.21,-37.0673974049658,256.092544987147
19.22,-53.9178785881752,256.092544987147
19.23,66.8019858381369,256.092544987147
19.24,117.22904559839,256.092544987147
19.25,199.167895502799,256.092544987147
19.26,96.3078242204183,256.092544987147
19.27,113.149645462222,256.092544987144
19.28,-4.66115943654314,250.188517566412
19.29,-113.795067005989,250.18851756641
19.3,-117.113530793532,250.18851756641
19.31,-223.831554617556,250.18851756641
19.32,-38.0862040251906,250.18851756641
19.33,-88.887233477318,250.18851756641
19.34,94.8857578271431,250.18851756641
19.35,117.94798130046,250.18851756641
19.36,215.401558208984,250.18851756641
19.37,43.970907236954,250.18851756641
19.38,89.08854789018,250.197086546701
19.39,-123.775919332182,250.197086546701
19.4,-102.805091604286,250.197086546701
19.41,-222.54686702806,250.197086546701
19.42,-49.4835821615395,250.197086546701
19.43,-24.6903267158992,250.197086546701
19.44,106.964256224225,250.197086546701
19.45,140.186051311047,250.197086546701
19.46,122.25551384444,250.197086546701
19.47,112.235110899877,250.197086546701
19.48,-62.8194325991421,250.394173093402
19.49,-98.8625336929025,250.394173093402
19.5,-193.070270053828,250.394173093402
19.51,-116.400958144499,250.394173093402
19.52,70.2190441272083,250.394173093402
19.53,64.5832750609191,250.394173093402
19.54,194.015599181887,250.394173093402
19.55,110.072161949937,250.394173093402
19.56,-96.54334336459,250.394173093402
19.57,-133.283727294146,250.394173093402
19.58,-131.04108491733,249.057412167952
19.59,-25.137889325474,249.057412167952
19.6,128.503745729904,249.057412167952
19.61,215.44285886586,249.057412167952
19.62,113.275741680392,249.057412167952
19.63,-66.8276892622706,249.057412167952
19.64,-179.831614483847,249.057412167952
19.65,-105.568665718635,249.057412167952
19.66,31.2209853255706,249.057412167952
19.67,133.77073899487,249.057412167951
19.68,108.650748418083,247.189374464439
19.69,-5.47668924773484,247.189374464439
19.7,-71.121331706421,247.189374464439
19.71,-102.150911608459,247.189374464439
19.72,43.2692269601317,247.189374464439
19.73,106.624142756874,247.189374464439
19.74,41.5251066855642,247.189374464439
19.75,-63.5604159583163,247.189374464439
19.76,-236.862021089003,247.189374464439
19.77,-104.819586045517,247.189374464438
19.78,114.033281223214,245.938303341903
19.79,199.691031268291,245.938303341902
19.8,-5.52868858525553,245.938303341902
19.81,-111.594043409277,245.938303341902
19.82,-41.7195042453422,245.938303341902
19.83,113.271880456832,245.938303341902
19.84,225.211709967408,245.938303341902
19.85,82.8945752642576,245.938303341902
19.86,-78.0441229793421,245.938303341902
19.87,-58.83514366713,245.938303341902
19.88,111.932416832641,243.907455012853
19.89,167.769338543986,243.907455012853
19.9,-70.2771145861268,243.907455012853
19.91,-171.111402474205,243.907455012853
19.92,-47.0090620496819,243.907455012853
19.93,73.1449369756087,243.907455012853
19.94,51.1246216338453,243.907455012853
19.95,-122.989607052046,243.907455012853
19.96,-66.2049306115081,243.907455012853
19.97,122.264099352932,243.907455012854
19.98,150.064067650315,244.113110539846
19.99,-38.4217707233378,244.113110539846
20,-215.603281146969,244.113110539846
20.01,28.8773340017672,244.113110539846
20.02,164.929144865547,244.113110539846
20.03,56.78647501817,244.113110539846
20.04,-156.593924251051,244.113110539846
20.05,-79.786137909227,244.113110539846
20.06,140.308719913865,244.113110539846
20.07,62.60302779195,244.113110539846
20.08,-122.481033030606,244.867180805484
20.09,-54.1340387636226,244.867180805484
20.1,100.372064052595,244.867180805484
20.11,46.9720549331159,244.867180805484
20.12,-109.353767611634,244.867180805484
20.13,-64.325812005891,244.867180805484
20.14,118.203496377867,244.867180805484
20.15,95.6448942190954,244.867180805484
20.16,-107.174624483812,244.867180805484
20.17,-164.786351039905,244.867180805485
20.18,82.2150368029971,246.838046272494
20.19,191.82287236615,246.838046272494
20.2,-30.7346047680413,246.838046272494
20.21,-215.031066017704,246.838046272494
20.22,5.9332056481044,246.838046272494
20.23,202.039988927698,246.838046272494
20.24,59.0855682388129,246.838046272494
20.25,-151.450581607671,246.838046272494
20.26,-62.004542680267,246.838046272494
20.27,104.53904843754,246.838046272494
20.28,93.90743826535,249.314481576691
20.29,-102.021309343478,249.314481576692
20.3,-115.121903643291,249.314481576692
20.31,116.212952646898,249.314481576692
20.32,74.5418964131808,249.314481576692
20.33,-111.062515701069,249.314481576692
20.34,-135.618098088894,249.314481576692
20.35,117.575405969477,249.314481576692
20.36,192.976253249151,249.314481576692
20.37,-92.7015695176811,249.314481576695
20.38,-209.662469023827,257.994858611825
20.39,40.332437321793,257.994858611825
20.4,161.026164023586,257.994858611825
20.41,84.7427019825758,257.994858611825
20.42,-131.323766526731,257.994858611825
20.43,-64.5820005607913,257.994858611825
20.44,109.634272108591,257.994858611825
20.45,76.7743970195637,257.994858611825
20.46,-124.071622067162,257.994858611825
20.47,-191.422141215594,257.994858611827
20.48,8.8868092308213,264.293059125964
20.49,236.351596947522,264.293059125964
20.5,92.8241400997295,264.293059125964
20.51,-137.120885526995,264.293059125964
20.52,-42.9898997660946,264.293059125964
20.53,138.247725753386,264.293059125964
20.54,106.661436600551,264.293059125964
20.55,-64.1402574526786,264.293059125964
20.56,-189.559016484247,264.293059125964
20.57,-49.1568759835888,264.293059125964
20.58,159.490593355312,269.16880891174
20.59,116.363720251569,269.16880891174
20.6,-107.078363938387,269.16880891174
20.61,-94.8745982134853,269.16880891174
20.62,99.7505537274953,269.16880891174
20.63,225.869272117099,269.16880891174
20.64,-7.77769015106321,269.16880891174
20.65,-186.016399975748,269.16880891174
20.66,-115.822399752892,269.16880891174
20.67,113.134533570887,269.168808911738
20.68,120.085064593115,265.792630676949
20.69,-69.2477392216929,265.792630676949
20.7,-198.432119438272,265.792630676949
20.71,-70.3809681284325,265.792630676949
20.72,99.2515335172497,265.792630676949
20.73,93.4150573330468,265.792630676949
20.74,-119.592621478715,265.792630676949
20.75,-174.470589981507,265.792630676949
20.76,-83.9191334758953,265.792630676949
20.77,98.9824269707446,265.79263067695
20.78,141.200261463053,266.898029134533
20.79,-63.6824573252998,266.898029134533
20.8,-170.152156180805,266.898029134533
20.81,-79.8773250979153,266.898029134533
20.82,114.448905755384,266.898029134533
20.83,198.311431645319,266.898029134533
20.84,44.68448386187,266.898029134533
20.85,-113.513170399294,266.898029134533
20.86,-222.848875688207,266.898029134533
20.87,-104.408200454206,266.89802913454
20.88,94.1092986831348,286.143958868895
20.89,170.904876908221,286.143958868895
20.9,99.1489099921849,286.143958868895
20.91,-32.0207797270198,286.143958868895
20.92,-70.1679153631514,286.143958868895
20.93,-157.336603637587,286.143958868895
20.94,-107.089390117494,286.143958868895
20.95,104.472533764065,286.143958868895
20.96,72.4209963695832,286.143958868895
20.97,101.889861630678,286.143958868892
20.98,105.733251758603,279.125964010283
20.99,-128.429351421737,279.125964010283
21,-116.957848052251,279.125964010283
21.01,-121.541046483447,279.125964010283
21.02,-72.4585024390925,279.125964010283
21.03,99.8572481775578,279.125964010283
21.04,136.796650744721,279.125964010283
21.05,191.649830732742,279.125964010283
21.06,114.166903754449,279.125964010283
21.07,-6.84864017223121,279.125964010283
21.08,-114.222764668345,262.853470437018
21.09,-175.445494270538,262.853470437018
21.1,-152.308951827696,262.853470437018
21.11,-115.526861025612,262.853470437018
21.12,43.9123574980301,262.853470437018
21.13,109.709062911662,262.853470437018
21.14,199.365851036685,262.853470437018
21.15,183.345910863678,262.853470437018
21.16,106.570296761638,262.853470437018
21.17,53.4546982687132,262.853470437018
21.18,-64.5490759950282,263.676092544987
21.19,-110.493502796767,263.676092544987
21.2,-206.283867511721,263.676092544987
21.21,-189.891286233023,263.676092544987
21.22,-102.60284563325,263.676092544987
21.23,-107.029447052253,263.676092544987
21.24,70.3924262391374,263.676092544987
21.25,111.704996987043,263.676092544987
21.26,108.345927197043,263.676092544987
21.27,204.625735490028,263.676092544989
21.28,193.900586037236,269.134532990572
21.29,73.5161154301873,269.134532990574
21.3,118.164954228141,269.134532990574
21.31,93.8005651275678,269.134532990574
21.32,-64.2823880273127,269.134532990574
21.33,-113.894028428179,269.134532990574
21.34,-90.3922355420837,269.134532990574
21.35,-108.052999532408,269.134532990574
21.36,-201.991556083929,269.134532990574
21.37,-230.433928216783,269.134532990574
21.38,-195.354073765387,268.688946015424
21.39,-160.109269731805,268.688946015424
21.4,-103.892734283224,268.688946015424
21.41,-102.8682900435,268.688946015424
21.42,-119.785232830461,268.688946015424
21.43,-111.445878204212,268.688946015424
21.44,-53.1218248257295,268.688946015424
21.45,-11.1618306358846,268.688946015424
21.46,-10.1166924517535,268.688946015424
21.47,-10.2247090939483,268.688946015425
21.48,7.49557258812838,272.373607540703
21.49,-8.93481396849489,272.373607540703
21.5,28.7520115370272,272.373607540703
21.51,-18.2117778346617,272.373607540703
21.52,-53.7167320236276,272.373607540703
21.53,-87.1864428952891,272.373607540703
21.54,-106.701753663823,272.373607540703
21.55,-107.663929607118,272.373607540703
21.56,-108.506373598244,272.373607540703
21.57,-191.266949872851,272.373607540703
21.58,-215.52808755769,278.688946015424
21.59,-201.51244260137,278.688946015424
21.6,-131.853643796458,278.688946015424
21.61,-108.169361716536,278.688946015424
21.62,-67.5570664025908,278.688946015424
21.63,112.551057891329,278.688946015424
21.64,94.6797912661466,278.688946015424
21.65,190.802880033375,278.688946015424
21.66,134.390657208469,278.688946015424
21.67,113.081575518757,278.688946015425
21.68,-42.8402084903606,282.35646958012
21.69,-97.7884469062105,282.35646958012
21.7,-206.412903201284,282.35646958012
21.71,-105.398901370647,282.35646958012
21.72,76.5266562649544,282.35646958012
21.73,149.711524725924,282.35646958012
21.74,132.950831992816,282.35646958012
21.75,-18.1990546324123,282.35646958012
21.76,-148.858140575246,282.35646958012
21.77,-130.137060068305,282.356469580122
21.78,86.6826108005924,289.194515852611
21.79,226.876850125333,289.194515852614
21.8,121.893721202882,289.194515852614
21.81,-119.900827533398,289.194515852614
21.82,-109.988828953477,289.194515852614
21.83,107.901271217025,289.194515852614
21.84,134.042272974711,289.194515852614
21.85,-117.295082154238,289.194515852614
21.86,-132.069801362457,289.194515852614
21.87,112.260489071875,289.194515852618
21.88,108.088385157431,301.46529562982
21.89,-117.794407386386,301.46529562982
21.9,-119.120532005448,301.46529562982
21.91,226.880002876668,301.46529562982
21.92,-97.4046185812936,301.46529562982
21.93,-107.144034939464,301.46529562982
21.94,206.470920128826,301.46529562982
21.95,-76.3485380120793,301.46529562982
21.96,-99.8873736418604,301.46529562982
21.97,226.919525658291,301.465295629821
21.98,-104.305913733561,303.907455012853
21.99,-46.4594064859528,303.907455012853
22,132.155450744226,303.907455012853
22.01,-225.206000869333,303.907455012853
22.02,149.764606278815,303.907455012853
22.03,-115.899370597852,303.907455012853
22.04,-15.6564077868242,303.907455012853
22.05,121.440941047787,303.907455012853
22.06,-133.137903875685,303.907455012853
22.07,193.665374736842,303.907455012853
22.08,-224.940487940222,310.754070265638
22.09,226.009580226605,310.754070265638
22.1,-220.731132970829,310.754070265638
22.11,206.959807898109,310.754070265638
22.12,-208.380834462521,310.754070265638
22.13,209.670284139563,310.754070265638
22.14,-211.173028297214,310.754070265638
22.15,222.614401894988,310.754070265638
22.16,-225.268779986417,310.754070265638
22.17,193.867237792317,310.754070265647
22.18,-130.574997193977,335.938303341902
22.19,109.960053745743,335.938303341902
22.2,-45.1110932373058,335.938303341902
22.21,-104.958648633523,335.938303341902
22.22,118.818859263048,335.938303341902
22.23,-221.196734408506,335.938303341902
22.24,192.699597562851,335.938303341902
22.25,-110.343616006141,335.938303341902
22.26,-104.00058498245,335.938303341902
22.27,181.603795392378,335.938303341907
22.28,-194.470672936415,349.768637532129
22.29,90.6276085470383,349.768637532134
22.3,111.126573175701,349.768637532134
22.31,-225.004201723136,349.768637532134
22.32,106.095364778678,349.768637532134
22.33,128.991616000239,349.768637532134
22.34,-212.24137942166,349.768637532134
22.35,12.1544028315448,349.768637532134
22.36,206.768736337375,349.768637532134
22.37,-107.044228468386,349.768637532138
22.38,-149.287927752925,363.401885175664
22.39,138.944212448078,363.401885175664
22.4,128.914295457183,363.401885175664
22.41,-134.499087780461,363.401885175664
22.42,-138.930143352856,363.401885175664
22.43,144.318952932521,363.401885175664
22.44,208.403880544908,363.401885175664
22.45,-61.227613195284,363.401885175664
22.46,-220.116425604427,363.401885175664
22.47,-101.508008169377,363.401885175673
22.48,106.634289126405,388.397600685518
22.49,248.877554061764,388.397600685518
22.5,113.51082858781,388.397600685518
22.51,-119.590588739803,388.397600685518
22.52,-220.078853103144,388.397600685518
22.53,-159.690834529775,388.397600685518
22.54,-21.0472562143895,388.397600685518
22.55,106.754631955444,388.397600685518
22.56,227.640502961743,388.397600685518
22.57,237.127551327969,388.397600685518
22.58,128.820804531682,410.796915167095
22.59,33.5340075778143,410.796915167095
22.6,-34.2020668272086,410.796915167095
22.61,-112.193112924466,410.796915167095
22.62,-117.987112600503,410.796915167095
22.63,-229.623070600677,410.796915167095
22.64,-286.752470765212,410.796915167095
22.65,-162.349847688465,410.796915167095
22.66,-196.127057536808,410.796915167095
22.67,-135.024328632374,410.796915167101
22.68,-105.562915076757,427.000856898029
22.69,-57.9411347754898,427.000856898029
22.7,-14.3663196085987,427.000856898029
22.71,72.7799587819256,427.000856898029
22.72,152.577813861484,427.000856898029
22.73,232.724009114477,427.000856898029
22.74,203.837122083654,427.000856898029
22.75,33.5633473688596,427.000856898029
22.76,-139.803670638387,427.000856898029
22.77,-243.524067425501,427.000856898032
22.78,-126.169355060519,435.064267352182
22.79,109.398731042488,435.064267352185
22.8,224.229211987443,435.064267352185
22.81,48.2372732687443,435.064267352185
22.82,-213.464994193226,435.064267352185
22.83,-152.881006356898,435.064267352185
22.84,185.501958807795,435.064267352185
22.85,204.504598371411,435.064267352185
22.86,-117.414427355259,435.064267352185
22.87,-225.459570216894,435.064267352169
22.88,138.238473868026,390.274207369323
22.89,142.027471909825,390.274207369323
22.9,-196.82850869979,390.274207369323
22.91,-106.672992112283,390.274207369323
22.92,230.055384241465,390.274207369323
22.93,11.9437889058004,390.274207369323
22.94,-220.805757905883,390.274207369323
22.95,110.196112368146,390.274207369323
22.96,140.202401214045,390.274207369323
22.97,-213.519080536455,390.274207369312
22.98,42.2490099720247,358.483290488432
22.99,159.508833063767,358.483290488432
23,-192.044118973474,358.483290488432
23.01,-61.1623802794123,358.483290488432
23.02,259.396596253903,358.483290488432
23.03,-173.68498993762,358.483290488432
23.04,7.19211856837184,358.483290488432
23.05,154.927006466407,358.483290488432
23.06,-216.618497619069,358.483290488432
23.07,36.26202699719,358.483290488432
23.08,197.451792271163,353.658954584404
23.09,-264.731007665185,353.658954584404
23.1,136.053813743243,353.658954584404
23.11,98.4251982012854,353.658954584404
23.12,-247.487019929409,353.658954584404
23.13,267.141019013141,353.658954584404
23.14,-78.1750990173147,353.658954584404
23.15,-111.718685540948,353.658954584404
23.16,225.777963975037,353.658954584404
23.17,-168.980145482992,353.658954584403
23.18,-13.2110205427419,349.494430162811
23.19,228.769361470453,349.494430162811
23.2,-222.031237806552,349.494430162811
23.21,101.446398445201,349.494430162811
23.22,120.279715339015,349.494430162811
23.23,-244.396798877968,349.494430162811
23.24,143.597897428358,349.494430162811
23.25,109.274285695189,349.494430162811
23.26,-229.434398049387,349.494430162811
23.27,109.363044782457,349.494430162807
23.28,171.836952253731,338.457583547562
23.29,-221.959704332759,338.457583547558
23.3,11.7208406410272,338.457583547558
23.31,196.799974405549,338.457583547558
23.32,-131.332626829133,338.457583547558
23.33,-109.540927036052,338.457583547558
23.34,223.620802203403,338.457583547558
23.35,-25.6681610795104,338.457583547558
23.36,-227.915418125155,338.457583547558
23.37,100.857020870497,338.457583547552
23.38,197.683065481441,321.602399314482
23.39,-111.55603203085,321.602399314482
23.4,-178.048523321531,321.602399314482
23.41,126.896129302482,321.602399314482
23.42,173.389591201158,321.602399314482
23.43,-192.999705082389,321.602399314482
23.44,-174.08429412278,321.602399314482
23.45,132.043998364406,321.602399314482
23.46,175.579601935875,321.602399314482
23.47,-116.689930005032,321.602399314473
23.48,-224.234087086083,297.866323907455
23.49,76.5434799992988,297.866323907455
23.5,226.9541223454,297.866323907455
23.51,-24.5742350464874,297.866323907455
23.52,-210.149823718797,297.866323907455
23.53,-110.486890247138,297.866323907455
23.54,135.706560590521,297.866323907455
23.55,196.6894692631,297.866323907455
23.56,-15.5425098322875,297.866323907455
23.57,-211.42498027195,297.866323907455
23.58,-120.828705272414,284.335904027421
23.59,102.741985219911,284.335904027421
23.6,229.355562726811,284.335904027421
23.61,108.802780675599,284.335904027421
23.62,-114.743436318748,284.335904027421
23.63,-227.77021968525,284.335904027421
23.64,-122.570349077161,284.335904027421
23.65,102.353623757688,284.335904027421
23.66,225.839818692883,284.335904027421
23.67,119.115166054913,284.335904027417
23.68,-39.1985586120178,273.18766066838
23.69,-187.491101745356,273.18766066838
23.7,-244.443587951694,273.18766066838
23.71,-110.197910486923,273.18766066838
23.72,78.5999369031178,273.18766066838
23.73,211.392990022694,273.18766066838
23.74,219.294797723242,273.18766066838
23.75,125.71024902541,273.18766066838
23.76,-15.4914829668483,273.18766066838
23.77,-134.992439263101,273.187660668377
23.78,-222.907735781091,262.544987146533
23.79,-198.15085667074,262.54498714653
23.8,-126.798363402474,262.54498714653
23.81,-12.4884034340203,262.54498714653
23.82,111.010858742245,262.54498714653
23.83,184.040946288078,262.54498714653
23.84,229.458325741084,262.54498714653
23.85,196.510432351599,262.54498714653
23.86,143.589124987977,262.54498714653
23.87,94.115665409092,262.544987146527
23.88,-18.1181097539527,256.649528706084
23.89,-102.994409909656,256.649528706084
23.9,-134.701389210398,256.649528706084
23.91,-183.182759984955,256.649528706084
23.92,-211.071028602488,256.649528706084
23.93,-229.830309393742,256.649528706084
23.94,-227.952090327558,256.649528706084
23.95,-197.703976649043,256.649528706084
23.96,-166.324416665198,256.649528706084
23.97,-136.364662158314,256.649528706082
23.98,-142.522642920389,250.265638389032
23.99,-122.961541348236,250.265638389032
24,-126.174489332019,250.265638389032
24.01,-114.444557412962,250.265638389032
24.02,-114.477360337123,250.265638389032
24.03,-114.499731198035,250.265638389032
24.04,-114.56771209456,250.265638389032
24.05,-126.898316207686,250.265638389032
24.06,-120.496914549579,250.265638389032
24.07,-142.498687042506,250.265638389032
24.08,-167.976711267681,243.341902313625
24.09,-197.13486923723,243.341902313625
24.1,-215.68039507971,243.341902313625
24.11,-233.551523801222,243.341902313625
24.12,-228.946830369493,243.341902313625
24.13,-185.051646247405,243.341902313625
24.14,-151.386000950317,243.341902313625
24.15,-114.227912308085,243.341902313625
24.16,-104.027828767583,243.341902313625
24.17,-17.8584767469338,243.341902313623
24.18,112.158549378723,238.269065981148
24.19,143.101866218277,238.269065981148
24.2,198.205454269076,238.269065981148
24.21,229.478722496562,238.269065981148
24.22,183.992055969634,238.269065981148
24.23,113.09136670767,238.269065981148
24.24,-16.3912800760861,238.269065981148
24.25,-114.662569649587,238.269065981148
24.26,-166.702786272892,238.269065981148
24.27,-228.962248616803,238.269065981147
24.28,-126.363436552785,235.141388174808
24.29,-72.8496981250237,235.141388174807
24.3,119.178918159434,235.141388174807
24.31,198.805509256028,235.141388174807
24.32,211.792063671392,235.141388174807
24.33,114.2562290889,235.141388174807
24.34,-71.0438907822088,235.141388174807
24.35,-165.691903018536,235.141388174807
24.36,-222.902065038631,235.141388174807
24.37,-116.511910330716,235.141388174807
24.38,105.286202912574,233.204798628963
24.39,198.449172546921,233.204798628963
24.4,150.391283920984,233.204798628963
24.41,48.5889555869127,233.204798628963
24.42,-135.592951527051,233.204798628963
24.43,-222.902572869105,233.204798628963
24.44,-105.016391795386,233.204798628963
24.45,125.19427406526,233.204798628963
24.46,225.801263695159,233.204798628963
24.47,106.249924557832,233.204798628962
24.48,-103.644578648086,231.216795201371
24.49,-212.98700519646,231.216795201371
24.5,-74.8329829080489,231.216795201371
24.51,133.589149004665,231.216795201371
24.52,119.322161613715,231.216795201371
24.53,-91.6049124877819,231.216795201371
24.54,-228.637630544095,231.216795201371
24.55,-118.485475983159,231.216795201371
24.56,108.611976718032,231.216795201371
24.57,150.377811922288,231.216795201371
24.58,-113.007495641868,227.83204798629
24.59,-229.355840167969,227.83204798629
24.6,-51.8402183982053,227.83204798629
24.61,218.56694048127,227.83204798629
24.62,112.654366233107,227.83204798629
24.63,-132.984963911117,227.83204798629
24.64,-110.2500460337,227.83204798629
24.65,113.46086326136,227.83204798629
24.66,121.434739294717,227.83204798629
24.67,-112.244723798217,227.832047986288
24.68,-121.08052305261,223.50471293916
24.69,113.119619938735,223.50471293916
24.7,119.090701709429,223.50471293916
24.71,-110.364744012397,223.50471293916
24.72,-123.031394866187,223.50471293916
24.73,113.353932908975,223.50471293916
24.74,105.102200255092,223.50471293916
24.75,-132.464238494449,223.50471293916
24.76,-118.302390941666,223.50471293916
24.77,203.3907080167,223.504712939161
24.78,48.5295934205206,225.209940017137
24.79,-224.296265719841,225.209940017138
24.8,110.056740543139,225.209940017138
24.81,119.810268236464,225.209940017138
24.82,-132.551994348731,225.209940017138
24.83,-122.583287596095,225.209940017138
24.84,233.196455614409,225.209940017138
24.85,-116.470546072612,225.209940017138
24.86,-121.110951669201,225.209940017138
24.87,133.384010251292,225.209940017138
24.88,50.2924574575034,224.07883461868
24.89,-213.976892614655,224.07883461868
24.9,103.779516419785,224.07883461868
24.91,120.487334794761,224.07883461868
24.92,-228.975501957807,224.07883461868
24.93,111.84054760905,224.07883461868
24.94,120.491935647743,224.07883461868
24.95,-219.466251057405,224.07883461868
24.96,113.122239153644,224.07883461868
24.97,74.9011620721356,224.078834618679
24.98,-187.018470718602,218.92030848329
24.99,165.480195584835,218.92030848329
25,-46.4135870122954,218.92030848329
25.01,-105.995206204325,218.92030848329
25.02,228.113026233481,218.92030848329
25.03,-107.907404647751,218.92030848329
25.04,-52.6008923446982,218.92030848329
25.05,120.008967195544,218.92030848329
25.06,-222.212554628565,218.92030848329
25.07,108.544862925024,218.92030848329
25.08,17.131648695942,216.769494430163
25.09,-106.056693818867,216.769494430163
25.1,230.76652622892,216.769494430163
25.11,-165.177440278211,216.769494430163
25.12,121.027527655259,216.769494430163
25.13,75.5433171902843,216.769494430163
25.14,-101.898851702876,216.769494430163
25.15,218.175328278587,216.769494430163
25.16,-166.58069661189,216.769494430163
25.17,115.965365325256,216.769494430162
25.18,-44.4631769734439,213.838903170523
25.19,-117.552162350823,213.838903170523
25.2,121.089248083997,213.838903170523
25.21,-219.520234093921,213.838903170523
25.22,172.726700005836,213.838903170523
25.23,-114.314784725795,213.838903170523
25.24,120.774571641569,213.838903170523
25.25,50.122179435056,213.838903170523
25.26,-117.599310492958,213.838903170523
25.27,102.481451111112,213.838903170523
25.28,-185.041536398396,215.938303341902
25.29,233.133683193449,215.938303341902
25.3,-198.456946015702,215.938303341902
25.31,108.461500557456,215.938303341902
25.32,-115.52300781395,215.938303341902
25.33,96.4570967773993,215.938303341902
25.34,16.5178414105824,215.938303341902
25.35,-112.398801547767,215.938303341902
25.36,117.171955101698,215.938303341902
25.37,-106.973282041099,215.938303341902
25.38,119.298494899181,214.567266495287
25.39,-185.035752384317,214.567266495287
25.4,217.662149305784,214.567266495287
25.41,-233.729178914372,214.567266495287
25.42,207.970483831139,214.567266495287
25.43,-200.180472945379,214.567266495287
25.44,169.804744464117,214.567266495287
25.45,-166.036989439603,214.567266495287
25.46,108.781755469095,214.567266495287
25.47,-134.933702452262,214.567266495287
25.48,108.58459966279,215.141388174807
25.49,-113.602537515581,215.141388174807
25.5,98.917129981121,215.141388174807
25.51,-111.864399450331,215.141388174807
25.52,108.718239821881,215.141388174807
25.53,-132.130898298303,215.141388174807
25.54,134.688123300558,215.141388174807
25.55,-167.622630414898,215.141388174807
25.56,174.261658486814,215.141388174807
25.57,-226.940406364118,215.141388174807
25.58,229.03868503004,213.230505569837
25.59,-219.494432741918,213.230505569837
25.6,188.191589262155,213.230505569837
25.61,-151.737280718,213.230505569837
25.62,107.599739504182,213.230505569837
25.63,-122.590172911717,213.230505569837
25.64,77.3537205850165,213.230505569837
25.65,47.0249306525339,213.230505569837
25.66,-120.987540748563,213.230505569837
25.67,106.155398138847,213.230505569835
25.68,-133.66280466528,208.320479862896
25.69,227.814704066364,208.320479862896
25.7,-213.280021765852,208.320479862896
25.71,103.718252439043,208.320479862896
25.72,-106.312757831348,208.320479862896
25.73,15.1078112633057,208.320479862896
25.74,113.128982088415,208.320479862896
25.75,-111.045808892249,208.320479862896
25.76,228.209157489929,208.320479862896
25.77,-151.699961974226,208.320479862896
25.78,108.11284856018,207.266495287061
25.79,13.4708757612111,207.266495287061
25.8,-108.35307406738,207.266495287061
25.81,173.136442313012,207.266495287061
25.82,-187.382066961216,207.266495287061
25.83,110.25728628254,207.266495287061
25.84,31.1278932111878,207.266495287061
25.85,-104.848084470942,207.266495287061
25.86,228.215755532884,207.266495287061
25.87,-126.767584912613,207.266495287061
25.88,54.2948741950188,207.472150814053
25.89,114.140135407253,207.472150814053
25.9,-205.057253199941,207.472150814053
25.91,120.749369758878,207.472150814053
25.92,-75.0264295010927,207.472150814053
25.93,-107.021829675839,207.472150814053
25.94,220.586780387259,207.472150814053
25.95,-109.341308568221,207.472150814053
25.96,-97.0352788821009,207.472150814053
25.97,169.955350582527,207.472150814052
25.98,-101.033721762214,204.233076263925
25.99,-6.81013394737596,204.233076263925
26,132.98994078682,204.233076263925
26.01,-154.133090626976,204.233076263925
26.02,45.142214230376,204.233076263925
26.03,102.569981288927,204.233076263925
26.04,-154.945982875447,204.233076263925
26.05,19.0984605357819,204.233076263925
26.06,108.901230840222,204.233076263925
26.07,-122.090373665741,204.233076263925
26.08,-34.3055374562447,203.153384747215
26.09,169.871278597273,203.153384747215
26.1,-109.481105671509,203.153384747215
26.11,-90.7406326875608,203.153384747215
26.12,220.554054235928,203.153384747215
26.13,-55.1332722670298,203.153384747215
26.14,-110.816373494125,203.153384747215
26.15,104.694668122034,203.153384747215
26.16,68.8560094238332,203.153384747215
26.17,-222.839574840337,203.153384747215
26.18,55.6806719006732,202.322193658955
26.19,110.642196946256,202.322193658955
26.2,-104.925767992239,202.322193658955
26.21,-108.206045118534,202.322193658955
26.22,154.773526025687,202.322193658955
26.23,120.314416993306,202.322193658955
26.24,-222.802240761179,202.322193658955
26.25,12.9440939441655,202.322193658955
26.26,203.031080641298,202.322193658955
26.27,-88.6093402540409,202.322193658954
26.28,-173.532976383492,200.63410454156
26.29,123.330401702718,200.63410454156
26.3,136.779146497614,200.63410454156
26.31,-105.047548228612,200.63410454156
26.32,-133.186289416407,200.63410454156
26.33,114.691913031172,200.63410454156
26.34,109.399407987664,200.63410454156
26.35,-119.288695081513,200.63410454156
26.36,-134.218511027989,200.63410454156
26.37,88.2539981759994,200.634104541559
26.38,168.74379461315,200.171379605827
26.39,-87.567010271841,200.171379605827
26.4,-225.786554666783,200.171379605827
26.41,-32.4732302697495,200.171379605827
26.42,231.756847068283,200.171379605827
26.43,95.4257699419725,200.171379605827
26.44,-154.489868116382,200.171379605827
26.45,-110.904397678672,200.171379605827
26.46,94.8316318602558,200.171379605827
26.47,100.280376053873,200.171379605827
26.48,-109.041431573048,201.293916023993
26.49,-131.267831535502,201.293916023993
26.5,87.8230846821265,201.293916023993
26.51,204.878631931804,201.293916023993
26.52,-11.5209314038721,201.293916023993
26.53,-229.943858210752,201.293916023993
26.54,-96.0251163503261,201.293916023993
26.55,152.877020813464,201.293916023993
26.56,119.784401660823,201.293916023993
26.57,-121.003468346057,201.293916023993
26.58,-103.63386855123,205.60411311054
26.59,99.7083831183885,205.60411311054
26.6,132.180626569223,205.60411311054
26.61,-100.597398441597,205.60411311054
26.62,-166.228775994274,205.60411311054
26.63,54.7898270132625,205.60411311054
26.64,204.912131024607,205.60411311054
26.65,-19.0031046452994,205.60411311054
26.66,-230.500061405779,205.60411311054
26.67,-45.5665464373438,205.604113110539
26.68,189.256898330328,203.067694944302
26.69,120.147964704491,203.067694944302
26.7,-123.462687942074,203.067694944302
26.71,-89.6938863318831,203.067694944302
26.72,101.896196342729,203.067694944302
26.73,112.287950300625,203.067694944302
26.74,-100.914176363273,203.067694944302
26.75,-105.421006922516,203.067694944302
26.76,100.080686162944,203.067694944302
26.77,113.406116882795,203.067694944302
26.78,-106.893748067724,205.03856041131
26.79,-97.4505503364186,205.038560411311
26.8,115.933250970731,205.038560411311
26.81,131.734005705404,205.038560411311
26.82,-100.499715876649,205.038560411311
26.83,-164.973712267616,205.038560411311
26.84,122.233173268365,205.038560411311
26.85,165.979342542969,205.038560411311
26.86,-112.741406725525,205.038560411311
26.87,-200.375893688924,205.038560411311
26.88,112.307603465958,204.730077120823
26.89,198.643781623035,204.730077120823
26.9,-87.6950158792342,204.730077120823
26.91,-167.114946316602,204.730077120823
26.92,86.9413559474155,204.730077120823
26.93,198.582056588682,204.730077120823
26.94,-111.930154333852,204.730077120823
26.95,-166.071626114717,204.730077120823
26.96,85.8538914446493,204.730077120823
26.97,134.973806104982,204.730077120823
26.98,-111.083852389091,206.4353041988
26.99,-165.383269844866,206.4353041988
27,115.126002609226,206.4353041988
27.01,132.505281820384,206.4353041988
27.02,-71.8906252666388,206.4353041988
27.03,-110.252559330013,206.4353041988
27.04,99.802545628379,206.4353041988
27.05,99.870135816665,206.4353041988
27.06,-125.298033498984,206.4353041988
27.07,-114.351553612923,206.4353041988
27.08,150.162157255423,210.736932305056
27.09,102.793502254822,210.736932305056
27.1,-219.723889789329,210.736932305056
27.11,-11.4744129194952,210.736932305056
27.12,200.280711947963,210.736932305056
27.13,-110.71741689928,210.736932305056
27.14,-107.996856237333,210.736932305056
27.15,98.6203902502153,210.736932305056
27.16,109.326547883592,210.736932305056
27.17,-152.955136513004,210.736932305058
27.18,-65.8947881527117,216.135389888603
27.19,230.994351951524,216.135389888603
27.2,-111.623251704077,216.135389888603
27.21,-130.762180274901,216.135389888603
27.22,98.731455491275,216.135389888603
27.23,115.38019271142,216.135389888603
27.24,-191.230787990705,216.135389888603
27.25,-11.0123275719163,216.135389888603
27.26,167.819020067769,216.135389888603
27.27,-112.058369258046,216.135389888604
27.28,-105.114142697934,218.86032562125
27.29,151.276386980253,218.860325621251
27.3,64.8417822905646,218.860325621251
27.31,-225.206720965779,218.860325621251
27.32,113.267610270565,218.860325621251
27.33,99.2006800080491,218.860325621251
27.34,-121.658144435541,218.860325621251
27.35,-122.169695405825,218.860325621251
27.36,231.810974086556,218.860325621251
27.37,-75.5479199772229,218.86032562125
27.38,-132.838846208651,216.718080548415
27.39,105.913926767248,216.718080548415
27.4,110.835638984397,216.718080548415
27.41,-154.798460805548,216.718080548415
27.42,-65.9193203209345,216.718080548415
27.43,220.540181550129,216.718080548415
27.44,-110.80510728959,216.718080548415
27.45,-132.960969831377,216.718080548415
27.46,108.940101620519,216.718080548415
27.47,101.084859631275,216.718080548414
27.48,-100.772697956802,213.590402742074
27.49,-94.416027649504,213.590402742074
27.5,188.745295683615,213.590402742074
27.51,31.3702595929716,213.590402742074
27.52,-232.645894227157,213.590402742074
27.53,43.080678008788,213.590402742074
27.54,226.812553307083,213.590402742074
27.55,-88.1440647482401,213.590402742074
27.56,-167.356390049817,213.590402742074
27.57,106.923144404858,213.590402742074
27.58,134.159366398497,211.928020565553
27.59,-109.427704235815,211.928020565553
27.6,-110.104766630402,211.928020565553
27.61,108.659573942912,211.928020565553
27.62,111.365923435345,211.928020565553
27.63,-53.3328892704045,211.928020565553
27.64,-109.974516435774,211.928020565553
27.65,99.4890548081135,211.928020565553
27.66,75.4832247226893,211.928020565553
27.67,-117.470025670517,211.928020565553
27.68,-136.2244713835,213.230505569837
27.69,82.6716295962298,213.230505569837
27.7,208.022020116162,213.230505569837
27.71,-41.289611138253,213.230505569837
27.72,-219.486101680972,213.230505569837
27.73,-71.2381203558877,213.230505569837
27.74,122.153197753352,213.230505569837
27.75,113.961253985368,213.230505569837
27.76,-103.467308353586,213.230505569837
27.77,-110.482491799409,213.230505569835
27.78,112.891869927714,207.660668380465
27.79,227.705675106074,207.660668380463
27.8,72.349078716326,207.660668380463
27.81,-103.46661222455,207.660668380463
27.82,-112.205119665948,207.660668380463
27.83,87.4507735859155,207.660668380463
27.84,216.305564759637,207.660668380463
27.85,95.1391348982971,207.660668380463
27.86,-110.202677113894,207.660668380463
27.87,-136.645215266485,207.660668380462
27.88,-31.437999289878,205.526992287918
27.89,121.426835004773,205.526992287918
27.9,99.0327878476085,205.526992287918
27.91,-54.649898818654,205.526992287918
27.92,-215.638904261763,205.526992287918
27.93,-104.038418693794,205.526992287918
27.94,87.4774324153032,205.526992287918
27.95,194.070909547783,205.526992287918
27.96,105.649359933566,205.526992287918
27.97,-89.1907512905571,205.526992287918
27.98,-224.516299072075,205.586975149957
27.99,-99.6968497508352,205.586975149957
28,53.708798385451,205.586975149957
28.01,152.245140629227,205.586975149957
28.02,108.346246355676,205.586975149957
28.03,12.7391013741018,205.586975149957
28.04,-126.158472422505,205.586975149957
28.05,-171.131470753341,205.586975149957
28.06,-70.6900072175289,205.586975149957
28.07,111.424403294678,205.586975149957
28.08,231.031935618368,205.578406169666
28.09,118.688517331942,205.578406169666
28.1,-122.676960932672,205.578406169666
28.11,-192.549175918535,205.578406169666
28.12,-105.363548565111,205.578406169666
28.13,86.9628023973113,205.578406169666
28.14,186.671791134941,205.578406169666
28.15,99.6319427178597,205.578406169666
28.16,-54.7672680863892,205.578406169666
28.17,-150.767502987714,205.578406169668
28.18,-98.2244805271689,211.72236503856
28.19,54.5926119621139,211.72236503856
28.2,190.91781006396,211.72236503856
28.21,102.987547066982,211.72236503856
28.22,-111.184413647866,211.72236503856
28.23,-230.025488587831,211.72236503856
28.24,-117.583815956823,211.72236503856
28.25,94.0420177309104,211.72236503856
28.26,134.457076357695,211.72236503856
28.27,-41.9082778774426,211.722365038561
28.28,-215.765166478177,214.130248500428
28.29,-112.372589916084,214.130248500428
28.3,62.7217993427074,214.130248500428
28.31,132.1877870615,214.130248500428
28.32,-88.0117397770376,214.130248500428
28.33,-223.668413839411,214.130248500428
28.34,-66.6004293306684,214.130248500428
28.35,186.70926727204,214.130248500428
28.36,111.891658542247,214.130248500428
28.37,-120.407328891956,214.130248500429
28.38,-103.688477562664,216.555269922879
28.39,98.0734988001649,216.555269922879
28.4,96.6200948332016,216.555269922879
28.41,-100.238841733338,216.555269922879
28.42,-107.6769134112,216.555269922879
28.43,107.260126966142,216.555269922879
28.44,108.54556326538,216.555269922879
28.45,-104.854243879008,216.555269922879
28.46,-98.1147304467318,216.555269922879
28.47,94.8015229321812,216.55526992288
28.48,106.841667459416,219.528706083976
28.49,-148.392318527138,219.528706083976
28.5,-117.75405513494,219.528706083976
28.51,186.939723319375,219.528706083976
28.52,46.5447052451786,219.528706083976
28.53,-222.943006171609,219.528706083976
28.54,86.5067518148497,219.528706083976
28.55,133.577558642408,219.528706083976
28.56,-99.2437309251639,219.528706083976
28.57,-111.670024903532,219.528706083976
28.58,186.270105245225,218.731790916881
28.59,-17.7371862053349,218.731790916881
28.6,-170.75813297331,218.731790916881
28.61,111.915201916008,218.731790916881
28.62,110.712217887246,218.731790916881
28.63,-215.945625459978,218.731790916881
28.64,44.4598079702937,218.731790916881
28.65,106.589879318674,218.731790916881
28.66,-147.877264899341,218.731790916881
28.67,-65.7954630691271,218.731790916883
28.68,166.77369264804,224.952870608398
28.69,-94.8844459951268,224.952870608398
28.7,-47.1326273275141,224.952870608398
28.71,134.22508031796,224.952870608398
28.72,-118.655156279308,224.952870608398
28.73,17.020687636919,224.952870608398
28.74,108.311400270201,224.952870608398
28.75,-215.829717605298,224.952870608398
28.76,115.794140043504,224.952870608398
28.77,94.4721681217251,224.952870608399
28.78,-166.034887115894,229.56298200514
28.79,183.221084484174,229.562982005141
28.8,-120.395620123522,229.562982005141
28.81,-95.3311436721265,229.562982005141
28.82,131.362692741885,229.562982005141
28.83,-225.758696648805,229.562982005141
28.84,105.34463143857,229.562982005141
28.85,-76.0132943654327,229.562982005141
28.86,-116.13868501907,229.562982005141
28.87,131.362715392338,229.562982005143
28.88,-229.362849327418,234.558697514996
28.89,148.605183834743,234.558697514996
28.9,-110.446562245376,234.558697514996
28.91,18.3474404806243,234.558697514996
28.92,115.219688057106,234.558697514996
28.93,-107.543072300612,234.558697514996
28.94,195.888464025359,234.558697514996
28.95,-229.351092987037,234.558697514996
28.96,182.701116475639,234.558697514996
28.97,-121.596278896811,234.558697514998
28.98,116.165771830412,239.605826906598
28.99,-97.3429137459736,239.605826906598
29,16.4614091831396,239.605826906598
29.01,77.3048263422618,239.605826906598
29.02,-116.030290386388,239.605826906598
29.03,113.552423088844,239.605826906598
29.04,-100.850025770671,239.605826906598
29.05,107.634754004865,239.605826906598
29.06,-129.887615393421,239.605826906598
29.07,162.830181416866,239.605826906598
29.08,-130.791964988972,249.091688089117
29.09,162.724604387469,249.091688089117
29.1,-130.534221209929,249.091688089117
29.11,130.527087359391,249.091688089117
29.12,-129.892703494225,249.091688089117
29.13,108.610906766402,249.091688089117
29.14,-101.071688757365,249.091688089117
29.15,113.779684495658,249.091688089117
29.16,-111.128869583359,249.091688089117
29.17,46.8965562303155,249.091688089118
29.18,50.4105783920702,251.610968294773
29.19,-117.892227788612,251.610968294773
29.2,95.1672035130374,251.610968294773
29.21,-148.573518499217,251.610968294773
29.22,214.582757044835,251.610968294773
29.23,-218.448239798118,251.610968294773
29.24,131.368669420466,251.610968294773
29.25,-115.834769610442,251.610968294773
29.26,14.9574124667895,251.610968294773
29.27,115.708400795771,251.610968294773
29.28,-146.685518837395,250.942587832048
29.29,227.263878735602,250.942587832048
29.3,-162.776570943764,250.942587832048
29.31,117.139887061104,250.942587832048
29.32,100.755220001298,250.942587832048
29.33,-101.21077384189,250.942587832048
29.34,227.104227055448,250.942587832048
29.35,-130.723540284807,250.942587832048
29.36,73.3337892098237,250.942587832048
29.37,112.320846532278,250.942587832045
29.38,-208.573088679844,242.493573264781
29.39,163.614602478764,242.493573264781
29.4,-114.752926113594,242.493573264781
29.41,-103.512126007983,242.493573264781
29.42,226.227614462544,242.493573264781
29.43,-113.302159667907,242.493573264781
29.44,-50.1157598368146,242.493573264781
29.45,182.175513374692,242.493573264781
29.46,-163.282230713766,242.493573264781
29.47,-17.8985255405883,242.49357326478
29.48,148.275717828129,239.23736075407
29.49,-163.269042683145,239.23736075407
29.5,-51.3058160181288,239.23736075407
29.51,205.813938250395,239.23736075407
29.52,-117.50864162819,239.23736075407
29.53,-114.554833947259,239.23736075407
29.54,224.146030176985,239.23736075407
29.55,-74.7869234256465,239.23736075407
29.56,-179.880003714604,239.23736075407
29.57,111.108642113212,239.23736075407
29.58,120.376588550196,242.185089974293
29.59,-194.64490110442,242.185089974293
29.6,-72.6232639236431,242.185089974293
29.61,228.873118370365,242.185089974293
29.62,-44.1706451902395,242.185089974293
29.63,-220.699670775761,242.185089974293
29.64,90.4398341855503,242.185089974293
29.65,209.474554042399,242.185089974293
29.66,-91.2917339041022,242.185089974293
29.67,-220.562947141719,242.185089974295
29.68,41.9935840884969,248.157669237361
29.69,221.338086916655,248.157669237361
29.7,16.2981033644962,248.157669237361
29.71,-220.456954183188,248.157669237361
29.72,-100.525018788136,248.157669237361
29.73,166.521191363532,248.157669237361
29.74,119.212719842089,248.157669237361
29.75,-111.24288283303,248.157669237361
29.76,-226.477106793759,248.157669237361
29.77,-104.552299350608,248.157669237363
29.78,134.221048262783,253.187660668379
29.79,205.300983943013,253.18766066838
29.8,40.6652273457432,253.18766066838
29.81,-134.171411130202,253.18766066838
29.82,-208.104399124528,253.18766066838
29.83,-103.760965189288,253.18766066838
29.84,123.673699413533,253.18766066838
29.85,229.580523196713,253.18766066838
29.86,148.97915958934,253.18766066838
29.87,72.9395054645525,253.187660668383
29.88,-112.061008823242,259.511568123393
29.89,-211.708260150538,259.511568123393
29.9,-200.469361293838,259.511568123393
29.91,-132.977572067326,259.511568123393
29.92,-34.1874757907887,259.511568123393
29.93,79.0454414999651,259.511568123393
29.94,139.188000880391,259.511568123393
29.95,213.696591662315,259.511568123393
29.96,220.896947966957,259.511568123393
29.97,265.718079459058,259.511568123397
29.98,152.173451984981,269.468723221933
29.99,114.199714410245,269.468723221937
30,75.9731360639054,269.468723221937
30.01,71.7838516258088,269.468723221937
30.02,-14.4177536807748,269.468723221937
30.03,-63.1371607202479,269.468723221937
30.04,-60.6728427826725,269.468723221937
30.05,-90.6441871022651,269.468723221937
30.06,-90.557296259089,269.468723221937
30.07,-56.1700403845878,269.468723221937
30.08,-41.443406473952,280.796915167095
30.09,-12.4628753235969,280.796915167095
30.1,41.1965899272332,280.796915167095
30.11,69.4278758629078,280.796915167095
30.12,102.567539593217,280.796915167095
30.13,133.245081091541,280.796915167095
30.14,209.384349434898,280.796915167095
30.15,199.074805739831,280.796915167095
30.16,226.874108569865,280.796915167095
30.17,193.70696773496,280.796915167096
30.18,116.518580866613,282.716366752356
30.19,91.1436767744088,282.716366752356
30.2,-31.7209620678397,282.716366752356
30.21,-140.845524221042,282.716366752356
30.22,-217.450195402895,282.716366752356
30.23,-241.195237951573,282.716366752356
30.24,-182.512158359428,282.716366752356
30.25,-3.84248040585533,282.716366752356
30.26,118.28523403921,282.716366752356
30.27,217.349524630576,282.716366752359
30.28,188.691019490222,289.614395886887
30.29,91.7686991255255,289.614395886889
30.3,-96.9611451634065,289.614395886889
30.31,-238.657164381573,289.614395886889
30.32,-159.095062603155,289.614395886889
30.33,-56.419382333226,289.614395886889
30.34,131.109141330545,289.614395886889
30.35,236.000808400858,289.614395886889
30.36,120.037671291909,289.614395886889
30.37,-77.4509025748051,289.614395886891
30.38,-239.227841424992,294.738646101114
30.39,-116.988651325726,294.738646101114
30.4,105.9814573617,294.738646101114
30.41,217.530864258072,294.738646101114
30.42,197.550705082154,294.738646101114
30.43,-78.340678554205,294.738646101114
30.44,-220.292653250216,294.738646101114
30.45,-108.436017381694,294.738646101114
30.46,131.179155359613,294.738646101114
30.47,185.812600506206,294.738646101114
30.48,8.77802054487185,294.481576692374
30.49,-205.741610693653,294.481576692374
30.5,-143.792400104674,294.481576692374
30.51,111.803726398994,294.481576692374
30.52,259.351321916286,294.481576692374
30.53,-38.2574553738441,294.481576692374
30.54,-220.225083043237,294.481576692374
30.55,-90.4445667848531,294.481576692374
30.56,238.937654086559,294.481576692374
30.57,133.353296468845,294.481576692374
30.58,-198.32012136114,298.251928020566
30.59,-116.150160368663,298.251928020566
30.6,163.436154334892,298.251928020566
30.61,138.459350607424,298.251928020566
30.62,-143.107560945499,298.251928020566
30.63,-204.585129485724,298.251928020566
30.64,159.237213438977,298.251928020566
30.65,144.746620141332,298.251928020566
30.66,-212.549970235379,298.251928020566
30.67,-107.90460139648,298.251928020567
30.68,211.187846045456,303.093401885176
30.69,11.8676197179522,303.093401885176
30.7,-210.683684771275,303.093401885176
30.71,110.585043585563,303.093401885176
30.72,114.876439843624,303.093401885176
30.73,-174.021437324861,303.093401885176
30.74,-37.8659134398356,303.093401885176
30.75,185.822679355973,303.093401885176
30.76,-177.3997359828,303.093401885176
30.77,-82.1706010391974,303.093401885177
30.78,225.901215954686,307.086546700941
30.79,-119.469823358759,307.086546700943
30.8,-106.483631806614,307.086546700943
30.81,246.324863610092,307.086546700943
30.82,-164.461958997501,307.086546700943
30.83,-95.7533638802898,307.086546700943
30.84,281.067065749373,307.086546700943
30.85,-212.284211988481,307.086546700943
30.86,67.0921866753018,307.086546700943
30.87,185.218670487261,307.086546700946
30.88,-243.838705196708,317.472150814053
30.89,208.338161312276,317.472150814053
30.9,16.2996627923027,317.472150814053
30.91,-122.087577280487,317.472150814053
30.92,240.478643516179,317.472150814053
30.93,-150.079531475212,317.472150814053
30.94,27.9916353900167,317.472150814053
30.95,104.895166441663,317.472150814053
30.96,-264.070854510197,317.472150814053
30.97,248.561111345012,317.472150814053
30.98,-140.946430316109,317.51499571551
30.99,42.9681017836922,317.51499571551
31,109.874765213437,317.51499571551
31.01,-266.00067371444,317.51499571551
31.02,260.074983224274,317.51499571551
31.03,-156.406479389469,317.51499571551
31.04,-18.6484416656506,317.51499571551
31.05,134.786724601044,317.51499571551
31.06,-211.226316857224,317.51499571551
31.07,239.35153799526,317.514995715512
31.08,-112.192357429565,323.470437017995
31.09,-30.8924848121871,323.470437017995
31.1,168.909850926367,323.470437017995
31.11,-218.127287740731,323.470437017995
31.12,128.745044254851,323.470437017995
31.13,63.3173108728777,323.470437017995
31.14,-227.46495019242,323.470437017995
31.15,202.215862933625,323.470437017995
31.16,-92.9949637138137,323.470437017995
31.17,-130.848858173081,323.470437017989
31.18,227.11332594579,307.163667523565
31.19,-135.804700404339,307.163667523565
31.2,-53.926453255924,307.163667523565
31.21,212.474144682902,307.163667523565
31.22,-142.926624436147,307.163667523565
31.23,-92.5821833647539,307.163667523565
31.24,226.613055847903,307.163667523565
31.25,-107.420437472199,307.163667523565
31.26,-177.706234885549,307.163667523565
31.27,209.343027870857,307.163667523559
31.28,-43.629690483521,290.651242502148
31.29,-195.4013112209,290.651242502142
31.3,115.747482994456,290.651242502142
31.31,172.621895654107,290.651242502142
31.32,-248.402137940436,290.651242502142
31.33,-81.2342001784267,290.651242502142
31.34,216.921767217373,290.651242502142
31.35,-15.4639694771269,290.651242502142
31.36,-225.661382256394,290.651242502142
31.37,77.5858058816002,290.65124250214
31.38,187.615437418216,284.764353041988
31.39,-80.5783207783103,284.764353041988
31.4,-217.858576555161,284.764353041988
31.41,102.993992535767,284.764353041988
31.42,248.521932387696,284.764353041988
31.43,-38.4202498124952,284.764353041988
31.44,-227.949715629522,284.764353041988
31.45,-4.40674585183949,284.764353041988
31.46,224.457527828441,284.764353041988
31.47,113.111819134287,284.764353041987
31.48,-154.944604893876,281.568123393317
31.49,-200.309205987123,281.568123393316
31.5,73.082018495786,281.568123393316
31.51,226.595984939536,281.568123393316
31.52,85.2925954369546,281.568123393316
31.53,-186.399641154914,281.568123393316
31.54,-169.239028068101,281.568123393316
31.55,36.1181139905056,281.568123393316
31.56,223.603912974366,281.568123393316
31.57,144.271814340063,281.568123393313
31.58,-79.3558135243348,272.570694087404
31.59,-224.334388674174,272.570694087404
31.6,-177.637918152704,272.570694087404
31.61,103.407189040626,272.570694087404
31.62,250.821422528386,272.570694087404
31.63,168.870845506576,272.570694087404
31.64,11.2580896522777,272.570694087404
31.65,-155.870204650378,272.570694087404
31.66,-228.007688353513,272.570694087404
31.67,-122.415987829855,272.570694087397
31.68,77.7572016407617,254.190231362468
31.69,184.21843611534,254.190231362468
31.7,219.383216260846,254.190231362468
31.71,126.013532862997,254.190231362468
31.72,-15.2443092359217,254.190231362468
31.73,-126.960000779234,254.190231362468
31.74,-224.305840337077,254.190231362468
31.75,-197.372855924649,254.190231362468
31.76,-110.043112223217,254.190231362468
31.77,13.8244389804907,254.190231362468
31.78,133.823781516735,254.361610968295
31.79,208.469715096747,254.361610968295
31.8,227.018058255244,254.361610968295
31.81,167.040526657918,254.361610968295
31.82,116.308622041231,254.361610968295
31.83,46.2049346008613,254.361610968295
31.84,-68.6675877288161,254.361610968295
31.85,-114.288521681655,254.361610968295
31.86,-152.729945813366,254.361610968295
31.87,-222.919709925701,254.361610968291
31.88,-227.918283174507,243.196229648672
31.89,-215.871487716363,243.196229648672
31.9,-169.413665716827,243.196229648672
31.91,-143.260390929035,243.196229648672
31.92,-114.714313608428,243.196229648672
31.93,-87.336063778177,243.196229648672
31.94,-41.1543230283602,243.196229648672
31.95,15.5845729058205,243.196229648672
31.96,68.0658817221153,243.196229648672
31.97,104.87039167453,243.196229648673
31.98,112.539579954079,247.823479005997
31.99,120.931297503997,247.823479005998
32,116.398375689729,247.823479005998
32.01,134.454949097199,247.823479005998
32.02,125.296171355692,247.823479005998
32.03,156.154234138516,247.823479005998
32.04,156.260156636447,247.823479005998
32.05,151.628556205449,247.823479005998
32.06,152.260174889263,247.823479005998
32.07,150.303290550265,247.823479005998
32.08,150.334393615716,257.926306769494
32.09,152.348424277259,257.926306769494
32.1,151.333524171399,257.926306769494
32.11,156.122358192126,257.926306769494
32.12,155.898542631956,257.926306769494
32.13,124.871606715153,257.926306769494
32.14,133.765535919196,257.926306769494
32.15,115.724200171617,257.926306769494
32.16,113.503287858136,257.926306769494
32.17,115.199109717041,257.926306769494
32.18,79.1617683354869,261.739502999143
32.19,73.2517790090473,261.739502999143
32.2,16.7560996703548,261.739502999143
32.21,-44.3018769177404,261.739502999143
32.22,-90.9444413226651,261.739502999143
32.23,-113.339024589496,261.739502999143
32.24,-113.928140645463,261.739502999143
32.25,-120.071757880262,261.739502999143
32.26,-171.853512842923,261.739502999143
32.27,-194.91359465559,261.739502999144
32.28,-214.398161949285,262.879177377892
32.29,-226.255483156615,262.879177377892
32.3,-227.837428709158,262.879177377892
32.31,-221.470598406523,262.879177377892
32.32,-207.746224376465,262.879177377892
32.33,-150.947988195697,262.879177377892
32.34,-125.348017839547,262.879177377892
32.35,-108.424765852404,262.879177377892
32.36,-105.329951912503,262.879177377892
32.37,-72.2582325212528,262.879177377895
32.38,-18.201511326753,266.949443016278
32.39,91.8540590234408,266.949443016281
32.4,112.526262535057,266.949443016281
32.41,116.295619432361,266.949443016281
32.42,165.401701779212,266.949443016281
32.43,216.258083262659,266.949443016281
32.44,232.239785302308,266.949443016281
32.45,223.632600540342,266.949443016281
32.46,183.794401591469,266.949443016281
32.47,133.963865631843,266.949443016281
32.48,105.834571936428,273.273350471294
32.49,16.5191797811321,273.273350471294
32.5,-91.9682006706314,273.273350471294
32.51,-126.436996044029,273.273350471294
32.52,-165.267326453904,273.273350471294
32.53,-216.134856444725,273.273350471294
32.54,-223.423314597073,273.273350471294
32.55,-182.838281547341,273.273350471294
32.56,-108.991882012824,273.273350471294
32.57,-72.8146758875564,273.273350471294
32.58,90.7138453455858,267.866323907455
32.59,125.35484687902,267.866323907455
32.6,165.422888159773,267.866323907455
32.61,232.149294228547,267.866323907455
32.62,183.633029410849,267.866323907455
32.63,115.289651227843,267.866323907455
32.64,48.2835905106204,267.866323907455
32.65,-117.06056135164,267.866323907455
32.66,-136.516501926838,267.866323907455
32.67,-215.863354646553,267.866323907455
32.68,-211.577011411361,266.580976863753
32.69,-134.701668238057,266.580976863753
32.7,-72.0534111917472,266.580976863753
32.71,112.101311108317,266.580976863753
32.72,167.624714230861,266.580976863753
32.73,232.17177663368,266.580976863753
32.74,150.81305612729,266.580976863753
32.75,115.595138624147,266.580976863753
32.76,-71.4875600474851,266.580976863753
32.77,-137.990014947025,266.580976863753
32.78,-233.490148176522,266.795201371037
32.79,-148.844913544878,266.795201371037
32.8,-92.5434374974547,266.795201371037
32.81,116.205190531552,266.795201371037
32.82,166.177738390824,266.795201371037
32.83,229.923351648851,266.795201371037
32.84,110.70082879954,266.795201371037
32.85,-14.950274375922,266.795201371037
32.86,-115.476372311781,266.795201371037
32.87,-233.480589238925,266.795201371034
32.88,-127.0613409531,262.982005141391
32.89,-18.3188282912895,262.982005141388
32.9,113.454180530102,262.982005141388
32.91,229.913421795569,262.982005141388
32.92,129.10062288515,262.982005141388
32.93,-44.4663381030822,262.982005141388
32.94,-165.998892689173,262.982005141388
32.95,-213.704031982924,262.982005141388
32.96,-116.021513904297,262.982005141388
32.97,111.828055973479,262.982005141388
32.98,222.198721745606,255.518423307626
32.99,120.774196693196,255.518423307626
33,-44.3160887041754,255.518423307626
33.01,-165.699436745445,255.518423307626
33.02,-183.032180468001,255.518423307626
33.03,-49.8736793775282,255.518423307626
33.04,139.15339735696,255.518423307626
33.05,212.523540422129,255.518423307626
33.06,99.8862099722256,255.518423307626
33.07,-115.470341496118,255.518423307626
33.08,-212.968139507728,254.01028277635
33.09,-110.445120430284,254.01028277635
33.1,138.97835411173,254.01028277635
33.11,184.723225649371,254.01028277635
33.12,73.9627303730929,254.01028277635
33.13,-164.785497680165,254.01028277635
33.14,-149.268599118384,254.01028277635
33.15,78.0108555952851,254.01028277635
33.16,217.467962497532,254.01028277635
33.17,103.981266393938,254.01028277635
33.18,-113.369129160846,254.627249357326
33.19,-218.991693767195,254.627249357326
33.2,-74.7995958821908,254.627249357326
33.21,165.644174566962,254.627249357326
33.22,120.430744773125,254.627249357326
33.23,-122.343204685977,254.627249357326
33.24,-229.241761938049,254.627249357326
33.25,-50.1730745778696,254.627249357326
33.26,195.107156840134,254.627249357326
33.27,111.675451798987,254.627249357327
33.28,-112.306659269151,255.852613538989
33.29,-184.070651329539,255.852613538989
33.3,77.9984147019736,255.852613538989
33.31,232.400759360298,255.852613538989
33.32,100.68186374176,255.852613538989
33.33,-168.464683343564,255.852613538989
33.34,-114.612856520655,255.852613538989
33.35,113.371320709584,255.852613538989
33.36,121.329421356118,255.852613538989
33.37,-115.772392175405,255.85261353899
33.38,-183.83933114703,257.163667523564
33.39,109.991851274477,257.163667523565
33.4,212.676451739389,257.163667523565
33.41,-75.0608139319949,257.163667523565
33.42,-229.106927294781,257.163667523565
33.43,14.9495985321166,257.163667523565
33.44,230.509862534129,257.163667523565
33.45,16.9933735018109,257.163667523565
33.46,-220.056548020816,257.163667523565
33.47,-52.0287723005867,257.163667523565
33.48,220.666285911371,257.926306769494
33.49,100.752593993561,257.926306769494
33.5,-221.029460989226,257.926306769494
33.51,-96.590142444328,257.926306769494
33.52,217.031809691175,257.926306769494
33.53,95.7647529458587,257.926306769494
33.54,-193.798173378218,257.926306769494
33.55,-116.845343604413,257.926306769494
33.56,163.153596234934,257.926306769494
33.57,112.545393730091,257.926306769494
33.58,-130.522417637566,261.730934018852
33.59,-104.351624339612,261.730934018852
33.6,115.594691578776,261.730934018852
33.61,117.657430209709,261.730934018852
33.62,-116.376010595714,261.730934018852
33.63,-207.853535911489,261.730934018852
33.64,41.9805189630195,261.730934018852
33.65,226.491138272167,261.730934018852
33.66,73.5779253635262,261.730934018852
33.67,-194.635713890642,261.730934018852
33.68,-112.659255277577,268.714652956298
33.69,106.675439654042,268.714652956298
33.7,205.208654211343,268.714652956298
33.71,-45.2274591028388,268.714652956298
33.72,-211.814850192447,268.714652956298
33.73,-113.300191299434,268.714652956298
33.74,107.564922253818,268.714652956298
33.75,225.671788146573,268.714652956298
33.76,108.965253211023,268.714652956298
33.77,-137.850169218662,268.714652956304
33.78,-206.92618990658,277.38646101114
33.79,-71.2997917988554,277.38646101114
33.8,134.397460257291,277.38646101114
33.81,206.041109341874,277.38646101114
33.82,108.229365482951,277.38646101114
33.83,-117.812579699644,277.38646101114
33.84,-226.205608523004,277.38646101114
33.85,-107.922147671404,277.38646101114
33.86,115.127348673173,277.38646101114
33.87,193.039570111606,277.386461011141
33.88,181.212577579782,279.091688089116
33.89,107.976508236105,279.091688089117
33.9,-107.525248533584,279.091688089117
33.91,-213.993175252888,279.091688089117
33.92,-181.258566352639,279.091688089117
33.93,-107.508922273187,279.091688089117
33.94,110.80926851962,279.091688089117
33.95,193.059861678515,279.091688089117
33.96,218.682926499636,279.091688089117
33.97,119.556589094786,279.091688089117
33.98,-12.0523771672242,277.634961439589
33.99,-117.809753381532,277.634961439589
34,-214.005186687686,277.634961439589
34.01,-207.403951879108,277.634961439589
34.02,-112.121535675391,277.634961439589
34.03,-17.6916391796755,277.634961439589
34.04,114.817857697717,277.634961439589
34.05,163.612645140406,277.634961439589
34.06,226.59723877869,277.634961439589
34.07,180.789270486793,277.634961439589
34.08,136.634003642296,278.817480719794
34.09,39.6818811446784,278.817480719794
34.1,-86.5849189700219,278.817480719794
34.11,-140.929370109388,278.817480719794
34.12,-194.692624035543,278.817480719794
34.13,-226.412253480295,278.817480719794
34.14,-208.056174014333,278.817480719794
34.15,-152.11213900282,278.817480719794
34.16,-118.946876506561,278.817480719794
34.17,-69.2106340965076,278.817480719794
34.18,44.2754368101182,283.316195372751
34.19,86.2693650743904,283.316195372751
34.2,133.583868268749,283.316195372751
34.21,141.535395331351,283.316195372751
34.22,163.913703353412,283.316195372751
34.23,213.807778615709,283.316195372751
34.24,215.812103480035,283.316195372751
34.25,224.202181853626,283.316195372751
34.26,232.974764718571,283.316195372751
34.27,222.190170324436,283.316195372761
34.28,221.01888938462,297.806341045416
34.29,205.823899119171,297.806341045416
34.3,217.51579139707,297.806341045416
34.31,265.990514745283,297.806341045416
34.32,204.910222438457,297.806341045416
34.33,205.058523244386,297.806341045416
34.34,218.009412400624,297.806341045416
34.35,221.400828839985,297.806341045416
34.36,222.177653040967,297.806341045416
34.37,232.98184542498,297.806341045423
34.38,221.725290441725,307.532133676086
34.39,232.295493180112,307.532133676093
34.4,228.381362040728,307.532133676093
34.41,192.926200930587,307.532133676093
34.42,139.636712342646,307.532133676093
34.43,110.625736235679,307.532133676093
34.44,92.5466628154104,307.532133676093
34.45,38.6527501344863,307.532133676093
34.46,-38.3111863679254,307.532133676093
34.47,-100.865515555131,307.532133676093
34.48,-126.240916142271,307.360754070266
34.49,-182.536709046667,307.360754070266
34.5,-241.339023837142,307.360754070266
34.51,-211.446968381121,307.360754070266
34.52,-168.556665911994,307.360754070266
34.53,-91.0211753545843,307.360754070266
34.54,40.3043064645147,307.360754070266
34.55,133.567930427025,307.360754070266
34.56,204.755979958935,307.360754070266
34.57,244.730849566871,307.360754070266
34.58,139.606150832643,314.935732647815
34.59,58.9917459642831,314.935732647815
34.6,-113.012309429835,314.935732647815
34.61,-179.08451268038,314.935732647815
34.62,-209.046216262058,314.935732647815
34.63,-132.110738703881,314.935732647815
34.64,74.2251809562016,314.935732647815
34.65,186.668353257872,314.935732647815
34.66,223.405886469875,314.935732647815
34.67,144.389734327787,314.935732647815
34.68,-64.9669283633153,318.260497000857
34.69,-181.197841847388,318.260497000857
34.7,-211.476668769344,318.260497000857
34.71,-79.1999287038822,318.260497000857
34.72,131.139466799264,318.260497000857
34.73,249.182139592253,318.260497000857
34.74,117.587270608695,318.260497000857
34.75,-101.171668006729,318.260497000857
34.76,-220.328916346632,318.260497000857
34.77,-109.557814662487,318.260497000857
34.78,96.6467318988164,317.83204798629
34.79,238.204125879813,317.83204798629
34.8,108.437992809456,317.83204798629
34.81,-113.197877725197,317.83204798629
34.82,-226.334965996841,317.83204798629
34.83,-26.7323194217499,317.83204798629
34.84,153.768572898322,317.83204798629
34.85,165.713738046599,317.83204798629
34.86,-64.7813817558047,317.83204798629
34.87,-220.237170761355,317.832047986287
34.88,-107.223650922316,314.532990574124
34.89,159.507484016666,314.532990574122
34.9,126.498579936464,314.532990574122
34.91,-100.491672545049,314.532990574122
34.92,-226.167078448284,314.532990574122
34.93,-94.7694553011732,314.532990574122
34.94,241.72029027983,314.532990574122
34.95,120.377867815141,314.532990574122
34.96,-128.321946684392,314.532990574122
34.97,-125.818150110359,314.532990574122
34.98,81.5906753425835,316.503856041131
34.99,209.974346722451,316.503856041131
35,-38.2925699592826,316.503856041131
35.01,-224.805993828831,316.503856041131
35.02,-34.5425515586948,316.503856041131
35.03,259.862109416903,316.503856041131
35.04,91.5000563752907,316.503856041131
35.05,-206.772312297357,316.503856041131
35.06,-92.8666267964852,316.503856041131
35.07,181.227379995905,316.503856041131
35.08,117.700517241593,319.571550985433
35.09,-213.349502478942,319.571550985433
35.1,-127.88087050238,319.571550985433
35.11,185.100443884392,319.571550985433
35.12,126.252859140026,319.571550985433
35.13,-166.616484912004,319.571550985433
35.14,-175.959496431327,319.571550985433
35.15,177.697727608811,319.571550985433
35.16,185.417469547335,319.571550985433
35.17,-125.207471597573,319.571550985433
35.18,-118.514521625869,325.801199657241
35.19,159.235456750039,325.801199657241
35.2,182.106875449414,325.801199657241
35.21,-130.333939991313,325.801199657241
35.22,-133.847109734536,325.801199657241
35.23,163.174999839008,325.801199657241
35.24,227.449105572916,325.801199657241
35.25,-148.49357642667,325.801199657241
35.26,-225.295471041168,325.801199657241
35.27,127.493834580463,325.801199657244
35.28,195.355812352119,330.70265638389
35.29,-111.312363108118,330.70265638389
35.3,-237.825090768297,330.70265638389
35.31,68.7401197762726,330.70265638389
35.32,234.731203895312,330.70265638389
35.33,-73.2385661810647,330.70265638389
35.34,-243.642103257325,330.70265638389
35.35,-41.5603929507304,330.70265638389
35.36,224.002533399926,330.70265638389
35.37,93.3960925241068,330.702656383887
35.38,-247.505596578041,326.109682947732
35.39,-133.632422251864,326.109682947729
35.4,159.216916590696,326.109682947729
35.41,135.720926794506,326.109682947729
35.42,-105.419708158667,326.109682947729
35.43,-238.197302669526,326.109682947729
35.44,82.7316695452768,326.109682947729
35.45,265.646168311278,326.109682947729
35.46,89.9899027534753,326.109682947729
35.47,-183.562261492143,326.109682947729
35.48,-178.768823415172,328.08911739503
35.49,115.250971576544,328.08911739503
35.5,195.34720072044,328.08911739503
35.51,-66.7106683224973,328.08911739503
35.52,-242.061990495607,328.08911739503
35.53,-91.7091895475726,328.08911739503
35.54,240.90219349745,328.08911739503
35.55,143.767790243067,328.08911739503
35.56,-113.423127540143,328.08911739503
35.57,-212.212086755619,328.08911739503
35.58,11.6312336549612,326.341045415596
35.59,221.234609223487,326.341045415596
35.6,92.4030957037631,326.341045415596
35.61,-212.905332338884,326.341045415596
35.62,-171.705430233603,326.341045415596
35.63,130.784301901569,326.341045415596
35.64,262.853480344255,326.341045415596
35.65,-80.5927510530774,326.341045415596
35.66,-221.951716266962,326.341045415596
35.67,-67.3471651808798,326.341045415596
35.68,248.325048786215,331.979434447301
35.69,116.878451431761,331.979434447301
35.7,-209.443712770325,331.979434447301
35.71,-110.072191067413,331.979434447301
35.72,158.895923543945,331.979434447301
35.73,136.360201682338,331.979434447301
35.74,-138.400027804028,331.979434447301
35.75,-198.002592221789,331.979434447301
35.76,109.313143369939,331.979434447301
35.77,208.090986502001,331.979434447305
35.78,-91.4387820010542,338.200514138817
35.79,-236.229157971347,338.200514138817
35.8,76.5824340126668,338.200514138817
35.81,197.288147501539,338.200514138817
35.82,-71.0397359760139,338.200514138817
35.83,-222.189820852551,338.200514138817
35.84,40.6810280061774,338.200514138817
35.85,233.196257247917,338.200514138817
35.86,50.1130095489234,338.200514138817
35.87,-222.460893629171,338.200514138813
35.88,-63.3806138892281,332.433590402746
35.89,224.209220766406,332.433590402742
35.9,91.6593461111141,332.433590402742
35.91,-243.498459636365,332.433590402742
35.92,-110.572921174748,332.433590402742
35.93,183.443356494942,332.433590402742
35.94,121.498178670023,332.433590402742
35.95,-174.208654184543,332.433590402742
35.96,-203.985434023837,332.433590402742
35.97,127.791655186985,332.433590402742
35.98,196.181815811137,340.402742073693
35.99,-67.3517368087984,340.402742073693
36,-228.101466941188,340.402742073693
36.01,-65.3199209936116,340.402742073693
36.02,267.58463987383,340.402742073693
36.03,117.29070132233,340.402742073693
36.04,-201.015368776326,340.402742073693
36.05,-168.756621763938,340.402742073693
36.06,108.251201851757,340.402742073693
36.07,210.2106645953,340.402742073693
36.08,-40.9639853886775,334.413024850043
36.09,-264.010069083898,334.413024850043
36.1,-89.7945659954202,334.413024850043
36.11,213.864941229509,334.413024850043
36.12,141.308054984171,334.413024850043
36.13,-114.042713530772,334.413024850043
36.14,-264.856313659778,334.413024850043
36.15,76.0832181157369,334.413024850043
36.16,221.38243609792,334.413024850043
36.17,37.5188950234267,334.413024850043
36.18,-216.895574929807,338.27763496144
36.19,-82.873861722796,338.27763496144
36.2,181.345178240024,338.27763496144
36.21,111.31557945537,338.27763496144
36.22,-121.147473721609,338.27763496144
36.23,-117.204856768087,338.27763496144
36.24,155.44929717036,338.27763496144
36.25,226.274834112342,338.27763496144
36.26,-134.7095480765,338.27763496144
36.27,-135.367018292256,338.277634961448
36.28,105.529943169539,349.914310197087
36.29,139.631340755526,349.914310197087
36.3,-125.393141100339,349.914310197087
36.31,-182.604034255112,349.914310197087
36.32,149.253397902601,349.914310197087
36.33,117.07747813214,349.914310197087
36.34,-207.875365187277,349.914310197087
36.35,-91.0621486731296,349.914310197087
36.36,261.119925508777,349.914310197087
36.37,-15.1960667486441,349.914310197095
36.38,-263.471267119096,361.696658097678
36.39,100.75587126102,361.696658097686
36.4,134.448658768696,361.696658097686
36.41,-134.268061809993,361.696658097686
36.42,-108.260620270286,361.696658097686
36.43,216.330098918126,361.696658097686
36.44,48.586557137121,361.696658097686
36.45,-210.620765196138,361.696658097686
36.46,101.697652097137,361.696658097686
36.47,136.455032165269,361.696658097686
36.48,-250.286400521642,370.856898029135
36.49,-92.0709992893128,370.856898029135
36.5,226.461832964678,370.856898029135
36.51,-67.4463445064724,370.856898029135
36.52,-158.510372193932,370.856898029135
36.53,131.052250303804,370.856898029135
36.54,135.63829076134,370.856898029135
36.55,-240.858655374565,370.856898029135
36.56,14.2241727759354,370.856898029135
36.57,230.876970407007,370.856898029135
36.58,-142.379554386772,365.175664095973
36.59,-143.886335090067,365.175664095973
36.6,205.98655546228,365.175664095973
36.61,12.0918726489379,365.175664095973
36.62,-263.157973062427,365.175664095973
36.63,132.747684316888,365.175664095973
36.64,133.112561007594,365.175664095973
36.65,-211.159357418493,365.175664095973
36.66,36.4127929410516,365.175664095973
36.67,190.116884231483,365.175664095973
36.68,-190.699286213977,361.413881748072
36.69,-85.7481956206823,361.413881748072
36.7,232.093606591123,361.413881748072
36.71,-110.514129192942,361.413881748072
36.72,-153.729101110358,361.413881748072
36.73,235.60101006756,361.413881748072
36.74,-31.4381811896839,361.413881748072
36.75,-202.753847989189,361.413881748072
36.76,242.22478764449,361.413881748072
36.77,20.3052054225805,361.413881748076
36.78,-255.350679532526,366.503856041131
36.79,208.058443780285,366.503856041131
36.8,16.1767019142918,366.503856041131
36.81,-196.683043727959,366.503856041131
36.82,239.287166318213,366.503856041131
36.83,-66.8333548909099,366.503856041131
36.84,-137.250559576052,366.503856041131
36.85,249.989640505845,366.503856041131
36.86,-104.040175983317,366.503856041131
36.87,-106.730302619435,366.503856041136
36.88,204.958531717994,374.001713796053
36.89,-194.749520647674,374.001713796058
36.9,32.3805189852434,374.001713796058
36.91,112.741315946557,374.001713796058
36.92,-221.061417394083,374.001713796058
36.93,211.847428938911,374.001713796058
36.94,-96.9366251661371,374.001713796058
36.95,-94.3300279040202,374.001713796058
36.96,164.412180002608,374.001713796058
36.97,-260.292083665343,374.001713796058
36.98,164.730794931509,385.784061696658
36.99,-79.0958055668909,385.784061696658
37,-92.1463891854439,385.784061696658
37.01,266.505578272643,385.784061696658
37.02,-217.009104792868,385.784061696658
37.03,264.027162354722,385.784061696658
37.04,-177.420688676169,385.784061696658
37.05,64.4379342910176,385.784061696658
37.06,89.4144183690423,385.784061696658
37.07,-129.379714564403,385.784061696658
37.08,266.51449473062,394.198800342759
37.09,-189.643037091698,394.198800342759
37.1,210.474811613104,394.198800342759
37.11,-199.980042437508,394.198800342759
37.12,176.755819008528,394.198800342759
37.13,-163.279647263647,394.198800342759
37.14,94.2114831868197,394.198800342759
37.15,-58.8125550917915,394.198800342759
37.16,41.3401538501589,394.198800342759
37.17,62.2748469399499,394.198800342759
37.18,-46.6528054984022,382.056555269923
37.19,89.8339034407956,382.056555269923
37.2,-98.4634585704098,382.056555269923
37.21,108.916076397317,382.056555269923
37.22,-129.025354969625,382.056555269923
37.23,129.311295271067,382.056555269923
37.24,-109.447012097871,382.056555269923
37.25,133.125906008338,382.056555269923
37.26,-130.24983503203,382.056555269923
37.27,114.655044702107,382.056555269931
37.28,-90.1918599779942,393.084832904884
37.29,80.8361521941525,393.084832904884
37.3,5.87966813525672,393.084832904884
37.31,15.6542439839289,393.084832904884
37.32,73.7626907571992,393.084832904884
37.33,-78.8363228751046,393.084832904884
37.34,111.88175701337,393.084832904884
37.35,-239.144545307928,393.084832904884
37.36,266.94280386926,393.084832904884
37.37,-245.726578938651,393.084832904889
37.38,250.935794807382,400.231362467861
37.39,-234.123652766848,400.231362467866
37.4,138.906526168952,400.231362467866
37.41,-106.012788404773,400.231362467866
37.42,11.6752814965515,400.231362467866
37.43,75.638348243803,400.231362467866
37.44,-205.799270778761,400.231362467866
37.45,238.592815872209,400.231362467866
37.46,-272.335145927725,400.231362467866
37.47,138.655155636193,400.231362467866
37.48,-52.6243759681197,400.385604113111
37.49,-76.9011296925431,400.385604113111
37.5,201.587135699175,400.385604113111
37.51,-248.234005546006,400.385604113111
37.52,264.985388131997,400.385604113111
37.53,-81.2979751929853,400.385604113111
37.54,-78.8333981783676,400.385604113111
37.55,239.247155416355,400.385604113111
37.56,-244.560682129969,400.385604113111
37.57,149.74478525166,400.385604113111
37.58,36.028934109062,388.389031705227
37.59,-187.02291354257,388.389031705227
37.6,269.368112494797,388.389031705227
37.61,-132.830481637398,388.389031705227
37.62,-31.7504665504798,388.389031705227
37.63,239.056900093253,388.389031705227
37.64,-271.437348455241,388.389031705227
37.65,84.7556643687857,388.389031705227
37.66,106.540747898473,388.389031705227
37.67,-233.560928605443,388.389031705227
37.68,134.675945836796,413.598971722365
37.69,-13.2407894193034,413.598971722365
37.7,-150.518277771319,413.598971722365
37.71,215.805776166141,413.598971722365
37.72,-105.352372541805,413.598971722365
37.73,-104.609349553305,413.598971722365
37.74,261.286433730469,413.598971722365
37.75,-141.986859917923,413.598971722365
37.76,-6.02231865642807,413.598971722365
37.77,244.411300575314,413.59897172237
37.78,-233.577068497507,420.299914310197
37.79,111.979165925593,420.299914310197
37.8,83.0904853573368,420.299914310197
37.81,-213.544542541262,420.299914310197
37.82,161.577022236261,420.299914310197
37.83,-45.8932091434496,420.299914310197
37.84,-104.619547252343,420.299914310197
37.85,201.972042241146,420.299914310197
37.86,-262.892350433055,420.299914310197
37.87,133.932387334186,420.299914310171
37.88,36.7584894976861,384.027420736958
37.89,-162.089721402133,384.027420736932
37.9,247.732091975925,384.027420736932
37.91,-266.293251231999,384.027420736932
37.92,180.449962796717,384.027420736932
37.93,3.29982390388362,384.027420736932
37.94,-79.6375655514413,384.027420736932
37.95,223.449930779973,384.027420736932
37.96,-265.26757238365,384.027420736932
37.97,241.225374700154,384.027420736932
37.98,-266.365411694818,342.48500428449
37.99,141.597793890426,342.48500428449
38,-110.839543568378,342.48500428449
38.01,31.3066364641006,342.48500428449
38.02,-30.3006845845037,342.48500428449
38.03,-34.9210777952988,342.48500428449
38.04,75.970837879716,342.48500428449
38.05,-106.843719590496,342.48500428449
38.06,115.240485044056,342.48500428449
38.07,-136.538639880912,342.48500428449
38.08,137.653143331185,307.403598971722
38.09,-180.263365062088,307.403598971722
38.1,182.572687294813,307.403598971722
38.11,-137.53828008598,307.403598971722
38.12,114.601277467223,307.403598971722
38.13,-108.317893223543,307.403598971722
38.14,100.645545298193,307.403598971722
38.15,-79.8475813851258,307.403598971722
38.16,-19.5715352479632,307.403598971722
38.17,58.6740975980155,307.403598971722
38.18,-96.5409676043335,313.204798628963
38.19,147.34896563487,313.204798628963
38.2,-261.852741852064,313.204798628963
38.21,224.531679376771,313.204798628963
38.22,-240.638879417377,313.204798628963
38.23,188.545660934799,313.204798628963
38.24,-113.332027755504,313.204798628963
38.25,40.4954492366459,313.204798628963
38.26,93.5847375191824,313.204798628963
38.27,-142.537998144241,313.20479862895
38.28,222.122145948208,294.301628106255
38.29,-209.800429325827,294.301628106255
38.3,120.127930790671,294.301628106255
38.31,43.9669878303053,294.301628106255
38.32,-185.021477151405,294.301628106255
38.33,248.104381864026,294.301628106255
38.34,-188.138239688756,294.301628106255
38.35,71.40932824121,294.301628106255
38.36,110.467234075558,294.301628106255
38.37,-250.645684381987,294.301628106233
38.38,246.648155954031,263.453299057434
38.39,-73.0843719637769,263.453299057412
38.4,-174.852325010939,263.453299057412
38.41,264.242742474133,263.453299057412
38.42,-105.684459673965,263.453299057412
38.43,-132.020230570514,263.453299057412
38.44,224.826400030246,263.453299057412
38.45,-113.212966986281,263.453299057412
38.46,-112.952252305681,263.453299057412
38.47,225.228538549462,263.453299057412
38.48,-101.027246700743,235.946872322194
38.49,-143.437878729362,235.946872322194
38.5,240.108284341359,235.946872322194
38.51,16.2431777086002,235.946872322194
38.52,-237.251840451557,235.946872322194
38.53,162.516874761218,235.946872322194
38.54,121.917970218223,235.946872322194
38.55,-243.324724021651,235.946872322194
38.56,-35.3689246323423,235.946872322194
38.57,224.336123586386,235.946872322194
38.58,-65.5702278019421,209.477292202228
38.59,-216.082210958428,209.477292202228
38.6,109.292569928526,209.477292202228
38.61,162.195416554821,209.477292202228
38.62,-115.397680926436,209.477292202228
38.63,-169.134142077871,209.477292202228
38.64,116.565615611471,209.477292202228
38.65,198.554591911258,209.477292202228
38.66,-127.493650565428,209.477292202228
38.67,-256.010006518962,209.477292202228
38.68,95.9423942019591,205.372750642674
38.69,226.931172870567,205.372750642674
38.7,-44.9408339831756,205.372750642674
38.71,-227.903911314245,205.372750642674
38.72,-92.4016223816892,205.372750642674
38.73,151.723382368414,205.372750642674
38.74,168.801282453888,205.372750642674
38.75,-104.301612005134,205.372750642674
38.76,-228.785299286592,205.372750642674
38.77,-92.1872456057235,205.372750642659
38.78,161.795698722855,184.798628963153
38.79,248.603516826739,184.798628963153
38.8,13.0346823461167,184.798628963153
38.81,-184.129536493376,184.798628963153
38.82,-169.431818477796,184.798628963153
38.83,15.3201115154832,184.798628963153
38.84,184.813532133658,184.798628963153
38.85,229.253358609984,184.798628963153
38.86,13.03367803747,184.798628963153
38.87,-156.948750964808,184.798628963147
38.88,-216.663671279284,175.749785775499
38.89,-91.1516607509885,175.749785775493
38.9,103.375800615842,175.749785775493
38.91,204.541200360498,175.749785775493
38.92,169.251745304393,175.749785775493
38.93,38.4832797700659,175.749785775493
38.94,-135.542158840593,175.749785775493
38.95,-228.613550642933,175.749785775493
38.96,-168.499100936426,175.749785775493
38.97,-61.7218500852491,175.749785775493
38.98,120.228086799179,193.016281062554
38.99,208.424292809775,193.016281062554
39,195.994477674722,193.016281062554
39.01,113.40103519978,193.016281062554
39.02,-71.705922414602,193.016281062554
39.03,-125.788144556094,193.016281062554
39.04,-228.659604810869,193.016281062554
39.05,-165.808331895637,193.016281062554
39.06,-112.75523443841,193.016281062554
39.07,65.5405142236301,193.016281062554
39.08,160.35631673105,215.004284490146
39.09,224.825317058811,215.004284490146
39.1,194.228200861506,215.004284490146
39.11,118.708718900468,215.004284490146
39.12,-18.1386345638001,215.004284490146
39.13,-113.949252375364,215.004284490146
39.14,-210.222577043433,215.004284490146
39.15,-227.173478499056,215.004284490146
39.16,-172.170563127468,215.004284490146
39.17,-92.4209852265909,215.004284490146
39.18,35.5942768030946,245.441302485004
39.19,115.344857478352,245.441302485004
39.2,206.401020873741,245.441302485004
39.21,226.404959237681,245.441302485004
39.22,168.879020686212,245.441302485004
39.23,111.210784901529,245.441302485004
39.24,-16.4761630846068,245.441302485004
39.25,-114.642981254244,245.441302485004
39.26,-182.325433429579,245.441302485004
39.27,-227.542455144084,245.441302485021
39.28,-241.002641643576,269.511568123393
39.29,-120.575248634215,269.511568123393
39.3,-91.8487010614925,269.511568123393
39.31,76.6985188082431,269.511568123393
39.32,115.166166479448,269.511568123393
39.33,207.087255745751,269.511568123393
39.34,228.304372551571,269.511568123393
39.35,195.018301830696,269.511568123393
39.36,118.426260850647,269.511568123393
39.37,91.9988686757635,269.511568123406
39.38,-38.3609149343011,287.317909168796
39.39,-113.032159161316,287.317909168809
39.4,-186.757844242674,287.317909168809
39.41,-222.445321137678,287.317909168809
39.42,-226.076903771592,287.317909168809
39.43,-168.076663734256,287.317909168809
39.44,-114.943044475988,287.317909168809
39.45,-61.6490863067241,287.317909168809
39.46,68.4791675329723,287.317909168809
39.47,114.155672438764,287.317909168809
39.48,150.331681567719,292.210796915167
39.49,223.504813677302,292.210796915167
39.5,226.269090172613,292.210796915167
39.51,194.604036336475,292.210796915167
39.52,121.628807153419,292.210796915167
39.53,110.558013590238,292.210796915167
39.54,-18.2403731785341,292.210796915167
39.55,-104.335211965711,292.210796915167
39.56,-133.977682357669,292.210796915167
39.57,-182.492918945361,292.210796915167
39.58,-222.325086889163,277.446443873179
39.59,-227.765450746858,277.446443873179
39.6,-196.803554294492,277.446443873179
39.61,-202.634960561754,277.446443873179
39.62,-126.508423123138,277.446443873179
39.63,-86.6209970254594,277.446443873179
39.64,17.4991986279732,277.446443873179
39.65,68.4891327656131,277.446443873179
39.66,120.18165159932,277.446443873179
39.67,159.865157566486,277.446443873179
39.68,183.854052797823,272.185089974293
39.69,223.201912176905,272.185089974293
39.7,228.692609138446,272.185089974293
39.71,214.88099759059,272.185089974293
39.72,165.518052384866,272.185089974293
39.73,118.067724886052,272.185089974293
39.74,116.46433201355,272.185089974293
39.75,90.6923544556226,272.185089974293
39.76,-18.7550352687438,272.185089974293
39.77,-68.818104491674,272.185089974292
39.78,-106.984729641421,270.599828620394
39.79,-129.966239262799,270.599828620394
39.8,-150.881401398792,270.599828620394
39.81,-208.391004921443,270.599828620394
39.82,-222.21586583671,270.599828620394
39.83,-229.595572554787,270.599828620394
39.84,-215.976419774702,270.599828620394
39.85,-197.192037690706,270.599828620394
39.86,-168.462601567086,270.599828620394
39.87,-142.34862041302,270.599828620394
39.88,-126.385328115235,270.248500428449
39.89,-111.960176472051,270.248500428449
39.9,-92.7565417810097,270.248500428449
39.91,-90.9727547945779,270.248500428449
39.92,-44.1573616951732,270.248500428449
39.93,17.5418499682689,270.248500428449
39.94,72.2611267005985,270.248500428449
39.95,69.4081057943228,270.248500428449
39.96,104.411669929104,270.248500428449
39.97,102.653384698791,270.248500428449
39.98,112.321151503752,272.733504712939
39.99,119.851451437658,272.733504712939
40,114.129013728182,272.733504712939
40.01,115.600126452741,272.733504712939
40.02,115.775731090485,272.733504712939
40.03,133.073334517649,272.733504712939
40.04,133.599551776653,272.733504712939
40.05,133.76999708266,272.733504712939
40.06,133.771079524501,272.733504712939
40.07,115.46571032874,272.733504712939
40.08,115.385627110797,277.540702656384
40.09,115.775622832881,277.540702656384
40.1,115.348764857217,277.540702656384
40.11,120.019464265825,277.540702656384
40.12,112.420611710942,277.540702656384
40.13,103.135328811132,277.540702656384
40.14,96.1089639768084,277.540702656384
40.15,69.6091653176726,277.540702656384
40.16,72.667730776312,277.540702656384
40.17,-15.6560905905055,277.540702656384
40.18,-44.1902764558478,279.125964010283
40.19,-90.9660319501897,279.125964010283
40.2,-87.8834697753435,279.125964010283
40.21,-111.488808240886,279.125964010283
40.22,-122.36830771494,279.125964010283
40.23,-135.283370740643,279.125964010283
40.24,-165.59293570761,279.125964010283
40.25,-214.365493019536,279.125964010283
40.26,-215.892071352176,279.125964010283
40.27,-229.631033955642,279.12596401028
40.28,-222.472584717567,275.955441302485
40.29,-183.074704754518,275.955441302485
40.3,-121.569255084255,275.955441302485
40.31,-133.954432985965,275.955441302485
40.32,-113.46341996768,275.955441302485
40.33,-34.9538099483193,275.955441302485
40.34,45.0242291849583,275.955441302485
40.35,109.490677793083,275.955441302485
40.36,113.494108370608,275.955441302485
40.37,136.947874168029,275.95544130249
40.38,196.660699815881,283.461868037698
40.39,231.877347640552,283.461868037703
40.4,213.17193157598,283.461868037703
40.41,150.841733677929,283.461868037703
40.42,107.231655642088,283.461868037703
40.43,115.436840241502,283.461868037703
40.44,15.0951414181908,283.461868037703
40.45,-92.0731757963363,283.461868037703
40.46,-114.649331115221,283.461868037703
40.47,-167.573387912281,283.461868037703
40.48,-216.927541940059,292.510711225364
40.49,-223.887515380337,292.510711225364
40.5,-183.018929804258,292.510711225364
40.51,-118.457879090493,292.510711225364
40.52,-72.9435256291246,292.510711225364
40.53,90.6932442371188,292.510711225364
40.54,118.102516063427,292.510711225364
40.55,194.786957240804,292.510711225364
40.56,229.855747841689,292.510711225364
40.57,183.34444099426,292.510711225364
40.58,115.392365987728,289.974293059126
40.59,48.6294393901623,289.974293059126
40.6,-113.63816766726,289.974293059126
40.61,-133.148167954727,289.974293059126
40.62,-228.372562163575,289.974293059126
40.63,-183.021796685528,289.974293059126
40.64,-120.116726625151,289.974293059126
40.65,12.5450272650408,289.974293059126
40.66,113.45648110805,289.974293059126
40.67,197.958074730284,289.974293059126
40.68,212.643113796238,291.259640102828
40.69,111.456945659492,291.259640102828
40.7,15.3241170572128,291.259640102828
40.71,-112.48335297416,291.259640102828
40.72,-198.95567879831,291.259640102828
40.73,-184.035484651591,291.259640102828
40.74,-113.677784680078,291.259640102828
40.75,94.6324635723402,291.259640102828
40.76,136.875595851886,291.259640102828
40.77,231.51222508028,291.259640102827
40.78,124.5731971608,290.282776349614
40.79,16.4814560871719,290.282776349614
40.8,-123.552046233711,290.282776349614
40.81,-228.112150628412,290.282776349614
40.82,-152.334426946877,290.282776349614
40.83,-16.5473712687547,290.282776349614
40.84,103.831334307501,290.282776349614
40.85,232.085284326294,290.282776349614
40.86,124.565960687924,290.282776349614
40.87,-15.7779657735545,290.282776349611
40.88,-132.938380894555,286.246786632394
40.89,-219.004273403939,286.246786632391
40.9,-112.714822917194,286.246786632391
40.91,110.319981248429,286.246786632391
40.92,197.666287080854,286.246786632391
40.93,152.450181141885,286.246786632391
40.94,-15.0772491320826,286.246786632391
40.95,-132.921314563601,286.246786632391
40.96,-213.429810877871,286.246786632391
40.97,-93.4229963568643,286.246786632391
40.98,113.365277127959,284.71293916024
40.99,229.494871254554,284.71293916024
41,113.939747007907,284.71293916024
41.01,-112.540700488115,284.71293916024
41.02,-233.650482793279,284.71293916024
41.03,-118.892426011274,284.71293916024
41.04,112.41374882658,284.71293916024
41.05,232.335335072547,284.71293916024
41.06,114.583225416451,284.71293916024
41.07,-116.582454809575,284.71293916024
41.08,-229.784186347117,283.50471293916
41.09,-118.296125262487,283.50471293916
41.1,108.872345392209,283.50471293916
41.11,212.716342490619,283.50471293916
41.12,49.226707076572,283.50471293916
41.13,-165.99846256412,283.50471293916
41.14,-149.308118545614,283.50471293916
41.15,47.2390134508634,283.50471293916
41.16,217.202580860455,283.50471293916
41.17,108.23489451844,283.504712939161
41.18,-116.507380509027,283.976006855184
41.19,-223.028241932638,283.976006855184
41.2,-52.1499967694862,283.976006855184
41.21,165.053978414665,283.976006855184
41.22,125.685180054449,283.976006855184
41.23,-117.768015597979,283.976006855184
41.24,-228.421882547686,283.976006855184
41.25,-49.4169591447811,283.976006855184
41.26,194.804718408372,283.976006855184
41.27,111.482135922057,283.976006855189
41.28,-116.238352490036,290.111396743788
41.29,-209.754179065864,290.111396743788
41.3,14.3628076377653,290.111396743788
41.31,222.080231307127,290.111396743788
41.32,115.728914265375,290.111396743788
41.33,-132.32228564046,290.111396743788
41.34,-122.208269206022,290.111396743788
41.35,118.833897355529,290.111396743788
41.36,188.908275133895,290.111396743788
41.37,-75.0364545521523,290.111396743786
41.38,-232.590244078863,287.523564695803
41.39,-50.8662375227561,287.523564695801
41.4,197.219275064104,287.523564695801
41.41,113.228320460256,287.523564695801
41.42,-131.93151912218,287.523564695801
41.43,-109.853908899599,287.523564695801
41.44,108.416231885224,287.523564695801
41.45,118.493068577792,287.523564695801
41.46,-117.907279386857,287.523564695801
41.47,-183.641302099178,287.523564695801
41.48,109.947337730975,292.493573264782
41.49,212.367772899139,292.493573264782
41.5,-96.7907251681161,292.493573264782
41.51,-219.363980791088,292.493573264782
41.52,15.8291621475611,292.493573264782
41.53,228.507713331483,292.493573264782
41.54,-15.8944622218551,292.493573264782
41.55,-231.781969885583,292.493573264782
41.56,-50.6208794413205,292.493573264782
41.57,231.300979987774,292.493573264782
41.58,-14.8324166795224,300.771208226221
41.59,-232.575404933153,300.771208226221
41.6,13.7278617410862,300.771208226221
41.61,230.568314231323,300.771208226221
41.62,-15.9612192815154,300.771208226221
41.63,-228.752153909464,300.771208226221
41.64,15.6214045862305,300.771208226221
41.65,230.085406200918,300.771208226221
41.66,-75.0554389451312,300.771208226221
41.67,-217.900629459353,300.771208226218
41.68,113.709153456488,296.649528706084
41.69,187.592745129893,296.649528706084
41.7,-118.157123431338,296.649528706084
41.71,-150.486329368917,296.649528706084
41.72,112.703198168675,296.649528706084
41.73,120.165922639824,296.649528706084
41.74,-115.460130027228,296.649528706084
41.75,-108.580505271856,296.649528706084
41.76,133.042281002661,296.649528706084
41.77,115.844051318302,296.649528706086
41.78,-198.725659862101,299.357326478149
41.79,-51.1153176393127,299.357326478149
41.8,231.988307513578,299.357326478149
41.81,-16.8389889223593,299.357326478149
41.82,-218.290410257265,299.357326478149
41.83,109.871751792335,299.357326478149
41.84,150.913852198811,299.357326478149
41.85,-107.595766706267,299.357326478149
41.86,-109.128728246893,299.357326478149
41.87,164.98652460262,299.357326478159
41.88,114.714079164617,312.879177377882
41.89,-220.704916144139,312.879177377892
41.9,13.5765663826489,312.879177377892
41.91,228.449539756864,312.879177377892
41.92,-113.034113832718,312.879177377892
41.93,-149.433942318675,312.879177377892
41.94,103.820966000502,312.879177377892
41.95,109.750654897784,312.879177377892
41.96,-164.185120075464,312.879177377892
41.97,-97.4162633726876,312.879177377892
41.98,225.682631656475,301.645244215938
41.99,-15.9495145684272,301.645244215938
42,-213.348211691234,301.645244215938
42.01,110.962990905171,301.645244215938
42.02,117.468781922264,301.645244215938
42.03,-114.283726119923,301.645244215938
42.04,-113.125508062716,301.645244215938
42.05,196.663745835175,301.645244215938
42.06,49.1335335957139,301.645244215938
42.07,-232.033591680516,301.645244215938
42.08,77.6944105654567,302.853470437018
42.09,183.983170533139,302.853470437018
42.1,-112.012506136881,302.853470437018
42.11,-129.553118568639,302.853470437018
42.12,132.367245521687,302.853470437018
42.13,114.575296779835,302.853470437018
42.14,-220.270995119826,302.853470437018
42.15,14.2939553071478,302.853470437018
42.16,228.831083240359,302.853470437018
42.17,-112.962020404826,302.853470437029
42.18,-148.652373505632,318.174807197943
42.19,103.376268021455,318.174807197943
42.2,102.864555260616,318.174807197943
42.21,-163.531339079988,318.174807197943
42.22,-120.669018697429,318.174807197943
42.23,230.348685483488,318.174807197943
42.24,-16.191377832548,318.174807197943
42.25,-217.160042333855,318.174807197943
42.26,109.677031288172,318.174807197943
42.27,149.317329622611,318.174807197931
42.28,-103.135758203783,300.848329048843
42.29,-107.816474398033,300.848329048843
42.3,132.173515384726,300.848329048843
42.31,114.558728180946,300.848329048843
42.32,-202.39161070306,300.848329048843
42.33,-51.52872917087,300.848329048843
42.34,230.126833543465,300.848329048843
42.35,-74.6738943076522,300.848329048843
42.36,-211.181758990189,300.848329048843
42.37,110.99560331172,300.848329048843
42.38,148.993979208379,300.394173093402
42.39,-110.905249416101,300.394173093402
42.4,-124.657300089605,300.394173093402
42.41,107.651242971331,300.394173093402
42.42,112.678611997672,300.394173093402
42.43,-164.082856529757,300.394173093402
42.44,-93.901291030465,300.394173093402
42.45,200.133382632988,300.394173093402
42.46,50.2475794844879,300.394173093402
42.47,-231.273345039002,300.394173093402
42.48,16.2318953036567,319.897172236504
42.49,224.347067037066,319.897172236504
42.5,-71.9186624524126,319.897172236504
42.51,-208.454376841818,319.897172236504
42.52,118.942961316632,319.897172236504
42.53,149.269649320387,319.897172236504
42.54,-111.720593796287,319.897172236504
42.55,-126.696660666908,319.897172236504
42.56,136.953182828592,319.897172236504
42.57,102.713035805929,319.897172236504
42.58,-164.520053754516,301.619537275064
42.59,-117.213040440593,301.619537275064
42.6,202.587160062674,301.619537275064
42.61,100.774188093701,301.619537275064
42.62,-224.747725202379,301.619537275064
42.63,15.0193334251652,301.619537275064
42.64,217.823709370556,301.619537275064
42.65,-71.9582066540294,301.619537275064
42.66,-183.858701700751,301.619537275064
42.67,118.723105770542,301.619537275062
42.68,117.40442439761,298.054841473865
42.69,-115.030373045106,298.054841473865
42.7,-103.479105470818,298.054841473865
42.71,132.443373401164,298.054841473865
42.72,115.09591147218,298.054841473865
42.73,-214.780215757476,298.054841473865
42.74,-52.8969746579771,298.054841473865
42.75,229.931133903646,298.054841473865
42.76,-74.7518425382175,298.054841473865
42.77,-212.56533813799,298.054841473865
42.78,116.04385304932,298.08911739503
42.79,150.358561059403,298.08911739503
42.8,-111.893413406179,298.08911739503
42.81,-120.480978320354,298.08911739503
42.82,108.295777391582,298.08911739503
42.83,112.78577717919,298.08911739503
42.84,-163.242929757851,298.08911739503
42.85,-105.624170686684,298.08911739503
42.86,219.730004161406,298.08911739503
42.87,50.3824374361604,298.089117395032
42.88,-231.243462219817,300.71122536418
42.89,15.2760843059742,300.711225364182
42.9,228.160240958786,300.711225364182
42.91,-115.599809890619,300.711225364182
42.92,-209.99025854968,300.711225364182
42.93,123.92539760122,300.711225364182
42.94,150.048376405305,300.711225364182
42.95,-112.332433969366,300.711225364182
42.96,-101.840366167328,300.711225364182
42.97,108.507169551139,300.711225364182
42.98,114.575513531087,302.562125107112
42.99,-168.6189067759,302.562125107112
43,-97.1245881973323,302.562125107112
43.01,227.964941585542,302.562125107112
43.02,-47.1447794235616,302.562125107112
43.03,-188.037290681008,302.562125107112
43.04,119.164920640883,302.562125107112
43.05,121.221931162533,302.562125107112
43.06,-133.623518038676,302.562125107112
43.07,-70.9468733416153,302.562125107112
43.08,232.484538808808,302.93059125964
43.09,-112.760796528299,302.93059125964
43.1,-119.835786928633,302.93059125964
43.11,133.774199243757,302.93059125964
43.12,102.481125160499,302.93059125964
43.13,-219.358849459858,302.93059125964
43.14,118.702639805719,302.93059125964
43.15,117.837760975258,302.93059125964
43.16,-233.449193028984,302.93059125964
43.17,117.226002678821,302.93059125964
43.18,101.280582652492,302.467866323907
43.19,-226.947944813208,302.467866323907
43.2,116.797484932942,302.467866323907
43.21,110.210427030817,302.467866323907
43.22,-233.733960165099,302.467866323907
43.23,118.895613548055,302.467866323907
43.24,116.666483507543,302.467866323907
43.25,-228.511296706944,302.467866323907
43.26,108.479801786189,302.467866323907
43.27,-11.6856212432914,302.467866323906
43.28,-123.450569056753,300.325621251071
43.29,223.370541089939,300.325621251071
43.3,-113.146021646605,300.325621251071
43.31,-99.4752219571625,300.325621251071
43.32,150.419733325742,300.325621251071
43.33,-221.956961183775,300.325621251071
43.34,113.019515205913,300.325621251071
43.35,49.5415784160928,300.325621251071
43.36,-107.165278222967,300.325621251071
43.37,230.700976457243,300.32562125107
43.38,-133.844410024071,299.185946872323
43.39,117.211787602481,299.185946872322
43.4,76.7862575454281,299.185946872322
43.41,-102.957731885408,299.185946872322
43.42,213.14865399358,299.185946872322
43.43,-203.855072326933,299.185946872322
43.44,108.697575320736,299.185946872322
43.45,-97.0898773726681,299.185946872322
43.46,-112.461805616292,299.185946872322
43.47,101.409736621566,299.185946872322
43.48,-184.048066498819,292.125107112254
43.49,233.293798657924,292.125107112254
43.5,-136.280730603468,292.125107112254
43.51,112.215249915857,292.125107112254
43.52,-117.534462354257,292.125107112254
43.53,46.5889878302278,292.125107112254
43.54,77.2006023106902,292.125107112254
43.55,-117.007199253285,292.125107112254
43.56,108.640269322397,292.125107112254
43.57,-121.342128355069,292.125107112254
43.58,156.600248530348,288.226221079692
43.59,-219.471915065058,288.226221079692
43.6,228.29907796982,288.226221079692
43.61,-199.778517227461,288.226221079692
43.62,173.435127368242,288.226221079692
43.63,-165.497228903591,288.226221079692
43.64,111.425781384367,288.226221079692
43.65,-112.556831332793,288.226221079692
43.66,106.278968752352,288.226221079692
43.67,-105.28869376729,288.226221079687
43.68,101.060982446015,282.562125107112
43.69,-104.934632216725,282.562125107112
43.7,100.941958204465,282.562125107112
43.71,-100.62167304453,282.562125107112
43.72,101.939002324301,282.562125107112
43.73,-109.800837735483,282.562125107112
43.74,135.975784654748,282.562125107112
43.75,-167.768831816733,282.562125107112
43.76,202.423344118262,282.562125107112
43.77,-226.896305072402,282.562125107108
43.78,233.221850719155,276.135389888603
43.79,-213.340461413456,276.135389888603
43.8,151.293333957416,276.135389888603
43.81,-105.55995839849,276.135389888603
43.82,117.778465037243,276.135389888603
43.83,-112.133218867678,276.135389888603
43.84,-12.8968176750401,276.135389888603
43.85,120.890990128822,276.135389888603
43.86,-107.336193174882,276.135389888603
43.87,136.627676725102,276.135389888599
43.88,-221.959945195413,269.948586118256
43.89,189.612174469603,269.948586118252
43.9,-98.7180641640434,269.948586118252
43.91,106.783803142002,269.948586118252
43.92,13.6475144897119,269.948586118252
43.93,-119.973726945576,269.948586118252
43.94,133.979185653757,269.948586118252
43.95,-233.726582313064,269.948586118252
43.96,120.377382603089,269.948586118252
43.97,-106.319175790066,269.948586118252
43.98,-46.1899854080855,266.058269065981
43.99,106.069168088558,266.058269065981
44,-204.925072430583,266.058269065981
44.01,152.675632873029,266.058269065981
44.02,-117.573041026473,266.058269065981
44.03,-67.2962734944538,266.058269065981
44.04,98.9652020594189,266.058269065981
44.05,-233.229893479217,266.058269065981
44.06,101.179045972601,266.058269065981
44.07,-18.7100103504207,266.058269065981
44.08,-105.216781905553,260.719794344473
44.09,228.904765638858,260.719794344473
44.1,-100.232901671944,260.719794344473
44.11,-32.462455103104,260.719794344473
44.12,108.320320536963,260.719794344473
44.13,-217.945172222436,260.719794344473
44.14,112.187733115518,260.719794344473
44.15,120.214839263941,260.719794344473
44.16,-204.636066724927,260.719794344473
44.17,112.121149700896,260.719794344472
44.18,95.6350159960975,259.940017137961
44.19,-167.526023536914,259.940017137961
44.2,104.52685747521,259.940017137961
44.21,31.4610617526583,259.940017137961
44.22,-168.199196259395,259.940017137961
44.23,96.0340297297107,259.940017137961
44.24,47.7766517470074,259.940017137961
44.25,-173.180357199325,259.940017137961
44.26,112.381320500591,259.940017137961
44.27,99.9339209267466,259.940017137962
44.28,-226.318139775515,261.448157669237
44.29,118.307346169689,261.448157669237
44.3,109.297623809387,261.448157669237
44.31,-184.943541823317,261.448157669237
44.32,-12.6172054576781,261.448157669237
44.33,201.35757106787,261.448157669237
44.34,-109.055711576955,261.448157669237
44.35,-108.682024025407,261.448157669237
44.36,155.558929510205,261.448157669237
44.37,31.5018855533359,261.448157669237
44.38,-225.980728436075,260.385604113111
44.39,82.7234692018503,260.385604113111
44.4,136.103250020032,260.385604113111
44.41,-109.992377380625,260.385604113111
44.42,-112.820941255362,260.385604113111
44.43,151.836789405372,260.385604113111
44.44,121.269974322523,260.385604113111
44.45,-222.227734593661,260.385604113111
44.46,-33.5723037744048,260.385604113111
44.47,228.746453048606,260.385604113111
44.48,-11.1801256561912,261.199657240788
44.49,-225.9104155967,261.199657240788
44.5,54.4582723487239,261.199657240788
44.51,202.168516215075,261.199657240788
44.52,-87.7795791794231,261.199657240788
44.53,-208.663769239177,261.199657240788
44.54,87.3790999404578,261.199657240788
44.55,206.524799591015,261.199657240788
44.56,-75.7600619670406,261.199657240788
44.57,-203.306071646068,261.199657240788
44.58,42.8359897924667,268.011996572408
44.59,228.669529812089,268.011996572408
44.6,30.804960007404,268.011996572408
44.61,-223.845904331276,268.011996572408
44.62,-101.735537542166,268.011996572408
44.63,124.371493876434,268.011996572408
44.64,114.107759930673,268.011996572408
44.65,-110.857220535037,268.011996572408
44.66,-108.741168581041,268.011996572408
44.67,108.623235516089,268.011996572406
44.68,173.827505077577,264.875749785775
44.69,-17.5713114399152,264.875749785775
44.7,-187.450112973314,264.875749785775
44.71,-123.431928776188,264.875749785775
44.72,105.028705719108,264.875749785775
44.73,109.552645046714,264.875749785775
44.74,-55.2255564484227,264.875749785775
44.75,-219.094532087936,264.875749785775
44.76,-122.763760299477,264.875749785775
44.77,105.923675313276,264.875749785769
44.78,141.131003406689,255.689802913453
44.79,-9.69632252256318,255.689802913453
44.8,-122.82360355958,255.689802913453
44.81,-100.858599967331,255.689802913453
44.82,55.5662041993528,255.689802913453
44.83,194.022351401984,255.689802913453
44.84,105.62190530925,255.689802913453
44.85,-89.6626091842655,255.689802913453
44.86,-218.999965553778,255.689802913453
44.87,-105.931473031045,255.689802913451
44.88,107.073742279793,251.988003427595
44.89,216.616390440463,251.988003427592
44.9,115.365317069554,251.988003427592
44.91,-12.3313754173103,251.988003427592
44.92,-122.718246013325,251.988003427592
44.93,-134.556405993603,251.988003427592
44.94,-95.6144743774537,251.988003427592
44.95,113.147562772233,251.988003427592
44.96,216.294718561391,251.988003427592
44.97,105.644464435336,251.988003427592
44.98,-10.4576627241796,248.568980291345
44.99,-98.2880958140857,248.568980291345
45,-237.996368850373,248.568980291345
45.01,-112.436481479655,248.568980291345
45.02,50.9062835607018,248.568980291345
45.03,102.721436569895,248.568980291345
45.04,228.512140029479,248.568980291345
45.05,79.2492598507914,248.568980291345
45.06,56.4609086383727,248.568980291345
45.07,-102.936912555501,248.568980291345
45.08,-190.873904869274,247.000856898029
45.09,-173.659560306365,247.000856898029
45.1,-108.205616516073,247.000856898029
45.11,-45.0987882680708,247.000856898029
45.12,93.1608985798239,247.000856898029
45.13,163.045777059062,247.000856898029
45.14,208.616139234028,247.000856898029
45.15,97.6027055504148,247.000856898029
45.16,122.784389026839,247.000856898029
45.17,-54.886578213297,247.000856898031
45.18,-100.649545974527,249.305912596401
45.19,-200.925638846179,249.305912596401
45.2,-225.746797216462,249.305912596401
45.21,-110.115423581001,249.305912596401
45.22,-116.594422514192,249.305912596401
45.23,-37.7284220062805,249.305912596401
45.24,54.9089329080023,249.305912596401
45.25,113.120000298678,249.305912596401
45.26,117.637610311811,249.305912596401
45.27,220.176421011289,249.3059125964
45.28,167.987740685823,247.300771208226
45.29,100.923416967665,247.300771208226
45.3,121.081622769023,247.300771208226
45.31,101.302685627962,247.300771208226
45.32,-83.6730370065013,247.300771208226
45.33,-124.087393915465,247.300771208226
45.34,-36.4335779816925,247.300771208226
45.35,-122.722467739788,247.300771208226
45.36,-156.113609615397,247.300771208226
45.37,-232.442562368078,247.300771208226
45.38,-208.300313114869,246.898029134533
45.39,-133.573268007218,246.898029134533
45.4,-101.924330248644,246.898029134533
45.41,-111.55278723863,246.898029134533
45.42,-94.6104510984914,246.898029134533
45.43,-34.365675029553,246.898029134533
45.44,13.7874519145012,246.898029134533
45.45,55.3356528904775,246.898029134533
45.46,87.0583424123727,246.898029134533
45.47,112.114191669452,246.898029134533
45.48,99.7110777393502,247.677806341045
45.49,103.010303297959,247.677806341045
45.5,151.161935848233,247.677806341045
45.51,193.642733838141,247.677806341045
45.52,233.759286042335,247.677806341045
45.53,207.491720468531,247.677806341045
45.54,176.735386388552,247.677806341045
45.55,170.602332606471,247.677806341045
45.56,147.493493943935,247.677806341045
45.57,97.9208552783802,247.677806341045
45.58,111.871237286145,247.677806341045
45.59,110.78476310038,247.677806341045
45.6,111.695215925887,247.677806341045
45.61,103.509822651956,247.677806341045
45.62,95.1923980101803,247.677806341045
45.63,13.4864194497394,247.677806341045
45.64,-11.9884098740919,247.677806341045
45.65,-54.878181545851,247.677806341045
45.66,-56.2615584334643,247.677806341045
45.67,-84.0705806344613,247.677806341046
45.68,-103.732728671191,248.431876606684
45.69,-116.152584431029,248.431876606684
45.7,-106.882122685579,248.431876606684
45.71,-48.9201082845909,248.431876606684
45.72,-101.826295216049,248.431876606684
45.73,-98.3345718849571,248.431876606684
45.74,-123.250682588135,248.431876606684
45.75,-102.202746424295,248.431876606684
45.76,-198.87874399897,248.431876606684
45.77,-154.788016321343,248.431876606685
45.78,-189.140481403852,250.017137960583
45.79,-192.792692959626,250.017137960583
45.8,-196.028063160295,250.017137960583
45.81,-226.925723225892,250.017137960583
45.82,-222.059213123884,250.017137960583
45.83,-223.174703154247,250.017137960583
45.84,-215.794344958416,250.017137960583
45.85,-224.881042698839,250.017137960583
45.86,-225.125440958623,250.017137960583
45.87,-207.194368659676,250.017137960587
45.88,-207.528416981154,256.032562125103
45.89,-227.767167520968,256.032562125107
45.9,-207.781052210737,256.032562125107
45.91,-207.635074136279,256.032562125107
45.92,-225.489727023029,256.032562125107
45.93,-224.828465429066,256.032562125107
45.94,-222.584223316312,256.032562125107
45.95,-178.167471381031,256.032562125107
45.96,-222.056049202614,256.032562125107
45.97,-196.680879396468,256.032562125107
45.98,-156.138376167853,261.139674378749
45.99,-155.103359425603,261.139674378749
46,-125.606796401504,261.139674378749
46.01,-102.323170126572,261.139674378749
46.02,-100.43750395535,261.139674378749
46.03,-118.316485969006,261.139674378749
46.04,-107.455925656004,261.139674378749
46.05,-106.223809021442,261.139674378749
46.06,-103.156775118565,261.139674378749
46.07,-118.850645202739,261.139674378749
46.08,-71.4885942161996,265.638389031705
46.09,29.6872091091324,265.638389031705
46.1,70.4771003318608,265.638389031705
46.11,116.691779025899,265.638389031705
46.12,106.320696147107,265.638389031705
46.13,105.222684397142,265.638389031705
46.14,76.905185512893,265.638389031705
46.15,157.107735807215,265.638389031705
46.16,207.776607846223,265.638389031705
46.17,194.536106789278,265.638389031702
46.18,118.129462490314,260.719794344473
46.19,101.495083457252,260.719794344473
46.2,108.864729103039,260.719794344473
46.21,101.969557805934,260.719794344473
46.22,55.7415366874755,260.719794344473
46.23,49.5051850551945,260.719794344473
46.24,-95.909853028082,260.719794344473
46.25,-93.5626807590415,260.719794344473
46.26,-110.18951106377,260.719794344473
46.27,-101.479678929566,260.719794344474
46.28,-155.66356769273,261.636675235647
46.29,-175.824647247299,261.636675235647
46.3,-220.86164759731,261.636675235647
46.31,-191.656965574988,261.636675235647
46.32,-122.715734443233,261.636675235647
46.33,-68.7874333586311,261.636675235647
46.34,-104.665251352456,261.636675235647
46.35,-111.868827382616,261.636675235647
46.36,-122.822178164513,261.636675235647
46.37,-54.1147358309089,261.636675235654
46.38,-42.4167757041943,271.148243359034
46.39,12.8288776097248,271.14824335904
46.4,62.7213191755929,271.14824335904
46.41,71.2671302785898,271.14824335904
46.42,99.7785187953728,271.14824335904
46.43,109.579035248784,271.14824335904
46.44,107.826167906671,271.14824335904
46.45,103.733419377678,271.14824335904
46.46,104.480452115915,271.14824335904
46.47,98.6286089934494,271.14824335904
46.48,149.506149337896,259.948586118252
46.49,97.004445987544,259.948586118252
46.5,93.4626375609999,259.948586118252
46.51,106.812781585591,259.948586118252
46.52,106.603698187824,259.948586118252
46.53,106.635181841227,259.948586118252
46.54,96.5813916443008,259.948586118252
46.55,173.666732088163,259.948586118252
46.56,99.3588413854607,259.948586118252
46.57,98.8183957841769,259.948586118252
46.58,103.522809020287,256.426735218509
46.59,111.364205867841,256.426735218509
46.6,116.036738449742,256.426735218509
46.61,35.7572348704392,256.426735218509
46.62,-10.771938415757,256.426735218509
46.63,-88.0218876620288,256.426735218509
46.64,-116.869873424063,256.426735218509
46.65,-108.419149876896,256.426735218509
46.66,-149.82591231794,256.426735218509
46.67,-219.394978718875,256.426735218514
46.68,-166.923160980193,263.436161096829
46.69,-97.5358108065672,263.436161096829
46.7,-96.1594481986488,263.436161096829
46.71,54.1192222291214,263.436161096829
46.72,102.903932101651,263.436161096829
46.73,214.134554437319,263.436161096829
46.74,132.295421508366,263.436161096829
46.75,114.566210213881,263.436161096829
46.76,-110.741680987117,263.436161096829
46.77,-99.8050140111847,263.436161096837
46.78,-200.8770513213,274.181662382177
46.79,-120.435086601899,274.181662382177
46.8,105.988377657325,274.181662382177
46.81,213.87254366658,274.181662382177
46.82,96.4336226263874,274.181662382177
46.83,-75.2544640659819,274.181662382177
46.84,-149.46616166792,274.181662382177
46.85,-110.215432001541,274.181662382177
46.86,86.9067406127048,274.181662382177
46.87,186.406038095086,274.181662382179
46.88,112.514439104736,276.95801199657
46.89,-105.734106713853,276.958011996572
46.9,-166.182351135306,276.958011996572
46.91,42.8827717670063,276.958011996572
46.92,214.526453219941,276.958011996572
46.93,120.159797866183,276.958011996572
46.94,-149.00638537672,276.958011996572
46.95,-103.095608092064,276.958011996572
46.96,95.3464092816908,276.958011996572
46.97,97.6646471142066,276.958011996572
46.98,-103.256234312291,282.005141388175
46.99,-98.4962738140634,282.005141388175
47,94.1738208175379,282.005141388175
47.01,104.858830885396,282.005141388175
47.02,-149.80203243651,282.005141388175
47.03,-67.059130952443,282.005141388175
47.04,229.422775470391,282.005141388175
47.05,-111.924973027231,282.005141388175
47.06,-106.934586738828,282.005141388175
47.07,118.398938280641,282.005141388175
47.08,47.2510023864587,286.820908311911
47.09,-201.510030989831,286.820908311911
47.1,101.025031404133,286.820908311911
47.11,96.1091811352079,286.820908311911
47.12,-194.452777616608,286.820908311911
47.13,117.829927636901,286.820908311911
47.14,-52.3727503345158,286.820908311911
47.15,-100.117098330227,286.820908311911
47.16,228.65440417089,286.820908311911
47.17,-119.413289106231,286.820908311914
47.18,102.061838006433,291.559554413025
47.19,115.188816206725,291.559554413025
47.2,-163.509249911263,291.559554413025
47.21,229.491792239922,291.559554413025
47.22,-148.81951522123,291.559554413025
47.23,103.411756011394,291.559554413025
47.24,-99.4244548885767,291.559554413025
47.25,-75.7107875151687,291.559554413025
47.26,121.651512703632,291.559554413025
47.27,-108.881360447987,291.559554413029
47.28,106.24902943899,297.352185089974
47.29,-130.422008411562,297.352185089974
47.3,163.659493032827,297.352185089974
47.31,-165.187236235898,297.352185089974
47.32,193.961688024245,297.352185089974
47.33,-163.684491364687,297.352185089974
47.34,131.146454573753,297.352185089974
47.35,-109.677079964338,297.352185089974
47.36,113.320900526589,297.352185089974
47.37,-111.564384803799,297.352185089974
47.38,16.7643451114213,297.45501285347
47.39,100.331460692444,297.45501285347
47.4,-107.625447722066,297.45501285347
47.41,181.463981625827,297.45501285347
47.42,-225.263051983647,297.45501285347
47.43,132.083911765563,297.45501285347
47.44,-110.340983795869,297.45501285347
47.45,-109.122612712293,297.45501285347
47.46,147.791701791455,297.45501285347
47.47,-225.309134524441,297.45501285347
47.48,115.172902951672,307.823479005998
47.49,74.8124960758198,307.823479005998
47.5,-148.517111480744,307.823479005998
47.51,212.800416481855,307.823479005998
47.52,-41.2316139084675,307.823479005998
47.53,-124.910278621872,307.823479005998
47.54,215.622053318035,307.823479005998
47.55,-40.9348831644946,307.823479005998
47.56,-181.240626209779,307.823479005998
47.57,165.506683908561,307.823479005998
47.58,105.058801493818,321.01970865467
47.59,-221.445793010098,321.01970865467
47.6,63.1513432737678,321.01970865467
47.61,205.257650387816,321.01970865467
47.62,-111.424704937058,321.01970865467
47.63,-206.524791022611,321.01970865467
47.64,107.941938787687,321.01970865467
47.65,204.194113832086,321.01970865467
47.66,-81.8329137677876,321.01970865467
47.67,-217.515621059352,321.019708654687
47.68,13.4615216454419,345.467009425878
47.69,215.876087342535,345.467009425878
47.7,119.527564336435,345.467009425878
47.71,-140.615188479741,345.467009425878
47.72,-239.656877440059,345.467009425878
47.73,-38.6039403622652,345.467009425878
47.74,131.073379764081,345.467009425878
47.75,205.122348658314,345.467009425878
47.76,97.0701942115155,345.467009425878
47.77,-168.604137034828,345.467009425887
47.78,-221.365014253687,358.337617823479
47.79,-104.260789731515,358.337617823479
47.8,58.157542908722,358.337617823479
47.81,225.950563085977,358.337617823479
47.82,238.513510025666,358.337617823479
47.83,185.814428570658,358.337617823479
47.84,101.086517328206,358.337617823479
47.85,-61.179455059385,358.337617823479
47.86,-119.815369245052,358.337617823479
47.87,-158.922883723255,358.337617823483
47.88,-217.030769727215,364.215938303338
47.89,-220.213258791681,364.215938303342
47.9,-212.219753060729,364.215938303342
47.91,-218.247437754553,364.215938303342
47.92,-179.157082633349,364.215938303342
47.93,-129.830231992532,364.215938303342
47.94,-110.017585265097,364.215938303342
47.95,-134.138381093492,364.215938303342
47.96,-100.419994951847,364.215938303342
47.97,-159.383150354786,364.215938303345
47.98,-185.910151846198,368.140531276778
47.99,-204.033421708929,368.140531276778
48,-214.821161986896,368.140531276778
48.01,-243.14786401371,368.140531276778
48.02,-232.584537981048,368.140531276778
48.03,-126.699085040887,368.140531276778
48.04,-2.48233480801084,368.140531276778
48.05,104.635363725547,368.140531276778
48.06,182.537859818516,368.140531276778
48.07,237.865376830127,368.140531276778
48.08,171.137309241781,389.931448157669
48.09,58.6909053147876,389.931448157669
48.1,-118.141743080905,389.931448157669
48.11,-260.351850476477,389.931448157669
48.12,-231.473354017698,389.931448157669
48.13,-45.9524050419798,389.931448157669
48.14,201.443393880223,389.931448157669
48.15,185.70996666241,389.931448157669
48.16,47.4491714352797,389.931448157669
48.17,-160.419222157425,389.931448157676
48.18,-233.908435597468,398.79177377892
48.19,-12.4446426648507,398.79177377892
48.2,266.24961553635,398.79177377892
48.21,119.450252009955,398.79177377892
48.22,-134.285304494055,398.79177377892
48.23,-218.636864886649,398.79177377892
48.24,73.5221687766274,398.79177377892
48.25,234.753359545871,398.79177377892
48.26,-35.735359104701,398.79177377892
48.27,-218.210078632955,398.791773778898
48.28,38.6538850609369,368.123393316195
48.29,205.599762640216,368.123393316195
48.3,-82.9630988796613,368.123393316195
48.31,-164.92814985518,368.123393316195
48.32,210.810459694697,368.123393316195
48.33,53.7244691523462,368.123393316195
48.34,-221.17797781517,368.123393316195
48.35,108.261598836809,368.123393316195
48.36,123.680575825083,368.123393316195
48.37,-238.254486467391,368.123393316191
48.38,132.319071194461,361.533847472156
48.39,51.4016241742041,361.533847472151
48.4,-191.133108497702,361.533847472151
48.41,246.18544730547,361.533847472151
48.42,-185.368195586286,361.533847472151
48.43,6.75143027515901,361.533847472151
48.44,116.418329010338,361.533847472151
48.45,-223.841605383156,361.533847472151
48.46,242.444219213968,361.533847472151
48.47,-254.746528304954,361.533847472153
48.48,261.279644037352,364.421593830334
48.49,-236.960071015576,364.421593830334
48.5,133.445863350966,364.421593830334
48.51,-122.216333487696,364.421593830334
48.52,109.250138005197,364.421593830334
48.53,-80.5909616996467,364.421593830334
48.54,74.6822659472695,364.421593830334
48.55,-76.5693059276519,364.421593830334
48.56,94.4395696666162,364.421593830334
48.57,-102.327456885337,364.421593830334
48.58,100.211357020391,373.993144815767
48.59,-44.0613483142275,373.993144815767
48.6,36.4351038658552,373.993144815767
48.61,19.9754525055468,373.993144815767
48.62,23.2487326417834,373.993144815767
48.63,40.4680846601066,373.993144815767
48.64,-94.874636647681,373.993144815767
48.65,98.3495286556009,373.993144815767
48.66,-128.475194630319,373.993144815767
48.67,174.986812790798,373.993144815761
48.68,-193.945391560017,366.023993144816
48.69,248.038498996339,366.023993144816
48.7,-249.199088874856,366.023993144816
48.71,186.124236636426,366.023993144816
48.72,-109.480775201032,366.023993144816
48.73,65.3584246000337,366.023993144816
48.74,29.7080335517346,366.023993144816
48.75,-146.491196196997,366.023993144816
48.76,264.747358004833,366.023993144816
48.77,-222.559291849757,366.023993144811
48.78,161.735356278637,359.040274207369
48.79,-62.2521248320342,359.040274207369
48.8,-91.1102748651662,359.040274207369
48.81,267.803224043874,359.040274207369
48.82,-229.582274311188,359.040274207369
48.83,131.155257249361,359.040274207369
48.84,-15.7463513098855,359.040274207369
48.85,-209.100419594065,359.040274207369
48.86,224.091332438709,359.040274207369
48.87,-133.129835344778,359.040274207363
48.88,-46.4883164328586,349.871465295636
48.89,169.353307662105,349.87146529563
48.9,-202.707362781139,349.87146529563
48.91,99.8041470383603,349.87146529563
48.92,138.613191028047,349.87146529563
48.93,-245.097614532345,349.87146529563
48.94,110.267337585241,349.87146529563
48.95,105.475734762066,349.87146529563
48.96,-241.450666525398,349.87146529563
48.97,82.9881439501555,349.87146529562
48.98,119.232416465125,335.424164524422
48.99,-179.726107589191,335.424164524422
49,-13.9789616185288,335.424164524422
49.01,264.991928297889,335.424164524422
49.02,-136.378085277758,335.424164524422
49.03,-106.13217987391,335.424164524422
49.04,221.564592498682,335.424164524422
49.05,9.14269342402631,335.424164524422
49.06,-226.302617946024,335.424164524422
49.07,60.4062399867785,335.424164524422
49.08,193.443323940843,324.515852613539
49.09,-120.997348055706,324.515852613539
49.1,-233.956575971928,324.515852613539
49.11,133.792097510854,324.515852613539
49.12,141.772883009234,324.515852613539
49.13,-139.96919087737,324.515852613539
49.14,-140.911200514493,324.515852613539
49.15,133.70282108331,324.515852613539
49.16,202.240346230003,324.515852613539
49.17,-119.281053108481,324.515852613529
49.18,-241.932523566016,310.25706940874
49.19,61.5691225700761,310.25706940874
49.2,224.679737106044,310.25706940874
49.21,42.7106147314147,310.25706940874
49.22,-242.257080551452,310.25706940874
49.23,-126.328999574261,310.25706940874
49.24,114.638940751535,310.25706940874
49.25,217.586465736903,310.25706940874
49.26,-19.0276429028018,310.25706940874
49.27,-242.327143148086,310.257069408736
49.28,-141.365930349297,304.764353041988
49.29,101.355653358076,304.764353041988
49.3,216.114570535187,304.764353041988
49.31,137.492964025707,304.764353041988
49.32,-115.253248732088,304.764353041988
49.33,-229.639426924295,304.764353041988
49.34,-126.916718445835,304.764353041988
49.35,97.1496688196785,304.764353041988
49.36,224.441206822945,304.764353041988
49.37,136.90067485719,304.764353041985
49.38,-17.9798627045068,300.514138817484
49.39,-154.970495937511,300.514138817481
49.4,-227.907257569987,300.514138817481
49.41,-122.488163716164,300.514138817481
49.42,65.5773747428656,300.514138817481
49.43,183.963860499506,300.514138817481
49.44,226.906139783427,300.514138817481
49.45,118.825204849984,300.514138817481
49.46,-18.1500561426102,300.514138817481
49.47,-115.107191223757,300.514138817474
49.48,-211.067447238629,291.670951156812
49.49,-198.817908419911,291.670951156812
49.5,-122.355309480198,291.670951156812
49.51,-44.8961174002532,291.670951156812
49.52,112.966772837421,291.670951156812
49.53,151.794135863339,291.670951156812
49.54,230.230545108852,291.670951156812
49.55,217.740842497721,291.670951156812
49.56,142.02346629624,291.670951156812
49.57,112.29851349595,291.670951156812
49.58,12.7971934315726,282.107969151671
49.59,-81.0151421130583,282.107969151671
49.6,-136.197314990792,282.107969151671
49.61,-155.135237296493,282.107969151671
49.62,-210.099094664606,282.107969151671
49.63,-229.040792446257,282.107969151671
49.64,-228.02744992827,282.107969151671
49.65,-216.590123976245,282.107969151671
49.66,-196.977640584615,282.107969151671
49.67,-169.001576891018,282.107969151661
49.68,-140.725795632036,268.774635818338
49.69,-120.294812899071,268.774635818338
49.7,-122.650711657978,268.774635818338
49.71,-114.866490374974,268.774635818338
49.72,-114.819868907874,268.774635818338
49.73,-114.820470089389,268.774635818338
49.74,-122.637617685686,268.774635818338
49.75,-122.651428261586,268.774635818338
49.76,-120.339197800901,268.774635818338
49.77,-136.282899601161,268.774635818333
49.78,-165.90147872492,261.936589545844
49.79,-198.308281969722,261.936589545844
49.8,-217.481328245435,261.936589545844
49.81,-224.789692087266,261.936589545844
49.82,-228.896771488379,261.936589545844
49.83,-183.180967507346,261.936589545844
49.84,-121.883113847582,261.936589545844
49.85,-109.952722109262,261.936589545844
49.86,-108.484096876998,261.936589545844
49.87,45.3402836946808,261.936589545835
49.88,119.187433396028,249.383033419032
49.89,136.521674149982,249.383033419023
49.9,217.244897268598,249.383033419023
49.91,230.213380842267,249.383033419023
49.92,150.799651933801,249.383033419023
49.93,113.286151104766,249.383033419023
49.94,-15.0376190657774,249.383033419023
49.95,-112.312049776638,249.383033419023
49.96,-196.330377442173,249.383033419023
49.97,-223.946786347811,249.383033419021
49.98,-130.537414944406,246.221079691517
49.99,-49.3435652492838,246.221079691517
50,119.700904574074,246.221079691517
50.01,198.627035657105,246.221079691517
50.02,208.353642515998,246.221079691517
50.03,113.631047659488,246.221079691517
50.04,-92.2379897389142,246.221079691517
50.05,-166.2485638929,246.221079691517
50.06,-214.020232501522,246.221079691517
50.07,-116.364431679088,246.221079691517
50.08,105.250445676248,243.470437017995
50.09,197.598286430077,243.470437017995
50.1,151.020122985699,243.470437017995
50.11,17.5198120210145,243.470437017995
50.12,-135.902212699472,243.470437017995
50.13,-213.98986832244,243.470437017995
50.14,-92.5609226275491,243.470437017995
50.15,117.701231758437,243.470437017995
50.16,225.370036609243,243.470437017995
50.17,105.991015761228,243.470437017989
50.18,-119.778110361775,235.28706083976
50.19,-188.017136114199,235.28706083976
50.2,-49.3731621863596,235.28706083976
50.21,166.461762354532,235.28706083976
50.22,150.938017825845,235.28706083976
50.23,-91.8089319604229,235.28706083976
50.24,-228.542197551797,235.28706083976
50.25,-106.047821914898,235.28706083976
50.26,108.547250258129,235.28706083976
50.27,119.213403550772,235.287060839754
50.28,-113.249006909989,227.180805484147
50.29,-228.916528325032,227.180805484147
50.3,13.9589907216468,227.180805484147
50.31,203.223149582408,227.180805484147
50.32,116.025830552275,227.180805484147
50.33,-165.547296337301,227.180805484147
50.34,-119.948700336987,227.180805484147
50.35,108.65703422012,227.180805484147
50.36,103.539356901179,227.180805484147
50.37,-123.667164242193,227.180805484144
50.38,-123.068177706852,223.007712082265
50.39,103.873211349962,223.007712082262
50.4,121.383364963213,223.007712082262
50.41,-115.398146575752,223.007712082262
50.42,-110.444171027921,223.007712082262
50.43,135.425553862498,223.007712082262
50.44,114.55547753191,223.007712082262
50.45,-196.764438738844,223.007712082262
50.46,-97.012537912217,223.007712082262
50.47,228.162748362277,223.007712082258
50.48,-47.0425863927347,217.566409597258
50.49,-188.019117876616,217.566409597258
50.5,112.698925623017,217.566409597258
50.51,112.243997574474,217.566409597258
50.52,-167.672132378548,217.566409597258
50.53,-75.4012908198037,217.566409597258
50.54,217.62030262484,217.566409597258
50.55,-115.596281621335,217.566409597258
50.56,-105.378319966952,217.566409597258
50.57,223.349031496763,217.566409597258
50.58,-75.2424050016004,214.4558697515
50.59,-122.230341095628,214.4558697515
50.6,165.43404575162,214.4558697515
50.61,16.2158581774117,214.4558697515
50.62,-150.65895402753,214.4558697515
50.63,166.148774317597,214.4558697515
50.64,-15.8100758983343,214.4558697515
50.65,-150.757472849706,214.4558697515
50.66,198.114725594123,214.4558697515
50.67,-76.0204490354274,214.455869751497
50.68,-110.364128976854,210.968294772922
50.69,228.242972570438,210.968294772922
50.7,-108.965303673284,210.968294772922
50.71,-74.8375209157825,210.968294772922
50.72,184.750360726995,210.968294772922
50.73,-166.455322909959,210.968294772922
50.74,120.636501796318,210.968294772922
50.75,116.795576542744,210.968294772922
50.76,-212.956641470993,210.968294772922
50.77,134.114055999193,210.968294772923
50.78,-121.029193000617,211.850899742931
50.79,-117.068252211462,211.850899742931
50.8,188.062347841276,211.850899742931
50.81,-168.302297754812,211.850899742931
50.82,120.83566277791,211.850899742931
50.83,76.6631537815464,211.850899742931
50.84,-120.431712978825,211.850899742931
50.85,231.768089817978,211.850899742931
50.86,-135.183370830825,211.850899742931
50.87,96.1245436132758,211.85089974293
50.88,120.230571112714,211.585261353899
50.89,-149.716934168002,211.585261353899
50.9,227.498674313511,211.585261353899
50.91,-112.497277743495,211.585261353899
50.92,96.0050042554205,211.585261353899
50.93,110.634155117135,211.585261353899
50.94,-119.459710043071,211.585261353899
50.95,233.129875077601,211.585261353899
50.96,-133.060342662644,211.585261353899
50.97,118.34253305185,211.585261353901
50.98,17.8354669053781,213.933161953728
50.99,-111.024281124987,213.933161953728
51,183.823885803103,213.933161953728
51.01,-225.336670881845,213.933161953728
51.02,133.669139779931,213.933161953728
51.03,-120.150611267763,213.933161953728
51.04,-17.4949871610514,213.933161953728
51.05,116.842043766764,213.933161953728
51.06,-120.081233555511,213.933161953728
51.07,229.891507408769,213.933161953728
51.08,-203.327842645949,212.082262210797
51.09,108.026571394659,212.082262210797
51.1,-117.912799636414,212.082262210797
51.11,-17.3260328536296,212.082262210797
51.12,120.673882614468,212.082262210797
51.13,-126.750554298678,212.082262210797
51.14,152.524342349511,212.082262210797
51.15,-232.644255149641,212.082262210797
51.16,202.095588265661,212.082262210797
51.17,-110.054838346836,212.082262210796
51.18,108.012286898461,210.428449014567
51.19,-117.442505261227,210.428449014567
51.2,64.756910253184,210.428449014567
51.21,19.2280709271215,210.428449014567
51.22,-85.8633919052689,210.428449014567
51.23,112.478600562924,210.428449014567
51.24,-102.833889980787,210.428449014567
51.25,104.025082575235,210.428449014567
51.26,-150.679633625505,210.428449014567
51.27,155.51155795527,210.428449014564
51.28,-212.751873617698,205.269922879177
51.29,213.144992414284,205.269922879177
51.3,-228.954184377655,205.269922879177
51.31,220.557225725272,205.269922879177
51.32,-229.109710479148,205.269922879177
51.33,220.54791424474,205.269922879177
51.34,-219.082814267812,205.269922879177
51.35,217.657402180318,205.269922879177
51.36,-188.4210508234,205.269922879177
51.37,188.692061371575,205.269922879173
51.38,-152.598572882649,199.777206512429
51.39,120.693896316708,199.777206512425
51.4,-126.457933583778,199.777206512425
51.41,108.509942998216,199.777206512425
51.42,-110.158012948605,199.777206512425
51.43,116.949819841354,199.777206512425
51.44,-110.933797834329,199.777206512425
51.45,19.3615677529004,199.777206512425
51.46,46.2827957139861,199.777206512425
51.47,-97.1287095677655,199.777206512427
51.48,120.758814152143,202.784918594687
51.49,-110.699236557292,202.784918594687
51.5,108.636031501255,202.784918594687
51.51,-131.424039651486,202.784918594687
51.52,167.299324914427,202.784918594687
51.53,-225.270564795782,202.784918594687
51.54,229.21526476182,202.784918594687
51.55,-186.861163172768,202.784918594687
51.56,182.798059918517,202.784918594687
51.57,-120.079927095634,202.784918594687
51.58,99.878589041957,209.443016281063
51.59,-110.740355295384,209.443016281063
51.6,120.03481775136,209.443016281063
51.61,-77.0016132115914,209.443016281063
51.62,-10.5324686076077,209.443016281063
51.63,47.3953237716346,209.443016281063
51.64,-101.321201840412,209.443016281063
51.65,116.085961696731,209.443016281063
51.66,-115.366388657786,209.443016281063
51.67,106.749019071467,209.443016281066
51.68,-110.509738076995,213.830334190231
51.69,131.236763416887,213.830334190231
51.7,-167.396434300731,213.830334190231
51.71,167.114518598673,213.830334190231
51.72,-206.886084000095,213.830334190231
51.73,225.156404680702,213.830334190231
51.74,-227.807206694516,213.830334190231
51.75,212.492197251148,213.830334190231
51.76,-186.11219596644,213.830334190231
51.77,150.715706702097,213.83033419023
51.78,-148.812727260789,212.365038560411
51.79,99.9118599274809,212.365038560411
51.8,-103.971519490978,212.365038560411
51.81,99.0159057550892,212.365038560411
51.82,-108.541350731473,212.365038560411
51.83,116.028633976007,212.365038560411
51.84,-122.095680876662,212.365038560411
51.85,110.154754734213,212.365038560411
51.86,-77.2946175581269,212.365038560411
51.87,77.0756344542514,212.365038560409
51.88,-20.4026369314919,209.785775492718
51.89,16.7007560506839,209.785775492716
51.9,13.8249073813855,209.785775492716
51.91,-46.7871152148454,209.785775492716
51.92,64.9217314152181,209.785775492716
51.93,-95.3529773197048,209.785775492716
51.94,96.1363997847795,209.785775492716
51.95,-95.6736699679688,209.785775492716
51.96,115.738106034193,209.785775492716
51.97,-119.409377156725,209.785775492715
51.98,120.589665814143,207.403598971722
51.99,-114.913227043921,207.403598971722
52,113.801725211347,207.403598971722
52.01,-106.970969305354,207.403598971722
52.02,101.048445308264,207.403598971722
52.03,-107.192267832385,207.403598971722
52.04,107.170560503275,207.403598971722
52.05,-117.56699491291,207.403598971722
52.06,111.42182372092,207.403598971722
52.07,-111.527465331792,207.403598971722
52.08,109.063709643082,209.134532990574
52.09,-97.8000198589056,209.134532990574
52.1,109.201048239101,209.134532990574
52.11,-108.429616699425,209.134532990574
52.12,98.990533010991,209.134532990574
52.13,-108.776874904879,209.134532990574
52.14,109.082505921938,209.134532990574
52.15,-110.463953555217,209.134532990574
52.16,109.197830667847,209.134532990574
52.17,-111.625438678104,209.134532990576
52.18,109.897738977913,211.568123393316
52.19,-102.17973787761,211.568123393316
52.2,106.985483883009,211.568123393316
52.21,-105.930814529982,211.568123393316
52.22,107.529853091335,211.568123393316
52.23,-113.14671241244,211.568123393316
52.24,119.950567645036,211.568123393316
52.25,-110.944717439346,211.568123393316
52.26,117.109599081866,211.568123393316
52.27,-120.59891745029,211.568123393318
52.28,96.2308641286379,214.764353041988
52.29,-46.2663243656445,214.764353041988
52.3,47.6128613744464,214.764353041988
52.31,-12.4633960397597,214.764353041988
52.32,-19.1751967789708,214.764353041988
52.33,18.9980481299999,214.764353041988
52.34,-44.0652630156657,214.764353041988
52.35,111.640675290397,214.764353041988
52.36,-124.011007436857,214.764353041988
52.37,120.27111090876,214.76435304199
52.38,-115.058131759628,218.286203941728
52.39,111.352898107355,218.286203941731
52.4,-108.964360400059,218.286203941731
52.41,99.9269738026266,218.286203941731
52.42,-95.2638213440715,218.286203941731
52.43,119.367409402071,218.286203941731
52.44,-121.390990293984,218.286203941731
52.45,149.585029549505,218.286203941731
52.46,-150.376234812957,218.286203941731
52.47,153.758382003006,218.28620394173
52.48,-186.870587790883,217.549271636675
52.49,188.110993554776,217.549271636675
52.5,-187.767090877431,217.549271636675
52.51,193.9160146382,217.549271636675
52.52,-188.371861132045,217.549271636675
52.53,189.605596017237,217.549271636675
52.54,-188.40553111055,217.549271636675
52.55,188.692506400839,217.549271636675
52.56,-184.973975094568,217.549271636675
52.57,155.478996797157,217.549271636675
52.58,-151.604708165215,217.283633247644
52.59,121.704431639643,217.283633247644
52.6,-122.365781313576,217.283633247644
52.61,108.554208113821,217.283633247644
52.62,-110.811690468358,217.283633247644
52.63,121.720519691888,217.283633247644
52.64,-89.0538837694529,217.283633247644
52.65,14.4904748465889,217.283633247644
52.66,65.5665948378123,217.283633247644
52.67,-119.049904694679,217.283633247641
52.68,107.780241633133,213.898886032562
52.69,-109.138471023157,213.898886032562
52.7,198.072501969995,213.898886032562
52.71,-232.906671674723,213.898886032562
52.72,188.688936163947,213.898886032562
52.73,-102.245809200935,213.898886032562
52.74,112.17915399949,213.898886032562
52.75,-43.5590579129849,213.898886032562
52.76,-100.362005970215,213.898886032562
52.77,109.499153826352,213.898886032561
52.78,-167.713647201807,211.902313624679
52.79,231.409508872407,211.902313624679
52.8,-150.699738150614,211.902313624679
52.81,39.3478384979976,211.902313624679
52.82,-43.657869706529,211.902313624679
52.83,-99.120984823031,211.902313624679
52.84,109.429665042839,211.902313624679
52.85,-220.301830178567,211.902313624679
52.86,152.2931476125,211.902313624679
52.87,-108.504823708513,211.90231362468
52.88,13.8667093077961,214.035989717222
52.89,116.105325489177,214.035989717224
52.9,-132.294074828339,214.035989717224
52.91,218.07740265743,214.035989717224
52.92,-105.193278342503,214.035989717224
52.93,77.5713267439504,214.035989717224
52.94,117.76301163517,214.035989717224
52.95,-132.100887795858,214.035989717224
52.96,232.130159866919,214.035989717224
52.97,-104.644196531953,214.035989717223
52.98,77.6928770447991,213.727506426735
52.99,124.28482760178,213.727506426735
53,-133.624688292077,213.727506426735
53.01,216.758686992657,213.727506426735
53.02,-100.513987083221,213.727506426735
53.03,19.3662000983489,213.727506426735
53.04,116.238788139423,213.727506426735
53.05,-197.470549105655,213.727506426735
53.06,187.949524944237,213.727506426735
53.07,-110.586456555294,213.727506426735
53.08,-13.4706363855174,216.700942587832
53.09,100.749198795537,216.700942587832
53.1,-219.670643289687,216.700942587832
53.11,150.345869686551,216.700942587832
53.12,-103.63339908595,216.700942587832
53.13,-95.3945039876615,216.700942587832
53.14,109.039773971082,216.700942587832
53.15,-224.568538217708,216.700942587832
53.16,149.26216557642,216.700942587832
53.17,-85.8416963011744,216.700942587834
53.18,-71.9599497540975,219.991431019709
53.19,98.8069970267601,219.991431019709
53.2,-231.126712417631,219.991431019709
53.21,120.627575840035,219.991431019709
53.22,-110.96377189022,219.991431019709
53.23,-94.7771762698435,219.991431019709
53.24,109.44832652518,219.991431019709
53.25,-225.651755872605,219.991431019709
53.26,119.313692472497,219.991431019709
53.27,-87.8793125574779,219.991431019706
53.28,-95.4106241448635,216.169665809769
53.29,107.627790195668,216.169665809769
53.3,-224.718348660488,216.169665809769
53.31,100.92940989986,216.169665809769
53.32,-112.772545505224,216.169665809769
53.33,-119.844266113427,216.169665809769
53.34,131.770577580008,216.169665809769
53.35,-218.929710055624,216.169665809769
53.36,106.674807629025,216.169665809769
53.37,-88.6136971619454,216.169665809769
53.38,-117.008506515197,216.30676949443
53.39,132.300640097108,216.30676949443
53.4,-218.252073909571,216.30676949443
53.41,98.9629446974262,216.30676949443
53.42,-76.1167084241547,216.30676949443
53.43,-119.337360163256,216.30676949443
53.44,165.014664935379,216.30676949443
53.45,-216.8830982405,216.30676949443
53.46,106.478909320824,216.30676949443
53.47,-55.4875892101622,216.306769494431
53.48,-116.349903274049,217.189374464439
53.49,132.150221441462,217.189374464439
53.5,-229.581550960262,217.189374464439
53.51,117.734046193556,217.189374464439
53.52,-120.492933825677,217.189374464439
53.53,-46.3620087044278,217.189374464439
53.54,106.167312091066,217.189374464439
53.55,-166.080421495501,217.189374464439
53.56,229.772824996858,217.189374464439
53.57,-118.030793939606,217.189374464439
53.58,115.752750013782,218.688946015424
53.59,-18.0252189586198,218.688946015424
53.6,-116.114160902207,218.688946015424
53.61,108.600146911132,218.688946015424
53.62,-196.872012361453,218.688946015424
53.63,227.345238395704,218.688946015424
53.64,-148.969212834191,218.688946015424
53.65,99.0606730385172,218.688946015424
53.66,-121.307762778037,218.688946015424
53.67,18.3644445902539,218.688946015428
53.68,103.170254454466,223.856041131105
53.69,-113.474626107287,223.856041131105
53.7,108.53882459484,223.856041131105
53.71,-163.839015431091,223.856041131105
53.72,220.095880993868,223.856041131105
53.73,-229.460314917679,223.856041131105
53.74,187.276337439786,223.856041131105
53.75,-180.353543777063,223.856041131105
53.76,100.022261599794,223.856041131105
53.77,-100.13349341488,223.856041131104
53.78,115.870604642647,222.279348757499
53.79,-109.933148148579,222.279348757498
53.8,77.0246333328818,222.279348757498
53.81,-20.2304315817912,222.279348757498
53.82,-44.9222836378625,222.279348757498
53.83,47.3350373655054,222.279348757498
53.84,-75.133908604434,222.279348757498
53.85,120.048344328224,222.279348757498
53.86,-111.664446087126,222.279348757498
53.87,123.030259718117,222.279348757501
53.88,-118.538604200553,226.64095972579
53.89,114.157008924753,226.640959725793
53.9,-115.771729079582,226.640959725793
53.91,119.021479187754,226.640959725793
53.92,-120.864842374088,226.640959725793
53.93,115.588725335044,226.640959725793
53.94,-119.79975789984,226.640959725793
53.95,95.3488101126327,226.640959725793
53.96,-46.6096751255403,226.640959725793
53.97,45.1853355139305,226.640959725795
53.98,76.305831582312,230.608397600686
53.99,-109.455904437774,230.608397600686
54,115.359367524483,230.608397600686
54.01,-108.191727142462,230.608397600686
54.02,116.957855162036,230.608397600686
54.03,-183.043971975994,230.608397600686
54.04,227.27760864562,230.608397600686
54.05,-200.623743933136,230.608397600686
54.06,131.542046151791,230.608397600686
54.07,-109.893991735328,230.608397600686
54.08,77.9177472440803,233.907455012853
54.09,50.6317598396167,233.907455012853
54.1,-113.513959945533,233.907455012853
54.11,148.68438343669,233.907455012853
54.12,-225.921535747781,233.907455012853
54.13,192.083267522958,233.907455012853
54.14,-109.90225646158,233.907455012853
54.15,15.1397742307528,233.907455012853
54.16,112.798854671507,233.907455012853
54.17,-180.963075248335,233.907455012858
54.18,216.511977904533,240.428449014567
54.19,-101.024456207993,240.428449014567
54.2,-49.6279025448659,240.428449014567
54.21,109.412328010246,240.428449014567
54.22,-216.018693601638,240.428449014567
54.23,132.363532015887,240.428449014567
54.24,-74.8152615226123,240.428449014567
54.25,-128.324276297338,240.428449014567
54.26,228.862949080114,240.428449014567
54.27,-109.705309915847,240.428449014569
54.28,-96.5311175049608,242.862039417308
54.29,205.716535090565,242.862039417309
54.3,-130.392914907634,242.862039417309
54.31,-18.7874953333314,242.862039417309
54.32,181.549921287788,242.862039417309
54.33,-130.117320354424,242.862039417309
54.34,-74.3958294232245,242.862039417309
54.35,206.739113314106,242.862039417309
54.36,-121.882354735471,242.862039417309
54.37,-114.965788195214,242.862039417316
54.38,223.966057377066,252.150814053121
54.39,-70.2374661461358,252.150814053128
54.4,-179.405822245907,252.150814053128
54.41,110.672400977234,252.150814053128
54.42,112.344052712392,252.150814053128
54.43,-196.794202133088,252.150814053128
54.44,-18.6586623057082,252.150814053128
54.45,226.302304448751,252.150814053128
54.46,-75.0357689444958,252.150814053128
54.47,-207.756765561319,252.150814053129
54.48,110.421358950557,253.890317052271
54.49,181.41295428155,253.890317052271
54.5,-112.455626674454,253.890317052271
54.51,-179.756937966803,253.890317052271
54.52,114.20268881361,253.890317052271
54.53,181.577804351486,253.890317052271
54.54,-111.518108143601,253.890317052271
54.55,-207.959084224993,253.890317052271
54.56,77.6934430444795,253.890317052271
54.57,226.300897641601,253.890317052271
54.58,15.282030632457,249.263067694944
54.59,-213.996636453436,249.263067694944
54.6,-114.053865091002,249.263067694944
54.61,109.195305454905,249.263067694944
54.62,180.634081941764,249.263067694944
54.63,-91.2442021448079,249.263067694944
54.64,-229.862585243453,249.263067694944
54.65,-103.085697925325,249.263067694944
54.66,141.224662636291,249.263067694944
54.67,205.53597950335,249.263067694943
54.68,14.6814856547616,247.120822622108
54.69,-194.016717351276,247.120822622108
54.7,-181.651306689108,247.120822622108
54.71,45.5919971564866,247.120822622108
54.72,192.942984151537,247.120822622108
54.73,180.895303024963,247.120822622108
54.74,40.0602002983539,247.120822622108
54.75,-138.159270183215,247.120822622108
54.76,-221.382376220023,247.120822622108
54.77,-108.88578522512,247.120822622109
54.78,91.4130159126565,248.011996572407
54.79,192.918920388361,248.011996572408
54.8,205.797138294998,248.011996572408
54.81,112.113344913582,248.011996572408
54.82,-63.1823635605144,248.011996572408
54.83,-133.54725314872,248.011996572408
54.84,-225.161523324763,248.011996572408
54.85,-179.35563544225,248.011996572408
54.86,-118.626990810008,248.011996572408
54.87,-19.9398766836179,248.011996572412
54.88,113.636576908348,253.736075407022
54.89,230.665054765203,253.736075407027
54.9,210.928094263845,253.736075407027
54.91,219.735327739904,253.736075407027
54.92,181.06019820911,253.736075407027
54.93,128.592793890654,253.736075407027
54.94,111.76243328734,253.736075407027
54.95,102.34365399657,253.736075407027
54.96,39.868921895769,253.736075407027
54.97,-12.2074203886651,253.73607540703
54.98,-64.615027592012,258.149100257069
54.99,-30.7504350705634,258.149100257069
55,-30.9789766695199,258.149100257069
55.01,-61.0350152505484,258.149100257069
55.02,-12.2826030823547,258.149100257069
55.03,39.8974403627316,258.149100257069
55.04,78.3982062888305,258.149100257069
55.05,105.052718901264,258.149100257069
55.06,160.311040716801,258.149100257069
55.07,180.49437705683,258.149100257069
55.08,227.915169650425,267.035132819195
55.09,193.276718742078,267.035132819195
55.1,119.680330644007,267.035132819195
55.11,62.0481918051366,267.035132819195
55.12,-105.723528075679,267.035132819195
55.13,-244.347649554684,267.035132819195
55.14,-210.106948372061,267.035132819195
55.15,-123.576155366373,267.035132819195
55.16,66.3105523088825,267.035132819195
55.17,149.227969167628,267.035132819201
55.18,185.729421614928,275.938303341902
55.19,49.4134017600972,275.938303341902
55.2,-136.671212302961,275.938303341902
55.21,-239.341653825733,275.938303341902
55.22,-107.845609149938,275.938303341902
55.23,130.854210189538,275.938303341902
55.24,244.591626174517,275.938303341902
55.25,95.044675625244,275.938303341902
55.26,-162.842082400509,275.938303341902
55.27,-199.855896498215,275.938303341908
55.28,95.4503861404072,284.164524421588
55.29,226.127283610728,284.164524421594
55.3,62.005311998581,284.164524421594
55.31,-239.063075676373,284.164524421594
55.32,-109.075032018309,284.164524421594
55.33,201.257811234301,284.164524421594
55.34,182.431876738647,284.164524421594
55.35,-190.678842100726,284.164524421594
55.36,-172.005476123617,284.164524421594
55.37,187.399355161629,284.164524421597
55.38,156.919054661318,288.011996572405
55.39,-212.500756441504,288.011996572408
55.4,-88.437881607683,288.011996572408
55.41,260.863470477689,288.011996572408
55.42,-3.85667550176294,288.011996572408
55.43,-233.824832796359,288.011996572408
55.44,113.190909752528,288.011996572408
55.45,136.754858551569,288.011996572408
55.46,-240.359269263662,288.011996572408
55.47,35.0741518372906,288.011996572413
55.48,128.983280732177,295.569837189374
55.49,-172.695573067636,295.569837189374
55.5,41.7122412462481,295.569837189374
55.51,197.977754214304,295.569837189374
55.52,-199.476515185337,295.569837189374
55.53,71.5303134216612,295.569837189374
55.54,119.009967585428,295.569837189374
55.55,-220.051507643398,295.569837189374
55.56,176.121614006135,295.569837189374
55.57,19.8135944645932,295.569837189374
55.58,-182.12910449445,303.82176520994
55.59,217.220752138809,303.82176520994
55.6,-245.521646863093,303.82176520994
55.61,100.400921969185,303.82176520994
55.62,46.8541477063067,303.82176520994
55.63,-169.852271514745,303.82176520994
55.64,210.337930012153,303.82176520994
55.65,-210.222495039691,303.82176520994
55.66,176.828985677615,303.82176520994
55.67,-92.2333311085623,303.821765209943
55.68,-42.1741143040963,308.431876606684
55.69,104.93765009963,308.431876606684
55.7,-142.471890770626,308.431876606684
55.71,203.185398999727,308.431876606684
55.72,-230.801329225569,308.431876606684
55.73,256.216230232662,308.431876606684
55.74,-273.095079778578,308.431876606684
55.75,186.492548453436,308.431876606684
55.76,-154.829125675661,308.431876606684
55.77,158.168128781501,308.431876606689
55.78,-95.7941984177149,315.552699228787
55.79,93.2285230398688,315.552699228792
55.8,-60.768249639596,315.552699228792
55.81,77.9959390245798,315.552699228792
55.82,-32.2507812322718,315.552699228792
55.83,69.3200034226315,315.552699228792
55.84,-76.5641997783575,315.552699228792
55.85,95.1388454991891,315.552699228792
55.86,-104.418424482328,315.552699228792
55.87,112.009790547452,315.552699228795
55.88,-136.354180455083,320.334190231359
55.89,219.508066803415,320.334190231362
55.9,-203.335842835649,320.334190231362
55.91,255.022249363489,320.334190231362
55.92,-220.065680298113,320.334190231362
55.93,255.642936851007,320.334190231362
55.94,-229.373364144515,320.334190231362
55.95,108.498741977907,320.334190231362
55.96,-57.5936487369966,320.334190231362
55.97,-72.5205912626315,320.334190231366
55.98,132.30483481834,325.261353898886
55.99,-231.006916946287,325.261353898886
56,228.761771354327,325.261353898886
56.01,-229.569822214147,325.261353898886
56.02,74.396085992022,325.261353898886
56.03,31.9734515534037,325.261353898886
56.04,-201.856056378215,325.261353898886
56.05,258.779019304155,325.261353898886
56.06,-255.799730044991,325.261353898886
56.07,97.5438323398818,325.261353898886
56.08,96.4313810793947,328.046272493573
56.09,-182.137495119068,328.046272493573
56.1,216.563635451879,328.046272493573
56.11,-172.549129335583,328.046272493573
56.12,9.88959141793802,328.046272493573
56.13,156.387807928218,328.046272493573
56.14,-264.866806201951,328.046272493573
56.15,242.290780578644,328.046272493573
56.16,-33.000151535526,328.046272493573
56.17,-112.861744580374,328.046272493573
56.18,197.577608295102,328.191945158526
56.19,-262.26548572071,328.191945158526
56.2,114.541450120609,328.191945158526
56.21,32.4822728358819,328.191945158526
56.22,-200.567336075611,328.191945158526
56.23,263.821579179621,328.191945158526
56.24,-262.456815598871,328.191945158526
56.25,111.176949702115,328.191945158526
56.26,32.6365153386033,328.191945158526
56.27,-147.299933347729,328.191945158525
56.28,251.517908389714,325.886889460156
56.29,-247.548850696203,325.886889460154
56.3,175.721162270362,325.886889460154
56.31,-79.9286029250876,325.886889460154
56.32,15.2098236971302,325.886889460154
56.33,101.884910592228,325.886889460154
56.34,-165.993661039634,325.886889460154
56.35,209.302225170179,325.886889460154
56.36,-240.663869373208,325.886889460154
56.37,254.283268070989,325.88688946014
56.38,-238.210838922981,305.278491859483
56.39,263.425440281231,305.278491859469
56.4,-235.253836871873,305.278491859469
56.41,147.887234164663,305.278491859469
56.42,-145.873238915039,305.278491859469
56.43,134.2479184812,305.278491859469
56.44,-114.586268205499,305.278491859469
56.45,103.268393283108,305.278491859469
56.46,-111.396894742913,305.278491859469
56.47,113.331205793802,305.278491859457
56.48,-115.177036078149,288.440445586975
56.49,160.789541061975,288.440445586975
56.5,-144.268534954961,288.440445586975
56.51,223.193303254966,288.440445586975
56.52,-193.909214549947,288.440445586975
56.53,219.214240057685,288.440445586975
56.54,-246.30372242014,288.440445586975
56.55,241.823167519053,288.440445586975
56.56,-215.609078685667,288.440445586975
56.57,139.753356584256,288.440445586975
56.58,-61.786638201028,282.853470437018
56.59,0.639857389807904,282.853470437018
56.6,134.965708423628,282.853470437018
56.61,-165.869805274626,282.853470437018
56.62,229.500568345333,282.853470437018
56.63,-177.076084353453,282.853470437018
56.64,120.245362928438,282.853470437018
56.65,12.2724298259957,282.853470437018
56.66,-115.912622456782,282.853470437018
56.67,213.035952494947,282.853470437014
56.68,-206.059140880598,276.81233933162
56.69,128.351553860082,276.81233933162
56.7,31.6960375125164,276.81233933162
56.71,-201.323629140511,276.81233933162
56.72,215.16457206224,276.81233933162
56.73,-157.598962601825,276.81233933162
56.74,-32.4448428812862,276.81233933162
56.75,198.663193957108,276.81233933162
56.76,-243.316251849746,276.81233933162
56.77,77.5857007169703,276.812339331615
56.78,180.693122684668,271.011139674383
56.79,-217.126448559024,271.011139674379
56.8,103.567419799492,271.011139674379
56.81,125.578341683537,271.011139674379
56.82,-228.567245899355,271.011139674379
56.83,109.033701166211,271.011139674379
56.84,147.693949322581,271.011139674379
56.85,-207.0908274442,271.011139674379
56.86,11.8255170191896,271.011139674379
56.87,227.741082402744,271.011139674374
56.88,-133.050539497797,263.684661525284
56.89,-106.383483757148,263.684661525278
56.9,222.829783917276,263.684661525278
56.91,-15.0094955742095,263.684661525278
56.92,-269.670722344436,263.684661525278
56.93,110.138440158309,263.684661525278
56.94,169.296676136371,263.684661525278
56.95,-128.583291918815,263.684661525278
56.96,-155.401112936456,263.684661525278
56.97,187.801220210481,263.684661525283
56.98,117.19256490892,269.562982005141
56.99,-184.148499309016,269.562982005141
57,-109.703222574883,269.562982005141
57.01,212.151778451738,269.562982005141
57.02,110.333213507758,269.562982005141
57.03,-156.687795211067,269.562982005141
57.04,-145.913454371851,269.562982005141
57.05,131.288917288406,269.562982005141
57.06,169.744649518928,269.562982005141
57.07,-101.005897080967,269.562982005141
57.08,-250.71134054752,265.672664952871
57.09,15.6412872874929,265.672664952871
57.1,224.430131501853,265.672664952871
57.11,109.047684491984,265.672664952871
57.12,-160.940056768551,265.672664952871
57.13,-196.923498640888,265.672664952871
57.14,6.46225887300174,265.672664952871
57.15,222.789872766695,265.672664952871
57.16,120.663787037843,265.672664952871
57.17,-118.828789135101,265.672664952874
57.18,-228.018932345609,270.368466152528
57.19,-34.149217023823,270.368466152528
57.2,129.937367517122,270.368466152528
57.21,219.432936261508,270.368466152528
57.22,87.3951565477579,270.368466152528
57.23,-126.132609665281,270.368466152528
57.24,-225.737908184051,270.368466152528
57.25,-112.130062566791,270.368466152528
57.26,128.192264360688,270.368466152528
57.27,225.620325461084,270.368466152531
57.28,142.494522912052,274.233076263922
57.29,-13.578000459013,274.233076263925
57.3,-186.420798183531,274.233076263925
57.31,-217.474681634837,274.233076263925
57.32,-110.25436705788,274.233076263925
57.33,78.1605417827732,274.233076263925
57.34,184.625087142189,274.233076263925
57.35,222.538016259591,274.233076263925
57.36,126.758943048576,274.233076263925
57.37,-39.3761741005258,274.233076263926
57.38,-131.750045755607,275.80119965724
57.39,-228.750009297076,275.801199657241
57.4,-164.537812589698,275.801199657241
57.41,-112.119975951049,275.801199657241
57.42,72.5111265112092,275.801199657241
57.43,134.164445345143,275.801199657241
57.44,209.235367878766,275.801199657241
57.45,234.172272372522,275.801199657241
57.46,142.068954767588,275.801199657241
57.47,94.0873107394378,275.80119965724
57.48,-38.7671304613648,274.747215081405
57.49,-120.11611973723,274.747215081405
57.5,-151.511612370137,274.747215081405
57.51,-222.896166372367,274.747215081405
57.52,-227.804131825349,274.747215081405
57.53,-196.692524925956,274.747215081405
57.54,-177.694085595775,274.747215081405
57.55,-111.457500474003,274.747215081405
57.56,-41.3301464057761,274.747215081405
57.57,39.8787517845837,274.747215081405
57.58,77.1351009045308,280.18851756641
57.59,119.975624812238,280.18851756641
57.6,125.374517659988,280.18851756641
57.61,151.851065152719,280.18851756641
57.62,184.277708778371,280.18851756641
57.63,209.254742018691,280.18851756641
57.64,252.451368843382,280.18851756641
57.65,229.399173043433,280.18851756641
57.66,229.749380882047,280.18851756641
57.67,227.622990574148,280.188517566409
57.68,227.802391810323,279.323050556984
57.69,227.837998989479,279.323050556984
57.7,227.837513061914,279.323050556984
57.71,227.704681036015,279.323050556984
57.72,227.564406705103,279.323050556984
57.73,232.096841632398,279.323050556984
57.74,228.725340501369,279.323050556984
57.75,230.19592224332,279.323050556984
57.76,212.700564933286,279.323050556984
57.77,208.781641273283,279.323050556982
57.78,183.881726555462,277.197943444732
57.79,183.859960210633,277.19794344473
57.8,156.023384562526,277.19794344473
57.81,106.677568781735,277.19794344473
57.82,108.038270027473,277.19794344473
57.83,102.496055947576,277.19794344473
57.84,69.3035569671817,277.19794344473
57.85,14.7303589183001,277.19794344473
57.86,-74.486978813984,277.19794344473
57.87,-112.618421850299,277.197943444733
57.88,-110.108479063774,280.865467009423
57.89,-144.733832276102,280.865467009426
57.9,-134.814946420379,280.865467009426
57.91,-194.682514074203,280.865467009426
57.92,-214.063278969133,280.865467009426
57.93,-222.516939040798,280.865467009426
57.94,-227.390576375292,280.865467009426
57.95,-220.174958351206,280.865467009426
57.96,-206.753628652216,280.865467009426
57.97,-149.411692984441,280.86546700943
57.98,-124.595080258176,286.75235646958
57.99,-112.175939725133,286.75235646958
58,-112.851166874425,286.75235646958
58.01,-99.0670682987984,286.75235646958
58.02,-68.1262069450076,286.75235646958
58.03,-37.9395667758141,286.75235646958
58.04,-18.5369110929818,286.75235646958
58.05,45.0705326958223,286.75235646958
58.06,41.8224848876681,286.75235646958
58.07,88.1185632411488,286.75235646958
58.08,89.9906775848816,277.703513281919
58.09,49.7069198234216,277.703513281919
58.1,86.2772587143893,277.703513281919
58.11,79.7055718820914,277.703513281919
58.12,90.1307445031276,277.703513281919
58.13,88.0909709061234,277.703513281919
58.14,58.763198217956,277.703513281919
58.15,45.4128737367806,277.703513281919
58.16,-17.9936400032258,277.703513281919
58.17,-71.6404612643839,277.703513281912
58.18,-79.9755560958565,267.38646101114
58.19,-100.824016566418,267.38646101114
58.2,-133.976904079619,267.38646101114
58.21,-153.924612315889,267.38646101114
58.22,-179.483594205934,267.38646101114
58.23,-217.371940120579,267.38646101114
58.24,-226.037184580287,267.38646101114
58.25,-213.038098896209,267.38646101114
58.26,-165.826553495427,267.38646101114
58.27,-120.284866001373,267.386461011143
58.28,-90.4242762415852,271.696658097683
58.29,16.5684186339021,271.696658097686
58.3,101.751050493949,271.696658097686
58.31,153.581455227613,271.696658097686
58.32,217.481968899198,271.696658097686
58.33,232.155152529168,271.696658097686
58.34,166.058518098963,271.696658097686
58.35,107.778549956906,271.696658097686
58.36,-17.9315651481914,271.696658097686
58.37,-112.415348199039,271.696658097691
58.38,-206.976746035846,277.489288774632
58.39,-224.604879517968,277.489288774636
58.4,-166.577158644891,277.489288774636
58.41,-60.010086357957,277.489288774636
58.42,75.057325132704,277.489288774636
58.43,186.197001769732,277.489288774636
58.44,220.481683670954,277.489288774636
58.45,171.54393454744,277.489288774636
58.46,59.1503771006725,277.489288774636
58.47,-122.366823670343,277.489288774639
58.48,-216.551242381888,282.579263067695
58.49,-194.439350942656,282.579263067695
58.5,-94.9691803592196,282.579263067695
58.51,105.574778990238,282.579263067695
58.52,254.351855730052,282.579263067695
58.53,194.906933532898,282.579263067695
58.54,59.1265151958824,282.579263067695
58.55,-141.060630770227,282.579263067695
58.56,-225.943501615816,282.579263067695
58.57,-120.453378887256,282.579263067695
58.58,78.0453592621256,285.509854327335
58.59,204.072454497942,285.509854327335
58.6,226.219464237975,285.509854327335
58.61,-10.5055966755024,285.509854327335
58.62,-206.898374552569,285.509854327335
58.63,-132.51145737207,285.509854327335
58.64,8.81963400886489,285.509854327335
58.65,235.909691856376,285.509854327335
58.66,171.530891676646,285.509854327335
58.67,-78.8702528902494,285.509854327336
58.68,-214.365155827533,286.666666666667
58.69,-120.532919258848,286.666666666667
58.7,131.842854964661,286.666666666667
58.71,185.813722970356,286.666666666667
58.72,8.71078787203765,286.666666666667
58.73,-262.594454756928,286.666666666667
58.74,-143.805267769415,286.666666666667
58.75,116.640307367853,286.666666666667
58.76,259.452678772774,286.666666666667
58.77,-72.6480601953451,286.666666666668
58.78,-220.296446557014,287.977720651242
58.79,-90.7000755990241,287.977720651243
58.8,180.722674298435,287.977720651243
58.81,144.967054490495,287.977720651243
58.82,-124.457833074579,287.977720651243
58.83,-164.74386024269,287.977720651243
58.84,107.138723820263,287.977720651243
58.85,226.674715782628,287.977720651243
58.86,-72.6994701939009,287.977720651243
58.87,-189.133189238783,287.977720651246
58.88,101.294986058054,292.425021422448
58.89,209.101987419173,292.425021422451
58.9,-60.1970233986371,292.425021422451
58.91,-194.539221229373,292.425021422451
58.92,76.0577944116066,292.425021422451
58.93,214.019390899452,292.425021422451
58.94,-79.1498976225592,292.425021422451
58.95,-262.717603504184,292.425021422451
58.96,71.8077031435362,292.425021422451
58.97,191.491176760584,292.425021422453
58.98,-112.978715859417,295.655526992288
58.99,-199.249577421667,295.655526992288
59,121.039263027152,295.655526992288
59.01,220.417756486499,295.655526992288
59.02,-132.523740404343,295.655526992288
59.03,-173.211525537713,295.655526992288
59.04,157.832331664279,295.655526992288
59.05,174.524319529221,295.655526992288
59.06,-157.342505405372,295.655526992288
59.07,-174.139520980063,295.655526992288
59.08,134.842446083528,291.713796058269
59.09,175.174542643181,291.713796058269
59.1,-133.729550082102,291.713796058269
59.11,-172.769985198266,291.713796058269
59.12,131.897639252805,291.713796058269
59.13,200.634218214372,291.713796058269
59.14,-106.989344029065,291.713796058269
59.15,-192.795740731362,291.713796058269
59.16,100.547282693788,291.713796058269
59.17,231.744441325287,291.713796058268
59.18,-34.3962823768551,290.771208226221
59.19,-229.027162492022,290.771208226221
59.2,-9.25904733341234,290.771208226221
59.21,225.354730454924,290.771208226221
59.22,94.4392243104705,290.771208226221
59.23,-184.726681997861,290.771208226221
59.24,-179.059783828476,290.771208226221
59.25,133.577378659878,290.771208226221
59.26,195.335453374734,290.771208226221
59.27,-99.7218628191813,290.771208226218
59.28,-228.632990087966,286.820908311914
59.29,-62.1470534664254,286.820908311911
59.3,207.498798528784,286.820908311911
59.31,122.286685059075,286.820908311911
59.32,-115.415751803637,286.820908311911
59.33,-237.804624344594,286.820908311911
59.34,16.7817449844795,286.820908311911
59.35,212.654834636069,286.820908311911
59.36,126.242558714995,286.820908311911
59.37,-109.719771971861,286.820908311914
59.38,-189.122971038295,291.251071122533
59.39,-14.6609185161248,291.251071122536
59.4,239.584865047337,291.251071122536
59.41,179.133432434361,291.251071122536
59.42,-126.762801191628,291.251071122536
59.43,-195.458104779509,291.251071122536
59.44,34.6077079414941,291.251071122536
59.45,188.018912255128,291.251071122536
59.46,168.985164481233,291.251071122536
59.47,-101.322475683119,291.251071122545
59.48,-219.91195042108,302.810625535561
59.49,-114.829126791929,302.810625535561
59.5,120.076439492826,302.810625535561
59.51,234.712963335021,302.810625535561
59.52,49.9067211529023,302.810625535561
59.53,-155.015808338352,302.810625535561
59.54,-265.978853312424,302.810625535561
59.55,51.5825450127927,302.810625535561
59.56,210.26137743201,302.810625535561
59.57,200.782609724632,302.810625535561
59.58,-70.1302020177394,298.397600685518
59.59,-217.212495179875,298.397600685518
59.6,-169.78204219928,298.397600685518
59.61,77.582847451966,298.397600685518
59.62,254.493719741831,298.397600685518
59.63,121.023366190177,298.397600685518
59.64,-106.307739673538,298.397600685518
59.65,-227.322889660953,298.397600685518
59.66,-109.319427513987,298.397600685518
59.67,131.640253154047,298.397600685519
59.68,232.248664073117,299.717223650386
59.69,78.9003567377285,299.717223650386
59.7,-168.352033833334,299.717223650386
59.71,-191.686579153137,299.717223650386
59.72,-15.2672455731223,299.717223650386
59.73,236.206381331274,299.717223650386
59.74,140.170153284752,299.717223650386
59.75,-98.4555885144628,299.717223650386
59.76,-227.084271243499,299.717223650386
59.77,-90.505034305687,299.717223650385
59.78,149.710124260574,298.628963153385
59.79,165.811778220641,298.628963153385
59.8,-67.8832031197772,298.628963153385
59.81,-242.570145355435,298.628963153385
59.82,-90.7803745001491,298.628963153385
59.83,186.372321307409,298.628963153385
59.84,135.905068498252,298.628963153385
59.85,-104.470997944022,298.628963153385
59.86,-219.915702716828,298.628963153385
59.87,-10.9203695592318,298.628963153387
59.88,218.584108106393,301.850899742928
59.89,108.957566796777,301.850899742931
59.9,-169.08650469721,301.850899742931
59.91,-202.005776999492,301.850899742931
59.92,96.1559837806635,301.850899742931
59.93,210.095904535738,301.850899742931
59.94,-17.7194685591424,301.850899742931
59.95,-216.613462385759,301.850899742931
59.96,-89.7265202772708,301.850899742931
59.97,240.130574161882,301.850899742932
59.98,109.246272225903,303.281919451585
59.99,-134.620043923231,303.281919451585
60,-222.597642540048,303.281919451585
60.01,74.1297778961449,303.281919451585
60.02,217.050253171064,303.281919451585
60.03,7.56905948178312,303.281919451585
60.04,-239.943824777418,303.281919451585
60.05,-82.8308227892794,303.281919451585
60.06,213.541360817357,303.281919451585
60.07,145.754418756283,303.281919451585
60.08,-135.109110837412,301.765209940017
60.09,-126.487875542737,301.765209940017
60.1,103.541393265351,301.765209940017
60.11,247.922861392455,301.765209940017
60.12,20.4271654276859,301.765209940017
60.13,-222.737042772377,301.765209940017
60.14,-84.8283418548328,301.765209940017
60.15,266.591124436495,301.765209940017
60.16,108.976654143339,301.765209940017
60.17,-153.447753012707,301.765209940017
60.18,-118.305738386832,301.72236503856
60.19,131.634485310748,301.72236503856
60.2,196.505877702012,301.72236503856
60.21,-70.8884304333611,301.72236503856
60.22,-217.488486582389,301.72236503856
60.23,12.0405461727381,301.72236503856
60.24,227.742243948778,301.72236503856
60.25,89.6877210232576,301.72236503856
60.26,-241.657268877734,301.72236503856
60.27,-130.870754405499,301.722365038562
60.28,155.513093977096,303.941730934017
60.29,168.887186782423,303.941730934019
60.3,-112.566284805175,303.941730934019
60.31,-219.096816008722,303.941730934019
60.32,25.9248783332581,303.941730934019
60.33,208.447068710535,303.941730934019
60.34,126.493354174037,303.941730934019
60.35,-136.010678745535,303.941730934019
60.36,-215.90969268395,303.941730934019
60.37,20.5593567696455,303.941730934019
60.38,220.614372908594,304.841473864609
60.39,144.424061206724,304.84147386461
60.4,-97.5069318525912,304.84147386461
60.41,-244.960911110255,304.84147386461
60.42,-109.268636711975,304.84147386461
60.43,120.956442529446,304.84147386461
60.44,226.577929208859,304.84147386461
60.45,111.595290965178,304.84147386461
60.46,-135.539389599423,304.84147386461
60.47,-228.342118452168,304.841473864608
60.48,-110.887501120917,301.936589545844
60.49,110.707098412143,301.936589545844
60.5,228.356795195196,301.936589545844
60.51,121.705928214929,301.936589545844
60.52,-67.1376710710597,301.936589545844
60.53,-210.009934611367,301.936589545844
60.54,-199.077709816115,301.936589545844
60.55,-61.8600817982468,301.936589545844
60.56,134.67350203458,301.936589545844
60.57,226.701240446212,301.936589545844
60.58,121.877554619859,302.973436161097
60.59,-72.2203629875646,302.973436161097
60.6,-151.284475064468,302.973436161097
60.61,-226.840121053401,302.973436161097
60.62,-122.138489970156,302.973436161097
60.63,77.2875760247682,302.973436161097
60.64,183.641131505715,302.973436161097
60.65,222.010980733872,302.973436161097
60.66,126.682680440321,302.973436161097
60.67,-34.8957440023935,302.973436161098
60.68,-154.015486092002,304.001713796058
60.69,-229.299644727452,304.001713796058
60.7,-140.288641786216,304.001713796058
60.71,-40.5318259783821,304.001713796058
60.72,114.055267591952,304.001713796058
60.73,222.060859963818,304.001713796058
60.74,195.605157160428,304.001713796058
60.75,108.821102668979,304.001713796058
60.76,-78.3233809252077,304.001713796058
60.77,-154.946097007729,304.001713796059
60.78,-229.016421300451,304.850042844901
60.79,-135.602393838094,304.850042844901
60.8,-56.8732824180627,304.850042844901
60.81,104.511808589761,304.850042844901
60.82,182.786347875863,304.850042844901
60.83,225.052007389266,304.850042844901
60.84,170.234170026072,304.850042844901
60.85,12.5899408550436,304.850042844901
60.86,-134.013828286611,304.850042844901
60.87,-210.313764793344,304.850042844908
60.88,-195.165720314999,313.907455012847
60.89,-109.403087162205,313.907455012853
60.9,40.1851435926104,313.907455012853
60.91,129.956499596989,313.907455012853
60.92,227.276848047232,313.907455012853
60.93,165.660054101955,313.907455012853
60.94,111.915863581894,313.907455012853
60.95,-67.0030999103308,313.907455012853
60.96,-154.14559851629,313.907455012853
60.97,-228.69073429111,313.907455012852
60.98,-168.538057257449,312.296486718081
60.99,-91.0878218239595,312.296486718081
61,71.943916029359,312.296486718081
61.01,150.847039336793,312.296486718081
61.02,223.365491138458,312.296486718081
61.03,168.816646735914,312.296486718081
61.04,93.0886191221221,312.296486718081
61.05,-62.3707020523224,312.296486718081
61.06,-150.480466697113,312.296486718081
61.07,-228.221828582082,312.296486718081
61.08,-165.535428877091,308.40616966581
61.09,-112.70909555522,308.40616966581
61.1,39.9060979988083,308.40616966581
61.11,135.899036693941,308.40616966581
61.12,222.120764793106,308.40616966581
61.13,219.197315991331,308.40616966581
61.14,143.383759553891,308.40616966581
61.15,59.9973833540497,308.40616966581
61.16,-79.0727171570268,308.40616966581
61.17,-154.834136446606,308.406169665808
61.18,-223.187739073925,305.501285347044
61.19,-213.867221573209,305.501285347044
61.2,-120.633072375732,305.501285347044
61.21,-61.3452909147173,305.501285347044
61.22,103.644271191284,305.501285347044
61.23,124.485129878053,305.501285347044
61.24,250.027341232385,305.501285347044
61.25,216.649341611392,305.501285347044
61.26,136.736583965275,305.501285347044
61.27,94.202380082417,305.501285347043
61.28,-34.7554801169028,304.2587832048
61.29,-133.360199812462,304.258783204799
61.3,-207.924348904553,304.258783204799
61.31,-222.318137979234,304.258783204799
61.32,-166.825079797918,304.258783204799
61.33,-109.634568487217,304.258783204799
61.34,-13.8223181158105,304.258783204799
61.35,119.047038045963,304.258783204799
61.36,150.223544056436,304.258783204799
61.37,233.479423819493,304.258783204808
61.38,164.168046030514,317.455012853461
61.39,124.550708282233,317.45501285347
61.4,45.65357685084,317.45501285347
61.41,-112.743026656322,317.45501285347
61.42,-150.020680398437,317.45501285347
61.43,-241.721829374175,317.45501285347
61.44,-196.641170746192,317.45501285347
61.45,-125.582302943755,317.45501285347
61.46,-39.8927360179746,317.45501285347
61.47,102.175987150891,317.455012853484
61.48,155.238380671325,335.929734361611
61.49,222.892318978242,335.929734361611
61.5,217.024005336326,335.929734361611
61.51,146.641574885709,335.929734361611
61.52,59.6531416925761,335.929734361611
61.53,-80.9663152967994,335.929734361611
61.54,-164.35557810648,335.929734361611
61.55,-218.597716042475,335.929734361611
61.56,-221.5462826066,335.929734361611
61.57,-171.698681787194,335.929734361611
61.58,-109.49549480083,329.203084832905
61.59,-13.7277428429864,329.203084832905
61.6,111.55107976365,329.203084832905
61.61,155.493342908879,329.203084832905
61.62,223.604559484519,329.203084832905
61.63,216.230281713802,329.203084832905
61.64,140.338027541658,329.203084832905
61.65,93.032057232189,329.203084832905
61.66,-38.5052017061718,329.203084832905
61.67,-113.92598342131,329.203084832905
61.68,-206.733259645594,329.631533847472
61.69,-221.282400606049,329.631533847472
61.7,-165.91530669287,329.631533847472
61.71,-112.734627370631,329.631533847472
61.72,39.8509706042007,329.631533847472
61.73,122.44909528628,329.631533847472
61.74,217.518810177836,329.631533847472
61.75,259.486216581044,329.631533847472
61.76,116.764063894233,329.631533847472
61.77,-72.7438280149589,329.631533847476
61.78,-128.986338563733,335.047129391599
61.79,-215.440940652879,335.047129391602
61.8,-164.26367385283,335.047129391602
61.81,-60.9902261573502,335.047129391602
61.82,113.297688543523,335.047129391602
61.83,248.879996480922,335.047129391602
61.84,165.63677193735,335.047129391602
61.85,62.9768998980686,335.047129391602
61.86,-141.173940505644,335.047129391602
61.87,-224.825250164687,335.04712939161
61.88,-121.442089095841,345.338474721501
61.89,60.5324094063897,345.338474721508
61.9,205.031135420126,345.338474721508
61.91,193.004653896,345.338474721508
61.92,-27.0049167792957,345.338474721508
61.93,-148.268667529748,345.338474721508
61.94,-213.063533625394,345.338474721508
61.95,-80.1113995454784,345.338474721508
61.96,128.204069759353,345.338474721508
61.97,219.092880747922,345.338474721518
61.98,92.2759211214911,359.520137103685
61.99,-129.160493575758,359.520137103685
62,-209.036750737372,359.520137103685
62.01,-56.4499619018909,359.520137103685
62.02,148.573851118831,359.520137103685
62.03,193.237468148322,359.520137103685
62.04,15.6984631566617,359.520137103685
62.05,-261.56458303539,359.520137103685
62.06,-168.970240813031,359.520137103685
62.07,109.121539042159,359.520137103685
62.08,225.728661563871,346.778063410454
62.09,29.8710503261649,346.778063410454
62.1,-185.253543206039,346.778063410454
62.11,-170.969121669287,346.778063410454
62.12,109.075046136898,346.778063410454
62.13,221.998893364672,346.778063410454
62.14,-23.2328021439213,346.778063410454
62.15,-216.52544669025,346.778063410454
62.16,-108.886192513667,346.778063410454
62.17,153.765210323498,346.778063410447
62.18,140.298229288664,336.332476435304
62.19,-142.080034260643,336.332476435304
62.2,-196.693738636022,336.332476435304
62.21,104.059092825483,336.332476435304
62.22,188.793908988773,336.332476435304
62.23,-73.2837342380682,336.332476435304
62.24,-208.067386559462,336.332476435304
62.25,68.9651641757278,336.332476435304
62.26,278.664063035476,336.332476435304
62.27,-98.5096388323602,336.332476435301
62.28,-195.245139005757,332.142245072839
62.29,109.376445315503,332.142245072836
62.3,167.131516747706,332.142245072836
62.31,-129.940140616141,332.142245072836
62.32,-157.366004785988,332.142245072836
62.33,212.938868525691,332.142245072836
62.34,108.704641136455,332.142245072836
62.35,-209.538647835146,332.142245072836
62.36,22.8993876320864,332.142245072836
62.37,215.311569439366,332.142245072837
62.38,-83.1290404861629,333.144815766923
62.39,-262.387280192555,333.144815766924
62.4,155.169401977206,333.144815766924
62.41,99.173973480425,333.144815766924
62.42,-240.353008746452,333.144815766924
62.43,77.5568261184119,333.144815766924
62.44,259.708195553594,333.144815766924
62.45,-152.800023390073,333.144815766924
62.46,-90.2521015126595,333.144815766924
62.47,248.803265306251,333.144815766926
62.48,-104.097691048401,335.749785775493
62.49,-143.589388593376,335.749785775493
62.5,248.526066556577,335.749785775493
62.51,-32.3356245738214,335.749785775493
62.52,-136.566206567707,335.749785775493
62.53,238.6097239273,335.749785775493
62.54,-74.8316326910736,335.749785775493
62.55,-239.574684689439,335.749785775493
62.56,211.452085120241,335.749785775493
62.57,-100.969587178656,335.749785775493
62.58,-116.653001947877,343.127677806341
62.59,226.208681480969,343.127677806341
62.6,-146.488373028914,343.127677806341
62.61,-43.3251678068276,343.127677806341
62.62,236.601069001351,343.127677806341
62.63,-233.956845224696,343.127677806341
62.64,114.071783278972,343.127677806341
62.65,59.6510624056976,343.127677806341
62.66,-199.562702953505,343.127677806341
62.67,215.155577202572,343.127677806347
62.68,-145.473710712299,352.202227934876
62.69,36.3793117578345,352.202227934876
62.7,108.808770527339,352.202227934876
62.71,-262.903626470084,352.202227934876
62.72,213.989366446461,352.202227934876
62.73,-151.021312695758,352.202227934876
62.74,35.0653992689096,352.202227934876
62.75,80.6925276815567,352.202227934876
62.76,-199.772578704553,352.202227934876
62.77,218.259215073261,352.202227934883
62.78,-204.497051294366,361.910882604963
62.79,132.958780540104,361.91088260497
62.8,-33.6591126032706,361.91088260497
62.81,-51.4915286788967,361.91088260497
62.82,165.945533455378,361.91088260497
62.83,-191.717208652831,361.91088260497
62.84,228.338863961008,361.91088260497
62.85,-204.271842609897,361.91088260497
62.86,184.237283004702,361.91088260497
62.87,-78.2519891973078,361.910882604965
62.88,17.8248703296831,355.184233076269
62.89,88.4974179489365,355.184233076264
62.9,-182.65761251751,355.184233076264
62.91,228.383436018433,355.184233076264
62.92,-206.205139522227,355.184233076264
62.93,261.19518648999,355.184233076264
62.94,-204.63831162498,355.184233076264
62.95,175.946434830423,355.184233076264
62.96,-114.089498145385,355.184233076264
62.97,93.3641257445586,355.184233076265
62.98,-70.3204688468538,356.469580119966
62.99,-38.7599139848587,356.469580119966
63,93.9946330710651,356.469580119966
63.01,-116.401681055748,356.469580119966
63.02,118.162521985568,356.469580119966
63.03,-133.183111166602,356.469580119966
63.04,158.932645352781,356.469580119966
63.05,-189.03400580259,356.469580119966
63.06,224.254178340762,356.469580119966
63.07,-223.117638933054,356.469580119966
63.08,221.643574393069,357.060839760069
63.09,-241.153158509547,357.060839760069
63.1,153.35006492206,357.060839760069
63.11,-207.711725869819,357.060839760069
63.12,114.109665925007,357.060839760069
63.13,-96.0578172883035,357.060839760069
63.14,70.5525658612104,357.060839760069
63.15,45.8617453123865,357.060839760069
63.16,-91.9671078931993,357.060839760069
63.17,183.382922119772,357.060839760071
63.18,-264.999226828866,360.145672664953
63.19,226.608946639722,360.145672664953
63.2,-217.34022990706,360.145672664953
63.21,207.22795329627,360.145672664953
63.22,-133.937153321247,360.145672664953
63.23,70.1651459857264,360.145672664953
63.24,94.1752288518079,360.145672664953
63.25,-161.18364544669,360.145672664953
63.26,188.053149874412,360.145672664953
63.27,-263.162370606999,360.145672664946
63.28,184.557120457186,350.042844901464
63.29,-59.4344256315758,350.042844901457
63.3,-108.612448077951,350.042844901457
63.31,262.359594752677,350.042844901457
63.32,-271.77608317873,350.042844901457
63.33,144.520579923256,350.042844901457
63.34,-3.21392175919879,350.042844901457
63.35,-235.208986587025,350.042844901457
63.36,214.610044820934,350.042844901457
63.37,-118.567730818149,350.042844901443
63.38,-91.4028601621214,330.796915167109
63.39,188.444282633833,330.796915167095
63.4,-186.474864846114,330.796915167095
63.41,-14.5479866603271,330.796915167095
63.42,169.359450427694,330.796915167095
63.43,-181.820926806546,330.796915167095
63.44,11.6450002039828,330.796915167095
63.45,163.837961710576,330.796915167095
63.46,-251.598996101992,330.796915167095
63.47,-40.2946850901093,330.796915167078
63.48,232.066264528006,306.975149957155
63.49,-157.722391796089,306.975149957155
63.5,-109.209502054861,306.975149957155
63.51,224.388449087559,306.975149957155
63.52,-35.2316063568263,306.975149957155
63.53,-194.770179728903,306.975149957155
63.54,116.387958181888,306.975149957155
63.55,167.624870413975,306.975149957155
63.56,-212.444824981543,306.975149957155
63.57,-83.8049098590435,306.975149957155
63.58,251.74311330781,289.837189374464
63.59,59.4112900941698,289.837189374464
63.6,-228.805223611343,289.837189374464
63.61,23.7802218142666,289.837189374464
63.62,229.305988320843,289.837189374464
63.63,7.90914730404063,289.837189374464
63.64,-223.940898872099,289.837189374464
63.65,-63.4302111637163,289.837189374464
63.66,217.5310050371,289.837189374464
63.67,94.3258208304239,289.837189374451
63.68,-184.157040295306,270.531276778063
63.69,-123.116649540594,270.531276778063
63.7,133.882286419878,270.531276778063
63.71,227.74760923318,270.531276778063
63.72,-66.8165459489938,270.531276778063
63.73,-228.542996630132,270.531276778063
63.74,-110.811258431929,270.531276778063
63.75,160.998608024191,270.531276778063
63.76,160.637860916576,270.531276778063
63.77,-38.5440056496913,270.531276778047
63.78,-242.311419018455,248.149100257085
63.79,-176.152873227205,248.149100257069
63.8,78.5116167352404,248.149100257069
63.81,252.551157171997,248.149100257069
63.82,118.849097465461,248.149100257069
63.83,-102.483326544523,248.149100257069
63.84,-219.034398973289,248.149100257069
63.85,-169.47164645153,248.149100257069
63.86,-14.4016017497195,248.149100257069
63.87,177.837030185006,248.149100257065
63.88,234.204693908508,242.133676092549
63.89,113.018896345758,242.133676092545
63.9,-104.118697861396,242.133676092545
63.91,-183.188899593574,242.133676092545
63.92,-215.408889210004,242.133676092545
63.93,-109.311450302008,242.133676092545
63.94,68.7990772245406,242.133676092545
63.95,151.748764818824,242.133676092545
63.96,229.816283161624,242.133676092545
63.97,168.758907670675,242.133676092547
63.98,92.4487408526053,245.484147386461
63.99,-78.8212424957778,245.484147386461
64,-155.799647234536,245.484147386461
64.01,-223.304951623478,245.484147386461
64.02,-216.07575617878,245.484147386461
64.03,-120.467703248465,245.484147386461
64.04,-61.3594972137254,245.484147386461
64.05,72.24475982569,245.484147386461
64.06,120.783066102097,245.484147386461
64.07,151.818752581507,245.484147386461
64.08,224.430417252898,272.93059125964
64.09,227.723976724958,272.93059125964
64.1,196.174864643456,272.93059125964
64.11,168.326818492813,272.93059125964
64.12,125.72969699248,272.93059125964
64.13,91.7086953899449,272.93059125964
64.14,90.8524173322708,272.93059125964
64.15,12.9812344933924,272.93059125964
64.16,-38.4615829015506,272.93059125964
64.17,-68.6066025383609,272.93059125964
64.18,-102.074367326662,276.109682947725
64.19,-114.531822817961,276.109682947729
64.2,-115.033286899772,276.109682947729
64.21,-119.733739671004,276.109682947729
64.22,-119.861380219572,276.109682947729
64.23,-119.795883290697,276.109682947729
64.24,-119.644639002631,276.109682947729
64.25,-116.004454423629,276.109682947729
64.26,-117.728549852089,276.109682947729
64.27,-104.219300567736,276.109682947729
64.28,-48.9835473646302,281.379605826907
64.29,-17.2508072965057,281.379605826907
64.3,77.3849421471117,281.379605826907
64.31,86.8391171884672,281.379605826907
64.32,116.329994487699,281.379605826907
64.33,118.073114447447,281.379605826907
64.34,166.102439643824,281.379605826907
64.35,217.250522951603,281.379605826907
64.36,232.445462104135,281.379605826907
64.37,209.215477249169,281.379605826907
64.38,120.42716353317,281.173950299914
64.39,113.812592883583,281.173950299914
64.4,74.1533861613581,281.173950299914
64.41,-87.4701673769671,281.173950299914
64.42,-120.535046378885,281.173950299914
64.43,-197.644735316859,281.173950299914
64.44,-229.371772160932,281.173950299914
64.45,-151.449523080132,281.173950299914
64.46,-117.00335331308,281.173950299914
64.47,42.2949320954933,281.173950299914
64.48,118.030217724615,279.700085689805
64.49,218.222194104747,279.700085689803
64.5,211.76985961978,279.700085689803
64.51,121.462643097645,279.700085689803
64.52,-45.4722031801585,279.700085689803
64.53,-125.205041330549,279.700085689803
64.54,-221.968200830699,279.700085689803
64.55,-149.77360493025,279.700085689803
64.56,-105.231185423356,279.700085689803
64.57,111.866338314791,279.700085689803
64.58,196.016944979048,283.710368466153
64.59,184.62620626667,283.710368466153
64.6,106.045668990237,283.710368466153
64.61,-117.676415014262,283.710368466153
64.62,-216.708935571977,283.710368466153
64.63,-183.100574861291,283.710368466153
64.64,-75.2062768850224,283.710368466153
64.65,122.947108483998,283.710368466153
64.66,229.880889963603,283.710368466153
64.67,109.798546519983,283.710368466153
64.68,-112.324342857538,288.800342759204
64.69,-198.884108604883,288.800342759212
64.7,-121.96401240502,288.800342759212
64.71,14.1929114722032,288.800342759212
64.72,165.530860183513,288.800342759212
64.73,183.36245215119,288.800342759212
64.74,15.7673081468836,288.800342759212
64.75,-165.625415570694,288.800342759212
64.76,-149.589445240978,288.800342759212
64.77,45.1227215265848,288.800342759212
64.78,194.98043841428,286.820908311911
64.79,125.163809368349,286.820908311911
64.8,-112.908112985893,286.820908311911
64.81,-233.534104976712,286.820908311911
64.82,-118.516578399802,286.820908311911
64.83,113.287084465433,286.820908311911
64.84,184.696795502613,286.820908311911
64.85,-75.2377410324773,286.820908311911
64.86,-221.871564799543,286.820908311911
64.87,-118.468638089709,286.820908311911
64.88,134.540723015359,279.537275064267
64.89,121.480095579219,279.537275064267
64.9,-117.798189065033,279.537275064267
64.91,-213.970721674506,279.537275064267
64.92,16.0183389150611,279.537275064267
64.93,232.360725774089,279.537275064267
64.94,49.6106475247094,279.537275064267
64.95,-216.285858285196,279.537275064267
64.96,-93.8445119629374,279.537275064267
64.97,198.398244067483,279.537275064267
64.98,116.06264896554,274.687232219373
64.99,-166.94261768311,274.687232219366
65,-118.735657819662,274.687232219366
65.01,169.429964046019,274.687232219366
65.02,116.106338430422,274.687232219366
65.03,-199.193645325492,274.687232219366
65.04,-97.0517367574091,274.687232219366
65.05,223.249860001592,274.687232219366
65.06,49.9885371570259,274.687232219366
65.07,-229.412562523831,274.687232219366
65.08,77.8015672422885,275.586975149957
65.09,189.007847540976,275.586975149957
65.1,-115.906641172577,275.586975149957
65.11,-103.753275969441,275.586975149957
65.12,133.985555260187,275.586975149957
65.13,106.549591092004,275.586975149957
65.14,-227.206679086309,275.586975149957
65.15,48.7171594278889,275.586975149957
65.16,151.982012379401,275.586975149957
65.17,-107.57603550508,275.586975149957
65.18,-117.589368911739,277.455012853468
65.19,223.748681707825,277.45501285347
65.2,-96.1607896604753,277.45501285347
65.21,-120.502559068022,277.45501285347
65.22,133.597577093029,277.45501285347
65.23,102.408561113098,277.45501285347
65.24,-214.378414407503,277.45501285347
65.25,116.205367129408,277.45501285347
65.26,116.890592962104,277.45501285347
65.27,-232.938949576198,277.45501285347
65.28,112.347688276419,284.087403598972
65.29,109.924679971096,284.087403598972
65.3,-221.96726635667,284.087403598972
65.31,110.484749267368,284.087403598972
65.32,109.637610430076,284.087403598972
65.33,-227.037625153142,284.087403598972
65.34,124.020558494854,284.087403598972
65.35,114.305166755289,284.087403598972
65.36,-232.898874353253,284.087403598972
65.37,116.217244797409,284.087403598972
65.38,106.293810735012,286.203941730934
65.39,-218.731144208563,286.203941730934
65.4,111.040198935973,286.203941730934
65.41,17.8474494905547,286.203941730934
65.42,-149.664220739822,286.203941730934
65.43,169.083648345321,286.203941730934
65.44,-121.093575034295,286.203941730934
65.45,-115.588110827191,286.203941730934
65.46,230.234856639739,286.203941730934
65.47,-112.601439962223,286.203941730934
65.48,14.8435149283889,286.272493573265
65.49,125.151038653536,286.272493573265
65.5,-227.139661339308,286.272493573265
65.51,108.470151015929,286.272493573265
65.52,18.5615322455345,286.272493573265
65.53,-126.529268475919,286.272493573265
65.54,233.266477689638,286.272493573265
65.55,-111.943286525808,286.272493573265
65.56,-16.068687288197,286.272493573265
65.57,109.825432823424,286.272493573265
65.58,-188.446971940697,283.084832904884
65.59,165.977850676918,283.084832904884
65.6,-120.233959230806,283.084832904884
65.61,-76.0177294569276,283.084832904884
65.62,108.083897160641,283.084832904884
65.63,-228.373035537371,283.084832904884
65.64,166.162695648929,283.084832904884
65.65,-115.503716162501,283.084832904884
65.66,-18.3640289587732,283.084832904884
65.67,109.346766147414,283.084832904884
65.68,-184.59166214601,284.293059125962
65.69,227.414091112998,284.293059125964
65.7,-112.484194464216,284.293059125964
65.71,120.564943050308,284.293059125964
65.72,86.2325660152713,284.293059125964
65.73,-115.041109894445,284.293059125964
65.74,188.751098514951,284.293059125964
65.75,-221.34310003103,284.293059125964
65.76,107.11193388315,284.293059125964
65.77,-118.019084773385,284.293059125964
65.78,-18.8769816633204,285.955441302485
65.79,116.626153737666,285.955441302485
65.8,-150.570378780273,285.955441302485
65.81,217.662446160701,285.955441302485
65.82,-197.541919219274,285.955441302485
65.83,111.025991994863,285.955441302485
65.84,-112.627456125273,285.955441302485
65.85,-51.6065008479783,285.955441302485
65.86,117.189285152242,285.955441302485
65.87,-119.203924455044,285.955441302485
65.88,212.712340420522,287.429305912596
65.89,-202.543817232887,287.429305912596
65.9,134.450309906983,287.429305912596
65.91,-115.551453545343,287.429305912596
65.92,48.149172564143,287.429305912596
65.93,75.7855214243777,287.429305912596
65.94,-103.735112393135,287.429305912596
65.95,150.100936153311,287.429305912596
65.96,-218.998858258522,287.429305912596
65.97,221.829474157847,287.429305912596
65.98,-131.65649709833,292.116538131956
65.99,112.485819501043,292.116538131962
66,-95.9441411339116,292.116538131962
66.01,-52.8097909418258,292.116538131962
66.02,120.222180200831,292.116538131962
66.03,-101.623071403631,292.116538131962
66.04,151.868745983516,292.116538131962
66.05,-230.763773041337,292.116538131962
66.06,196.4496370125,292.116538131962
66.07,-132.047173996367,292.116538131962
66.08,110.791778907432,298.466152527849
66.09,-100.482266475164,298.466152527849
66.1,13.6982099952524,298.466152527849
66.11,110.976206252826,298.466152527849
66.12,-109.053695511997,298.466152527849
66.13,118.113567750343,298.466152527849
66.14,-216.88281133392,298.466152527849
66.15,231.276668596516,298.466152527849
66.16,-197.561346221922,298.466152527849
66.17,108.094022834108,298.466152527849
66.18,-115.352990155249,293.573264781498
66.19,96.4246593928835,293.573264781491
66.2,18.3091103090866,293.573264781491
66.21,-109.703275192438,293.573264781491
66.22,116.315244156676,293.573264781491
66.23,-119.377310105535,293.573264781491
66.24,189.175396905264,293.573264781491
66.25,-231.926813834918,293.573264781491
66.26,195.90585974193,293.573264781491
66.27,-109.270902243287,293.573264781491
66.28,108.07160867169,294.215938303342
66.29,-100.395489732362,294.215938303342
66.3,-17.6472869480714,294.215938303342
66.31,101.530126098277,294.215938303342
66.32,-110.504781380346,294.215938303342
66.33,119.344116764262,294.215938303342
66.34,-184.359160613382,294.215938303342
66.35,229.493571432945,294.215938303342
66.36,-219.574702606934,294.215938303342
66.37,132.583413312766,294.215938303342
66.38,-100.433253698399,294.507283633248
66.39,120.692660952389,294.507283633248
66.4,-96.9883731029687,294.507283633248
66.41,-19.8450552413315,294.507283633248
66.42,110.549400987864,294.507283633248
66.43,-109.585960122619,294.507283633248
66.44,119.29443566075,294.507283633248
66.45,-211.695969786166,294.507283633248
66.46,232.608098008583,294.507283633248
66.47,-203.602125046758,294.507283633248
66.48,133.482875317437,292.65638389032
66.49,-100.422443050413,292.656383890317
66.5,120.800165845632,292.656383890317
66.51,-96.8201718345976,292.656383890317
66.52,-19.3805711905424,292.656383890317
66.53,101.331317436426,292.656383890317
66.54,-110.621862156548,292.656383890317
66.55,107.899368475288,292.656383890317
66.56,-150.291875428727,292.656383890317
66.57,212.321942148311,292.656383890317
66.58,-225.185799302992,293.547557840617
66.59,200.067207922762,293.547557840617
66.6,-165.776371404456,293.547557840617
66.61,109.255915885424,293.547557840617
66.62,-111.60884108044,293.547557840617
66.63,117.798665357389,293.547557840617
66.64,-96.6881487715216,293.547557840617
66.65,-10.2026299219346,293.547557840617
66.66,77.5562007214695,293.547557840617
66.67,-107.150245796877,293.547557840617
66.68,109.631257041681,291.431019708658
66.69,-106.620315210929,291.431019708655
66.7,118.656313590727,291.431019708655
66.71,-152.276465487232,291.431019708655
66.72,193.568060906184,291.431019708655
66.73,-228.664320046386,291.431019708655
66.74,227.965893622445,291.431019708655
66.75,-204.333544037831,291.431019708655
66.76,166.544981983767,291.431019708655
66.77,-131.921213667186,291.431019708655
66.78,109.832697246053,300.214224507284
66.79,-104.404783823039,300.214224507284
66.8,115.716446865528,300.214224507284
66.81,-96.7552916993664,300.214224507284
66.82,95.8281145024706,300.214224507284
66.83,-47.4350131349007,300.214224507284
66.84,44.891909990989,300.214224507284
66.85,18.7092552903925,300.214224507284
66.86,-76.6503298291578,300.214224507284
66.87,111.163070968318,300.214224507284
66.88,-120.406147985171,307.300771208226
66.89,114.83473677588,307.300771208226
66.9,-109.914277947153,307.300771208226
66.91,107.344214543376,307.300771208226
66.92,-104.461920381095,307.300771208226
66.93,119.305589624183,307.300771208226
66.94,-151.212208966276,307.300771208226
66.95,183.54534972106,307.300771208226
66.96,-184.814759589313,307.300771208226
66.97,189.137305513709,307.300771208226
66.98,-218.039614628205,308.28620394173
66.99,217.330487248819,308.286203941731
67,-227.848590640861,308.286203941731
67.01,232.084052478361,308.286203941731
67.02,-231.391320500217,308.286203941731
67.03,226.716390507434,308.286203941731
67.04,-203.256973121421,308.286203941731
67.05,201.69854145044,308.286203941731
67.06,-196.667106136662,308.286203941731
67.07,167.630016536704,308.286203941731
67.08,-165.387332511678,315.115681233933
67.09,164.943064468576,315.115681233933
67.1,-165.11455703685,315.115681233933
67.11,107.576513608306,315.115681233933
67.12,-131.317900443816,315.115681233933
67.13,134.548512048952,315.115681233933
67.14,-111.15054505265,315.115681233933
67.15,109.373017949653,315.115681233933
67.16,-99.8440444708077,315.115681233933
67.17,106.856300750748,315.115681233933
67.18,-105.732783227449,325.664095972564
67.19,107.996751213445,325.664095972579
67.2,-120.005076249147,325.664095972579
67.21,120.6063788656,325.664095972579
67.22,-120.916625953651,325.664095972579
67.23,102.55248169919,325.664095972579
67.24,-101.295381386169,325.664095972579
67.25,96.2153251865173,325.664095972579
67.26,-45.4919565203952,325.664095972579
67.27,45.41054619748,325.664095972579
67.28,18.3155248062812,316.30676949443
67.29,-43.0994092680653,316.30676949443
67.3,54.3395641187783,316.30676949443
67.31,-111.754656191276,316.30676949443
67.32,110.777943094122,316.30676949443
67.33,-120.805626677009,316.30676949443
67.34,116.029864000763,316.30676949443
67.35,-110.847937728337,316.30676949443
67.36,108.126327071752,316.30676949443
67.37,-100.240440295747,316.30676949443
67.38,108.000742848115,333.110539845758
67.39,-99.8111189685914,333.110539845758
67.4,101.116192067107,333.110539845758
67.41,-121.706208493943,333.110539845758
67.42,120.102501840634,333.110539845758
67.43,-120.523651311497,333.110539845758
67.44,151.572135154982,333.110539845758
67.45,-150.339291481429,333.110539845758
67.46,151.514155713851,333.110539845758
67.47,-151.626529283793,333.110539845758
67.48,151.858010516712,331.816623821767
67.49,-154.082207246238,331.816623821765
67.5,185.023301587421,331.816623821765
67.51,-184.73715995525,331.816623821765
67.52,152.379584742809,331.816623821765
67.53,-185.947339193142,331.816623821765
67.54,152.271296946077,331.816623821765
67.55,-153.950946149638,331.816623821765
67.56,183.867196578632,331.816623821765
67.57,-151.421779770291,331.816623821765
67.58,150.979798477157,305.706940874036
67.59,-121.263114940307,305.706940874036
67.6,150.711739178589,305.706940874036
67.61,-120.030617792574,305.706940874036
67.62,119.318012361903,305.706940874036
67.63,-101.017360548197,305.706940874036
67.64,100.105573037884,305.706940874036
67.65,-106.342991790828,305.706940874036
67.66,100.595307349779,305.706940874036
67.67,-103.041539247756,305.706940874036
67.68,111.186036160833,311.491002570686
67.69,-115.27280210434,311.491002570694
67.7,119.844085863547,311.491002570694
67.71,-121.940440696179,311.491002570694
67.72,53.0873724977114,311.491002570694
67.73,-88.2457311094015,311.491002570694
67.74,19.4349665966554,311.491002570694
67.75,-41.0071480589255,311.491002570694
67.76,-44.9258680840544,311.491002570694
67.77,65.1022328248247,311.491002570694
67.78,-95.4236974902631,319.828620394173
67.79,115.711465890836,319.828620394173
67.8,-123.511158694736,319.828620394173
67.81,115.846227372458,319.828620394173
67.82,-108.710279932336,319.828620394173
67.83,109.729444790301,319.828620394173
67.84,-133.72773247039,319.828620394173
67.85,133.223887269642,319.828620394173
67.86,-166.127693155665,319.828620394173
67.87,201.05313039081,319.828620394173
67.88,-225.691806660476,299.125964010283
67.89,230.277083863564,299.125964010283
67.9,-219.315765934874,299.125964010283
67.91,212.248522928313,299.125964010283
67.92,-152.469286827323,299.125964010283
67.93,150.349858955312,299.125964010283
67.94,-101.471477144447,299.125964010283
67.95,105.643601107571,299.125964010283
67.96,-116.242117098726,299.125964010283
67.97,120.420387732008,299.125964010283
67.98,-77.4503740942825,294.078834618688
67.99,18.2216260415369,294.07883461868
68,77.914196672176,294.07883461868
68.01,-121.004122415016,294.07883461868
68.02,108.149450126827,294.07883461868
68.03,-106.660019588458,294.07883461868
68.04,110.32541755263,294.07883461868
68.05,-131.843490334933,294.07883461868
68.06,200.493105796064,294.07883461868
68.07,-224.998112535114,294.07883461868
68.08,217.738000769608,294.6529562982
68.09,-152.60011215386,294.6529562982
68.1,120.091059877427,294.6529562982
68.11,-105.178489479948,294.6529562982
68.12,118.099792950446,294.6529562982
68.13,-111.616218857203,294.6529562982
68.14,17.3539629717094,294.6529562982
68.15,96.9681617494938,294.6529562982
68.16,-120.120857663362,294.6529562982
68.17,100.676863772007,294.6529562982
68.18,-134.116899009146,296.058269065979
68.19,207.745276809775,296.058269065981
68.2,-232.653673934432,296.058269065981
68.21,188.647047239542,296.058269065981
68.22,-102.130118001333,296.058269065981
68.23,112.064457048823,296.058269065981
68.24,-89.568211049426,296.058269065981
68.25,-71.3100505121467,296.058269065981
68.26,116.111978059182,296.058269065981
68.27,-111.710751800798,296.058269065981
68.28,202.537564667294,295.355612682091
68.29,-228.812667778465,295.355612682091
68.3,119.859277647716,295.355612682091
68.31,-113.373680710006,295.355612682091
68.32,17.3257579741905,295.355612682091
68.33,113.705666721385,295.355612682091
68.34,-98.933942245375,295.355612682091
68.35,228.865129926796,295.355612682091
68.36,-151.636406203937,295.355612682091
68.37,117.459582766632,295.355612682091
68.38,77.8148357375813,292.03941730934
68.39,-106.057081862258,292.03941730934
68.4,222.787927162974,292.03941730934
68.41,-151.658832575618,292.03941730934
68.42,106.809158443153,292.03941730934
68.43,65.3286665757566,292.03941730934
68.44,-110.431951071808,292.03941730934
68.45,220.527914444613,292.03941730934
68.46,-106.723925485042,292.03941730934
68.47,-45.9509350133143,292.03941730934
68.48,109.600122317688,289.057412167956
68.49,-193.523037658715,289.057412167952
68.5,113.501761860276,289.057412167952
68.51,103.791379897637,289.057412167952
68.52,-166.271691509553,289.057412167952
68.53,121.677909210243,289.057412167952
68.54,-87.5596349379901,289.057412167952
68.55,-107.219876239762,289.057412167952
68.56,232.856660323402,289.057412167952
68.57,-117.351414052882,289.057412167952
68.58,-111.427594839603,284.473007712082
68.59,220.589794299461,284.473007712082
68.6,-113.666599849062,284.473007712082
68.61,-123.220927623444,284.473007712082
68.62,220.580559257743,284.473007712082
68.63,-117.55594816297,284.473007712082
68.64,-113.277173141292,284.473007712082
68.65,218.05391160736,284.473007712082
68.66,-89.2946943018307,284.473007712082
68.67,-97.3890332715991,284.473007712082
68.68,152.378843404108,278.508997429314
68.69,94.5008141398649,278.508997429306
68.7,-204.900502299801,278.508997429306
68.71,117.209749639795,278.508997429306
68.72,109.40990511657,278.508997429306
68.73,-152.64020187904,278.508997429306
68.74,-70.6674314747595,278.508997429306
68.75,208.270860064159,278.508997429306
68.76,-112.872825258214,278.508997429306
68.77,-134.351255173676,278.508997429306
68.78,105.847547294331,271.46529562982
68.79,109.212544672585,271.46529562982
68.8,-123.219349594014,271.46529562982
68.81,-121.155756778007,271.46529562982
68.82,216.668582403617,271.46529562982
68.83,46.948012909725,271.46529562982
68.84,-222.834864592737,271.46529562982
68.85,16.9126541403921,271.46529562982
68.86,228.024111420058,271.46529562982
68.87,-41.58106886529,271.46529562982
68.88,-226.825195072071,265.895458440446
68.89,22.665137430854,265.895458440446
68.9,228.095235549954,265.895458440446
68.91,-47.9353511743383,265.895458440446
68.92,-225.803522436882,265.895458440446
68.93,-65.9982306899161,265.895458440446
68.94,194.067910417379,265.895458440446
68.95,99.8744934275631,265.895458440446
68.96,-103.196560631426,265.895458440446
68.97,-106.321334510494,265.895458440446
68.98,105.932577794049,259.682947729229
68.99,109.442496904277,259.68294772922
69,-87.7613368636554,259.68294772922
69.01,-226.353285340583,259.68294772922
69.02,-67.1443802435568,259.68294772922
69.03,154.844968998314,259.68294772922
69.04,105.636591022502,259.68294772922
69.05,-117.540711844537,259.68294772922
69.06,-203.29142619199,259.68294772922
69.07,-46.0423485242367,259.68294772922
69.08,121.384676921135,257.240788346187
69.09,101.853741773094,257.240788346187
69.1,-87.7825995764793,257.240788346187
69.11,-222.798060198992,257.240788346187
69.12,-115.980064979051,257.240788346187
69.13,113.426592404532,257.240788346187
69.14,227.859494018084,257.240788346187
69.15,100.349237233907,257.240788346187
69.16,-108.554783602346,257.240788346187
69.17,-209.587270109246,257.240788346187
69.18,-99.4328600860086,256.435304198801
69.19,113.180478901132,256.4353041988
69.2,208.895905037781,256.4353041988
69.21,123.437736423171,256.4353041988
69.22,-104.060973739759,256.4353041988
69.23,-193.446264100727,256.4353041988
69.24,-104.992587344865,256.4353041988
69.25,14.5108707690079,256.4353041988
69.26,104.525537959147,256.4353041988
69.27,178.646533568975,256.4353041988
69.28,117.313539547925,254.790059982862
69.29,-112.439111318289,254.790059982862
69.3,-155.098564049757,254.790059982862
69.31,-167.021573667252,254.790059982862
69.32,-68.12013383188,254.790059982862
69.33,98.5809621559009,254.790059982862
69.34,162.584682587291,254.790059982862
69.35,106.805544497156,254.790059982862
69.36,116.64929438392,254.790059982862
69.37,-96.9750831112124,254.790059982862
69.38,-103.146634303937,247.806341045416
69.39,-216.258497147024,247.806341045416
69.4,-136.860071489943,247.806341045416
69.41,-115.638378732877,247.806341045416
69.42,54.7110496052732,247.806341045416
69.43,105.0415481248,247.806341045416
69.44,194.534708045446,247.806341045416
69.45,106.484909992458,247.806341045416
69.46,107.846065632044,247.806341045416
69.47,56.4801147126563,247.806341045416
69.48,-100.368325062642,238.00342759213
69.49,-101.374595621266,238.003427592117
69.5,-160.677282220264,238.003427592117
69.51,-209.431204316182,238.003427592117
69.52,-76.2618662401622,238.003427592117
69.53,-113.699098733078,238.003427592117
69.54,-36.8191365552265,238.003427592117
69.55,55.790597761621,238.003427592117
69.56,41.7736473602174,238.003427592117
69.57,111.235011907137,238.003427592117
69.58,156.629766235046,234.695801199657
69.59,236.243926756359,234.695801199657
69.6,105.623829243854,234.695801199657
69.61,97.775850661652,234.695801199657
69.62,114.095393362505,234.695801199657
69.63,120.458498381111,234.695801199657
69.64,45.7518489666755,234.695801199657
69.65,-54.9613467839601,234.695801199657
69.66,-106.568569480906,234.695801199657
69.67,-110.893972332645,234.695801199657
69.68,-97.1115140834831,234.001713796059
69.69,-153.531266627249,234.001713796058
69.7,-227.565001668191,234.001713796058
69.71,-224.051234109991,234.001713796058
69.72,-165.902806792091,234.001713796058
69.73,-131.825579386626,234.001713796058
69.74,-150.650447914322,234.001713796058
69.75,-101.740576898341,234.001713796058
69.76,-98.9729662921454,234.001713796058
69.77,-32.9036942757547,234.001713796058
69.78,16.5996784533995,246.615252784919
69.79,103.484086211062,246.615252784919
69.8,107.475543107364,246.615252784919
69.81,102.862989569691,246.615252784919
69.82,186.470554032419,246.615252784919
69.83,218.367710249258,246.615252784919
69.84,205.03164366305,246.615252784919
69.85,132.464376547578,246.615252784919
69.86,106.500013137634,246.615252784919
69.87,94.4402767023358,246.615252784919
69.88,14.369508508962,255.886889460154
69.89,-56.4162626798913,255.886889460154
69.9,-114.108831268884,255.886889460154
69.91,-97.3638336470405,255.886889460154
69.92,-123.346815123759,255.886889460154
69.93,-174.697075560784,255.886889460154
69.94,-133.463089835005,255.886889460154
69.95,-100.132918301992,255.886889460154
69.96,-117.534027593301,255.886889460154
69.97,-11.3397389250659,255.886889460154
69.98,80.7808499572456,266.829477292187
69.99,104.458995635695,266.829477292202
70,119.577091420627,266.829477292202
70.01,162.574976990662,266.829477292202
70.02,156.136907377223,266.829477292202
70.03,98.9323603903136,266.829477292202
70.04,95.362509898129,266.829477292202
70.05,-10.9637618650447,266.829477292202
70.06,-118.626188692921,266.829477292202
70.07,-97.5854140882673,266.829477292202
70.08,-218.177129538317,250.265638389032
70.09,-206.253134406662,250.265638389032
70.1,-100.093019752438,250.265638389032
70.11,-121.300815755231,250.265638389032
70.12,14.3315771192314,250.265638389032
70.13,117.789801951126,250.265638389032
70.14,103.029369931128,250.265638389032
70.15,193.845157577225,250.265638389032
70.16,185.555980794515,250.265638389032
70.17,101.16225381689,250.265638389032
70.18,121.957486190135,247.266495287065
70.19,-4.65110876372333,247.266495287061
70.2,-95.2333345325922,247.266495287061
70.21,-102.073756971519,247.266495287061
70.22,-188.227980530111,247.266495287061
70.23,-225.166687818984,247.266495287061
70.24,-132.71395428686,247.266495287061
70.25,-112.509796887982,247.266495287061
70.26,-70.4199823811932,247.266495287061
70.27,15.5714149881348,247.266495287061
70.28,107.761129839941,246.992287917738
70.29,101.434521095915,246.992287917738
70.3,155.507389349116,246.992287917738
70.31,226.868846181755,246.992287917738
70.32,123.439949188549,246.992287917738
70.33,116.344424420217,246.992287917738
70.34,119.792119109671,246.992287917738
70.35,62.7803416432763,246.992287917738
70.36,-43.3395942844524,246.992287917738
70.37,-100.656744709109,246.992287917738
70.38,-108.990907180142,248.020565552699
70.39,-123.149213972555,248.020565552699
70.4,-218.830919238056,248.020565552699
70.41,-201.198787205417,248.020565552699
70.42,-133.525030281288,248.020565552699
70.43,-117.662781871224,248.020565552699
70.44,-114.078844293164,248.020565552699
70.45,-70.4843494181781,248.020565552699
70.46,14.7488282504519,248.020565552699
70.47,83.3000665756932,248.020565552699
70.48,111.603062295069,249.254498714651
70.49,100.832750320246,249.254498714653
70.5,156.090861457048,249.254498714653
70.51,231.98728444306,249.254498714653
70.52,205.356744902096,249.254498714653
70.53,132.594348595077,249.254498714653
70.54,102.457658577338,249.254498714653
70.55,113.978384957638,249.254498714653
70.56,121.639218235617,249.254498714653
70.57,70.3386845858532,249.254498714653
70.58,-12.548553527128,249.734361610968
70.59,-88.2719995943738,249.734361610968
70.6,-115.287421949513,249.734361610968
70.61,-104.316849092785,249.734361610968
70.62,-69.349363135337,249.734361610968
70.63,-123.352019656171,249.734361610968
70.64,-223.739453030895,249.734361610968
70.65,-224.228526269772,249.734361610968
70.66,-206.874060747342,249.734361610968
70.67,-156.927695231123,249.734361610968
70.68,-111.081623929305,252.399314481573
70.69,-110.989701516667,252.399314481577
70.7,-112.956379685948,252.399314481577
70.71,-97.9048990375802,252.399314481577
70.72,-36.4785415029302,252.399314481577
70.73,14.3365521456656,252.399314481577
70.74,86.3721145217764,252.399314481577
70.75,107.874922358878,252.399314481577
70.76,112.212353387604,252.399314481577
70.77,117.511706865077,252.399314481577
70.78,103.359057638589,252.193658954584
70.79,159.542866593498,252.193658954584
70.8,218.61528471663,252.193658954584
70.81,165.178615090512,252.193658954584
70.82,171.099936955219,252.193658954584
70.83,133.900588713127,252.193658954584
70.84,114.49456145931,252.193658954584
70.85,113.34313119341,252.193658954584
70.86,126.413963982071,252.193658954584
70.87,99.0672397355414,252.193658954584
70.88,36.4966046432421,252.759211653813
70.89,-83.3678478851177,252.759211653813
70.9,-56.3266560495408,252.759211653813
70.91,-123.612579566597,252.759211653813
70.92,-112.388227828174,252.759211653813
70.93,-107.35760499632,252.759211653813
70.94,-101.464419631119,252.759211653813
70.95,-122.5346140935,252.759211653813
70.96,-199.331440259534,252.759211653813
70.97,-228.459274156693,252.759211653813
70.98,-222.609098053156,253.384747215081
70.99,-225.850679417497,253.384747215081
71,-176.936294162716,253.384747215081
71.01,-171.731420153847,253.384747215081
71.02,-139.95058697676,253.384747215081
71.03,-125.240048525231,253.384747215081
71.04,-98.2130094397982,253.384747215081
71.05,-107.939410514901,253.384747215081
71.06,-103.187218728202,253.384747215081
71.07,-107.362167809085,253.384747215081
71.08,-155.209807495296,254.438731790917
71.09,-107.240382609723,254.438731790917
71.1,-107.036176428586,254.438731790917
71.11,-114.588628826392,254.438731790917
71.12,-112.811463101571,254.438731790917
71.13,-113.26074970945,254.438731790917
71.14,-113.166320225277,254.438731790917
71.15,-109.857318909496,254.438731790917
71.16,-110.460886998169,254.438731790917
71.17,-110.338398346459,254.438731790917
71.18,-96.749349207121,255.287060839759
71.19,-112.06746652944,255.28706083976
71.2,-98.4352594178602,255.28706083976
71.21,-101.728551051872,255.28706083976
71.22,-98.1282014579974,255.28706083976
71.23,-99.6119197844086,255.28706083976
71.24,-98.3300929383903,255.28706083976
71.25,-76.0599783938918,255.28706083976
71.26,-139.500961851561,255.28706083976
71.27,-161.037582395609,255.28706083976
71.28,-138.656913007475,262.330762639246
71.29,-171.198950885593,262.330762639246
71.3,-175.914934972076,262.330762639246
71.31,-224.620139127726,262.330762639246
71.32,-226.559831055064,262.330762639246
71.33,-221.896389552508,262.330762639246
71.34,-196.32968360152,262.330762639246
71.35,-192.160648333706,262.330762639246
71.36,-154.975887084657,262.330762639246
71.37,-180.877204654236,262.330762639246
71.38,-102.175797178049,267.83204798629
71.39,-102.565274096421,267.83204798629
71.4,-97.6440120931261,267.83204798629
71.41,-100.787560238735,267.83204798629
71.42,-34.413148472962,267.83204798629
71.43,-106.601685612296,267.83204798629
71.44,-111.896930609471,267.83204798629
71.45,-64.1685560015624,267.83204798629
71.46,-100.968831871597,267.83204798629
71.47,-121.955824553068,267.83204798629
71.48,-105.705786069704,271.55955441302
71.49,-83.9904428260941,271.559554413025
71.5,-82.9894369134852,271.559554413025
71.51,-88.3637721035007,271.559554413025
71.52,-88.1585632614012,271.559554413025
71.53,-49.5049136856848,271.559554413025
71.54,-88.5479103845255,271.559554413025
71.55,-88.2422591745138,271.559554413025
71.56,-83.8381656253588,271.559554413025
71.57,-115.075974123465,271.559554413025
71.58,-111.07206264042,268.85175664096
71.59,-79.7727195011593,268.85175664096
71.6,-118.265508271019,268.85175664096
71.61,-99.3275021485585,268.85175664096
71.62,-104.965730862413,268.85175664096
71.63,-108.389922711549,268.85175664096
71.64,-36.8315650409744,268.85175664096
71.65,-34.0459458949618,268.85175664096
71.66,-96.5691764717687,268.85175664096
71.67,-101.781923713323,268.85175664096
71.68,-101.194294036296,268.183376178236
71.69,-122.835281158693,268.183376178235
71.7,-195.650745044094,268.183376178235
71.71,-206.926058521448,268.183376178235
71.72,-223.368557030728,268.183376178235
71.73,-206.649468560867,268.183376178235
71.74,-170.767067669499,268.183376178235
71.75,-131.68530867609,268.183376178235
71.76,-97.162580275148,268.183376178235
71.77,-99.6755423916898,268.183376178235
71.78,-106.015452228359,275.347043701799
71.79,-116.090228895813,275.347043701799
71.8,-98.4274300544257,275.347043701799
71.81,-36.4461994189734,275.347043701799
71.82,23.8905800939049,275.347043701799
71.83,43.8122468385953,275.347043701799
71.84,81.2487532484247,275.347043701799
71.85,107.390449331252,275.347043701799
71.86,111.412443909481,275.347043701799
71.87,110.737497036632,275.347043701799
71.88,96.7464600006462,266.863753213368
71.89,154.351721598693,266.863753213368
71.9,211.914036841097,266.863753213368
71.91,219.122167007034,266.863753213368
71.92,206.165913960675,266.863753213368
71.93,176.322094641722,266.863753213368
71.94,133.768837629233,266.863753213368
71.95,109.648440217649,266.863753213368
71.96,99.6386370846885,266.863753213368
71.97,113.423594743996,266.863753213368
71.98,117.767120767467,267.06940874036
71.99,101.682624001811,267.06940874036
72,36.4825902306029,267.06940874036
72.01,-53.5192770451909,267.06940874036
72.02,-86.5803246208863,267.06940874036
72.03,-117.810921925652,267.06940874036
72.04,-106.403892129132,267.06940874036
72.05,-97.2837630510288,267.06940874036
72.06,-152.194842266515,267.06940874036
72.07,-202.355895172442,267.06940874036
72.08,-162.90195215122,269.622964867181
72.09,-175.491144296382,269.622964867181
72.1,-95.9751099382397,269.622964867181
72.11,-102.800799159768,269.622964867181
72.12,-118.695770696985,269.622964867181
72.13,-13.8873340277388,269.622964867181
72.14,54.884109063285,269.622964867181
72.15,113.384670274362,269.622964867181
72.16,102.04312874503,269.622964867181
72.17,186.74154558312,269.622964867181
72.18,204.658152538912,274.618680377028
72.19,109.448796049357,274.618680377035
72.2,115.937034431936,274.618680377035
72.21,31.3248234149732,274.618680377035
72.22,-124.042349820663,274.618680377035
72.23,-104.912857577444,274.618680377035
72.24,-215.744854343385,274.618680377035
72.25,-175.472662910781,274.618680377035
72.26,-103.722852569015,274.618680377035
72.27,-65.3927697967281,274.618680377035
72.28,115.828658985769,278.53470437018
72.29,120.041871085781,278.53470437018
72.3,205.638572655098,278.53470437018
72.31,105.295441378898,278.53470437018
72.32,70.784959592591,278.53470437018
72.33,-111.101732303966,278.53470437018
72.34,-149.603638727211,278.53470437018
72.35,-170.752435985402,278.53470437018
72.36,-110.675105096012,278.53470437018
72.37,52.3544977390854,278.53470437018
72.38,83.6209772001509,281.568123393316
72.39,218.526137203971,281.568123393316
72.4,105.700056671793,281.568123393316
72.41,-42.4297097652351,281.568123393316
72.42,-99.004014419876,281.568123393316
72.43,-201.653036188047,281.568123393316
72.44,-116.963778051223,281.568123393316
72.45,108.118596160056,281.568123393316
72.46,186.774447656213,281.568123393316
72.47,96.6018894357001,281.568123393316
72.48,-11.2554295205179,285.44987146529
72.49,-119.462001483438,285.449871465296
72.5,-131.494579452531,285.449871465296
72.51,-13.6475438140855,285.449871465296
72.52,99.8084886769553,285.449871465296
72.53,165.594681257283,285.449871465296
72.54,12.8472965445387,285.449871465296
72.55,-120.169705399062,285.449871465296
72.56,-107.942935303655,285.449871465296
72.57,85.4809496113831,285.449871465296
72.58,187.107769911772,285.60411311054
72.59,113.37400895093,285.60411311054
72.6,-111.552787849038,285.60411311054
72.61,-197.171597878325,285.60411311054
72.62,-32.9910815163674,285.60411311054
72.63,150.503241166486,285.60411311054
72.64,106.855167709976,285.60411311054
72.65,-101.411696915532,285.60411311054
72.66,-132.301680834999,285.60411311054
72.67,101.034374507815,285.60411311054
72.68,229.768930441484,287.412167952011
72.69,63.7442494323549,287.412167952014
72.7,-185.211814384508,287.412167952014
72.71,-119.363693502532,287.412167952014
72.72,119.146048076428,287.412167952014
72.73,114.069176408075,287.412167952014
72.74,-121.839336922709,287.412167952014
72.75,-106.575582424387,287.412167952014
72.76,118.96755820473,287.412167952014
72.77,108.847657804469,287.412167952014
72.78,-119.468840374249,291.33676092545
72.79,-113.164575212406,291.33676092545
72.8,185.774291386157,291.33676092545
72.81,65.0355699130773,291.33676092545
72.82,-229.270538177997,291.33676092545
72.83,76.9681521989944,291.33676092545
72.84,164.509328572966,291.33676092545
72.85,-98.9145623349606,291.33676092545
72.86,-112.401151440025,291.33676092545
72.87,209.774829329597,291.33676092545
72.88,-87.9201210597059,299.057412167952
72.89,-108.086974207765,299.057412167952
72.9,148.776128660396,299.057412167952
72.91,46.526736804673,299.057412167952
72.92,-163.731185658637,299.057412167952
72.93,148.750050915604,299.057412167952
72.94,-18.9280174181816,299.057412167952
72.95,-110.140005299052,299.057412167952
72.96,209.78525774473,299.057412167952
72.97,-117.220318773586,299.057412167952
72.98,-115.124893806873,313.196229648652
72.99,163.722485014875,313.196229648672
73,-211.018577288226,313.196229648672
73.01,108.291319035964,313.196229648672
73.02,46.4701131423399,313.196229648672
73.03,-104.666267229985,313.196229648672
73.04,219.801324762997,313.196229648672
73.05,-208.444972167833,313.196229648672
73.06,105.699086243148,313.196229648672
73.07,-88.6320399913242,313.196229648672
73.08,-96.6273961314152,324.215938303342
73.09,105.428934058701,324.215938303342
73.1,-130.508367051994,324.215938303342
73.11,220.166557404747,324.215938303342
73.12,-225.704443764256,324.215938303342
73.13,182.378236985513,324.215938303342
73.14,-117.15589194,324.215938303342
73.15,99.3290268872822,324.215938303342
73.16,-115.286140479486,324.215938303342
73.17,119.674953806158,324.215938303342
73.18,-97.3111618140786,329.443016281055
73.19,101.838556514006,329.443016281063
73.2,-76.3281311769674,329.443016281063
73.21,50.5478914410786,329.443016281063
73.22,-98.9071826953053,329.443016281063
73.23,109.829547188936,329.443016281063
73.24,-122.060291332436,329.443016281063
73.25,111.425742408559,329.443016281063
73.26,-108.116841014317,329.443016281063
73.27,148.513813755295,329.443016281063
73.28,-206.856208750006,326.829477292202
73.29,226.14905076147,326.829477292202
73.3,-214.601713653847,326.829477292202
73.31,132.151486740504,326.829477292202
73.32,-115.094786093467,326.829477292202
73.33,-17.7418943369441,326.829477292202
73.34,112.572035778897,326.829477292202
73.35,-179.617346308122,326.829477292202
73.36,224.32300749235,326.829477292202
73.37,-133.219678141955,326.829477292202
73.38,94.8315526457461,331.156812339332
73.39,113.47343349689,331.156812339332
73.4,-208.492413844557,331.156812339332
73.41,163.568120566065,331.156812339332
73.42,-74.6221625390287,331.156812339332
73.43,-104.359134061155,331.156812339332
73.44,221.50583038015,331.156812339332
73.45,-109.677683827119,331.156812339332
73.46,-108.495292272987,331.156812339332
73.47,224.233166271467,331.156812339332
73.48,-90.4617980582466,353.941730933986
73.49,-123.422877996223,353.941730934019
73.5,192.885905420735,353.941730934019
73.51,107.518566334849,353.941730934019
73.52,-221.498182261046,353.941730934019
73.53,58.3948634676334,353.941730934019
73.54,218.431906424228,353.941730934019
73.55,-90.6022653276567,353.941730934019
73.56,-207.057749670693,353.941730934019
73.57,85.8866132858751,353.941730934019
73.58,218.491689232526,353.890317052271
73.59,-11.7962005377547,353.890317052271
73.6,-222.908706563436,353.890317052271
73.61,-99.7040739924892,353.890317052271
73.62,134.62353420351,353.890317052271
73.63,149.32372118501,353.890317052271
73.64,-60.34321958306,353.890317052271
73.65,-214.187329981362,353.890317052271
73.66,-104.660905291291,353.890317052271
73.67,85.2268460639039,353.890317052271
73.68,219.855360239233,349.83718937447
73.69,154.179877534211,349.837189374464
73.7,-44.2861936013198,349.837189374464
73.71,-196.487041411115,349.837189374464
73.72,-200.674088179702,349.837189374464
73.73,-107.847475056028,349.837189374464
73.74,89.7018315697903,349.837189374464
73.75,165.499054629492,349.837189374464
73.76,221.502060059307,349.837189374464
73.77,175.242264077824,349.837189374464
73.78,78.3733782094612,348.34618680377
73.79,-79.9692253078375,348.34618680377
73.8,-137.695838675144,348.34618680377
73.81,-212.85561880829,348.34618680377
73.82,-215.032178374816,348.34618680377
73.83,-212.968670164565,348.34618680377
73.84,-130.921516044062,348.34618680377
73.85,-92.7451801673552,348.34618680377
73.86,-106.029914558461,348.34618680377
73.87,-15.4184919131867,348.34618680377
73.88,-23.133266169776,349.16880891174
73.89,57.6334967089851,349.16880891174
73.9,58.859629703702,349.16880891174
73.91,58.5496952400445,349.16880891174
73.92,58.2283350624009,349.16880891174
73.93,-47.2261678281895,349.16880891174
73.94,-69.9553455450501,349.16880891174
73.95,-95.6368360796278,349.16880891174
73.96,-109.126383692286,349.16880891174
73.97,-132.369864952455,349.16880891174
73.98,-211.418512668923,355.938303341893
73.99,-241.173183654967,355.938303341902
74,-212.362375209437,355.938303341902
74.01,-196.934388647134,355.938303341902
74.02,-108.829129286954,355.938303341902
74.03,-44.5691374289776,355.938303341902
74.04,97.1075840090928,355.938303341902
74.05,124.023725325354,355.938303341902
74.06,208.259454156542,355.938303341902
74.07,227.510413218474,355.938303341902
74.08,195.380709439233,357.874892887746
74.09,122.079183196403,357.874892887746
74.1,56.0113849679018,357.874892887746
74.11,-38.6688629350003,357.874892887746
74.12,-102.527588479964,357.874892887746
74.13,-131.811070722715,357.874892887746
74.14,-184.205147360785,357.874892887746
74.15,-243.86381260608,357.874892887746
74.16,-233.412591029205,357.874892887746
74.17,-222.568477270095,357.874892887746
74.18,-197.490091501013,342.579263067717
74.19,-168.897948513589,342.579263067695
74.2,-140.686531687861,342.579263067695
74.21,-120.308783159973,342.579263067695
74.22,-114.892183300479,342.579263067695
74.23,-114.829322408582,342.579263067695
74.24,-109.949905248924,342.579263067695
74.25,-109.881777234496,342.579263067695
74.26,-109.960012663603,342.579263067695
74.27,-110.116229615644,342.579263067695
74.28,-114.74659432352,312.013710368466
74.29,-126.930949837763,312.013710368466
74.3,-142.649612487298,312.013710368466
74.31,-135.462275139871,312.013710368466
74.32,-166.241772970776,312.013710368466
74.33,-200.518677144237,312.013710368466
74.34,-227.853727732606,312.013710368466
74.35,-229.801741007396,312.013710368466
74.36,-185.050765487475,312.013710368466
74.37,-150.388418999281,312.013710368466
74.38,-114.144229879148,242.287917737789
74.39,-105.17436309746,242.287917737789
74.4,-17.5973862293165,242.287917737789
74.41,112.138050925851,242.287917737789
74.42,143.08630574425,242.287917737789
74.43,217.367473697934,242.287917737789
74.44,225.801161451972,242.287917737789
74.45,150.969931090203,242.287917737789
74.46,113.600408911726,242.287917737789
74.47,16.8273058759831,242.287917737789
74.48,-114.771840264888,245.681233933157
74.49,-196.630667346314,245.681233933162
74.5,-223.940205224231,245.681233933162
74.51,-130.569878346935,245.681233933162
74.52,-49.3361325946185,245.681233933162
74.53,119.458415297726,245.681233933162
74.54,197.572015551345,245.681233933162
74.55,208.37120565968,245.681233933162
74.56,113.149838704458,245.681233933162
74.57,-92.0744344891189,245.681233933162
74.58,-166.127850821027,261.199657240788
74.59,-213.01698264212,261.199657240788
74.6,-117.662535879301,261.199657240788
74.61,111.624405458876,261.199657240788
74.62,198.397859654108,261.199657240788
74.63,150.903585472782,261.199657240788
74.64,15.9978398850073,261.199657240788
74.65,-136.288481126175,261.199657240788
74.66,-187.999563446257,261.199657240788
74.67,-97.3324611759952,261.199657240788
74.68,113.528898206724,266.623821765202
74.69,212.736934348809,266.62382176521
74.7,100.385818385558,266.62382176521
74.71,-116.157769362426,266.62382176521
74.72,-210.031584957668,266.62382176521
74.73,-50.9637139138654,266.62382176521
74.74,165.729487322593,266.62382176521
74.75,121.369810696643,266.62382176521
74.76,-113.187338161499,266.62382176521
74.77,-233.640850857565,266.62382176521
74.78,-122.140922068806,269.134532990574
74.79,134.141646426478,269.134532990574
74.8,121.486785964529,269.134532990574
74.81,-108.387109746084,269.134532990574
74.82,-223.890529016541,269.134532990574
74.83,-17.017627020035,269.134532990574
74.84,223.256867281781,269.134532990574
74.85,97.4403503875742,269.134532990574
74.86,-165.965461227783,269.134532990574
74.87,-109.739411044795,269.134532990574
74.88,138.375689001723,275.844044558698
74.89,129.010201406349,275.844044558698
74.9,-115.835476038752,275.844044558698
74.91,-123.207244985104,275.844044558698
74.92,103.879588725149,275.844044558698
74.93,121.431544465662,275.844044558698
74.94,-115.15909176091,275.844044558698
74.95,-129.947567931595,275.844044558698
74.96,108.477037149288,275.844044558698
74.97,114.855451651787,275.844044558698
74.98,-165.581870725284,272.982005141392
74.99,-109.903417113452,272.982005141388
75,227.76282889105,272.982005141388
75.01,-17.0977934943196,272.982005141388
75.02,-213.981740613824,272.982005141388
75.03,115.820137606027,272.982005141388
75.04,129.939351788846,272.982005141388
75.05,-166.073230787597,272.982005141388
75.06,-74.2240462278976,272.982005141388
75.07,230.715881466812,272.982005141388
75.08,-117.963544732647,268.971722365039
75.09,-110.477655521684,268.971722365039
75.1,199.182892472794,268.971722365039
75.11,-46.7397927435387,268.971722365039
75.12,-150.530819115908,268.971722365039
75.13,133.925970298467,268.971722365039
75.14,18.5180114020226,268.971722365039
75.15,-183.156392766039,268.971722365039
75.16,134.216518422271,268.971722365039
75.17,49.3558754870667,268.971722365039
75.18,-149.804986512082,265.158526135395
75.19,167.868595397841,265.15852613539
75.2,-46.365880283041,265.15852613539
75.21,-110.933788522537,265.15852613539
75.22,228.03962919229,265.15852613539
75.23,-115.296928919624,265.15852613539
75.24,-111.994988001073,265.15852613539
75.25,152.435076316061,265.15852613539
75.26,-198.242174269395,265.15852613539
75.27,117.063942273546,265.15852613539
75.28,120.691503669666,259.717223650386
75.29,-152.60263875311,259.717223650386
75.3,202.370241080679,259.717223650386
75.31,-112.905521309415,259.717223650386
75.32,-75.5920185451186,259.717223650386
75.33,104.541185025095,259.717223650386
75.34,-219.508701330088,259.717223650386
75.35,165.773914197614,259.717223650386
75.36,-120.097472920423,259.717223650386
75.37,-75.6824201315186,259.717223650386
75.38,117.302473901719,251.936589545844
75.39,-188.01442186201,251.936589545844
75.4,222.670066303224,251.936589545844
75.41,-110.042017362271,251.936589545844
75.42,117.20876826282,251.936589545844
75.43,17.3572073289538,251.936589545844
75.44,-117.513180105847,251.936589545844
75.45,120.894597540107,251.936589545844
75.46,-188.431010353676,251.936589545844
75.47,232.590404789663,251.936589545844
75.48,-167.339389059598,245.347043701809
75.49,101.934014605426,245.347043701799
75.5,-121.216399769801,245.347043701799
75.51,66.1797270109761,245.347043701799
75.52,43.9921453890995,245.347043701799
75.53,-110.334651297525,245.347043701799
75.54,112.379634050504,245.347043701799
75.55,-107.087004029476,245.347043701799
75.56,119.395387150126,245.347043701799
75.57,-183.009871037702,245.347043701799
75.58,188.698716777068,242.707797772065
75.59,-214.319351477251,242.707797772065
75.6,218.171572418294,242.707797772065
75.61,-233.682109971825,242.707797772065
75.62,233.232619618183,242.707797772065
75.63,-233.621727995409,242.707797772065
75.64,228.011745258728,242.707797772065
75.65,-226.917782919168,242.707797772065
75.66,228.095077568456,242.707797772065
75.67,-227.132498331661,242.707797772065
75.68,220.598471624024,235.081405312779
75.69,-219.512548730732,235.081405312768
75.7,218.089193428614,235.081405312768
75.71,-184.987954048803,235.081405312768
75.72,151.78900630871,235.081405312768
75.73,-121.171316888281,235.081405312768
75.74,101.40119997612,235.081405312768
75.75,-118.655098221198,235.081405312768
75.76,112.498446263325,235.081405312768
75.77,-18.5668855888312,235.081405312768
75.78,-97.2906262099699,231.516709511568
75.79,120.619291049954,231.516709511568
75.8,-100.520716047328,231.516709511568
75.81,168.343675897791,231.516709511568
75.82,-227.18382715166,231.516709511568
75.83,189.595970531759,231.516709511568
75.84,-101.87484182833,231.516709511568
75.85,121.594593731415,231.516709511568
75.86,10.8891064640285,231.516709511568
75.87,-121.03703196507,231.516709511568
75.88,110.328250122353,228.080548414739
75.89,-204.739745704093,228.080548414739
75.9,189.602031797211,228.080548414739
75.91,-42.0766906070203,228.080548414739
75.92,77.2936406432341,228.080548414739
75.93,121.463978737164,228.080548414739
75.94,-109.736801672273,228.080548414739
75.95,220.580490634888,228.080548414739
75.96,-100.861129921065,228.080548414739
75.97,112.65442090824,228.080548414739
75.98,102.577288095577,223.624678663245
75.99,-132.553730567081,223.624678663239
76,217.651506603479,223.624678663239
76.01,-106.622491243524,223.624678663239
76.02,-14.338600125788,223.624678663239
76.03,115.705339307225,223.624678663239
76.04,-229.39923859474,223.624678663239
76.05,105.751670778032,223.624678663239
76.06,47.1526539885658,223.624678663239
76.07,-110.65522072284,223.624678663239
76.08,156.665333052784,219.485861182519
76.09,-124.441713066474,219.485861182519
76.1,-115.270879298616,219.485861182519
76.11,178.651584942193,219.485861182519
76.12,-96.9333316975252,219.485861182519
76.13,-66.4491275478751,219.485861182519
76.14,167.41456528287,219.485861182519
76.15,-122.110549699975,219.485861182519
76.16,19.3268039789609,219.485861182519
76.17,111.004251197598,219.485861182519
76.18,-153.061907389593,216.298200514143
76.19,54.5330787724284,216.298200514139
76.2,109.625290871191,216.298200514139
76.21,-155.093246178618,216.298200514139
76.22,85.5837404400164,216.298200514139
76.23,102.729718026872,216.298200514139
76.24,-154.770411893185,216.298200514139
76.25,19.3825978354494,216.298200514139
76.26,108.055769871622,216.298200514139
76.27,-150.620416756419,216.298200514139
76.28,-33.4320479673889,219.81148243359
76.29,173.233899157333,219.81148243359
76.3,-106.645696220677,219.81148243359
76.31,-94.8721126215882,219.81148243359
76.32,220.503486364174,219.81148243359
76.33,-88.1374569029958,219.81148243359
76.34,-98.3721775594147,219.81148243359
76.35,104.457326493358,219.81148243359
76.36,103.563866464537,219.81148243359
76.37,-232.619762536821,219.81148243359
76.38,87.3803397758077,215.835475578406
76.39,134.310580123584,215.835475578406
76.4,-102.026920850561,215.835475578406
76.41,-119.803777607149,215.835475578406
76.42,187.904751680544,215.835475578406
76.43,64.9091727895619,215.835475578406
76.44,-226.322782874078,215.835475578406
76.45,76.2016262351018,215.835475578406
76.46,173.283690376854,215.835475578406
76.47,-107.18505819592,215.835475578406
76.48,-167.347775549084,208.877463581844
76.49,108.852987079737,208.877463581834
76.5,111.889279571302,208.877463581834
76.51,-112.647445145906,208.877463581834
76.52,-112.280343915462,208.877463581834
76.53,51.304390378594,208.877463581834
76.54,101.724757752807,208.877463581834
76.55,-108.897104449521,208.877463581834
76.56,-110.628897329328,208.877463581834
76.57,103.613159276286,208.877463581834
76.58,171.964453218061,208.740359897172
76.59,-112.293324217373,208.740359897172
76.6,-204.793360042034,208.740359897172
76.61,13.3036429353714,208.740359897172
76.62,235.117236360484,208.740359897172
76.63,99.791045418804,208.740359897172
76.64,-123.408739776711,208.740359897172
76.65,-106.209798768874,208.740359897172
76.66,113.248813694599,208.740359897172
76.67,172.490200123392,208.740359897172
76.68,-43.1982819663201,207.823479006
76.69,-193.514833802336,207.823479005998
76.7,-114.245376332606,207.823479005998
76.71,112.298110730796,207.823479005998
76.72,168.165653189955,207.823479005998
76.73,-13.013573580238,207.823479005998
76.74,-193.10700874821,207.823479005998
76.75,-113.089555706938,207.823479005998
76.76,113.349094797618,207.823479005998
76.77,207.982945444044,207.823479005998
76.78,71.7041040983081,206.529562982005
76.79,-96.3839583799585,206.529562982005
76.8,-167.40051267128,206.529562982005
76.81,17.4373052936183,206.529562982005
76.82,121.453333015859,206.529562982005
76.83,99.6758198492702,206.529562982005
76.84,-25.0685795269625,206.529562982005
76.85,-188.604958022289,206.529562982005
76.86,-104.741188796185,206.529562982005
76.87,15.445735638233,206.529562982005
76.88,121.396951279756,207.909168808912
76.89,110.792462846187,207.909168808912
76.9,31.0883895519832,207.909168808912
76.91,-89.8333998027495,207.909168808912
76.92,-205.530044611422,207.909168808912
76.93,-99.5283684706798,207.909168808912
76.94,114.478545226179,207.909168808912
76.95,232.067848456393,207.909168808912
76.96,101.096442602535,207.909168808912
76.97,-10.5932875145178,207.909168808912
76.98,-126.080872408218,204.498714652961
76.99,-209.471853495463,204.498714652956
77,-110.09459577729,204.498714652956
77.01,55.5652704054739,204.498714652956
77.02,121.304276911201,204.498714652956
77.03,172.315643893505,204.498714652956
77.04,112.787883222756,204.498714652956
77.05,-109.946447083627,204.498714652956
77.06,-102.09759711496,204.498714652956
77.07,-164.576661670656,204.498714652956
77.08,-102.392961261972,204.738646101114
77.09,51.2377601607164,204.738646101114
77.1,97.1044485727947,204.738646101114
77.11,227.301897010424,204.738646101114
77.12,120.698338457557,204.738646101114
77.13,30.4788248596606,204.738646101114
77.14,-112.692123959209,204.738646101114
77.15,-188.454359916973,204.738646101114
77.16,-73.6606063334241,204.738646101114
77.17,-114.273746539466,204.738646101114
77.18,93.5887322065883,205.321336760925
77.19,48.7439504346448,205.321336760925
77.2,217.594752615366,205.321336760925
77.21,102.488553319034,205.321336760925
77.22,99.0527039814553,205.321336760925
77.23,-55.5259746909921,205.321336760925
77.24,-105.82669794359,205.321336760925
77.25,-232.228559867,205.321336760925
77.26,-111.204069198889,205.321336760925
77.27,-84.0094506272315,205.321336760925
77.28,14.594429498629,204.310197086547
77.29,64.1172124986621,204.310197086547
77.3,121.443503905214,204.310197086547
77.31,232.566761296963,204.310197086547
77.32,108.44591622499,204.310197086547
77.33,122.467740984049,204.310197086547
77.34,28.9385608979896,204.310197086547
77.35,-106.884223530345,204.310197086547
77.36,-102.759519336361,204.310197086547
77.37,-160.714926878567,204.310197086547
77.38,-208.548593630966,202.973436161097
77.39,-101.499525488478,202.973436161097
77.4,-116.584017037877,202.973436161097
77.41,-38.1957648384967,202.973436161097
77.42,54.1345932194231,202.973436161097
77.43,111.986165471986,202.973436161097
77.44,103.752337585285,202.973436161097
77.45,195.480847004209,202.973436161097
77.46,208.185401505293,202.973436161097
77.47,109.795356092988,202.973436161097
77.48,100.447557496278,202.013710368468
77.49,95.0814324133538,202.013710368466
77.5,29.6161525359666,202.013710368466
77.51,-86.7628624375796,202.013710368466
77.52,-104.091885362162,202.013710368466
77.53,-133.104138239585,202.013710368466
77.54,-131.921245025361,202.013710368466
77.55,-224.225543190395,202.013710368466
77.56,-169.223937388666,202.013710368466
77.57,-110.429932314437,202.013710368466
77.58,-117.690265256046,205.826906598115
77.59,-118.71830938213,205.826906598115
77.6,85.1592340473566,205.826906598115
77.61,102.43112885784,205.826906598115
77.62,100.194374218959,205.826906598115
77.63,152.667388669522,205.826906598115
77.64,197.463468805972,205.826906598115
77.65,165.889556316834,205.826906598115
77.66,100.837239060408,205.826906598115
77.67,112.510195115795,205.826906598115
77.68,29.8116007236391,205.08997429306
77.69,-55.8032061443959,205.089974293059
77.7,-110.318131738494,205.089974293059
77.71,-125.847171221354,205.089974293059
77.72,-192.678213570939,205.089974293059
77.73,-223.991891357839,205.089974293059
77.74,-109.187881765224,205.089974293059
77.75,-112.078126672062,205.089974293059
77.76,-68.5266359981987,205.089974293059
77.77,84.1437978351513,205.089974293059
77.78,50.6447970178517,205.5441302485
77.79,131.233022905336,205.5441302485
77.8,154.661447659413,205.5441302485
77.81,226.495315146954,205.5441302485
77.82,74.8332849188631,205.5441302485
77.83,107.430917535815,205.5441302485
77.84,70.7209099818717,205.5441302485
77.85,-87.5807142697723,205.5441302485
77.86,-111.428020320795,205.5441302485
77.87,-101.021901686416,205.5441302485
77.88,-220.933537132017,208.380462724936
77.89,-170.264198265029,208.380462724936
77.9,-104.996345869509,208.380462724936
77.91,-97.3522501088316,208.380462724936
77.92,53.7581137198272,208.380462724936
77.93,107.053779958822,208.380462724936
77.94,157.428956447597,208.380462724936
77.95,226.324828193683,208.380462724936
77.96,133.937424007189,208.380462724936
77.97,117.850744698788,208.380462724936
77.98,29.4001032201632,209.228791773778
77.99,-106.029863769258,209.228791773779
78,-97.3035240418786,209.228791773779
78.01,-217.606983172474,209.228791773779
78.02,-133.780046822939,209.228791773779
78.03,-110.91735660951,209.228791773779
78.04,-69.4015866052076,209.228791773779
78.05,82.564109258466,209.228791773779
78.06,94.9659601132704,209.228791773779
78.07,193.055612698393,209.228791773779
78.08,170.445320007688,210.659811482434
78.09,106.662574140483,210.659811482434
78.1,38.4977243698747,210.659811482434
78.11,-82.8110005674068,210.659811482434
78.12,-104.745481841282,210.659811482434
78.13,-221.069749446621,210.659811482434
78.14,-169.822256975717,210.659811482434
78.15,-113.856859003356,210.659811482434
78.16,-32.0425760311128,210.659811482434
78.17,108.096569653933,210.659811482434
78.18,104.501233584645,211.456726649528
78.19,219.725140834822,211.456726649529
78.2,108.941713677743,211.456726649529
78.21,118.038409592895,211.456726649529
78.22,11.9647392834252,211.456726649529
78.23,-47.3938237496611,211.456726649529
78.24,-101.250846432536,211.456726649529
78.25,-222.213851478514,211.456726649529
78.26,-108.651828328385,211.456726649529
78.27,-114.308619819759,211.456726649529
78.28,14.1990702753704,212.270779777207
78.29,111.697471817729,212.270779777207
78.3,122.058561138461,212.270779777207
78.31,226.877189493885,212.270779777207
78.32,107.357869752069,212.270779777207
78.33,93.0947639740788,212.270779777207
78.34,-23.1505890935799,212.270779777207
78.35,-110.490909202093,212.270779777207
78.36,-197.828525660037,212.270779777207
78.37,-227.010089422815,212.270779777207
78.38,-101.409706126468,215.86118251928
78.39,-99.5616098542339,215.86118251928
78.4,111.329912822173,215.86118251928
78.41,106.380381952286,215.86118251928
78.42,217.954354492994,215.86118251928
78.43,132.411802729317,215.86118251928
78.44,110.538533633199,215.86118251928
78.45,-42.5373409519929,215.86118251928
78.46,-111.555745774522,215.86118251928
78.47,-221.428700071891,215.86118251928
78.48,-170.233920155033,215.441302485005
78.49,-111.434356939209,215.441302485004
78.5,-11.9111233811346,215.441302485004
78.51,103.349181353128,215.441302485004
78.52,188.243760808938,215.441302485004
78.53,170.319075900727,215.441302485004
78.54,112.968435988913,215.441302485004
78.55,-11.5591791207569,215.441302485004
78.56,-106.32204524672,215.441302485004
78.57,-220.177801037879,215.441302485004
78.58,-131.835467374273,213.581833761782
78.59,-92.5688872638526,213.581833761782
78.6,53.5595595586872,213.581833761782
78.61,100.60548411604,213.581833761782
78.62,230.848471393499,213.581833761782
78.63,110.144272076486,213.581833761782
78.64,102.189199993358,213.581833761782
78.65,-102.792074210086,213.581833761782
78.66,-122.764119817735,213.581833761782
78.67,-170.780516742707,213.581833761782
78.68,-110.772280069283,214.430162810624
78.69,-11.4712740302849,214.430162810626
78.7,107.545627715596,214.430162810626
78.71,189.413814827073,214.430162810626
78.72,133.876520126832,214.430162810626
78.73,117.121774792246,214.430162810626
78.74,-88.3395257361851,214.430162810626
78.75,-106.498644650264,214.430162810626
78.76,-222.682420929938,214.430162810626
78.77,-112.375349889805,214.430162810626
78.78,-69.3577942138955,215.886889460154
78.79,82.6054119683125,215.886889460154
78.8,104.255434651024,215.886889460154
78.81,220.224773472316,215.886889460154
78.82,100.452988106964,215.886889460154
78.83,71.4025003976253,215.886889460154
78.84,-107.972057515903,215.886889460154
78.85,-102.059050491586,215.886889460154
78.86,-229.688996900376,215.886889460154
78.87,-98.1161420398232,215.886889460154
78.88,-122.051342416331,215.244215938303
78.89,53.0569518856602,215.244215938303
78.9,108.848273684988,215.244215938303
78.91,188.442335647761,215.244215938303
78.92,139.462748131486,215.244215938303
78.93,109.317333219835,215.244215938303
78.94,37.6688268651355,215.244215938303
78.95,-86.5825191688192,215.244215938303
78.96,-101.812023658142,215.244215938303
78.97,-221.925047850623,215.244215938303
78.98,-109.050309612971,218.748928877459
78.99,-116.443282825597,218.748928877464
79,44.6910949273862,218.748928877464
79.01,101.910092602149,218.748928877464
79.02,156.365481400557,218.748928877464
79.03,166.783669581512,218.748928877464
79.04,106.842416594639,218.748928877464
79.05,62.7347247238022,218.748928877464
79.06,-100.334936501736,218.748928877464
79.07,-152.44591780769,218.748928877464
79.08,-162.647869701851,216.041131105398
79.09,-99.6005345729885,216.041131105398
79.1,-68.2805404732007,216.041131105398
79.11,71.3614822185203,216.041131105398
79.12,102.110196109606,216.041131105398
79.13,208.897444938061,216.041131105398
79.14,97.9631481366717,216.041131105398
79.15,99.8581284838461,216.041131105398
79.16,-110.835665520999,216.041131105398
79.17,-94.1236064703739,216.041131105398
79.18,-213.933904086384,216.700942587831
79.19,-133.889564573984,216.700942587832
79.2,-69.2530572962544,216.700942587832
79.21,110.285351488089,216.700942587832
79.22,103.336523922372,216.700942587832
79.23,219.046755124234,216.700942587832
79.24,98.8424172824351,216.700942587832
79.25,68.1499557246573,216.700942587832
79.26,-106.133156729858,216.700942587832
79.27,-150.798774752952,216.700942587832
79.28,-166.896506113485,217.060839760069
79.29,-113.392856232162,217.060839760069
79.3,24.4724748121898,217.060839760069
79.31,106.653033395767,217.060839760069
79.32,225.699822423155,217.060839760069
79.33,98.8588403631313,217.060839760069
79.34,36.7706250056611,217.060839760069
79.35,-101.400862237426,217.060839760069
79.36,-220.362309416282,217.060839760069
79.37,-97.625236711969,217.060839760069
79.38,-12.131198324281,217.892030848329
79.39,98.0546767699913,217.892030848329
79.4,230.24928801444,217.892030848329
79.41,105.408054251918,217.892030848329
79.42,-75.4097011662462,217.892030848329
79.43,-100.225191247952,217.892030848329
79.44,-165.295359152365,217.892030848329
79.45,-98.8389206287739,217.892030848329
79.46,111.379876240334,217.892030848329
79.47,217.661634681073,217.892030848329
79.48,103.746449109296,221.773778920303
79.49,-56.545769974532,221.773778920308
79.5,-152.901399195289,221.773778920308
79.51,-107.846989764614,221.773778920308
79.52,-11.8670111816297,221.773778920308
79.53,101.01952750445,221.773778920308
79.54,148.874422547923,221.773778920308
79.55,63.3766652590162,221.773778920308
79.56,-94.1816921038454,221.773778920308
79.57,-170.107164350902,221.773778920308
79.58,-70.6914258930133,219.614395886889
79.59,106.234617621802,219.614395886889
79.6,170.386593296617,219.614395886889
79.61,30.9539408604762,219.614395886889
79.62,-121.473487925113,219.614395886889
79.63,-132.382502803711,219.614395886889
79.64,42.5390186990003,219.614395886889
79.65,150.797938954497,219.614395886889
79.66,103.434540362503,219.614395886889
79.67,-110.629888684877,219.614395886889
79.68,-222.913016093365,224.918594687225
79.69,-118.729329442579,224.918594687232
79.7,105.10237950092,224.918594687232
79.71,133.605524316803,224.918594687232
79.72,-12.4161214347554,224.918594687232
79.73,-216.339203517212,224.918594687232
79.74,-116.566807545176,224.918594687232
79.75,94.84258310145,224.918594687232
79.76,106.034779875926,224.918594687232
79.77,-106.011942741252,224.918594687232
79.78,-201.620411432665,228.149100257069
79.79,41.7195877674064,228.149100257069
79.8,214.497227719682,228.149100257069
79.81,99.812572915447,228.149100257069
79.82,-150.001106958189,228.149100257069
79.83,-113.72951410266,228.149100257069
79.84,118.30498792547,228.149100257069
79.85,98.4531675132461,228.149100257069
79.86,-102.709658551018,228.149100257069
79.87,-98.3621356819975,228.149100257069
79.88,101.855477752642,231.790916880891
79.89,113.146443252303,231.790916880891
79.9,-99.9254506824578,231.790916880891
79.91,-102.644164187026,231.790916880891
79.92,95.7671025463648,231.790916880891
79.93,113.954328550074,231.790916880891
79.94,-120.653515083007,231.790916880891
79.95,-120.818855464783,231.790916880891
79.96,214.257762522775,231.790916880891
79.97,12.3559834789633,231.790916880891
79.98,-206.221744477033,233.693230505567
79.99,120.202642624041,233.69323050557
80,96.9738910006764,233.69323050557
80.01,-99.037400832429,233.69323050557
80.02,-94.8305380917719,233.69323050557
80.03,225.540076052343,233.69323050557
80.04,-109.583091443252,233.69323050557
80.05,-98.123586804097,233.69323050557
80.06,150.266275325571,233.69323050557
80.07,-10.4940865458938,233.69323050557
80.08,-131.483859851595,243.556126820908
80.09,117.199717293759,243.556126820908
80.1,13.8595546514966,243.556126820908
80.11,-164.40735503284,243.556126820908
80.12,117.634324577751,243.556126820908
80.13,-18.4760887230366,243.556126820908
80.14,-106.715920665193,243.556126820908
80.15,186.592581426282,243.556126820908
80.16,-108.670346320411,243.556126820908
80.17,-117.904415882374,243.556126820908
80.18,200.081641820122,243.17909168809
80.19,-98.1927115689483,243.179091688089
80.2,76.2507137290645,243.179091688089
80.21,105.709923649509,243.179091688089
80.22,-223.416349706527,243.179091688089
80.23,148.539141448635,243.179091688089
80.24,-109.477313778168,243.179091688089
80.25,-114.290905204134,243.179091688089
80.26,131.322050721364,243.179091688089
80.27,-229.352331151009,243.179091688089
80.28,117.352457538865,244.927163667524
80.29,-120.501520344247,244.927163667524
80.3,-46.8152707638651,244.927163667524
80.31,105.650121390889,244.927163667524
80.32,-166.052600856397,244.927163667524
80.33,229.693248303671,244.927163667524
80.34,-148.064730785432,244.927163667524
80.35,108.309747308772,244.927163667524
80.36,-76.6365701167319,244.927163667524
80.37,-46.7599128193038,244.927163667524
80.38,118.922571755408,239.81148243359
80.39,-110.014863817649,239.81148243359
80.4,166.641773664892,239.81148243359
80.41,-223.687810605125,239.81148243359
80.42,227.361772679967,239.81148243359
80.43,-182.074092759849,239.81148243359
80.44,148.712116461817,239.81148243359
80.45,-104.321072899495,239.81148243359
80.46,111.123954036306,239.81148243359
80.47,-121.462768109744,239.81148243359
80.48,111.637344678127,239.717223650386
80.49,-75.5055948206967,239.717223650386
80.5,17.6722203052247,239.717223650386
80.51,45.3627192011833,239.717223650386
80.52,-45.6525326362375,239.717223650386
80.53,15.4220579038921,239.717223650386
80.54,-44.2546099301858,239.717223650386
80.55,-16.7813706329076,239.717223650386
80.56,17.6383686477999,239.717223650386
80.57,-52.7089614900817,239.717223650386
80.58,101.673748662647,244.173093401885
80.59,-109.042334811535,244.173093401885
80.6,116.345214899029,244.173093401885
80.61,-108.233186547699,244.173093401885
80.62,116.471051438668,244.173093401885
80.63,-150.725964443797,244.173093401885
80.64,227.223888348971,244.173093401885
80.65,-224.934598758657,244.173093401885
80.66,162.691928453513,244.173093401885
80.67,-121.607396264985,244.173093401885
80.68,108.853737768171,249.768637532126
80.69,49.3409344875621,249.768637532134
80.7,-115.653664593362,249.768637532134
80.71,117.622403545569,249.768637532134
80.72,-220.997779453293,249.768637532134
80.73,194.084568129085,249.768637532134
80.74,-105.495957748646,249.768637532134
80.75,45.8401930928811,249.768637532134
80.76,115.464462688056,249.768637532134
80.77,-148.008182578441,249.768637532134
80.78,224.180313800697,253.727506426735
80.79,-112.916285711602,253.727506426735
80.8,47.0261832474497,253.727506426735
80.81,107.943817604425,253.727506426735
80.82,-215.884244412953,253.727506426735
80.83,163.691361695822,253.727506426735
80.84,-75.5618629952645,253.727506426735
80.85,-108.18246361637,253.727506426735
80.86,227.178210644748,253.727506426735
80.87,-110.296313245436,253.727506426735
80.88,-51.7159921383573,260.222793487575
80.89,180.50830848015,260.222793487575
80.9,-164.814695454004,260.222793487575
80.91,77.159798767435,260.222793487575
80.92,149.391242956105,260.222793487575
80.93,-164.75640683705,260.222793487575
80.94,46.7205186522366,260.222793487575
80.95,147.553280474277,260.222793487575
80.96,-130.302767639822,260.222793487575
80.97,-72.4511549297929,260.222793487575
80.98,214.610379446442,265.287060839753
80.99,-110.690003349147,265.28706083976
81,-119.922588740274,265.28706083976
81.01,163.607497151111,265.28706083976
81.02,105.119559250141,265.28706083976
81.03,-225.177703827756,265.28706083976
81.04,14.1382704994474,265.28706083976
81.05,222.232887181073,265.28706083976
81.06,-112.109000318954,265.28706083976
81.07,-206.71550642598,265.28706083976
81.08,110.765374962401,275.5441302485
81.09,181.494700420847,275.5441302485
81.1,-116.274208467129,275.5441302485
81.11,-180.281543920028,275.5441302485
81.12,110.395871037849,275.5441302485
81.13,206.26472194407,275.5441302485
81.14,-93.8362721513752,275.5441302485
81.15,-226.584117332749,275.5441302485
81.16,-74.102429297385,275.5441302485
81.17,194.764430622387,275.5441302485
81.18,119.607941383915,276.640959725791
81.19,-110.68228696638,276.640959725793
81.2,-180.144850500682,276.640959725793
81.21,77.6106874781703,276.640959725793
81.22,224.174762173098,276.640959725793
81.23,112.157543184846,276.640959725793
81.24,-105.853528934886,276.640959725793
81.25,-219.987539866162,276.640959725793
81.26,-84.3019799524897,276.640959725793
81.27,134.341866077648,276.640959725793
81.28,205.511618707795,286.36675235647
81.29,40.6090529033385,286.36675235647
81.3,-137.879063280935,286.36675235647
81.31,-217.483501480701,286.36675235647
81.32,-102.092879972417,286.36675235647
81.33,114.424896276014,286.36675235647
81.34,224.107443610515,286.36675235647
81.35,123.195926776717,286.36675235647
81.36,-44.4086189339752,286.36675235647
81.37,-133.424179862929,286.36675235647
81.38,-225.580698169467,291.842330762639
81.39,-108.77867403505,291.842330762639
81.4,45.569123563899,291.842330762639
81.41,113.955082447351,291.842330762639
81.42,223.46019033174,291.842330762639
81.43,149.62971075347,291.842330762639
81.44,101.647929354724,291.842330762639
81.45,-90.1773522791974,291.842330762639
81.46,-137.855348063785,291.842330762639
81.47,-220.459509692489,291.842330762639
81.48,-206.823525126294,295.278491859464
81.49,-158.888240508921,295.278491859469
81.5,-80.3962325341427,295.278491859469
81.51,40.5271160385984,295.278491859469
81.52,107.990242496918,295.278491859469
81.53,138.913664940084,295.278491859469
81.54,159.279576992958,295.278491859469
81.55,224.043645846104,295.278491859469
81.56,220.341891724373,295.278491859469
81.57,205.447559151717,295.278491859469
81.58,181.071561919878,297.412167952014
81.59,149.3536085367,297.412167952014
81.6,153.888857350929,297.412167952014
81.61,134.776302480283,297.412167952014
81.62,134.203409929771,297.412167952014
81.63,134.31449831329,297.412167952014
81.64,127.291582562592,297.412167952014
81.65,153.737445289681,297.412167952014
81.66,152.156873667661,297.412167952014
81.67,238.797595316535,297.412167952014
81.68,266.737046590811,300.934018851752
81.69,221.273021780812,300.934018851757
81.7,221.096092018726,300.934018851757
81.71,186.836936875288,300.934018851757
81.72,191.991123473945,300.934018851757
81.73,197.507205652004,300.934018851757
81.74,106.566979289876,300.934018851757
81.75,41.7728644588391,300.934018851757
81.76,-67.1812906974588,300.934018851757
81.77,-113.756339472836,300.934018851757
81.78,-148.518220947953,307.566409597258
81.79,-240.312796973141,307.566409597258
81.8,-217.845701664323,307.566409597258
81.81,-166.205095997807,307.566409597258
81.82,-108.074596695984,307.566409597258
81.83,-14.2831803345971,307.566409597258
81.84,108.469836165179,307.566409597258
81.85,208.121631678019,307.566409597258
81.86,225.724177543535,307.566409597258
81.87,194.882558344211,307.566409597258
81.88,107.797459085862,315.586975149957
81.89,-38.4768402411542,315.586975149957
81.9,-128.442751822147,315.586975149957
81.91,-240.373569996243,315.586975149957
81.92,-212.219036703196,315.586975149957
81.93,-113.679786422899,315.586975149957
81.94,16.7814425541575,315.586975149957
81.95,133.547975023546,315.586975149957
81.96,224.145871621826,315.586975149957
81.97,196.164790802642,315.586975149957
81.98,117.275205718409,315.904027420736
81.99,12.7044717393064,315.904027420737
82,-116.032320104254,315.904027420737
82.01,-209.997906840473,315.904027420737
82.02,-228.333538827953,315.904027420737
82.03,-166.793394825768,315.904027420737
82.04,-114.262669249146,315.904027420737
82.05,-44.8016660303557,315.904027420737
82.06,101.732871591585,315.904027420737
82.07,165.50492559239,315.904027420737
82.08,207.566522814692,299.562982005141
82.09,229.282777490414,299.562982005141
82.1,217.317217884332,299.562982005141
82.11,168.171006643705,299.562982005141
82.12,118.63684929638,299.562982005141
82.13,112.161456201307,299.562982005141
82.14,89.818888514585,299.562982005141
82.15,-18.0823933785128,299.562982005141
82.16,-71.5467317004092,299.562982005141
82.17,-104.078263870426,299.562982005141
82.18,-114.557901994258,290.848329048856
82.19,-119.803078874882,290.848329048843
82.2,-114.295851858014,290.848329048843
82.21,-131.363249837793,290.848329048843
82.22,-134.894169152773,290.848329048843
82.23,-134.902065511665,290.848329048843
82.24,-134.736381940863,290.848329048843
82.25,-114.451046461292,290.848329048843
82.26,-114.396383565662,290.848329048843
82.27,-114.559243683622,290.848329048843
82.28,-105.314170009188,283.598971722365
82.29,-72.6398913056954,283.598971722365
82.3,-17.7282476948217,283.598971722365
82.31,42.0727266226062,283.598971722365
82.32,111.496650097251,283.598971722365
82.33,126.082771937634,283.598971722365
82.34,136.581101200573,283.598971722365
82.35,197.394928405008,283.598971722365
82.36,232.218075730712,283.598971722365
82.37,213.171109133104,283.598971722365
82.38,151.885226598625,274.481576692374
82.39,109.553507210588,274.481576692374
82.4,72.2883531559487,274.481576692374
82.41,-92.1871693993052,274.481576692374
82.42,-120.510426578599,274.481576692374
82.43,-197.833854323291,274.481576692374
82.44,-223.957179655557,274.481576692374
82.45,-156.064283560779,274.481576692374
82.46,-92.6899779055582,274.481576692374
82.47,91.717963262405,274.481576692374
82.48,136.450193835947,276.152527849184
82.49,232.144357539894,276.152527849186
82.5,151.992341200272,276.152527849186
82.51,100.439718701403,276.152527849186
82.52,-113.071433056023,276.152527849186
82.53,-166.049687521199,276.152527849186
82.54,-210.052300466912,276.152527849186
82.55,-117.298127958078,276.152527849186
82.56,109.329730296301,276.152527849186
82.57,195.133733127349,276.152527849186
82.58,184.79270871665,272.776349614396
82.59,96.3401199582414,272.776349614396
82.6,-113.17555345188,272.776349614396
82.61,-228.785346233242,272.776349614396
82.62,-110.388842367241,272.776349614396
82.63,112.1719750895,272.776349614396
82.64,198.415146527498,272.776349614396
82.65,152.427090707207,272.776349614396
82.66,-44.2206501200482,272.776349614396
82.67,-197.692648047543,272.776349614396
82.68,-122.999844561019,266.555269922888
82.69,73.9392645875814,266.555269922879
82.7,222.531760213625,266.555269922879
82.71,116.67348655399,266.555269922879
82.72,-113.267226483696,266.555269922879
82.73,-219.405563737274,266.555269922879
82.74,-50.2118279187179,266.555269922879
82.75,165.808795818783,266.555269922879
82.76,129.929472529182,266.555269922879
82.77,-117.902041835043,266.555269922879
82.78,-214.020531351605,263.041988003428
82.79,15.5857620674771,263.041988003428
82.8,223.293165525502,263.041988003428
82.81,116.040885907412,263.041988003428
82.82,-165.49683493063,263.041988003428
82.83,-110.181690799753,263.041988003428
82.84,113.46687717229,263.041988003428
82.85,118.801205353872,263.041988003428
82.86,-115.746643594318,263.041988003428
82.87,-149.737131366543,263.041988003428
82.88,119.11582295236,251.01970865467
82.89,183.499666812737,251.01970865467
82.9,-117.75892019493,251.01970865467
82.91,-149.764481866203,251.01970865467
82.92,113.262749509148,251.01970865467
82.93,120.840962899125,251.01970865467
82.94,-115.746159002628,251.01970865467
82.95,-105.930619156932,251.01970865467
82.96,133.685411913039,251.01970865467
82.97,120.458856686407,251.01970865467
82.98,-221.966545976504,244.884318766076
82.99,15.5649969737926,244.884318766067
83,212.683445617578,244.884318766067
83.01,-115.701878372255,244.884318766067
83.02,-106.874886338906,244.884318766067
83.03,169.381066539834,244.884318766067
83.04,18.1277620866572,244.884318766067
83.05,-214.388991642636,244.884318766067
83.06,116.05786107025,244.884318766067
83.07,114.879251577451,244.884318766067
83.08,-222.608975044833,247.83204798629
83.09,113.965254997197,247.83204798629
83.1,103.91730405147,247.83204798629
83.11,-199.14698270359,247.83204798629
83.12,77.9132661147143,247.83204798629
83.13,121.465822309352,247.83204798629
83.14,-203.971016552128,247.83204798629
83.15,96.2507661581168,247.83204798629
83.16,112.015439349619,247.83204798629
83.17,-227.157121146063,247.83204798629
83.18,112.536353697827,245.012853470441
83.19,120.546817794584,245.012853470437
83.2,-188.028926312691,245.012853470437
83.21,133.483525705706,245.012853470437
83.22,-96.0919319401524,245.012853470437
83.23,-105.502433881443,245.012853470437
83.24,230.727113197517,245.012853470437
83.25,-112.262950758112,245.012853470437
83.26,78.6792856308101,245.012853470437
83.27,114.958020461507,245.012853470437
83.28,-213.885992626254,246.62382176521
83.29,169.171431173082,246.62382176521
83.3,-117.379238421271,246.62382176521
83.31,-76.605429485569,246.62382176521
83.32,103.728828540649,246.62382176521
83.33,-228.969252272545,246.62382176521
83.34,136.51351093904,246.62382176521
83.35,-115.546749833215,246.62382176521
83.36,45.2904593039016,246.62382176521
83.37,117.807007615852,246.62382176521
83.38,-150.737671369149,247.180805484147
83.39,233.246958382088,247.180805484147
83.4,-166.838082936656,247.180805484147
83.41,108.192978311403,247.180805484147
83.42,-96.5626504878178,247.180805484147
83.43,-75.7211614861992,247.180805484147
83.44,112.426121131366,247.180805484147
83.45,-119.771568165702,247.180805484147
83.46,228.71750503922,247.180805484147
83.47,-226.363634857757,247.180805484147
83.48,133.253072533592,246.898029134533
83.49,-108.863580880587,246.898029134533
83.5,64.2844546448421,246.898029134533
83.51,19.1705177124324,246.898029134533
83.52,-117.592019836316,246.898029134533
83.53,124.980527537379,246.898029134533
83.54,-186.561982724407,246.898029134533
83.55,231.027395111522,246.898029134533
83.56,-195.717939637824,246.898029134533
83.57,109.406891695578,246.898029134533
83.58,-119.34564904403,251.808054841474
83.59,78.0443909626936,251.808054841474
83.6,111.205476976553,251.808054841474
83.61,-110.604112708645,251.808054841474
83.62,119.106316579144,251.808054841474
83.63,-212.767987791632,251.808054841474
83.64,227.313367871931,251.808054841474
83.65,-163.922390336579,251.808054841474
83.66,101.578185042208,251.808054841474
83.67,-117.915815682735,251.808054841474
83.68,46.0815645401335,256.700942587825
83.69,86.9720881776052,256.700942587832
83.7,-111.118022777733,256.700942587832
83.71,117.948502197282,256.700942587832
83.72,-184.3894644984,256.700942587832
83.73,233.178041863146,256.700942587832
83.74,-198.242060535041,256.700942587832
83.75,108.317514261264,256.700942587832
83.76,-105.398019551789,256.700942587832
83.77,120.658043708764,256.700942587832
83.78,-96.1608728238642,255.47557840617
83.79,-40.8233838098518,255.47557840617
83.8,75.8950582433522,255.47557840617
83.81,-116.156858590902,255.47557840617
83.82,117.333058984045,255.47557840617
83.83,-119.651748467249,255.47557840617
83.84,183.866965822155,255.47557840617
83.85,-213.751889136816,255.47557840617
83.86,232.874183270513,255.47557840617
83.87,-220.35354613793,255.47557840617
83.88,201.496820203508,254.952870608398
83.89,-134.502877858325,254.952870608398
83.9,134.475607780086,254.952870608398
83.91,-112.490834400756,254.952870608398
83.92,110.827181824575,254.952870608398
83.93,-115.266344356759,254.952870608398
83.94,98.5666854334702,254.952870608398
83.95,-121.957847271959,254.952870608398
83.96,78.6866092580425,254.952870608398
83.97,15.9201702681203,254.952870608398
83.98,-43.0965896416832,252.467866323911
83.99,77.3968766781792,252.467866323907
84,-110.805097993509,252.467866323907
84.01,115.979679581649,252.467866323907
84.02,-108.480653561473,252.467866323907
84.03,105.315400829767,252.467866323907
84.04,-121.443586062149,252.467866323907
84.05,118.508251857941,252.467866323907
84.06,-182.180203621667,252.467866323907
84.07,214.601439156758,252.467866323907
84.08,-227.381120045334,253.676092544987
84.09,224.666471369724,253.676092544987
84.1,-200.969031452822,253.676092544987
84.11,163.815815061417,253.676092544987
84.12,-133.420032253241,253.676092544987
84.13,106.521586443065,253.676092544987
84.14,-119.149574797208,253.676092544987
84.15,95.2652882501064,253.676092544987
84.16,-14.6671826751397,253.676092544987
84.17,-76.4638494329395,253.676092544987
84.18,115.777164306127,256.26392459297
84.19,-104.891953892957,256.263924592973
84.2,149.177572853591,256.263924592973
84.21,-211.909883071917,256.263924592973
84.22,224.630732702048,256.263924592973
84.23,-164.608036087049,256.263924592973
84.24,109.388277629827,256.263924592973
84.25,-114.216137636487,256.263924592973
84.26,77.4429335719402,256.263924592973
84.27,100.286386818503,256.263924592973
84.28,-108.094136712424,260.942587832048
84.29,148.566131575643,260.942587832048
84.3,-225.877213003807,260.942587832048
84.31,195.180054921448,260.942587832048
84.32,-100.556541831452,260.942587832048
84.33,112.41078711915,260.942587832048
84.34,101.739518505259,260.942587832048
84.35,-100.167137625387,260.942587832048
84.36,183.659864819642,260.942587832048
84.37,-218.509075865547,260.942587832048
84.38,115.377583086225,265.629820051414
84.39,-74.6517119945669,265.629820051414
84.4,-117.483573288474,265.629820051414
84.41,118.154525083089,265.629820051414
84.42,-230.177611697054,265.629820051414
84.43,107.181886012317,265.629820051414
84.44,-75.6383379009037,265.629820051414
84.45,-110.439049985278,265.629820051414
84.46,183.504458915863,265.629820051414
84.47,-195.830568243723,265.629820051414
84.48,117.148986924408,273.299057412157
84.49,100.518754765029,273.299057412168
84.5,-180.951820966441,273.299057412168
84.51,196.601018468661,273.299057412168
84.52,-120.735710719675,273.299057412168
84.53,-117.408054258932,273.299057412168
84.54,183.650802433584,273.299057412168
84.55,-130.755469961079,273.299057412168
84.56,46.3453476845281,273.299057412168
84.57,127.386684662411,273.299057412168
84.58,-223.72017003647,273.5646958012
84.59,117.355996111633,273.5646958012
84.6,115.049903359625,273.5646958012
84.61,-225.819546725931,273.5646958012
84.62,111.505702664284,273.5646958012
84.63,99.955050561905,273.5646958012
84.64,-209.151122925718,273.5646958012
84.65,109.474988158229,273.5646958012
84.66,109.394944921352,273.5646958012
84.67,-216.132204295215,273.5646958012
84.68,111.089694089235,273.7617823479
84.69,115.296276925293,273.761782347901
84.7,-230.194222367934,273.761782347901
84.71,115.47786120872,273.761782347901
84.72,118.609868969745,273.761782347901
84.73,-162.874119937002,273.761782347901
84.74,-74.50176523888,273.761782347901
84.75,222.697819851229,273.761782347901
84.76,-115.918596728867,273.761782347901
84.77,-117.873088050834,273.761782347901
84.78,108.650171522467,280.119965724079
84.79,112.769201863602,280.119965724079
84.8,-194.558891439275,280.119965724079
84.81,-92.5381714780051,280.119965724079
84.82,223.183115896973,280.119965724079
84.83,73.2017864259842,280.119965724079
84.84,-225.18311075882,280.119965724079
84.85,-74.7822725125434,280.119965724079
84.86,219.971705056899,280.119965724079
84.87,69.5407177354671,280.119965724079
84.88,-211.836430183148,282.767780634105
84.89,-113.967202547615,282.767780634105
84.9,132.572889657595,282.767780634105
84.91,123.255139340757,282.767780634105
84.92,-112.359526720844,282.767780634105
84.93,-208.045116178566,282.767780634105
84.94,-18.4900105646932,282.767780634105
84.95,215.74754705349,282.767780634105
84.96,112.554366195432,282.767780634105
84.97,-106.018638679914,282.767780634105
84.98,-207.097263864033,285.449871465292
84.99,14.7837622417173,285.449871465296
85,194.118185696758,285.449871465296
85.01,123.138383464467,285.449871465296
85.02,-86.4847422642886,285.449871465296
85.03,-225.245567730501,285.449871465296
85.04,-113.878527580171,285.449871465296
85.05,114.774478861512,285.449871465296
85.06,227.25906180968,285.449871465296
85.07,104.77991339475,285.449871465296
85.08,-106.155926095592,286.083976006854
85.09,-220.922355640445,286.083976006855
85.1,-116.606566713202,286.083976006855
85.11,123.576122915677,286.083976006855
85.12,225.920530018364,286.083976006855
85.13,119.63732151577,286.083976006855
85.14,-111.085589315182,286.083976006855
85.15,-213.460598881486,286.083976006855
85.16,-148.393352056481,286.083976006855
85.17,-15.1772759058692,286.083976006855
85.18,141.226482088613,288.671808054834
85.19,226.091474112766,288.671808054841
85.2,128.281283900395,288.671808054841
85.21,-12.3856243808077,288.671808054841
85.22,-140.881859330977,288.671808054841
85.23,-225.218394420184,288.671808054841
85.24,-181.212167097752,288.671808054841
85.25,-103.648378995095,288.671808054841
85.26,85.0807589026619,288.671808054841
85.27,166.6154094337,288.671808054841
85.28,224.146472660067,305.749785775468
85.29,181.402561237594,305.749785775493
85.3,119.445927254078,305.749785775493
85.31,15.8451973424471,305.749785775493
85.32,-112.063335601987,305.749785775493
85.33,-133.881960391942,305.749785775493
85.34,-213.986030144429,305.749785775493
85.35,-241.777683445579,305.749785775493
85.36,-180.657967229191,305.749785775493
85.37,-108.9052854374,305.749785775493
85.38,-103.384700357656,319.528706083956
85.39,-18.6112986040112,319.528706083976
85.4,86.0874464255962,319.528706083976
85.41,114.706446421494,319.528706083976
85.42,139.316302163148,319.528706083976
85.43,259.030520575544,319.528706083976
85.44,209.223365199925,319.528706083976
85.45,224.190492137453,319.528706083976
85.46,225.934246688654,319.528706083976
85.47,216.932637864534,319.528706083976
85.48,217.410242865073,323.564695801194
85.49,181.057486798573,323.5646958012
85.5,204.953807135836,323.5646958012
85.51,180.42810281041,323.5646958012
85.52,150.998091574711,323.5646958012
85.53,148.71514986662,323.5646958012
85.54,148.721930302781,323.5646958012
85.55,149.857516394279,323.5646958012
85.56,180.667585022622,323.5646958012
85.57,235.817675526259,323.5646958012
85.58,203.92068329515,334.832904884303
85.59,205.158255279385,334.832904884319
85.6,222.451714294924,334.832904884319
85.61,216.655945885064,334.832904884319
85.62,229.06277175774,334.832904884319
85.63,213.998164005755,334.832904884319
85.64,163.949185037625,334.832904884319
85.65,141.697934930232,334.832904884319
85.66,114.737789692108,334.832904884319
85.67,49.5049320763568,334.832904884319
85.68,-18.3774303729959,336.940874035984
85.69,-103.265195000971,336.94087403599
85.7,-116.892750279398,336.94087403599
85.71,-185.077873981814,336.94087403599
85.72,-260.307877813786,336.94087403599
85.73,-247.301565466913,336.94087403599
85.74,-132.310746545551,336.94087403599
85.75,-120.510843002992,336.94087403599
85.76,25.1987709021977,336.94087403599
85.77,101.84667388416,336.94087403599
85.78,153.893098623749,327.275064267366
85.79,248.986201282881,327.275064267352
85.8,214.784679610725,327.275064267352
85.81,162.176384618846,327.275064267352
85.82,54.4134890496181,327.275064267352
85.83,-100.038997774747,327.275064267352
85.84,-153.671322483834,327.275064267352
85.85,-226.078998999594,327.275064267352
85.86,-165.908116678583,327.275064267352
85.87,-91.1458303448665,327.275064267352
85.88,78.0649919018267,315.741216795218
85.89,186.303127729081,315.741216795201
85.9,226.219090884343,315.741216795201
85.91,139.797521529359,315.741216795201
85.92,12.6003037409221,315.741216795201
85.93,-129.031846166654,315.741216795201
85.94,-221.28902845089,315.741216795201
85.95,-202.055089962962,315.741216795201
85.96,-44.0298121360595,315.741216795201
85.97,130.115340080409,315.741216795201
85.98,219.59587887736,317.129391602397
85.99,123.416647260757,317.129391602399
86,-100.067615994379,317.129391602399
86.01,-213.982411994056,317.129391602399
86.02,-119.00362328502,317.129391602399
86.03,75.7160670620714,317.129391602399
86.04,219.525103640542,317.129391602399
86.05,128.11933120237,317.129391602399
86.06,-96.3957176585857,317.129391602399
86.07,-211.83340639306,317.129391602399
86.08,-26.2279790182849,323.007712082254
86.09,211.953573422779,323.007712082262
86.1,140.134526248619,323.007712082262
86.11,-101.084442784452,323.007712082262
86.12,-219.337435545753,323.007712082262
86.13,-14.7471035114732,323.007712082262
86.14,254.56661066406,323.007712082262
86.15,95.0148919010527,323.007712082262
86.16,-207.60195418,323.007712082262
86.17,-129.400548784625,323.007712082262
86.18,182.654880544508,330.916880891151
86.19,111.116580937267,330.916880891174
86.2,-149.238356144042,330.916880891174
86.21,-175.584500497967,330.916880891174
86.22,173.814803609309,330.916880891174
86.23,139.459130045511,330.916880891174
86.24,-161.832269353235,330.916880891174
86.25,-106.882323012151,330.916880891174
86.26,203.832003850857,330.916880891174
86.27,80.3769510869103,330.916880891174
86.28,-265.104959781607,347.455012853447
86.29,-14.7737214537243,347.45501285347
86.3,219.015282055695,347.45501285347
86.31,-110.938289913359,347.45501285347
86.32,-132.802031230169,347.45501285347
86.33,206.931129926862,347.45501285347
86.34,107.521393762455,347.45501285347
86.35,-259.454784900263,347.45501285347
86.36,40.2185424700551,347.45501285347
86.37,260.615539778908,347.45501285347
86.38,-132.877511903441,338.508997429319
86.39,-122.218329176525,338.508997429306
86.4,200.135292594197,338.508997429306
86.41,16.8185898331077,338.508997429306
86.42,-236.896740641959,338.508997429306
86.43,114.714874988129,338.508997429306
86.44,138.580400917882,338.508997429306
86.45,-215.029118438261,338.508997429306
86.46,9.17900272392717,338.508997429306
86.47,159.118451030566,338.508997429306
86.48,-158.711702391722,341.790916880887
86.49,-81.9489583611976,341.790916880891
86.5,238.186107829868,341.790916880891
86.51,-100.472568341033,341.790916880891
86.52,-137.934154335928,341.790916880891
86.53,181.500420415931,341.790916880891
86.54,62.3456699237691,341.790916880891
86.55,-209.260768594362,341.790916880891
86.56,133.949695410424,341.790916880891
86.57,133.449048342284,341.790916880891
86.58,-260.178835904029,338.269065981153
86.59,76.5579144532382,338.269065981148
86.6,134.841113016769,338.269065981148
86.61,-186.361994630359,338.269065981148
86.62,0.751684527067896,338.269065981148
86.63,215.972950583065,338.269065981148
86.64,-117.310812507693,338.269065981148
86.65,-118.220394639318,338.269065981148
86.66,220.871692432743,338.269065981148
86.67,-93.0285397910372,338.269065981148
86.68,-140.407023033428,340.368466152522
86.69,266.624440548157,340.368466152528
86.7,-14.2815440660131,340.368466152528
86.71,-160.81905124585,340.368466152528
86.72,203.251792861,340.368466152528
86.73,59.8902411759474,340.368466152528
86.74,-239.041200715567,340.368466152528
86.75,156.306289687932,340.368466152528
86.76,90.9460072008036,340.368466152528
86.77,-228.98640622109,340.368466152528
86.78,109.995566094051,342.3736075407
86.79,126.184219967882,342.373607540703
86.8,-217.246196206478,342.373607540703
86.81,70.1743479867937,342.373607540703
86.82,118.313460682686,342.373607540703
86.83,-238.786123190438,342.373607540703
86.84,62.6837031096073,342.373607540703
86.85,141.496952288547,342.373607540703
86.86,-239.942591163279,342.373607540703
86.87,68.7536668405567,342.373607540703
86.88,173.239099056605,338.097686375327
86.89,-204.667518656009,338.097686375321
86.9,39.9110108581798,338.097686375321
86.91,134.992551590653,338.097686375321
86.92,-207.680665864472,338.097686375321
86.93,70.1610034325165,338.097686375321
86.94,204.093235998517,338.097686375321
86.95,-206.240559231758,338.097686375321
86.96,67.027055959409,338.097686375321
86.97,176.112233599879,338.097686375321
86.98,-202.443107310959,354.28449014565
86.99,73.4154250445277,354.284490145673
87,170.523081713199,354.284490145673
87.01,-217.510748413494,354.284490145673
87.02,102.943173233516,354.284490145673
87.03,118.288076922647,354.284490145673
87.04,-245.217524240553,354.284490145673
87.05,130.792238727053,354.284490145673
87.06,47.0542960464716,354.284490145673
87.07,-208.470375851197,354.284490145673
87.08,155.158503449682,352.167952013713
87.09,12.0444193157443,352.16795201371
87.1,-165.08561380382,352.16795201371
87.11,200.669035549693,352.16795201371
87.12,-76.2500089239514,352.16795201371
87.13,-127.017657346789,352.16795201371
87.14,249.803086284146,352.16795201371
87.15,-144.413490824736,352.16795201371
87.16,-93.6550925083486,352.16795201371
87.17,161.59789621095,352.16795201371
87.18,-207.977901248214,354.404455869745
87.19,73.2460391343872,354.404455869751
87.2,124.959860287794,354.404455869751
87.21,-249.174765468342,354.404455869751
87.22,183.189665106384,354.404455869751
87.23,15.8164478936639,354.404455869751
87.24,-167.642812275086,354.404455869751
87.25,216.142731508102,354.404455869751
87.26,-154.753365265304,354.404455869751
87.27,-60.0907476600122,354.404455869751
87.28,166.520973970558,356.683804627246
87.29,-216.316264192021,356.683804627249
87.3,113.346209845428,356.683804627249
87.31,61.1017211646448,356.683804627249
87.32,-260.523785749998,356.683804627249
87.33,248.510723914373,356.683804627249
87.34,-106.12558813358,356.683804627249
87.35,5.59993452370105,356.683804627249
87.36,171.368591277003,356.683804627249
87.37,-246.744925525465,356.683804627249
87.38,130.027993437127,360.35132819194
87.39,-19.2327818922789,360.351328191945
87.4,-143.623191505123,360.351328191945
87.41,242.873325542922,360.351328191945
87.42,-168.224262174366,360.351328191945
87.43,34.3639906613783,360.351328191945
87.44,152.841356313011,360.351328191945
87.45,-269.079892566777,360.351328191945
87.46,210.503407557702,360.351328191945
87.47,-79.7713171143787,360.351328191945
87.48,-112.37331903525,372.21079691515
87.49,218.313989832425,372.210796915167
87.5,-212.042139322505,372.210796915167
87.51,32.6727174604156,372.210796915167
87.52,120.005039734664,372.210796915167
87.53,-212.39238606524,372.210796915167
87.54,157.78250388052,372.210796915167
87.55,-15.1724223752773,372.210796915167
87.56,-176.849373020425,372.210796915167
87.57,256.619518981155,372.210796915167
87.58,-138.805433907146,367.437874892895
87.59,-75.0309253570142,367.437874892888
87.6,195.427935316176,367.437874892888
87.61,-208.003205872872,367.437874892888
87.62,62.7589095899211,367.437874892888
87.63,145.670673410992,367.437874892888
87.64,-224.828267869018,367.437874892888
87.65,127.874360932048,367.437874892888
87.66,13.5116498135027,367.437874892888
87.67,-202.846360939822,367.437874892888
87.68,261.84805463861,371.071122536408
87.69,-118.193328318326,371.071122536418
87.7,-91.1931538837541,371.071122536418
87.71,222.130594325794,371.071122536418
87.72,-219.648868851145,371.071122536418
87.73,109.982451967776,371.071122536418
87.74,51.2993175913194,371.071122536418
87.75,-133.022569522936,371.071122536418
87.76,220.083945729298,371.071122536418
87.77,-172.230567463528,371.071122536418
87.78,72.5059320651087,380.257069408727
87.79,109.450640272458,380.25706940874
87.8,-188.15254243521,380.25706940874
87.81,266.902201922314,380.25706940874
87.82,-150.26124609945,380.25706940874
87.83,35.9310009643847,380.25706940874
87.84,89.2822968207976,380.25706940874
87.85,-258.778509299227,380.25706940874
87.86,235.95842114748,380.25706940874
87.87,-212.25379056203,380.25706940874
87.88,129.840418741786,399.854327335019
87.89,-33.7890955584098,399.854327335047
87.9,-94.2923831588043,399.854327335047
87.91,120.546133886037,399.854327335047
87.92,-159.198644581089,399.854327335047
87.93,225.428481020855,399.854327335047
87.94,-239.579880409446,399.854327335047
87.95,158.641444255363,399.854327335047
87.96,-105.373408568819,399.854327335047
87.97,31.5476032081905,399.854327335047
87.98,37.3977546359977,424.695801199622
87.99,-91.9487434527263,424.695801199657
88,120.912110610271,424.695801199657
88.01,-128.426747538246,424.695801199657
88.02,189.724578348665,424.695801199657
88.03,-244.723836524967,424.695801199657
88.04,229.211089449479,424.695801199657
88.05,-259.804562136571,424.695801199657
88.06,266.897467233021,424.695801199657
88.07,-234.209951288407,424.695801199657
88.08,186.163701020856,443.03341902311
88.09,-166.704778742359,443.033419023136
88.1,159.010140572333,443.033419023136
88.11,-185.913349206534,443.033419023136
88.12,130.635185924908,443.033419023136
88.13,-184.711523962297,443.033419023136
88.14,154.701569047871,443.033419023136
88.15,-150.357306546533,443.033419023136
88.16,185.024866672345,443.033419023136
88.17,-163.33066323742,443.033419023136
88.18,210.408628774104,434.910025706964
88.19,-216.777949907404,434.910025706941
88.2,206.70021646261,434.910025706941
88.21,-263.808675455801,434.910025706941
88.22,210.927943258406,434.910025706941
88.23,-246.550689981762,434.910025706941
88.24,228.001423029251,434.910025706941
88.25,-242.818622183065,434.910025706941
88.26,184.064700753134,434.910025706941
88.27,-229.458932788439,434.910025706941
88.28,142.418853706455,434.018851756642
88.29,-132.005034587148,434.018851756641
88.3,76.8412196382455,434.018851756641
88.31,-6.43263127052441,434.018851756641
88.32,-33.0371791645221,434.018851756641
88.33,95.5238901019716,434.018851756641
88.34,-137.323332045769,434.018851756641
88.35,243.257194616551,434.018851756641
88.36,-211.105578191102,434.018851756641
88.37,221.219052978806,434.018851756641
88.38,-264.025852177968,441.576692373597
88.39,139.060362163081,441.576692373608
88.4,-110.94145192371,441.576692373608
88.41,40.2662273486443,441.576692373608
88.42,60.6192419007952,441.576692373608
88.43,-135.354579913772,441.576692373608
88.44,206.55329079356,441.576692373608
88.45,-237.551149655889,441.576692373608
88.46,241.70188840327,441.576692373608
88.47,-148.673378225061,441.576692373608
88.48,61.0943268045828,435.132819194525
88.49,68.5249727260258,435.132819194516
88.5,-158.579995938855,435.132819194516
88.51,211.514451437312,435.132819194516
88.52,-238.580450564481,435.132819194516
88.53,209.162950891017,435.132819194516
88.54,-91.4084674149803,435.132819194516
88.55,-32.2547150715102,435.132819194516
88.56,156.244194069269,435.132819194516
88.57,-249.911529866491,435.132819194516
88.58,260.526502977551,381.799485861258
88.59,-193.14216920031,381.799485861183
88.6,162.733485617203,381.799485861183
88.61,-61.9669797172175,381.799485861183
88.62,-67.6262172194972,381.799485861183
88.63,124.481026067786,381.799485861183
88.64,-196.628631437484,381.799485861183
88.65,270.441123785864,381.799485861183
88.66,-245.555442544339,381.799485861183
88.67,243.773134130302,381.799485861183
88.68,-161.600299806864,368.731790916918
88.69,173.379647505692,368.731790916881
88.7,-146.957085177209,368.731790916881
88.71,158.350178698975,368.731790916881
88.72,-109.605979876967,368.731790916881
88.73,80.9330416085819,368.731790916881
88.74,-91.5750444373448,368.731790916881
88.75,92.8735967437435,368.731790916881
88.76,-52.7404151162754,368.731790916881
88.77,92.9707282971796,368.731790916881
88.78,-96.5324690233508,337.095115681279
88.79,110.338197306767,337.095115681234
88.8,-136.502874016517,337.095115681234
88.81,180.150144364847,337.095115681234
88.82,-196.468128475865,337.095115681234
88.83,229.950053512919,337.095115681234
88.84,-245.123728550306,337.095115681234
88.85,222.610811328046,337.095115681234
88.86,-210.033103411089,337.095115681234
88.87,183.325230685774,337.095115681234
88.88,-91.6543872485323,324.061696658116
88.89,22.4949851518774,324.061696658098
88.9,105.9774300761,324.061696658098
88.91,-174.428702119244,324.061696658098
88.92,219.722833721968,324.061696658098
88.93,-216.943129841742,324.061696658098
88.94,134.584137748763,324.061696658098
88.95,-34.6114209479193,324.061696658098
88.96,-108.490525813772,324.061696658098
88.97,191.447452034523,324.061696658098
88.98,-243.662684113919,315.518423307639
88.99,130.323902036069,315.518423307626
89,10.3044977932502,315.518423307626
89.01,-217.233695591474,315.518423307626
89.02,223.139443917948,315.518423307626
89.03,-132.931363487982,315.518423307626
89.04,-34.2139506910529,315.518423307626
89.05,205.881383144088,315.518423307626
89.06,-222.94009803242,315.518423307626
89.07,95.8088429917174,315.518423307626
89.08,120.124536065279,290.059982862076
89.09,-228.663247126203,290.059982862039
89.1,138.139681511398,290.059982862039
89.11,125.674877224743,290.059982862039
89.12,-227.746787262743,290.059982862039
89.13,111.059603156221,290.059982862039
89.14,155.086377286751,290.059982862039
89.15,-217.076046737189,290.059982862039
89.16,60.820534995566,290.059982862039
89.17,169.351721050271,290.059982862039
89.18,-155.679098775422,298.30334190229
89.19,-92.4052774402339,298.303341902314
89.2,228.332853228271,298.303341902314
89.21,-32.7250373359982,298.303341902314
89.22,-197.985306331539,298.303341902314
89.23,123.520886248553,298.303341902314
89.24,142.536364845492,298.303341902314
89.25,-151.203031545236,298.303341902314
89.26,-133.479702495097,298.303341902314
89.27,184.355013111298,298.303341902314
89.28,107.919128526332,291.053984575846
89.29,-209.00807477673,291.053984575835
89.3,-111.79708234883,291.053984575835
89.31,207.670058597267,291.053984575835
89.32,109.005917531329,291.053984575835
89.33,-188.553922747456,291.053984575835
89.34,-177.674769541368,291.053984575835
89.35,130.036173617484,291.053984575835
89.36,129.14516593266,291.053984575835
89.37,-103.076943387843,291.053984575835
89.38,-227.887883014935,283.907455012864
89.39,-43.2617612250553,283.907455012853
89.4,238.974611914348,283.907455012853
89.41,122.053489028622,283.907455012853
89.42,-113.454863854461,283.907455012853
89.43,-217.588707565174,283.907455012853
89.44,-41.5902153518562,283.907455012853
89.45,183.970154610306,283.907455012853
89.46,169.122085585055,283.907455012853
89.47,-73.5821802693848,283.907455012853
89.48,-180.7558980723,284.875749785774
89.49,-167.035467634292,284.875749785775
89.5,40.8463147002227,284.875749785775
89.51,184.300920297638,284.875749785775
89.52,195.522927748222,284.875749785775
89.53,42.6667886077873,284.875749785775
89.54,-132.074417958531,284.875749785775
89.55,-227.786804535917,284.875749785775
89.56,-127.203057336786,284.875749785775
89.57,67.8299766223776,284.875749785775
89.58,211.34339220207,286.675235646955
89.59,219.376843709634,286.675235646958
89.6,117.000772028732,286.675235646958
89.61,-12.1914942028004,286.675235646958
89.62,-155.891567005092,286.675235646958
89.63,-248.624960647186,286.675235646958
89.64,-134.36431013114,286.675235646958
89.65,-110.957187483158,286.675235646958
89.66,70.1240567085387,286.675235646958
89.67,156.174992277442,286.675235646958
89.68,252.498906167491,286.649528706084
89.69,217.761094091175,286.649528706084
89.7,146.65945325225,286.649528706084
89.71,56.0162623823806,286.649528706084
89.72,-35.1307959010948,286.649528706084
89.73,-115.434838448195,286.649528706084
89.74,-187.404651387146,286.649528706084
89.75,-222.948050479642,286.649528706084
89.76,-225.428552652632,286.649528706084
89.77,-197.789336539844,286.649528706084
89.78,-136.603806592219,283.727506426739
89.79,-126.130185380097,283.727506426735
89.8,-92.2471836230565,283.727506426735
89.81,-41.4489027347181,283.727506426735
89.82,15.1439146083607,283.727506426735
89.83,72.3112944213522,283.727506426735
89.84,104.565661989752,283.727506426735
89.85,102.95430071452,283.727506426735
89.86,114.838573123884,283.727506426735
89.87,120.715428430252,283.727506426735
89.88,116.396582992829,282.039417309343
89.89,116.472315852287,282.03941730934
89.9,116.420891176687,282.03941730934
89.91,120.660358723356,282.03941730934
89.92,110.78880469137,282.03941730934
89.93,102.940164774517,282.03941730934
89.94,104.519689719116,282.03941730934
89.95,72.2263464006629,282.03941730934
89.96,16.801928592834,282.03941730934
89.97,-42.6992910138097,282.03941730934
89.98,-113.050803991767,279.880034275924
89.99,-126.249706494655,279.880034275921
90,-136.421353688283,279.880034275921
90.01,-197.941772320041,279.880034275921
90.02,-224.789637880875,279.880034275921
90.03,-214.013549679571,279.880034275921
90.04,-152.726520129738,279.880034275921
90.05,-115.332244970813,279.880034275921
90.06,-72.7653252778528,279.880034275921
90.07,92.3528167830823,279.880034275921
90.08,118.3851401762,279.365895458441
90.09,197.633136712657,279.36589545844
90.1,230.264623437564,279.36589545844
90.11,152.483137209983,279.36589545844
90.12,115.51469079028,279.36589545844
90.13,-42.7896009155119,279.36589545844
90.14,-115.659462593791,279.36589545844
90.15,-221.636450021011,279.36589545844
90.16,-182.984793617362,279.36589545844
90.17,-118.400108890912,279.36589545844
90.18,74.2737245779138,278.243359040277
90.19,134.513324813213,278.243359040274
90.2,230.761220972915,278.243359040274
90.21,129.243921438442,278.243359040274
90.22,-16.6206985833076,278.243359040274
90.23,-115.54996819694,278.243359040274
90.24,-229.289737790872,278.243359040274
90.25,-114.7447385166,278.243359040274
90.26,43.0909379121981,278.243359040274
90.27,165.816182581786,278.243359040274
90.28,210.802414320745,278.594687232219
90.29,96.4065745120399,278.594687232219
90.3,-112.021056871564,278.594687232219
90.31,-233.57414735021,278.594687232219
90.32,-119.090365243856,278.594687232219
90.33,87.5189725350007,278.594687232219
90.34,222.982447552523,278.594687232219
90.35,111.905663817677,278.594687232219
90.36,-92.8641707195238,278.594687232219
90.37,-221.177095074423,278.594687232219
90.38,-109.602279170985,281.773778920304
90.39,105.143235994173,281.773778920308
90.4,232.443375637938,281.773778920308
90.41,113.858415628754,281.773778920308
90.42,-114.528683712119,281.773778920308
90.43,-219.367533227706,281.773778920308
90.44,-51.0803589899168,281.773778920308
90.45,133.601708322565,281.773778920308
90.46,152.494781138114,281.773778920308
90.47,-72.394496939138,281.773778920308
90.48,-233.502442610763,281.610968294773
90.49,-118.225754359846,281.610968294773
90.5,108.542110856101,281.610968294773
90.51,150.800504059044,281.610968294773
90.52,-113.033111003033,281.610968294773
90.53,-229.536944694452,281.610968294773
90.54,-51.0770558851384,281.610968294773
90.55,168.652134935329,281.610968294773
90.56,121.961629499779,281.610968294773
90.57,-115.476779027064,281.610968294773
90.58,-149.368260986767,279.125964010286
90.59,104.928640397914,279.125964010283
90.6,212.562295084838,279.125964010283
90.61,-75.1694599626417,279.125964010283
90.62,-229.506764745391,279.125964010283
90.63,14.0869903572374,279.125964010283
90.64,228.111370509426,279.125964010283
90.65,49.5872057203539,279.125964010283
90.66,-221.972619379351,279.125964010283
90.67,-97.3086120157364,279.125964010283
90.68,202.910653225809,278.920308483291
90.69,100.547603206058,278.92030848329
90.7,-221.73904211548,278.92030848329
90.71,-51.7732479374121,278.92030848329
90.72,232.518135502447,278.92030848329
90.73,-15.8899271406801,278.92030848329
90.74,-229.317219168652,278.92030848329
90.75,78.6614643638154,278.92030848329
90.76,188.107738732689,278.92030848329
90.77,-113.173688717549,278.92030848329
90.78,-123.134508545802,281.259640102824
90.79,134.493093735678,281.259640102828
90.8,116.710255590335,281.259640102828
90.81,-222.00246281007,281.259640102828
90.82,-16.3931319762214,281.259640102828
90.83,189.0443606062,281.259640102828
90.84,-113.259481129887,281.259640102828
90.85,-110.781120629664,281.259640102828
90.86,198.755952276542,281.259640102828
90.87,15.0532853548025,281.259640102828
90.88,-152.605582640965,280.702656383891
90.89,111.52625373842,280.70265638389
90.9,111.321650808549,280.70265638389
90.91,-229.357599002294,280.70265638389
90.92,118.463740207136,280.70265638389
90.93,115.033342361876,280.70265638389
90.94,-233.838194200298,280.70265638389
90.95,123.829866671888,280.70265638389
90.96,109.735586360321,280.70265638389
90.97,-233.771915266937,280.70265638389
90.98,116.030238787955,284.644387317904
90.99,116.839643275775,284.644387317909
91,-229.35429670509,284.644387317909
91.01,101.901185682014,284.644387317909
91.02,76.675630590676,284.644387317909
91.03,-150.505309835704,284.644387317909
91.04,167.258099021911,284.644387317909
91.05,-112.515908031332,284.644387317909
91.06,-115.630626775416,284.644387317909
91.07,217.546874055985,284.644387317909
91.08,-134.468378744671,284.910025706941
91.09,96.1397443077008,284.910025706941
91.1,109.53030150351,284.910025706941
91.11,-218.952383813518,284.910025706941
91.12,134.820088848356,284.910025706941
91.13,-121.029826611571,284.910025706941
91.14,-106.442283703098,284.910025706941
91.15,150.783378538583,284.910025706941
91.16,-226.883892063553,284.910025706941
91.17,101.814155035777,284.910025706941
91.18,-47.2950322207927,283.016281062559
91.19,-121.983863176512,283.016281062554
91.2,151.166345153796,283.016281062554
91.21,-232.879500755573,283.016281062554
91.22,134.078525760829,283.016281062554
91.23,-120.101262144875,283.016281062554
91.24,-18.1956021275376,283.016281062554
91.25,117.504889954709,283.016281062554
91.26,-121.051376810192,283.016281062554
91.27,218.164906942485,283.016281062554
91.28,-203.666535692909,279.417309340194
91.29,110.433968759606,279.417309340189
91.3,-120.115017612869,279.417309340189
91.31,46.6901120740556,279.417309340189
91.32,112.425044409066,279.417309340189
91.33,-110.050412482106,279.417309340189
91.34,119.338317426499,279.417309340189
91.35,-184.976013976419,279.417309340189
91.36,233.204072082509,279.417309340189
91.37,-226.994023636201,279.417309340189
91.38,167.534208190452,281.053984575833
91.39,-109.991747350995,281.053984575835
91.4,105.674182028039,281.053984575835
91.41,-117.165028944136,281.053984575835
91.42,120.483581790046,281.053984575835
91.43,-67.6133318998578,281.053984575835
91.44,-17.1210999469559,281.053984575835
91.45,19.4457835612367,281.053984575835
91.46,-99.9223456266045,281.053984575835
91.47,112.792570892116,281.053984575835
91.48,-121.36682823052,283.984575835471
91.49,116.763132076529,283.984575835476
91.5,-117.684489875903,283.984575835476
91.51,112.544928871179,283.984575835476
91.52,-112.349731930549,283.984575835476
91.53,112.894364403381,283.984575835476
91.54,-112.18766366019,283.984575835476
91.55,114.912367538285,283.984575835476
91.56,-113.071950171498,283.984575835476
91.57,117.040915215969,283.984575835476
91.58,-107.187327273,281.191088260501
91.59,111.058506451289,281.191088260497
91.6,-100.111913627283,281.191088260497
91.61,19.5253791085312,281.191088260497
91.62,-17.4432569432218,281.191088260497
91.63,-70.7170668020945,281.191088260497
91.64,96.5483351552542,281.191088260497
91.65,-123.411183370321,281.191088260497
91.66,111.945121182548,281.191088260497
91.67,-100.093443748765,281.191088260497
91.68,133.741071574506,283.110539845753
91.69,-168.437054316345,283.110539845758
91.7,228.100537897976,283.110539845758
91.71,-222.798746491458,283.110539845758
91.72,152.60833734592,283.110539845758
91.73,-102.219943505412,283.110539845758
91.74,113.110733233298,283.110539845758
91.75,-113.228904526515,283.110539845758
91.76,13.3883499245418,283.110539845758
91.77,96.8721869038745,283.110539845758
91.78,-115.448229110099,285.347043701796
91.79,109.411846745756,285.347043701799
91.8,-167.372897538487,285.347043701799
91.81,232.700419309747,285.347043701799
91.82,-187.15109114238,285.347043701799
91.83,108.201515701462,285.347043701799
91.84,-121.62861559879,285.347043701799
91.85,75.5367243590151,285.347043701799
91.86,103.001005105372,285.347043701799
91.87,-107.571341908496,285.347043701799
91.88,135.010371292902,280.454155955448
91.89,-232.78194110382,280.454155955441
91.9,152.529481849572,280.454155955441
91.91,-106.658832835464,280.454155955441
91.92,77.3355896259147,280.454155955441
91.93,103.59457873646,280.454155955441
91.94,-101.442621956127,280.454155955441
91.95,202.315087772547,280.454155955441
91.96,-218.84901712097,280.454155955441
91.97,111.967072623077,280.454155955441
91.98,-89.1549113216741,277.549271636679
91.99,-99.8662466427109,277.549271636675
92,109.939531850104,277.549271636675
92.01,-227.18929537088,277.549271636675
92.02,151.759375720569,277.549271636675
92.03,-124.269156149673,277.549271636675
92.04,-66.5733162017626,277.549271636675
92.05,100.55565137522,277.549271636675
92.06,-227.208145303426,277.549271636675
92.07,104.063251929,277.549271636675
92.08,-99.7302872321389,276.178234790062
92.09,-121.1112885179,276.17823479006
92.1,136.412890735125,276.17823479006
92.11,-188.509237120967,276.17823479006
92.12,112.681698181024,276.17823479006
92.13,64.5906046759176,276.17823479006
92.14,-97.2365700351712,276.17823479006
92.15,194.755200069587,276.17823479006
92.16,-106.63009704526,276.17823479006
92.17,-34.2099168985829,276.17823479006
92.18,109.233856058746,276.426735218508
92.19,-219.026740151762,276.426735218509
92.2,116.656450307273,276.426735218509
92.21,103.521727681721,276.426735218509
92.22,-132.235269095238,276.426735218509
92.23,155.887735966625,276.426735218509
92.24,-88.0869172209074,276.426735218509
92.25,-115.834061655414,276.426735218509
92.26,226.664657799838,276.426735218509
92.27,-109.830329057809,276.426735218509
92.28,-94.8222659450092,284.164524421583
92.29,134.986618900187,284.164524421594
92.3,-123.247789442531,284.164524421594
92.31,54.3708919404932,284.164524421594
92.32,101.109549433242,284.164524421594
92.33,-231.629047244251,284.164524421594
92.34,115.920789238951,284.164524421594
92.35,109.435223948545,284.164524421594
92.36,-225.603663662168,284.164524421594
92.37,109.173544470767,284.164524421594
92.38,103.776810471951,282.279348757501
92.39,-202.99261837653,282.279348757498
92.4,108.162350652732,282.279348757498
92.41,96.3602569934786,282.279348757498
92.42,-203.800639402146,282.279348757498
92.43,100.612900345515,282.279348757498
92.44,71.9859686082891,282.279348757498
92.45,-208.418172808399,282.279348757498
92.46,106.519284781485,282.279348757498
92.47,100.228641266255,282.279348757498
92.48,-203.666207542164,283.804627249355
92.49,107.793284474395,283.804627249357
92.5,113.186658161935,283.804627249357
92.51,-232.125472432117,283.804627249357
92.52,106.519718571267,283.804627249357
92.53,105.822574699451,283.804627249357
92.54,-188.212309062841,283.804627249357
92.55,76.1093862801541,283.804627249357
92.56,135.641719784686,283.804627249357
92.57,-102.581487606552,283.804627249357
92.58,-67.3157155839753,285.175664095971
92.59,227.257557593715,285.175664095973
92.6,-111.570906473805,285.175664095973
92.61,-113.386138310343,285.175664095973
92.62,218.681248232746,285.175664095973
92.63,-44.1927752936221,285.175664095973
92.64,-110.024457275334,285.175664095973
92.65,102.88098364854,285.175664095973
92.66,120.776060577769,285.175664095973
92.67,-231.755905291247,285.175664095973
92.68,112.992631918388,286.169665809766
92.69,101.403803888503,286.169665809769
92.7,-121.418138424229,286.169665809769
92.71,-66.5723016973021,286.169665809769
92.72,200.473485422326,286.169665809769
92.73,-116.262644358417,286.169665809769
92.74,-101.835916833542,286.169665809769
92.75,187.399797537647,286.169665809769
92.76,30.165678661546,286.169665809769
92.77,-201.986031388041,286.169665809769
92.78,111.919973683777,288.654670094255
92.79,108.392218955182,288.654670094259
92.8,-186.180677946407,288.654670094259
92.81,-12.0764590760364,288.654670094259
92.82,172.521449240194,288.654670094259
92.83,-111.05092305457,288.654670094259
92.84,-111.023597209704,288.654670094259
92.85,187.932349334876,288.654670094259
92.86,-17.5326361926962,288.654670094259
92.87,-167.454879436721,288.654670094259
92.88,107.674365628064,301.096829477275
92.89,105.799412558178,301.096829477292
92.9,-154.414744242681,301.096829477292
92.91,-45.4642928606592,301.096829477292
92.92,206.407698041078,301.096829477292
92.93,-112.795481760015,301.096829477292
92.94,-104.234711081121,301.096829477292
92.95,120.148205362865,301.096829477292
92.96,64.8062693573731,301.096829477292
92.97,-225.092707218272,301.096829477292
92.98,112.233665153061,294.541559554422
92.99,107.461063646949,294.541559554413
93,-101.090020450334,294.541559554413
93.01,-114.591776840182,294.541559554413
93.02,217.255995626526,294.541559554413
93.03,-23.3268799604571,294.541559554413
93.04,-202.427663257921,294.541559554413
93.05,112.053891116654,294.541559554413
93.06,105.510895837272,294.541559554413
93.07,-121.650118201672,294.541559554413
93.08,-71.407834514796,293.581833761784
93.09,180.178335186991,293.581833761782
93.1,-56.2865835849497,293.581833761782
93.11,-133.839605039955,293.581833761782
93.12,107.160934739298,293.581833761782
93.13,108.700115034494,293.581833761782
93.14,-152.113967734627,293.581833761782
93.15,-69.3931672244078,293.581833761782
93.16,232.206000528417,293.581833761782
93.17,-56.003325806051,293.581833761782
93.18,-166.593619271867,302.656383890291
93.19,112.137880869999,302.656383890317
93.2,105.724065637537,302.656383890317
93.21,-120.556352702777,302.656383890317
93.22,-98.0954925093416,302.656383890317
93.23,218.506314993887,302.656383890317
93.24,-10.4698287691692,302.656383890317
93.25,-207.472143479974,302.656383890317
93.26,87.9521592475229,302.656383890317
93.27,134.537713799103,302.656383890317
93.28,-103.585849740426,295.655526992298
93.29,-106.426401361215,295.655526992288
93.3,119.624734661551,295.655526992288
93.31,117.378912667771,295.655526992288
93.32,-192.841441192169,295.655526992288
93.33,-33.6567871570002,295.655526992288
93.34,231.802718889056,295.655526992288
93.35,-24.5624583200174,295.655526992288
93.36,-201.533799010341,295.655526992288
93.37,122.311875407128,295.655526992288
93.38,109.091723833264,292.176520994007
93.39,-104.739736421578,292.176520994002
93.4,-99.3504307384873,292.176520994002
93.41,124.333852956177,292.176520994002
93.42,115.72724150898,292.176520994002
93.43,-122.95001975566,292.176520994002
93.44,-95.2817119427362,292.176520994002
93.45,188.602561267763,292.176520994002
93.46,38.0770837379301,292.176520994002
93.47,-231.330533772076,292.176520994002
93.48,16.8921441100321,305.998286203922
93.49,225.363740723354,305.998286203942
93.5,-87.3810003411146,305.998286203942
93.51,-171.39761564967,305.998286203942
93.52,112.357274905867,305.998286203942
93.53,164.737730067853,305.998286203942
93.54,-104.587292239479,305.998286203942
93.55,-131.562836397015,305.998286203942
93.56,112.166336374691,305.998286203942
93.57,99.4236236707113,305.998286203942
93.58,-105.1206971757,306.812339331618
93.59,-103.3593153425,306.81233933162
93.6,95.5361984728789,306.81233933162
93.61,105.5007683479,306.81233933162
93.62,-121.818905209315,306.81233933162
93.63,-119.229752141051,306.81233933162
93.64,120.233036179583,306.81233933162
93.65,94.7863510660567,306.81233933162
93.66,-152.683011256475,306.81233933162
93.67,-99.6393214543947,306.81233933162
93.68,156.432277751444,296.126820908342
93.69,102.38882031298,296.126820908312
93.7,-218.14525023049,296.126820908312
93.71,-65.1738364017242,296.126820908312
93.72,218.857113545538,296.126820908312
93.73,30.1694210737318,296.126820908312
93.74,-224.272061246519,296.126820908312
93.75,43.2704963565913,296.126820908312
93.76,227.084200659833,296.126820908312
93.77,-56.1520223574177,296.126820908312
93.78,-170.774249761602,291.079691516717
93.79,107.620033957871,291.079691516709
93.8,133.721104081809,291.079691516709
93.81,-111.391190121615,291.079691516709
93.82,-110.657737881215,291.079691516709
93.83,105.964173196953,291.079691516709
93.84,112.088696225717,291.079691516709
93.85,-150.214532061275,291.079691516709
93.86,-96.5042566012619,291.079691516709
93.87,214.761398523903,291.079691516709
93.88,-76.2639387774492,293.521850899739
93.89,-164.490458794516,293.521850899743
93.9,102.350119888747,293.521850899743
93.91,105.657269857805,293.521850899743
93.92,-184.814933404106,293.521850899743
93.93,-43.5976907173589,293.521850899743
93.94,196.122127170351,293.521850899743
93.95,-106.864114978213,293.521850899743
93.96,-106.85859409953,293.521850899743
93.97,188.639207839923,293.521850899743
93.98,-12.9696802553897,297.686375321331
93.99,-132.115872915757,297.686375321337
94,95.2909263900663,297.686375321337
94.01,102.233221520715,297.686375321337
94.02,-222.742622375974,297.686375321337
94.03,112.16402689183,297.686375321337
94.04,100.233368664987,297.686375321337
94.05,-123.285895171183,297.686375321337
94.06,-33.0011309817932,297.686375321337
94.07,202.248048839592,297.686375321337
94.08,-109.90728566757,294.327335047134
94.09,-106.413179845532,294.327335047129
94.1,155.549890066214,294.327335047129
94.11,31.6866884291392,294.327335047129
94.12,-204.70563380969,294.327335047129
94.13,113.413657179925,294.327335047129
94.14,107.552645374363,294.327335047129
94.15,-102.01514534306,294.327335047129
94.16,-115.78705979512,294.327335047129
94.17,187.822630730396,294.327335047129
94.18,72.8985156967179,297.215081405305
94.19,-222.924513367194,297.215081405313
94.2,-6.16201042109238,297.215081405313
94.21,228.081644483612,297.215081405313
94.22,-54.6009078621785,297.215081405313
94.23,-203.984575517403,297.215081405313
94.24,86.3234377945677,297.215081405313
94.25,170.309809667303,297.215081405313
94.26,-89.4068334053853,297.215081405313
94.27,-173.37830763923,297.215081405313
94.28,54.9743693154959,294.790059982866
94.29,207.721581737025,294.790059982862
94.3,-83.1728172431964,294.790059982862
94.31,-225.105979619973,294.790059982862
94.32,-68.7033465280845,294.790059982862
94.33,156.657320921179,294.790059982862
94.34,92.162510900231,294.790059982862
94.35,-152.697095777518,294.790059982862
94.36,-100.517830052795,294.790059982862
94.37,110.101152758773,294.790059982862
94.38,115.171741836705,291.945158526139
94.39,-75.8698703796809,291.945158526135
94.4,-222.848451544198,291.945158526135
94.41,-94.4575219562869,291.945158526135
94.42,98.9028602299724,291.945158526135
94.43,136.490470274927,291.945158526135
94.44,-89.7613296080274,291.945158526135
94.45,-236.750479024418,291.945158526135
94.46,-93.6671220455455,291.945158526135
94.47,105.91410462384,291.945158526135
94.48,173.454267347616,288.320479862901
94.49,30.9723477983982,288.320479862896
94.5,-103.128331074802,288.320479862896
94.51,-111.069972332581,288.320479862896
94.52,52.2520449877774,288.320479862896
94.53,156.55939872144,288.320479862896
94.54,101.719235428055,288.320479862896
94.55,-75.0286076350486,288.320479862896
94.56,-126.551133918354,288.320479862896
94.57,-112.785446089804,288.320479862896
94.58,13.3196991202625,284.42159383034
94.59,103.193068108828,284.421593830334
94.6,141.167396256964,284.421593830334
94.61,95.5000625403088,284.421593830334
94.62,-107.545011544257,284.421593830334
94.63,-177.614116383467,284.421593830334
94.64,-111.165520198605,284.421593830334
94.65,54.1602953405001,284.421593830334
94.66,104.638713180202,284.421593830334
94.67,122.101155168326,284.421593830334
94.68,111.13731083927,278.980291345345
94.69,-86.7535321712919,278.98029134533
94.7,-102.727942673263,278.98029134533
94.71,-164.99416348941,278.98029134533
94.72,-116.456162228921,278.98029134533
94.73,-10.432232700382,278.98029134533
94.74,40.2233714241726,278.98029134533
94.75,216.298372312842,278.98029134533
94.76,106.961860035803,278.98029134533
94.77,119.675263659626,278.98029134533
94.78,-108.591197010102,274.044558697522
94.79,-67.3075558766893,274.044558697515
94.8,-152.210405316061,274.044558697515
94.81,-64.9417804511387,274.044558697515
94.82,-127.712072973739,274.044558697515
94.83,41.3524369974148,274.044558697515
94.84,112.6844412052,274.044558697515
94.85,121.526833752136,274.044558697515
94.86,241.032711353815,274.044558697515
94.87,109.158360566788,274.044558697515
94.88,106.533479871626,271.242502142249
94.89,30.2203488090841,271.242502142245
94.9,-57.3722614726798,271.242502142245
94.91,-109.006300641595,271.242502142245
94.92,-122.785962878918,271.242502142245
94.93,-193.604584050546,271.242502142245
94.94,-178.866755629466,271.242502142245
94.95,-97.7466223792742,271.242502142245
94.96,-113.492136386335,271.242502142245
94.97,-98.6530722108822,271.242502142245
94.98,15.3520379921182,269.185946872325
94.99,54.7360513560416,269.185946872322
95,118.908868003696,269.185946872322
95.01,39.9122612022472,269.185946872322
95.02,104.463053901883,269.185946872322
95.03,122.250324255087,269.185946872322
95.04,222.866606636455,269.185946872322
95.05,209.074333822201,269.185946872322
95.06,208.890036984311,269.185946872322
95.07,178.694630617502,269.185946872322
95.08,167.791217349609,264.473007712089
95.09,79.2860079750371,264.473007712082
95.1,102.812536628134,264.473007712082
95.11,76.1213109171901,264.473007712082
95.12,99.1178253225127,264.473007712082
95.13,64.6462431940451,264.473007712082
95.14,106.293705227214,264.473007712082
95.15,101.08619249601,264.473007712082
95.16,89.1554448898982,264.473007712082
95.17,101.634290493147,264.473007712082
95.18,76.9056500761276,256.435304198823
95.19,103.236478439757,256.4353041988
95.2,100.054185462287,256.4353041988
95.21,111.235826696726,256.4353041988
95.22,169.064220492166,256.4353041988
95.23,139.671555049667,256.4353041988
95.24,207.838210113703,256.4353041988
95.25,235.542026024854,256.4353041988
95.26,161.041105628232,256.4353041988
95.27,120.607959574511,256.4353041988
95.28,97.1894437191012,258.637532133673
95.29,38.5208792684479,258.637532133676
95.3,123.943515749681,258.637532133676
95.31,84.7975508962289,258.637532133676
95.32,-13.510253284805,258.637532133676
95.33,-118.747324538946,258.637532133676
95.34,-123.757442298966,258.637532133676
95.35,-102.702524212183,258.637532133676
95.36,-134.201734147096,258.637532133676
95.37,-208.696813477128,258.637532133676
95.38,-215.979743485313,261.662382176517
95.39,-101.307488197189,261.662382176521
95.4,-101.743272214417,261.662382176521
95.41,-90.2631568491718,261.662382176521
95.42,5.41080880003325,261.662382176521
95.43,113.534925444994,261.662382176521
95.44,106.222819867082,261.662382176521
95.45,148.98954087962,261.662382176521
95.46,184.741437210545,261.662382176521
95.47,124.291034190213,261.662382176521
95.48,114.392716251711,270.07712082261
95.49,14.4182133702274,270.077120822622
95.5,-71.9500475450804,270.077120822622
95.51,-99.7450770221927,270.077120822622
95.52,-231.094970900764,270.077120822622
95.53,-155.080779090134,270.077120822622
95.54,-108.829777383191,270.077120822622
95.55,-84.3494943091643,270.077120822622
95.56,116.270725425782,270.077120822622
95.57,100.806344597393,270.077120822622
95.58,207.877466048495,267.626392459301
95.59,121.452997003218,267.626392459297
95.6,113.357421032788,267.626392459297
95.61,11.637523379492,267.626392459297
95.62,-116.427681072245,267.626392459297
95.63,-111.154623548087,267.626392459297
95.64,-194.931713141701,267.626392459297
95.65,-102.865236679463,267.626392459297
95.66,-52.8610418117709,267.626392459297
95.67,88.9499858240942,267.626392459297
95.68,108.667733982177,268.543273350469
95.69,220.942415026867,268.543273350471
95.7,46.0435808900036,268.543273350471
95.71,114.578474892932,268.543273350471
95.72,-68.9712702179265,268.543273350471
95.73,-162.605238261742,268.543273350471
95.74,-223.623991303757,268.543273350471
95.75,-90.3551759149898,268.543273350471
95.76,-106.037518145662,268.543273350471
95.77,31.2635229320059,268.543273350471
95.78,113.489608614824,260.299914310209
95.79,170.081626266461,260.299914310197
95.8,198.961375922992,260.299914310197
95.81,111.403695660084,260.299914310197
95.82,17.7896946687964,260.299914310197
95.83,-56.6064004452115,260.299914310197
95.84,-54.020939500364,260.299914310197
95.85,-175.499263549398,260.299914310197
95.86,-106.937159989577,260.299914310197
95.87,-108.560477269012,260.299914310197
95.88,62.6135062815265,260.548414738646
95.89,105.42965237786,260.548414738646
95.9,208.078750041582,260.548414738646
95.91,103.477036279981,260.548414738646
95.92,104.339058575958,260.548414738646
95.93,-65.5023621610497,260.548414738646
95.94,-166.450571930389,260.548414738646
95.95,-201.244156352807,260.548414738646
95.96,-66.3536066304413,260.548414738646
95.97,-103.815369156002,260.548414738646
95.98,67.5834997570606,260.205655526993
95.99,107.545535858486,260.205655526992
96,220.057279085531,260.205655526992
96.01,80.0192882624108,260.205655526992
96.02,20.6851613691528,260.205655526992
96.03,-96.1290541939202,260.205655526992
96.04,-171.627981030474,260.205655526992
96.05,-65.3640346115585,260.205655526992
96.06,-49.3674280829242,260.205655526992
96.07,124.286593728824,260.205655526992
96.08,132.654464566104,260.522707797772
96.09,130.438599862826,260.522707797772
96.1,50.9666191629736,260.522707797772
96.11,-115.674693166953,260.522707797772
96.12,-196.438952926916,260.522707797772
96.13,-70.465330816526,260.522707797772
96.14,-23.1468843034965,260.522707797772
96.15,113.441684559979,260.522707797772
96.16,157.685571150327,260.522707797772
96.17,114.285906921604,260.522707797772
96.18,-66.0682050218234,260.265638389032
96.19,-77.8227665187384,260.265638389032
96.2,-197.605821266785,260.265638389032
96.21,-78.8675136126635,260.265638389032
96.22,124.320949513803,260.265638389032
96.23,223.712187151137,260.265638389032
96.24,34.5009190600649,260.265638389032
96.25,-10.4441116949407,260.265638389032
96.26,-109.971475453533,260.265638389032
96.27,-125.540307075855,260.265638389032
96.28,-93.1835110456878,262.356469580117
96.29,104.792936939511,262.35646958012
96.3,216.003310067642,262.35646958012
96.31,92.4903967387721,262.35646958012
96.32,-110.414134525811,262.35646958012
96.33,-149.181670025533,262.35646958012
96.34,-113.4934638937,262.35646958012
96.35,94.6330086135592,262.35646958012
96.36,178.071757950139,262.35646958012
96.37,109.348395964846,262.35646958012
96.38,-88.6624132766593,261.233933161955
96.39,-119.348583218286,261.233933161954
96.4,-110.504992463555,261.233933161954
96.41,66.5415577155675,261.233933161954
96.42,162.218459239431,261.233933161954
96.43,37.738600273874,261.233933161954
96.44,-63.435610755439,261.233933161954
96.45,-175.976761682685,261.233933161954
96.46,-54.6394089472618,261.233933161954
96.47,88.7994963087074,261.233933161954
96.48,109.310376832446,261.088260497001
96.49,118.625262675887,261.088260497001
96.5,-113.292404291302,261.088260497001
96.51,-206.523997272642,261.088260497001
96.52,-108.47016078086,261.088260497001
96.53,93.827466576385,261.088260497001
96.54,227.759637283238,261.088260497001
96.55,80.9441437894594,261.088260497001
96.56,-117.902388941327,261.088260497001
96.57,-160.265204484701,261.088260497001
96.58,-49.7456915781199,262.527849185945
96.59,87.0589614211564,262.527849185947
96.6,159.997245302764,262.527849185947
96.61,112.015418833065,262.527849185947
96.62,-116.858160838308,262.527849185947
96.63,-223.773168939596,262.527849185947
96.64,-111.310546558051,262.527849185947
96.65,115.606262006351,262.527849185947
96.66,230.672312542072,262.527849185947
96.67,113.35147776857,262.527849185947
96.68,-93.1735897960019,264.23307626392
96.69,-178.911717645067,264.233076263925
96.7,-106.030846154114,264.233076263925
96.71,97.600392815336,264.233076263925
96.72,199.454534845835,264.233076263925
96.73,44.7672083871463,264.233076263925
96.74,-31.3750403772704,264.233076263925
96.75,-170.420208234279,264.233076263925
96.76,-132.455416747594,264.233076263925
96.77,-8.96794683004978,264.233076263925
96.78,98.3797150473141,266.829477292199
96.79,158.049135623881,266.829477292202
96.8,87.9587589674306,266.829477292202
96.81,-108.246976898497,266.829477292202
96.82,-220.295995694575,266.829477292202
96.83,-116.31742565436,266.829477292202
96.84,92.1677932277967,266.829477292202
96.85,80.1831223335931,266.829477292202
96.86,95.7211387224259,266.829477292202
96.87,23.7978876119787,266.829477292202
96.88,-100.307063690059,275.715509854315
96.89,-220.201553782307,275.715509854327
96.9,-100.022274315971,275.715509854327
96.91,95.2843426310773,275.715509854327
96.92,102.431205606515,275.715509854327
96.93,122.490552551698,275.715509854327
96.94,81.8191617610778,275.715509854327
96.95,-117.934737976925,275.715509854327
96.96,-161.58734318466,275.715509854327
96.97,-119.225309996816,275.715509854327
96.98,-97.1145522864668,284.181662382164
96.99,104.994028065558,284.181662382177
97,154.892259305181,284.181662382177
97.01,119.925462281939,284.181662382177
97.02,88.0620976440639,284.181662382177
97.03,-122.860271320138,284.181662382177
97.04,-115.455127234238,284.181662382177
97.05,-191.252064841534,284.181662382177
97.06,-94.6998221744593,284.181662382177
97.07,29.7173593417446,284.181662382177
97.08,105.289103065159,301.790916880866
97.09,136.671465741895,301.790916880891
97.1,101.291132661294,301.790916880891
97.11,117.125259730366,301.790916880891
97.12,-35.5381633323212,301.790916880891
97.13,-121.283589668376,301.790916880891
97.14,-205.870739460313,301.790916880891
97.15,-100.297595631499,301.790916880891
97.16,-103.302387034358,301.790916880891
97.17,94.21555968022,301.790916880891
97.18,108.155089193662,291.919451585289
97.19,171.546547012036,291.919451585261
97.2,220.656303854987,291.919451585261
97.21,99.3440026203657,291.919451585261
97.22,54.8056298615268,291.919451585261
97.23,-96.9326182416915,291.919451585261
97.24,-106.341693819559,291.919451585261
97.25,-205.792293914792,291.919451585261
97.26,-196.21854505341,291.919451585261
97.27,-41.9483011964811,291.919451585261
97.28,-107.422677955117,290.874035989719
97.29,37.9137904610158,290.874035989717
97.3,112.408266497869,290.874035989717
97.31,138.133540681759,290.874035989717
97.32,218.881794137604,290.874035989717
97.33,104.091330509651,290.874035989717
97.34,113.667410311615,290.874035989717
97.35,14.7319006079703,290.874035989717
97.36,-92.1833305747248,290.874035989717
97.37,-98.2042692473446,290.874035989717
97.38,-200.564018044603,299.725792630664
97.39,-192.23401321888,299.725792630677
97.4,-135.03599209155,299.725792630677
97.41,-106.905958512263,299.725792630677
97.42,4.51802342207615,299.725792630677
97.43,94.2415570354099,299.725792630677
97.44,100.949466387231,299.725792630677
97.45,175.858937570422,299.725792630677
97.46,226.814042270249,299.725792630677
97.47,64.1671246731111,299.725792630677
97.48,111.527656449848,280.728363324791
97.49,53.4995305242659,280.728363324764
97.5,-66.7631671903088,280.728363324764
97.51,-110.121098513513,280.728363324764
97.52,-151.813354670741,280.728363324764
97.53,-175.68868778169,280.728363324764
97.54,-190.729229002352,280.728363324764
97.55,-120.895749315984,280.728363324764
97.56,-47.857728022363,280.728363324764
97.57,-102.720245260877,280.728363324764
97.58,-42.3041496439763,280.094258783206
97.59,37.6152361910877,280.094258783205
97.6,115.588876788311,280.094258783205
97.61,99.4534517222555,280.094258783205
97.62,99.2832610520178,280.094258783205
97.63,107.546669445303,280.094258783205
97.64,170.929570486719,280.094258783205
97.65,204.8241861974,280.094258783205
97.66,225.573427881069,280.094258783205
97.67,229.560988910279,280.094258783205
97.68,229.071557511809,288.988860325596
97.69,214.489999820717,288.988860325621
97.7,214.354375301487,288.988860325621
97.71,190.977213513172,288.988860325621
97.72,214.446817247464,288.988860325621
97.73,223.173122907196,288.988860325621
97.74,204.75511354061,288.988860325621
97.75,199.330735785767,288.988860325621
97.76,165.795372919933,288.988860325621
97.77,153.73197854448,288.988860325621
97.78,102.956693115937,295.749785775483
97.79,114.763271510077,295.749785775493
97.8,64.1975595743631,295.749785775493
97.81,-86.8180396268265,295.749785775493
97.82,-113.003179524272,295.749785775493
97.83,-95.8318512628408,295.749785775493
97.84,-185.184485109893,295.749785775493
97.85,-206.293298597648,295.749785775493
97.86,-97.5641437044234,295.749785775493
97.87,-35.2195261875294,295.749785775493
97.88,86.5335233220352,301.876606683796
97.89,106.65163035232,301.876606683805
97.9,217.005100619282,301.876606683805
97.91,131.352290063339,301.876606683805
97.92,103.078229592325,301.876606683805
97.93,-118.52184312722,301.876606683805
97.94,-182.188575599428,301.876606683805
97.95,-164.465208962016,301.876606683805
97.96,-100.947233790749,301.876606683805
97.97,112.011601549793,301.876606683805
97.98,226.956115341923,301.52527849186
97.99,102.772493702472,301.525278491859
98,-87.8219018136141,301.525278491859
98.01,-184.775380198361,301.525278491859
98.02,-97.928008298634,301.525278491859
98.03,112.866912009626,301.525278491859
98.04,214.314810246176,301.525278491859
98.05,106.810481597044,301.525278491859
98.06,-99.0173513150624,301.525278491859
98.07,-164.397927679924,301.525278491859
98.08,76.7703907530191,304.233076263921
98.09,228.596510588062,304.233076263925
98.1,71.5507271822639,304.233076263925
98.11,-184.926486547196,304.233076263925
98.12,-121.32364223004,304.233076263925
98.13,149.390600537981,304.233076263925
98.14,110.821576600071,304.233076263925
98.15,-149.891602235886,304.233076263925
98.16,-99.0739069144159,304.233076263925
98.17,214.318716859338,304.233076263925
98.18,13.0861416485996,309.828620394157
98.19,-218.883498273385,309.828620394173
98.2,115.589427714118,309.828620394173
98.21,98.5579996230241,309.828620394173
98.22,-149.148157583519,309.828620394173
98.23,-13.8739243640378,309.828620394173
98.24,166.510387146565,309.828620394173
98.25,-122.243689369822,309.828620394173
98.26,-75.8842170186259,309.828620394173
98.27,167.274477295222,309.828620394173
98.28,-150.291909582445,315.59554413024
98.29,75.5479962586378,315.595544130248
98.3,98.9020059625041,315.595544130248
98.31,-226.461028277974,315.595544130248
98.32,124.096287185316,315.595544130248
98.33,-18.8345857876121,315.595544130248
98.34,-110.226066592613,315.595544130248
98.35,196.549496025796,315.595544130248
98.36,-211.193912084369,315.595544130248
98.37,101.853087815071,315.595544130248
98.38,-97.4193768729799,314.618680377036
98.39,-75.9565877486577,314.618680377035
98.4,109.661464009814,314.618680377035
98.41,-130.713589224897,314.618680377035
98.42,193.966279466794,314.618680377035
98.43,-225.31254066796,314.618680377035
98.44,226.090592108637,314.618680377035
98.45,-211.212748354654,314.618680377035
98.46,206.537031977587,314.618680377035
98.47,-182.573649059788,314.618680377035
98.48,183.274382294387,325.355612682076
98.49,-208.365320877582,325.355612682091
98.5,209.984031270382,325.355612682091
98.51,-226.364123449333,325.355612682091
98.52,224.121458726955,325.355612682091
98.53,-196.061913199698,325.355612682091
98.54,163.663425754988,325.355612682091
98.55,-109.185396099226,325.355612682091
98.56,112.819933058409,325.355612682091
98.57,49.519578805581,325.355612682091
98.58,-113.191138620288,348.457583547525
98.59,147.313038977444,348.457583547558
98.6,-225.848152069352,348.457583547558
98.61,164.872194721219,348.457583547558
98.62,-111.258807340432,348.457583547558
98.63,14.4597617843298,348.457583547558
98.64,103.040140972687,348.457583547558
98.65,-220.210566462146,348.457583547558
98.66,164.766145092133,348.457583547558
98.67,-106.452925974197,348.457583547558
98.68,-121.069460032955,352.313624678652
98.69,180.831327670539,352.313624678663
98.7,-197.450166987348,352.313624678663
98.71,103.116901466031,352.313624678663
98.72,114.751892885136,352.313624678663
98.73,-210.75430508141,352.313624678663
98.74,132.319533638228,352.313624678663
98.75,-15.0456008657382,352.313624678663
98.76,-146.720658385441,352.313624678663
98.77,164.785920002814,352.313624678663
98.78,-74.8221684811653,355.895458440441
98.79,-146.21351932987,355.895458440446
98.8,162.660594581186,355.895458440446
98.81,16.7457711070338,355.895458440446
98.82,-206.527618634446,355.895458440446
98.83,111.060191055477,355.895458440446
98.84,112.270880418257,355.895458440446
98.85,-225.165758466047,355.895458440446
98.86,46.7258960802312,355.895458440446
98.87,181.477127517874,355.895458440446
98.88,-117.878656397665,367.94344473006
98.89,-104.175107638378,367.943444730077
98.9,163.655793430996,367.943444730077
98.91,114.621733223932,367.943444730077
98.92,-213.995315103143,367.943444730077
98.93,-72.3906839890881,367.943444730077
98.94,220.000497356577,367.943444730077
98.95,15.2497051952848,367.943444730077
98.96,-225.198206895608,367.943444730077
98.97,-72.3129868398001,367.943444730077
98.98,215.738823945815,386.161096829451
98.99,104.046601268136,386.161096829477
99,-194.608593312657,386.161096829477
99.01,-118.972883603227,386.161096829477
99.02,134.473980972901,386.161096829477
99.03,148.911767972132,386.161096829477
99.04,-111.667328155962,386.161096829477
99.05,-220.920915257189,386.161096829477
99.06,-16.3514572545372,386.161096829477
99.07,193.004966743863,386.161096829477
99.08,105.453778377461,405.244215938276
99.09,-112.225020627835,405.244215938303
99.1,-225.958986292753,405.244215938303
99.11,-104.175573746957,405.244215938303
99.12,136.683554662193,405.244215938303
99.13,181.778870829793,405.244215938303
99.14,14.7743891859231,405.244215938303
99.15,-162.664353581345,405.244215938303
99.16,-148.001541568593,405.244215938303
99.17,-17.1947948666231,405.244215938303
99.18,163.936440624176,411.508140531259
99.19,180.736293525121,411.508140531277
99.2,16.3947465028275,411.508140531277
99.21,-165.621581097092,411.508140531277
99.22,-182.381144427268,411.508140531277
99.23,-69.048763538925,411.508140531277
99.24,116.590188820918,411.508140531277
99.25,225.91629564977,411.508140531277
99.26,107.578966484306,411.508140531277
99.27,-110.559299099101,411.508140531277
99.28,-212.9536497908,380.257069408785
99.29,-180.789687784342,380.25706940874
99.3,-71.1987327916129,380.25706940874
99.31,118.754102975822,380.25706940874
99.32,221.932138964229,380.25706940874
99.33,154.125479029689,380.25706940874
99.34,15.2807375181217,380.25706940874
99.35,-120.210775898551,380.25706940874
99.36,-220.464079663121,380.25706940874
99.37,-179.967294150061,380.25706940874
99.38,-113.544893587456,355.518423307662
99.39,41.1563763887861,355.518423307626
99.4,114.096849590555,355.518423307626
99.41,219.9517436379,355.518423307626
99.42,206.019936595147,355.518423307626
99.43,127.918237288353,355.518423307626
99.44,77.8208880829435,355.518423307626
99.45,-60.8248280055725,355.518423307626
99.46,-118.277846640037,355.518423307626
99.47,-194.544232072671,355.518423307626
99.48,-225.133957750039,349.760068551851
99.49,-182.468862688526,349.760068551842
99.5,-124.703120171195,349.760068551842
99.51,-102.928685140085,349.760068551842
99.52,-18.8120956105373,349.760068551842
99.53,111.155822011832,349.760068551842
99.54,113.34686456577,349.760068551842
99.55,195.358718508528,349.760068551842
99.56,230.704741429286,349.760068551842
99.57,183.832919566904,349.760068551842
99.58,116.45908536064,342.519280205666
99.59,73.5785911019878,342.519280205655
99.6,-92.1700561347305,342.519280205655
99.61,-115.698108771562,342.519280205655
99.62,-217.388424858663,342.519280205655
99.63,-214.007481568173,342.519280205655
99.64,-109.921701410307,342.519280205655
99.65,-49.3684269699887,342.519280205655
99.66,118.954267445693,342.519280205655
99.67,195.338170215969,342.519280205655
99.68,212.727729523527,336.058269066
99.69,116.299239254865,336.058269065981
99.7,-15.0252853549713,336.058269065981
99.71,-112.885463473811,336.058269065981
99.72,-233.709624879439,336.058269065981
99.73,-126.276105100438,336.058269065981
99.74,-17.6515416540354,336.058269065981
99.75,136.121331223562,336.058269065981
99.76,230.282328248167,336.058269065981
99.77,114.318327425105,336.058269065981
99.78,-113.710856648561,325.227077977736
99.79,-199.368982006786,325.227077977721
99.8,-151.530510175016,325.227077977721
99.81,-18.0800457243218,325.227077977721
99.82,166.196468091759,325.227077977721
99.83,183.522522310133,325.227077977721
99.84,16.6975042944574,325.227077977721
99.85,-166.227028078279,325.227077977721
99.86,-149.74786325053,325.227077977721
99.87,45.4503527886886,325.227077977721
99.88,198.292080315434,314.670094258798
99.89,111.967436542968,314.670094258783
99.9,-117.845297504231,314.670094258783
99.91,-229.329329044557,314.670094258783
99.92,-95.9659680959675,314.670094258783
99.93,165.848154350864,314.670094258783
99.94,126.062882431174,314.670094258783
99.95,-117.872340401954,314.670094258783
99.96,-214.007040223411,314.670094258783
99.97,15.5618084385662,314.670094258783
99.98,223.180525322026,305.449871465309
99.99,97.4523314553078,305.449871465296
100,-165.992925501147,305.449871465296
100.01,-105.369888990518,305.449871465296
100.02,138.499510920094,305.449871465296
100.03,129.924771582542,305.449871465296
100.04,-103.156093908851,305.449871465296
100.05,-119.755404717672,305.449871465296
100.06,113.121806412097,305.449871465296
100.07,119.788175011784,305.449871465296
100.08,-114.699682314202,297.660668380474
100.09,-123.052871746741,297.660668380463
100.1,113.488440237614,297.660668380463
100.11,111.94820700774,297.660668380463
100.12,-132.876399028845,297.660668380463
100.13,-118.529551661592,297.660668380463
100.14,203.419639755954,297.660668380463
100.15,18.03383264787,297.660668380463
100.16,-229.362986568612,297.660668380463
100.17,114.00036627094,297.660668380463
100.18,150.382915402231,289.820051413904
100.19,-109.782069479472,289.820051413882
100.2,-104.877105647289,289.820051413882
100.21,227.917350966699,289.820051413882
100.22,-97.5007216679493,289.820051413882
100.23,-150.796999509327,289.820051413882
100.24,133.904199702349,289.820051413882
100.25,49.5567616336578,289.820051413882
100.26,-214.003039352811,289.820051413882
100.27,112.652201337181,289.820051413882
100.28,115.92660215186,284.952870608405
100.29,-229.370091487957,284.952870608398
100.3,113.426309291332,284.952870608398
100.31,121.324489754603,284.952870608398
100.32,-228.96248443893,284.952870608398
100.33,103.648340238556,284.952870608398
100.34,102.425849239863,284.952870608398
100.35,-186.867387675823,284.952870608398
100.36,133.257571558315,284.952870608398
100.37,-76.2048470557879,284.952870608398
100.38,-110.369827205809,279.991431019716
100.39,232.406288353469,279.991431019709
100.4,-103.193216217193,279.991431019709
100.41,-51.4752784106574,279.991431019709
100.42,121.498287929563,279.991431019709
100.43,-227.154477197461,279.991431019709
100.44,108.202198484161,279.991431019709
100.45,-44.1686086219048,279.991431019709
100.46,-105.910951536024,279.991431019709
100.47,218.093800508513,279.991431019709
100.48,-166.541234808682,274.961439588696
100.49,114.09144691626,274.961439588689
100.5,76.2059116039145,274.961439588689
100.51,-111.472277196905,274.961439588689
100.52,212.650030533172,274.961439588689
100.53,-199.796466253452,274.961439588689
100.54,101.783326280149,274.961439588689
100.55,-75.6502274256805,274.961439588689
100.56,-75.3512066706476,274.961439588689
100.57,101.392431285621,274.961439588689
100.58,-185.029371791469,270.822622107975
100.59,233.265712911642,270.822622107969
100.6,-167.253107658338,270.822622107969
100.61,101.917110927409,270.822622107969
100.62,-112.449722752954,270.822622107969
100.63,45.1735491565911,270.822622107969
100.64,112.4818603496,270.822622107969
100.65,-112.570788138824,270.822622107969
100.66,103.262787934739,270.822622107969
100.67,-152.58206284192,270.822622107969
100.68,194.608133866563,261.850899742956
100.69,-232.87592808703,261.850899742931
100.7,222.60675082133,261.850899742931
100.71,-136.192656672218,261.850899742931
100.72,132.748475729409,261.850899742931
100.73,-97.509092718246,261.850899742931
100.74,116.766941407075,261.850899742931
100.75,-108.959708114587,261.850899742931
100.76,112.687276217538,261.850899742931
100.77,-115.014395930589,261.850899742931
100.78,120.303986030551,254.018851756652
100.79,-120.097203831851,254.018851756641
100.8,120.722551054364,254.018851756641
100.81,-115.334719543006,254.018851756641
100.82,108.044560453739,254.018851756641
100.83,-108.782094355567,254.018851756641
100.84,101.687823847333,254.018851756641
100.85,-110.39755195533,254.018851756641
100.86,108.650376996108,254.018851756641
100.87,-167.615978901688,254.018851756641
100.88,203.349070901139,246.958011996582
100.89,-232.922293590622,246.958011996572
100.9,217.656376450852,246.958011996572
100.91,-152.625649189543,246.958011996572
100.92,102.906722288251,246.958011996572
100.93,-112.708037931415,246.958011996572
100.94,112.479857409644,246.958011996572
100.95,13.487716271946,246.958011996572
100.96,-122.206189171699,246.958011996572
100.97,107.894277409936,246.958011996572
100.98,-133.529909984071,239.922879177388
100.99,227.842710814914,239.922879177378
101,-187.400144137922,239.922879177378
101.01,96.3073677981165,239.922879177378
101.02,-87.5118945842684,239.922879177378
101.03,-34.4948984295487,239.922879177378
101.04,110.766250356651,239.922879177378
101.05,-166.436242372382,239.922879177378
101.06,217.646367558739,239.922879177378
101.07,-101.878973023486,239.922879177378
101.08,87.4641525360968,234.901456726657
101.09,121.040320668221,234.90145672665
101.1,-112.06424393282,234.90145672665
101.11,228.991891725325,234.90145672665
101.12,-122.048580500028,234.90145672665
101.13,87.3128814821561,234.90145672665
101.14,100.245158692193,234.90145672665
101.15,-166.194691649073,234.90145672665
101.16,189.586862035151,234.90145672665
101.17,-117.584742231098,234.90145672665
101.18,-119.109033288942,229.631533847487
101.19,134.761155836505,229.631533847472
101.2,-187.484613885463,229.631533847472
101.21,113.057534496872,229.631533847472
101.22,124.814555521965,229.631533847472
101.23,-204.086286046648,229.631533847472
101.24,163.20940415004,229.631533847472
101.25,-10.5505122424301,229.631533847472
101.26,-109.558674544092,229.631533847472
101.27,222.235789219681,229.631533847472
101.28,-83.714315576784,225.56983718938
101.29,-108.881759530932,225.569837189374
101.3,220.633485742693,225.569837189374
101.31,-105.270615575095,225.569837189374
101.32,-113.231454664528,225.569837189374
101.33,220.559087976304,225.569837189374
101.34,-111.672191016122,225.569837189374
101.35,-106.28205225787,225.569837189374
101.36,217.449116114915,225.569837189374
101.37,-54.8443133030641,225.569837189374
101.38,-132.890871328269,222.047986289637
101.39,102.951094881564,222.047986289632
101.4,102.98723669405,222.047986289632
101.41,-227.281298373944,222.047986289632
101.42,123.306531221835,222.047986289632
101.43,101.705091897595,222.047986289632
101.44,-102.440907550934,222.047986289632
101.45,-100.956466793328,222.047986289632
101.46,220.620099045531,222.047986289632
101.47,-54.6989941933679,222.047986289632
101.48,-134.740670503348,219.160239931452
101.49,106.130171058045,219.160239931448
101.5,106.077137574335,219.160239931448
101.51,-103.344088474462,219.160239931448
101.52,-123.041739066843,219.160239931448
101.53,155.709980239906,219.160239931448
101.54,72.0898641509529,219.160239931448
101.55,-193.575257089402,219.160239931448
101.56,22.6731719393299,219.160239931448
101.57,220.527921427056,219.160239931448
101.58,12.6562483021046,218.491859468724
101.59,-232.840817316222,218.491859468723
101.6,40.8466064979432,218.491859468723
101.61,228.744737046261,218.491859468723
101.62,64.3096395663721,218.491859468723
101.63,-222.714563564959,218.491859468723
101.64,-95.8835771215139,218.491859468723
101.65,155.706077959259,218.491859468723
101.66,113.231375023628,218.491859468723
101.67,-123.379599515733,218.491859468723
101.68,-106.206849941415,214.473007712094
101.69,110.00984156318,214.473007712082
101.7,136.868668302147,214.473007712082
101.71,-111.332737271881,214.473007712082
101.72,-226.305740827814,214.473007712082
101.73,-71.4344469795193,214.473007712082
101.74,105.225102352585,214.473007712082
101.75,101.942370742441,214.473007712082
101.76,-119.83101336348,214.473007712082
101.77,-174.064400113764,214.473007712082
101.78,-38.1977178317749,209.434447300778
101.79,123.666729408743,209.434447300771
101.8,99.8221974125279,209.434447300771
101.81,-88.5890615683318,209.434447300771
101.82,-193.57102670221,209.434447300771
101.83,-108.447449009255,209.434447300771
101.84,113.380763365182,209.434447300771
101.85,228.007150117727,209.434447300771
101.86,95.8825205794138,209.434447300771
101.87,-108.312338274751,209.434447300771
101.88,-209.463849591758,207.275064267355
101.89,-121.214358198044,207.275064267352
101.9,39.9927076358074,207.275064267352
101.91,228.940629746149,207.275064267352
101.92,107.175389194773,207.275064267352
101.93,-107.535670683078,207.275064267352
101.94,-218.863765708386,207.275064267352
101.95,-104.05965464368,207.275064267352
101.96,14.3027700786091,207.275064267352
101.97,103.115749559148,207.275064267352
101.98,172.585110714082,206.392459297345
101.99,90.574568559844,206.392459297344
102,-87.3460180845402,206.392459297344
102.01,-193.051281708422,206.392459297344
102.02,-165.364018770973,206.392459297344
102.03,-99.6413658867127,206.392459297344
102.04,118.609368101488,206.392459297344
102.05,156.676412946517,206.392459297344
102.06,110.761219342716,206.392459297344
102.07,100.067037667389,206.392459297344
102.08,-89.8181163072195,206.503856041131
102.09,-102.593782438774,206.503856041131
102.1,-208.812900377257,206.503856041131
102.11,-106.067492581795,206.503856041131
102.12,-7.94832258021,206.503856041131
102.13,98.4111928966594,206.503856041131
102.14,124.786306719694,206.503856041131
102.15,211.837477429109,206.503856041131
102.16,106.178179833536,206.503856041131
102.17,65.2807642879395,206.503856041131
102.18,-89.0360734907517,204.155955441309
102.19,-103.666119911204,204.155955441302
102.2,-223.888107382907,204.155955441302
102.21,-81.1333745506986,204.155955441302
102.22,-105.678992369568,204.155955441302
102.23,-37.1217560761681,204.155955441302
102.24,53.1824276816847,204.155955441302
102.25,106.555904017786,204.155955441302
102.26,104.099024059927,204.155955441302
102.27,196.958798673696,204.155955441302
102.28,155.688579197525,197.189374464449
102.29,98.9989649079466,197.189374464439
102.3,118.053190025825,197.189374464439
102.31,63.1411724520926,197.189374464439
102.32,-10.9931886578115,197.189374464439
102.33,-73.6246040194577,197.189374464439
102.34,-109.513347066177,197.189374464439
102.35,-99.7233623357616,197.189374464439
102.36,-193.799320353983,197.189374464439
102.37,-222.367183567686,197.189374464439
102.38,-208.599887535551,198.86889460154
102.39,-139.260824938529,198.868894601542
102.4,-109.697913343822,198.868894601542
102.41,-101.914012307161,198.868894601542
102.42,-108.065449469969,198.868894601542
102.43,-93.3705020265744,198.868894601542
102.44,-99.7214631838697,198.868894601542
102.45,-7.24605827855974,198.868894601542
102.46,15.6644400321786,198.868894601542
102.47,55.8382937520343,198.868894601542
102.48,124.10601946558,202.356469580115
102.49,112.028470698285,202.35646958012
102.5,103.449646263421,202.35646958012
102.51,96.0358260877985,202.35646958012
102.52,120.048141032512,202.35646958012
102.53,127.520761184311,202.35646958012
102.54,193.486394335274,202.35646958012
102.55,179.55704165668,202.35646958012
102.56,197.624010880498,202.35646958012
102.57,104.956779977439,202.35646958012
102.58,132.526956518998,202.887746358183
102.59,96.8248227736313,202.887746358183
102.6,105.977241886928,202.887746358183
102.61,117.92969631954,202.887746358183
102.62,94.9584338310695,202.887746358183
102.63,65.1754846908833,202.887746358183
102.64,29.6244792343634,202.887746358183
102.65,-24.1319328189129,202.887746358183
102.66,-119.980377153676,202.887746358183
102.67,-106.415789740375,202.887746358183
102.68,-107.735192309276,204.815766923731
102.69,-100.576569170138,204.815766923736
102.7,-100.435407505762,204.815766923736
102.71,-189.970958976852,204.815766923736
102.72,-187.869320179586,204.815766923736
102.73,-221.314610514227,204.815766923736
102.74,-224.829084987765,204.815766923736
102.75,-157.402254844523,204.815766923736
102.76,-107.953860828615,204.815766923736
102.77,-104.002529939882,204.815766923736
102.78,-112.095745779714,205.107112253641
102.79,-108.620419094189,205.107112253642
102.8,-99.7587651041984,205.107112253642
102.81,-8.18636151693138,205.107112253642
102.82,46.6026656555062,205.107112253642
102.83,84.569096527485,205.107112253642
102.84,104.057366773427,205.107112253642
102.85,41.9198926364425,205.107112253642
102.86,78.6914368145823,205.107112253642
102.87,73.8727349462393,205.107112253642
102.88,157.948042818685,204.918594687232
102.89,211.50778063805,204.918594687232
102.9,213.49487614809,204.918594687232
102.91,221.833538068858,204.918594687232
102.92,230.311955048636,204.918594687232
102.93,201.374411867534,204.918594687232
102.94,140.538135153592,204.918594687232
102.95,134.597322618472,204.918594687232
102.96,107.404089765477,204.918594687232
102.97,101.585524359063,204.918594687232
102.98,105.405677495334,203.538988860328
102.99,100.707883219342,203.538988860326
103,108.312816911618,203.538988860326
103.01,101.656463574049,203.538988860326
103.02,114.564557051551,203.538988860326
103.03,117.99644466531,203.538988860326
103.04,115.01993531263,203.538988860326
103.05,113.536350087592,203.538988860326
103.06,117.912003879669,203.538988860326
103.07,110.513940167359,203.538988860326
103.08,112.853624906102,203.264781491003
103.09,101.564281313008,203.264781491003
103.1,104.396538566195,203.264781491003
103.11,102.721679963351,203.264781491003
103.12,110.391038771656,203.264781491003
103.13,53.8830595976681,203.264781491003
103.14,105.254069599105,203.264781491003
103.15,178.082011073088,203.264781491003
103.16,227.786011998334,203.264781491003
103.17,246.779222846524,203.264781491003
103.18,161.05315444441,201.336760925455
103.19,120.610726645429,201.33676092545
103.2,75.0186761223344,201.33676092545
103.21,112.866557615007,201.33676092545
103.22,104.801710722768,201.33676092545
103.23,55.8240783389929,201.33676092545
103.24,-6.04223112280903,201.33676092545
103.25,-67.2706365622211,201.33676092545
103.26,-122.489067813699,201.33676092545
103.27,-111.657233716692,201.33676092545
103.28,-52.7816125456315,202.056555269922
103.29,-166.676474541991,202.056555269923
103.3,-224.63518670671,202.056555269923
103.31,-192.339511999582,202.056555269923
103.32,-101.25714314413,202.056555269923
103.33,-106.446324404208,202.056555269923
103.34,-107.042524518246,202.056555269923
103.35,-54.0559535406645,202.056555269923
103.36,6.39049478411304,202.056555269923
103.37,94.6755270396722,202.056555269923
103.38,113.514244276939,205.878320479857
103.39,143.407605703203,205.878320479863
103.4,138.854518537838,205.878320479863
103.41,205.155957786184,205.878320479863
103.42,176.200625331944,205.878320479863
103.43,73.8166944933357,205.878320479863
103.44,94.6566568215319,205.878320479863
103.45,104.892944015887,205.878320479863
103.46,85.7427432784486,205.878320479863
103.47,-6.833399868604,205.878320479863
103.48,-93.8775411529041,206.358183376178
103.49,-95.0540625273766,206.358183376178
103.5,-100.543993122196,206.358183376178
103.51,-132.266042381325,206.358183376178
103.52,-225.977177195916,206.358183376178
103.53,-209.599725970084,206.358183376178
103.54,-116.47491851209,206.358183376178
103.55,-102.953583085049,206.358183376178
103.56,-117.091443138816,206.358183376178
103.57,-110.455220762388,206.358183376178
103.58,-24.1174059538156,208.114824335902
103.59,62.1109926969261,208.114824335904
103.6,98.666624538847,208.114824335904
103.61,104.552678976426,208.114824335904
103.62,98.9876983957926,208.114824335904
103.63,53.4680207296218,208.114824335904
103.64,169.249329889085,208.114824335904
103.65,181.668209871591,208.114824335904
103.66,226.287464616473,208.114824335904
103.67,192.650103028524,208.114824335904
103.68,158.05306671283,207.574978577551
103.69,118.034298428074,207.574978577549
103.7,100.700851045336,207.574978577549
103.71,111.461478190472,207.574978577549
103.72,104.86775053344,207.574978577549
103.73,82.421194586583,207.574978577549
103.74,53.4990362089637,207.574978577549
103.75,-12.5931353582945,207.574978577549
103.76,-36.6709507452211,207.574978577549
103.77,-71.1299928999215,207.574978577549
103.78,-96.6948150510485,207.223650385605
103.79,-119.052730653923,207.223650385604
103.8,-107.390396245658,207.223650385604
103.81,-103.341310413181,207.223650385604
103.82,-64.5631982199723,207.223650385604
103.83,-108.271503806397,207.223650385604
103.84,-169.559088249768,207.223650385604
103.85,-170.726720691879,207.223650385604
103.86,-206.667168326292,207.223650385604
103.87,-223.644292306139,207.223650385604
103.88,-218.197992218334,211.062553556121
103.89,-188.418398714914,211.062553556127
103.9,-155.269800757197,211.062553556127
103.91,-199.19875563714,211.062553556127
103.92,-128.415086916931,211.062553556127
103.93,-122.069368174646,211.062553556127
103.94,-101.621146322009,211.062553556127
103.95,-104.645690239854,211.062553556127
103.96,-66.6430680598658,211.062553556127
103.97,-102.625564552543,211.062553556127
103.98,-111.390976362605,211.045415595544
103.99,-34.900617102715,211.045415595544
104,-59.8596578108313,211.045415595544
104.01,-101.155798759697,211.045415595544
104.02,-86.7637930474388,211.045415595544
104.03,-112.63684562031,211.045415595544
104.04,-57.5094623374225,211.045415595544
104.05,-56.0147452736511,211.045415595544
104.06,-56.034703378415,211.045415595544
104.07,-42.9062150434501,211.045415595544
104.08,4.74044812386929,211.422450728363
104.09,6.46856615510488,211.422450728363
104.1,36.2432951972907,211.422450728363
104.11,69.9786396181127,211.422450728363
104.12,67.5521178769084,211.422450728363
104.13,120.961308475762,211.422450728363
104.14,125.876809907006,211.422450728363
104.15,119.553218360792,211.422450728363
104.16,111.680741116746,211.422450728363
104.17,105.182356723918,211.422450728363
104.18,97.5671460787274,212.939160239927
104.19,135.288479562218,212.939160239931
104.2,164.14966931666,212.939160239931
104.21,120.077064432304,212.939160239931
104.22,138.319190478431,212.939160239931
104.23,202.071530230349,212.939160239931
104.24,228.085592499348,212.939160239931
104.25,213.166710561054,212.939160239931
104.26,156.350113717426,212.939160239931
104.27,121.410825376536,212.939160239931
104.28,158.220767662249,210.017137960587
104.29,67.2119634851299,210.017137960583
104.3,78.2007436510684,210.017137960583
104.31,82.8212619076244,210.017137960583
104.32,102.502285680101,210.017137960583
104.33,83.1261704288395,210.017137960583
104.34,54.2954067401723,210.017137960583
104.35,43.1368231846828,210.017137960583
104.36,-6.19047776405045,210.017137960583
104.37,-36.594801523275,210.017137960583
104.38,-100.317577598495,212.090831191085
104.39,-98.7045716374077,212.090831191088
104.4,-117.339408726636,212.090831191088
104.41,-111.083914598409,212.090831191088
104.42,-100.349837252778,212.090831191088
104.43,-100.00098813995,212.090831191088
104.44,-108.536469830797,212.090831191088
104.45,-152.328712733306,212.090831191088
104.46,-170.086879127227,212.090831191088
104.47,-101.241867625898,212.090831191088
104.48,-210.3519219988,214.327335047126
104.49,-161.762515139817,214.327335047129
104.5,-234.544461478405,214.327335047129
104.51,-219.430932323366,214.327335047129
104.52,-221.751262706283,214.327335047129
104.53,-159.989675301753,214.327335047129
104.54,-158.614423141566,214.327335047129
104.55,-193.539528099541,214.327335047129
104.56,-122.075217013803,214.327335047129
104.57,-100.923634666738,214.327335047129
104.58,-100.215131114745,211.276778063415
104.59,-101.205525006864,211.27677806341
104.6,-101.477061793101,211.27677806341
104.61,-95.8853700890394,211.27677806341
104.62,-64.9903345889958,211.27677806341
104.63,-100.910593677078,211.27677806341
104.64,-99.9913978987153,211.27677806341
104.65,-83.6113008647646,211.27677806341
104.66,-100.066545990326,211.27677806341
104.67,-86.6063749735462,211.27677806341
104.68,-99.0134206957668,217.574978577531
104.69,-97.0012491270363,217.574978577549
104.7,-99.6119145715667,217.574978577549
104.71,-101.343052010218,217.574978577549
104.72,-96.4313248402998,217.574978577549
104.73,-120.738192195135,217.574978577549
104.74,-150.343714282366,217.574978577549
104.75,-128.731332188768,217.574978577549
104.76,-190.481203820951,217.574978577549
104.77,-191.884590998824,217.574978577549
104.78,-220.297824826633,217.00085689803
104.79,-223.470906671367,217.000856898029
104.8,-205.835706628601,217.000856898029
104.81,-160.66719005449,217.000856898029
104.82,-109.15705531641,217.000856898029
104.83,-97.9096448412735,217.000856898029
104.84,-104.634015350971,217.000856898029
104.85,-117.898523072014,217.000856898029
104.86,-68.9002828516029,217.000856898029
104.87,-11.7267649811497,217.000856898029
104.88,86.9299034801036,219.468723221933
104.89,67.4697127484652,219.468723221937
104.9,99.7827744447633,219.468723221937
104.91,118.84168174122,219.468723221937
104.92,229.56531161041,219.468723221937
104.93,166.85314648054,219.468723221937
104.94,96.4246387956542,219.468723221937
104.95,111.570094139985,219.468723221937
104.96,6.83159661218228,219.468723221937
104.97,-104.197204761795,219.468723221937
104.98,-120.551822207394,224.867180805476
104.99,-219.441714379939,224.867180805484
105,-163.711764140329,224.867180805484
105.01,-117.149805052902,224.867180805484
105.02,85.0206671754665,224.867180805484
105.03,94.7789539426379,224.867180805484
105.04,229.603366962654,224.867180805484
105.05,108.319847572592,224.867180805484
105.06,31.3494464859261,224.867180805484
105.07,-103.285861105954,224.867180805484
105.08,-229.458689460156,230.248500428441
105.09,-103.495120096084,230.248500428449
105.1,24.8352802541618,230.248500428449
105.11,101.884840757908,230.248500428449
105.12,132.093671253464,230.248500428449
105.13,64.7954485939491,230.248500428449
105.14,-125.274080477403,230.248500428449
105.15,-133.311625535492,230.248500428449
105.16,-44.709162089819,230.248500428449
105.17,118.068772641721,230.248500428449
105.18,96.6690157763224,233.82176520993
105.19,-88.8399351890639,233.82176520994
105.2,-219.285789879299,233.82176520994
105.21,-115.174587683041,233.82176520994
105.22,94.6982000285448,233.82176520994
105.23,131.344160129232,233.82176520994
105.24,-110.966353868975,233.82176520994
105.25,-223.70043813128,233.82176520994
105.26,-45.2932993589416,233.82176520994
105.27,214.168720019279,233.82176520994
105.28,116.193622882736,233.016281062555
105.29,-149.863436668825,233.016281062554
105.3,-116.759715006747,233.016281062554
105.31,148.836719146319,233.016281062554
105.32,113.95219805963,233.016281062554
105.33,-148.710194864215,233.016281062554
105.34,-113.247611948017,233.016281062554
105.35,150.997939176632,233.016281062554
105.36,96.2062914922234,233.016281062554
105.37,-225.675940463224,233.016281062554
105.38,43.6428667930631,235.595544130245
105.39,195.980799927903,235.595544130248
105.4,-112.03052541227,235.595544130248
105.41,-98.1079579624347,235.595544130248
105.42,118.266661010879,235.595544130248
105.43,94.8775088676163,235.595544130248
105.44,-197.712563308813,235.595544130248
105.45,109.29160331851,235.595544130248
105.46,111.775705245122,235.595544130248
105.47,-229.284523100914,235.595544130248
105.48,116.308447877349,239.700085689797
105.49,114.171621951289,239.700085689803
105.5,-230.05438476701,239.700085689803
105.51,99.2495325810582,239.700085689803
105.52,47.2048044146208,239.700085689803
105.53,-163.754164093039,239.700085689803
105.54,185.839184517653,239.700085689803
105.55,-122.165552846278,239.700085689803
105.56,-116.150168276773,239.700085689803
105.57,164.780005272604,239.700085689803
105.58,-185.117833784779,242.356469580116
105.59,103.992721073368,242.35646958012
105.6,-73.7372403204862,242.35646958012
105.61,-118.110952466781,242.35646958012
105.62,132.241163629995,242.35646958012
105.63,-230.030774575043,242.35646958012
105.64,181.550600737828,242.35646958012
105.65,-100.323516177014,242.35646958012
105.66,100.701325699528,242.35646958012
105.67,-16.7368931839887,242.35646958012
105.68,-110.867206785789,248.097686375305
105.69,109.093082489312,248.097686375321
105.7,-109.912632185375,248.097686375321
105.71,131.21798140482,248.097686375321
105.72,-165.549849359138,248.097686375321
105.73,167.255845642107,248.097686375321
105.74,-196.078862427175,248.097686375321
105.75,195.752948667117,248.097686375321
105.76,-195.606743945331,248.097686375321
105.77,165.630597591038,248.097686375321
105.78,-130.489825080187,254.361610968286
105.79,108.742719444822,254.361610968295
105.8,-109.557972350424,254.361610968295
105.81,108.452925390452,254.361610968295
105.82,-16.7918082560279,254.361610968295
105.83,-98.8888246208851,254.361610968295
105.84,120.485179069289,254.361610968295
105.85,-147.565168502431,254.361610968295
105.86,222.647983729822,254.361610968295
105.87,-166.578298538881,254.361610968295
105.88,115.223187254858,261.799485861172
105.89,-74.563875990709,261.799485861183
105.9,-119.390978364769,261.799485861183
105.91,148.205586729526,261.799485861183
105.92,-230.128292233811,261.799485861183
105.93,110.960455998644,261.799485861183
105.94,-15.9564962840702,261.799485861183
105.95,-104.519733034876,261.799485861183
105.96,226.210216870006,261.799485861183
105.97,-110.212474379748,261.799485861183
105.98,-17.981767633403,263.059125964009
105.99,149.162203889263,263.05912596401
106,-214.012503305042,263.05912596401
106.01,115.287613944992,263.05912596401
106.02,103.037000519532,263.05912596401
106.03,-230.093943222179,263.05912596401
106.04,117.413507809063,263.05912596401
106.05,115.711273398586,263.05912596401
106.06,-214.580354972391,263.05912596401
106.07,90.6875989752702,263.05912596401
106.08,117.509515710558,266.546700942583
106.09,-163.225290695677,266.546700942588
106.1,-96.3131600275207,266.546700942588
106.11,226.222893138342,266.546700942588
106.12,-91.3061156536668,266.546700942588
106.13,-147.84155061367,266.546700942588
106.14,115.627026403064,266.546700942588
106.15,132.807709952405,266.546700942588
106.16,-163.174109950808,266.546700942588
106.17,-113.918100124062,266.546700942588
106.18,163.678028385709,272.262210796899
106.19,102.369588476842,272.262210796915
106.2,-194.587480234765,272.262210796915
106.21,-113.970548512767,272.262210796915
106.22,163.62199713248,272.262210796915
106.23,105.703141531559,272.262210796915
106.24,-117.70226502634,272.262210796915
106.25,-179.711237861785,272.262210796915
106.26,90.7298559702852,272.262210796915
106.27,226.102384262219,272.262210796915
106.28,103.823845885171,279.451585261344
106.29,-131.23990210305,279.451585261354
106.3,-181.016296813806,279.451585261354
106.31,41.2265639339136,279.451585261354
106.32,215.746379309266,279.451585261354
106.33,122.516048646587,279.451585261354
106.34,-85.5681698210821,279.451585261354
106.35,-218.031495144951,279.451585261354
106.36,-124.038374705939,279.451585261354
106.37,89.7744979330356,279.451585261354
106.38,212.917766402054,286.126820908312
106.39,147.543367313951,286.126820908312
106.4,14.7663511814135,286.126820908312
106.41,-140.83647646912,286.126820908312
106.42,-225.810741115655,286.126820908312
106.43,-112.350594941415,286.126820908312
106.44,42.9085005047117,286.126820908312
106.45,163.86833583144,286.126820908312
106.46,222.328006944014,286.126820908312
106.47,114.386302158616,286.126820908312
106.48,-44.1782546053683,289.597257926302
106.49,-134.048477411227,289.597257926307
106.5,-221.328514544567,289.597257926307
106.51,-148.712717227311,289.597257926307
106.52,-101.25466610679,289.597257926307
106.53,85.0747308965029,289.597257926307
106.54,166.878621414262,289.597257926307
106.55,219.953005944184,289.597257926307
106.56,181.821233959929,289.597257926307
106.57,114.07047014607,289.597257926307
106.58,14.4683222952306,292.7677806341
106.59,-111.179633242428,292.767780634105
106.6,-166.454955047674,292.767780634105
106.61,-214.273326117651,292.767780634105
106.62,-219.969464159338,292.767780634105
106.63,-148.387554162528,292.767780634105
106.64,-112.956688236476,292.767780634105
106.65,-15.4451155470069,292.767780634105
106.66,90.0502369823009,292.767780634105
106.67,124.364283467922,292.767780634105
106.68,166.789131698299,300.154241645223
106.69,216.316142655046,300.154241645244
106.7,226.667661124063,300.154241645244
106.71,217.620810364336,300.154241645244
106.72,149.026204357794,300.154241645244
106.73,114.310915367708,300.154241645244
106.74,101.835807730377,300.154241645244
106.75,40.5414803799066,300.154241645244
106.76,-44.5667800827826,300.154241645244
106.77,-90.7744540659234,300.154241645244
106.78,-113.935656089668,303.916023993139
106.79,-141.48360693924,303.916023993145
106.8,-165.986038256087,303.916023993145
106.81,-191.622293328464,303.916023993145
106.82,-214.530818938986,303.916023993145
106.83,-225.192779288643,303.916023993145
106.84,-226.428261798413,303.916023993145
106.85,-220.11934142069,303.916023993145
106.86,-239.65445482085,303.916023993145
106.87,-179.927592965664,303.916023993145
106.88,-149.311518278962,313.136246786632
106.89,-168.024752070662,313.136246786632
106.9,-124.361451335203,313.136246786632
106.91,-142.055456540125,313.136246786632
106.92,-124.149084913536,313.136246786632
106.93,-112.188015879718,313.136246786632
106.94,-112.241475018393,313.136246786632
106.95,-112.21574035344,313.136246786632
106.96,-112.301149960302,313.136246786632
106.97,-112.291035627845,313.136246786632
106.98,-131.94514899758,321.036846615242
106.99,-129.508735159077,321.036846615253
107,-152.775121992788,321.036846615253
107.01,-152.277463478698,321.036846615253
107.02,-180.548075355094,321.036846615253
107.03,-238.875083681926,321.036846615253
107.04,-217.484627810987,321.036846615253
107.05,-241.321069996679,321.036846615253
107.06,-224.52757997625,321.036846615253
107.07,-213.013888999224,321.036846615253
107.08,-196.665827542767,319.751499571553
107.09,-138.67956442108,319.751499571551
107.1,-108.200149532269,319.751499571551
107.11,-84.6065564468708,319.751499571551
107.12,15.7139912836641,319.751499571551
107.13,77.9423498253604,319.751499571551
107.14,114.21326495034,319.751499571551
107.15,181.894901795052,319.751499571551
107.16,249.065297376992,319.751499571551
107.17,223.423004806274,319.751499571551
107.18,224.893067406269,318.980291345332
107.19,145.139538247624,318.98029134533
107.2,92.3032339989827,318.98029134533
107.21,-39.0564585900034,318.98029134533
107.22,-101.068171344508,318.98029134533
107.23,-169.530810359922,318.98029134533
107.24,-218.158140496297,318.98029134533
107.25,-227.614124647849,318.98029134533
107.26,-197.290975468815,318.98029134533
107.27,-143.42826777484,318.98029134533
107.28,-111.252004087759,321.893744644383
107.29,25.040818710656,321.893744644387
107.3,107.78428428623,321.893744644387
107.31,119.900626715021,321.893744644387
107.32,125.569780106484,321.893744644387
107.33,211.360588899983,321.893744644387
107.34,224.434399410397,321.893744644387
107.35,229.459677048829,321.893744644387
107.36,226.804915543035,321.893744644387
107.37,217.495694016324,321.893744644387
107.38,191.12185713686,306.015424164524
107.39,167.335353422961,306.015424164524
107.4,168.939979475285,306.015424164524
107.41,137.866606274259,306.015424164524
107.42,143.722650386081,306.015424164524
107.43,143.942036334392,306.015424164524
107.44,143.975804793776,306.015424164524
107.45,113.81166854479,306.015424164524
107.46,136.795949961126,306.015424164524
107.47,134.917395928273,306.015424164524
107.48,166.964052898266,288.071979434473
107.49,196.703849285266,288.071979434447
107.5,219.514063492435,288.071979434447
107.51,227.847200504383,288.071979434447
107.52,229.445810620382,288.071979434447
107.53,185.658247047921,288.071979434447
107.54,150.96154187779,288.071979434447
107.55,134.540200680529,288.071979434447
107.56,116.284401443865,288.071979434447
107.57,42.8220853581191,288.071979434447
107.58,-58.0759108162296,264.404455869785
107.59,-122.40500611827,264.404455869751
107.6,-166.529511964787,264.404455869751
107.61,-227.768641333988,264.404455869751
107.62,-210.06251203922,264.404455869751
107.63,-130.197256014967,264.404455869751
107.64,-108.733868576441,264.404455869751
107.65,91.809757590971,264.404455869751
107.66,143.408690672189,264.404455869751
107.67,222.390533275463,264.404455869751
107.68,185.697372639153,259.194515852628
107.69,109.749242071393,259.194515852614
107.7,17.2301460792432,259.194515852614
107.71,-119.998952396683,259.194515852614
107.72,-222.062599277399,259.194515852614
107.73,-150.453634227677,259.194515852614
107.74,-108.534245581665,259.194515852614
107.75,111.82753469548,259.194515852614
107.76,217.495855031421,259.194515852614
107.77,183.960987229533,259.194515852614
107.78,109.275309797885,247.189374464456
107.79,-114.716144752903,247.189374464439
107.8,-233.563627243108,247.189374464439
107.81,-102.48692520862,247.189374464439
107.82,76.9740925322061,247.189374464439
107.83,165.772129894356,247.189374464439
107.84,183.997652534504,247.189374464439
107.85,49.4806837289768,247.189374464439
107.86,-133.166918073907,247.189374464439
107.87,-209.984035979073,247.189374464439
107.88,-49.6920757635143,239.717223650386
107.89,166.824615374513,239.717223650386
107.9,183.50281970678,239.717223650386
107.91,-14.5617526893165,239.717223650386
107.92,-199.302434563995,239.717223650386
107.93,-110.31635939121,239.717223650386
107.94,118.970549307963,239.717223650386
107.95,230.721896765441,239.717223650386
107.96,74.3973819661682,239.717223650386
107.97,-165.995375967628,239.717223650386
107.98,-130.793990512992,257.189374464414
107.99,112.639456667697,257.189374464439
108,189.114088516599,257.189374464439
108.01,-75.1617824792854,257.189374464439
108.02,-233.822106254841,257.189374464439
108.03,-97.1427561957062,257.189374464439
108.04,168.82324992864,257.189374464439
108.05,114.420441149704,257.189374464439
108.06,-132.843697800682,257.189374464439
108.07,-110.255420723723,257.189374464439
108.08,113.416394646355,259.365895458437
108.09,121.156176057727,259.36589545844
108.1,-107.648427349568,259.36589545844
108.11,-123.129286895167,259.36589545844
108.12,113.260849818453,259.36589545844
108.13,121.44261551482,259.36589545844
108.14,-103.136590482212,259.36589545844
108.15,-102.472344970236,259.36589545844
108.16,113.304331060426,259.36589545844
108.17,110.894693346152,259.36589545844
108.18,-132.411682502992,265.475578406152
108.19,-116.086167325816,265.47557840617
108.2,167.953852358906,265.47557840617
108.21,100.629770786835,265.47557840617
108.22,-221.691680948519,265.47557840617
108.23,14.8230846313393,265.47557840617
108.24,218.10444632117,265.47557840617
108.25,-112.864112793901,265.47557840617
108.26,-150.111064767833,265.47557840617
108.27,112.995357288556,265.47557840617
108.28,111.339464640485,269.58868894601
108.29,-165.186746622079,269.588688946015
108.3,-97.8167979646931,269.588688946015
108.31,226.894502468365,269.588688946015
108.32,-76.0699272664709,269.588688946015
108.33,-183.956758576399,269.588688946015
108.34,113.005782324007,269.588688946015
108.35,111.104276777208,269.588688946015
108.36,-167.424450379381,269.588688946015
108.37,-97.6019325667121,269.588688946015
108.38,230.470606800472,272.270779777206
108.39,-118.155621940195,272.270779777206
108.4,-122.531455045068,272.270779777206
108.41,133.757962023836,272.270779777206
108.42,100.697277369691,272.270779777206
108.43,-229.217569704966,272.270779777206
108.44,116.154259707751,272.270779777206
108.45,120.701639129806,272.270779777206
108.46,-131.809986516029,272.270779777206
108.47,-75.5388247848782,272.270779777206
108.48,224.762451467195,273.796058269064
108.49,-115.780333869184,273.796058269066
108.5,-108.278288618951,273.796058269066
108.51,166.8924815853,273.796058269066
108.52,-14.7709409915686,273.796058269066
108.53,-186.0317168294,273.796058269066
108.54,103.817129806655,273.796058269066
108.55,115.991492237803,273.796058269066
108.56,-219.396166101477,273.796058269066
108.57,77.447522679394,273.796058269066
108.58,149.842721920819,284.524421593815
108.59,-108.833845913292,284.52442159383
108.6,-97.608156735256,284.52442159383
108.61,231.136760063478,284.52442159383
108.62,-122.263156408092,284.52442159383
108.63,-101.037963595286,284.52442159383
108.64,163.65038250053,284.52442159383
108.65,50.6292012036989,284.52442159383
108.66,-213.560465008364,284.52442159383
108.67,112.44379638806,284.52442159383
108.68,115.922206959723,294.867180805455
108.69,-197.31782005348,294.867180805484
108.7,14.6872773680444,294.867180805484
108.71,184.297560755586,294.867180805484
108.72,-102.706010071961,294.867180805484
108.73,-114.867328631368,294.867180805484
108.74,220.631457451294,294.867180805484
108.75,-75.6857258135092,294.867180805484
108.76,-149.6939192624,294.867180805484
108.77,135.041221348399,294.867180805484
108.78,96.6280368057343,289.323050556992
108.79,-228.637231471059,289.323050556984
108.8,117.391759487656,289.323050556984
108.81,124.89351569979,289.323050556984
108.82,-164.633867135401,289.323050556984
108.83,-75.4533616996998,289.323050556984
108.84,223.704504534848,289.323050556984
108.85,-113.220969528566,289.323050556984
108.86,-118.45698335216,289.323050556984
108.87,202.690866922553,289.323050556984
108.88,-44.6731403473999,288.114824335904
108.89,-182.466809807322,288.114824335904
108.9,112.126238429776,288.114824335904
108.91,114.835525629708,288.114824335904
108.92,-232.225543891055,288.114824335904
108.93,109.580806116055,288.114824335904
108.94,119.348848036973,288.114824335904
108.95,-131.456686908482,288.114824335904
108.96,-75.4802396715196,288.114824335904
108.97,212.26245380049,288.114824335904
108.98,-112.945076492201,288.226221079691
108.99,-118.520043563572,288.226221079692
109,216.763760572255,288.226221079692
109.01,-74.9120074404539,288.226221079692
109.02,-149.609695570398,288.226221079692
109.03,108.343563844908,288.226221079692
109.04,110.480163971105,288.226221079692
109.05,-232.108419527982,288.226221079692
109.06,109.863041082918,288.226221079692
109.07,124.900269705791,288.226221079692
109.08,-166.700323615937,277.977720651257
109.09,-51.4754296322925,277.977720651243
109.1,211.268298965058,277.977720651243
109.11,-108.094410342075,277.977720651243
109.12,-115.068692835827,277.977720651243
109.13,220.697099331995,277.977720651243
109.14,-74.65841280294,277.977720651243
109.15,-148.028800219514,277.977720651243
109.16,132.844876470914,277.977720651243
109.17,100.10300519151,277.977720651243
109.18,-228.437054186488,275.175664095981
109.19,124.02944297119,275.175664095973
109.2,111.064731665988,275.175664095973
109.21,-166.10886941007,275.175664095973
109.22,-18.2496155043198,275.175664095973
109.23,184.322452464025,275.175664095973
109.24,-103.006200629722,275.175664095973
109.25,-117.813646261106,275.175664095973
109.26,221.231525002513,275.175664095973
109.27,-116.132389169314,275.175664095973
109.28,-151.300663581729,276.932305055696
109.29,132.169224202404,276.932305055698
109.3,100.914135986569,276.932305055698
109.31,-217.873297454544,276.932305055698
109.32,117.980159099627,276.932305055698
109.33,115.925966821245,276.932305055698
109.34,-203.713203532045,276.932305055698
109.35,16.3111147488806,276.932305055698
109.36,150.864386891329,276.932305055698
109.37,-114.232523736582,276.932305055698
109.38,-117.340207289744,279.220222793488
109.39,232.232855384305,279.220222793488
109.4,-116.562393581548,279.220222793488
109.41,-120.913121131104,279.220222793488
109.42,164.844551097819,279.220222793488
109.43,75.6712669201527,279.220222793488
109.44,-217.572946841334,279.220222793488
109.45,117.977532808508,279.220222793488
109.46,102.725717657952,279.220222793488
109.47,-202.912597089447,279.220222793488
109.48,45.6737701211458,283.504712939154
109.49,182.973903030775,283.50471293916
109.5,-114.240695236508,283.50471293916
109.51,-118.082735598954,283.50471293916
109.52,230.449463257462,283.50471293916
109.53,-75.6790180400023,283.50471293916
109.54,-147.931229975156,283.50471293916
109.55,132.001567291027,283.50471293916
109.56,114.810108502261,283.50471293916
109.57,-225.748318001064,283.50471293916
109.58,77.5383614169673,285.989717223647
109.59,181.509258578728,285.98971722365
109.6,-101.625136071064,285.98971722365
109.61,-118.193956649883,285.98971722365
109.62,162.701561714154,285.98971722365
109.63,109.087045593292,285.98971722365
109.64,-225.202414550744,285.98971722365
109.65,46.1947747058521,285.98971722365
109.66,222.271419518959,285.98971722365
109.67,-91.2547820171638,285.98971722365
109.68,-207.668912937796,290.779777206499
109.69,110.251817851006,290.779777206512
109.7,181.392673175777,290.779777206512
109.71,-116.433294612564,290.779777206512
109.72,-180.611034944658,290.779777206512
109.73,110.202108799009,290.779777206512
109.74,204.888526999745,290.779777206512
109.75,-111.338852353183,290.779777206512
109.76,-220.677447565507,290.779777206512
109.77,45.0040563233107,290.779777206512
109.78,228.983982248158,294.824335904022
109.79,68.9956383673062,294.824335904027
109.8,-194.603913860215,294.824335904027
109.81,-112.420925603323,294.824335904027
109.82,140.958578103474,294.824335904027
109.83,180.133763479251,294.824335904027
109.84,-91.1376950265185,294.824335904027
109.85,-230.118633566396,294.824335904027
109.86,-104.376144588346,294.824335904027
109.87,131.762296236569,294.824335904027
109.88,149.607247191298,298.431876606684
109.89,-61.617179432942,298.431876606684
109.9,-224.949566672377,298.431876606684
109.91,-113.903305452211,298.431876606684
109.92,114.474550338799,298.431876606684
109.93,222.336348615116,298.431876606684
109.94,104.405228035989,298.431876606684
109.95,-140.841779690396,298.431876606684
109.96,-217.377577560795,298.431876606684
109.97,-68.7332636109276,298.431876606684
109.98,139.19225327161,297.189374464441
109.99,218.505173458204,297.189374464439
110,95.3711617850743,297.189374464439
110.01,-122.527300523549,297.189374464439
110.02,-226.323411351342,297.189374464439
110.03,-107.886914400962,297.189374464439
110.04,115.128387516907,297.189374464439
110.05,195.875637040327,297.189374464439
110.06,148.304878670643,297.189374464439
110.07,41.9851233343557,297.189374464439
110.08,-140.461973489443,297.977720651241
110.09,-226.598310959728,297.977720651243
110.1,-108.607729663985,297.977720651243
110.11,76.5461875672415,297.977720651243
110.12,165.792533938506,297.977720651243
110.13,221.985887773998,297.977720651243
110.14,119.358117418879,297.977720651243
110.15,-60.425193219547,297.977720651243
110.16,-166.045879789465,297.977720651243
110.17,-221.465125666099,297.977720651243
110.18,-133.270388145454,300.6855184233
110.19,-18.670339198243,300.685518423308
110.2,120.723630000673,300.685518423308
110.21,223.26605603386,300.685518423308
110.22,181.217745910171,300.685518423308
110.23,102.641945038458,300.685518423308
110.24,-91.7798509451023,300.685518423308
110.25,-134.145086290407,300.685518423308
110.26,-225.148259785391,300.685518423308
110.27,-181.153154755021,300.685518423308
110.28,-112.907273578713,309.040274207357
110.29,41.2026948293236,309.040274207369
110.3,116.469330440582,309.040274207369
110.31,213.950962253978,309.040274207369
110.32,221.545947339484,309.040274207369
110.33,123.238408924612,309.040274207369
110.34,104.185511194681,309.040274207369
110.35,-44.7749956250053,309.040274207369
110.36,-120.889401841174,309.040274207369
110.37,-194.610386332224,309.040274207369
110.38,-225.122531429817,318.568980291345
110.39,-206.034281613096,318.568980291345
110.4,-124.126085398905,318.568980291345
110.41,-103.439582406967,318.568980291345
110.42,-17.7923825875819,318.568980291345
110.43,111.132673040733,318.568980291345
110.44,139.437996874355,318.568980291345
110.45,193.048634170408,318.568980291345
110.46,224.368387490831,318.568980291345
110.47,221.280069362282,318.568980291345
110.48,181.252823891992,323.127677806335
110.49,132.158603784888,323.127677806341
110.5,111.435754852319,323.127677806341
110.51,72.1718682383607,323.127677806341
110.52,-44.036843290126,323.127677806341
110.53,-86.7077685439771,323.127677806341
110.54,-112.937101047118,323.127677806341
110.55,-140.953220299852,323.127677806341
110.56,-163.82660968666,323.127677806341
110.57,-194.747737476534,323.127677806341
110.58,-226.282399014081,331.41388174806
110.59,-225.18101757814,331.413881748072
110.6,-217.37662353073,331.413881748072
110.61,-219.381352571521,331.413881748072
110.62,-207.008087189613,331.413881748072
110.63,-207.244064762021,331.413881748072
110.64,-150.289393149617,331.413881748072
110.65,-152.22658966042,331.413881748072
110.66,-124.577800541928,331.413881748072
110.67,-129.018384722441,331.413881748072
110.68,-112.778936282474,337.677806341028
110.69,-112.243452570672,337.677806341045
110.7,-113.158543198704,337.677806341045
110.71,-114.798359467712,337.677806341045
110.72,-117.890359025947,337.677806341045
110.73,-117.954715222113,337.677806341045
110.74,-118.053664269565,337.677806341045
110.75,-114.155475238917,337.677806341045
110.76,-113.069631517742,337.677806341045
110.77,-113.138810457497,337.677806341045
110.78,-112.271380379475,334.353041988008
110.79,-124.379694869604,334.353041988003
110.8,-129.390903529888,334.353041988003
110.81,-125.320824553845,334.353041988003
110.82,-151.805597580373,334.353041988003
110.83,-181.026354512005,334.353041988003
110.84,-182.133522799338,334.353041988003
110.85,-206.644853583591,334.353041988003
110.86,-220.113604958501,334.353041988003
110.87,-221.982836310591,334.353041988003
110.88,-227.094979744809,327.669237360754
110.89,-220.452582647001,327.669237360754
110.9,-211.907496620467,327.669237360754
110.91,-193.557411238338,327.669237360754
110.92,-166.397621768015,327.669237360754
110.93,-118.750922215189,327.669237360754
110.94,-113.970749177955,327.669237360754
110.95,-92.4379049873151,327.669237360754
110.96,-40.8214699956347,327.669237360754
110.97,40.0719431591614,327.669237360754
110.98,78.3451235233205,323.967437874898
110.99,119.160610929343,323.967437874893
111,158.533570261296,323.967437874893
111.01,182.13391841565,323.967437874893
111.02,206.255344531641,323.967437874893
111.03,226.273819302954,323.967437874893
111.04,216.438683357359,323.967437874893
111.05,193.392716554036,323.967437874893
111.06,141.065325141082,323.967437874893
111.07,115.953293563235,323.967437874893
111.08,84.7266910648781,326.358183376175
111.09,12.5535943312019,326.358183376178
111.1,-80.1562879549727,326.358183376178
111.11,-118.900077130874,326.358183376178
111.12,-154.360029818687,326.358183376178
111.13,-206.528395778192,326.358183376178
111.14,-226.869269605463,326.358183376178
111.15,-220.542641277257,326.358183376178
111.16,-196.801866119725,326.358183376178
111.17,-120.048918975156,326.358183376178
111.18,-111.923361204129,328.260497000852
111.19,-39.7703813806708,328.260497000857
111.2,77.0061700499841,328.260497000857
111.21,113.275422402842,328.260497000857
111.22,177.426328313534,328.260497000857
111.23,266.613392900536,328.260497000857
111.24,228.081531789605,328.260497000857
111.25,214.515051628722,328.260497000857
111.26,204.623853757503,328.260497000857
111.27,109.6791530901,328.260497000857
111.28,41.6386529199285,339.168808911724
111.29,-66.5810628042647,339.16880891174
111.3,-117.817198144495,339.16880891174
111.31,-152.658135711732,339.16880891174
111.32,-209.737474279518,339.16880891174
111.33,-222.708948349706,339.16880891174
111.34,-195.494960134288,339.16880891174
111.35,-142.799473641024,339.16880891174
111.36,-111.177958911021,339.16880891174
111.37,-43.246778949844,339.16880891174
111.38,79.2297762037377,334.678663239075
111.39,115.48703264265,334.678663239075
111.4,183.269725406385,334.678663239075
111.41,223.850296930148,334.678663239075
111.42,227.210379804222,334.678663239075
111.43,196.190027219392,334.678663239075
111.44,137.604489998597,334.678663239075
111.45,116.619999438442,334.678663239075
111.46,90.7629265173923,334.678663239075
111.47,-16.3119920361985,334.678663239075
111.48,-100.219420081551,337.969151670946
111.49,-114.248342568297,337.969151670951
111.5,-187.109433890353,337.969151670951
111.51,-208.844912403725,337.969151670951
111.52,-219.929733024963,337.969151670951
111.53,-227.667985274549,337.969151670951
111.54,-195.624170740974,337.969151670951
111.55,-167.107365848148,337.969151670951
111.56,-119.955969281126,337.969151670951
111.57,-111.547756191027,337.969151670951
111.58,-90.4250164461963,332.827763496151
111.59,17.6067205459847,332.827763496144
111.6,102.352687676181,332.827763496144
111.61,109.674067763219,332.827763496144
111.62,133.02400302309,332.827763496144
111.63,186.711271978939,332.827763496144
111.64,181.548080067476,332.827763496144
111.65,223.813922874825,332.827763496144
111.66,224.875716700324,332.827763496144
111.67,215.536557263,332.827763496144
111.68,167.127534559621,330.899742930597
111.69,117.955165393115,330.899742930591
111.7,109.011273886933,330.899742930591
111.71,49.4460528979532,330.899742930591
111.72,14.176229478152,330.899742930591
111.73,-68.0524691254959,330.899742930591
111.74,-112.816966380961,330.899742930591
111.75,-143.044554847425,330.899742930591
111.76,-181.66551049091,330.899742930591
111.77,-209.109356160631,330.899742930591
111.78,-245.266708280465,339.880034275908
111.79,-214.540697084203,339.880034275921
111.8,-194.426466643505,339.880034275921
111.81,-140.270767788905,339.880034275921
111.82,-113.935507692217,339.880034275921
111.83,-50.7129794528112,339.880034275921
111.84,17.8471414210142,339.880034275921
111.85,104.370959603026,339.880034275921
111.86,114.101917628479,339.880034275921
111.87,177.589333080574,339.880034275921
111.88,238.876441461891,333.307626392459
111.89,227.391118069046,333.307626392459
111.9,215.366717522437,333.307626392459
111.91,165.157691607508,333.307626392459
111.92,118.177507722877,333.307626392459
111.93,93.4321804959425,333.307626392459
111.94,44.4248787807128,333.307626392459
111.95,-102.816488830818,333.307626392459
111.96,-112.218730884252,333.307626392459
111.97,-150.137429858597,333.307626392459
111.98,-220.159037034844,342.330762639233
111.99,-231.654759234856,342.330762639246
112,-195.161759187278,342.330762639246
112.01,-142.387397901303,342.330762639246
112.02,-112.781364561366,342.330762639246
112.03,-28.3820752490889,342.330762639246
112.04,101.907818609851,342.330762639246
112.05,114.379846189595,342.330762639246
112.06,182.632982667901,342.330762639246
112.07,222.036671027634,342.330762639246
112.08,220.488166412245,343.401885175663
112.09,166.495333545947,343.401885175664
112.1,139.594054464969,343.401885175664
112.11,59.9145107127206,343.401885175664
112.12,-83.2746838309101,343.401885175664
112.13,-134.275610128083,343.401885175664
112.14,-181.68449881666,343.401885175664
112.15,-226.137580821225,343.401885175664
112.16,-194.361215578381,343.401885175664
112.17,-113.873707523044,343.401885175664
112.18,-60.9104875450031,343.736075407026
112.19,77.8489768563747,343.736075407027
112.2,153.896259088617,343.736075407027
112.21,249.177715989503,343.736075407027
112.22,215.022299920511,343.736075407027
112.23,145.366763318917,343.736075407027
112.24,59.1303935566694,343.736075407027
112.25,-100.959096475145,343.736075407027
112.26,-212.496027075978,343.736075407027
112.27,-221.12554165233,343.736075407027
112.28,-166.573627594996,358.688946015403
112.29,-90.7799242401898,358.688946015424
112.3,74.853904282579,358.688946015424
112.31,186.062190212722,358.688946015424
112.32,221.78240412267,358.688946015424
112.33,167.237692391293,358.688946015424
112.34,54.5965935416258,358.688946015424
112.35,-101.999508332822,358.688946015424
112.36,-207.182557598435,358.688946015424
112.37,-221.205949069757,358.688946015424
112.38,-175.714467490554,359.348757497858
112.39,-12.525802169887,359.348757497858
112.4,116.113117657244,359.348757497858
112.41,249.529055574097,359.348757497858
112.42,193.283486800027,359.348757497858
112.43,107.93383319834,359.348757497858
112.44,-79.3679011137738,359.348757497858
112.45,-185.444544426058,359.348757497858
112.46,-228.56371001746,359.348757497858
112.47,-139.808558099348,359.348757497858
112.48,-40.4156507073805,365.432733504704
112.49,113.329729095656,365.432733504713
112.5,206.215437215026,365.432733504713
112.51,194.764622897039,365.432733504713
112.52,108.503579207269,365.432733504713
112.53,-78.0709759681397,365.432733504713
112.54,-154.764285363728,365.432733504713
112.55,-222.345874638684,365.432733504713
112.56,-139.467759651402,365.432733504713
112.57,-61.2839861305742,365.432733504713
112.58,113.047889229051,365.132819194516
112.59,218.350116054207,365.132819194516
112.6,193.817634140534,365.132819194516
112.61,108.149803589036,365.132819194516
112.62,-77.8926921701899,365.132819194516
112.63,-181.120314530585,365.132819194516
112.64,-220.871587076965,365.132819194516
112.65,-121.647599923707,365.132819194516
112.66,39.9304058893773,365.132819194516
112.67,153.782636467498,365.132819194516
112.68,223.461564095699,367.694944301621
112.69,120.308348879549,367.694944301628
112.7,-34.0789955919474,367.694944301628
112.71,-162.550346394039,367.694944301628
112.72,-212.347666589071,367.694944301628
112.73,-108.751542906306,367.694944301628
112.74,105.361886921475,367.694944301628
112.75,248.126385076333,367.694944301628
112.76,226.255180657781,367.694944301628
112.77,15.3939511521767,367.694944301628
112.78,-154.222775835351,386.623821765183
112.79,-269.654282958821,386.62382176521
112.8,-56.5716787233568,386.62382176521
112.81,130.025263074831,386.62382176521
112.82,185.80887539881,386.62382176521
112.83,54.4872318408077,386.62382176521
112.84,-171.892005110369,386.62382176521
112.85,-211.469309507193,386.62382176521
112.86,25.3763557703876,386.62382176521
112.87,181.961070234183,386.62382176521
112.88,227.223105493853,385.458440445587
112.89,-79.1128061901381,385.458440445587
112.9,-216.447277425162,385.458440445587
112.91,-83.0720216764209,385.458440445587
112.92,160.580245094982,385.458440445587
112.93,194.961326092889,385.458440445587
112.94,-66.5135858025805,385.458440445587
112.95,-226.145197186511,385.458440445587
112.96,-56.5484719036977,385.458440445587
112.97,205.276107228009,385.458440445587
112.98,120.456395450688,401.35389888601
112.99,-124.501490668042,401.353898886033
113,-164.346669455543,401.353898886033
113.01,96.4142515448242,401.353898886033
113.02,228.494494231524,401.353898886033
113.03,-27.675277508949,401.353898886033
113.04,-211.483567970725,401.353898886033
113.05,-16.9149124175342,401.353898886033
113.06,226.20182140482,401.353898886033
113.07,-27.115654012797,401.353898886033
113.08,-240.434128644782,423.804627249325
113.09,-34.5872975521047,423.804627249357
113.1,224.994273713159,423.804627249357
113.11,-28.1691268141281,423.804627249357
113.12,-220.890852213051,423.804627249357
113.13,-14.7861678910254,423.804627249357
113.14,225.691593154047,423.804627249357
113.15,-108.107983050273,423.804627249357
113.16,-208.969899214979,423.804627249357
113.17,100.827159096115,423.804627249357
113.18,260.060721783136,404.550128534759
113.19,-138.192026386278,404.550128534704
113.2,-182.665582470962,404.550128534704
113.21,213.180163511676,404.550128534704
113.22,93.0601726069941,404.550128534704
113.23,-215.019466257854,404.550128534704
113.24,-16.6890488614256,404.550128534704
113.25,209.993810287991,404.550128534704
113.26,-105.254690086404,404.550128534704
113.27,-139.062123563506,404.550128534704
113.28,187.20299733468,395.71550985434
113.29,97.0108644724211,395.715509854327
113.3,-227.156451893186,395.715509854327
113.31,66.0513519239924,395.715509854327
113.32,134.35799602763,395.715509854327
113.33,-185.027136189623,395.715509854327
113.34,-91.3764781622471,395.715509854327
113.35,216.783130210528,395.715509854327
113.36,-119.929980057583,395.715509854327
113.37,-108.25553568819,395.715509854327
113.38,217.727157333192,400.497000856898
113.39,-69.5202554346963,400.497000856898
113.4,-259.814722525192,400.497000856898
113.41,179.850080203634,400.497000856898
113.42,-47.4132609689576,400.497000856898
113.43,-240.788052060104,400.497000856898
113.44,239.422549268306,400.497000856898
113.45,-27.7145586974729,400.497000856898
113.46,-254.526042797817,400.497000856898
113.47,178.963016952807,400.497000856898
113.48,-36.3387890726829,399.777206512426
113.49,-139.431504712988,399.777206512425
113.5,211.466303519295,399.777206512425
113.51,-95.932993620966,399.777206512425
113.52,-109.011267530448,399.777206512425
113.53,228.212188214612,399.777206512425
113.54,-155.265622167043,399.777206512425
113.55,-18.0635401380996,399.777206512425
113.56,181.021033378659,399.777206512425
113.57,-242.694435806133,399.777206512425
113.58,158.239834949132,374.275921165418
113.59,-23.8389754055655,374.275921165381
113.6,-142.112941223101,374.275921165381
113.61,237.47231433415,374.275921165381
113.62,-132.565525053348,374.275921165381
113.63,10.5546787680818,374.275921165381
113.64,133.996462738029,374.275921165381
113.65,-237.158478570236,374.275921165381
113.66,208.271593896656,374.275921165381
113.67,-105.696734345001,374.275921165381
113.68,-54.6946841238669,378.406169665798
113.69,143.451725034243,378.40616966581
113.7,-221.398553048075,378.40616966581
113.71,209.482198883879,378.40616966581
113.72,-90.5132875885005,378.40616966581
113.73,5.57296537184896,378.40616966581
113.74,142.229515718875,378.40616966581
113.75,-212.262333958622,378.40616966581
113.76,212.00240105954,378.40616966581
113.77,-83.659861387553,378.40616966581
113.78,-90.7526948037625,365.338474721527
113.79,262.437871593583,365.338474721508
113.8,-222.844196561515,365.338474721508
113.81,138.551402978279,365.338474721508
113.82,58.317255642639,365.338474721508
113.83,-134.899806119795,365.338474721508
113.84,251.688614099834,365.338474721508
113.85,-112.962449950315,365.338474721508
113.86,-111.930209087536,365.338474721508
113.87,213.48326255141,365.338474721508
113.88,-174.919022866675,342.61353898886
113.89,-41.3869296675586,342.61353898886
113.9,249.579662567258,342.61353898886
113.91,-156.668963289197,342.61353898886
113.92,-63.7288212777721,342.61353898886
113.93,192.447658833062,342.61353898886
113.94,-210.270171668361,342.61353898886
113.95,-53.4592319453994,342.61353898886
113.96,229.390669661384,342.61353898886
113.97,-107.654554532143,342.61353898886
113.98,-116.111321424078,334.38731790918
113.99,211.359503177105,334.387317909169
114,59.9878220528263,334.387317909169
114.01,-245.343323705314,334.387317909169
114.02,64.5976517462732,334.387317909169
114.03,264.994094644593,334.387317909169
114.04,-116.062504181748,334.387317909169
114.05,-134.471528711034,334.387317909169
114.06,160.718588738146,334.387317909169
114.07,180.719209949294,334.387317909169
114.08,-155.917794967141,305.40702656388
114.09,-110.564728498424,305.407026563839
114.1,187.796832934704,305.407026563839
114.11,121.987844797758,305.407026563839
114.12,-169.395560258561,305.407026563839
114.13,-118.811243866892,305.407026563839
114.14,135.879392554166,305.407026563839
114.15,168.174211912551,305.407026563839
114.16,-97.993718470505,305.407026563839
114.17,-227.23966337355,305.407026563839
114.18,26.7915962438395,292.544987146566
114.19,242.398434773865,292.54498714653
114.2,126.462873717507,292.54498714653
114.21,-134.916723208964,292.54498714653
114.22,-215.709799989256,292.54498714653
114.23,-14.3179019846773,292.54498714653
114.24,239.480484780305,292.54498714653
114.25,177.488759713502,292.54498714653
114.26,-104.155471116949,292.54498714653
114.27,-263.831919987886,292.54498714653
114.28,-128.001137945394,280.522707797789
114.29,101.895736851402,280.522707797772
114.3,224.876851613073,280.522707797772
114.31,172.197199686884,280.522707797772
114.32,-79.7131227683632,280.522707797772
114.33,-209.122254278952,280.522707797772
114.34,-199.910472988749,280.522707797772
114.35,-61.5706107701876,280.522707797772
114.36,133.767546151693,280.522707797772
114.37,229.341906865896,280.522707797772
114.38,142.1920481649,264.284490145673
114.39,12.6548655470459,264.284490145673
114.4,-134.771569669767,264.284490145673
114.41,-223.817983200941,264.284490145673
114.42,-168.871380372796,264.284490145673
114.43,-86.4088039778717,264.284490145673
114.44,101.466515023961,264.284490145673
114.45,183.998733368884,264.284490145673
114.46,229.298176813062,264.284490145673
114.47,201.119375131087,264.284490145673
114.48,112.798170084356,244.850042844929
114.49,-15.2750372448803,244.850042844901
114.5,-120.200561065079,244.850042844901
114.51,-151.045320671157,244.850042844901
114.52,-229.801805281608,244.850042844901
114.53,-216.067408237839,244.850042844901
114.54,-172.782077607848,244.850042844901
114.55,-109.697801509476,244.850042844901
114.56,-61.5501714703808,244.850042844901
114.57,40.198204968435,244.850042844901
114.58,103.646381707328,239.905741216802
114.59,116.625903143454,239.905741216795
114.6,155.807317585386,239.905741216795
114.61,183.874210938044,239.905741216795
114.62,211.794205574877,239.905741216795
114.63,230.250480448395,239.905741216795
114.64,232.253585116326,239.905741216795
114.65,227.062974898177,239.905741216795
114.66,222.795674822301,239.905741216795
114.67,218.230091127793,239.905741216795
114.68,197.265481841956,240.608397600684
114.69,197.263853178014,240.608397600686
114.7,218.363065935362,240.608397600686
114.71,218.179811426303,240.608397600686
114.72,222.709229201127,240.608397600686
114.73,231.492252320245,240.608397600686
114.74,232.33934699837,240.608397600686
114.75,230.237888759136,240.608397600686
114.76,211.763079844392,240.608397600686
114.77,184.17041067883,240.608397600686
114.78,120.405512382843,271.790916880847
114.79,116.464411977659,271.790916880891
114.8,105.833098757626,271.790916880891
114.81,14.9637314972466,271.790916880891
114.82,-90.9418869123589,271.790916880891
114.83,-114.413626131323,271.790916880891
114.84,-136.443238980441,271.790916880891
114.85,-199.730372712845,271.790916880891
114.86,-229.395570957523,271.790916880891
114.87,-150.627208196676,271.790916880891
114.88,-110.107210731059,277.446443873179
114.89,-49.7438925031547,277.446443873179
114.9,87.5977454766799,277.446443873179
114.91,137.434539517045,277.446443873179
114.92,226.937300874592,277.446443873179
114.93,207.480059817648,277.446443873179
114.94,121.416402913427,277.446443873179
114.95,-16.41512824069,277.446443873179
114.96,-107.95329376076,277.446443873179
114.97,-199.987974520819,277.446443873179
114.98,-184.024780664578,285.107112253631
114.99,-115.965408013239,285.107112253642
115,92.001206783541,285.107112253642
115.01,134.504380062365,285.107112253642
115.02,230.268516505533,285.107112253642
115.03,116.301646093124,285.107112253642
115.04,-75.7196379479271,285.107112253642
115.05,-132.547112987128,285.107112253642
115.06,-214.009444464757,285.107112253642
115.07,-116.313585248927,285.107112253642
115.08,123.503983572077,287.969151670947
115.09,199.96610064599,287.969151670951
115.1,151.311165583169,287.969151670951
115.11,-16.2830135796236,287.969151670951
115.12,-165.2311662154,287.969151670951
115.13,-184.09217876027,287.969151670951
115.14,-49.870629409925,287.969151670951
115.15,138.21836858818,287.969151670951
115.16,184.805113604327,287.969151670951
115.17,49.6051445393224,287.969151670951
115.18,-133.406597246557,290.574121679513
115.19,-149.792500953538,290.57412167952
115.2,15.1882160478885,290.57412167952
115.21,198.362242107861,290.57412167952
115.22,111.907123274884,290.57412167952
115.23,-117.846086532721,290.57412167952
115.24,-229.317951275355,290.57412167952
115.25,-95.9747827289394,290.57412167952
115.26,165.828896862505,290.57412167952
115.27,129.90028099355,290.57412167952
115.28,-117.931049517477,290.891173950299
115.29,-213.975254445266,290.8911739503
115.3,15.3388285234592,290.8911739503
115.31,227.965709161569,290.8911739503
115.32,120.031239967736,290.8911739503
115.33,-165.84611503445,290.8911739503
115.34,-119.881508882827,290.8911739503
115.35,108.587639526348,290.8911739503
115.36,120.940812971635,290.8911739503
115.37,-112.144115818607,290.8911739503
115.38,-122.193801617053,292.553556126821
115.39,118.786326034092,292.553556126821
115.4,150.396241399476,292.553556126821
115.41,-113.276606231813,292.553556126821
115.42,-149.569309198098,292.553556126821
115.43,113.25248910415,292.553556126821
115.44,121.502692504854,292.553556126821
115.45,-115.685253293531,292.553556126821
115.46,-110.046345863369,292.553556126821
115.47,134.0824271617,292.553556126821
115.48,116.682362179543,288.423307626398
115.49,-204.587964993568,288.423307626392
115.5,-51.799022980684,288.423307626392
115.51,230.641757287103,288.423307626392
115.52,-96.5741828795462,288.423307626392
115.53,-150.670284717312,288.423307626392
115.54,113.479057471465,288.423307626392
115.55,117.770428278065,288.423307626392
115.56,-221.963693556292,288.423307626392
115.57,48.3600080315793,288.423307626392
115.58,151.670942388325,286.443873179095
115.59,-115.295818847201,286.443873179092
115.6,-122.671927203874,286.443873179092
115.61,233.254307629059,286.443873179092
115.62,-122.442218224891,286.443873179092
115.63,-110.026386619578,286.443873179092
115.64,222.445102114077,286.443873179092
115.65,-96.2721623001235,286.443873179092
115.66,-101.946322669604,286.443873179092
115.67,199.192642053227,286.443873179092
115.68,-76.2533086453295,287.077977720649
115.69,-126.412789575158,287.077977720651
115.7,201.996172750795,287.077977720651
115.71,-113.20609178692,287.077977720651
115.72,-109.342859457896,287.077977720651
115.73,230.823129390169,287.077977720651
115.74,-107.599778009449,287.077977720651
115.75,-76.3176278788137,287.077977720651
115.76,183.777471571726,287.077977720651
115.77,-198.256981901355,287.077977720651
115.78,92.8392558909472,287.446443873179
115.79,116.994489883332,287.446443873179
115.8,-188.433550918097,287.446443873179
115.81,165.501300723211,287.446443873179
115.82,-96.374892015561,287.446443873179
115.83,-117.708807629174,287.446443873179
115.84,185.666460360076,287.446443873179
115.85,-200.062583959122,287.446443873179
115.86,120.756774292888,287.446443873179
115.87,44.3542905450763,287.446443873179
115.88,-102.990251916074,288.011996572408
115.89,230.4354356326,288.011996572408
115.9,-133.188318623842,288.011996572408
115.91,120.677657990581,288.011996572408
115.92,76.5321582505197,288.011996572408
115.93,-106.000991851971,288.011996572408
115.94,189.601587652045,288.011996572408
115.95,-203.235637121588,288.011996572408
115.96,101.783527565715,288.011996572408
115.97,-74.9791194086814,288.011996572408
115.98,-86.2816611406185,294.38731790916
115.99,103.105811499956,294.387317909169
116,-187.421480410455,294.387317909169
116.01,202.356105878136,294.387317909169
116.02,-112.470429880057,294.387317909169
116.03,117.046096496896,294.387317909169
116.04,50.3477309854237,294.387317909169
116.05,-115.801330590485,294.387317909169
116.06,120.303058621445,294.387317909169
116.07,-228.264328666927,294.387317909169
116.08,172.64796657842,295.209940017137
116.09,-112.415836317866,295.209940017138
116.1,120.74300422095,295.209940017138
116.11,-16.4376340835106,295.209940017138
116.12,-110.319475071897,295.209940017138
116.13,99.8212746089025,295.209940017138
116.14,-152.079449671869,295.209940017138
116.15,232.871088528171,295.209940017138
116.16,-197.446516315516,295.209940017138
116.17,108.337228971944,295.209940017138
116.18,-117.166801188221,297.574978577543
116.19,95.8939726349545,297.574978577549
116.2,76.8685883030279,297.574978577549
116.21,-118.134247428495,297.574978577549
116.22,94.9838152790111,297.574978577549
116.23,-152.38916719524,297.574978577549
116.24,218.114907760908,297.574978577549
116.25,-221.011720101107,297.574978577549
116.26,134.113835679386,297.574978577549
116.27,-114.346799592269,297.574978577549
116.28,120.697233907798,291.610968294781
116.29,-97.1934390801794,291.610968294773
116.3,-17.7470636650999,291.610968294773
116.31,112.151446627528,291.610968294773
116.32,-117.911690623826,291.610968294773
116.33,100.597511988583,291.610968294773
116.34,-120.009413849883,291.610968294773
116.35,155.524941278956,291.610968294773
116.36,-219.190273305545,291.610968294773
116.37,226.918244313477,291.610968294773
116.38,-225.52554295929,304.781491002571
116.39,164.621217350869,304.781491002571
116.4,-112.855252174161,304.781491002571
116.41,108.018969131956,304.781491002571
116.42,-113.442985802369,304.781491002571
116.43,116.999183825361,304.781491002571
116.44,-97.0266374457956,304.781491002571
116.45,15.6426521561863,304.781491002571
116.46,18.9744476607291,304.781491002571
116.47,-99.8001212552525,304.781491002571
116.48,110.921326216207,297.292202227946
116.49,-115.763065875666,297.292202227935
116.5,109.151116934046,297.292202227935
116.51,-106.388423593816,297.292202227935
116.52,125.387997855239,297.292202227935
116.53,-121.273880641405,297.292202227935
116.54,151.752847153915,297.292202227935
116.55,-183.023269799118,297.292202227935
116.56,188.112404247393,297.292202227935
116.57,-213.397836459565,297.292202227935
116.58,217.306266033499,294.541559554417
116.59,-228.13654192065,294.541559554413
116.6,232.190809816742,294.541559554413
116.61,-232.822657662838,294.541559554413
116.62,225.753917160933,294.541559554413
116.63,-226.585921513991,294.541559554413
116.64,206.121527404186,294.541559554413
116.65,-225.941076726313,294.541559554413
116.66,226.746143108577,294.541559554413
116.67,-226.213042243395,294.541559554413
116.68,200.985305179201,301.628106255335
116.69,-202.514584717629,301.628106255356
116.7,220.42124595755,301.628106255356
116.71,-220.843039901623,301.628106255356
116.72,201.16497463916,301.628106255356
116.73,-208.553101564874,301.628106255356
116.74,225.499091248723,301.628106255356
116.75,-225.500073805713,301.628106255356
116.76,230.330995605359,301.628106255356
116.77,-225.241567391016,301.628106255356
116.78,229.716587631226,293.924592973447
116.79,-222.575762807158,293.924592973436
116.8,213.131697058935,293.924592973436
116.81,-213.048098748671,293.924592973436
116.82,185.529344381911,293.924592973436
116.83,-154.311561502231,293.924592973436
116.84,151.004904878595,293.924592973436
116.85,-119.660489321433,293.924592973436
116.86,102.746895876264,293.924592973436
116.87,-103.915246192443,293.924592973436
116.88,110.6743445264,292.682090831191
116.89,-110.503278773859,292.682090831191
116.9,120.461677614551,292.682090831191
116.91,-111.30440745708,292.682090831191
116.92,77.2173947080186,292.682090831191
116.93,-41.0561940423598,292.682090831191
116.94,-45.1586153361435,292.682090831191
116.95,64.3482935325402,292.682090831191
116.96,-121.012705795477,292.682090831191
116.97,116.180028008127,292.682090831191
116.98,-106.843260244282,294.841473864607
116.99,109.83232435778,294.84147386461
117,-133.062716358858,294.84147386461
117.01,197.676424913218,294.84147386461
117.02,-219.848372562794,294.84147386461
117.03,230.307294826162,294.84147386461
117.04,-218.033202676324,294.84147386461
117.05,152.276832575396,294.84147386461
117.06,-121.473168133035,294.84147386461
117.07,106.249483749588,294.84147386461
117.08,-101.409987681745,294.447300771209
117.09,112.340650803986,294.447300771208
117.1,-43.4380939393006,294.447300771208
117.11,-45.8186433430077,294.447300771208
117.12,103.05818742325,294.447300771208
117.13,-105.738931064799,294.447300771208
117.14,101.192123892512,294.447300771208
117.15,-166.175149516639,294.447300771208
117.16,201.300968794878,294.447300771208
117.17,-232.636817923106,294.447300771208
117.18,217.152805374205,300.411311053968
117.19,-152.650452358408,300.411311053985
117.2,105.907451880545,300.411311053985
117.21,-121.711160303758,300.411311053985
117.22,77.5638844143517,300.411311053985
117.23,46.8279406243541,300.411311053985
117.24,-121.173920935814,300.411311053985
117.25,107.861708173851,300.411311053985
117.26,-132.519183163162,300.411311053985
117.27,202.257151985829,300.411311053985
117.28,-231.630602166009,296.555269922885
117.29,152.312692320471,296.555269922879
117.3,-104.453349790354,296.555269922879
117.31,120.898631567998,296.555269922879
117.32,-43.4886336970735,296.555269922879
117.33,-96.9386053052471,296.555269922879
117.34,111.21712519858,296.555269922879
117.35,-109.208459915803,296.555269922879
117.36,196.693595022037,296.555269922879
117.37,-222.020607161141,296.555269922879
117.38,183.872667096744,302.54498714653
117.39,-101.70213995641,302.54498714653
117.4,111.136839086635,302.54498714653
117.41,-17.8711486722216,302.54498714653
117.42,-122.317806312249,302.54498714653
117.43,106.897238806591,302.54498714653
117.44,-164.590641070457,302.54498714653
117.45,227.676210581618,302.54498714653
117.46,-211.874051081514,302.54498714653
117.47,123.890039813535,302.54498714653
117.48,-116.81825097588,317.960582690638
117.49,19.3680907226796,317.96058269066
117.5,95.3068415305642,317.96058269066
117.51,-108.153704361098,317.96058269066
117.52,132.230076140547,317.96058269066
117.53,-224.517015040448,317.96058269066
117.54,215.673710357563,317.96058269066
117.55,-119.090609744489,317.96058269066
117.56,111.849925844494,317.96058269066
117.57,-88.2359193438906,317.96058269066
117.58,-66.8970297597652,313.033419023143
117.59,115.079991218294,313.033419023136
117.6,-108.672342237375,313.033419023136
117.61,221.046798412943,313.033419023136
117.62,-218.593909804248,313.033419023136
117.63,150.441535176162,313.033419023136
117.64,-100.175090035383,313.033419023136
117.65,112.107090133081,313.033419023136
117.66,45.5629580424822,313.033419023136
117.67,-119.855681538087,313.033419023136
117.68,109.218530015982,323.4361610968
117.69,-171.501982664425,323.436161096829
117.7,231.06905152095,323.436161096829
117.71,-152.031807886567,323.436161096829
117.72,113.181091649061,323.436161096829
117.73,-108.794578964702,323.436161096829
117.74,16.5158468744551,323.436161096829
117.75,120.641242813519,323.436161096829
117.76,-112.003917898938,323.436161096829
117.77,167.909458296983,323.436161096829
117.78,-231.324428529389,337.609254498694
117.79,184.351414888032,337.609254498715
117.8,-101.320785344056,337.609254498715
117.81,111.559139746801,337.609254498715
117.82,-17.2588151578468,337.609254498715
117.83,-122.098416905221,337.609254498715
117.84,109.377896362485,337.609254498715
117.85,-196.690321619604,337.609254498715
117.86,217.812888498614,337.609254498715
117.87,-121.075970612494,337.609254498715
117.88,108.133084090332,332.707797772065
117.89,-44.8081815452646,332.707797772065
117.9,-96.9184012917455,332.707797772065
117.91,105.44714912452,332.707797772065
117.92,-135.314770817271,332.707797772065
117.93,232.141393640905,332.707797772065
117.94,-151.501331413635,332.707797772065
117.95,109.752363470168,332.707797772065
117.96,-44.3153329137478,332.707797772065
117.97,-97.0128862695365,332.707797772065
117.98,105.858562471668,336.675235646952
117.99,-203.083047864013,336.675235646958
118,231.408244353721,336.675235646958
118.01,-121.173014143803,336.675235646958
118.02,121.934259772481,336.675235646958
118.03,45.9642133007871,336.675235646958
118.04,-111.151248278952,336.675235646958
118.05,133.949421451414,336.675235646958
118.06,-231.719249034909,336.675235646958
118.07,119.48173499885,336.675235646958
118.08,-117.370360971287,352.81919451583
118.09,-12.5679329316781,352.819194515853
118.1,112.755258662133,352.819194515853
118.11,-166.774808667362,352.819194515853
118.12,232.002738485066,352.819194515853
118.13,-101.787022615521,352.819194515853
118.14,122.198258826539,352.819194515853
118.15,96.3315122097649,352.819194515853
118.16,-104.255081951159,352.819194515853
118.17,227.71555295431,352.819194515853
118.18,-123.046185382084,332.047986289691
118.19,116.351103126466,332.047986289632
118.2,47.1067349298436,332.047986289632
118.21,-101.849517339987,332.047986289632
118.22,207.256714575545,332.047986289632
118.23,-152.717410062979,332.047986289632
118.24,113.396966847325,332.047986289632
118.25,120.485006208096,332.047986289632
118.26,-133.749036653349,332.047986289632
118.27,194.063720255686,332.047986289632
118.28,-108.92660263311,324.010282776361
118.29,-38.9946037819904,324.01028277635
118.3,98.8772397217626,324.01028277635
118.31,-222.923384394999,324.01028277635
118.32,109.976190000794,324.01028277635
118.33,65.1349770907879,324.01028277635
118.34,-133.61443039167,324.01028277635
118.35,188.701079571522,324.01028277635
118.36,-125.105579574896,324.01028277635
118.37,-115.291770479422,324.01028277635
118.38,203.159770972704,328.500428449015
118.39,-101.713204295035,328.500428449015
118.4,-46.6804961720848,328.500428449015
118.41,110.513010634312,328.500428449015
118.42,-122.154992709889,328.500428449015
118.43,23.3786661107422,328.500428449015
118.44,99.904628135624,328.500428449015
118.45,-154.926063203432,328.500428449015
118.46,76.0570824395355,328.500428449015
118.47,134.571954449966,328.500428449015
118.48,-154.448076057572,300.839760068591
118.49,12.7238757562286,300.839760068552
118.5,136.635786236067,300.839760068552
118.51,-103.369557879023,300.839760068552
118.52,-71.4545956355326,300.839760068552
118.53,203.529183786427,300.839760068552
118.54,-110.271212942663,300.839760068552
118.55,-113.356445945657,300.839760068552
118.56,216.518825778651,300.839760068552
118.57,-11.0166715669625,300.839760068552
118.58,-167.418814463535,283.239074550154
118.59,104.939905740455,283.239074550129
118.6,114.053706476583,283.239074550129
118.61,-155.046957706023,283.239074550129
118.62,-45.6498428587511,283.239074550129
118.63,203.192550567173,283.239074550129
118.64,-111.590711780169,283.239074550129
118.65,-110.336040169566,283.239074550129
118.66,105.645936977589,283.239074550129
118.67,110.72048580477,283.239074550129
118.68,-123.498858881105,273.993144815793
118.69,-120.972394071735,273.993144815767
118.7,155.710667066098,273.993144815767
118.71,72.0200022053431,273.993144815767
118.72,-193.457994798643,273.993144815767
118.73,-66.2366272175111,273.993144815767
118.74,218.069049187138,273.993144815767
118.75,46.5788472426597,273.993144815767
118.76,-219.06757307714,273.993144815767
118.77,-66.3765816474821,273.993144815767
118.78,189.593197095838,266.640959725803
118.79,96.859424522049,266.640959725793
118.8,-155.966758188816,266.640959725793
118.81,-118.745798657818,266.640959725793
118.82,121.784523251183,266.640959725793
118.83,105.601180804518,266.640959725793
118.84,-108.860159872214,266.640959725793
118.85,-124.941671373009,266.640959725793
118.86,87.4040848726131,266.640959725793
118.87,208.238467881313,266.640959725793
118.88,70.570194020518,269.288774635818
118.89,-186.426786340774,269.288774635818
118.9,-107.44962098053,269.288774635818
118.91,112.745258550987,269.288774635818
118.92,173.439245688625,269.288774635818
118.93,-18.6678297461111,269.288774635818
118.94,-155.063428560089,269.288774635818
118.95,-111.293792417131,269.288774635818
118.96,103.616558571891,269.288774635818
118.97,228.464867272481,269.288774635818
118.98,103.335258427183,268.474721508142
118.99,-99.0823324760547,268.474721508141
119,-111.914946685111,268.474721508141
119.01,13.8736112671396,268.474721508141
119.02,124.348930226984,268.474721508141
119.03,101.517920716178,268.474721508141
119.04,-54.8331687049512,268.474721508141
119.05,-163.217204437291,268.474721508141
119.06,-106.146822534926,268.474721508141
119.07,87.9506893685453,268.474721508141
119.08,218.942659995528,272.442159383028
119.09,112.458880986283,272.442159383033
119.1,-122.789379198568,272.442159383033
119.11,-230.88781206507,272.442159383033
119.12,-113.207211614331,272.442159383033
119.13,108.018295556349,272.442159383033
119.14,219.800526646053,272.442159383033
119.15,114.655092335052,272.442159383033
119.16,-106.540315799991,272.442159383033
119.17,-222.007271624658,272.442159383033
119.18,-112.512497236001,271.268209083122
119.19,122.527613049509,271.268209083119
119.2,219.378289753068,271.268209083119
119.21,106.240887385592,271.268209083119
119.22,-88.8525605577109,271.268209083119
119.23,-192.962365157237,271.268209083119
119.24,-116.462215637109,271.268209083119
119.25,55.0075341317456,271.268209083119
119.26,123.051366946999,271.268209083119
119.27,100.192673952489,271.268209083119
119.28,-42.8075345993401,272.767780634102
119.29,-102.834529729713,272.767780634105
119.3,-202.210914140109,272.767780634105
119.31,-98.5898766775889,272.767780634105
119.32,108.813308370864,272.767780634105
119.33,220.481979120694,272.767780634105
119.34,105.647742031242,272.767780634105
119.35,-25.1036191145521,272.767780634105
119.36,-120.435147786045,272.767780634105
119.37,-172.96004559636,272.767780634105
119.38,-93.6708920260915,272.013710368466
119.39,88.1237020903779,272.013710368466
119.4,128.035683382692,272.013710368466
119.41,72.7875422954052,272.013710368466
119.42,119.758109060183,272.013710368466
119.43,-88.7629732947707,272.013710368466
119.44,-102.532344038555,272.013710368466
119.45,-208.819310013094,272.013710368466
119.46,-112.838215996785,272.013710368466
119.47,13.1661220856232,272.013710368466
119.48,105.026971285742,272.133676092545
119.49,205.379898451591,272.133676092545
119.5,133.864862869415,272.133676092545
119.51,118.022959953142,272.133676092545
119.52,-52.9649399371909,272.133676092545
119.53,-86.4341686920446,272.133676092545
119.54,-155.584697638171,272.133676092545
119.55,-172.786586229716,272.133676092545
119.56,-106.194373537037,272.133676092545
119.57,-99.5287872600975,272.133676092545
119.58,87.6335864326201,271.473864610112
119.59,100.846877670202,271.473864610111
119.6,193.823100813424,271.473864610111
119.61,178.231770177094,271.473864610111
119.62,104.287703123753,271.473864610111
119.63,72.8764046600833,271.473864610111
119.64,-25.5955079475062,271.473864610111
119.65,-113.5609436588,271.473864610111
119.66,-163.773726276452,271.473864610111
119.67,-222.286820791692,271.473864610111
119.68,-132.792704629212,272.982005141384
119.69,-105.65336935469,272.982005141388
119.7,-68.3420136025139,272.982005141388
119.71,25.0972007254543,272.982005141388
119.72,111.225592511205,272.982005141388
119.73,42.5869779042432,272.982005141388
119.74,196.764604702488,272.982005141388
119.75,171.549970693672,272.982005141388
119.76,101.414882884406,272.982005141388
119.77,112.782217619792,272.982005141388
119.78,30.1684506136285,274.798628963151
119.79,-86.8505943854128,274.798628963153
119.8,-106.712582605966,274.798628963153
119.81,-103.708976809018,274.798628963153
119.82,-161.176298556265,274.798628963153
119.83,-199.274759910279,274.798628963153
119.84,-111.975530175891,274.798628963153
119.85,-105.767080908638,274.798628963153
119.86,-115.607696176287,274.798628963153
119.87,-33.3152124967034,274.798628963153
119.88,52.4420148269789,274.918594687232
119.89,104.719109416769,274.918594687232
119.9,108.982126427892,274.918594687232
119.91,98.1538604845882,274.918594687232
119.92,152.585427702371,274.918594687232
119.93,193.996966931903,274.918594687232
119.94,216.19793852286,274.918594687232
119.95,207.278627921889,274.918594687232
119.96,167.511743671082,274.918594687232
119.97,108.696080464109,274.918594687232
119.98,111.197627444142,274.181662382178
119.99,101.101703366046,274.181662382177
120,110.320259961117,274.181662382177
120.01,110.474984677352,274.181662382177
120.02,112.164643797256,274.181662382177
120.03,124.272776753472,274.181662382177
120.04,94.2871325900571,274.181662382177
120.05,94.9528581267903,274.181662382177
120.06,95.257450477517,274.181662382177
120.07,113.100801461199,274.181662382177
120.08,95.2804116185858,273.581833761783
120.09,93.1955760698757,273.581833761782
120.1,110.739001384785,273.581833761782
120.11,106.697356321215,273.581833761782
120.12,113.644126290327,273.581833761782
120.13,109.316725568018,273.581833761782
120.14,100.905269437737,273.581833761782
120.15,109.26865996151,273.581833761782
120.16,135.222106254292,273.581833761782
120.17,178.251312421144,273.581833761782
120.18,216.16685800033,274.198800342758
120.19,196.915508262043,274.198800342759
120.2,156.074280853157,274.198800342759
120.21,96.8165055507204,274.198800342759
120.22,107.989709245553,274.198800342759
120.23,114.632131321524,274.198800342759
120.24,53.1377090864705,274.198800342759
120.25,-36.5999404209684,274.198800342759
120.26,-94.4807990263284,274.198800342759
120.27,-106.471839725657,274.198800342759
120.28,-111.682194635894,271.071122536423
120.29,-208.762497827137,271.071122536418
120.3,-196.230342172555,271.071122536418
120.31,-104.058116740462,271.071122536418
120.32,-110.52296878227,271.071122536418
120.33,-11.5522439385642,271.071122536418
120.34,117.918126306528,271.071122536418
120.35,88.3792638650131,271.071122536418
120.36,161.278901732054,271.071122536418
120.37,211.677367390147,271.071122536418
120.38,102.425140344331,268.911739502999
120.39,83.1232243663326,268.911739502999
120.4,-70.2743132669191,268.911739502999
120.41,-106.747420008952,268.911739502999
120.42,-208.448713458092,268.911739502999
120.43,-205.60575658007,268.911739502999
120.44,-110.133859225272,268.911739502999
120.45,28.6011422846402,268.911739502999
120.46,119.234734280777,268.911739502999
120.47,171.869377195253,268.911739502999
120.48,189.899029061715,265.518423307631
120.49,120.750627609105,265.518423307626
120.5,-37.5257991717112,265.518423307626
120.51,-90.0828150971649,265.518423307626
120.52,-222.662449303841,265.518423307626
120.53,-53.1133325549225,265.518423307626
120.54,-20.9832320796345,265.518423307626
120.55,91.537053961425,265.518423307626
120.56,203.505860096509,265.518423307626
120.57,105.667197212288,265.518423307626
120.58,15.2889758507204,261.833761782353
120.59,-103.67907300102,261.833761782348
120.6,-193.079810855029,261.833761782348
120.61,-65.1619159216495,261.833761782348
120.62,102.299248371428,261.833761782348
120.63,161.317183754835,261.833761782348
120.64,70.4961889425822,261.833761782348
120.65,-13.8516990934007,261.833761782348
120.66,-88.7987188108845,261.833761782348
120.67,-161.976435032832,261.833761782348
120.68,-89.3683706477688,259.571550985439
120.69,107.520254256961,259.571550985433
120.7,219.391629040031,259.571550985433
120.71,68.9338340448323,259.571550985433
120.72,-119.177861694819,259.571550985433
120.73,-196.756134124184,259.571550985433
120.74,-75.9157622291915,259.571550985433
120.75,104.730886800871,259.571550985433
120.76,201.829658256228,259.571550985433
120.77,57.1994020840195,259.571550985433
120.78,-99.7676245723463,258.466152527851
120.79,-66.8674320944665,258.466152527849
120.8,41.2415970740294,258.466152527849
120.81,101.39673539833,258.466152527849
120.82,115.539633221873,258.466152527849
120.83,-87.7698245349266,258.466152527849
120.84,-204.409034862764,258.466152527849
120.85,-108.412811258608,258.466152527849
120.86,143.358927703044,258.466152527849
120.87,88.1855620214207,258.466152527849
120.88,-67.2364295270784,258.337617823479
120.89,-184.864978339873,258.337617823479
120.9,-86.2025989999367,258.337617823479
120.91,99.5718486029605,258.337617823479
120.92,91.5957842756789,258.337617823479
120.93,-90.98008007363,258.337617823479
120.94,-184.876504154052,258.337617823479
120.95,-24.7445327258383,258.337617823479
120.96,162.310799343546,258.337617823479
120.97,119.785770978599,258.337617823479
120.98,-73.9315429785758,258.79177377892
120.99,-36.9710821563829,258.79177377892
121,121.881980986604,258.79177377892
121.01,148.901910463269,258.79177377892
121.02,-70.5420262696377,258.79177377892
121.03,-223.754524681733,258.79177377892
121.04,7.24457975148445,258.79177377892
121.05,166.167496550403,258.79177377892
121.06,61.4433728298281,258.79177377892
121.07,-157.12825391519,258.79177377892
121.08,-114.606980051003,257.994858611826
121.09,72.860647275352,257.994858611825
121.1,102.653008203651,257.994858611825
121.11,-138.817081341102,257.994858611825
121.12,-64.6161566557001,257.994858611825
121.13,110.087199458428,257.994858611825
121.14,64.7487569385236,257.994858611825
121.15,-71.3756617622339,257.994858611825
121.16,-99.908737308043,257.994858611825
121.17,112.798197268645,257.994858611825
121.18,81.6053317145462,256.880891173954
121.19,-200.840761778578,256.88089117395
121.2,-12.1145272725526,256.88089117395
121.21,181.983662931246,256.88089117395
121.22,-41.0549520695828,256.88089117395
121.23,-181.406141953608,256.88089117395
121.24,117.059910274709,256.88089117395
121.25,73.0217720456142,256.88089117395
121.26,-109.74146001487,256.88089117395
121.27,-63.4963468156528,256.88089117395
121.28,80.2403978304957,257.035132819194
121.29,-8.9862613147113,257.035132819195
121.3,-149.153075840861,257.035132819195
121.31,72.2686750801623,257.035132819195
121.32,133.499527626849,257.035132819195
121.33,-110.493486737001,257.035132819195
121.34,-45.8572050670495,257.035132819195
121.35,155.432865995746,257.035132819195
121.36,24.8075405201324,257.035132819195
121.37,-230.636301117025,257.035132819195
121.38,109.903662714569,257.986289631534
121.39,97.1949117841402,257.986289631534
121.4,-130.66631628534,257.986289631534
121.41,-106.383440304633,257.986289631534
121.42,161.311141830413,257.986289631534
121.43,-9.83123697445328,257.986289631534
121.44,-163.354467728965,257.986289631534
121.45,117.823041694772,257.986289631534
121.46,38.3205848919793,257.986289631534
121.47,-76.6595435916174,257.986289631534
121.48,-83.479935985588,259.691516709509
121.49,193.804784712785,259.691516709512
121.5,-117.110434445831,259.691516709512
121.51,-100.396074178671,259.691516709512
121.52,112.661710501305,259.691516709512
121.53,-8.85947185999912,259.691516709512
121.54,-226.66594886034,259.691516709512
121.55,44.7974028505535,259.691516709512
121.56,39.2792924120303,259.691516709512
121.57,-123.064535439332,259.691516709512
121.58,-27.0917148708534,258.894601542418
121.59,184.68344204142,258.894601542416
121.6,-74.0065801510226,258.894601542416
121.61,-102.647232977995,258.894601542416
121.62,114.943888424778,258.894601542416
121.63,-35.9068839459007,258.894601542416
121.64,-63.4863273181934,258.894601542416
121.65,75.8544636108869,258.894601542416
121.66,-5.94170597378201,258.894601542416
121.67,-164.023077959294,258.894601542416
121.68,87.458322364599,257.823479006001
121.69,60.3178003176725,257.823479005998
121.7,-173.433357287098,257.823479005998
121.71,110.545208676602,257.823479005998
121.72,52.2743195303423,257.823479005998
121.73,-200.277299525992,257.823479005998
121.74,110.859057389701,257.823479005998
121.75,79.4380849556314,257.823479005998
121.76,-189.073641132538,257.823479005998
121.77,112.817037236378,257.823479005998
121.78,73.9388247844747,257.909168808912
121.79,-112.066151978914,257.909168808912
121.8,115.718774719641,257.909168808912
121.81,-29.8621878418092,257.909168808912
121.82,-71.6766470488127,257.909168808912
121.83,110.410292881915,257.909168808912
121.84,-125.227301535044,257.909168808912
121.85,-32.7782231000215,257.909168808912
121.86,204.682925202105,257.909168808912
121.87,-103.048673588852,257.909168808912
121.88,27.4591602502642,259.845758354756
121.89,68.3028228495971,259.845758354756
121.9,-114.356275861701,259.845758354756
121.91,109.386553871735,259.845758354756
121.92,71.8196557692938,259.845758354756
121.93,-73.6126180509168,259.845758354756
121.94,124.456867669975,259.845758354756
121.95,-88.8692983506588,259.845758354756
121.96,-80.0266431987424,259.845758354756
121.97,102.310725732578,259.845758354756
121.98,-131.960485146246,264.575835475572
121.99,75.3949825966788,264.575835475578
122,-9.18796171134004,264.575835475578
122.01,-86.1537474287473,264.575835475578
122.02,121.515001032307,264.575835475578
122.03,-134.695438616675,264.575835475578
122.04,27.9141383777413,264.575835475578
122.05,53.7419951657015,264.575835475578
122.06,-165.49765535979,264.575835475578
122.07,78.8694144155487,264.575835475578
122.08,-114.311590668221,264.173093401886
122.09,-29.7201809332606,264.173093401885
122.1,41.5700259322721,264.173093401885
122.11,-203.779686446275,264.173093401885
122.12,112.77989886672,264.173093401885
122.13,-74.4424326302701,264.173093401885
122.14,40.1162542900178,264.173093401885
122.15,98.7183740519394,264.173093401885
122.16,-147.158148912155,264.173093401885
122.17,128.602676433704,264.173093401885
122.18,-110.139876980547,262.596401028282
122.19,91.9817821246376,262.596401028278
122.2,70.9352232624273,262.596401028278
122.21,-66.1140330035116,262.596401028278
122.22,189.053224084032,262.596401028278
122.23,-109.316241356011,262.596401028278
122.24,115.738692724021,262.596401028278
122.25,-86.588189884945,262.596401028278
122.26,-84.8588570993604,262.596401028278
122.27,103.662468833638,262.596401028278
122.28,-200.729532143213,267.180805484141
122.29,158.699405118364,267.180805484147
122.3,-105.799106717057,267.180805484147
122.31,70.1459115632438,267.180805484147
122.32,85.6192061055396,267.180805484147
122.33,-46.070120688271,267.180805484147
122.34,217.174174950957,267.180805484147
122.35,-108.790784236336,267.180805484147
122.36,115.905347923827,267.180805484147
122.37,-61.5926356238092,267.180805484147
122.38,-82.5976431729263,274.258783204799
122.39,106.36433471853,274.258783204799
122.4,-230.964373774044,274.258783204799
122.41,74.8078863238713,274.258783204799
122.42,-89.6975442853829,274.258783204799
122.43,-15.6293058747268,274.258783204799
122.44,59.8005093055072,274.258783204799
122.45,-228.775073327868,274.258783204799
122.46,74.3042087122671,274.258783204799
122.47,-109.213696524953,274.258783204799
122.48,-61.4132048343117,262.544987146546
122.49,44.2851392041013,262.54498714653
122.5,-192.930901998294,262.54498714653
122.51,77.8926153215124,262.54498714653
122.52,-59.5533972141954,262.54498714653
122.53,-55.1558682009546,262.54498714653
122.54,85.214658331589,262.54498714653
122.55,-167.340285778691,262.54498714653
122.56,100.141914000873,262.54498714653
122.57,-98.4611070683307,262.54498714653
122.58,-70.7743183975434,261.182519280208
122.59,121.953601317698,261.182519280206
122.6,-161.803086084905,261.182519280206
122.61,110.342925308593,261.182519280206
122.62,20.7850623779228,261.182519280206
122.63,-49.961845284339,261.182519280206
122.64,204.840402128218,261.182519280206
122.65,-54.5575224097604,261.182519280206
122.66,117.890900286824,261.182519280206
122.67,24.0388293032855,261.182519280206
122.68,-40.0985265490664,261.011139674379
122.69,227.604143699703,261.011139674379
122.7,-53.362888057193,261.011139674379
122.71,121.048296345116,261.011139674379
122.72,-6.08587914613213,261.011139674379
122.73,-43.4819813376683,261.011139674379
122.74,183.379812365522,261.011139674379
122.75,-186.299861949407,261.011139674379
122.76,115.874321609688,261.011139674379
122.77,-34.0994616594425,261.011139674379
122.78,-107.693264826037,260.814053127678
122.79,75.965395959515,260.814053127678
122.8,-162.144810327004,260.814053127678
122.81,149.471159105579,260.814053127678
122.82,-110.77762662467,260.814053127678
122.83,-24.6324445926121,260.814053127678
122.84,63.5010658950626,260.814053127678
122.85,-169.256056436793,260.814053127678
122.86,156.435900611012,260.814053127678
122.87,-104.703875315973,260.814053127678
122.88,63.6667441567747,262.005141388175
122.89,82.9733780421607,262.005141388175
122.9,-60.309510453136,262.005141388175
122.91,199.875747124786,262.005141388175
122.92,-76.2620606937295,262.005141388175
122.93,122.376030509774,262.005141388175
122.94,21.4080236422149,262.005141388175
122.95,-63.2352021627972,262.005141388175
122.96,159.166452834057,262.005141388175
122.97,-122.013830482224,262.005141388175
122.98,115.346749263536,264.361610968291
122.99,-2.18599064038352,264.361610968295
123,-99.5827644931467,264.361610968295
123.01,173.352136322496,264.361610968295
123.02,-101.999347670024,264.361610968295
123.03,7.39717997452764,264.361610968295
123.04,42.0493763516097,264.361610968295
123.05,-177.621604033008,264.361610968295
123.06,107.669937387357,264.361610968295
123.07,20.9810175497411,264.361610968295
123.08,-64.5640773544093,270.95115681233
123.09,103.329040075013,270.951156812339
123.1,-61.7018808469968,270.951156812339
123.11,-62.9684384710878,270.951156812339
123.12,107.498249153614,270.951156812339
123.13,-90.9328249609159,270.951156812339
123.14,-81.7269893147624,270.951156812339
123.15,205.584825319867,270.951156812339
123.16,-115.403168924445,270.951156812339
123.17,-104.848074328079,270.951156812339
123.18,111.16828251472,274.687232219355
123.19,26.303661705264,274.687232219366
123.2,-207.071086785959,274.687232219366
123.21,106.093291368406,274.687232219366
123.22,114.126397256574,274.687232219366
123.23,-99.6002565406075,274.687232219366
123.24,-5.57205406871711,274.687232219366
123.25,158.089551343481,274.687232219366
123.26,-110.348950392445,274.687232219366
123.27,-107.84025114841,274.687232219366
123.28,130.462818157784,277.206512425018
123.29,112.001902694686,277.206512425021
123.3,-107.196779365559,277.206512425021
123.31,-66.5589737746273,277.206512425021
123.32,170.176639626768,277.206512425021
123.33,94.2566484191123,277.206512425021
123.34,-183.431818637253,277.206512425021
123.35,-22.4866266898827,277.206512425021
123.36,175.383498038535,277.206512425021
123.37,48.4976390265056,277.206512425021
123.38,-170.779199965995,276.486718080548
123.39,-75.3429340146716,276.486718080548
123.4,153.81242011216,276.486718080548
123.41,49.5664024428708,276.486718080548
123.42,-98.9257570131375,276.486718080548
123.43,-80.181706270987,276.486718080548
123.44,86.9242500299687,276.486718080548
123.45,163.216312784407,276.486718080548
123.46,-64.2825709098212,276.486718080548
123.47,-206.323485223274,276.486718080548
123.48,-117.38081749618,281.748071979427
123.49,152.371610494217,281.748071979434
123.5,118.036799530495,281.748071979434
123.51,-8.51552748947811,281.748071979434
123.52,-170.146479744182,281.748071979434
123.53,-112.601634277406,281.748071979434
123.54,94.2947992990206,281.748071979434
123.55,174.060872789728,281.748071979434
123.56,116.913656569559,281.748071979434
123.57,-109.375763304777,281.748071979434
123.58,-222.822293758097,289.999999999988
123.59,-114.482684654115,290
123.6,94.2928986387239,290
123.61,223.573611875568,290
123.62,48.2567446916305,290
123.63,-10.415839174172,290
123.64,-96.4530140622035,290
123.65,-176.186556663389,290
123.66,-46.8423707722546,290
123.67,70.4238916845163,290
123.68,96.4373043948478,294.464438731778
123.69,216.94143781402,294.464438731791
123.7,101.974205087327,294.464438731791
123.71,-11.3022030220719,294.464438731791
123.72,-101.117924622652,294.464438731791
123.73,-104.113403919743,294.464438731791
123.74,-189.802423487917,294.464438731791
123.75,-83.4670115073553,294.464438731791
123.76,-53.6544923612814,294.464438731791
123.77,98.1033104389148,294.464438731791
123.78,100.977025600631,300.814053127669
123.79,170.180612560309,300.814053127678
123.8,216.31096560511,300.814053127678
123.81,101.161818733445,300.814053127678
123.82,111.872068373919,300.814053127678
123.83,110.646790566682,300.814053127678
123.84,-32.9241400324855,300.814053127678
123.85,-68.380236839268,300.814053127678
123.86,-114.382341249662,300.814053127678
123.87,-101.829998206417,300.814053127678
123.88,-108.620372680799,302.270779777206
123.89,-165.261935195952,302.270779777206
123.9,-206.284325584649,302.270779777206
123.91,-223.645820092509,302.270779777206
123.92,-222.748239276853,302.270779777206
123.93,-216.831993662785,302.270779777206
123.94,-229.181194067235,302.270779777206
123.95,-229.210794699887,302.270779777206
123.96,-223.573794632924,302.270779777206
123.97,-223.657450404106,302.270779777206
123.98,-201.578649224491,311.628106255342
123.99,-133.248941663099,311.628106255356
124,-109.221717169813,311.628106255356
124.01,-98.5380904015549,311.628106255356
124.02,-110.390214722908,311.628106255356
124.03,-38.5923145804556,311.628106255356
124.04,85.0040671087935,311.628106255356
124.05,112.04993149923,311.628106255356
124.06,117.833318040408,311.628106255356
124.07,226.886451215983,311.628106255356
124.08,134.414364534657,331.748071979406
124.09,107.929918133671,331.748071979434
124.1,45.774848717375,331.748071979434
124.11,-115.68873655688,331.748071979434
124.12,-150.317615675317,331.748071979434
124.13,-200.901915077222,331.748071979434
124.14,-116.767413830269,331.748071979434
124.15,54.0820109721798,331.748071979434
124.16,118.476441256239,331.748071979434
124.17,167.554139670601,331.748071979434
124.18,119.708862435107,349.023136246738
124.19,-109.091637532716,349.023136246787
124.2,-229.190457855839,349.023136246787
124.21,-110.521674684955,349.023136246787
124.22,122.720988167774,349.023136246787
124.23,229.548281347293,349.023136246787
124.24,107.150212540447,349.023136246787
124.25,-107.072486643083,349.023136246787
124.26,-197.745333134375,349.023136246787
124.27,-44.897411459044,349.023136246787
124.28,183.134754979587,362.03084832903
124.29,110.060660333138,362.030848329049
124.3,-102.768024159682,362.030848329049
124.31,-131.427908948152,362.030848329049
124.32,112.524931848956,362.030848329049
124.33,200.062914643951,362.030848329049
124.34,-74.0384573217082,362.030848329049
124.35,-225.904874879832,362.030848329049
124.36,-13.4118409089501,362.030848329049
124.37,217.263888535552,362.030848329049
124.38,31.1285373065796,339.331619537275
124.39,-229.303834195151,339.331619537275
124.4,-11.5936999816592,339.331619537275
124.41,229.72108842818,339.331619537275
124.42,-75.1965794335097,339.331619537275
124.43,-218.133449775031,339.331619537275
124.44,111.186844267134,339.331619537275
124.45,131.491490827645,339.331619537275
124.46,-100.260542439134,339.331619537275
124.47,-106.264302945866,339.331619537275
124.48,119.131267036489,331.619537275075
124.49,95.2990807632295,331.619537275064
124.5,-222.908442169055,331.619537275064
124.51,112.549807444093,331.619537275064
124.52,96.9596757889117,331.619537275064
124.53,-118.099548564735,331.619537275064
124.54,-96.6830381127687,331.619537275064
124.55,228.676107684523,331.619537275064
124.56,-111.575584260886,331.619537275064
124.57,-111.059905083742,331.619537275064
124.58,214.694917614947,325.48414738647
124.59,-111.786746960839,325.484147386461
124.6,-97.7599829137841,325.484147386461
124.61,191.368824741807,325.484147386461
124.62,-112.016807355969,325.484147386461
124.63,-103.873949850704,325.484147386461
124.64,226.171941780785,325.484147386461
124.65,-110.531267441945,325.484147386461
124.66,-99.4925596557508,325.484147386461
124.67,166.593466503367,325.484147386461
124.68,-180.211041520775,328.183376178227
124.69,111.742577074755,328.183376178235
124.7,118.685709898173,328.183376178235
124.71,-197.060673957621,328.183376178235
124.72,149.294617606312,328.183376178235
124.73,-120.706874482137,328.183376178235
124.74,-95.311909428264,328.183376178235
124.75,106.76362987247,328.183376178235
124.76,-230.155314672905,328.183376178235
124.77,117.502961435067,328.183376178235
124.78,-120.5238123976,334.413024850034
124.79,-46.7445257201625,334.413024850043
124.8,105.854073040721,334.413024850043
124.81,-164.809100749287,334.413024850043
124.82,229.692619679399,334.413024850043
124.83,-149.736473758353,334.413024850043
124.84,98.9839634083443,334.413024850043
124.85,-109.433290200465,334.413024850043
124.86,16.4527605991074,334.413024850043
124.87,95.4568541759656,334.413024850043
124.88,-106.876750188029,340.959725792631
124.89,108.538511113749,340.959725792631
124.9,-163.817487305239,340.959725792631
124.91,220.264995109571,340.959725792631
124.92,-229.689513628802,340.959725792631
124.93,211.063544565313,340.959725792631
124.94,-151.823373609508,340.959725792631
124.95,120.388258368824,340.959725792631
124.96,-111.228290901183,340.959725792631
124.97,116.977466675354,340.959725792631
124.98,-112.461468091117,334.841473864619
124.99,17.5933922567108,334.84147386461
125,65.2311176305456,334.84147386461
125.01,-117.410821406124,334.84147386461
125.02,106.072248763634,334.84147386461
125.03,-132.536600147934,334.84147386461
125.04,202.451004769434,334.84147386461
125.05,-229.076337112059,334.84147386461
125.06,152.644012020089,334.84147386461
125.07,-106.418362904961,334.84147386461
125.08,113.482856991384,330.565552699235
125.09,31.207232810116,330.565552699229
125.1,-119.019377195265,330.565552699229
125.11,108.172506141272,330.565552699229
125.12,-226.920229169614,330.565552699229
125.13,188.687900259207,330.565552699229
125.14,-102.656605209876,330.565552699229
125.15,45.7181472158979,330.565552699229
125.16,120.624055809185,330.565552699229
125.17,-110.143982852162,330.565552699229
125.18,229.010277013832,324.644387317926
125.19,-121.107825055997,324.644387317909
125.2,82.7495555399031,324.644387317909
125.21,120.880035464791,324.644387317909
125.22,-109.928422628357,324.644387317909
125.23,220.515370052962,324.644387317909
125.24,-106.354733956847,324.644387317909
125.25,16.3445687991161,324.644387317909
125.26,107.23951724846,324.644387317909
125.27,-226.363119823899,324.644387317909
125.28,123.823562829535,316.22964867182
125.29,-18.6917980245342,316.229648671808
125.3,-115.330884083791,316.229648671808
125.31,233.151568547294,316.229648671808
125.32,-110.321510070663,316.229648671808
125.33,-96.7742737780648,316.229648671808
125.34,166.455697202164,316.229648671808
125.35,-152.754832466297,316.229648671808
125.36,43.2063222328798,316.229648671808
125.37,109.852343185116,316.229648671808
125.38,-153.996513080648,305.715509854327
125.39,87.195680907545,305.715509854327
125.4,101.06465736414,305.715509854327
125.41,-222.643510624936,305.715509854327
125.42,87.1827108257762,305.715509854327
125.43,106.089396072496,305.715509854327
125.44,-192.096609788702,305.715509854327
125.45,52.6547515838178,305.715509854327
125.46,134.220652924513,305.715509854327
125.47,-123.06620159755,305.715509854327
125.48,-71.7214652830531,292.4935732648
125.49,208.035261249019,292.493573264782
125.5,-100.953206903584,292.493573264782
125.51,-105.968859242512,292.493573264782
125.52,155.615423236374,292.493573264782
125.53,47.9267743049257,292.493573264782
125.54,-226.942044449887,292.493573264782
125.55,111.550111983298,292.493573264782
125.56,107.348126317136,292.493573264782
125.57,-102.278701559715,292.493573264782
125.58,-111.266570758994,280.411311054002
125.59,155.719130931869,280.411311053985
125.6,71.1976484264587,280.411311053985
125.61,-222.959825127491,280.411311053985
125.62,52.6794157891547,280.411311053985
125.63,208.094574181055,280.411311053985
125.64,-87.8194901085346,280.411311053985
125.65,-169.02622924556,280.411311053985
125.66,81.0873064576201,280.411311053985
125.67,134.985304053492,280.411311053985
125.68,-119.633551686323,270.514138817509
125.69,-166.991678605103,270.514138817481
125.7,109.026428711068,270.514138817481
125.71,135.896222614715,270.514138817481
125.72,-88.2019096539445,270.514138817481
125.73,-208.566931331333,270.514138817481
125.74,76.2527521143401,270.514138817481
125.75,228.732528389062,270.514138817481
125.76,31.5055088643649,270.514138817481
125.77,-156.49450819936,270.514138817481
125.78,-94.4198478978798,260.274207369338
125.79,104.518425464501,260.274207369323
125.8,114.128128579081,260.274207369323
125.81,-118.969611384132,260.274207369323
125.82,-204.081825617095,260.274207369323
125.83,13.0928951792309,260.274207369323
125.84,156.659922404927,260.274207369323
125.85,118.00666178833,260.274207369323
125.86,-104.650990656883,260.274207369323
125.87,-173.568484953679,260.274207369323
125.88,12.5671087457619,254.644387317909
125.89,123.142151027104,254.644387317909
125.9,100.699227990162,254.644387317909
125.91,-98.1129907050694,254.644387317909
125.92,-222.944023970137,254.644387317909
125.93,-114.412032288408,254.644387317909
125.94,112.579803609712,254.644387317909
125.95,202.542927177886,254.644387317909
125.96,100.370294582364,254.644387317909
125.97,-108.38925718304,254.644387317909
125.98,-209.779359071646,245.252784918608
125.99,-120.793251504603,245.252784918595
126,108.943453228729,245.252784918595
126.01,228.617884553038,245.252784918595
126.02,113.83942880445,245.252784918595
126.03,-89.2181288877762,245.252784918595
126.04,-216.030650613801,245.252784918595
126.05,-178.904485897435,245.252784918595
126.06,11.2045403794501,245.252784918595
126.07,101.405436178646,245.252784918595
126.08,227.647134377958,241.388174807203
126.09,114.095798836371,241.388174807198
126.1,-54.7098921699694,241.388174807198
126.11,-103.535478155077,241.388174807198
126.12,-178.696451757392,241.388174807198
126.13,-116.521807553446,241.388174807198
126.14,53.765215530179,241.388174807198
126.15,108.397280631691,241.388174807198
126.16,228.59364485285,241.388174807198
126.17,102.108060565008,241.388174807198
126.18,62.7728809390711,237.103684661537
126.19,-116.241519639677,237.103684661525
126.2,-182.682510921902,237.103684661525
126.21,-173.221746515997,237.103684661525
126.22,-106.072146532751,237.103684661525
126.23,-64.5636496843769,237.103684661525
126.24,108.853129875839,237.103684661525
126.25,105.049940977513,237.103684661525
126.26,232.82949562965,237.103684661525
126.27,134.383126826481,237.103684661525
126.28,119.818035066271,231.28534704371
126.29,30.3660026030223,231.285347043702
126.3,-73.810128364213,231.285347043702
126.31,-97.5165590126968,231.285347043702
126.32,-155.020795551,231.285347043702
126.33,-208.925825542137,231.285347043702
126.34,-112.190894009393,231.285347043702
126.35,-107.153806099622,231.285347043702
126.36,-98.5631364327084,231.285347043702
126.37,-11.3320893655227,231.285347043702
126.38,108.66584450651,227.155098543273
126.39,103.915166748126,227.155098543273
126.4,121.991704234867,227.155098543273
126.41,188.647569801322,227.155098543273
126.42,216.282664276354,227.155098543273
126.43,206.727775488951,227.155098543273
126.44,133.521125819735,227.155098543273
126.45,100.398100640157,227.155098543273
126.46,114.120856238857,227.155098543273
126.47,111.179420584497,227.155098543273
126.48,99.5098375980398,222.322193658961
126.49,37.9459698680491,222.322193658955
126.5,7.00096184060373,222.322193658955
126.51,-39.4661639337395,222.322193658955
126.52,-55.8019225392366,222.322193658955
126.53,-49.3135111008914,222.322193658955
126.54,-113.239916802939,222.322193658955
126.55,-84.0468034709321,222.322193658955
126.56,-68.3612804761388,222.322193658955
126.57,-87.1750068004397,222.322193658955
126.58,-103.43881544277,217.420736932312
126.59,-113.035471621833,217.420736932305
126.6,-83.3804044498094,217.420736932305
126.61,-87.3366020205259,217.420736932305
126.62,-88.7238758861689,217.420736932305
126.63,-94.8583925112463,217.420736932305
126.64,-10.7371370418322,217.420736932305
126.65,68.754402086547,217.420736932305
126.66,101.94407976962,217.420736932305
126.67,118.515651367496,217.420736932305
126.68,107.521226141751,214.40445586976
126.69,110.414454856352,214.404455869752
126.7,114.56322413467,214.404455869752
126.71,136.374594738809,214.404455869752
126.72,154.850537449904,214.404455869752
126.73,216.087713324392,214.404455869752
126.74,198.917322201544,214.404455869752
126.75,62.8693347807773,214.404455869752
126.76,114.130186291138,214.404455869752
126.77,111.496687307332,214.404455869752
126.78,-32.238318379594,212.279348757501
126.79,-66.7968036275953,212.279348757498
126.8,-112.757352953683,212.279348757498
126.81,-139.063783306624,212.279348757498
126.82,-225.799479394541,212.279348757498
126.83,-160.702191212084,212.279348757498
126.84,-43.3109307701859,212.279348757498
126.85,-103.447300272107,212.279348757498
126.86,-26.2835506200153,212.279348757498
126.87,111.712081876876,212.279348757498
126.88,109.090405431248,211.113967437875
126.89,228.534846358839,211.113967437875
126.9,120.328509366938,211.113967437875
126.91,110.418689124044,211.113967437875
126.92,25.6041173983673,211.113967437875
126.93,-123.153477036637,211.113967437875
126.94,-105.280930728711,211.113967437875
126.95,-193.327333748355,211.113967437875
126.96,-51.1415347144165,211.113967437875
126.97,-53.0441142313904,211.113967437875
126.98,83.383443540845,211.396743787489
126.99,165.964383892661,211.396743787489
127,193.473262246211,211.396743787489
127.01,51.3338876453965,211.396743787489
127.02,-66.8550917683863,211.396743787489
127.03,-104.890082373536,211.396743787489
127.04,-212.4956536007,211.396743787489
127.05,-106.406181685069,211.396743787489
127.06,5.53291185263055,211.396743787489
127.07,111.248140375285,211.396743787489
127.08,228.601896424417,207.549271636681
127.09,104.737799002041,207.549271636675
127.1,23.8781531747197,207.549271636675
127.11,-104.37924826866,207.549271636675
127.12,-205.325022292923,207.549271636675
127.13,-118.46895779269,207.549271636675
127.14,34.3017303791036,207.549271636675
127.15,165.89993465172,207.549271636675
127.16,165.365630781943,207.549271636675
127.17,82.135817403497,207.549271636675
127.18,-116.582521550341,209.52870608397
127.19,-207.10157904524,209.528706083976
127.2,-95.4472765643827,209.528706083976
127.21,38.9699316434506,209.528706083976
127.22,131.53334196683,209.528706083976
127.23,63.7017746763381,209.528706083976
127.24,-3.46238425607113,209.528706083976
127.25,-154.490030070906,209.528706083976
127.26,-196.592058766873,209.528706083976
127.27,-118.590053990247,209.528706083976
127.28,116.591696123814,209.820051413881
127.29,200.991312236229,209.820051413882
127.3,92.6534686995397,209.820051413882
127.31,-37.2762336713408,209.820051413882
127.32,-169.787432117103,209.820051413882
127.33,-59.545160665902,209.820051413882
127.34,97.0201883335564,209.820051413882
127.35,154.4088924477,209.820051413882
127.36,38.9836329134018,209.820051413882
127.37,-67.8084673638287,209.820051413882
127.38,-177.564422142938,209.691516709512
127.39,-113.832629498362,209.691516709512
127.4,98.188194488073,209.691516709512
127.41,182.547268907058,209.691516709512
127.42,120.069434879099,209.691516709512
127.43,-121.101550177497,209.691516709512
127.44,-200.000444204117,209.691516709512
127.45,-88.2681725060457,209.691516709512
127.46,105.934726275937,209.691516709512
127.47,132.441676139736,209.691516709512
127.48,16.6722954819338,208.45758354756
127.49,-74.2016639123256,208.457583547558
127.5,-109.103121619183,208.457583547558
127.51,120.824055960718,208.457583547558
127.52,229.229920676566,208.457583547558
127.53,51.5036139455689,208.457583547558
127.54,-110.769400813718,208.457583547558
127.55,-38.1334057521176,208.457583547558
127.56,111.116106581885,208.457583547558
127.57,200.640499260018,208.457583547558
127.58,-41.5652663917526,205.06426735219
127.59,-118.595524865045,205.064267352185
127.6,-100.453010331101,205.064267352185
127.61,99.6129825784712,205.064267352185
127.62,51.7063392242712,205.064267352185
127.63,-83.2848761579733,205.064267352185
127.64,-102.564209646579,205.064267352185
127.65,120.274358170234,205.064267352185
127.66,224.374405598896,205.064267352185
127.67,-48.2912896070911,205.064267352185
127.68,-224.128222920925,202.493573264789
127.69,8.0889625492869,202.493573264781
127.7,182.397103936445,202.493573264781
127.71,20.9311909541068,202.493573264781
127.72,-147.289725851956,202.493573264781
127.73,-51.1377335561446,202.493573264781
127.74,142.087520370236,202.493573264781
127.75,48.6799149904339,202.493573264781
127.76,-176.286935180208,202.493573264781
127.77,-84.0394687526179,202.493573264781
127.78,176.296185144343,200.377035132822
127.79,-9.34991056971551,200.377035132819
127.8,-202.786180458008,200.377035132819
127.81,44.7933020928566,200.377035132819
127.82,235.124279999948,200.377035132819
127.83,-68.9297150655845,200.377035132819
127.84,-189.384681832846,200.377035132819
127.85,62.7205906965722,200.377035132819
127.86,162.421338602505,200.377035132819
127.87,-121.082021887221,200.377035132819
127.88,-93.3434788115148,200.248500428449
127.89,153.924727306277,200.248500428449
127.9,50.0832034019536,200.248500428449
127.91,-93.5516765752029,200.248500428449
127.92,-91.4087150567574,200.248500428449
127.93,170.209313253559,200.248500428449
127.94,74.7686451185834,200.248500428449
127.95,-205.612779840572,200.248500428449
127.96,-12.5646276757996,200.248500428449
127.97,193.584693765519,200.248500428449
127.98,-66.8909936481826,204.190231362462
127.99,-116.711190634403,204.190231362468
128,114.54127698952,204.190231362468
128.01,125.252564018392,204.190231362468
128.02,-99.1118922888341,204.190231362468
128.03,-112.461144277285,204.190231362468
128.04,64.1987905153349,204.190231362468
128.05,112.862923809994,204.190231362468
128.06,-118.772055997419,204.190231362468
128.07,-46.7808583434725,204.190231362468
128.08,204.799501454237,200.565552699239
128.09,-7.01195695653544,200.565552699229
128.1,-215.711940681013,200.565552699229
128.11,98.6961583650355,200.565552699229
128.12,89.5327152175908,200.565552699229
128.13,-135.126910510376,200.565552699229
128.14,-81.6375204800126,200.565552699229
128.15,193.390621783637,200.565552699229
128.16,52.8777728084592,200.565552699229
128.17,-239.256220043252,200.565552699229
128.18,62.646479286982,198.183376178242
128.19,96.1782748169516,198.183376178235
128.2,-157.752469610865,198.183376178235
128.21,-96.712486109511,198.183376178235
128.22,203.924528810914,198.183376178235
128.23,-38.8768420383773,198.183376178235
128.24,-91.0429171958284,198.183376178235
128.25,145.805509581802,198.183376178235
128.26,87.9432444422986,198.183376178235
128.27,-223.267729728801,198.183376178235
128.28,110.676507666008,195.655526992295
128.29,109.202502046858,195.655526992288
128.3,-114.133668161412,195.655526992288
128.31,34.3547554573979,195.655526992288
128.32,61.4101555042507,195.655526992288
128.33,-171.020000806803,195.655526992288
128.34,59.0513195645621,195.655526992288
128.35,101.713876799343,195.655526992288
128.36,-98.9385284590658,195.655526992288
128.37,60.2754421498988,195.655526992288
128.38,109.394182823685,193.69323050557
128.39,-106.34293114376,193.69323050557
128.4,8.28257884829167,193.69323050557
128.41,96.7692885863249,193.69323050557
128.42,-191.730364832807,193.69323050557
128.43,28.2125954836496,193.69323050557
128.44,37.7945427929637,193.69323050557
128.45,-106.236146276704,193.69323050557
128.46,67.6672759113092,193.69323050557
128.47,53.8128099578747,193.69323050557
128.48,-173.399172908218,193.941730934019
128.49,115.201826759792,193.941730934019
128.5,64.0174539041005,193.941730934019
128.51,-219.015849695487,193.941730934019
128.52,106.934917828688,193.941730934019
128.53,93.1111383927546,193.941730934019
128.54,-163.021498847254,193.941730934019
128.55,140.285587354214,193.941730934019
128.56,83.2590632803607,193.941730934019
128.57,-188.812416237323,193.941730934019
128.58,164.456794909385,197.849185946861
128.59,59.119179977712,197.849185946872
128.6,-159.905975795014,197.849185946872
128.61,162.38105009141,197.849185946872
128.62,50.2937726379217,197.849185946872
128.63,-167.292824603767,197.849185946872
128.64,110.883169042913,197.849185946872
128.65,60.7130157035315,197.849185946872
128.66,-201.790953509628,197.849185946872
128.67,107.772796704832,197.849185946872
128.68,45.1112956920639,200.419880034269
128.69,-229.707505057315,200.419880034276
128.7,107.31837975085,200.419880034276
128.71,63.3083586549488,200.419880034276
128.72,-109.489055304998,200.419880034276
128.73,69.2169888884019,200.419880034276
128.74,109.855365710353,200.419880034276
128.75,-161.333168587166,200.419880034276
128.76,-86.6295654799256,200.419880034276
128.77,175.87069158968,200.419880034276
128.78,-91.0377757214199,204.995715509841
128.79,-92.7966384196305,204.995715509854
128.8,116.172897598072,204.995715509854
128.81,88.3389622699442,204.995715509854
128.82,-186.19995463457,204.995715509854
128.83,60.8235139180232,204.995715509854
128.84,66.0391699923044,204.995715509854
128.85,-89.6014284360692,204.995715509854
128.86,-71.1600487755126,204.995715509854
128.87,176.188399685823,204.995715509854
128.88,20.001221803302,201.979434447301
128.89,-182.67011669058,201.979434447301
128.9,115.415953913471,201.979434447301
128.91,104.755465003973,201.979434447301
128.92,-105.909499061768,201.979434447301
128.93,-109.129007242854,201.979434447301
128.94,99.2563601032482,201.979434447301
128.95,93.1254787765011,201.979434447301
128.96,-148.018299614397,201.979434447301
128.97,41.8865210162714,201.979434447301
128.98,210.391393178441,203.050556983719
128.99,-63.9386142510586,203.050556983719
129,-125.720167078751,203.050556983719
129.01,100.732717937555,203.050556983719
129.02,42.2075682321538,203.050556983719
129.03,-107.307947601945,203.050556983719
129.04,-37.496953085667,203.050556983719
129.05,100.681002788622,203.050556983719
129.06,87.2176466200175,203.050556983719
129.07,-144.156216034985,203.050556983719
129.08,-87.9016275885306,207.386461011127
129.09,106.880895899539,207.38646101114
129.1,96.0552617679032,207.38646101114
129.11,-159.290384927652,207.38646101114
129.12,-41.0807971700363,207.38646101114
129.13,64.8821432638662,207.38646101114
129.14,63.5901027176245,207.38646101114
129.15,-88.6050342648012,207.38646101114
129.16,-41.6109112510401,207.38646101114
129.17,105.423885550044,207.38646101114
129.18,99.7237553559084,210.171379605819
129.19,-103.263475006353,210.171379605827
129.2,-156.776027695274,210.171379605827
129.21,98.0255024295705,210.171379605827
129.22,194.066110152803,210.171379605827
129.23,-6.72626773864936,210.171379605827
129.24,-148.02458366672,210.171379605827
129.25,-92.5011937698077,210.171379605827
129.26,116.24309544924,210.171379605827
129.27,97.1344707597258,210.171379605827
129.28,-100.859534990222,214.001713796047
129.29,-192.356484877996,214.001713796058
129.3,-20.688966501325,214.001713796058
129.31,72.1659169130077,214.001713796058
129.32,83.1669198495084,214.001713796058
129.33,-119.733364574169,214.001713796058
129.34,-187.487836722743,214.001713796058
129.35,-72.1292350774677,214.001713796058
129.36,75.0803571031525,214.001713796058
129.37,73.5334751223762,214.001713796058
129.38,-35.0008444370234,219.271636675236
129.39,-206.335604347192,219.271636675236
129.4,-110.216954238605,219.271636675236
129.41,117.82027889606,219.271636675236
129.42,184.148982806066,219.271636675236
129.43,117.707748486721,219.271636675236
129.44,-121.780446531026,219.271636675236
129.45,-223.086581321097,219.271636675236
129.46,-46.1666209981798,219.271636675236
129.47,93.7409562736197,219.271636675236
129.48,180.284940238276,217.249357326478
129.49,106.85924598161,217.249357326478
129.5,-100.156927798432,217.249357326478
129.51,-165.813755494052,217.249357326478
129.52,-45.9206870432608,217.249357326478
129.53,-10.5870465832102,217.249357326478
129.54,86.8162100320632,217.249357326478
129.55,187.984843249608,217.249357326478
129.56,115.831387396836,217.249357326478
129.57,-119.506646256724,217.249357326478
129.58,-155.628716053927,218.466152527846
129.59,-65.6932015128957,218.466152527849
129.6,-23.9730334059201,218.466152527849
129.61,104.301073238796,218.466152527849
129.62,183.589744685877,218.466152527849
129.63,36.0361256774495,218.466152527849
129.64,24.5339910330822,218.466152527849
129.65,-100.381923692093,218.466152527849
129.66,-221.086968455286,218.466152527849
129.67,-52.5537229802293,218.466152527849
129.68,-13.3791430481431,219.554413024847
129.69,99.1746173426362,219.55441302485
129.7,225.690106754008,219.55441302485
129.71,45.9534478424629,219.55441302485
129.72,55.8055015762507,219.55441302485
129.73,-122.564026691503,219.55441302485
129.74,-117.808386746593,219.55441302485
129.75,-120.444761643014,219.55441302485
129.76,-110.372624749627,219.55441302485
129.77,103.433448593509,219.55441302485
129.78,64.0179950566826,217.223650385611
129.79,245.629172021609,217.223650385604
129.8,99.0192432152456,217.223650385604
129.81,93.2139976830529,217.223650385604
129.82,-91.6549080129311,217.223650385604
129.83,-95.912189218439,217.223650385604
129.84,-223.61983013479,217.223650385604
129.85,-101.174681431213,217.223650385604
129.86,-118.744504267228,217.223650385604
129.87,112.973756168074,217.223650385604
129.88,75.7058082022067,223.761782347901
129.89,161.133256913195,223.761782347901
129.9,155.982930481213,223.761782347901
129.91,112.761099992621,223.761782347901
129.92,20.0480734676789,223.761782347901
129.93,-114.029759411938,223.761782347901
129.94,-96.1993324072773,223.761782347901
129.95,-160.715608102039,223.761782347901
129.96,-131.020800464029,223.761782347901
129.97,-100.816695500237,223.761782347901
129.98,-112.324685306165,222.09940017138
129.99,39.1307552393116,222.09940017138
130,112.620269791474,222.09940017138
130.01,74.6439196672398,222.09940017138
130.02,208.583368434152,222.09940017138
130.03,219.771541663812,222.09940017138
130.04,75.2080880637441,222.09940017138
130.05,107.362270348602,222.09940017138
130.06,55.6975492494997,222.09940017138
130.07,-31.0840091975233,222.09940017138
130.08,-118.049820326155,225.655526992278
130.09,-102.883012691633,225.655526992288
130.1,-107.606011440795,225.655526992288
130.11,-166.229724474092,225.655526992288
130.12,-222.955359315972,225.655526992288
130.13,-190.24582366273,225.655526992288
130.14,-179.533496822924,225.655526992288
130.15,-99.4675088017625,225.655526992288
130.16,-100.315619974337,225.655526992288
130.17,-108.422193454916,225.655526992288
130.18,-108.404622684468,228.294772922015
130.19,-104.763480259898,228.294772922022
130.2,-83.919997020923,228.294772922022
130.21,-88.0191417408924,228.294772922022
130.22,-86.5023619287583,228.294772922022
130.23,-55.035309213633,228.294772922022
130.24,-54.5752540178711,228.294772922022
130.25,-81.7462204747353,228.294772922022
130.26,-87.5359503250938,228.294772922022
130.27,-125.964788454414,228.294772922022
130.28,-100.708033384712,233.693230505554
130.29,-111.506632946673,233.69323050557
130.3,-106.825835600484,233.69323050557
130.31,-96.1399070608934,233.69323050557
130.32,-143.461311491268,233.69323050557
130.33,-152.849231586362,233.69323050557
130.34,-219.443201417945,233.69323050557
130.35,-206.582411975383,233.69323050557
130.36,-164.413627116188,233.69323050557
130.37,-99.5825904003669,233.69323050557
130.38,-120.643158723693,237.574978577549
130.39,-69.7719408046615,237.574978577549
130.4,85.5584182951475,237.574978577549
130.41,112.484798631953,237.574978577549
130.42,118.229162023872,237.574978577549
130.43,217.010862715252,237.574978577549
130.44,134.411727029469,237.574978577549
130.45,108.129863455003,237.574978577549
130.46,47.3073622763205,237.574978577549
130.47,-118.485415506614,237.574978577549
130.48,-149.105246891321,242.682090831191
130.49,-223.720810602311,242.682090831191
130.5,-97.5127456591201,242.682090831191
130.51,-66.7604405969986,242.682090831191
130.52,97.6955897355418,242.682090831191
130.53,186.116528604145,242.682090831191
130.54,132.169864821779,242.682090831191
130.55,97.2010642060953,242.682090831191
130.56,-116.878220450678,242.682090831191
130.57,-185.310072162172,242.682090831191
130.58,-94.1554916464892,243.976006855181
130.59,-11.7129488070226,243.976006855184
130.6,99.6569660328972,243.976006855184
130.61,166.826092508482,243.976006855184
130.62,68.0937545611485,243.976006855184
130.63,-94.9271761107262,243.976006855184
130.64,-200.943872336094,243.976006855184
130.65,-66.4298877327865,243.976006855184
130.66,117.966175404176,243.976006855184
130.67,131.438737145635,243.976006855184
130.68,-23.6554926519023,249.237360754055
130.69,-185.169364772625,249.23736075407
130.7,-115.508654705871,249.23736075407
130.71,103.778939935436,249.23736075407
130.72,133.196500938256,249.23736075407
130.73,-55.5213640511633,249.23736075407
130.74,-229.188881064758,249.23736075407
130.75,-34.3965692633522,249.23736075407
130.76,186.209187930095,249.23736075407
130.77,116.170225054794,249.23736075407
130.78,-149.440885375077,247.669237360759
130.79,-117.910728620625,247.669237360754
130.8,149.007247202758,247.669237360754
130.81,114.269571409255,247.669237360754
130.82,-184.813373004843,247.669237360754
130.83,-96.3961397519989,247.669237360754
130.84,227.010295221333,247.669237360754
130.85,-42.8311445389225,247.669237360754
130.86,-165.395513651982,247.669237360754
130.87,102.642860954997,247.669237360754
130.88,104.891336770611,251.516709511568
130.89,-211.126562598951,251.516709511568
130.9,76.3765275072995,251.516709511568
130.91,130.282453671796,251.516709511568
130.92,-148.652193475805,251.516709511568
130.93,16.7005693463219,251.516709511568
130.94,106.360506022679,251.516709511568
130.95,-182.523214196875,251.516709511568
130.96,100.721005138933,251.516709511568
130.97,104.79411505928,251.516709511568
130.98,-225.301069426013,255.012853470437
130.99,117.942361810664,255.012853470437
131,-75.6509813877276,255.012853470437
131.01,-110.607198017678,255.012853470437
131.02,200.0461658076,255.012853470437
131.03,-208.332431037792,255.012853470437
131.04,108.192011689288,255.012853470437
131.05,-52.4181379445476,255.012853470437
131.06,-119.772299382628,255.012853470437
131.07,132.197746650025,255.012853470437
131.08,-218.393221962226,258.920308483279
131.09,226.947010045763,258.92030848329
131.1,-147.924311794702,258.92030848329
131.11,105.941724792611,258.92030848329
131.12,-119.542417558165,258.92030848329
131.13,111.784574418821,258.92030848329
131.14,13.9354814662625,258.92030848329
131.15,-46.2888576836898,258.92030848329
131.16,112.82964589736,258.92030848329
131.17,-90.8948990445684,258.92030848329
131.18,112.831750285746,262.81062553555
131.19,-90.8852709152771,262.810625535561
131.2,90.2934050788037,262.810625535561
131.21,-76.8095359979651,262.810625535561
131.22,15.7939015568703,262.810625535561
131.23,49.9141351466444,262.810625535561
131.24,-92.9361426199558,262.810625535561
131.25,113.928345657561,262.810625535561
131.26,-121.704741142317,262.810625535561
131.27,204.836214118325,262.810625535561
131.28,-225.783666598512,268.731790916864
131.29,193.985011699975,268.731790916881
131.3,-107.779896923849,268.731790916881
131.31,90.5371193169605,268.731790916881
131.32,48.5089895108209,268.731790916881
131.33,-107.981751750625,268.731790916881
131.34,221.657729592314,268.731790916881
131.35,-194.613736988802,268.731790916881
131.36,113.734204565157,268.731790916881
131.37,74.0800638167249,268.731790916881
131.38,-147.824234854351,275.715509854327
131.39,220.090725960293,275.715509854327
131.4,-111.946069953887,275.715509854327
131.41,-96.3636230981299,275.715509854327
131.42,182.370190620496,275.715509854327
131.43,-163.098326431481,275.715509854327
131.44,15.8870043512062,275.715509854327
131.45,148.843097450599,275.715509854327
131.46,-194.317151818951,275.715509854327
131.47,46.3166318423857,275.715509854327
131.48,181.498942165421,285.295629820051
131.49,-133.300870558116,285.295629820051
131.5,-104.525510444244,285.295629820051
131.51,221.484125295196,285.295629820051
131.52,-61.1608884880431,285.295629820051
131.53,-179.940835748612,285.295629820051
131.54,123.284262096364,285.295629820051
131.55,122.750483087896,285.295629820051
131.56,-166.201093447884,285.295629820051
131.57,-118.918908318329,285.295629820051
131.58,163.775564932253,290.959725792615
131.59,112.21559698486,290.959725792631
131.6,-163.851595560229,290.959725792631
131.61,-108.012805168937,290.959725792631
131.62,166.59092245388,290.959725792631
131.63,123.071964414865,290.959725792631
131.64,-124.172401756589,290.959725792631
131.65,-205.619885581658,290.959725792631
131.66,94.0258556048993,290.959725792631
131.67,224.106174089592,290.959725792631
131.68,105.171294269999,298.251928020545
131.69,-133.344334626638,298.251928020566
131.7,-179.735641348314,298.251928020566
131.71,45.2029612537312,298.251928020566
131.72,212.962682029702,298.251928020566
131.73,123.044356949888,298.251928020566
131.74,-95.9277349350385,298.251928020566
131.75,-213.960362205218,298.251928020566
131.76,-104.277167067779,298.251928020566
131.77,89.4906036024166,298.251928020566
131.78,195.065491171011,298.526135389888
131.79,148.977329073028,298.526135389889
131.8,-16.0754894034457,298.526135389889
131.81,-131.480106639954,298.526135389889
131.82,-219.553935865552,298.526135389889
131.83,-115.276797913307,298.526135389889
131.84,110.982303554231,298.526135389889
131.85,213.926046664315,298.526135389889
131.86,148.110124364799,298.526135389889
131.87,72.9214116905392,298.526135389889
131.88,-107.35232725351,303.307626392459
131.89,-224.40614771207,303.307626392459
131.9,-149.145544712518,303.307626392459
131.91,-72.0717278816942,303.307626392459
131.92,115.355935183646,303.307626392459
131.93,216.460474561633,303.307626392459
131.94,181.205732853789,303.307626392459
131.95,104.657346730483,303.307626392459
131.96,-111.369698406219,303.307626392459
131.97,-194.382531914382,303.307626392459
131.98,-212.339353132003,303.924592973436
131.99,-112.661006791665,303.924592973436
132,45.8947728415917,303.924592973436
132.01,117.322168249656,303.924592973436
132.02,221.27927901003,303.924592973436
132.03,183.062993026131,303.924592973436
132.04,102.48697735102,303.924592973436
132.05,-91.7342915347317,303.924592973436
132.06,-134.394403071194,303.924592973436
132.07,-225.153304342233,303.924592973436
132.08,-148.7541204111,307.823479005987
132.09,-104.27510492094,307.823479005998
132.1,91.2936726062183,307.823479005998
132.11,139.144716720281,307.823479005998
132.12,223.488102270813,307.823479005998
132.13,181.928929741525,307.823479005998
132.14,113.741870878565,307.823479005998
132.15,15.7525400738264,307.823479005998
132.16,-108.411485198479,307.823479005998
132.17,-163.433331766818,307.823479005998
132.18,-225.116336382785,317.095115681208
132.19,-181.301514076129,317.095115681234
132.2,-112.28205271545,317.095115681234
132.21,-71.79757262202,317.095115681234
132.22,91.4009798925227,317.095115681234
132.23,145.086241316961,317.095115681234
132.24,192.175339257651,317.095115681234
132.25,227.553703245393,317.095115681234
132.26,182.739298780995,317.095115681234
132.27,115.865807786747,317.095115681234
132.28,69.7407305088011,318.620394173089
132.29,-90.8501470141833,318.620394173093
132.3,-120.038723788176,318.620394173093
132.31,-196.955349750763,318.620394173093
132.32,-229.31215625998,318.620394173093
132.33,-150.376403791443,318.620394173093
132.34,-116.326897849779,318.620394173093
132.35,14.8494516658901,318.620394173093
132.36,113.481531082136,318.620394173093
132.37,198.489888367006,318.620394173093
132.38,212.723503102017,307.275064267352
132.39,111.697986053405,307.275064267352
132.4,15.8187119732647,307.275064267352
132.41,-112.426874408362,307.275064267352
132.42,-216.643806818066,307.275064267352
132.43,-182.289499082985,307.275064267352
132.44,-105.222570577641,307.275064267352
132.45,112.091035334178,307.275064267352
132.46,197.169467890462,307.275064267352
132.47,184.3672778772,307.275064267352
132.48,109.210689144285,298.363324764353
132.49,-117.010204210753,298.363324764353
132.5,-228.916535523254,298.363324764353
132.51,-130.906081966152,298.363324764353
132.52,45.6671853908165,298.363324764353
132.53,165.867150145283,298.363324764353
132.54,151.204572395559,298.363324764353
132.55,17.1976946426051,298.363324764353
132.56,-132.517656176373,298.363324764353
132.57,-183.112769249352,298.363324764353
132.58,-50.9083625207916,289.220222793514
132.59,166.223311730564,289.220222793488
132.6,150.215285665838,289.220222793488
132.61,-74.0124700392539,289.220222793488
132.62,-221.400728067894,289.220222793488
132.63,-118.851143973148,289.220222793488
132.64,113.305098232049,289.220222793488
132.65,212.685747821017,289.220222793488
132.66,16.9074247249162,289.220222793488
132.67,-199.417613956727,289.220222793488
132.68,-114.745055907683,284.327335047143
132.69,113.490281892931,284.327335047129
132.7,150.470458663108,284.327335047129
132.71,-113.036094039138,284.327335047129
132.72,-223.919497309872,284.327335047129
132.73,15.5615588523199,284.327335047129
132.74,227.741432041938,284.327335047129
132.75,49.5479614073235,284.327335047129
132.76,-204.59949599194,284.327335047129
132.77,-122.14302583993,284.327335047129
132.78,194.680131538402,278.783204798645
132.79,116.05817839765,278.783204798629
132.8,-199.418838348275,278.783204798629
132.81,-109.942572109987,278.783204798629
132.82,198.182170146483,278.783204798629
132.83,100.519536902554,278.783204798629
132.84,-227.22589050445,278.783204798629
132.85,-50.6548307800096,278.783204798629
132.86,230.739363044345,278.783204798629
132.87,-72.4967820830323,278.783204798629
132.88,-150.697471410122,275.818337617823
132.89,108.457522078433,275.818337617823
132.9,117.114253156745,275.818337617823
132.91,-165.784750943351,275.818337617823
132.92,-75.6262093619317,275.818337617823
132.93,218.092006259005,275.818337617823
132.94,-117.732574475728,275.818337617823
132.95,-110.496674077391,275.818337617823
132.96,198.50769059809,275.818337617823
132.97,16.2682094281473,275.818337617823
132.98,-184.083586853254,272.853470437018
132.99,111.637330227437,272.853470437018
133,100.87364660762,272.853470437018
133.01,-223.891405894733,272.853470437018
133.02,103.771640942639,272.853470437018
133.03,110.651973007813,272.853470437018
133.04,-214.396398179143,272.853470437018
133.05,112.838369464002,272.853470437018
133.06,102.375249884147,272.853470437018
133.07,-184.04881983147,272.853470437018
133.08,133.513341177552,268.406169665822
133.09,-46.1358144696077,268.40616966581
133.1,-102.914889044656,268.40616966581
133.11,228.08130548791,268.40616966581
133.12,-111.749958367713,268.40616966581
133.13,-99.4876045292492,268.40616966581
133.14,150.449891183732,268.40616966581
133.15,-204.700669328116,268.40616966581
133.16,112.645027581363,268.40616966581
133.17,44.2745292736658,268.40616966581
133.18,-122.433725657443,261.311053984596
133.19,232.54522033286,261.311053984576
133.2,-112.341644942529,261.311053984576
133.21,96.0864258229502,261.311053984576
133.22,117.54323996108,261.311053984576
133.23,-183.035040389273,261.311053984576
133.24,223.475820134634,261.311053984576
133.25,-100.526270458042,261.311053984576
133.26,65.7768763813329,261.311053984576
133.27,107.59202584954,261.311053984576
133.28,-119.755907224196,255.398457583564
133.29,231.575974824298,255.398457583548
133.3,-133.407469829967,255.398457583548
133.31,118.026086089581,255.398457583548
133.32,-11.6791750281825,255.398457583548
133.33,-110.185109459665,255.398457583548
133.34,150.937640101685,255.398457583548
133.35,-232.07029039399,255.398457583548
133.36,164.461939768124,255.398457583548
133.37,-108.891760487642,255.398457583548
133.38,48.0174621063782,262.596401028278
133.39,110.606458048626,262.596401028278
133.4,-101.796794258464,262.596401028278
133.41,185.700301644387,262.596401028278
133.42,-226.404464837922,262.596401028278
133.43,133.425753759472,262.596401028278
133.44,-108.708026134072,262.596401028278
133.45,95.4079821445224,262.596401028278
133.46,76.3387983868354,262.596401028278
133.47,-112.821731731985,262.596401028278
133.48,124.678816348451,269.100257069409
133.49,-187.400749221653,269.100257069409
133.5,233.251720240349,269.100257069409
133.51,-172.066334054292,269.100257069409
133.52,108.553614054348,269.100257069409
133.53,-108.441447611741,269.100257069409
133.54,96.4495413364278,269.100257069409
133.55,-43.4698309388984,269.100257069409
133.56,-77.7977187031663,269.100257069409
133.57,116.703480991865,269.100257069409
133.58,-111.366419832627,277.772065124226
133.59,120.404113582398,277.77206512425
133.6,-184.905661819073,277.77206512425
133.61,218.02779192717,277.77206512425
133.62,-232.738681723429,277.77206512425
133.63,222.307598879822,277.77206512425
133.64,-199.912997176887,277.77206512425
133.65,137.299476066338,277.77206512425
133.66,-165.458084994313,277.77206512425
133.67,108.127942890794,277.77206512425
133.68,-112.0261512286,271.011139674398
133.69,111.337560959954,271.011139674379
133.7,-114.313295889235,271.011139674379
133.71,101.081753251575,271.011139674379
133.72,-105.504427491248,271.011139674379
133.73,101.776378828227,271.011139674379
133.74,-100.962776532134,271.011139674379
133.75,101.888893921385,271.011139674379
133.76,-109.863649083537,271.011139674379
133.77,108.760586652682,271.011139674379
133.78,-165.62323641745,269.828620394176
133.79,169.152567398361,269.828620394173
133.8,-221.057621586118,269.828620394173
133.81,227.825855031089,269.828620394173
133.82,-231.929186857701,269.828620394173
133.83,193.949897677546,269.828620394173
133.84,-150.675105657773,269.828620394173
133.85,95.0005776463591,269.828620394173
133.86,-100.460560093805,269.828620394173
133.87,115.994433699734,269.828620394173
133.88,-112.65055518123,275.081405312768
133.89,74.0581951587201,275.081405312768
133.9,47.1639273946041,275.081405312768
133.91,-120.702818020234,275.081405312768
133.92,114.570592084797,275.081405312768
133.93,-99.4395313974341,275.081405312768
133.94,133.68229234598,275.081405312768
133.95,-134.103888796472,275.081405312768
133.96,199.886714892436,275.081405312768
133.97,-223.702538574708,275.081405312768
133.98,228.322469776522,274.438731790917
133.99,-216.146145498701,274.438731790917
134,205.988794953551,274.438731790917
134.01,-150.075186071906,274.438731790917
134.02,148.152106430599,274.438731790917
134.03,-117.603440344554,274.438731790917
134.04,118.07948388612,274.438731790917
134.05,-99.2988687326727,274.438731790917
134.06,101.505311041057,274.438731790917
134.07,-121.474988828892,274.438731790917
134.08,100.692883866929,278.688946015412
134.09,-119.356521483861,278.688946015424
134.1,116.817786899523,278.688946015424
134.11,-119.535694693785,278.688946015424
134.12,182.212134511036,278.688946015424
134.13,-208.688927356357,278.688946015424
134.14,227.302513843055,278.688946015424
134.15,-223.680100593411,278.688946015424
134.16,195.79826106264,278.688946015424
134.17,-162.822295018452,278.688946015424
134.18,99.7483147659803,280.831191088254
134.19,-111.412663745947,280.83119108826
134.2,95.5316152248612,280.83119108826
134.21,76.2577216996283,280.83119108826
134.22,-113.440833040714,280.83119108826
134.23,117.080986006157,280.83119108826
134.24,-211.185188498252,280.83119108826
134.25,219.82517794909,280.83119108826
134.26,-129.916162939722,280.83119108826
134.27,122.370582658034,280.83119108826
134.28,49.5316062087015,273.384747215103
134.29,-108.448302552087,273.384747215081
134.3,182.506150149393,273.384747215081
134.31,-218.685567035664,273.384747215081
134.32,99.5009570606732,273.384747215081
134.33,-114.694704263344,273.384747215081
134.34,-117.485269985607,273.384747215081
134.35,148.517528998156,273.384747215081
134.36,-218.994578292053,273.384747215081
134.37,115.423669344145,273.384747215081
134.38,-46.704010242861,273.264781491003
134.39,-107.864149035661,273.264781491003
134.4,210.302360266669,273.264781491003
134.41,-165.873291834187,273.264781491003
134.42,115.912632427513,273.264781491003
134.43,109.301469409901,273.264781491003
134.44,-148.508483978832,273.264781491003
134.45,220.085118878749,273.264781491003
134.46,-112.28377181059,273.264781491003
134.47,-75.7256204613152,273.264781491003
134.48,148.378653234004,274.661525278492
134.49,-218.476993692312,274.661525278492
134.5,111.270600608901,274.661525278492
134.51,101.656498433573,274.661525278492
134.52,-148.327991695387,274.661525278492
134.53,195.853072404103,274.661525278492
134.54,-116.379800297602,274.661525278492
134.55,-117.302149999636,274.661525278492
134.56,184.420503386446,274.661525278492
134.57,-130.777278306105,274.661525278492
134.58,46.066341514427,277.18080548414
134.59,127.496210647329,277.180805484147
134.6,-223.703317121305,277.180805484147
134.61,114.284267081059,277.180805484147
134.62,114.612605951607,277.180805484147
134.63,-220.657049764393,277.180805484147
134.64,107.509889317056,277.180805484147
134.65,49.8926236965672,277.180805484147
134.66,-180.885797486763,277.180805484147
134.67,163.77444864427,277.180805484147
134.68,-14.6080791692163,282.39074550127
134.69,-179.296299988096,282.390745501285
134.7,162.997720842315,282.390745501285
134.71,-15.2328793915351,282.390745501285
134.72,-148.760412561336,282.390745501285
134.73,131.040853937888,282.390745501285
134.74,49.0416338447544,282.390745501285
134.75,-184.913952852821,282.390745501285
134.76,110.926716164653,282.390745501285
134.77,118.726355250029,282.390745501285
134.78,-226.617598799033,288.080548414723
134.79,117.860247316656,288.080548414739
134.8,102.73112882899,288.080548414739
134.81,-218.69142146488,288.080548414739
134.82,15.570965761294,288.080548414739
134.83,148.653226356591,288.080548414739
134.84,-113.230921684879,288.080548414739
134.85,-115.828549434907,288.080548414739
134.86,228.660691904892,288.080548414739
134.87,-74.2813551776338,288.080548414739
134.88,-180.257901486884,287.77206512425
134.89,111.448738639711,287.77206512425
134.9,112.927497392519,287.77206512425
134.91,-196.863377964149,287.77206512425
134.92,-51.6525165488014,287.77206512425
134.93,227.26575619919,287.77206512425
134.94,-91.9510217358967,287.77206512425
134.95,-180.666542699927,287.77206512425
134.96,111.411919038475,287.77206512425
134.97,123.96124868056,287.77206512425
134.98,-113.060754158933,290.539845758355
134.99,-103.578905376454,290.539845758355
135,163.829492328226,290.539845758355
135.01,112.71033541432,290.539845758355
135.02,-162.947273070619,290.539845758355
135.03,-107.895652494906,290.539845758355
135.04,163.697345721171,290.539845758355
135.05,114.739234138421,290.539845758355
135.06,-133.450181209681,290.539845758355
135.07,-128.45673520963,290.539845758355
135.08,115.91154012612,296.700942587815
135.09,149.284370380847,296.700942587832
135.1,-91.745355072985,296.700942587832
135.11,-220.914320706358,296.700942587832
135.12,-18.0710916483731,296.700942587832
135.13,215.767813523375,296.700942587832
135.14,119.541652469234,296.700942587832
135.15,-117.387557578046,296.700942587832
135.16,-180.838004145789,296.700942587832
135.17,44.9463351270098,296.700942587832
135.18,215.768363265213,296.195372750644
135.19,115.172070232073,296.195372750643
135.2,-112.831608210187,296.195372750643
135.21,-226.191191008355,296.195372750643
135.22,-97.922124830765,296.195372750643
135.23,138.993788995292,296.195372750643
135.24,221.233155964614,296.195372750643
135.25,112.197533260427,296.195372750643
135.26,-107.15720160227,296.195372750643
135.27,-220.577961863966,296.195372750643
135.28,-184.523252212905,303.290488431856
135.29,-15.6565549097738,303.290488431877
135.3,116.064246363498,303.290488431877
135.31,220.706736338573,303.290488431877
135.32,207.686698354688,303.290488431877
135.33,110.720389938312,303.290488431877
135.34,-35.8973241729005,303.290488431877
135.35,-115.475302826019,303.290488431877
135.36,-212.491465980838,303.290488431877
135.37,-221.091622218658,303.290488431877
135.38,-259.255732537994,311.011139674379
135.39,-172.447130836593,311.011139674379
135.4,-110.567166947023,311.011139674379
135.41,-67.2758608805377,311.011139674379
135.42,-15.9008085225262,311.011139674379
135.43,5.54501547342826,311.011139674379
135.44,92.2351976701183,311.011139674379
135.45,84.8803650150394,311.011139674379
135.46,84.4774223618916,311.011139674379
135.47,84.2781445405311,311.011139674379
135.48,92.1449934846204,325.467009425878
135.49,39.6841229386631,325.467009425878
135.5,15.9864036284674,325.467009425878
135.51,-35.7077974672867,325.467009425878
135.52,-94.543409273487,325.467009425878
135.53,-112.701135246513,325.467009425878
135.54,-152.46033357436,325.467009425878
135.55,-206.603880232923,325.467009425878
135.56,-219.963636932077,325.467009425878
135.57,-234.562879887185,325.467009425878
135.58,-171.768215570264,339.68294772918
135.59,-109.591128701072,339.68294772922
135.6,82.6976395193612,339.68294772922
135.61,113.756165868595,339.68294772922
135.62,207.971836706877,339.68294772922
135.63,226.198152314292,339.68294772922
135.64,226.181482324881,339.68294772922
135.65,88.8338778318896,339.68294772922
135.66,-98.3716526047072,339.68294772922
135.67,-149.177526878542,339.68294772922
135.68,-222.264025162668,348.414738646076
135.69,-116.421414515237,348.414738646101
135.7,-13.7094213968782,348.414738646101
135.71,125.347301512379,348.414738646101
135.72,221.621551624426,348.414738646101
135.73,185.224887244289,348.414738646101
135.74,-38.6854724522098,348.414738646101
135.75,-184.819078111819,348.414738646101
135.76,-234.888289173306,348.414738646101
135.77,-113.183093728315,348.414738646101
135.78,113.889777689322,349.477292202225
135.79,221.620571065695,349.477292202228
135.8,133.369982589826,349.477292202228
135.81,-99.9085146870166,349.477292202228
135.82,-220.312407042589,349.477292202228
135.83,-108.763582698613,349.477292202228
135.84,101.021078188286,349.477292202228
135.85,226.208047771822,349.477292202228
135.86,108.075271183633,349.477292202228
135.87,-113.965492292668,349.477292202228
135.88,-248.199626694749,362.399314481577
135.89,-26.6044854637367,362.399314481577
135.9,153.700003676194,362.399314481577
135.91,260.073469390557,362.399314481577
135.92,-38.807627065917,362.399314481577
135.93,-217.021498383043,362.399314481577
135.94,-110.222828305,362.399314481577
135.95,112.344497386508,362.399314481577
135.96,219.526959153267,362.399314481577
135.97,59.2849763241017,362.399314481577
135.98,-180.493314704915,347.789203084833
135.99,-172.013881348069,347.789203084833
136,100.567509962994,347.789203084833
136.01,221.521476134333,347.789203084833
136.02,90.9512472865494,347.789203084833
136.03,-185.321946112841,347.789203084833
136.04,-201.903715588778,347.789203084833
136.05,74.7024635051021,347.789203084833
136.06,221.247404100585,347.789203084833
136.07,50.1728665620485,347.789203084833
136.08,-216.397069081346,333.710368466193
136.09,-204.417748596179,333.710368466153
136.1,100.688112982385,333.710368466153
136.11,232.509708229569,333.710368466153
136.12,5.71594308038567,333.710368466153
136.13,-207.120751466678,333.710368466153
136.14,-133.985026892197,333.710368466153
136.15,134.05794947141,333.710368466153
136.16,229.091057396096,333.710368466153
136.17,-34.0782127488509,333.710368466153
136.18,-222.462882914337,333.179091688091
136.19,-91.6289544436765,333.179091688089
136.2,208.750610270665,333.179091688089
136.21,141.18770944128,333.179091688089
136.22,-102.703961470542,333.179091688089
136.23,-214.222248748087,333.179091688089
136.24,42.5247110182872,333.179091688089
136.25,224.190594331277,333.179091688089
136.26,84.0277285888736,333.179091688089
136.27,-164.33659827306,333.179091688089
136.28,-171.847032127374,334.601542416448
136.29,105.335069584251,334.601542416452
136.3,248.15578947312,334.601542416452
136.31,11.8544119060473,334.601542416452
136.32,-218.99253378028,334.601542416452
136.33,-110.262735992307,334.601542416452
136.34,158.796619114855,334.601542416452
136.35,228.226403676315,334.601542416452
136.36,-68.9972098865798,334.601542416452
136.37,-223.2042018394,334.601542416452
136.38,-91.2843861313086,336.786632390745
136.39,209.329689209083,336.786632390745
136.4,137.259454280429,336.786632390745
136.41,-100.306182702171,336.786632390745
136.42,-217.306614119494,336.786632390745
136.43,-36.4892406348636,336.786632390745
136.44,184.222575922967,336.786632390745
136.45,144.171976017028,336.786632390745
136.46,-100.382176949327,336.786632390745
136.47,-211.90726836786,336.786632390745
136.48,5.91616536482591,343.69323050557
136.49,183.51182494374,343.69323050557
136.5,230.654281174555,343.69323050557
136.51,-100.893474475256,343.69323050557
136.52,-223.077443687739,343.69323050557
136.53,-91.5349830291013,343.69323050557
136.54,154.691903951875,343.69323050557
136.55,165.250637399872,343.69323050557
136.56,-85.9348357290621,343.69323050557
136.57,-241.421704624863,343.69323050557
136.58,-121.900189962328,338.843187660682
136.59,114.952923216283,338.843187660668
136.6,221.458052024849,338.843187660668
136.61,59.3876369069873,338.843187660668
136.62,-150.696868072229,338.843187660668
136.63,-262.730951786156,338.843187660668
136.64,71.9938190952392,338.843187660668
136.65,207.601560072036,338.843187660668
136.66,170.627514006487,338.843187660668
136.67,-105.799082660147,338.843187660668
136.68,-228.102878363528,341.670951156804
136.69,-92.820493801163,341.670951156812
136.7,128.395648702633,341.670951156812
136.71,215.451270915285,341.670951156812
136.72,58.9922754228818,341.670951156812
136.73,-200.604418233829,341.670951156812
136.74,-162.988086037507,341.670951156812
136.75,-14.53135548104,341.670951156812
136.76,206.504944942569,341.670951156812
136.77,205.021134954893,341.670951156812
136.78,-72.474131993304,339.674378748935
136.79,-253.867801150306,339.674378748929
136.8,-120.960421357694,339.674378748929
136.81,75.049015079004,339.674378748929
136.82,255.255944280581,339.674378748929
136.83,126.051900745341,339.674378748929
136.84,-100.255811399454,339.674378748929
136.85,-223.251945468037,339.674378748929
136.86,-114.804485103794,339.674378748929
136.87,118.749838435696,339.674378748929
136.88,224.256692122409,344.335904027421
136.89,109.251162882783,344.335904027421
136.9,-118.358152566076,344.335904027421
136.91,-223.01238641239,344.335904027421
136.92,-112.509716352583,344.335904027421
136.93,112.988190217578,344.335904027421
136.94,217.223362354672,344.335904027421
136.95,117.371285494662,344.335904027421
136.96,-133.890401791518,344.335904027421
136.97,-226.909025240949,344.335904027421
136.98,-91.0797474712763,345.441302485004
136.99,135.070376366582,345.441302485004
137,225.831002300626,345.441302485004
137.01,86.8849273872769,345.441302485004
137.02,-129.379024492362,345.441302485004
137.03,-221.075222462457,345.441302485004
137.04,-91.171827095717,345.441302485004
137.05,128.392960940606,345.441302485004
137.06,233.360989495503,345.441302485004
137.07,92.7288851523944,345.441302485004
137.08,-156.71871209221,342.973436161104
137.09,-214.359828188657,342.973436161097
137.1,-56.675376977511,342.973436161097
137.11,160.634241169194,342.973436161097
137.12,216.894073770642,342.973436161097
137.13,89.2839501176937,342.973436161097
137.14,-154.098934967029,342.973436161097
137.15,-214.677708958679,342.973436161097
137.16,-61.7730770278661,342.973436161097
137.17,153.915087081833,342.973436161097
137.18,215.270260225368,363.470437017937
137.19,37.0366906492675,363.470437017995
137.2,-148.721582288855,363.470437017995
137.21,-195.740423410538,363.470437017995
137.22,-8.97533099369985,363.470437017995
137.23,187.471057274375,363.470437017995
137.24,160.879093568235,363.470437017995
137.25,-26.4862837512574,363.470437017995
137.26,-181.305862790598,363.470437017995
137.27,-164.814263405867,363.470437017995
137.28,16.808659946956,356.683804627269
137.29,205.663112463157,356.683804627249
137.3,167.044929504484,356.683804627249
137.31,-34.8789632523739,356.683804627249
137.32,-208.533254262156,356.683804627249
137.33,-172.353943732327,356.683804627249
137.34,101.42982231152,356.683804627249
137.35,201.971413765159,356.683804627249
137.36,118.100394203547,356.683804627249
137.37,-101.412769207413,356.683804627249
137.38,-226.314566038405,362.596401028278
137.39,-108.662505128235,362.596401028278
137.4,130.797807527519,362.596401028278
137.41,247.041161019835,362.596401028278
137.42,50.2964325021867,362.596401028278
137.43,-153.135855766881,362.596401028278
137.44,-195.392054816637,362.596401028278
137.45,13.7862813883239,362.596401028278
137.46,206.220013097441,362.596401028278
137.47,162.702884388454,362.596401028278
137.48,-93.3849926851904,356.323907455013
137.49,-226.31065898473,356.323907455013
137.5,-53.6460138994109,356.323907455013
137.51,124.200048648854,356.323907455013
137.52,193.917382676371,356.323907455013
137.53,-38.5281168230282,356.323907455013
137.54,-216.880495604528,356.323907455013
137.55,-121.559471043857,356.323907455013
137.56,114.722660349766,356.323907455013
137.57,185.844365670599,356.323907455013
137.58,8.76265181189694,358.200514138812
137.59,-203.633749407208,358.200514138817
137.6,-121.395294099015,358.200514138817
137.61,104.69444990448,358.200514138817
137.62,227.943967410205,358.200514138817
137.63,-34.1201106268386,358.200514138817
137.64,-220.788778462191,358.200514138817
137.65,-94.3916717493818,358.200514138817
137.66,181.433266271436,358.200514138817
137.67,145.339122690479,358.200514138817
137.68,-142.239882088692,375.569837189325
137.69,-193.150924070714,375.569837189374
137.7,71.7111530018393,375.569837189374
137.71,219.22923858208,375.569837189374
137.72,-41.4797769834453,375.569837189374
137.73,-221.17405812312,375.569837189374
137.74,-60.8148643339157,375.569837189374
137.75,248.402431962373,375.569837189374
137.76,91.4711564424847,375.569837189374
137.77,-180.512771593013,375.569837189374
137.78,-107.306073469652,383.299057412146
137.79,213.472974377299,383.299057412168
137.8,132.971948502998,383.299057412168
137.81,-154.412149431692,383.299057412168
137.82,-144.549984126133,383.299057412168
137.83,125.362586936103,383.299057412168
137.84,117.851284974385,383.299057412168
137.85,-154.37683464058,383.299057412168
137.86,-169.967340948873,383.299057412168
137.87,158.167514288883,383.299057412168
137.88,118.053829585876,392.047986289632
137.89,-178.962479164026,392.047986289632
137.9,-171.781306670997,392.047986289632
137.91,160.208054108259,392.047986289632
137.92,145.586814306987,392.047986289632
137.93,-152.939948673385,392.047986289632
137.94,-110.21582998606,392.047986289632
137.95,186.460909593868,392.047986289632
137.96,115.827366546826,392.047986289632
137.97,-239.196389851914,392.047986289632
137.98,-91.1822270540672,379.845758354756
137.99,220.063682657127,379.845758354756
138,58.3308946581011,379.845758354756
138.01,-218.462007824175,379.845758354756
138.02,9.85835674491709,379.845758354756
138.03,227.329051770418,379.845758354756
138.04,-105.714537585892,379.845758354756
138.05,-232.792573055914,379.845758354756
138.06,192.195218460628,379.845758354756
138.07,108.157332193834,379.845758354756
138.08,-260.69673841203,386.898029134513
138.09,-20.0034161502855,386.898029134533
138.1,209.239502769129,386.898029134533
138.11,-137.927176204532,386.898029134533
138.12,-132.504181773983,386.898029134533
138.13,260.976812944254,386.898029134533
138.14,-47.2895102016749,386.898029134533
138.15,-223.60495858708,386.898029134533
138.16,186.883759789284,386.898029134533
138.17,-4.33072421110696,386.898029134533
138.18,-235.562916567047,407.57497857749
138.19,159.547957749709,407.574978577549
138.2,30.0788701626547,407.574978577549
138.21,-260.886526089229,407.574978577549
138.22,192.417243078813,407.574978577549
138.23,48.3245609664751,407.574978577549
138.24,-220.433364545343,407.574978577549
138.25,266.67425274541,407.574978577549
138.26,-33.1280872442862,407.574978577549
138.27,-122.315459678166,407.574978577549
138.28,237.271023000754,403.573264781502
138.29,-143.618174000614,403.573264781491
138.3,-61.8032226541332,403.573264781491
138.31,192.889468431829,403.573264781491
138.32,-238.387610600707,403.573264781491
138.33,108.454572035023,403.573264781491
138.34,48.2954176709622,403.573264781491
138.35,-190.696704982723,403.573264781491
138.36,199.491839954444,403.573264781491
138.37,-102.728019278888,403.573264781491
138.38,-49.5042583322413,411.748071979434
138.39,166.364857425935,411.748071979434
138.4,-237.225733634432,411.748071979434
138.41,132.590000104153,411.748071979434
138.42,48.8615028887307,411.748071979434
138.43,-172.529528189762,411.748071979434
138.44,225.969585042318,411.748071979434
138.45,-245.526805374822,411.748071979434
138.46,94.5900326435562,411.748071979434
138.47,47.144711137634,411.748071979434
138.48,-160.915638567811,435.766923736075
138.49,232.107906137662,435.766923736075
138.5,-191.716342317317,435.766923736075
138.51,65.2978277258136,435.766923736075
138.52,82.0043152617557,435.766923736075
138.53,-232.965033358617,435.766923736075
138.54,226.470353948729,435.766923736075
138.55,-213.36922934553,435.766923736075
138.56,107.339771554329,435.766923736075
138.57,45.4731427727523,435.766923736075
138.58,-178.448083502546,445.569837189347
138.59,185.070919111326,445.569837189374
138.6,-216.343111702415,445.569837189374
138.61,177.930492851098,445.569837189374
138.62,-90.7988586166525,445.569837189374
138.63,5.52118019916687,445.569837189374
138.64,122.157456845382,445.569837189374
138.65,-210.187529511584,445.569837189374
138.66,217.210730130211,445.569837189374
138.67,-209.384953340766,445.569837189374
138.68,62.901781683237,414.1473864611
138.69,47.6205169140259,414.147386461011
138.7,-204.356407982508,414.147386461011
138.71,224.00101799771,414.147386461011
138.72,-247.04714423388,414.147386461011
138.73,77.5205669244689,414.147386461011
138.74,31.0644449288492,414.147386461011
138.75,-134.624358957244,414.147386461011
138.76,234.928100988688,414.147386461011
138.77,-136.026361287368,414.147386461011
138.78,77.9857654019661,392.107969151734
138.79,122.028571667104,392.107969151671
138.8,-250.955790775715,392.107969151671
138.81,204.368536950855,392.107969151671
138.82,19.9819265424108,392.107969151671
138.83,-145.842364284539,392.107969151671
138.84,219.047200047151,392.107969151671
138.85,-115.383174506252,392.107969151671
138.86,-91.0450460326239,392.107969151671
138.87,207.440474418875,392.107969151671
138.88,-220.35237971148,385.107112253642
138.89,-9.29608956014042,385.107112253642
138.9,227.796511805422,385.107112253642
138.91,-168.268848125965,385.107112253642
138.92,-36.5253925969317,385.107112253642
138.93,187.477318822794,385.107112253642
138.94,-133.278984582993,385.107112253642
138.95,-88.0161849242574,385.107112253642
138.96,241.131302500279,385.107112253642
138.97,-58.9219506167268,385.107112253642
138.98,-166.963268295299,348.988860325621
138.99,205.14144184108,348.988860325621
139,94.7828884588003,348.988860325621
139.01,-263.67410486645,348.988860325621
139.02,44.8536510743869,348.988860325621
139.03,225.953505933238,348.988860325621
139.04,-78.8726506029458,348.988860325621
139.05,-197.742228978286,348.988860325621
139.06,120.532762346867,348.988860325621
139.07,168.325518422744,348.988860325621
139.08,-136.082796470514,341.970865467029
139.09,-203.938229268761,341.970865467009
139.1,162.760346849446,341.970865467009
139.11,169.337270218061,341.970865467009
139.12,-119.185818428349,341.970865467009
139.13,-197.988090955338,341.970865467009
139.14,78.7641791979602,341.970865467009
139.15,227.059995605894,341.970865467009
139.16,-27.218738299358,341.970865467009
139.17,-242.935774874921,341.970865467009
139.18,-116.584035748098,316.341045415668
139.19,126.52760405069,316.341045415596
139.2,195.411804630327,316.341045415596
139.21,-66.4845525358535,316.341045415596
139.22,-263.346121538094,316.341045415596
139.23,-127.300549146582,316.341045415596
139.24,121.204108592289,316.341045415596
139.25,226.080991765447,316.341045415596
139.26,86.1258410798158,316.341045415596
139.27,-160.634529730121,316.341045415596
139.28,-216.601511180096,309.974293059144
139.29,-79.8502226451395,309.974293059126
139.3,130.33680207115,309.974293059126
139.31,227.076582954349,309.974293059126
139.32,108.656647211322,309.974293059126
139.33,-101.794671109508,309.974293059126
139.34,-222.959308571577,309.974293059126
139.35,-172.87287647695,309.974293059126
139.36,24.8703666294317,309.974293059126
139.37,125.04593613443,309.974293059126
139.38,229.307121285281,289.622964867181
139.39,141.8193496933,289.622964867181
139.4,42.6822438823189,289.622964867181
139.41,-115.421573964251,289.622964867181
139.42,-212.972714395598,289.622964867181
139.43,-198.878727550419,289.622964867181
139.44,-114.675416708293,289.622964867181
139.45,41.5054693848009,289.622964867181
139.46,116.471426969155,289.622964867181
139.47,208.44732691913,289.622964867181
139.48,227.12085690092,267.249357326478
139.49,169.616030445369,267.249357326478
139.5,109.141147834798,267.249357326478
139.51,12.8544232043869,267.249357326478
139.52,-101.358732528495,267.249357326478
139.53,-126.253081411524,267.249357326478
139.54,-209.134084532361,267.249357326478
139.55,-229.64668098352,267.249357326478
139.56,-216.477363241822,267.249357326478
139.57,-166.523470738034,267.249357326478
139.58,-120.614561442824,242.407883461939
139.59,-111.680823372454,242.407883461868
139.6,-91.1587252961687,242.407883461868
139.61,-44.7057500740595,242.407883461868
139.62,14.427424978665,242.407883461868
139.63,69.0627612404809,242.407883461868
139.64,101.615913915828,242.407883461868
139.65,112.927840009973,242.407883461868
139.66,120.418677521694,242.407883461868
139.67,120.607824298836,242.407883461868
139.68,115.413043390322,237.677806341059
139.69,120.664700372408,237.677806341045
139.7,120.463040996716,237.677806341045
139.71,112.996695940289,237.677806341045
139.72,102.815184023837,237.677806341045
139.73,104.698486093284,237.677806341045
139.74,72.432478861741,237.677806341045
139.75,-16.3323035320194,237.677806341045
139.76,-74.4732400202388,237.677806341045
139.77,-87.1995974941031,237.677806341045
139.78,-114.536589731762,255.981148243307
139.79,-142.57041504404,255.981148243359
139.8,-167.40212294216,255.981148243359
139.81,-221.807199054462,255.981148243359
139.82,-229.376470357209,255.981148243359
139.83,-183.154162549722,255.981148243359
139.84,-126.421266944904,255.981148243359
139.85,-116.907431272227,255.981148243359
139.86,-17.8310019983228,255.981148243359
139.87,87.6572506217264,255.981148243359
139.88,113.455021974208,282.862039417309
139.89,198.03233408893,282.862039417309
139.9,230.226169662194,282.862039417309
139.91,152.374002806322,282.862039417309
139.92,112.66713861714,282.862039417309
139.93,-44.1187434560506,282.862039417309
139.94,-126.503265955973,282.862039417309
139.95,-215.864405304056,282.862039417309
139.96,-214.39078953611,282.862039417309
139.97,-106.441900377067,282.862039417309
139.98,-51.66412773245,286.503856041131
139.99,113.263896566112,286.503856041131
140,198.235615854103,286.503856041131
140.01,208.339260407499,286.503856041131
140.02,114.184905844551,286.503856041131
140.03,-71.9002358126949,286.503856041131
140.04,-166.027226262199,286.503856041131
140.05,-223.942119352593,286.503856041131
140.06,-119.200256680833,286.503856041131
140.07,94.839205735739,286.503856041131
140.08,165.474781227056,287.120822622106
140.09,185.71582957798,287.120822622108
140.1,106.094435654157,287.120822622108
140.11,-116.784319737631,287.120822622108
140.12,-228.467979847379,287.120822622108
140.13,-129.572342109776,287.120822622108
140.14,74.1125928564325,287.120822622108
140.15,198.568397725909,287.120822622108
140.16,152.504011001687,287.120822622108
140.17,-44.3035866359636,287.120822622108
140.18,-198.182008821919,290.694087403589
140.19,-121.105496912924,290.694087403599
140.2,76.7514773041528,290.694087403599
140.21,218.505548393866,290.694087403599
140.22,116.681637857457,290.694087403599
140.23,-117.752220148764,290.694087403599
140.24,-229.338750268188,290.694087403599
140.25,-97.055837414372,290.694087403599
140.26,165.317373817381,290.694087403599
140.27,121.482166433548,290.694087403599
140.28,-122.297518901581,290.728363324764
140.29,-228.919565096734,290.728363324764
140.3,-51.9079984991296,290.728363324764
140.31,198.192183356217,290.728363324764
140.32,114.08334230795,290.728363324764
140.33,-133.473182795832,290.728363324764
140.34,-122.988516381222,290.728363324764
140.35,113.249639636616,290.728363324764
140.36,183.415641904315,290.728363324764
140.37,-122.354722123022,290.728363324764
140.38,-187.990035167104,290.077120822622
140.39,96.6232535633963,290.077120822622
140.4,212.691665463056,290.077120822622
140.41,-75.0398926861753,290.077120822622
140.42,-214.009246790661,290.077120822622
140.43,96.5967825964322,290.077120822622
140.44,212.68464751983,290.077120822622
140.45,-112.8857487629,290.077120822622
140.46,-184.055480144918,290.077120822622
140.47,119.31681674449,290.077120822622
140.48,150.280739543592,291.456726649529
140.49,-103.15483086931,291.456726649529
140.5,-110.265204879,291.456726649529
140.51,133.571832306831,291.456726649529
140.52,115.888350988189,291.456726649529
140.53,-203.959984693762,291.456726649529
140.54,-50.836929531888,291.456726649529
140.55,225.466793717465,291.456726649529
140.56,-108.585849570915,291.456726649529
140.57,-120.699001637037,291.456726649529
140.58,134.011138846623,293.359040274202
140.59,120.098178486178,293.359040274207
140.6,-227.073286005612,293.359040274207
140.61,97.05827946732,293.359040274207
140.62,120.188278233844,293.359040274207
140.63,-132.97781564993,293.359040274207
140.64,-110.741195709383,293.359040274207
140.65,233.218839853103,293.359040274207
140.66,-118.041686255076,293.359040274207
140.67,-106.680028679609,293.359040274207
140.68,168.890496813623,289.340188517578
140.69,-45.7536558158714,289.340188517566
140.7,-150.625540894586,289.340188517566
140.71,165.126181680144,289.340188517566
140.72,50.3753381288316,289.340188517566
140.73,-184.94564818015,289.340188517566
140.74,135.859857795658,289.340188517566
140.75,50.5865891527114,289.340188517566
140.76,-183.07678551786,289.340188517566
140.77,134.501006681512,289.340188517566
140.78,17.5887479708464,284.601542416466
140.79,-151.093537595055,284.601542416452
140.8,166.506942380307,284.601542416452
140.81,-47.4588963472995,284.601542416452
140.82,-105.822119272313,284.601542416452
140.83,228.895212668765,284.601542416452
140.84,-113.073636592557,284.601542416452
140.85,-109.821331734127,284.601542416452
140.86,185.664087459118,284.601542416452
140.87,-165.451564426287,284.601542416452
140.88,95.5717582150176,283.350471293916
140.89,115.016189306288,283.350471293916
140.9,-219.408570815621,283.350471293916
140.91,133.805294046772,283.350471293916
140.92,-96.0192595173068,283.350471293916
140.93,-111.893310713051,283.350471293916
140.94,224.068999545531,283.350471293916
140.95,-133.652933010053,283.350471293916
140.96,120.813979752827,283.350471293916
140.97,122.436147685828,283.350471293916
140.98,-150.490231296234,281.893744644387
140.99,227.603335543337,281.893744644387
141,-114.316652741818,281.893744644387
141.01,64.5827145245231,281.893744644387
141.02,117.347484700757,281.893744644387
141.03,-183.011624175879,281.893744644387
141.04,223.350718423543,281.893744644387
141.05,-111.896143545009,281.893744644387
141.06,96.6715779204148,281.893744644387
141.07,76.2618100127042,281.893744644387
141.08,-103.713439969059,288.037703513264
141.09,212.98391153826,288.037703513282
141.1,-203.256246958865,288.037703513282
141.11,112.197581680658,288.037703513282
141.12,-121.027990938655,288.037703513282
141.13,-76.0942428964696,288.037703513282
141.14,112.938255008043,288.037703513282
141.15,-121.099932480395,288.037703513282
141.16,218.185417608115,288.037703513282
141.17,-203.301975736638,288.037703513282
141.18,111.199433623531,291.165381319614
141.19,-120.152454624833,291.165381319623
141.2,48.0236495757479,291.165381319623
141.21,75.8931798968032,291.165381319623
141.22,-111.733771286954,291.165381319623
141.23,120.893247976154,291.165381319623
141.24,-187.008887197148,291.165381319623
141.25,231.713206075475,291.165381319623
141.26,-203.005269140126,291.165381319623
141.27,132.367693295622,291.165381319623
141.28,-107.465130850687,290.548414738648
141.29,120.69597797887,290.548414738646
141.3,-66.1912453722206,290.548414738646
141.31,-19.1284763092887,290.548414738646
141.32,112.117376846238,290.548414738646
141.33,-115.860942857915,290.548414738646
141.34,117.280752677552,290.548414738646
141.35,-102.106231341558,290.548414738646
141.36,151.480724812031,290.548414738646
141.37,-212.865020466445,290.548414738646
141.38,229.998152881072,287.652099400171
141.39,-232.606278473106,287.652099400171
141.4,201.103413860153,287.652099400171
141.41,-198.347441573351,287.652099400171
141.42,133.609204081788,287.652099400171
141.43,-131.743949740727,287.652099400171
141.44,101.656974479211,287.652099400171
141.45,-113.840858843402,287.652099400171
141.46,120.826387543255,287.652099400171
141.47,-117.959571722025,287.652099400171
141.48,102.618431176396,293.616109682948
141.49,-97.287043474943,293.616109682948
141.5,47.7726781149288,293.616109682948
141.51,16.0141873164217,293.616109682948
141.52,-19.6589938579143,293.616109682948
141.53,76.570726817001,293.616109682948
141.54,-76.8841406770829,293.616109682948
141.55,86.3561967438954,293.616109682948
141.56,-88.1022618949838,293.616109682948
141.57,110.852535501622,293.616109682948
141.58,-109.807733099017,291.251071122543
141.59,111.842371330842,291.251071122536
141.6,-109.450086798539,291.251071122536
141.61,111.378353436927,291.251071122536
141.62,-110.881917776077,291.251071122536
141.63,110.967044213895,291.251071122536
141.64,-123.346817597258,291.251071122536
141.65,110.726865397718,291.251071122536
141.66,-112.227065611654,291.251071122536
141.67,77.4605232837901,291.251071122536
141.68,-88.2068096890424,288.389031705235
141.69,19.4918386233417,288.389031705227
141.7,-41.104236220498,288.389031705227
141.71,-44.3637683372559,288.389031705227
141.72,48.1988045777344,288.389031705227
141.73,-96.8990234105008,288.389031705227
141.74,92.0212916420152,288.389031705227
141.75,-120.145042680347,288.389031705227
141.76,111.317856831872,288.389031705227
141.77,-100.49363479007,288.389031705227
141.78,135.398854663043,289.38303341902
141.79,-132.713291683778,289.383033419023
141.8,202.318814431372,289.383033419023
141.81,-227.123641767142,289.383033419023
141.82,229.511104151049,289.383033419023
141.83,-187.402507065285,289.383033419023
141.84,120.181166962715,289.383033419023
141.85,-100.297365101343,289.383033419023
141.86,102.61718000509,289.383033419023
141.87,-89.0332631371566,289.383033419023
141.88,-13.4079715672133,289.837189374464
141.89,99.9524671232124,289.837189374464
141.9,-108.596503701539,289.837189374464
141.91,134.020824344695,289.837189374464
141.92,-204.561810554835,289.837189374464
141.93,218.119268890994,289.837189374464
141.94,-151.446148657418,289.837189374464
141.95,103.483677900181,289.837189374464
141.96,-89.4105962474851,289.837189374464
141.97,-47.1332263184016,289.837189374464
141.98,111.209759585695,286.983718937446
141.99,-133.335082414367,286.983718937446
142,231.623225249154,286.983718937446
142.01,-152.601968672892,286.983718937446
142.02,108.859712011093,286.983718937446
142.03,-42.9856603196923,286.983718937446
142.04,-123.371754502538,286.983718937446
142.05,108.464173814461,286.983718937446
142.06,-226.228079472825,286.983718937446
142.07,121.744107852863,286.983718937446
142.08,-106.033859246806,289.73436161096
142.09,-35.4810140412931,289.734361610968
142.1,105.665237774587,289.734361610968
142.11,-226.729911008955,289.734361610968
142.12,121.563645665876,289.734361610968
142.13,-106.312886128374,289.734361610968
142.14,-96.0711955095421,289.734361610968
142.15,111.185609665761,289.734361610968
142.16,-232.803796022611,289.734361610968
142.17,103.106059644709,289.734361610968
142.18,-43.257957772415,291.422450728359
142.19,-108.292405046868,291.422450728363
142.2,221.975840480601,291.422450728363
142.21,-101.812973877669,291.422450728363
142.22,87.2359276135325,291.422450728363
142.23,107.749174780027,291.422450728363
142.24,-226.947359257736,291.422450728363
142.25,119.932868923699,291.422450728363
142.26,-44.2302042836258,291.422450728363
142.27,-108.600729379849,291.422450728363
142.28,231.337260309788,298.723221936569
142.29,-103.277702470232,298.72322193659
142.3,-45.7575900009348,298.72322193659
142.31,134.851061380787,298.72322193659
142.32,-153.006541594651,298.72322193659
142.33,113.387992319946,298.72322193659
142.34,110.794898414529,298.72322193659
142.35,-232.752785245736,298.72322193659
142.36,105.348004844917,298.72322193659
142.37,103.698485834621,298.72322193659
142.38,-172.560000664188,297.300771208226
142.39,119.371649526433,297.300771208226
142.4,30.9321302600381,297.300771208226
142.41,-166.677770666281,297.300771208226
142.42,120.066765294316,297.300771208226
142.43,12.4500325892432,297.300771208226
142.44,-133.110308228468,297.300771208226
142.45,121.13161562834,297.300771208226
142.46,-10.7704304304499,297.300771208226
142.47,-132.846348752905,297.300771208226
142.48,121.039723054509,297.472150814053
142.49,-9.29756251311701,297.472150814053
142.5,-166.53723356855,297.472150814053
142.51,120.701421571972,297.472150814053
142.52,31.0221305184448,297.472150814053
142.53,-135.119804108096,297.472150814053
142.54,96.2477301719479,297.472150814053
142.55,96.3213169474956,297.472150814053
142.56,-224.297854340515,297.472150814053
142.57,113.069425832731,297.472150814053
142.58,112.971459345884,309.77720651239
142.59,-231.067378417246,309.777206512425
142.6,122.111313200987,309.777206512425
142.61,100.942802124481,309.777206512425
142.62,-155.718630450803,309.777206512425
142.63,45.1159535549371,309.777206512425
142.64,108.880780435654,309.777206512425
142.65,-121.20520912371,309.777206512425
142.66,-64.7969517343146,309.777206512425
142.67,173.107708853081,309.777206512425
142.68,-104.201412454931,308.671808054845
142.69,-94.7521668750875,308.671808054841
142.7,220.583766582051,308.671808054841
142.71,-111.526314943817,308.671808054841
142.72,-100.995284676143,308.671808054841
142.73,154.378331782838,308.671808054841
142.74,31.3904674127029,308.671808054841
142.75,-208.490466753365,308.671808054841
142.76,117.061691658349,308.671808054841
142.77,105.712341608719,308.671808054841
142.78,-187.292253247706,305.055698371904
142.79,-12.657543246874,305.055698371894
142.8,203.209102377,305.055698371894
142.81,-117.270436612083,305.055698371894
142.82,-100.044199128522,305.055698371894
142.83,104.102797495179,305.055698371894
142.84,100.060852723465,305.055698371894
142.85,-193.587803032796,305.055698371894
142.86,14.0084729660586,305.055698371894
142.87,202.526866198897,305.055698371894
142.88,-87.167120515967,306.658097686375
142.89,-134.227224044993,306.658097686375
142.9,106.086445529817,306.658097686375
142.91,101.975061047086,306.658097686375
142.92,-102.973898026098,306.658097686375
142.93,-107.574388635467,306.658097686375
142.94,104.491544910628,306.658097686375
142.95,116.091089735921,306.658097686375
142.96,-102.355827925104,306.658097686375
142.97,-113.111633125848,306.658097686375
142.98,120.559806642704,289.374464438732
142.99,108.872381199254,289.374464438732
143,-103.082810084169,289.374464438732
143.01,-108.297864571795,289.374464438732
143.02,101.516256087894,289.374464438732
143.03,100.695778302845,289.374464438732
143.04,-108.105448563609,289.374464438732
143.05,-111.875282296567,289.374464438732
143.06,108.596751024326,289.374464438732
143.07,173.881553457926,289.374464438732
143.08,-10.5031724929008,280.21422450731
143.09,-152.856726215732,280.214224507284
143.1,-121.658527285492,280.214224507284
143.11,103.952677324316,280.214224507284
143.12,105.723064759014,280.214224507284
143.13,-114.104973270983,280.214224507284
143.14,-172.781196055301,280.214224507284
143.15,43.0172429608102,280.214224507284
143.16,194.520471252949,280.214224507284
143.17,108.256551267598,280.214224507284
143.18,-99.2080966235173,279.862896315339
143.19,-133.879931430479,279.862896315338
143.2,53.0488077153755,279.862896315338
143.21,194.033985846311,279.862896315338
143.22,118.064463430172,279.862896315338
143.23,-107.044620475886,279.862896315338
143.24,-172.07746976866,279.862896315338
143.25,-32.8648649758581,279.862896315338
143.26,121.280339257946,279.862896315338
143.27,101.714487435771,279.862896315338
143.28,-87.7415207664988,280.994001713793
143.29,-231.125872214358,280.994001713796
143.3,-115.202060607198,280.994001713796
143.31,108.269973123064,280.994001713796
143.32,206.143040607629,280.994001713796
143.33,120.247059367596,280.994001713796
143.34,-100.994097404372,280.994001713796
143.35,-139.510294546749,280.994001713796
143.36,-32.6662038041239,280.994001713796
143.37,102.585893687695,280.994001713796
143.38,110.176500741797,280.659811482434
143.39,-11.4471441649581,280.659811482434
143.4,-122.489730751835,280.659811482434
143.41,-109.904066507341,280.659811482434
143.42,16.4206190196932,280.659811482434
143.43,187.386918607919,280.659811482434
143.44,109.682037032432,280.659811482434
143.45,-55.1181552312412,280.659811482434
143.46,-154.896366781238,280.659811482434
143.47,-96.9510534092721,280.659811482434
143.48,54.2678247664849,291.036846615253
143.49,192.043285844052,291.036846615253
143.5,101.315391323945,291.036846615253
143.51,-56.9180499192194,291.036846615253
143.52,-192.693763647675,291.036846615253
143.53,-115.872271899545,291.036846615253
143.54,53.6340356686559,291.036846615253
143.55,191.663779046009,291.036846615253
143.56,100.183173833369,291.036846615253
143.57,-88.8680253276184,291.036846615253
143.58,-191.597808970801,309.014567266444
143.59,-99.1912319741736,309.014567266495
143.6,110.964994514903,309.014567266495
143.61,189.06499849878,309.014567266495
143.62,106.098975251938,309.014567266495
143.63,-51.7547146915413,309.014567266495
143.64,-230.09796501225,309.014567266495
143.65,-112.924211484519,309.014567266495
143.66,102.280094304529,309.014567266495
143.67,226.339029941317,309.014567266495
143.68,113.493022421255,297.360754070299
143.69,-106.885313328326,297.360754070266
143.7,-170.985273098223,297.360754070266
143.71,-96.5059025412477,297.360754070266
143.72,111.931367388072,297.360754070266
143.73,136.185903354562,297.360754070266
143.74,46.4591711899322,297.360754070266
143.75,-102.275124295203,297.360754070266
143.76,-111.209430222785,297.360754070266
143.77,17.5293938377519,297.360754070266
143.78,121.147668204941,290.805484147405
143.79,99.3277874465742,290.805484147386
143.8,-54.0347005870164,290.805484147386
143.81,-186.37751239157,290.805484147386
143.82,-100.771761595893,290.805484147386
143.83,24.8879617006518,290.805484147386
143.84,60.9187624405261,290.805484147386
143.85,107.342238229793,290.805484147386
143.86,-19.8666592440213,290.805484147386
143.87,-122.701687522054,290.805484147386
143.88,-187.574843015482,285.852613538989
143.89,-33.0992975330499,285.852613538989
143.9,102.022622623027,285.852613538989
143.91,178.554519327734,285.852613538989
143.92,95.6902530672174,285.852613538989
143.93,-97.7157432576691,285.852613538989
143.94,-238.475245425942,285.852613538989
143.95,-101.895543334503,285.852613538989
143.96,13.4521360665493,285.852613538989
143.97,103.874898476935,285.852613538989
143.98,178.292828972086,284.84147386461
143.99,111.220602639769,284.84147386461
144,-88.0052607906489,284.84147386461
144.01,-192.778219156306,284.84147386461
144.02,-170.887803026961,284.84147386461
144.03,-94.8904420901472,284.84147386461
144.04,108.15090466774,284.84147386461
144.05,155.672827890556,284.84147386461
144.06,134.367548917906,284.84147386461
144.07,95.82965461897,284.84147386461
144.08,-81.357528342932,285.801199657238
144.09,-159.354857852789,285.801199657241
144.1,-195.437134353071,285.801199657241
144.11,-127.91123024962,285.801199657241
144.12,55.0901328246396,285.801199657241
144.13,125.928216397032,285.801199657241
144.14,206.902783542953,285.801199657241
144.15,113.840110543332,285.801199657241
144.16,-10.3886421824107,285.801199657241
144.17,-103.761636399894,285.801199657241
144.18,-219.247645965963,287.532133676088
144.19,-109.402669103437,287.532133676093
144.2,-97.6012194591875,287.532133676093
144.21,88.2774791904967,287.532133676093
144.22,63.9080150091177,287.532133676093
144.23,208.221600322339,287.532133676093
144.24,88.2442713994351,287.532133676093
144.25,96.9439518687941,287.532133676093
144.26,-88.1711894817311,287.532133676093
144.27,-124.655294155843,287.532133676093
144.28,-215.907499278815,287.694944301628
144.29,-74.4569069246838,287.694944301628
144.3,-108.102812196365,287.694944301628
144.31,-32.9812714827823,287.694944301628
144.32,110.619746014122,287.694944301628
144.33,102.900338938387,287.694944301628
144.34,196.962655774872,287.694944301628
144.35,173.050428216612,287.694944301628
144.36,150.501392217379,287.694944301628
144.37,99.788965252802,287.694944301628
144.38,6.26540433688242,287.446443873179
144.39,-85.0262811760876,287.446443873179
144.4,-110.094979221958,287.446443873179
144.41,-123.701422118054,287.446443873179
144.42,-222.695513055632,287.446443873179
144.43,-180.186839358592,287.446443873179
144.44,-109.745485077325,287.446443873179
144.45,-66.5227402173611,287.446443873179
144.46,-123.934046080366,287.446443873179
144.47,-96.1145326699267,287.446443873179
144.48,-31.5279029750493,286.855184233076
144.49,53.9126559900391,286.855184233076
144.5,108.591931067995,286.855184233076
144.51,112.937688554731,286.855184233076
144.52,81.4902393418785,286.855184233076
144.53,97.6901014685976,286.855184233076
144.54,121.474174611324,286.855184233076
144.55,186.944311522957,286.855184233076
144.56,193.973006580798,286.855184233076
144.57,224.39192160398,286.855184233076
144.58,208.667605818651,283.410454155965
144.59,220.419405256128,283.410454155955
144.6,229.524748942219,283.410454155955
144.61,216.151300294897,283.410454155955
144.62,240.735723221226,283.410454155955
144.63,240.638633099515,283.410454155955
144.64,228.344305590493,283.410454155955
144.65,229.059024612466,283.410454155955
144.66,219.732548236472,283.410454155955
144.67,191.092331342148,283.410454155955
144.68,153.150208234488,280.111396743797
144.69,121.704505559079,280.111396743788
144.7,72.4877606154851,280.111396743788
144.71,105.517807944198,280.111396743788
144.72,37.610757407664,280.111396743788
144.73,123.829654961013,280.111396743788
144.74,119.428597241103,280.111396743788
144.75,15.0174853878154,280.111396743788
144.76,-34.2245463476207,280.111396743788
144.77,-114.326496179084,280.111396743788
144.78,-111.741004129884,277.069408740369
144.79,-63.8485681424816,277.06940874036
144.8,-172.985164584256,277.06940874036
144.81,-225.830369250309,277.06940874036
144.82,-155.025141569395,277.06940874036
144.83,-108.063213256524,277.06940874036
144.84,-101.887430274716,277.06940874036
144.85,-13.3746474035747,277.06940874036
144.86,56.3852715714252,277.06940874036
144.87,118.063228119909,277.06940874036
144.88,100.899987742895,273.367609254499
144.89,224.388164463267,273.367609254499
144.9,90.3050650843986,273.367609254499
144.91,105.528259887537,273.367609254499
144.92,53.5328743879705,273.367609254499
144.93,-70.5836718562594,273.367609254499
144.94,-106.192431292795,273.367609254499
144.95,-180.458657164695,273.367609254499
144.96,-188.957457707473,273.367609254499
144.97,-51.9435476024058,273.367609254499
144.98,-24.2236898776387,270.222793487575
144.99,111.163416247818,270.222793487575
145,134.348735632482,270.222793487575
145.01,196.909302244825,270.222793487575
145.02,104.488856526444,270.222793487575
145.03,23.6446125705308,270.222793487575
145.04,-118.561801824109,270.222793487575
145.05,-167.888074179298,270.222793487575
145.06,-116.303509409166,270.222793487575
145.07,-95.6654155234573,270.222793487575
145.08,67.5681708126749,267.549271636683
145.09,99.9919220730084,267.549271636675
145.1,156.562554558742,267.549271636675
145.11,93.6752322655676,267.549271636675
145.12,-97.2459790296763,267.549271636675
145.13,-113.053561232198,267.549271636675
145.14,-125.760251558619,267.549271636675
145.15,-93.7237849507063,267.549271636675
145.16,111.471278270822,267.549271636675
145.17,146.593133125854,267.549271636675
145.18,68.4471886670158,263.401885175676
145.19,15.0408724699971,263.401885175664
145.2,-110.690129591105,263.401885175664
145.21,-161.382176216422,263.401885175664
145.22,-94.7540291326019,263.401885175664
145.23,105.725083886174,263.401885175664
145.24,200.938045108322,263.401885175664
145.25,87.4342036375776,263.401885175664
145.26,-113.039025071487,263.401885175664
145.27,-207.792542044622,263.401885175664
145.28,-113.232104007602,257.129391602417
145.29,111.445295153383,257.129391602399
145.3,194.00607555503,257.129391602399
145.31,89.4491297749023,257.129391602399
145.32,-104.136033674852,257.129391602399
145.33,-125.868760871337,257.129391602399
145.34,-20.8119738530571,257.129391602399
145.35,101.547701065674,257.129391602399
145.36,47.8975544519251,257.129391602399
145.37,-90.4491714693693,257.129391602399
145.38,-224.654068978555,258.166238217652
145.39,-111.328349069728,258.166238217652
145.4,106.872048143705,258.166238217652
145.41,120.394485732346,258.166238217652
145.42,-13.1146770840259,258.166238217652
145.43,-202.290410433543,258.166238217652
145.44,-102.767078289909,258.166238217652
145.45,110.301598682844,258.166238217652
145.46,151.700722715271,258.166238217652
145.47,-69.6267248427375,258.166238217652
145.48,-224.042707870105,261.071122536418
145.49,-59.2197906429605,261.071122536418
145.5,107.088078955751,261.071122536418
145.51,38.9501939164595,261.071122536418
145.52,-118.241961132044,261.071122536418
145.53,-156.917780029369,261.071122536418
145.54,36.2548127297246,261.071122536418
145.55,204.269304221809,261.071122536418
145.56,88.1827347548754,261.071122536418
145.57,-138.036879746366,261.071122536418
145.58,-35.9149810347369,270.351328191919
145.59,104.893303773107,270.351328191945
145.6,85.0329290197766,270.351328191945
145.61,-68.1228333877669,270.351328191945
145.62,-209.753983979428,270.351328191945
145.63,-59.8612488097487,270.351328191945
145.64,199.943499047041,270.351328191945
145.65,103.499384513458,270.351328191945
145.66,-105.424670449218,270.351328191945
145.67,-45.1313362427146,270.351328191945
145.68,116.648336014252,274.892887746345
145.69,173.140449028232,274.892887746358
145.7,-12.8861078545785,274.892887746358
145.71,-176.301916921268,274.892887746358
145.72,-94.7645940651951,274.892887746358
145.73,121.887675109821,274.892887746358
145.74,110.571739072759,274.892887746358
145.75,-103.637912264383,274.892887746358
145.76,-103.071554685976,274.892887746358
145.77,72.5986490778211,274.892887746358
145.78,229.464466216541,284.035989717198
145.79,21.7937104679338,284.035989717224
145.8,-140.364435229364,284.035989717224
145.81,-106.235213802616,284.035989717224
145.82,87.2043584764526,284.035989717224
145.83,71.6272399639327,284.035989717224
145.84,-122.249139220638,284.035989717224
145.85,-182.649472528444,284.035989717224
145.86,37.5764056905597,284.035989717224
145.87,214.827193220903,284.035989717224
145.88,61.1724304469379,262.939160239931
145.89,-138.998177703346,262.939160239931
145.9,-112.29696264115,262.939160239931
145.91,108.919834801003,262.939160239931
145.92,39.2258982531363,262.939160239931
145.93,-109.86664191077,262.939160239931
145.94,-168.47334999367,262.939160239931
145.95,94.0263864107305,262.939160239931
145.96,165.488374784986,262.939160239931
145.97,-12.1091459903316,262.939160239931
145.98,-222.347212910876,259.854327335047
145.99,-71.7381231986902,259.854327335047
146,176.905754282533,259.854327335047
146.01,85.5016915964681,259.854327335047
146.02,-132.353658826533,259.854327335047
146.03,-52.1364311239479,259.854327335047
146.04,98.2880903590121,259.854327335047
146.05,63.980063278899,259.854327335047
146.06,-102.649331600768,259.854327335047
146.07,-64.0350634752845,259.854327335047
146.08,107.964432364399,259.537275064268
146.09,110.888661265275,259.537275064267
146.1,-105.289590151838,259.537275064267
146.11,-61.1174060267168,259.537275064267
146.12,137.974321501029,259.537275064267
146.13,53.4620965908565,259.537275064267
146.14,-72.5634040526663,259.537275064267
146.15,-47.0330916365583,259.537275064267
146.16,108.170069098469,259.537275064267
146.17,94.9842816660825,259.537275064267
146.18,-109.739029583756,258.466152527852
146.19,-80.2257362037569,258.466152527849
146.2,207.940857276104,258.466152527849
146.21,-47.4995290696044,258.466152527849
146.22,-201.355823097285,258.466152527849
146.23,94.524056120341,258.466152527849
146.24,78.0055244969536,258.466152527849
146.25,-108.510681238602,258.466152527849
146.26,-63.7608485971908,258.466152527849
146.27,139.675427470192,258.466152527849
146.28,24.8252650651954,255.535561268217
146.29,-199.185152001258,255.535561268209
146.3,92.3225280863498,255.535561268209
146.31,102.359061413029,255.535561268209
146.32,-110.487223720647,255.535561268209
146.33,-50.5689829537055,255.535561268209
146.34,196.785276598211,255.535561268209
146.35,-87.4191549297368,255.535561268209
146.36,-111.209052590733,255.535561268209
146.37,108.567843616311,255.535561268209
146.38,29.799587707203,254.627249357326
146.39,-164.239887396945,254.627249357326
146.4,111.602243306079,254.627249357326
146.41,102.473106018313,254.627249357326
146.42,-215.380996172341,254.627249357326
146.43,84.4266546609004,254.627249357326
146.44,49.6510875388582,254.627249357326
146.45,-102.171772006798,254.627249357326
146.46,70.0094122685942,254.627249357326
146.47,63.4736228325258,254.627249357326
146.48,-111.439010862055,254.550128534704
146.49,38.7355827260048,254.550128534704
146.5,61.4014234262419,254.550128534704
146.51,-102.418030970065,254.550128534704
146.52,71.4412727258014,254.550128534704
146.53,63.3442250775667,254.550128534704
146.54,-160.745811407889,254.550128534704
146.55,116.801461739807,254.550128534704
146.56,46.6208744990803,254.550128534704
146.57,-187.620983155456,254.550128534704
146.58,54.749277949962,253.461868037707
146.59,93.3428828239369,253.461868037704
146.6,-195.14422830997,253.461868037704
146.61,128.902945717653,253.461868037704
146.62,-10.689751654442,253.461868037704
146.63,-89.3977388280002,253.461868037704
146.64,78.9282871460613,253.461868037704
146.65,-61.279202295938,253.461868037704
146.66,-124.627003663183,253.461868037704
146.67,160.768313244762,253.461868037704
146.68,-98.2972150565073,253.941730934017
146.69,-61.4769816392358,253.941730934019
146.7,128.365955823765,253.941730934019
146.71,-77.6812744409355,253.941730934019
146.72,67.4284157609137,253.941730934019
146.73,119.85772263866,253.941730934019
146.74,-208.963866476208,253.941730934019
146.75,87.1716709362451,253.941730934019
146.76,-12.1447528507041,253.941730934019
146.77,-43.0639452917558,253.941730934019
146.78,112.98773596405,253.504712939161
146.79,-126.286595260675,253.50471293916
146.8,-22.1632244737285,253.50471293916
146.81,71.2652410144707,253.50471293916
146.82,-160.769266213302,253.50471293916
146.83,119.497278037197,253.50471293916
146.84,84.5272418536821,253.50471293916
146.85,-66.3866548078978,253.50471293916
146.86,153.386587330106,253.50471293916
146.87,-121.445890134631,253.50471293916
146.88,-60.0790237802065,254.824335904027
146.89,41.3649319690433,254.824335904027
146.9,-144.557017170146,254.824335904027
146.91,108.772062775832,254.824335904027
146.92,25.5781950246871,254.824335904027
146.93,-60.3359814092361,254.824335904027
146.94,173.908066270903,254.824335904027
146.95,-114.380386921883,254.824335904027
146.96,-17.2185997260615,254.824335904027
146.97,52.7340269610678,254.824335904027
146.98,-201.249999974397,258.560411311054
146.99,150.305864100473,258.560411311054
147,-83.1893930654638,258.560411311054
147.01,-87.4537478460148,258.560411311054
147.02,93.3802107807351,258.560411311054
147.03,-182.5971326083,258.560411311054
147.04,113.720553143034,258.560411311054
147.05,-60.3980716872663,258.560411311054
147.06,-95.1960790014483,258.560411311054
147.07,133.70732471922,258.560411311054
147.08,-112.042125046556,263.78748928876
147.09,115.709684267582,263.787489288775
147.1,-29.48023338133,263.787489288775
147.11,-117.950916701051,263.787489288775
147.12,111.634373015561,263.787489288775
147.13,-158.109009155487,263.787489288775
147.14,113.507035214579,263.787489288775
147.15,-66.6096704748338,263.787489288775
147.16,-78.0685541040049,263.787489288775
147.17,65.1583942248568,263.787489288775
147.18,-186.897728213566,270.299914310179
147.19,103.507838328859,270.299914310197
147.2,-74.5091642360786,270.299914310197
147.21,7.36244836799213,270.299914310197
147.22,93.7747207010747,270.299914310197
147.23,-132.256310352067,270.299914310197
147.24,181.0847322642,270.299914310197
147.25,-156.990729909211,270.299914310197
147.26,118.857716100442,270.299914310197
147.27,-7.11794869736316,270.299914310197
147.28,-80.1753800850255,264.498714652973
147.29,63.2518293446057,264.498714652956
147.3,-228.964235740003,264.498714652956
147.31,123.905275818183,264.498714652956
147.32,-159.04575474712,264.498714652956
147.33,36.9987703627552,264.498714652956
147.34,27.8711170450271,264.498714652956
147.35,-102.618295931335,264.498714652956
147.36,116.496690443996,264.498714652956
147.37,-220.951650711131,264.498714652956
147.38,109.369122763565,263.5646958012
147.39,-133.789722547112,263.5646958012
147.4,73.3442108551368,263.5646958012
147.41,-7.58207850705489,263.5646958012
147.42,-75.1153952009286,263.5646958012
147.43,72.3834689909207,263.5646958012
147.44,-183.017259880384,263.5646958012
147.45,107.054308564077,263.5646958012
147.46,-160.463173031113,263.5646958012
147.47,66.9805397102371,263.5646958012
147.48,-9.17259304506073,270.63410454156
147.49,-67.546637291834,270.63410454156
147.5,44.4166654442791,270.63410454156
147.51,-225.157372495897,270.63410454156
147.52,77.2494256434452,270.63410454156
147.53,-102.867232058272,270.63410454156
147.54,28.0771687431139,270.63410454156
147.55,106.488054351329,270.63410454156
147.56,-104.726143628812,270.63410454156
147.57,203.995329360659,270.63410454156
147.58,-101.013882281657,266.478149100269
147.59,121.1998904266,266.478149100257
147.6,-9.32281713883184,266.478149100257
147.61,-116.000189529996,266.478149100257
147.62,183.96668049718,266.478149100257
147.63,-109.693002473788,266.478149100257
147.64,118.202069786293,266.478149100257
147.65,59.6577128021843,266.478149100257
147.66,-54.3183748267204,266.478149100257
147.67,217.876213001059,266.478149100257
147.68,-103.701597446905,258.32047986292
147.69,-16.7126005936826,258.320479862896
147.7,82.9218492639156,258.320479862896
147.71,-181.826478219386,258.320479862896
147.72,111.345317949896,258.320479862896
147.73,84.2256718394997,258.320479862896
147.74,-167.391775831841,258.320479862896
147.75,153.792159858075,258.320479862896
147.76,-34.5593610315248,258.320479862896
147.77,-96.2315024562025,258.320479862896
147.78,132.370815709141,262.964867180792
147.79,-8.4626651446874,262.964867180805
147.8,-132.355020926814,262.964867180805
147.81,61.4081960633287,262.964867180805
147.82,92.7144965359511,262.964867180805
147.83,-220.292425180917,262.964867180805
147.84,105.845292151732,262.964867180805
147.85,89.7116227990979,262.964867180805
147.86,-96.0088067627483,262.964867180805
147.87,-79.5948404744199,262.964867180805
147.88,228.804965736574,272.527849185947
147.89,2.95975009560123,272.527849185947
147.9,-225.935681305765,272.527849185947
147.91,66.1267891309924,272.527849185947
147.92,141.64897884431,272.527849185947
147.93,-113.142151993454,272.527849185947
147.94,-118.330024398924,272.527849185947
147.95,84.986989860388,272.527849185947
147.96,100.83023858314,272.527849185947
147.97,-123.590172954859,272.527849185947
147.98,-166.319532698318,273.067694944302
147.99,93.9179610207117,273.067694944302
148,200.108512284864,273.067694944302
148.01,-68.5701267856986,273.067694944302
148.02,-223.880419289359,273.067694944302
148.03,-10.4668353531247,273.067694944302
148.04,158.900637113139,273.067694944302
148.05,117.358410795361,273.067694944302
148.06,-110.793265694083,273.067694944302
148.07,-33.500716873141,273.067694944302
148.08,123.337599022631,273.607540702655
148.09,191.144681491248,273.607540702656
148.1,82.4014271214197,273.607540702656
148.11,-109.804111651446,273.607540702656
148.12,-96.950756454972,273.607540702656
148.13,118.238042512862,273.607540702656
148.14,152.258454352052,273.607540702656
148.15,116.595024532859,273.607540702656
148.16,-90.9190255232105,273.607540702656
148.17,-218.77198427033,273.607540702656
148.18,-108.081013001868,276.426735218501
148.19,72.7532694292679,276.426735218509
148.2,77.8376818722486,276.426735218509
148.21,118.633900721478,276.426735218509
148.22,119.917480150591,276.426735218509
148.23,-111.291419523737,276.426735218509
148.24,-166.209690284583,276.426735218509
148.25,-137.820526340791,276.426735218509
148.26,-114.035186336807,276.426735218509
148.27,-10.7259656713518,276.426735218509
148.28,110.500420335751,282.853470437
148.29,132.269840647954,282.853470437018
148.3,229.459622693824,282.853470437018
148.31,149.428636553623,282.853470437018
148.32,95.703414598773,282.853470437018
148.33,102.810010923917,282.853470437018
148.34,53.8880430942836,282.853470437018
148.35,42.8731112652661,282.853470437018
148.36,-57.1686779204831,282.853470437018
148.37,-68.3583268750992,282.853470437018
148.38,-99.634042796829,290.31705227078
148.39,-97.6829213274607,290.31705227078
148.4,-100.417135916929,290.31705227078
148.41,-70.3942220457267,290.31705227078
148.42,-13.0903792007248,290.31705227078
148.43,43.9959329211659,290.31705227078
148.44,113.323178962925,290.31705227078
148.45,102.906350880487,290.31705227078
148.46,149.627337446429,290.31705227078
148.47,214.288798490547,290.31705227078
148.48,195.943576314427,293.5646958012
148.49,102.538574465123,293.5646958012
148.5,46.3323144459078,293.5646958012
148.51,-118.092833808647,293.5646958012
148.52,-121.018075994468,293.5646958012
148.53,-166.865785810301,293.5646958012
148.54,-112.937118827505,293.5646958012
148.55,113.005081714778,293.5646958012
148.56,183.011958279813,293.5646958012
148.57,131.97760928394,293.5646958012
148.58,30.2787332597331,297.712082262199
148.59,-119.743851405495,297.712082262211
148.6,-131.32266049695,297.712082262211
148.61,43.1160040569861,297.712082262211
148.62,150.83789353792,297.712082262211
148.63,104.689181639826,297.712082262211
148.64,-100.512801873715,297.712082262211
148.65,-165.38164626778,297.712082262211
148.66,110.664925958868,297.712082262211
148.67,220.084962437262,297.712082262211
148.68,-76.0115973423422,314.550128534656
148.69,-218.802405711921,314.550128534704
148.7,76.796835716908,314.550128534704
148.71,196.469785497754,314.550128534704
148.72,-116.406474527216,314.550128534704
148.73,-107.13578590305,314.550128534704
148.74,149.329519954894,314.550128534704
148.75,96.4595262199492,314.550128534704
148.76,-225.218237707739,314.550128534704
148.77,109.085379110883,314.550128534704
148.78,120.607044116545,339.708654670023
148.79,-225.181660990081,339.708654670094
148.8,95.344847342817,339.708654670094
148.81,77.3415124309933,339.708654670094
148.82,-163.446543599509,339.708654670094
148.83,183.745477350781,339.708654670094
148.84,-116.413358446069,339.708654670094
148.85,-75.4495469315986,339.708654670094
148.86,106.211148679243,339.708654670094
148.87,-225.268842663236,339.708654670094
148.88,182.814214797481,359.965724078835
148.89,-104.802774875679,359.965724078835
148.9,102.213926731268,359.965724078835
148.91,77.2238334991127,359.965724078835
148.92,-110.174883370529,359.965724078835
148.93,132.164171819137,359.965724078835
148.94,-164.682279803201,359.965724078835
148.95,216.379526194774,359.965724078835
148.96,-229.956112969862,359.965724078835
148.97,228.717484350814,359.965724078835
148.98,-226.278711485449,382.99057412168
148.99,222.517818948473,382.99057412168
149,-220.874784491005,382.99057412168
149.01,226.982479539932,382.99057412168
149.02,-230.034355731514,382.99057412168
149.03,224.063105883781,382.99057412168
149.04,-196.102195292593,382.99057412168
149.05,163.620114271588,382.99057412168
149.06,-100.838295124823,382.99057412168
149.07,108.846606034804,382.99057412168
149.08,-15.0673307305448,387.592116538119
149.09,-118.086655044337,387.592116538132
149.1,119.255181139082,387.592116538132
149.11,-210.892718737623,387.592116538132
149.12,196.487581833936,387.592116538132
149.13,-112.726354548609,387.592116538132
149.14,45.8987601351761,387.592116538132
149.15,112.405036764838,387.592116538132
149.16,-180.709161596345,387.592116538132
149.17,215.722774493474,387.592116538132
149.18,-113.419210359276,413.033419023064
149.19,-96.8600717413952,413.033419023136
149.2,181.419763702409,413.033419023136
149.21,-195.561104951641,413.033419023136
149.22,112.418261666706,413.033419023136
149.23,109.731968984812,413.033419023136
149.24,-225.081804814813,413.033419023136
149.25,109.952473101694,413.033419023136
149.26,115.593682121583,413.033419023136
149.27,-218.634634853742,413.033419023136
149.28,59.3252538628207,438.654670094186
149.29,182.715251357767,438.654670094259
149.3,-166.160729258397,438.654670094259
149.31,-102.537422769837,438.654670094259
149.32,219.897831002201,438.654670094259
149.33,17.5856923589249,438.654670094259
149.34,-220.4494995971,438.654670094259
149.35,96.4112129709305,438.654670094259
149.36,205.399347111978,438.654670094259
149.37,-111.070547447511,438.654670094259
149.38,-207.234734478539,437.352185089974
149.39,91.0352100114016,437.352185089974
149.4,222.09450492911,437.352185089974
149.41,-11.7167171477649,437.352185089974
149.42,-223.235155155257,437.352185089974
149.43,-102.522384771896,437.352185089974
149.44,166.562287389527,437.352185089974
149.45,148.712343856647,437.352185089974
149.46,-91.5564514530624,437.352185089974
149.47,-225.041785438459,437.352185089974
149.48,-113.916860330264,378.389031705227
149.49,106.426229545944,378.389031705227
149.5,222.275365129088,378.389031705227
149.51,104.224330332461,378.389031705227
149.52,-119.925914579739,378.389031705227
149.53,-221.413204448171,378.389031705227
149.54,-113.974653580921,378.389031705227
149.55,106.20272104824,378.389031705227
149.56,219.955696434522,378.389031705227
149.57,148.420664989498,378.389031705227
149.58,39.9490963253123,349.597257926389
149.59,-140.835452864457,349.597257926307
149.6,-228.523601979366,349.597257926307
149.61,-148.582467535164,349.597257926307
149.62,-72.0985155580264,349.597257926307
149.63,106.76641004802,349.597257926307
149.64,188.695780879603,349.597257926307
149.65,232.947960300273,349.597257926307
149.66,153.360617252601,349.597257926307
149.67,113.762738678919,349.597257926307
149.68,-43.5340647854654,341.096829477316
149.69,-124.342835560141,341.096829477292
149.7,-197.426470093081,341.096829477292
149.71,-213.286322325315,341.096829477292
149.72,-241.154232450328,341.096829477292
149.73,-213.200083734289,341.096829477292
149.74,-244.352593584482,341.096829477292
149.75,-166.906887364336,341.096829477292
149.76,-131.165117715622,341.096829477292
149.77,-134.733102485504,341.096829477292
149.78,-118.565531187493,346.058269065967
149.79,-134.180657896811,346.058269065981
149.8,-105.23665261205,346.058269065981
149.81,-158.867729394386,346.058269065981
149.82,-198.887969111346,346.058269065981
149.83,-180.783637136115,346.058269065981
149.84,-203.881404516323,346.058269065981
149.85,-214.725136469955,346.058269065981
149.86,-220.405570244543,346.058269065981
149.87,-194.614768478862,346.058269065981
149.88,-134.226628258369,356.486718080548
149.89,-113.406485418661,356.486718080548
149.9,-90.5283442576978,356.486718080548
149.91,14.6034115231062,356.486718080548
149.92,102.109799061884,356.486718080548
149.93,133.553491067172,356.486718080548
149.94,183.731273332343,356.486718080548
149.95,223.895658877807,356.486718080548
149.96,227.410848425287,356.486718080548
149.97,217.444397364515,356.486718080548
149.98,167.303001801144,344.001713796058
149.99,144.098385154183,344.001713796058
150,116.608864721571,344.001713796058
150.01,87.2318715913727,344.001713796058
150.02,42.285097143926,344.001713796058
150.03,-18.2874449973671,344.001713796058
150.04,-72.093486422773,344.001713796058
150.05,-69.3476120365178,344.001713796058
150.06,-104.337568434529,344.001713796058
150.07,-103.751310938433,344.001713796058
150.08,-104.051275857949,331.525278491895
150.09,-104.049733146084,331.525278491859
150.1,-104.081487569859,331.525278491859
150.11,-104.375014385453,331.525278491859
150.12,-81.2188273481366,331.525278491859
150.13,-72.4586233229045,331.525278491859
150.14,-17.3616510975024,331.525278491859
150.15,46.5029966566096,331.525278491859
150.16,92.3869579970694,331.525278491859
150.17,112.441205695686,331.525278491859
150.18,121.370625793508,318.380462724973
150.19,136.479996947142,318.380462724936
150.2,196.49265888758,318.380462724936
150.21,227.442834073594,318.380462724936
150.22,224.406821412878,318.380462724936
150.23,184.002860036923,318.380462724936
150.24,121.468548634828,318.380462724936
150.25,69.9240636580838,318.380462724936
150.26,-41.0829229025839,318.380462724936
150.27,-112.548736007432,318.380462724936
150.28,-196.461444566597,311.979434447319
150.29,-233.704954681121,311.979434447301
150.3,-150.609636717386,311.979434447301
150.31,-114.5953110811,311.979434447301
150.32,-17.6123900568893,311.979434447301
150.33,125.386534805685,311.979434447301
150.34,197.285810290558,311.979434447301
150.35,209.253288658708,311.979434447301
150.36,116.987319240877,311.979434447301
150.37,17.1027183175664,311.979434447301
150.38,-120.261939144382,309.42587832048
150.39,-228.468040304478,309.42587832048
150.4,-152.83037332406,309.42587832048
150.41,-49.5218568110837,309.42587832048
150.42,113.46944424626,309.42587832048
150.43,223.282516183325,309.42587832048
150.44,120.832076492307,309.42587832048
150.45,-16.457989577511,309.42587832048
150.46,-135.170813136712,309.42587832048
150.47,-214.33595682655,309.42587832048
150.48,-105.560376697223,305.278491859469
150.49,113.413515529207,305.278491859469
150.5,229.983781785164,305.278491859469
150.51,114.626217359532,305.278491859469
150.52,-118.011032847831,305.278491859469
150.53,-233.77209468981,305.278491859469
150.54,-114.331127340092,305.278491859469
150.55,113.491241465287,305.278491859469
150.56,230.233616221528,305.278491859469
150.57,96.1903008042536,305.278491859469
150.58,-135.512613167027,294.395886889491
150.59,-149.802220441266,294.39588688946
150.6,77.9635352254547,294.39588688946
150.61,227.735754809153,294.39588688946
150.62,112.712014999444,294.39588688946
150.63,-138.063930395063,294.39588688946
150.64,-149.352963326044,294.39588688946
150.65,110.12365813563,294.39588688946
150.66,225.336397888763,294.39588688946
150.67,-14.8490206067395,294.39588688946
150.68,-221.979308753217,279.134532990617
150.69,-94.4088246619109,279.134532990574
150.7,165.475100646748,279.134532990574
150.71,114.685013171048,279.134532990574
150.72,-132.852506522493,279.134532990574
150.73,-114.402660058543,279.134532990574
150.74,108.841771714509,279.134532990574
150.75,112.006479271416,279.134532990574
150.76,-138.08149480201,279.134532990574
150.77,-110.101741545689,279.134532990574
150.78,134.224814862797,270.317052270805
150.79,114.567267216729,270.31705227078
150.8,-168.890071864028,270.31705227078
150.81,-109.967520376637,270.31705227078
150.82,223.141697809708,270.31705227078
150.83,16.4321874047908,270.31705227078
150.84,-219.000314572981,270.31705227078
150.85,123.473577831368,270.31705227078
150.86,152.484141637975,270.31705227078
150.87,-135.018813779501,270.31705227078
150.88,-118.672598393765,260.197086546701
150.89,232.539760392438,260.197086546701
150.9,-76.0751979588849,260.197086546701
150.91,-120.752448431028,260.197086546701
150.92,134.801468795885,260.197086546701
150.93,102.238751174011,260.197086546701
150.94,-223.813656109461,260.197086546701
150.95,112.69265932496,260.197086546701
150.96,116.861461178279,260.197086546701
150.97,-232.841974927981,260.197086546701
150.98,112.478074901946,254.087403598972
150.99,114.132258272692,254.087403598972
151,-229.489202054245,254.087403598972
151.01,108.054086662941,254.087403598972
151.02,110.746233370969,254.087403598972
151.03,-212.938511375642,254.087403598972
151.04,133.738498388961,254.087403598972
151.05,17.5367674504898,254.087403598972
151.06,-120.939422934115,254.087403598972
151.07,203.288661447594,254.087403598972
151.08,-115.51923905789,242.999143102002
151.09,-74.5838124192463,242.999143101971
151.1,150.87207320474,242.999143101971
151.11,-199.997418285731,242.999143101971
151.12,120.799708815713,242.999143101971
151.13,76.4443527158771,242.999143101971
151.14,-100.464371379177,242.999143101971
151.15,228.09213268192,242.999143101971
151.16,-112.887198948093,242.999143101971
151.17,78.2100890962508,242.999143101971
151.18,121.310863671537,236.452442159402
151.19,-149.721177361638,236.452442159383
151.2,232.307114595262,236.452442159383
151.21,-132.249369066446,236.452442159383
151.22,117.173191534686,236.452442159383
151.23,18.8745167075623,236.452442159383
151.24,-112.475389894901,236.452442159383
151.25,151.284491537088,236.452442159383
151.26,-223.011433780413,236.452442159383
151.27,198.219814773257,236.452442159383
151.28,-100.717065274602,231.105398457599
151.29,120.952457168087,231.105398457584
151.3,16.2732039929775,231.105398457584
151.31,-122.878325187152,231.105398457584
151.32,117.1244892459,231.105398457584
151.33,-121.166279461249,231.105398457584
151.34,189.644215606095,231.105398457584
151.35,-233.551149680212,231.105398457584
151.36,198.472270064785,231.105398457584
151.37,-166.0595034413,231.105398457584
151.38,98.9267932673698,226.135389888603
151.39,-107.250781516481,226.135389888603
151.4,115.789885274138,226.135389888603
151.41,-96.9027900331962,226.135389888603
151.42,96.2189927056992,226.135389888603
151.43,-47.6141514115038,226.135389888603
151.44,46.3921413535829,226.135389888603
151.45,16.1095549920701,226.135389888603
151.46,-17.1644794412527,226.135389888603
151.47,41.8206183128119,226.135389888603
151.48,-18.5892573570303,224.224507283633
151.49,16.8464943166853,224.224507283633
151.5,45.4807632871274,224.224507283633
151.51,-14.9484808493173,224.224507283633
151.52,96.0274086902023,224.224507283633
151.53,-96.5977814437998,224.224507283633
151.54,116.973025134121,224.224507283633
151.55,-119.983084664359,224.224507283633
151.56,101.075708425121,224.224507283633
151.57,-110.202980997151,224.224507283633
151.58,171.018674023976,221.379605826915
151.59,-221.418324035092,221.379605826907
151.6,228.967572647531,221.379605826907
151.61,-188.397528186855,221.379605826907
151.62,119.799431501063,221.379605826907
151.63,-101.461679224861,221.379605826907
151.64,111.655310095826,221.379605826907
151.65,13.1709110740221,221.379605826907
151.66,-100.618416228863,221.379605826907
151.67,106.056748538291,221.379605826907
151.68,-167.358768483767,217.257926306781
151.69,233.266182507408,217.257926306769
151.7,-151.639227880612,217.257926306769
151.71,104.388245034993,217.257926306769
151.72,-44.2532979391015,217.257926306769
151.73,-95.7603090622711,217.257926306769
151.74,110.290016468088,217.257926306769
151.75,-222.324076002451,217.257926306769
151.76,152.686711643196,217.257926306769
151.77,-112.00351871303,217.257926306769
151.78,15.2533081103141,214.010282776359
151.79,105.746981695344,214.01028277635
151.8,-199.929743292228,214.01028277635
151.81,190.913219993393,214.01028277635
151.82,-118.541181102403,214.01028277635
151.83,-67.4978280706375,214.01028277635
151.84,107.659121114864,214.01028277635
151.85,-219.517103027245,214.01028277635
151.86,105.040812355431,214.01028277635
151.87,46.1791136421049,214.01028277635
151.88,-117.439182016914,213.37617823479
151.89,230.103642456348,213.37617823479
151.9,-116.827057095738,213.37617823479
151.91,-96.1997755832442,213.37617823479
151.92,168.296387426519,213.37617823479
151.93,-122.474489175551,213.37617823479
151.94,75.9134545417865,213.37617823479
151.95,100.940476899085,213.37617823479
151.96,-193.550922412506,213.37617823479
151.97,107.032061553857,213.37617823479
151.98,115.135300440644,212.939160239931
151.99,-229.188106593521,212.939160239931
152,122.498615047646,212.939160239931
152.01,116.024870050184,212.939160239931
152.02,-222.90092808028,212.939160239931
152.03,122.984517528576,212.939160239931
152.04,105.641867713806,212.939160239931
152.05,-217.915078000045,212.939160239931
152.06,25.3081833789534,212.939160239931
152.07,133.768998227042,212.939160239931
152.08,-103.448640917649,210.094258783213
152.09,-101.317702508916,210.094258783205
152.1,233.29294536136,210.094258783205
152.11,-112.268652379474,210.094258783205
152.12,-111.645135173507,210.094258783205
152.13,104.714952332516,210.094258783205
152.14,100.781628941341,210.094258783205
152.15,-222.944691921137,210.094258783205
152.16,43.8549050152435,210.094258783205
152.17,201.365799574277,210.094258783205
152.18,-101.846090398594,208.586118251932
152.19,-101.100477112643,208.586118251928
152.2,97.1012593803811,208.586118251928
152.21,114.162575720576,208.586118251928
152.22,-152.077692424928,208.586118251928
152.23,-94.5075352870221,208.586118251928
152.24,155.70989346519,208.586118251928
152.25,72.1236385578195,208.586118251928
152.26,-196.920012382917,208.586118251928
152.27,-39.4847713593676,208.586118251928
152.28,217.553004590556,208.003427592118
152.29,39.2228234623025,208.003427592117
152.3,-193.497643248149,208.003427592117
152.31,-101.585215638688,208.003427592117
152.32,153.185524763593,208.003427592117
152.33,124.682827543582,208.003427592117
152.34,-122.019113252935,208.003427592117
152.35,-110.721968110155,208.003427592117
152.36,45.6646940081566,208.003427592117
152.37,108.774246803526,208.003427592117
152.38,-112.217948453493,206.075407026564
152.39,-178.899739678969,206.075407026564
152.4,-5.62330269934818,206.075407026564
152.41,194.045591240028,206.075407026564
152.42,113.122291893711,206.075407026564
152.43,-111.212689894619,206.075407026564
152.44,-137.207787450991,206.075407026564
152.45,87.4352469646456,206.075407026564
152.46,220.52811592097,206.075407026564
152.47,120.938276027524,206.075407026564
152.48,-102.317467155489,204.447300771208
152.49,-134.303656639259,204.447300771208
152.5,43.6523208219451,204.447300771208
152.51,156.671945129863,204.447300771208
152.52,105.492722768753,204.447300771208
152.53,-103.818020959492,204.447300771208
152.54,-225.3021670035,204.447300771208
152.55,-97.214475251839,204.447300771208
152.56,106.396158270857,204.447300771208
152.57,172.858565309487,204.447300771208
152.58,64.9811218218622,205.209940017136
152.59,-96.5836591189289,205.209940017138
152.6,-171.487078943593,205.209940017138
152.61,-32.8920635405126,205.209940017138
152.62,104.07684148287,205.209940017138
152.63,135.917158028553,205.209940017138
152.64,37.5144457513311,205.209940017138
152.65,-98.1132827606334,205.209940017138
152.66,-166.685096383292,205.209940017138
152.67,-70.7956001680349,205.209940017138
152.68,40.7971309800274,206.032562125105
152.69,207.124921471593,206.032562125107
152.7,124.755810021392,206.032562125107
152.71,-116.129316875367,206.032562125107
152.72,-222.395487995436,206.032562125107
152.73,-106.184589029548,206.032562125107
152.74,52.6088586473593,206.032562125107
152.75,104.164547437108,206.032562125107
152.76,167.562171880202,206.032562125107
152.77,68.7256986427688,206.032562125107
152.78,-113.905603846849,204.790059982866
152.79,-193.650582251538,204.790059982862
152.8,-100.720119961,204.790059982862
152.81,25.1615373118239,204.790059982862
152.82,100.695117843916,204.790059982862
152.83,226.155111939575,204.790059982862
152.84,108.482854933512,204.790059982862
152.85,-54.9871759934872,204.790059982862
152.86,-102.499952848937,204.790059982862
152.87,-201.668114466929,204.790059982862
152.88,-110.414900877418,205.28706083976
152.89,45.1369755052841,205.28706083976
152.9,154.009989864715,205.28706083976
152.91,166.931002631435,205.28706083976
152.92,108.192533039781,205.28706083976
152.93,-109.507748057217,205.28706083976
152.94,-152.34367606858,205.28706083976
152.95,-166.337190744356,205.28706083976
152.96,-117.449199831324,205.28706083976
152.97,112.578455820378,205.28706083976
152.98,203.286085843069,207.189374464439
152.99,133.374117101598,207.189374464439
153,98.0771753775452,207.189374464439
153.01,-111.521183745168,207.189374464439
153.02,-117.696306573145,207.189374464439
153.03,-131.575089964659,207.189374464439
153.04,-98.5799011331565,207.189374464439
153.05,107.497034161658,207.189374464439
153.06,156.17213318068,207.189374464439
153.07,184.640785995942,207.189374464439
153.08,71.1302733515293,208.320479862893
153.09,-111.209393198482,208.320479862896
153.1,-220.460776962723,208.320479862896
153.11,-90.0262356342361,208.320479862896
153.12,-31.8886698861735,208.320479862896
153.13,105.516411156218,208.320479862896
153.14,226.884293605032,208.320479862896
153.15,104.317830839918,208.320479862896
153.16,-11.9209146598935,208.320479862896
153.17,-124.840303690968,208.320479862896
153.18,-207.269894835056,208.937446443871
153.19,-118.990973368565,208.937446443873
153.2,86.3654499773421,208.937446443873
153.21,120.676795319027,208.937446443873
153.22,139.829629361056,208.937446443873
153.23,120.761934777547,208.937446443873
153.24,-83.6107651843913,208.937446443873
153.25,-123.205344140429,208.937446443873
153.26,-133.591087457419,208.937446443873
153.27,-99.0162059854635,208.937446443873
153.28,108.413695984886,209.065981148243
153.29,156.554997131608,209.065981148243
153.3,166.700937756569,209.065981148243
153.31,67.5883700873575,209.065981148243
153.32,-106.679714479174,209.065981148243
153.33,-154.901197073932,209.065981148243
153.34,-134.303637247634,209.065981148243
153.35,-119.445842469867,209.065981148243
153.36,82.3960665658595,209.065981148243
153.37,120.857013916834,209.065981148243
153.38,206.726233532891,208.66323907455
153.39,105.76077911401,208.66323907455
153.4,-24.031218098499,208.66323907455
153.41,-65.7029429493674,208.66323907455
153.42,-222.524888649529,208.66323907455
153.43,-102.752873706809,208.66323907455
153.44,-45.7548039466278,208.66323907455
153.45,111.780645382607,208.66323907455
153.46,188.194268503787,208.66323907455
153.47,171.530734751563,208.66323907455
153.48,113.621218527975,209.657240788346
153.49,-53.663321721827,209.657240788346
153.5,-127.350284920497,209.657240788346
153.51,-234.923407639883,209.657240788346
153.52,-102.440795269529,209.657240788346
153.53,-70.3245267007346,209.657240788346
153.54,111.458640666301,209.657240788346
153.55,159.418641168588,209.657240788346
153.56,134.74546543029,209.657240788346
153.57,111.22274650859,209.657240788346
153.58,-89.1189262969986,215.329905741201
153.59,-100.155483199775,215.329905741217
153.6,-224.080793127289,215.329905741217
153.61,-105.922712712563,215.329905741217
153.62,42.6672629227327,215.329905741217
153.63,99.1285911330512,215.329905741217
153.64,219.128403519078,215.329905741217
153.65,105.211455187549,215.329905741217
153.66,7.83404136817132,215.329905741217
153.67,-102.812170068521,215.329905741217
153.68,-221.227286968318,216.12682090831
153.69,-95.8239767874057,216.126820908312
153.7,-45.7963263401084,216.126820908312
153.71,106.986445385968,216.126820908312
153.72,195.917313239883,216.126820908312
153.73,109.880139840991,216.126820908312
153.74,70.5677010639531,216.126820908312
153.75,-108.718968333331,216.126820908312
153.76,-174.562042284651,216.126820908312
153.77,-134.210711335686,216.126820908312
153.78,-69.7294996248554,215.79263067695
153.79,111.686185766444,215.792630676949
153.8,193.518225064317,215.792630676949
153.81,134.105138468674,215.792630676949
153.82,70.7909444414927,215.792630676949
153.83,-107.366043383651,215.792630676949
153.84,-154.770761364086,215.792630676949
153.85,-134.199162233994,215.792630676949
153.86,-120.242168994334,215.792630676949
153.87,82.4791125519133,215.792630676949
153.88,120.772509036367,212.562125107112
153.89,206.438469943607,212.562125107112
153.9,109.310248468404,212.562125107112
153.91,-74.8385421499258,212.562125107112
153.92,-96.1615902317145,212.562125107112
153.93,-231.58155774605,212.562125107112
153.94,-100.338930476811,212.562125107112
153.95,-47.5441566129802,212.562125107112
153.96,116.026098657408,212.562125107112
153.97,188.000243360534,212.562125107112
153.98,138.223744509295,211.396743787489
153.99,115.552487296235,211.396743787489
154,-86.3417948153456,211.396743787489
154.01,-161.724076151939,211.396743787489
154.02,-197.597042896489,211.396743787489
154.03,-103.672013028434,211.396743787489
154.04,14.1794896815361,211.396743787489
154.05,104.70874678332,211.396743787489
154.06,228.842564881966,211.396743787489
154.07,108.086806295357,211.396743787489
154.08,64.0278516394927,218.097686375302
154.09,-107.6221885723,218.097686375321
154.1,-216.679754267087,218.097686375321
154.11,-110.400138750117,218.097686375321
154.12,-12.9785733218005,218.097686375321
154.13,104.159417766443,218.097686375321
154.14,225.690585161523,218.097686375321
154.15,104.960417072839,218.097686375321
154.16,-53.3031545217973,218.097686375321
154.17,-99.9016582011786,218.097686375321
154.18,-165.798557539972,220.317052270773
154.19,-100.3016104264,220.31705227078
154.2,116.071685747283,220.31705227078
154.21,229.869005880025,220.31705227078
154.22,106.949315414892,220.31705227078
154.23,-110.683821242114,220.31705227078
154.24,-184.917481212051,220.31705227078
154.25,-96.0601615767682,220.31705227078
154.26,43.2159430847433,220.31705227078
154.27,119.646400363026,220.31705227078
154.28,73.9621662346864,222.519280205649
154.29,12.557506930612,222.519280205656
154.3,-70.1625969246952,222.519280205656
154.31,-164.910083029072,222.519280205656
154.32,-64.3145204268429,222.519280205656
154.33,102.665266748357,222.519280205656
154.34,133.838611952382,222.519280205656
154.35,43.9620736785988,222.519280205656
154.36,-121.129562057769,222.519280205656
154.37,-132.592159652078,222.519280205656
154.38,23.9003042495122,225.886889460154
154.39,121.457978584728,225.886889460154
154.4,100.546997098075,225.886889460154
154.41,-110.789185209657,225.886889460154
154.42,-188.105171575275,225.886889460154
154.43,-107.282187007507,225.886889460154
154.44,108.024197448508,225.886889460154
154.45,226.516991844294,225.886889460154
154.46,94.8449202827208,225.886889460154
154.47,-103.953116682879,225.886889460154
154.48,-170.179161456617,223.419023136247
154.49,-70.3071887765147,223.419023136247
154.5,120.1143351795,223.419023136247
154.51,134.260119538977,223.419023136247
154.52,-54.5357009079838,223.419023136247
154.53,-215.874336205374,223.419023136247
154.54,-115.309263329915,223.419023136247
154.55,117.74450568148,223.419023136247
154.56,226.370747891444,223.419023136247
154.57,71.5651772726266,223.419023136247
154.58,-120.823457342151,224.601542416449
154.59,-108.622619854695,224.601542416452
154.6,86.3706324654149,224.601542416452
154.61,229.717978579008,224.601542416452
154.62,112.066346342737,224.601542416452
154.63,-103.749391945829,224.601542416452
154.64,-132.430427562895,224.601542416452
154.65,85.4905410794382,224.601542416452
154.66,229.590705948699,224.601542416452
154.67,99.2459387756053,224.601542416452
154.68,-95.9179624898386,224.58440445587
154.69,-98.0335778902228,224.58440445587
154.7,116.983862087112,224.58440445587
154.71,199.395176943371,224.58440445587
154.72,-19.0793982271738,224.58440445587
154.73,-216.684032317726,224.58440445587
154.74,-99.5680186854907,224.58440445587
154.75,119.330562199185,224.58440445587
154.76,104.116838040333,224.58440445587
154.77,-104.306908412288,224.58440445587
154.78,-107.317746303801,226.786632390739
154.79,115.306102698332,226.786632390745
154.8,134.562992762662,226.786632390745
154.81,-89.0262466591162,226.786632390745
154.82,-206.291842096007,226.786632390745
154.83,44.0765000780642,226.786632390745
154.84,204.721717269468,226.786632390745
154.85,-12.2850918769561,226.786632390745
154.86,-223.741855270092,226.786632390745
154.87,43.2888275360901,226.786632390745
154.88,224.493107385431,227.669237360754
154.89,-54.3859238786886,227.669237360754
154.9,-201.570636202261,227.669237360754
154.91,111.709788924822,227.669237360754
154.92,165.772226193004,227.669237360754
154.93,-99.8406349428919,227.669237360754
154.94,-110.156936428496,227.669237360754
154.95,104.745987580969,227.669237360754
154.96,110.439492603092,227.669237360754
154.97,-150.436760673857,227.669237360754
154.98,-95.0971048810781,228.53470437018
154.99,224.653301490171,228.53470437018
155,-110.819343160454,228.53470437018
155.01,-133.792412997491,228.53470437018
155.02,118.578735319943,228.53470437018
155.03,116.418940070541,228.53470437018
155.04,-229.334560412835,228.53470437018
155.05,112.287416075613,228.53470437018
155.06,108.561022398454,228.53470437018
155.07,-181.187086034619,228.53470437018
155.08,-43.491648164173,234.82433590401
155.09,164.535455794883,234.824335904027
155.1,-120.809962740697,234.824335904027
155.11,-46.1101082893295,234.824335904027
155.12,165.650498793336,234.824335904027
155.13,-124.293591618543,234.824335904027
155.14,-44.3299322027943,234.824335904027
155.15,131.664792703118,234.824335904027
155.16,-184.015001519894,234.824335904027
155.17,86.5685880685404,234.824335904027
155.18,104.951856311528,238.491859468713
155.19,-230.121081725588,238.491859468723
155.2,99.4232253434001,238.491859468723
155.21,-16.1801161456534,238.491859468723
155.22,-106.550743854808,238.491859468723
155.23,227.15603704991,238.491859468723
155.24,-100.145688309199,238.491859468723
155.25,15.5935165050299,238.491859468723
155.26,99.4374544041064,238.491859468723
155.27,-222.913792194827,238.491859468723
155.28,148.673158956687,243.72750642672
155.29,-105.606888936915,243.727506426735
155.3,-96.4995155449706,243.727506426735
155.31,98.7143405118896,243.727506426735
155.32,-218.743986198524,243.727506426735
155.33,183.301765518213,243.727506426735
155.34,-100.018220046368,243.727506426735
155.35,76.5525031190563,243.727506426735
155.36,95.4534234264391,243.727506426735
155.37,-98.0806340097201,243.727506426735
155.38,166.608865470489,241.396743787489
155.39,-229.384914182015,241.396743787489
155.4,182.699054238482,241.396743787489
155.41,-105.084822481146,241.396743787489
155.42,116.29041262913,241.396743787489
155.43,-76.2679628294828,241.396743787489
155.44,-45.8955632108067,241.396743787489
155.45,107.805339041927,241.396743787489
155.46,-113.000708156614,241.396743787489
155.47,110.598067534627,241.396743787489
155.48,-106.866602042712,247.240788346187
155.49,163.685315636626,247.240788346187
155.5,-165.469239408591,247.240788346187
155.51,196.630086511139,247.240788346187
155.52,-196.772433738329,247.240788346187
155.53,196.575472057487,247.240788346187
155.54,-196.749645814488,247.240788346187
155.55,195.09928706078,247.240788346187
155.56,-162.710558367226,247.240788346187
155.57,105.602700861919,247.240788346187
155.58,-95.3719396176912,250.856898029124
155.59,110.435175176368,250.856898029135
155.6,-111.31888856279,250.856898029135
155.61,15.8208283910025,250.856898029135
155.62,50.4195715808925,250.856898029135
155.63,-115.348119552039,250.856898029135
155.64,119.515159516107,250.856898029135
155.65,-183.120817066998,250.856898029135
155.66,223.857722776164,250.856898029135
155.67,-129.872315807828,250.856898029135
155.68,116.953303117292,253.23050556983
155.69,-15.1997073178353,253.230505569837
155.7,-113.930322508104,253.230505569837
155.71,204.817267691669,253.230505569837
155.72,-218.414128495281,253.230505569837
155.73,110.623837423734,253.230505569837
155.74,-15.0925782066086,253.230505569837
155.75,-100.918320719353,253.230505569837
155.76,227.231281972347,253.230505569837
155.77,-135.855967783029,253.230505569837
155.78,-18.2592699053131,256.503856041122
155.79,119.442177636326,256.503856041131
155.8,-218.424115928544,256.503856041131
155.81,117.314103634335,256.503856041131
155.82,112.866234483564,256.503856041131
155.83,-226.470857940022,256.503856041131
155.84,110.729787169978,256.503856041131
155.85,111.993000177483,256.503856041131
155.86,-230.004096107715,256.503856041131
155.87,116.995256464896,256.503856041131
155.88,115.150393406154,259.040274207369
155.89,-213.9767039646,259.040274207369
155.9,46.5756037366726,259.040274207369
155.91,181.56206656554,259.040274207369
155.92,-117.573905589027,259.040274207369
155.93,-112.640520228152,259.040274207369
155.94,213.972745132331,259.040274207369
155.95,49.1085844892905,259.040274207369
155.96,-225.836172007733,259.040274207369
155.97,90.923112191552,259.040274207369
155.98,205.617274882082,263.624678663239
155.99,-115.550455744526,263.624678663239
156,-179.709602234607,263.624678663239
156.01,114.327088480043,263.624678663239
156.02,147.803167632563,263.624678663239
156.03,-112.354521997929,263.624678663239
156.04,-179.753844960342,263.624678663239
156.05,110.434161274523,263.624678663239
156.06,206.017459464407,263.624678663239
156.07,-64.7660857679268,263.624678663239
156.08,-221.542561702069,266.538131962288
156.09,-80.4237514190372,266.538131962296
156.1,192.996307805293,266.538131962296
156.11,123.089689757402,266.538131962296
156.12,-109.582367208768,266.538131962296
156.13,-226.054152375515,266.538131962296
156.14,-103.441520678455,266.538131962296
156.15,134.291078060344,266.538131962296
156.16,205.823940537934,266.538131962296
156.17,81.4403046571841,266.538131962296
156.18,-133.310795782478,272.39931448156
156.19,-219.413962192959,272.399314481577
156.2,-102.553001313681,272.399314481577
156.21,114.230044757449,272.399314481577
156.22,219.893797269797,272.399314481577
156.23,181.427222903508,272.399314481577
156.24,68.6817049545045,272.399314481577
156.25,-114.566893960006,272.399314481577
156.26,-159.351766054008,272.399314481577
156.27,-216.912050513491,272.399314481577
156.28,-133.274396236911,279.657240788326
156.29,-14.7880180539529,279.657240788346
156.3,110.274495449769,279.657240788346
156.31,166.590988699205,279.657240788346
156.32,220.034748596228,279.657240788346
156.33,248.636635895294,279.657240788346
156.34,152.635809401305,279.657240788346
156.35,104.968881883812,279.657240788346
156.36,81.693094256664,279.657240788346
156.37,-8.53375362411239,279.657240788346
156.38,-91.1998028936684,284.164524421594
156.39,-125.006040037685,284.164524421594
156.4,-145.346188676189,284.164524421594
156.41,-199.485927930012,284.164524421594
156.42,-228.22136128694,284.164524421594
156.43,-132.05913947811,284.164524421594
156.44,-164.010923262458,284.164524421594
156.45,-166.216794487105,284.164524421594
156.46,-133.286773961961,284.164524421594
156.47,-182.839790252858,284.164524421594
156.48,-108.179083131096,292.022279348757
156.49,-52.1688285051311,292.022279348757
156.5,-47.1711663141078,292.022279348757
156.51,103.037284129526,292.022279348757
156.52,133.082270159602,292.022279348757
156.53,175.61050719923,292.022279348757
156.54,220.975415772925,292.022279348757
156.55,265.282018727803,292.022279348757
156.56,87.5067013435871,292.022279348757
156.57,-72.5753382733542,292.022279348757
156.58,-165.007470640383,300.685518423283
156.59,-248.541084408574,300.685518423308
156.6,-133.477095635463,300.685518423308
156.61,69.6457580112018,300.685518423308
156.62,218.026145145661,300.685518423308
156.63,164.871867242015,300.685518423308
156.64,-79.1574687988106,300.685518423308
156.65,-271.64647752279,300.685518423308
156.66,-228.979564576727,300.685518423308
156.67,78.1874790909417,300.685518423308
156.68,261.638848255298,307.883461868017
156.69,80.6395349343067,307.883461868038
156.7,-189.992794910433,307.883461868038
156.71,-192.613898490515,307.883461868038
156.72,82.4597522253907,307.883461868038
156.73,227.054176212741,307.883461868038
156.74,20.4037095849672,307.883461868038
156.75,-242.541727381876,307.883461868038
156.76,-61.515282250048,307.883461868038
156.77,235.250224341212,307.883461868038
156.78,91.078793871797,316.401028277611
156.79,-216.613395887048,316.401028277635
156.8,-51.8632230497998,316.401028277635
156.81,248.171586894342,316.401028277635
156.82,94.2825860491383,316.401028277635
156.83,-265.162124285671,316.401028277635
156.84,26.4560282127249,316.401028277635
156.85,220.525688216647,316.401028277635
156.86,-34.0321312565947,316.401028277635
156.87,-214.899296800529,316.401028277635
156.88,95.6664249888314,317.035132819195
156.89,165.798040701054,317.035132819195
156.9,-130.060861915604,317.035132819195
156.91,-177.920943929436,317.035132819195
156.92,205.507678444696,317.035132819195
156.93,54.0504871061732,317.035132819195
156.94,-226.830366685569,317.035132819195
156.95,76.0205932037159,317.035132819195
156.96,259.7364330285,317.035132819195
156.97,-133.320145367765,317.035132819195
156.98,-109.239579906531,322.442159383033
156.99,248.390981984779,322.442159383033
157,-14.9967851431052,322.442159383033
157.01,-237.138246137469,322.442159383033
157.02,134.409521178446,322.442159383033
157.03,164.444423788663,322.442159383033
157.04,-219.245781005696,322.442159383033
157.05,-47.102795552528,322.442159383033
157.06,222.24110381259,322.442159383033
157.07,-112.895861132039,322.442159383033
157.08,-134.095844121688,329.057412167933
157.09,156.073723186692,329.057412167952
157.1,102.117122520713,329.057412167952
157.11,-207.047812875881,329.057412167952
157.12,-61.6407042512964,329.057412167952
157.13,234.840324224989,329.057412167952
157.14,19.352627650785,329.057412167952
157.15,-227.773695055019,329.057412167952
157.16,72.2207366686779,329.057412167952
157.17,229.699046458746,329.057412167952
157.18,-73.6862754860389,306.709511568187
157.19,-228.647426401691,306.709511568123
157.2,-10.2314132650601,306.709511568123
157.21,257.417411491905,306.709511568123
157.22,86.6100896667144,306.709511568123
157.23,-243.355612578053,306.709511568123
157.24,-127.56404461113,306.709511568123
157.25,130.12755929282,306.709511568123
157.26,227.671717782153,306.709511568123
157.27,-67.0729369504473,306.709511568123
157.28,-224.474428298376,294.310197086582
157.29,-111.369915476783,294.310197086547
157.3,160.837263822621,294.310197086547
157.31,191.069650720633,294.310197086547
157.32,-17.9767720879429,294.310197086547
157.33,-215.240833467697,294.310197086547
157.34,-173.463748021751,294.310197086547
157.35,36.6832611680624,294.310197086547
157.36,209.758131557801,294.310197086547
157.37,137.871105240947,294.310197086547
157.38,-35.0754276959231,283.256212510711
157.39,-210.090137779569,283.256212510711
157.4,-166.872474269034,283.256212510711
157.41,-61.695471435877,283.256212510711
157.42,135.265281034894,283.256212510711
157.43,233.35865895236,283.256212510711
157.44,121.755099179194,283.256212510711
157.45,-38.4924348856787,283.256212510711
157.46,-201.58858356469,283.256212510711
157.47,-225.646083319148,283.256212510711
157.48,-120.649807128927,275.5441302485
157.49,16.9858681431706,275.5441302485
157.5,116.552827629197,275.5441302485
157.51,224.416963904854,275.5441302485
157.52,230.968949400986,275.5441302485
157.53,125.744377956391,275.5441302485
157.54,12.9456947917641,275.5441302485
157.55,-114.364133564292,275.5441302485
157.56,-184.224454805344,275.5441302485
157.57,-224.329050856799,275.5441302485
157.58,-199.456724476956,275.458440445587
157.59,-127.533936583712,275.458440445587
157.6,-61.763379921422,275.458440445587
157.61,68.6640734215863,275.458440445587
157.62,116.242872055169,275.458440445587
157.63,183.935681274995,275.458440445587
157.64,224.449615683807,275.458440445587
157.65,227.67891081911,275.458440445587
157.66,217.655555118474,275.458440445587
157.67,167.99957491393,275.458440445587
157.68,118.429657596656,275.732647814909
157.69,112.221633199184,275.73264781491
157.7,85.9621564285483,275.73264781491
157.71,45.4917016717825,275.73264781491
157.72,-15.535915436829,275.73264781491
157.73,-67.4234332894165,275.73264781491
157.74,-104.14295724309,275.73264781491
157.75,-103.127554992381,275.73264781491
157.76,-114.61321248432,275.73264781491
157.77,-115.036105256365,275.73264781491
157.78,-119.652935113634,278.84318766066
157.79,-119.672966878041,278.843187660668
157.8,-115.467387804875,278.843187660668
157.81,-114.370169460172,278.843187660668
157.82,-102.792467736069,278.843187660668
157.83,-81.4056871462021,278.843187660668
157.84,-84.2177880168996,278.843187660668
157.85,-16.4196900646944,278.843187660668
157.86,45.0643742629563,278.843187660668
157.87,92.3218954326968,278.843187660668
157.88,112.315759423179,276.94087403599
157.89,118.882105974762,276.94087403599
157.9,168.261666609479,276.94087403599
157.91,196.113305233367,276.94087403599
157.92,227.721658207976,276.94087403599
157.93,224.31179991682,276.94087403599
157.94,152.435424361828,276.94087403599
157.95,121.407393929207,276.94087403599
157.96,73.6355332100142,276.94087403599
157.97,-92.1751031348137,276.94087403599
157.98,-123.978904013264,272.682090831191
157.99,-198.313395844312,272.682090831191
158,-229.816044335791,272.682090831191
158.01,-151.798009358298,272.682090831191
158.02,-104.510546722801,272.682090831191
158.03,77.2439979507539,272.682090831191
158.04,118.015597383943,272.682090831191
158.05,222.460519022351,272.682090831191
158.06,185.597489011992,272.682090831191
158.07,113.944666249165,272.682090831191
158.08,-75.2469159569928,270.282776349621
158.09,-138.745766253509,270.282776349614
158.1,-230.168060230544,270.282776349614
158.11,-126.149106146329,270.282776349614
158.12,14.8903326037964,270.282776349614
158.13,113.505615958663,270.282776349614
158.14,232.397191392088,270.282776349614
158.15,111.608700036472,270.282776349614
158.16,-75.3391109646667,270.282776349614
158.17,-165.343835830429,270.282776349614
158.18,-185.027414198496,267.98628963154
158.19,-108.549140653016,267.986289631534
158.2,112.883451815147,267.986289631534
158.21,229.870393770689,267.986289631534
158.22,108.596553001714,267.986289631534
158.23,-113.377383146306,267.986289631534
158.24,-227.41170184089,267.986289631534
158.25,-109.097012440959,267.986289631534
158.26,110.332342662585,267.986289631534
158.27,216.435395133914,267.986289631534
158.28,123.345088398943,270.445586975143
158.29,-91.4021718551361,270.44558697515
158.3,-219.631253281689,270.44558697515
158.31,-125.254231063188,270.44558697515
158.32,91.2543239897592,270.44558697515
158.33,215.977695172207,270.44558697515
158.34,128.295555900838,270.44558697515
158.35,-71.323853905382,270.44558697515
158.36,-197.137780084322,270.44558697515
158.37,-125.40380175077,270.44558697515
158.38,73.3998744035603,282.476435304199
158.39,196.455499390525,282.476435304199
158.4,124.385731186114,282.476435304199
158.41,-75.1846705907512,282.476435304199
158.42,-195.46416675036,282.476435304199
158.43,-151.541455334057,282.476435304199
158.44,14.0945342030682,282.476435304199
158.45,163.760613422897,282.476435304199
158.46,181.999069902347,282.476435304199
158.47,49.1751779865488,282.476435304199
158.48,-131.693682957281,300.085689802913
158.49,-208.418596937002,300.085689802913
158.5,-69.9179874590283,300.085689802913
158.51,116.999739966864,300.085689802913
158.52,228.923465138865,300.085689802913
158.53,115.048492418969,300.085689802913
158.54,-116.758211805838,300.085689802913
158.55,-232.287175204602,300.085689802913
158.56,-113.764934771831,300.085689802913
158.57,109.920971425749,300.085689802913
158.58,216.78332534042,301.799485861178
158.59,124.835056671921,301.799485861183
158.6,-75.0741996141628,301.799485861183
158.61,-199.113789484113,301.799485861183
158.62,-122.904608302743,301.799485861183
158.63,77.2257505453743,301.799485861183
158.64,198.374143718739,301.799485861183
158.65,121.047569342752,301.799485861183
158.66,-71.8944512326818,301.799485861183
158.67,-200.279655461764,301.799485861183
158.68,-110.00896601396,301.919451585261
158.69,112.344102823022,301.919451585261
158.7,229.897026952142,301.919451585261
158.71,120.073326034515,301.919451585261
158.72,-135.892707430617,301.919451585261
158.73,-182.101987092617,301.919451585261
158.74,77.9634750816596,301.919451585261
158.75,223.054313857859,301.919451585261
158.76,116.196012865086,301.919451585261
158.77,-138.337958443097,301.919451585261
158.78,-152.798015070424,307.720651242486
158.79,104.928435514176,307.720651242502
158.8,218.102520062181,307.720651242502
158.81,-16.05837868903,307.720651242502
158.82,-221.764431064275,307.720651242502
158.83,-97.11002064147,307.720651242502
158.84,195.101782238137,307.720651242502
158.85,113.759092551121,307.720651242502
158.86,-135.135474865224,307.720651242502
158.87,-119.448843421019,307.720651242502
158.88,138.799458396329,299.588688946015
158.89,112.416095111722,299.588688946015
158.9,-115.39105633982,299.588688946015
158.91,-101.892169026937,299.588688946015
158.92,113.287027579132,299.588688946015
158.93,111.68727259323,299.588688946015
158.94,-112.765701341115,299.588688946015
158.95,-114.851811206909,299.588688946015
158.96,133.144220874652,299.588688946015
158.97,113.185978296604,299.588688946015
158.98,-164.769679258429,283.890317052271
158.99,-117.929923511798,283.890317052271
159,196.831380243512,283.890317052271
159.01,105.01741739256,283.890317052271
159.02,-214.834145450974,283.890317052271
159.03,-73.9783164925481,283.890317052271
159.04,220.086027780802,283.890317052271
159.05,50.0477174451724,283.890317052271
159.06,-218.957049717224,283.890317052271
159.07,-51.6517735586941,283.890317052271
159.08,224.256645623674,280.994001713804
159.09,49.4760825865622,280.994001713796
159.1,-225.236098294963,280.994001713796
159.11,-72.6591531947972,280.994001713796
159.12,199.888329969971,280.994001713796
159.13,95.4911132887153,280.994001713796
159.14,-193.621569677137,280.994001713796
159.15,-113.934882036275,280.994001713796
159.16,166.709542236499,280.994001713796
159.17,123.489051818635,280.994001713796
159.18,-112.336678239436,275.981148243373
159.19,-206.151164595737,275.981148243359
159.2,40.846560420791,275.981148243359
159.21,224.170296405924,275.981148243359
159.22,104.665419852462,275.981148243359
159.23,-165.460758832307,275.981148243359
159.24,-149.933601269609,275.981148243359
159.25,108.981503874873,275.981148243359
159.26,226.56641120959,275.981148243359
159.27,105.036281036834,275.981148243359
159.28,-133.992782660641,276.452442159382
159.29,-180.637719294187,276.452442159383
159.3,14.7742427016521,276.452442159383
159.31,194.093715664934,276.452442159383
159.32,123.067637473809,276.452442159383
159.33,-111.49402994366,276.452442159383
159.34,-225.242178411015,276.452442159383
159.35,-116.982845229378,276.452442159383
159.36,114.445467154189,276.452442159383
159.37,224.430418468415,276.452442159383
159.38,119.824698729392,277.275064267352
159.39,-110.163177602473,277.275064267352
159.4,-225.999001496684,277.275064267352
159.41,-112.154399031935,277.275064267352
159.42,85.9194007197854,277.275064267352
159.43,215.868292402614,277.275064267352
159.44,154.003536611624,277.275064267352
159.45,-39.9592854351332,277.275064267352
159.46,-163.951313940422,277.275064267352
159.47,-205.962079543273,277.275064267352
159.48,-68.482054618337,280.428449014567
159.49,116.37284180232,280.428449014567
159.5,227.179633727577,280.428449014567
159.51,132.689365424274,280.428449014567
159.52,-73.716547054596,280.428449014567
159.53,-163.377427201594,280.428449014567
159.54,-219.495404915754,280.428449014567
159.55,-112.850077894653,280.428449014567
159.56,86.8485296462854,280.428449014567
159.57,193.129314437495,280.428449014567
159.58,205.975517083892,285.912596401013
159.59,111.150753980465,285.912596401028
159.6,-91.5040909619639,285.912596401028
159.61,-163.525592552766,285.912596401028
159.62,-220.926689385954,285.912596401028
159.63,-132.792242973749,285.912596401028
159.64,-17.3178150407746,285.912596401028
159.65,118.829019541002,285.912596401028
159.66,215.953329036194,285.912596401028
159.67,204.451193560237,285.912596401028
159.68,118.789558233437,293.856041131083
159.69,-44.2399182545531,293.856041131105
159.7,-117.777309101649,293.856041131105
159.71,-213.040879039618,293.856041131105
159.72,-208.433979095267,293.856041131105
159.73,-132.810043801225,293.856041131105
159.74,-71.6619469977734,293.856041131105
159.75,91.6220165863273,293.856041131105
159.76,134.982832475345,293.856041131105
159.77,220.034640299971,293.856041131105
159.78,220.844916082724,293.547557840618
159.79,153.832103699661,293.547557840617
159.8,102.28788800583,293.547557840617
159.81,17.0228097909791,293.547557840617
159.82,-89.2777925714119,293.547557840617
159.83,-138.385668548972,293.547557840617
159.84,-194.275496370964,293.547557840617
159.85,-224.548046414937,293.547557840617
159.86,-216.559873068188,293.547557840617
159.87,-206.671450429336,293.547557840617
159.88,-152.750310480719,296.62382176521
159.89,-112.573250902521,296.62382176521
159.9,-107.264902664576,296.62382176521
159.91,-113.656290022213,296.62382176521
159.92,-83.4931595464432,296.62382176521
159.93,-110.916276522634,296.62382176521
159.94,-17.3135220335496,296.62382176521
159.95,15.2236043549949,296.62382176521
159.96,-17.8615834046158,296.62382176521
159.97,-18.1066769370313,296.62382176521
159.98,-40.8006388907705,305.218508997429
159.99,-34.2230433175337,305.218508997429
160,-79.0693375890364,305.218508997429
160.01,-102.391495519954,305.218508997429
160.02,-118.119742473956,305.218508997429
160.03,-129.703982711092,305.218508997429
160.04,-148.178060260852,305.218508997429
160.05,-206.035614869958,305.218508997429
160.06,-242.698192900608,305.218508997429
160.07,-219.432532186257,305.218508997429
160.08,-254.001755214734,305.586975149956
160.09,-143.277921771577,305.586975149957
160.1,-86.4335351730207,305.586975149957
160.11,35.6270074103287,305.586975149957
160.12,121.954398614919,305.586975149957
160.13,208.759559116162,305.586975149957
160.14,225.646229034502,305.586975149957
160.15,223.953072848102,305.586975149957
160.16,107.721533731931,305.586975149957
160.17,-3.888097915077,305.586975149957
160.18,-128.43252919365,304.498714652959
160.19,-217.305935041443,304.498714652956
160.2,-252.284121959791,304.498714652956
160.21,-107.6306879855,304.498714652956
160.22,77.4828944385643,304.498714652956
160.23,188.210048692772,304.498714652956
160.24,210.026989956901,304.498714652956
160.25,108.309450533603,304.498714652956
160.26,-77.9566098971744,304.498714652956
160.27,-174.715678913029,304.498714652956
160.28,-254.757170448458,312.056555269901
160.29,-34.7835070129338,312.056555269923
160.3,160.939252428991,312.056555269923
160.31,241.379450391659,312.056555269923
160.32,78.3664189132162,312.056555269923
160.33,-132.986614175524,312.056555269923
160.34,-189.059074540182,312.056555269923
160.35,-29.4535585480668,312.056555269923
160.36,170.967701898862,312.056555269923
160.37,197.635016498775,312.056555269923
160.38,-71.8960308557742,321.730934018852
160.39,-220.589126934095,321.730934018852
160.4,-119.807466753093,321.730934018852
160.41,184.830130277064,321.730934018852
160.42,223.974715213771,321.730934018852
160.43,-100.448198461253,321.730934018852
160.44,-242.409241291326,321.730934018852
160.45,-63.1901430931245,321.730934018852
160.46,199.277564165198,321.730934018852
160.47,99.3918691102391,321.730934018852
160.48,-244.934958882536,328.449014567266
160.49,-131.151963752003,328.449014567266
160.5,153.475497212354,328.449014567266
160.51,169.951202732289,328.449014567266
160.52,-162.501826777341,328.449014567266
160.53,-109.45085196,328.449014567266
160.54,239.47577477601,328.449014567266
160.55,107.406879273833,328.449014567266
160.56,-214.407851506883,328.449014567266
160.57,-56.4424810945313,328.449014567266
160.58,222.027374088954,333.958868894586
160.59,-59.9994460388393,333.958868894602
160.6,-159.082555778798,333.958868894602
160.61,134.75797413323,333.958868894602
160.62,123.94100267611,333.958868894602
160.63,-209.055319037537,333.958868894602
160.64,35.1850151957623,333.958868894602
160.65,259.991775733434,333.958868894602
160.66,-162.488219091714,333.958868894602
160.67,-61.3872828719401,333.958868894602
160.68,260.330485971058,339.700085689787
160.69,-146.41668279225,339.700085689803
160.7,-90.7453720010069,339.700085689803
160.71,188.709743884376,339.700085689803
160.72,-165.749142171568,339.700085689803
160.73,19.3712648230405,339.700085689803
160.74,129.141810864585,339.700085689803
160.75,-208.932089099797,339.700085689803
160.76,102.072693215652,339.700085689803
160.77,89.5892354487085,339.700085689803
160.78,-269.568011344369,351.156812339299
160.79,266.656705588433,351.156812339332
160.8,-105.97298904872,351.156812339332
160.81,-95.0724375587766,351.156812339332
160.82,266.571551283758,351.156812339332
160.83,-241.625620448625,351.156812339332
160.84,192.206126616602,351.156812339332
160.85,-94.3519144972262,351.156812339332
160.86,-90.7171717867492,351.156812339332
160.87,229.536266207687,351.156812339332
160.88,-233.17031544836,353.770351328192
160.89,230.390631070023,353.770351328192
160.9,-157.792616527536,353.770351328192
160.91,68.9086845156397,353.770351328192
160.92,62.0668564736265,353.770351328192
160.93,-126.747927882283,353.770351328192
160.94,228.319675314074,353.770351328192
160.95,-220.91185614958,353.770351328192
160.96,219.608797852398,353.770351328192
160.97,-156.72785159337,353.770351328192
160.98,95.1029345756944,355.646958011997
160.99,63.9626235825787,355.646958011997
161,-150.815158180389,355.646958011997
161.01,225.004863142172,355.646958011997
161.02,-223.13534610088,355.646958011997
161.03,184.284946614217,355.646958011997
161.04,-112.486177431182,355.646958011997
161.05,-42.9426317293006,355.646958011997
161.06,112.973363787624,355.646958011997
161.07,-264.462296217536,355.646958011997
161.08,241.462650805282,344.670094258814
161.09,-140.89945914397,344.670094258783
161.1,-40.8817880046887,344.670094258783
161.11,144.161109283557,344.670094258783
161.12,-246.555320149635,344.670094258783
161.13,204.955592696065,344.670094258783
161.14,-15.8834026384367,344.670094258783
161.15,-143.865616892246,344.670094258783
161.16,240.665689331738,344.670094258783
161.17,-142.646568118146,344.670094258783
161.18,-59.9647681563667,338.35475578408
161.19,264.781667606906,338.354755784062
161.2,-156.521154193854,338.354755784062
161.21,-14.2542674071555,338.354755784062
161.22,168.088118594497,338.354755784062
161.23,-248.243621248824,338.354755784062
161.24,-14.2421594018847,338.354755784062
161.25,195.755019562361,338.354755784062
161.26,-186.368973283944,338.354755784062
161.27,-66.3916555281341,338.354755784062
161.28,225.560074054301,332.133676092563
161.29,-115.048472045111,332.133676092545
161.3,-135.34501864468,332.133676092545
161.31,241.423642654179,332.133676092545
161.32,-44.8146080712888,332.133676092545
161.33,-194.618176394726,332.133676092545
161.34,118.352054133787,332.133676092545
161.35,118.511699898413,332.133676092545
161.36,-182.986366526528,332.133676092545
161.37,-50.756242610254,332.133676092545
161.38,236.49525075018,327.180805484147
161.39,-40.6942942491123,327.180805484147
161.4,-228.294740706193,327.180805484147
161.41,75.2407902488903,327.180805484147
161.42,196.659129565859,327.180805484147
161.43,-107.899935707967,327.180805484147
161.44,-229.968537110797,327.180805484147
161.45,112.713539480882,327.180805484147
161.46,173.367371007708,327.180805484147
161.47,-116.636446520781,327.180805484147
161.48,-233.848589624615,333.581833761782
161.49,139.880864013422,333.581833761782
161.5,266.195385621692,333.581833761782
161.51,-107.934444596604,333.581833761782
161.52,-237.027988693781,333.581833761782
161.53,46.0099796987371,333.581833761782
161.54,227.03152346894,333.581833761782
161.55,-25.0473253719911,333.581833761782
161.56,-222.923433920589,333.581833761782
161.57,-110.862379384257,333.581833761782
161.58,152.406387613345,335.655526992282
161.59,231.384838059189,335.655526992288
161.6,-112.50095947055,335.655526992288
161.61,-250.440506784374,335.655526992288
161.62,51.4002593485375,335.655526992288
161.63,208.37276526636,335.655526992288
161.64,118.031724369496,335.655526992288
161.65,-110.127636273723,335.655526992288
161.66,-193.950812106629,335.655526992288
161.67,-13.2756946551525,335.655526992288
161.68,242.84716524171,334.670094258786
161.69,121.556280505727,334.670094258783
161.7,-110.305796541687,334.670094258783
161.71,-250.252120883116,334.670094258783
161.72,-9.25885234889956,334.670094258783
161.73,207.181740865458,334.670094258783
161.74,141.917024865843,334.670094258783
161.75,-111.045915860203,334.670094258783
161.76,-227.741754378422,334.670094258783
161.77,-111.941007391851,334.670094258783
161.78,124.473045853085,344.910025706912
161.79,195.802007636849,344.910025706941
161.8,15.5244021996885,344.910025706941
161.81,-241.30049735919,344.910025706941
161.82,-140.748734090007,344.910025706941
161.83,101.357865049841,344.910025706941
161.84,222.163051783633,344.910025706941
161.85,109.255840291434,344.910025706941
161.86,-134.91460032679,344.910025706941
161.87,-211.142871906356,344.910025706941
161.88,-57.0474702195014,339.391602399314
161.89,154.00156530434,339.391602399314
161.9,188.963414689704,339.391602399314
161.91,13.7974609183983,339.391602399314
161.92,-182.743872348728,339.391602399314
161.93,-169.018528361876,339.391602399314
161.94,41.2868795920414,339.391602399314
161.95,206.845360262203,339.391602399314
161.96,201.677518888342,339.391602399314
161.97,-38.9161259847902,339.391602399314
161.98,-219.422376728683,332.596401028278
161.99,-168.283596022459,332.596401028278
162,20.4861692106007,332.596401028278
162.01,151.409355694236,332.596401028278
162.02,248.237827385152,332.596401028278
162.03,59.879078195414,332.596401028278
162.04,-144.016545779971,332.596401028278
162.05,-228.294907122476,332.596401028278
162.06,-122.87393516872,332.596401028278
162.07,36.6253386574557,332.596401028278
162.08,183.986549096353,343.461868037673
162.09,218.309973133496,343.461868037703
162.1,116.432263648588,343.461868037703
162.11,-68.2867551595349,343.461868037703
162.12,-155.092651754301,343.461868037703
162.13,-233.490794067755,343.461868037703
162.14,-139.841684655586,343.461868037703
162.15,-61.560106521982,343.461868037703
162.16,103.246407491478,343.461868037703
162.17,184.792034293607,343.461868037703
162.18,232.294481468734,328.663239074592
162.19,168.67498578742,328.66323907455
162.2,108.717676161321,328.66323907455
162.21,-15.1667516033024,328.66323907455
162.22,-114.624859040459,328.66323907455
162.23,-151.469146740667,328.66323907455
162.24,-222.921691427307,328.66323907455
162.25,-227.967868542294,328.66323907455
162.26,-166.835795948024,328.66323907455
162.27,-120.323696849531,328.66323907455
162.28,-112.601590537157,317.76349614399
162.29,-44.4727861631752,317.763496143959
162.3,72.6372187786552,317.763496143959
162.31,103.617777240868,317.763496143959
162.32,115.417413645467,317.763496143959
162.33,125.615411782074,317.763496143959
162.34,151.909153475193,317.763496143959
162.35,184.24429027287,317.763496143959
162.36,207.486895861916,317.763496143959
162.37,209.287458466372,317.763496143959
162.38,224.355090251885,316.94087403599
162.39,224.391890338234,316.94087403599
162.4,224.401276049856,316.94087403599
162.41,224.864539017279,316.94087403599
162.42,211.800669174406,316.94087403599
162.43,208.492836938136,316.94087403599
162.44,183.925569863294,316.94087403599
162.45,184.789228939506,316.94087403599
162.46,155.69221565541,316.94087403599
162.47,130.315656672096,316.94087403599
162.48,121.358508146195,305.878320479863
162.49,105.467610269436,305.878320479863
162.5,15.0453246943473,305.878320479863
162.51,-74.4145753074701,305.878320479863
162.52,-113.64277588018,305.878320479863
162.53,-120.273163429569,305.878320479863
162.54,-166.109779250434,305.878320479863
162.55,-233.572451574176,305.878320479863
162.56,-213.364917601598,305.878320479863
162.57,-154.999535758639,305.878320479863
162.58,-115.157350432041,284.027420736994
162.59,-17.9554806405009,284.027420736932
162.6,112.791681142795,284.027420736932
162.61,168.111547980157,284.027420736932
162.62,227.805765293629,284.027420736932
162.63,184.213628325331,284.027420736932
162.64,114.04822366341,284.027420736932
162.65,-44.6458728374126,284.027420736932
162.66,-119.980157294,284.027420736932
162.67,-217.486765819032,284.027420736932
162.68,-183.117589849608,275.484147386485
162.69,-118.025165798556,275.484147386461
162.7,116.028723818091,275.484147386461
162.71,166.55008061421,275.484147386461
162.72,224.365815572727,275.484147386461
162.73,113.961773586394,275.484147386461
162.74,-112.201574023527,275.484147386461
162.75,-196.79795826881,275.484147386461
162.76,-184.062542178493,275.484147386461
162.77,-97.4968363613153,275.484147386461
162.78,113.426906995367,260.591259640145
162.79,230.035873112689,260.591259640103
162.8,121.390964356277,260.591259640103
162.81,-113.407173419933,260.591259640103
162.82,-220.961531929689,260.591259640103
162.83,-130.465626924538,260.591259640103
162.84,109.176665237377,260.591259640103
162.85,223.136344021361,260.591259640103
162.86,121.92931223425,260.591259640103
162.87,-117.982571383214,260.591259640103
162.88,-230.1774268994,247.266495287061
162.89,-122.150601890885,247.266495287061
162.9,139.309690230612,247.266495287061
162.91,150.773127168772,247.266495287061
162.92,-74.1551876358669,247.266495287061
162.93,-222.378898483073,247.266495287061
162.94,-118.505542509999,247.266495287061
162.95,138.347474091602,247.266495287061
162.96,152.494976791444,247.266495287061
162.97,-108.149646017349,247.266495287061
162.98,-214.010161766518,251.688089117395
162.99,46.8819728520203,251.688089117395
163,232.517617142427,251.688089117395
163.01,101.363721982772,251.688089117395
163.02,-216.961916299751,251.688089117395
163.03,-118.436618290253,251.688089117395
163.04,167.276228918442,251.688089117395
163.05,116.918962276423,251.688089117395
163.06,-165.98692227234,251.688089117395
163.07,-116.629930945913,251.688089117395
163.08,165.319687203829,244.00171379608
163.09,116.078669080349,244.001713796058
163.1,-199.197926019936,244.001713796058
163.11,-99.3819099709244,244.001713796058
163.12,227.899926608752,244.001713796058
163.13,-16.0489419109553,244.001713796058
163.14,-214.367670607555,244.001713796058
163.15,104.82146379329,244.001713796058
163.16,152.033294951508,244.001713796058
163.17,-114.928708415837,244.001713796058
163.18,-116.917877572553,242.784918594691
163.19,223.250256697055,242.784918594687
163.2,-17.2453587461996,242.784918594687
163.21,-184.077201229065,242.784918594687
163.22,113.347664817179,242.784918594687
163.23,116.511206475085,242.784918594687
163.24,-233.759596272226,242.784918594687
163.25,116.722319622531,242.784918594687
163.26,107.432345040519,242.784918594687
163.27,-204.087414841724,242.784918594687
163.28,77.6390551259738,235.347043701821
163.29,119.655124123988,235.347043701799
163.3,-169.388680793458,235.347043701799
163.31,77.5537857317398,235.347043701799
163.32,103.672591614987,235.347043701799
163.33,-221.140999125276,235.347043701799
163.34,117.091363754968,235.347043701799
163.35,113.033125760785,235.347043701799
163.36,-229.337765499004,235.347043701799
163.37,112.500180686694,235.347043701799
163.38,49.4765168920217,227.223650385604
163.39,-120.073852521622,227.223650385604
163.4,223.291199598256,227.223650385604
163.41,-113.213874669164,227.223650385604
163.42,-99.5884504039655,227.223650385604
163.43,119.390251323073,227.223650385604
163.44,-222.596523244933,227.223650385604
163.45,103.861699479172,227.223650385604
163.46,16.0668551538035,227.223650385604
163.47,-115.092493934706,227.223650385604
163.48,189.64443291579,219.982862039417
163.49,-198.329892794543,219.982862039417
163.5,115.706707841695,219.982862039417
163.51,17.7014690121613,219.982862039417
163.52,-112.416621517978,219.982862039417
163.53,183.904783678842,219.982862039417
163.54,-227.280339865388,219.982862039417
163.55,133.61943636425,219.982862039417
163.56,-115.855649766138,219.982862039417
163.57,-17.2270050192965,219.982862039417
163.58,107.584915860967,213.324764353061
163.59,-100.742388730677,213.324764353042
163.6,211.459004821986,213.324764353042
163.61,-226.336189554879,213.324764353042
163.62,166.59959647796,213.324764353042
163.63,-112.173274594056,213.324764353042
163.64,117.951692114756,213.324764353042
163.65,-96.8017817211956,213.324764353042
163.66,-51.503275602125,213.324764353042
163.67,111.013448987247,213.324764353042
163.68,-112.018279159149,207.5407026564
163.69,107.635993908658,207.540702656384
163.7,-122.207284412362,207.540702656384
163.71,183.870165449997,207.540702656384
163.72,-192.988181675582,207.540702656384
163.73,213.12196056713,207.540702656384
163.74,-232.792817766612,207.540702656384
163.75,233.281422485657,207.540702656384
163.76,-227.236984969674,207.540702656384
163.77,223.521573011091,207.540702656384
163.78,-209.87445011792,203.084832904897
163.79,227.880751893086,203.084832904884
163.8,-209.951281610169,203.084832904884
163.81,228.871318347029,203.084832904884
163.82,-222.974940955055,203.084832904884
163.83,230.85970585616,203.084832904884
163.84,-222.853055079034,203.084832904884
163.85,189.630688679492,203.084832904884
163.86,-154.927913673445,203.084832904884
163.87,120.292932999377,203.084832904884
163.88,-105.557298964142,197.934875749786
163.89,113.930150214876,197.934875749786
163.9,-109.589431053396,197.934875749786
163.91,76.5400709766978,197.934875749786
163.92,63.5241286127955,197.934875749786
163.93,-120.971131144953,197.934875749786
163.94,108.264452814729,197.934875749786
163.95,-133.164111610594,197.934875749786
163.96,203.429145540444,197.934875749786
163.97,-219.497354153118,197.934875749786
163.98,120.372621980949,193.18766066838
163.99,-110.14406494821,193.18766066838
164,86.8996736367945,193.18766066838
164.01,96.682737769011,193.18766066838
164.02,-105.922509229227,193.18766066838
164.03,166.701395280855,193.18766066838
164.04,-219.535219493321,193.18766066838
164.05,120.861614559499,193.18766066838
164.06,-124.308859525639,193.18766066838
164.07,-47.374592829688,193.18766066838
164.08,101.069960692806,187.66923736077
164.09,-205.235439970038,187.669237360754
164.1,152.655628884199,187.669237360754
164.11,-119.064339146839,187.669237360754
164.12,-47.151025881362,187.669237360754
164.13,100.940377657442,187.669237360754
164.14,-209.147642218811,187.669237360754
164.15,120.032093490938,187.669237360754
164.16,-43.8117455865565,187.669237360754
164.17,-113.288602230886,187.669237360754
164.18,203.711510036058,181.28534704372
164.19,-122.479989416237,181.285347043702
164.2,45.7491366175744,181.285347043702
164.21,106.885127048756,181.285347043702
164.22,-226.397858531026,181.285347043702
164.23,105.207914591766,181.285347043702
164.24,64.9532929952939,181.285347043702
164.25,-166.440445074423,181.285347043702
164.26,121.662848701312,181.285347043702
164.27,-43.7561204634105,181.285347043702
164.28,-111.596000256314,173.727506426757
164.29,189.536751774548,173.727506426735
164.3,-89.4597350500681,173.727506426735
164.31,-101.451923921975,173.727506426735
164.32,194.587070831146,173.727506426735
164.33,-77.8909870367536,173.727506426735
164.34,-100.093928215665,173.727506426735
164.35,193.050136499516,173.727506426735
164.36,-74.2949491403246,173.727506426735
164.37,-133.289479836162,173.727506426735
164.38,124.707507719861,171.07969151671
164.39,103.760701826371,171.07969151671
164.4,-226.732742182183,171.07969151671
164.41,81.6140531953018,171.07969151671
164.42,101.776034237901,171.07969151671
164.43,-122.430943025722,171.07969151671
164.44,-72.2430982342824,171.07969151671
164.45,228.811989232609,171.07969151671
164.46,-88.196277649822,171.07969151671
164.47,-111.356005220395,171.07969151671
164.48,105.9387748969,169.520137103685
164.49,109.01318947506,169.520137103685
164.5,-153.992211275921,169.520137103685
164.51,-117.198717366507,169.520137103685
164.52,197.0009143799,169.520137103685
164.53,30.7432715360398,169.520137103685
164.54,-226.261894179116,169.520137103685
164.55,43.1457104883496,169.520137103685
164.56,203.556673341943,169.520137103685
164.57,-56.9993980390625,169.520137103685
164.58,-203.903736965241,167.652099400177
164.59,86.524692950819,167.652099400171
164.6,202.448533950056,167.652099400171
164.61,-55.9677993753738,167.652099400171
164.62,-209.338542350156,167.652099400171
164.63,15.4999287407919,167.652099400171
164.64,220.540863595694,167.652099400171
164.65,31.1925436309518,167.652099400171
164.66,-161.176220727352,167.652099400171
164.67,-99.5767100817652,167.652099400171
164.68,152.37904349816,165.449871465302
164.69,101.007426392546,165.449871465296
164.7,-111.901117640947,165.449871465296
164.71,-135.633047691569,165.449871465296
164.72,78.0485620998203,165.449871465296
164.73,216.339026715028,165.449871465296
164.74,120.983330009113,165.449871465296
164.75,-103.436878636416,165.449871465296
164.76,-113.431936807774,165.449871465296
164.77,113.135540208285,165.449871465296
164.78,220.566458920661,165.766923736074
164.79,100.336915325524,165.766923736075
164.8,-102.143496374378,165.766923736075
164.81,-135.165882751956,165.766923736075
164.82,17.155228934513,165.766923736075
164.83,124.575648795319,165.766923736075
164.84,101.714470999765,165.766923736075
164.85,-57.149436038197,165.766923736075
164.86,-156.502511002215,165.766923736075
164.87,-104.003800926671,165.766923736075
164.88,45.8297305681323,163.573264781491
164.89,223.08503407669,163.573264781491
164.9,115.372503941857,163.573264781491
164.91,-54.8197732531868,163.573264781491
164.92,-125.377916341723,163.573264781491
164.93,-133.527456053716,163.573264781491
164.94,-45.0758035348754,163.573264781491
164.95,113.095277422432,163.573264781491
164.96,196.112061751136,163.573264781491
164.97,104.307985368465,163.573264781491
164.98,-87.7700985184842,162.425021422451
164.99,-182.564529042022,162.425021422451
165,-135.294491626422,162.425021422451
165.01,-99.2038196197546,162.425021422451
165.02,124.36493680581,162.425021422451
165.03,155.69105808321,162.425021422451
165.04,135.900993538468,162.425021422451
165.05,94.9320687827319,162.425021422451
165.06,-83.6482929544718,162.425021422451
165.07,-123.837118938626,162.425021422451
165.08,-178.953479442639,162.22793487575
165.09,-105.868035675009,162.22793487575
165.1,-7.95109651941088,162.22793487575
165.11,115.267285939349,162.22793487575
165.12,122.300095900192,162.22793487575
165.13,174.122813293252,162.22793487575
165.14,105.288495029389,162.22793487575
165.15,71.3182991495364,162.22793487575
165.16,-111.359565498202,162.22793487575
165.17,-98.520203391691,162.22793487575
165.18,-193.048175362877,160.668380462729
165.19,-163.557455504438,160.668380462725
165.2,-104.884520507687,160.668380462725
165.21,-98.2939936596878,160.668380462725
165.22,24.8005112033076,160.668380462725
165.23,113.37966515916,160.668380462725
165.24,43.3480925481893,160.668380462725
165.25,219.903158380715,160.668380462725
165.26,208.01984337794,160.668380462725
165.27,102.879126042879,160.668380462725
165.28,112.837712839559,160.976863753212
165.29,99.0662369608194,160.976863753213
165.3,-48.5659198862808,160.976863753213
165.31,-55.4212365777759,160.976863753213
165.32,-48.3867306209795,160.976863753213
165.33,-97.7114335298173,160.976863753213
165.34,-151.326674666793,160.976863753213
165.35,-187.082554503109,160.976863753213
165.36,-222.824408730475,160.976863753213
165.37,-226.063505796798,160.976863753213
165.38,-173.836952291395,159.691516709512
165.39,-131.657643363928,159.691516709512
165.4,-132.86249258034,159.691516709512
165.41,-64.1806860338435,159.691516709512
165.42,-107.473738502404,159.691516709512
165.43,-112.806728321387,159.691516709512
165.44,-113.245046907294,159.691516709512
165.45,-111.725270935581,159.691516709512
165.46,-115.314767130808,159.691516709512
165.47,-92.8853277163595,159.691516709512
165.48,-115.464200518845,159.657240788346
165.49,-115.468285738665,159.657240788346
165.5,-114.987185004821,159.657240788346
165.51,-118.427611448673,159.657240788346
165.52,-123.114961288134,159.657240788346
165.53,-110.155057389991,159.657240788346
165.54,-112.282524058217,159.657240788346
165.55,-102.548505088258,159.657240788346
165.56,-98.560830660439,159.657240788346
165.57,-118.18932095002,159.657240788346
165.58,-172.684080134995,158.508997429309
165.59,-226.583502964528,158.508997429306
165.6,-222.797003382789,158.508997429306
165.61,-160.69798871711,158.508997429306
165.62,-102.793426287781,158.508997429306
165.63,-47.0249028292782,158.508997429306
165.64,-117.679252597668,158.508997429306
165.65,-87.5555634577169,158.508997429306
165.66,5.63425150760549,158.508997429306
165.67,103.543398025877,158.508997429306
165.68,117.978680199556,157.75492716367
165.69,110.235160705938,157.754927163668
165.7,146.042177385469,157.754927163668
165.71,174.110303504036,157.754927163668
165.72,144.27977055041,157.754927163668
165.73,105.006446693956,157.754927163668
165.74,55.0675697206098,157.754927163668
165.75,-38.131991462846,157.754927163668
165.76,-114.956539642806,157.754927163668
165.77,-111.984995745609,157.754927163668
165.78,-201.463198132921,156.726649528709
165.79,-102.803026111473,156.726649528706
165.8,-115.43153479365,156.726649528706
165.81,29.7726500993721,156.726649528706
165.82,122.024394630453,156.726649528706
165.83,53.922528346484,156.726649528706
165.84,224.897850431224,156.726649528706
165.85,43.0137682773178,156.726649528706
165.86,81.2526035546254,156.726649528706
165.87,-93.7773277494694,156.726649528706
165.88,-98.2096276522468,154.190231362468
165.89,-224.826012193096,154.190231362468
165.9,-49.8769757153404,154.190231362468
165.91,-51.5781649824462,154.190231362468
165.92,122.512980880183,154.190231362468
165.93,106.616685558819,154.190231362468
165.94,121.688682969181,154.190231362468
165.95,114.122130982383,154.190231362468
165.96,-93.742395748958,154.190231362468
165.97,-112.863422534594,154.190231362468
165.98,-90.3308862505961,152.382176520994
165.99,-90.9734303434595,152.382176520994
166,113.381425765702,152.382176520994
166.01,158.384818985964,152.382176520994
166.02,69.2218531677204,152.382176520994
166.03,25.4666253686486,152.382176520994
166.04,-127.02064338043,152.382176520994
166.05,-227.096194390602,152.382176520994
166.06,-92.1495880379094,152.382176520994
166.07,113.228299971748,152.382176520994
166.08,232.264983710438,151.173950299918
166.09,109.487242114346,151.173950299914
166.1,-67.2148517985682,151.173950299914
166.11,-135.43817177872,151.173950299914
166.12,-94.3892054092173,151.173950299914
166.13,69.0082301167682,151.173950299914
166.14,125.617049352457,151.173950299914
166.15,46.0308216368152,151.173950299914
166.16,-38.5998007589451,151.173950299914
166.17,-157.052983826089,151.173950299914
166.18,-41.8277099539638,149.357326478154
166.19,124.939855255702,149.357326478149
166.2,230.668226014965,149.357326478149
166.21,120.611862778615,149.357326478149
166.22,-115.26264956915,149.357326478149
166.23,-161.98726420177,149.357326478149
166.24,-10.7135619906557,149.357326478149
166.25,139.372859752641,149.357326478149
166.26,115.469192283459,149.357326478149
166.27,-115.684101746131,149.357326478149
166.28,-191.407384296626,147.634961439594
166.29,-19.224907349208,147.634961439589
166.3,102.650787344094,147.634961439589
166.31,88.6587562402833,147.634961439589
166.32,-132.529398496105,147.634961439589
166.33,-134.548431998599,147.634961439589
166.34,92.4385128925324,147.634961439589
166.35,169.883276722229,147.634961439589
166.36,74.4143677797786,147.634961439589
166.37,-172.360229013197,147.634961439589
166.38,-93.0728503401568,145.407026563839
166.39,101.233060764601,145.407026563839
166.4,63.4547245881573,145.407026563839
166.41,-95.40650557365,145.407026563839
166.42,-141.516173001717,145.407026563839
166.43,75.3106457066079,145.407026563839
166.44,110.05237604924,145.407026563839
166.45,-92.4335611087795,145.407026563839
166.46,-162.809848660677,145.407026563839
166.47,71.5590601719348,145.407026563839
166.48,169.739614930268,144.318766066838
166.49,-70.5250758998425,144.318766066838
166.5,-125.667677275722,144.318766066838
166.51,59.3303391534776,144.318766066838
166.52,167.978533513827,144.318766066838
166.53,-121.446089141272,144.318766066838
166.54,-73.4960016292829,144.318766066838
166.55,104.264620456979,144.318766066838
166.56,51.5873392388538,144.318766066838
166.57,-106.183665383928,144.318766066838
166.58,-103.152747946469,141.311053984584
166.59,78.0909414872276,141.311053984576
166.6,55.7183839228948,141.311053984576
166.61,-226.34626307332,141.311053984576
166.62,37.0559637054112,141.311053984576
166.63,105.024949007826,141.311053984576
166.64,-119.465487621224,141.311053984576
166.65,-98.2782729432189,141.311053984576
166.66,110.026212940904,141.311053984576
166.67,49.1921168512601,141.311053984576
166.68,-229.397284995888,138.491859468731
166.69,58.2624328785568,138.491859468723
166.7,95.7203078607907,138.491859468723
166.71,-73.2452920979858,138.491859468723
166.72,-55.2316829856994,138.491859468723
166.73,194.145005804326,138.491859468723
166.74,-86.1520648860346,138.491859468723
166.75,-45.8467385537315,138.491859468723
166.76,104.704257037385,138.491859468723
166.77,-61.8787089303858,138.491859468723
166.78,-139.413365812537,134.51585261355
166.79,150.48360126184,134.515852613539
166.8,-2.44677975774496,134.515852613539
166.81,-126.337077190464,134.515852613539
166.82,110.44861541518,134.515852613539
166.83,83.9950708749313,134.515852613539
166.84,-204.736504605275,134.515852613539
166.85,111.776085389783,134.515852613539
166.86,77.1935615048698,134.515852613539
166.87,-190.95628528428,134.515852613539
166.88,102.446884008555,131.825192802057
166.89,-10.312880518736,131.825192802057
166.9,-119.972224544493,131.825192802057
166.91,53.4599756563663,131.825192802057
166.92,-35.6903784564038,131.825192802057
166.93,-39.0030188157899,131.825192802057
166.94,230.54559599376,131.825192802057
166.95,-85.6881769522611,131.825192802057
166.96,-96.3474163990998,131.825192802057
166.97,174.084963197199,131.825192802057
166.98,-153.189235382957,128.911739502999
166.99,38.0747953439986,128.911739502999
167,123.503184591145,128.911739502999
167.01,-227.202508343545,128.911739502999
167.02,107.071642548074,128.911739502999
167.03,-31.2985020933251,128.911739502999
167.04,-97.5186314917903,128.911739502999
167.05,214.899325595009,128.911739502999
167.06,-89.8699155955623,128.911739502999
167.07,32.345579081197,128.911739502999
167.08,120.108449548858,125.878320479872
167.09,-209.76988334839,125.878320479863
167.1,133.614449785917,125.878320479863
167.11,-87.5780635633214,125.878320479863
167.12,-16.1043465259167,125.878320479863
167.13,63.0871422392092,125.878320479863
167.14,-227.146805790122,125.878320479863
167.15,148.632058429191,125.878320479863
167.16,-86.4775942851291,125.878320479863
167.17,-13.6675442241238,125.878320479863
167.18,47.6211196477379,123.333333333341
167.19,-192.619738217805,123.333333333333
167.2,114.176741134546,123.333333333333
167.21,-97.6717378107474,123.333333333333
167.22,62.1511642589234,123.333333333333
167.23,82.7129891626933,123.333333333333
167.24,-62.0440181424698,123.333333333333
167.25,193.01622720837,123.333333333333
167.26,-81.5094469866532,123.333333333333
167.27,84.2604924100565,123.333333333333
167.28,-119.944858774438,120.479862896323
167.29,-5.44864816930505,120.479862896315
167.3,117.305454185747,120.479862896315
167.31,-59.4027655376691,120.479862896315
167.32,167.943438136027,120.479862896315
167.33,-72.7668320034582,120.479862896315
167.34,154.228300802564,120.479862896315
167.35,-105.076731544084,120.479862896315
167.36,59.8437598608733,120.479862896315
167.37,20.0671489554446,120.479862896315
167.38,-77.9772383258289,118.029134532991
167.39,71.3317481249921,118.029134532991
167.4,-45.1575811032013,118.029134532991
167.41,117.763948811685,118.029134532991
167.42,-197.905058170922,118.029134532991
167.43,183.51997499952,118.029134532991
167.44,-99.6274534369363,118.029134532991
167.45,113.689102775933,118.029134532991
167.46,-109.521738560308,118.029134532991
167.47,105.866947339035,118.029134532991
167.48,-50.772491827697,116.409597257926
167.49,61.4744342733922,116.409597257926
167.5,-9.92542931728622,116.409597257926
167.51,32.1868257726881,116.409597257926
167.52,41.7321806562376,116.409597257926
167.53,-57.5607549209326,116.409597257926
167.54,80.0311807011636,116.409597257926
167.55,-98.9876174151347,116.409597257926
167.56,56.0847352759731,116.409597257926
167.57,-48.24562125808,116.409597257926
167.58,60.3375922491644,113.933161953735
167.59,-65.586949910514,113.933161953728
167.6,64.4567908179376,113.933161953728
167.61,-45.3057157859951,113.933161953728
167.62,112.659029216882,113.933161953728
167.63,-79.9600267976531,113.933161953728
167.64,31.6587738645951,113.933161953728
167.65,-46.8778787224856,113.933161953728
167.66,95.8840483674234,113.933161953728
167.67,-92.6699885874093,113.933161953728
167.68,70.0140266945817,112.193658954589
167.69,-82.5984855879506,112.193658954584
167.7,86.7514163377364,112.193658954584
167.71,-64.1734914188846,112.193658954584
167.72,61.2767689804627,112.193658954584
167.73,14.8440398352636,112.193658954584
167.74,-1.78934940438157,112.193658954584
167.75,93.938674500633,112.193658954584
167.76,-112.935465785988,112.193658954584
167.77,120.179067922402,112.193658954584
167.78,-63.6908525640461,110.257069408746
167.79,144.609322675209,110.25706940874
167.8,-115.58174791918,110.25706940874
167.81,175.09092033688,110.25706940874
167.82,-160.135625313721,110.25706940874
167.83,61.0823129763952,110.25706940874
167.84,-49.2579773305097,110.25706940874
167.85,52.675018978163,110.25706940874
167.86,-29.4890460733296,110.25706940874
167.87,-62.9626000199761,110.25706940874
167.88,72.3738914380296,107.583547557841
167.89,-157.313645606841,107.583547557841
167.9,78.1163068620684,107.583547557841
167.91,-118.39030533184,107.583547557841
167.92,131.566218758511,107.583547557841
167.93,-64.7353669401991,107.583547557841
167.94,82.6715468216877,107.583547557841
167.95,26.0769946359084,107.583547557841
167.96,-80.4769042216859,107.583547557841
167.97,171.43659475894,107.583547557841
167.98,-163.677876120676,106.109682947729
167.99,177.036173234553,106.109682947729
168,-60.5972916333701,106.109682947729
168.01,73.7301194767997,106.109682947729
168.02,36.7257422730057,106.109682947729
168.03,-105.094454550077,106.109682947729
168.04,66.4368255025916,106.109682947729
168.05,-193.652671699194,106.109682947729
168.06,43.7244599527818,106.109682947729
168.07,-67.6061837519756,106.109682947729
168.08,-57.1029655934119,104.155955441308
168.09,119.565119347796,104.155955441302
168.1,-142.893979515973,104.155955441302
168.11,38.3168878814359,104.155955441302
168.12,-54.0691258813233,104.155955441302
168.13,-93.5956682167414,104.155955441302
168.14,170.294784996074,104.155955441302
168.15,-143.382356801024,104.155955441302
168.16,46.7790130546812,104.155955441302
168.17,0.750677808944443,104.155955441302
168.18,-110.108301888346,103.093401885179
168.19,78.2700526228358,103.093401885176
168.2,-138.878407790819,103.093401885176
168.21,66.9673972567855,103.093401885176
168.22,62.7064284887647,103.093401885176
168.23,-110.763569692624,103.093401885176
168.24,200.188115145087,103.093401885176
168.25,-33.3326261570778,103.093401885176
168.26,-62.1279449217532,103.093401885176
168.27,104.549014381076,103.093401885176
168.28,-167.149074885728,100.856898029141
168.29,51.425169632307,100.856898029135
168.3,109.812956231468,100.856898029135
168.31,-114.027441472515,100.856898029135
168.32,29.8666837074226,100.856898029135
168.33,34.8444510806568,100.856898029135
168.34,-151.483038911891,100.856898029135
168.35,136.721237519006,100.856898029135
168.36,-70.3625019562684,100.856898029135
168.37,-111.812236295012,100.856898029135
168.38,150.103522563616,99.974293059126
168.39,-38.6283790499701,99.974293059126
168.4,-58.5121111733997,99.974293059126
168.41,160.447702863269,99.974293059126
168.42,-59.3282704347173,99.974293059126
168.43,-9.00287705304008,99.974293059126
168.44,107.263179569222,99.974293059126
168.45,-92.6975026126164,99.974293059126
168.46,-56.8890048953099,99.974293059126
168.47,164.180762870986,99.974293059126
168.48,-61.3164340267779,98.5261353898886
168.49,-52.217926491129,98.5261353898886
168.5,195.081230972416,98.5261353898886
168.51,-46.9600284344159,98.5261353898886
168.52,-35.7145170151581,98.5261353898886
168.53,111.338899099173,98.5261353898886
168.54,-44.3737698034765,98.5261353898886
168.55,-57.8515910859688,98.5261353898886
168.56,147.870545800386,98.5261353898886
168.57,-64.3225250414513,98.5261353898886
168.58,-160.920277358519,96.8209083119157
168.59,121.973523815748,96.8209083119109
168.6,76.1219070323459,96.8209083119109
168.61,-118.199638570691,96.8209083119109
168.62,51.9774076924427,96.8209083119109
168.63,70.9914829883639,96.8209083119109
168.64,-178.820857260858,96.8209083119109
168.65,-62.3617969484666,96.8209083119109
168.66,159.128188804721,96.8209083119109
168.67,-38.4386017008315,96.8209083119109
168.68,-109.363709591797,95.9125964010309
168.69,121.271866671362,95.9125964010283
168.7,60.1947920859826,95.9125964010283
168.71,-92.4545442004274,95.9125964010283
168.72,7.96854986389723,95.9125964010283
168.73,181.270473267325,95.9125964010283
168.74,-70.7376215694132,95.9125964010283
168.75,-106.495381936149,95.9125964010283
168.76,61.7738438207348,95.9125964010283
168.77,54.36900886293,95.9125964010283
168.78,-158.511627325272,93.8903170522765
168.79,-10.4795254282107,93.8903170522708
168.8,192.261064372467,93.8903170522708
168.81,-15.5121563080302,93.8903170522708
168.82,-144.402044554184,93.8903170522708
168.83,75.3064181612788,93.8903170522708
168.84,200.132610702719,93.8903170522708
168.85,-75.1946811538671,93.8903170522708
168.86,-129.197401058555,93.8903170522708
168.87,33.1923217006375,93.8903170522708
168.88,113.7840468835,93.3933161953727
168.89,-55.7983595769829,93.3933161953727
168.9,-133.206640002642,93.3933161953727
168.91,75.9612746251338,93.3933161953727
168.92,113.724018703159,93.3933161953727
168.93,-74.6312543070963,93.3933161953727
168.94,-102.111001729232,93.3933161953727
168.95,70.8819649040627,93.3933161953727
168.96,149.211673411679,93.3933161953727
168.97,-53.0376109470034,93.3933161953727
168.98,-120.852800954435,91.5938303341902
168.99,83.6634187992585,91.5938303341902
169,56.6334427890553,91.5938303341902
169.01,-7.04550488746225,91.5938303341902
169.02,-76.592198899802,91.5938303341902
169.03,-5.15321188132995,91.5938303341902
169.04,131.008913484362,91.5938303341902
169.05,74.7032032805684,91.5938303341902
169.06,-106.388145576895,91.5938303341902
169.07,-101.403579760776,91.5938303341902
169.08,47.5622017585531,90.7883461868061
169.09,128.035361405158,90.7883461868038
169.1,-54.8649736860124,90.7883461868038
169.11,-103.097814842263,90.7883461868038
169.12,4.47447375094295,90.7883461868038
169.13,167.710916023398,90.7883461868038
169.14,74.5102538652809,90.7883461868038
169.15,-72.5143957707099,90.7883461868038
169.16,-142.495542142323,90.7883461868038
169.17,1.16424113402555,90.7883461868038
169.18,169.618304898085,90.6426735218513
169.19,61.4160411849172,90.6426735218509
169.2,-45.8642711981501,90.6426735218509
169.21,-112.920307301883,90.6426735218509
169.22,49.4944850733045,90.6426735218509
169.23,170.49414237043,90.6426735218509
169.24,85.2989562300043,90.6426735218509
169.25,-52.3833629430916,90.6426735218509
169.26,-129.721719023075,90.6426735218509
169.27,-27.4974216817612,90.6426735218509
169.28,104.216945662137,91.5595544130222
169.29,114.220839480069,91.5595544130248
169.3,-56.4276479047483,91.5595544130248
169.31,-137.325147043357,91.5595544130248
169.32,-50.2675620284255,91.5595544130248
169.33,12.2339472045285,91.5595544130248
169.34,185.731844285138,91.5595544130248
169.35,54.2541750266294,91.5595544130248
169.36,-78.624948817651,91.5595544130248
169.37,-84.4793700638533,91.5595544130248
169.38,-56.1867082544811,88.6632390745501
169.39,51.8294101331601,88.6632390745501
169.4,99.5571909347894,88.6632390745501
169.41,61.1105248999971,88.6632390745501
169.42,-75.5844215829294,88.6632390745501
169.43,-117.053057955414,88.6632390745501
169.44,-84.6269084209928,88.6632390745501
169.45,54.6565332953439,88.6632390745501
169.46,147.071850100334,88.6632390745501
169.47,115.493821727276,88.6632390745501
169.48,4.31934902437321,88.5261353898886
169.49,-106.179021958198,88.5261353898886
169.5,-156.521462411366,88.5261353898886
169.51,-84.360862552799,88.5261353898886
169.52,20.7655531031847,88.5261353898886
169.53,166.217916047455,88.5261353898886
169.54,97.7032009164325,88.5261353898886
169.55,-66.9458584890856,88.5261353898886
169.56,-151.282976616298,88.5261353898886
169.57,-127.409663115817,88.5261353898886
169.58,-78.2830235935871,88.243359040275
169.59,82.0156250952197,88.2433590402742
169.6,177.198952123645,88.2433590402742
169.61,127.183622775433,88.2433590402742
169.62,10.1140594792181,88.2433590402742
169.63,-58.1062975709063,88.2433590402742
169.64,-165.882414335899,88.2433590402742
169.65,-149.114776758146,88.2433590402742
169.66,-79.9354361259544,88.2433590402742
169.67,31.9549398355365,88.2433590402742
169.68,150.085433779264,87.9091688089127
169.69,149.988310880785,87.9091688089117
169.7,51.1368144237965,87.9091688089117
169.71,-27.1339576454052,87.9091688089117
169.72,-91.9393128146481,87.9091688089117
169.73,-77.4721878529554,87.9091688089117
169.74,-118.235415652112,87.9091688089117
169.75,-83.1108295689299,87.9091688089117
169.76,31.7724621320595,87.9091688089117
169.77,125.807007834451,87.9091688089117
169.78,79.4420160701279,84.3787489288875
169.79,97.0631289750567,84.3787489288775
169.8,59.2248787880435,84.3787489288775
169.81,-33.2656485056602,84.3787489288775
169.82,-151.11994712773,84.3787489288775
169.83,-144.411021019392,84.3787489288775
169.84,-45.8088594923905,84.3787489288775
169.85,-110.322257368114,84.3787489288775
169.86,11.7232144111811,84.3787489288775
169.87,66.6167242297583,84.3787489288775
169.88,167.663756429078,86.898029134533
169.89,122.169423909924,0
