Time,,Brake Pressure Rear
s,,kPa
,,
,,
0,,1654
0.01,,1402
0.02,,1162
0.03,,947
0.04,,770
0.05,,644
0.06,,530
0.07,,442
0.08,,378
0.09,,303
0.1,,239
0.11,,189
0.12,,151
0.13,,126
0.14,,101
0.15,,75
0.16,,50
0.17,,25
0.18,,12
0.19,,12
0.2,,0
0.21,,0
0.22,,0
0.23,,0
0.24,,0
0.25,,0
0.26,,0
0.27,,0
0.28,,0
0.29,,0
0.3,,0
0.31,,0
0.32,,0
0.33,,0
0.34,,0
0.35,,0
0.36,,0
0.37,,0
0.38,,0
0.39,,0
0.4,,0
0.41,,0
0.42,,0
0.43,,0
0.44,,0
0.45,,0
0.46,,0
0.47,,0
0.48,,0
0.49,,0
0.5,,0
0.51,,0
0.52,,0
0.53,,0
0.54,,0
0.55,,0
0.56,,0
0.57,,0
0.58,,0
0.59,,0
0.6,,0
0.61,,0
0.62,,0
0.63,,0
0.64,,0
0.65,,0
0.66,,0
0.67,,0
0.68,,0
0.69,,0
0.7,,0
0.71,,0
0.72,,0
0.73,,0
0.74,,0
0.75,,0
0.76,,12
0.77,,0
0.78,,0
0.79,,0
0.8,,0
0.81,,0
0.82,,0
0.83,,0
0.84,,0
0.85,,0
0.86,,0
0.87,,0
0.88,,0
0.89,,0
0.9,,0
0.91,,0
0.92,,0
0.93,,0
0.94,,0
0.95,,0
0.96,,0
0.97,,0
0.98,,0
0.99,,0
1,,0
1.01,,0
1.02,,0
1.03,,0
1.04,,0
1.05,,0
1.06,,0
1.07,,0
1.08,,0
1.09,,0
1.1,,0
1.11,,0
1.12,,0
1.13,,0
1.14,,0
1.15,,0
1.16,,0
1.17,,0
1.18,,0
1.19,,0
1.2,,0
1.21,,0
1.22,,0
1.23,,0
1.24,,0
1.25,,0
1.26,,0
1.27,,0
1.28,,0
1.29,,0
1.3,,0
1.31,,0
1.32,,0
1.33,,0
1.34,,0
1.35,,0
1.36,,0
1.37,,0
1.38,,0
1.39,,0
1.4,,0
1.41,,0
1.42,,0
1.43,,0
1.44,,0
1.45,,0
1.46,,0
1.47,,0
1.48,,0
1.49,,0
1.5,,0
1.51,,0
1.52,,0
1.53,,0
1.54,,0
1.55,,0
1.56,,0
1.57,,0
1.58,,0
1.59,,0
1.6,,0
1.61,,0
1.62,,0
1.63,,0
1.64,,0
1.65,,0
1.66,,0
1.67,,0
1.68,,0
1.69,,0
1.7,,0
1.71,,0
1.72,,0
1.73,,0
1.74,,0
1.75,,0
1.76,,0
1.77,,0
1.78,,0
1.79,,0
1.8,,0
1.81,,0
1.82,,0
1.83,,0
1.84,,0
1.85,,0
1.86,,0
1.87,,0
1.88,,0
1.89,,0
1.9,,0
1.91,,0
1.92,,0
1.93,,0
1.94,,0
1.95,,0
1.96,,0
1.97,,0
1.98,,0
1.99,,0
2,,0
2.01,,0
2.02,,0
2.03,,0
2.04,,0
2.05,,0
2.06,,0
2.07,,0
2.08,,0
2.09,,0
2.1,,0
2.11,,0
2.12,,0
2.13,,0
2.14,,0
2.15,,0
2.16,,0
2.17,,0
2.18,,0
2.19,,0
2.2,,0
2.21,,0
2.22,,0
2.23,,0
2.24,,0
2.25,,0
2.26,,0
2.27,,0
2.28,,0
2.29,,0
2.3,,0
2.31,,0
2.32,,0
2.33,,0
2.34,,0
2.35,,0
2.36,,0
2.37,,0
2.38,,0
2.39,,0
2.4,,12
2.41,,0
2.42,,0
2.43,,0
2.44,,0
2.45,,0
2.46,,0
2.47,,0
2.48,,0
2.49,,0
2.5,,0
2.51,,0
2.52,,0
2.53,,0
2.54,,0
2.55,,0
2.56,,0
2.57,,0
2.58,,0
2.59,,0
2.6,,0
2.61,,0
2.62,,0
2.63,,0
2.64,,0
2.65,,0
2.66,,0
2.67,,0
2.68,,0
2.69,,0
2.7,,0
2.71,,0
2.72,,0
2.73,,0
2.74,,0
2.75,,0
2.76,,0
2.77,,0
2.78,,0
2.79,,0
2.8,,0
2.81,,0
2.82,,0
2.83,,0
2.84,,0
2.85,,0
2.86,,0
2.87,,0
2.88,,0
2.89,,0
2.9,,0
2.91,,0
2.92,,0
2.93,,0
2.94,,0
2.95,,0
2.96,,0
2.97,,0
2.98,,0
2.99,,0
3,,0
3.01,,0
3.02,,0
3.03,,0
3.04,,0
3.05,,0
3.06,,0
3.07,,0
3.08,,0
3.09,,0
3.1,,0
3.11,,0
3.12,,0
3.13,,0
3.14,,0
3.15,,0
3.16,,0
3.17,,12
3.18,,0
3.19,,0
3.2,,0
3.21,,0
3.22,,0
3.23,,0
3.24,,0
3.25,,0
3.26,,0
3.27,,0
3.28,,0
3.29,,0
3.3,,0
3.31,,0
3.32,,0
3.33,,0
3.34,,0
3.35,,0
3.36,,0
3.37,,0
3.38,,0
3.39,,0
3.4,,0
3.41,,0
3.42,,0
3.43,,0
3.44,,0
3.45,,0
3.46,,0
3.47,,0
3.48,,0
3.49,,0
3.5,,0
3.51,,0
3.52,,0
3.53,,0
3.54,,0
3.55,,0
3.56,,0
3.57,,0
3.58,,0
3.59,,12
3.6,,0
3.61,,0
3.62,,0
3.63,,0
3.64,,0
3.65,,0
3.66,,0
3.67,,0
3.68,,0
3.69,,0
3.7,,0
3.71,,0
3.72,,0
3.73,,0
3.74,,0
3.75,,0
3.76,,0
3.77,,0
3.78,,0
3.79,,0
3.8,,0
3.81,,0
3.82,,0
3.83,,0
3.84,,0
3.85,,0
3.86,,0
3.87,,0
3.88,,0
3.89,,0
3.9,,0
3.91,,0
3.92,,0
3.93,,0
3.94,,0
3.95,,0
3.96,,0
3.97,,0
3.98,,0
3.99,,0
4,,0
4.01,,0
4.02,,0
4.03,,0
4.04,,0
4.05,,0
4.06,,0
4.07,,0
4.08,,0
4.09,,12
4.1,,12
4.11,,0
4.12,,0
4.13,,0
4.14,,0
4.15,,0
4.16,,0
4.17,,0
4.18,,0
4.19,,0
4.2,,0
4.21,,12
4.22,,0
4.23,,0
4.24,,0
4.25,,0
4.26,,0
4.27,,12
4.28,,12
4.29,,12
4.3,,0
4.31,,0
4.32,,0
4.33,,0
4.34,,0
4.35,,0
4.36,,0
4.37,,0
4.38,,12
4.39,,0
4.4,,0
4.41,,0
4.42,,0
4.43,,0
4.44,,0
4.45,,12
4.46,,0
4.47,,0
4.48,,0
4.49,,0
4.5,,0
4.51,,0
4.52,,0
4.53,,0
4.54,,0
4.55,,0
4.56,,0
4.57,,0
4.58,,0
4.59,,0
4.6,,0
4.61,,12
4.62,,12
4.63,,0
4.64,,0
4.65,,0
4.66,,0
4.67,,0
4.68,,0
4.69,,0
4.7,,0
4.71,,0
4.72,,0
4.73,,0
4.74,,0
4.75,,0
4.76,,12
4.77,,0
4.78,,0
4.79,,0
4.8,,0
4.81,,0
4.82,,0
4.83,,0
4.84,,12
4.85,,0
4.86,,0
4.87,,0
4.88,,0
4.89,,0
4.9,,12
4.91,,12
4.92,,0
4.93,,0
4.94,,0
4.95,,0
4.96,,0
4.97,,0
4.98,,0
4.99,,0
5,,0
5.01,,0
5.02,,0
5.03,,0
5.04,,0
5.05,,0
5.06,,0
5.07,,0
5.08,,0
5.09,,0
5.1,,0
5.11,,0
5.12,,12
5.13,,0
5.14,,0
5.15,,0
5.16,,0
5.17,,12
5.18,,12
5.19,,0
5.2,,0
5.21,,0
5.22,,0
5.23,,0
5.24,,0
5.25,,0
5.26,,0
5.27,,0
5.28,,0
5.29,,0
5.3,,12
5.31,,0
5.32,,0
5.33,,0
5.34,,0
5.35,,0
5.36,,0
5.37,,12
5.38,,0
5.39,,0
5.4,,0
5.41,,0
5.42,,0
5.43,,0
5.44,,0
5.45,,0
5.46,,0
5.47,,0
5.48,,0
5.49,,0
5.5,,0
5.51,,0
5.52,,0
5.53,,0
5.54,,0
5.55,,0
5.56,,0
5.57,,0
5.58,,0
5.59,,0
5.6,,0
5.61,,0
5.62,,0
5.63,,0
5.64,,0
5.65,,0
5.66,,0
5.67,,0
5.68,,0
5.69,,0
5.7,,12
5.71,,12
5.72,,12
5.73,,12
5.74,,12
5.75,,25
5.76,,12
5.77,,12
5.78,,37
5.79,,50
5.8,,75
5.81,,75
5.82,,88
5.83,,126
5.84,,164
5.85,,202
5.86,,227
5.87,,277
5.88,,315
5.89,,353
5.9,,404
5.91,,442
5.92,,442
5.93,,442
5.94,,467
5.95,,467
5.96,,467
5.97,,479
5.98,,479
5.99,,479
6,,479
6.01,,479
6.02,,479
6.03,,454
6.04,,467
6.05,,479
6.06,,467
6.07,,454
6.08,,467
6.09,,467
6.1,,467
6.11,,467
6.12,,492
6.13,,505
6.14,,530
6.15,,606
6.16,,707
6.17,,770
6.18,,808
6.19,,896
6.2,,947
6.21,,972
6.22,,1048
6.23,,1098
6.24,,1048
6.25,,1098
6.26,,1225
6.27,,1263
6.28,,1275
6.29,,1326
6.3,,1402
6.31,,1414
6.32,,1414
6.33,,1427
6.34,,1439
6.35,,1389
6.36,,1364
6.37,,1465
6.38,,1490
6.39,,1477
6.4,,1465
6.41,,1490
6.42,,1515
6.43,,1490
6.44,,1465
6.45,,1465
6.46,,1452
6.47,,1364
6.48,,1364
6.49,,1427
6.5,,1427
6.51,,1389
6.52,,1389
6.53,,1402
6.54,,1376
6.55,,1351
6.56,,1338
6.57,,1351
6.58,,1338
6.59,,1263
6.6,,1275
6.61,,1326
6.62,,1338
6.63,,1326
6.64,,1313
6.65,,1338
6.66,,1364
6.67,,1351
6.68,,1326
6.69,,1326
6.7,,1338
6.71,,1300
6.72,,1225
6.73,,1263
6.74,,1275
6.75,,1288
6.76,,1263
6.77,,1263
6.78,,1288
6.79,,1313
6.8,,1300
6.81,,1275
6.82,,1275
6.83,,1288
6.84,,1250
6.85,,1187
6.86,,1187
6.87,,1237
6.88,,1225
6.89,,1212
6.9,,1174
6.91,,1187
6.92,,1187
6.93,,1174
6.94,,1136
6.95,,1111
6.96,,1098
6.97,,1086
6.98,,1023
6.99,,947
7,,959
7.01,,985
7.02,,922
7.03,,884
7.04,,833
7.05,,821
7.06,,808
7.07,,757
7.08,,694
7.09,,669
7.1,,669
7.11,,669
7.12,,656
7.13,,593
7.14,,568
7.15,,606
7.16,,593
7.17,,555
7.18,,517
7.19,,492
7.2,,454
7.21,,429
7.22,,391
7.23,,341
7.24,,290
7.25,,252
7.26,,214
7.27,,202
7.28,,176
7.29,,164
7.3,,151
7.31,,138
7.32,,101
7.33,,88
7.34,,75
7.35,,63
7.36,,63
7.37,,50
7.38,,50
7.39,,50
7.4,,25
7.41,,37
7.42,,25
7.43,,25
7.44,,25
7.45,,12
7.46,,0
7.47,,12
7.48,,12
7.49,,0
7.5,,0
7.51,,0
7.52,,0
7.53,,0
7.54,,0
7.55,,12
7.56,,0
7.57,,0
7.58,,12
7.59,,12
7.6,,0
7.61,,0
7.62,,0
7.63,,0
7.64,,0
7.65,,0
7.66,,0
7.67,,0
7.68,,0
7.69,,0
7.7,,0
7.71,,0
7.72,,0
7.73,,0
7.74,,12
7.75,,0
7.76,,0
7.77,,0
7.78,,0
7.79,,12
7.8,,12
7.81,,12
7.82,,12
7.83,,12
7.84,,25
7.85,,37
7.86,,50
7.87,,63
7.88,,75
7.89,,88
7.9,,101
7.91,,101
7.92,,101
7.93,,113
7.94,,126
7.95,,113
7.96,,126
7.97,,113
7.98,,126
7.99,,126
8,,126
8.01,,126
8.02,,126
8.03,,126
8.04,,126
8.05,,113
8.06,,126
8.07,,113
8.08,,101
8.09,,113
8.1,,126
8.11,,113
8.12,,113
8.13,,113
8.14,,113
8.15,,101
8.16,,113
8.17,,113
8.18,,113
8.19,,113
8.2,,113
8.21,,113
8.22,,101
8.23,,101
8.24,,88
8.25,,75
8.26,,88
8.27,,75
8.28,,63
8.29,,50
8.3,,50
8.31,,50
8.32,,37
8.33,,50
8.34,,50
8.35,,37
8.36,,50
8.37,,50
8.38,,37
8.39,,37
8.4,,25
8.41,,12
8.42,,25
8.43,,37
8.44,,25
8.45,,25
8.46,,12
8.47,,25
8.48,,12
8.49,,25
8.5,,37
8.51,,25
8.52,,37
8.53,,37
8.54,,25
8.55,,37
8.56,,12
8.57,,12
8.58,,37
8.59,,25
8.6,,25
8.61,,25
8.62,,25
8.63,,25
8.64,,25
8.65,,37
8.66,,37
8.67,,37
8.68,,50
8.69,,37
8.7,,25
8.71,,25
8.72,,37
8.73,,37
8.74,,37
8.75,,37
8.76,,25
8.77,,25
8.78,,37
8.79,,37
8.8,,37
8.81,,37
8.82,,37
8.83,,37
8.84,,25
8.85,,12
8.86,,37
8.87,,37
8.88,,37
8.89,,25
8.9,,25
8.91,,12
8.92,,25
8.93,,37
8.94,,37
8.95,,37
8.96,,25
8.97,,25
8.98,,12
8.99,,0
9,,12
9.01,,12
9.02,,12
9.03,,0
9.04,,0
9.05,,0
9.06,,0
9.07,,12
9.08,,12
9.09,,12
9.1,,12
9.11,,12
9.12,,12
9.13,,0
9.14,,0
9.15,,0
9.16,,12
9.17,,0
9.18,,0
9.19,,0
9.2,,0
9.21,,0
9.22,,0
9.23,,0
9.24,,0
9.25,,0
9.26,,0
9.27,,0
9.28,,0
9.29,,0
9.3,,0
9.31,,0
9.32,,0
9.33,,0
9.34,,0
9.35,,0
9.36,,0
9.37,,0
9.38,,0
9.39,,0
9.4,,0
9.41,,0
9.42,,0
9.43,,0
9.44,,0
9.45,,0
9.46,,0
9.47,,0
9.48,,0
9.49,,0
9.5,,0
9.51,,0
9.52,,0
9.53,,0
9.54,,0
9.55,,0
9.56,,0
9.57,,0
9.58,,0
9.59,,0
9.6,,0
9.61,,0
9.62,,0
9.63,,0
9.64,,0
9.65,,0
9.66,,0
9.67,,0
9.68,,0
9.69,,0
9.7,,0
9.71,,0
9.72,,0
9.73,,0
9.74,,0
9.75,,0
9.76,,0
9.77,,0
9.78,,0
9.79,,0
9.8,,0
9.81,,0
9.82,,0
9.83,,0
9.84,,0
9.85,,0
9.86,,0
9.87,,0
9.88,,0
9.89,,0
9.9,,0
9.91,,0
9.92,,0
9.93,,0
9.94,,0
9.95,,0
9.96,,0
9.97,,0
9.98,,0
9.99,,0
10,,0
10.01,,0
10.02,,12
10.03,,12
10.04,,0
10.05,,0
10.06,,0
10.07,,0
10.08,,0
10.09,,0
10.1,,0
10.11,,0
10.12,,0
10.13,,12
10.14,,0
10.15,,0
10.16,,0
10.17,,0
10.18,,0
10.19,,0
10.2,,0
10.21,,0
10.22,,0
10.23,,12
10.24,,12
10.25,,0
10.26,,0
10.27,,0
10.28,,0
10.29,,0
10.3,,0
10.31,,0
10.32,,12
10.33,,12
10.34,,0
10.35,,0
10.36,,0
10.37,,0
10.38,,0
10.39,,0
10.4,,0
10.41,,0
10.42,,12
10.43,,12
10.44,,0
10.45,,0
10.46,,0
10.47,,0
10.48,,0
10.49,,0
10.5,,12
10.51,,12
10.52,,0
10.53,,0
10.54,,0
10.55,,0
10.56,,0
10.57,,0
10.58,,0
10.59,,12
10.6,,12
10.61,,0
10.62,,0
10.63,,12
10.64,,0
10.65,,0
10.66,,0
10.67,,12
10.68,,12
10.69,,0
10.7,,0
10.71,,0
10.72,,12
10.73,,0
10.74,,0
10.75,,12
10.76,,12
10.77,,12
10.78,,0
10.79,,0
10.8,,12
10.81,,0
10.82,,0
10.83,,0
10.84,,12
10.85,,12
10.86,,0
10.87,,0
10.88,,0
10.89,,0
10.9,,0
10.91,,0
10.92,,12
10.93,,12
10.94,,0
10.95,,0
10.96,,0
10.97,,0
10.98,,0
10.99,,0
11,,12
11.01,,0
11.02,,0
11.03,,0
11.04,,0
11.05,,0
11.06,,0
11.07,,12
11.08,,12
11.09,,0
11.1,,0
11.11,,0
11.12,,0
11.13,,0
11.14,,12
11.15,,12
11.16,,0
11.17,,0
11.18,,0
11.19,,0
11.2,,0
11.21,,12
11.22,,12
11.23,,0
11.24,,0
11.25,,12
11.26,,0
11.27,,0
11.28,,25
11.29,,25
11.3,,12
11.31,,12
11.32,,25
11.33,,12
11.34,,12
11.35,,25
11.36,,12
11.37,,0
11.38,,12
11.39,,0
11.4,,0
11.41,,12
11.42,,25
11.43,,12
11.44,,12
11.45,,25
11.46,,12
11.47,,12
11.48,,25
11.49,,25
11.5,,12
11.51,,25
11.52,,12
11.53,,12
11.54,,25
11.55,,25
11.56,,12
11.57,,12
11.58,,12
11.59,,12
11.6,,12
11.61,,25
11.62,,12
11.63,,12
11.64,,12
11.65,,12
11.66,,12
11.67,,25
11.68,,12
11.69,,12
11.7,,25
11.71,,12
11.72,,25
11.73,,37
11.74,,25
11.75,,25
11.76,,25
11.77,,12
11.78,,37
11.79,,37
11.8,,12
11.81,,37
11.82,,25
11.83,,25
11.84,,50
11.85,,37
11.86,,37
11.87,,50
11.88,,37
11.89,,63
11.9,,101
11.91,,88
11.92,,126
11.93,,126
11.94,,151
11.95,,189
11.96,,189
11.97,,214
11.98,,252
11.99,,265
12,,290
12.01,,303
12.02,,328
12.03,,341
12.04,,353
12.05,,391
12.06,,429
12.07,,479
12.08,,517
12.09,,568
12.1,,631
12.11,,694
12.12,,694
12.13,,719
12.14,,707
12.15,,745
12.16,,757
12.17,,922
12.18,,959
12.19,,1023
12.2,,1023
12.21,,1086
12.22,,1086
12.23,,1326
12.24,,1402
12.25,,1553
12.26,,1679
12.27,,1806
12.28,,1831
12.29,,2033
12.3,,2134
12.31,,2223
12.32,,2311
12.33,,2298
12.34,,2311
12.35,,2273
12.36,,2361
12.37,,2361
12.38,,2387
12.39,,2374
12.4,,2361
12.41,,2273
12.42,,2311
12.43,,2324
12.44,,2311
12.45,,2336
12.46,,2273
12.47,,2248
12.48,,2109
12.49,,2185
12.5,,2159
12.51,,2172
12.52,,2197
12.53,,2172
12.54,,2159
12.55,,2058
12.56,,2134
12.57,,2134
12.58,,2134
12.59,,2159
12.6,,2084
12.61,,2084
12.62,,1932
12.63,,1995
12.64,,1995
12.65,,1995
12.66,,2033
12.67,,2008
12.68,,1995
12.69,,1894
12.7,,1894
12.71,,1844
12.72,,1743
12.73,,1730
12.74,,1642
12.75,,1578
12.76,,1515
12.77,,1376
12.78,,1452
12.79,,1376
12.8,,1351
12.81,,1338
12.82,,1237
12.83,,1237
12.84,,1136
12.85,,1174
12.86,,1174
12.87,,1136
12.88,,1149
12.89,,1098
12.9,,1061
12.91,,1048
12.92,,972
12.93,,1048
12.94,,1048
12.95,,1035
12.96,,1073
12.97,,1061
12.98,,1061
12.99,,1061
13,,985
13.01,,1098
13.02,,1098
13.03,,1086
13.04,,1124
13.05,,1111
13.06,,1098
13.07,,1086
13.08,,1023
13.09,,1111
13.1,,1098
13.11,,1098
13.12,,1124
13.13,,1098
13.14,,1098
13.15,,1086
13.16,,1023
13.17,,1098
13.18,,1073
13.19,,1048
13.2,,1048
13.21,,947
13.22,,909
13.23,,909
13.24,,846
13.25,,922
13.26,,896
13.27,,858
13.28,,833
13.29,,732
13.3,,656
13.31,,606
13.32,,492
13.33,,492
13.34,,429
13.35,,353
13.36,,303
13.37,,252
13.38,,202
13.39,,176
13.4,,138
13.41,,138
13.42,,113
13.43,,88
13.44,,75
13.45,,63
13.46,,50
13.47,,37
13.48,,25
13.49,,25
13.5,,37
13.51,,25
13.52,,25
13.53,,37
13.54,,50
13.55,,37
13.56,,37
13.57,,37
13.58,,37
13.59,,25
13.6,,25
13.61,,37
13.62,,37
13.63,,25
13.64,,25
13.65,,37
13.66,,37
13.67,,25
13.68,,37
13.69,,50
13.7,,50
13.71,,63
13.72,,88
13.73,,113
13.74,,126
13.75,,138
13.76,,164
13.77,,176
13.78,,189
13.79,,202
13.8,,214
13.81,,252
13.82,,277
13.83,,315
13.84,,378
13.85,,416
13.86,,467
13.87,,505
13.88,,505
13.89,,581
13.9,,618
13.91,,593
13.92,,618
13.93,,618
13.94,,618
13.95,,631
13.96,,593
13.97,,618
13.98,,656
13.99,,644
14,,644
14.01,,644
14.02,,606
14.03,,606
14.04,,593
14.05,,555
14.06,,606
14.07,,618
14.08,,606
14.09,,618
14.1,,631
14.11,,606
14.12,,618
14.13,,606
14.14,,555
14.15,,606
14.16,,581
14.17,,543
14.18,,543
14.19,,492
14.2,,429
14.21,,391
14.22,,341
14.23,,290
14.24,,290
14.25,,252
14.26,,214
14.27,,189
14.28,,164
14.29,,151
14.3,,151
14.31,,138
14.32,,126
14.33,,151
14.34,,126
14.35,,126
14.36,,126
14.37,,138
14.38,,126
14.39,,113
14.4,,113
14.41,,101
14.42,,113
14.43,,101
14.44,,113
14.45,,113
14.46,,113
14.47,,113
14.48,,113
14.49,,101
14.5,,113
14.51,,113
14.52,,101
14.53,,101
14.54,,113
14.55,,101
14.56,,101
14.57,,88
14.58,,88
14.59,,101
14.6,,75
14.61,,63
14.62,,50
14.63,,50
14.64,,37
14.65,,25
14.66,,25
14.67,,12
14.68,,25
14.69,,12
14.7,,0
14.71,,0
14.72,,12
14.73,,12
14.74,,12
14.75,,0
14.76,,0
14.77,,12
14.78,,0
14.79,,0
14.8,,0
14.81,,12
14.82,,12
14.83,,12
14.84,,12
14.85,,25
14.86,,37
14.87,,37
14.88,,63
14.89,,88
14.9,,113
14.91,,126
14.92,,138
14.93,,138
14.94,,151
14.95,,138
14.96,,138
14.97,,164
14.98,,164
14.99,,176
15,,164
15.01,,151
15.02,,164
15.03,,164
15.04,,164
15.05,,151
15.06,,164
15.07,,164
15.08,,164
15.09,,151
15.1,,138
15.11,,176
15.12,,151
15.13,,151
15.14,,151
15.15,,164
15.16,,164
15.17,,164
15.18,,151
15.19,,138
15.2,,164
15.21,,138
15.22,,151
15.23,,151
15.24,,164
15.25,,164
15.26,,151
15.27,,138
15.28,,151
15.29,,164
15.3,,151
15.31,,151
15.32,,164
15.33,,151
15.34,,151
15.35,,151
15.36,,138
15.37,,164
15.38,,138
15.39,,151
15.4,,151
15.41,,151
15.42,,151
15.43,,138
15.44,,138
15.45,,138
15.46,,151
15.47,,138
15.48,,151
15.49,,151
15.5,,164
15.51,,164
15.52,,151
15.53,,138
15.54,,151
15.55,,151
15.56,,138
15.57,,138
15.58,,151
15.59,,151
15.6,,151
15.61,,151
15.62,,138
15.63,,164
15.64,,151
15.65,,151
15.66,,164
15.67,,176
15.68,,176
15.69,,176
15.7,,164
15.71,,176
15.72,,189
15.73,,176
15.74,,176
15.75,,189
15.76,,176
15.77,,176
15.78,,176
15.79,,164
15.8,,189
15.81,,164
15.82,,164
15.83,,176
15.84,,176
15.85,,176
15.86,,164
15.87,,164
15.88,,164
15.89,,176
15.9,,151
15.91,,151
15.92,,164
15.93,,164
15.94,,151
15.95,,138
15.96,,138
15.97,,164
15.98,,126
15.99,,126
16,,126
16.01,,126
16.02,,126
16.03,,126
16.04,,113
16.05,,126
16.06,,113
16.07,,101
16.08,,101
16.09,,113
16.1,,101
16.11,,101
16.12,,101
16.13,,101
16.14,,126
16.15,,101
16.16,,101
16.17,,101
16.18,,101
16.19,,88
16.2,,88
16.21,,88
16.22,,101
16.23,,101
16.24,,75
16.25,,75
16.26,,88
16.27,,88
16.28,,75
16.29,,75
16.3,,75
16.31,,88
16.32,,75
16.33,,75
16.34,,75
16.35,,88
16.36,,88
16.37,,75
16.38,,75
16.39,,88
16.4,,88
16.41,,75
16.42,,88
16.43,,88
16.44,,88
16.45,,88
16.46,,88
16.47,,88
16.48,,101
16.49,,88
16.5,,101
16.51,,101
16.52,,113
16.53,,113
16.54,,113
16.55,,101
16.56,,126
16.57,,101
16.58,,101
16.59,,113
16.6,,113
16.61,,113
16.62,,113
16.63,,101
16.64,,101
16.65,,126
16.66,,101
16.67,,113
16.68,,113
16.69,,113
16.7,,113
16.71,,101
16.72,,113
16.73,,126
16.74,,101
16.75,,113
16.76,,113
16.77,,113
16.78,,113
16.79,,101
16.8,,113
16.81,,113
16.82,,101
16.83,,113
16.84,,113
16.85,,113
16.86,,101
16.87,,101
16.88,,113
16.89,,113
16.9,,88
16.91,,101
16.92,,113
16.93,,113
16.94,,113
16.95,,101
16.96,,101
16.97,,113
16.98,,88
16.99,,101
17,,101
17.01,,113
17.02,,113
17.03,,88
17.04,,101
17.05,,113
17.06,,88
17.07,,101
17.08,,101
17.09,,113
17.1,,113
17.11,,113
17.12,,101
17.13,,126
17.14,,101
17.15,,113
17.16,,113
17.17,,126
17.18,,113
17.19,,126
17.2,,126
17.21,,151
17.22,,138
17.23,,138
17.24,,138
17.25,,151
17.26,,151
17.27,,138
17.28,,138
17.29,,164
17.3,,138
17.31,,138
17.32,,151
17.33,,151
17.34,,151
17.35,,138
17.36,,126
17.37,,151
17.38,,126
17.39,,138
17.4,,138
17.41,,151
17.42,,151
17.43,,151
17.44,,164
17.45,,189
17.46,,189
17.47,,202
17.48,,214
17.49,,227
17.5,,239
17.51,,239
17.52,,265
17.53,,290
17.54,,290
17.55,,290
17.56,,303
17.57,,290
17.58,,303
17.59,,290
17.6,,303
17.61,,315
17.62,,315
17.63,,328
17.64,,341
17.65,,353
17.66,,366
17.67,,366
17.68,,391
17.69,,442
17.7,,467
17.71,,467
17.72,,479
17.73,,479
17.74,,479
17.75,,492
17.76,,492
17.77,,530
17.78,,530
17.79,,530
17.8,,530
17.81,,505
17.82,,505
17.83,,492
17.84,,467
17.85,,492
17.86,,467
17.87,,442
17.88,,454
17.89,,442
17.9,,429
17.91,,416
17.92,,391
17.93,,416
17.94,,429
17.95,,416
17.96,,429
17.97,,429
17.98,,416
17.99,,429
18,,404
18.01,,416
18.02,,429
18.03,,429
18.04,,416
18.05,,416
18.06,,391
18.07,,378
18.08,,378
18.09,,353
18.1,,378
18.11,,353
18.12,,315
18.13,,303
18.14,,290
18.15,,277
18.16,,290
18.17,,277
18.18,,277
18.19,,290
18.2,,277
18.21,,265
18.22,,277
18.23,,277
18.24,,277
18.25,,277
18.26,,252
18.27,,265
18.28,,265
18.29,,239
18.3,,239
18.31,,239
18.32,,239
18.33,,239
18.34,,239
18.35,,227
18.36,,265
18.37,,265
18.38,,252
18.39,,265
18.4,,277
18.41,,265
18.42,,265
18.43,,252
18.44,,265
18.45,,265
18.46,,265
18.47,,252
18.48,,265
18.49,,265
18.5,,265
18.51,,252
18.52,,239
18.53,,252
18.54,,252
18.55,,239
18.56,,239
18.57,,239
18.58,,239
18.59,,239
18.6,,239
18.61,,227
18.62,,252
18.63,,239
18.64,,239
18.65,,239
18.66,,239
18.67,,239
18.68,,227
18.69,,214
18.7,,214
18.71,,239
18.72,,227
18.73,,214
18.74,,214
18.75,,227
18.76,,214
18.77,,202
18.78,,189
18.79,,176
18.8,,189
18.81,,164
18.82,,151
18.83,,164
18.84,,151
18.85,,151
18.86,,138
18.87,,126
18.88,,126
18.89,,126
18.9,,101
18.91,,101
18.92,,88
18.93,,75
18.94,,75
18.95,,63
18.96,,50
18.97,,63
18.98,,63
18.99,,50
19,,63
19.01,,63
19.02,,63
19.03,,63
19.04,,50
19.05,,63
19.06,,75
19.07,,50
19.08,,63
19.09,,63
19.1,,50
19.11,,50
19.12,,25
19.13,,25
19.14,,25
19.15,,12
19.16,,12
19.17,,12
19.18,,25
19.19,,25
19.2,,25
19.21,,12
19.22,,25
19.23,,37
19.24,,25
19.25,,12
19.26,,25
19.27,,25
19.28,,37
19.29,,25
19.3,,25
19.31,,25
19.32,,50
19.33,,37
19.34,,37
19.35,,63
19.36,,75
19.37,,88
19.38,,88
19.39,,88
19.4,,101
19.41,,88
19.42,,88
19.43,,88
19.44,,101
19.45,,113
19.46,,101
19.47,,88
19.48,,88
19.49,,113
19.5,,88
19.51,,88
19.52,,101
19.53,,101
19.54,,101
19.55,,101
19.56,,88
19.57,,88
19.58,,113
19.59,,88
19.6,,88
19.61,,101
19.62,,113
19.63,,113
19.64,,113
19.65,,101
19.66,,101
19.67,,126
19.68,,101
19.69,,113
19.7,,113
19.71,,126
19.72,,126
19.73,,126
19.74,,113
19.75,,113
19.76,,126
19.77,,113
19.78,,113
19.79,,113
19.8,,126
19.81,,113
19.82,,113
19.83,,101
19.84,,101
19.85,,126
19.86,,88
19.87,,101
19.88,,101
19.89,,113
19.9,,113
19.91,,113
19.92,,101
19.93,,88
19.94,,113
19.95,,88
19.96,,101
19.97,,101
19.98,,113
19.99,,101
20,,75
20.01,,63
20.02,,50
20.03,,63
20.04,,63
20.05,,50
20.06,,50
20.07,,63
20.08,,63
20.09,,50
20.1,,37
20.11,,37
20.12,,63
20.13,,50
20.14,,37
20.15,,50
20.16,,50
20.17,,63
20.18,,50
20.19,,50
20.2,,37
20.21,,63
20.22,,37
20.23,,37
20.24,,50
20.25,,50
20.26,,63
20.27,,50
20.28,,50
20.29,,50
20.3,,63
20.31,,37
20.32,,37
20.33,,50
20.34,,63
20.35,,50
20.36,,50
20.37,,37
20.38,,50
20.39,,50
20.4,,37
20.41,,50
20.42,,50
20.43,,50
20.44,,37
20.45,,25
20.46,,50
20.47,,50
20.48,,25
20.49,,37
20.5,,50
20.51,,50
20.52,,50
20.53,,37
20.54,,37
20.55,,50
20.56,,37
20.57,,37
20.58,,50
20.59,,50
20.6,,37
20.61,,37
20.62,,37
20.63,,50
20.64,,37
20.65,,37
20.66,,50
20.67,,50
20.68,,50
20.69,,37
20.7,,37
20.71,,50
20.72,,50
20.73,,25
20.74,,37
20.75,,50
20.76,,50
20.77,,37
20.78,,37
20.79,,50
20.8,,50
20.81,,37
20.82,,50
20.83,,50
20.84,,50
20.85,,37
20.86,,37
20.87,,50
20.88,,37
20.89,,37
20.9,,50
20.91,,50
20.92,,37
20.93,,25
20.94,,25
20.95,,37
20.96,,25
20.97,,25
20.98,,50
20.99,,50
21,,50
21.01,,37
21.02,,37
21.03,,63
21.04,,37
21.05,,25
21.06,,37
21.07,,50
21.08,,50
21.09,,50
21.1,,37
21.11,,37
21.12,,63
21.13,,50
21.14,,50
21.15,,63
21.16,,75
21.17,,75
21.18,,63
21.19,,63
21.2,,88
21.21,,88
21.22,,88
21.23,,101
21.24,,101
21.25,,88
21.26,,75
21.27,,63
21.28,,88
21.29,,63
21.3,,63
21.31,,63
21.32,,75
21.33,,63
21.34,,63
21.35,,37
21.36,,63
21.37,,50
21.38,,25
21.39,,37
21.4,,50
21.41,,50
21.42,,50
21.43,,37
21.44,,50
21.45,,50
21.46,,37
21.47,,25
21.48,,37
21.49,,50
21.5,,50
21.51,,37
21.52,,50
21.53,,63
21.54,,37
21.55,,37
21.56,,50
21.57,,50
21.58,,50
21.59,,37
21.6,,50
21.61,,63
21.62,,37
21.63,,25
21.64,,25
21.65,,25
21.66,,25
21.67,,12
21.68,,12
21.69,,12
21.7,,12
21.71,,0
21.72,,0
21.73,,0
21.74,,0
21.75,,0
21.76,,0
21.77,,12
21.78,,0
21.79,,0
21.8,,0
21.81,,12
21.82,,0
21.83,,0
21.84,,12
21.85,,0
21.86,,0
21.87,,0
21.88,,12
21.89,,12
21.9,,0
21.91,,0
21.92,,12
21.93,,0
21.94,,0
21.95,,12
21.96,,12
21.97,,0
21.98,,0
21.99,,12
22,,0
22.01,,0
22.02,,12
22.03,,12
22.04,,12
22.05,,25
22.06,,12
22.07,,12
22.08,,12
22.09,,25
22.1,,25
22.11,,12
22.12,,25
22.13,,12
22.14,,12
22.15,,25
22.16,,37
22.17,,25
22.18,,25
22.19,,25
22.2,,25
22.21,,25
22.22,,37
22.23,,25
22.24,,25
22.25,,25
22.26,,25
22.27,,12
22.28,,37
22.29,,25
22.3,,25
22.31,,37
22.32,,25
22.33,,25
22.34,,50
22.35,,25
22.36,,25
22.37,,25
22.38,,25
22.39,,37
22.4,,37
22.41,,37
22.42,,37
22.43,,50
22.44,,37
22.45,,50
22.46,,50
22.47,,37
22.48,,63
22.49,,50
22.5,,50
22.51,,63
22.52,,50
22.53,,37
22.54,,63
22.55,,37
22.56,,50
22.57,,63
22.58,,37
22.59,,63
22.6,,50
22.61,,50
22.62,,63
22.63,,37
22.64,,63
22.65,,50
22.66,,50
22.67,,63
22.68,,50
22.69,,50
22.7,,50
22.71,,50
22.72,,75
22.73,,50
22.74,,63
22.75,,75
22.76,,75
22.77,,101
22.78,,75
22.79,,75
22.8,,63
22.81,,50
22.82,,88
22.83,,63
22.84,,50
22.85,,75
22.86,,50
22.87,,75
22.88,,101
22.89,,75
22.9,,88
22.91,,88
22.92,,63
22.93,,75
22.94,,101
22.95,,88
22.96,,75
22.97,,101
22.98,,63
22.99,,75
23,,88
23.01,,88
23.02,,75
23.03,,101
23.04,,101
23.05,,113
23.06,,176
23.07,,227
23.08,,303
23.09,,416
23.1,,581
23.11,,884
23.12,,1275
23.13,,1389
23.14,,1490
23.15,,1692
23.16,,1932
23.17,,2020
23.18,,2235
23.19,,2412
23.2,,2614
23.21,,2639
23.22,,2892
23.23,,2955
23.24,,3195
23.25,,3397
23.26,,3473
23.27,,3524
23.28,,3637
23.29,,3814
23.3,,3902
23.31,,3978
23.32,,3991
23.33,,4041
23.34,,3966
23.35,,4105
23.36,,4130
23.37,,4155
23.38,,4218
23.39,,4231
23.4,,4256
23.41,,4206
23.42,,4231
23.43,,4294
23.44,,4294
23.45,,4332
23.46,,4332
23.47,,4294
23.48,,4307
23.49,,4155
23.5,,4256
23.51,,4244
23.52,,4231
23.53,,4294
23.54,,4256
23.55,,4218
23.56,,4180
23.57,,4041
23.58,,4067
23.59,,3966
23.6,,3902
23.61,,3915
23.62,,3902
23.63,,3839
23.64,,3789
23.65,,3662
23.66,,3662
23.67,,3574
23.68,,3524
23.69,,3524
23.7,,3435
23.71,,3359
23.72,,3309
23.73,,3170
23.74,,3208
23.75,,3107
23.76,,3018
23.77,,2892
23.78,,2728
23.79,,2513
23.8,,2425
23.81,,2273
23.82,,2185
23.83,,2147
23.84,,2008
23.85,,1919
23.86,,1932
23.87,,1831
23.88,,1743
23.89,,1692
23.9,,1477
23.91,,1503
23.92,,1439
23.93,,1364
23.94,,1364
23.95,,1402
23.96,,1364
23.97,,1364
23.98,,1376
23.99,,1288
24,,1376
24.01,,1351
24.02,,1338
24.03,,1351
24.04,,1364
24.05,,1313
24.06,,1326
24.07,,1338
24.08,,1237
24.09,,1326
24.1,,1288
24.11,,1275
24.12,,1288
24.13,,1300
24.14,,1250
24.15,,1225
24.16,,1212
24.17,,1111
24.18,,1111
24.19,,1086
24.2,,909
24.21,,783
24.22,,745
24.23,,694
24.24,,631
24.25,,581
24.26,,505
24.27,,454
24.28,,467
24.29,,416
24.3,,366
24.31,,341
24.32,,328
24.33,,290
24.34,,265
24.35,,252
24.36,,227
24.37,,239
24.38,,227
24.39,,227
24.4,,227
24.41,,214
24.42,,214
24.43,,214
24.44,,227
24.45,,227
24.46,,214
24.47,,239
24.48,,239
24.49,,252
24.5,,277
24.51,,303
24.52,,315
24.53,,341
24.54,,366
24.55,,366
24.56,,404
24.57,,429
24.58,,442
24.59,,442
24.6,,454
24.61,,454
24.62,,442
24.63,,454
24.64,,454
24.65,,416
24.66,,429
24.67,,391
24.68,,353
24.69,,315
24.7,,290
24.71,,252
24.72,,227
24.73,,189
24.74,,164
24.75,,138
24.76,,151
24.77,,126
24.78,,126
24.79,,126
24.8,,138
24.81,,151
24.82,,138
24.83,,138
24.84,,151
24.85,,151
24.86,,202
24.87,,202
24.88,,214
24.89,,227
24.9,,252
24.91,,290
24.92,,341
24.93,,416
24.94,,479
24.95,,530
24.96,,669
24.97,,745
24.98,,707
24.99,,707
25,,719
25.01,,707
25.02,,694
25.03,,694
25.04,,682
25.05,,631
25.06,,694
25.07,,593
25.08,,505
25.09,,492
25.1,,479
25.11,,454
25.12,,416
25.13,,391
25.14,,353
25.15,,277
25.16,,252
25.17,,214
25.18,,176
25.19,,151
25.2,,113
25.21,,101
25.22,,88
25.23,,75
25.24,,63
25.25,,37
25.26,,25
25.27,,25
25.28,,37
25.29,,25
25.3,,12
25.31,,25
25.32,,12
25.33,,25
25.34,,25
25.35,,12
25.36,,12
25.37,,25
25.38,,37
25.39,,25
25.4,,12
25.41,,25
25.42,,37
25.43,,37
25.44,,37
25.45,,37
25.46,,37
25.47,,63
25.48,,63
25.49,,50
25.5,,50
25.51,,63
25.52,,63
25.53,,50
25.54,,63
25.55,,50
25.56,,37
25.57,,37
25.58,,63
25.59,,50
25.6,,37
25.61,,50
25.62,,63
25.63,,75
25.64,,75
25.65,,75
25.66,,75
25.67,,75
25.68,,88
25.69,,88
25.7,,75
25.71,,88
25.72,,88
25.73,,88
25.74,,88
25.75,,88
25.76,,88
25.77,,88
25.78,,88
25.79,,101
25.8,,75
25.81,,75
25.82,,88
25.83,,88
25.84,,101
25.85,,101
25.86,,101
25.87,,88
25.88,,101
25.89,,101
25.9,,126
25.91,,101
25.92,,113
25.93,,101
25.94,,113
25.95,,126
25.96,,113
25.97,,113
25.98,,113
25.99,,101
26,,113
26.01,,126
26.02,,101
26.03,,101
26.04,,88
26.05,,88
26.06,,88
26.07,,88
26.08,,75
26.09,,63
26.1,,63
26.11,,75
26.12,,88
26.13,,63
26.14,,75
26.15,,75
26.16,,75
26.17,,88
26.18,,75
26.19,,75
26.2,,63
26.21,,63
26.22,,75
26.23,,88
26.24,,50
26.25,,63
26.26,,63
26.27,,75
26.28,,75
26.29,,75
26.3,,75
26.31,,63
26.32,,63
26.33,,75
26.34,,75
26.35,,63
26.36,,63
26.37,,63
26.38,,63
26.39,,63
26.4,,63
26.41,,50
26.42,,37
26.43,,37
26.44,,37
26.45,,50
26.46,,25
26.47,,25
26.48,,25
26.49,,25
26.5,,25
26.51,,37
26.52,,37
26.53,,12
26.54,,12
26.55,,25
26.56,,37
26.57,,12
26.58,,12
26.59,,12
26.6,,12
26.61,,12
26.62,,12
26.63,,12
26.64,,0
26.65,,0
26.66,,0
26.67,,12
26.68,,12
26.69,,0
26.7,,0
26.71,,12
26.72,,12
26.73,,12
26.74,,12
26.75,,12
26.76,,12
26.77,,25
26.78,,25
26.79,,12
26.8,,12
26.81,,12
26.82,,12
26.83,,12
26.84,,25
26.85,,12
26.86,,0
26.87,,12
26.88,,12
26.89,,12
26.9,,12
26.91,,0
26.92,,12
26.93,,12
26.94,,12
26.95,,12
26.96,,12
26.97,,0
26.98,,12
26.99,,12
27,,12
27.01,,0
27.02,,0
27.03,,12
27.04,,25
27.05,,25
27.06,,12
27.07,,12
27.08,,12
27.09,,25
27.1,,25
27.11,,0
27.12,,12
27.13,,12
27.14,,25
27.15,,25
27.16,,25
27.17,,12
27.18,,12
27.19,,25
27.2,,25
27.21,,12
27.22,,12
27.23,,12
27.24,,25
27.25,,25
27.26,,12
27.27,,0
27.28,,12
27.29,,25
27.3,,25
27.31,,12
27.32,,12
27.33,,12
27.34,,25
27.35,,25
27.36,,25
27.37,,12
27.38,,12
27.39,,25
27.4,,37
27.41,,12
27.42,,12
27.43,,25
27.44,,25
27.45,,25
27.46,,25
27.47,,25
27.48,,12
27.49,,25
27.5,,37
27.51,,25
27.52,,12
27.53,,12
27.54,,25
27.55,,25
27.56,,37
27.57,,25
27.58,,12
27.59,,12
27.6,,25
27.61,,25
27.62,,12
27.63,,12
27.64,,25
27.65,,25
27.66,,25
27.67,,25
27.68,,12
27.69,,12
27.7,,25
27.71,,37
27.72,,12
27.73,,12
27.74,,12
27.75,,25
27.76,,25
27.77,,25
27.78,,25
27.79,,12
27.8,,25
27.81,,50
27.82,,37
27.83,,25
27.84,,37
27.85,,50
27.86,,50
27.87,,50
27.88,,50
27.89,,37
27.9,,37
27.91,,50
27.92,,63
27.93,,50
27.94,,50
27.95,,37
27.96,,50
27.97,,50
27.98,,37
27.99,,37
28,,37
28.01,,37
28.02,,50
28.03,,50
28.04,,25
28.05,,25
28.06,,37
28.07,,37
28.08,,50
28.09,,50
28.1,,37
28.11,,25
28.12,,37
28.13,,50
28.14,,37
28.15,,37
28.16,,25
28.17,,37
28.18,,50
28.19,,37
28.2,,25
28.21,,12
28.22,,12
28.23,,12
28.24,,25
28.25,,12
28.26,,0
28.27,,12
28.28,,12
28.29,,25
28.3,,25
28.31,,12
28.32,,12
28.33,,12
28.34,,25
28.35,,12
28.36,,12
28.37,,12
28.38,,25
28.39,,25
28.4,,25
28.41,,25
28.42,,12
28.43,,12
28.44,,37
28.45,,12
28.46,,12
28.47,,12
28.48,,12
28.49,,12
28.5,,12
28.51,,12
28.52,,0
28.53,,0
28.54,,12
28.55,,0
28.56,,0
28.57,,0
28.58,,0
28.59,,12
28.6,,12
28.61,,12
28.62,,0
28.63,,12
28.64,,25
28.65,,12
28.66,,12
28.67,,12
28.68,,25
28.69,,25
28.7,,37
28.71,,12
28.72,,0
28.73,,12
28.74,,25
28.75,,12
28.76,,12
28.77,,12
28.78,,25
28.79,,25
28.8,,12
28.81,,12
28.82,,12
28.83,,25
28.84,,25
28.85,,12
28.86,,12
28.87,,25
28.88,,25
28.89,,25
28.9,,12
28.91,,12
28.92,,25
28.93,,25
28.94,,12
28.95,,12
28.96,,25
28.97,,37
28.98,,25
28.99,,12
29,,12
29.01,,12
29.02,,25
29.03,,12
29.04,,12
29.05,,12
29.06,,12
29.07,,25
29.08,,12
29.09,,12
29.1,,25
29.11,,37
29.12,,25
29.13,,25
29.14,,37
29.15,,25
29.16,,25
29.17,,12
29.18,,0
29.19,,12
29.2,,12
29.21,,0
29.22,,0
29.23,,0
29.24,,12
29.25,,12
29.26,,0
29.27,,0
29.28,,0
29.29,,12
29.3,,12
29.31,,12
29.32,,12
29.33,,12
29.34,,12
29.35,,0
29.36,,0
29.37,,12
29.38,,12
29.39,,0
29.4,,0
29.41,,0
29.42,,12
29.43,,12
29.44,,0
29.45,,0
29.46,,0
29.47,,12
29.48,,0
29.49,,0
29.5,,0
29.51,,0
29.52,,0
29.53,,0
29.54,,0
29.55,,0
29.56,,0
29.57,,0
29.58,,0
29.59,,12
29.6,,12
29.61,,25
29.62,,25
29.63,,25
29.64,,37
29.65,,25
29.66,,25
29.67,,37
29.68,,37
29.69,,37
29.7,,37
29.71,,37
29.72,,37
29.73,,37
29.74,,25
29.75,,25
29.76,,37
29.77,,37
29.78,,37
29.79,,25
29.8,,25
29.81,,37
29.82,,37
29.83,,25
29.84,,25
29.85,,50
29.86,,37
29.87,,37
29.88,,25
29.89,,37
29.9,,50
29.91,,37
29.92,,37
29.93,,50
29.94,,50
29.95,,50
29.96,,37
29.97,,37
29.98,,50
29.99,,37
30,,37
30.01,,50
30.02,,50
30.03,,50
30.04,,37
30.05,,37
30.06,,63
30.07,,37
30.08,,37
30.09,,63
30.1,,63
30.11,,63
30.12,,50
30.13,,63
30.14,,63
30.15,,50
30.16,,50
30.17,,63
30.18,,63
30.19,,50
30.2,,50
30.21,,63
30.22,,50
30.23,,50
30.24,,50
30.25,,50
30.26,,50
30.27,,50
30.28,,50
30.29,,63
30.3,,50
30.31,,50
30.32,,63
30.33,,63
30.34,,50
30.35,,50
30.36,,63
30.37,,50
30.38,,37
30.39,,50
30.4,,63
30.41,,50
30.42,,50
30.43,,50
30.44,,63
30.45,,37
30.46,,50
30.47,,63
30.48,,63
30.49,,50
30.5,,50
30.51,,63
30.52,,63
30.53,,50
30.54,,63
30.55,,63
30.56,,63
30.57,,50
30.58,,50
30.59,,63
30.6,,37
30.61,,50
30.62,,50
30.63,,50
30.64,,50
30.65,,50
30.66,,63
30.67,,37
30.68,,50
30.69,,63
30.7,,63
30.71,,63
30.72,,50
30.73,,75
30.74,,63
30.75,,50
30.76,,75
30.77,,75
30.78,,63
30.79,,50
30.8,,75
30.81,,63
30.82,,75
30.83,,88
30.84,,88
30.85,,75
30.86,,75
30.87,,101
30.88,,75
30.89,,88
30.9,,101
30.91,,113
30.92,,113
30.93,,101
30.94,,126
30.95,,101
30.96,,126
30.97,,138
30.98,,138
30.99,,138
31,,126
31.01,,151
31.02,,151
31.03,,176
31.04,,214
31.05,,252
31.06,,290
31.07,,341
31.08,,467
31.09,,568
31.1,,833
31.11,,1199
31.12,,1313
31.13,,1288
31.14,,1414
31.15,,1654
31.16,,1679
31.17,,1743
31.18,,1755
31.19,,1818
31.2,,1856
31.21,,1844
31.22,,2046
31.23,,2020
31.24,,2008
31.25,,2033
31.26,,1983
31.27,,1995
31.28,,1945
31.29,,1970
31.3,,2046
31.31,,2033
31.32,,2046
31.33,,2084
31.34,,2046
31.35,,2071
31.36,,1995
31.37,,2096
31.38,,2159
31.39,,2147
31.4,,2172
31.41,,2172
31.42,,2147
31.43,,2134
31.44,,2020
31.45,,2084
31.46,,2084
31.47,,2058
31.48,,2084
31.49,,2058
31.5,,2046
31.51,,2046
31.52,,1932
31.53,,1995
31.54,,1995
31.55,,1957
31.56,,1983
31.57,,1932
31.58,,1894
31.59,,1844
31.6,,1717
31.61,,1755
31.62,,1730
31.63,,1642
31.64,,1604
31.65,,1540
31.66,,1389
31.67,,1338
31.68,,1250
31.69,,1124
31.7,,1199
31.71,,1199
31.72,,1187
31.73,,1199
31.74,,1212
31.75,,1187
31.76,,1187
31.77,,1098
31.78,,1061
31.79,,1111
31.8,,1061
31.81,,985
31.82,,934
31.83,,821
31.84,,719
31.85,,656
31.86,,530
31.87,,454
31.88,,492
31.89,,442
31.9,,378
31.91,,353
31.92,,328
31.93,,277
31.94,,252
31.95,,227
31.96,,189
31.97,,214
31.98,,176
31.99,,164
32,,151
32.01,,151
32.02,,138
32.03,,126
32.04,,113
32.05,,101
32.06,,101
32.07,,88
32.08,,75
32.09,,75
32.1,,63
32.11,,50
32.12,,37
32.13,,37
32.14,,25
32.15,,25
32.16,,12
32.17,,12
32.18,,12
32.19,,0
32.2,,0
32.21,,0
32.22,,0
32.23,,0
32.24,,0
32.25,,0
32.26,,0
32.27,,0
32.28,,0
32.29,,0
32.3,,12
32.31,,12
32.32,,12
32.33,,12
32.34,,25
32.35,,37
32.36,,50
32.37,,63
32.38,,88
32.39,,126
32.4,,138
32.41,,151
32.42,,164
32.43,,189
32.44,,202
32.45,,214
32.46,,227
32.47,,252
32.48,,252
32.49,,252
32.5,,252
32.51,,252
32.52,,252
32.53,,252
32.54,,227
32.55,,252
32.56,,239
32.57,,239
32.58,,252
32.59,,252
32.6,,252
32.61,,252
32.62,,227
32.63,,252
32.64,,239
32.65,,239
32.66,,252
32.67,,252
32.68,,252
32.69,,252
32.7,,239
32.71,,227
32.72,,239
32.73,,239
32.74,,227
32.75,,239
32.76,,227
32.77,,227
32.78,,214
32.79,,189
32.8,,227
32.81,,202
32.82,,189
32.83,,189
32.84,,176
32.85,,176
32.86,,176
32.87,,151
32.88,,176
32.89,,164
32.9,,176
32.91,,151
32.92,,164
32.93,,138
32.94,,138
32.95,,138
32.96,,126
32.97,,164
32.98,,138
32.99,,138
33,,126
33.01,,113
33.02,,101
33.03,,88
33.04,,75
33.05,,75
33.06,,101
33.07,,75
33.08,,88
33.09,,88
33.1,,88
33.11,,88
33.12,,75
33.13,,63
33.14,,75
33.15,,88
33.16,,63
33.17,,75
33.18,,75
33.19,,75
33.2,,63
33.21,,50
33.22,,63
33.23,,75
33.24,,63
33.25,,50
33.26,,63
33.27,,63
33.28,,50
33.29,,37
33.3,,25
33.31,,25
33.32,,50
33.33,,25
33.34,,12
33.35,,25
33.36,,25
33.37,,25
33.38,,12
33.39,,12
33.4,,12
33.41,,25
33.42,,12
33.43,,0
33.44,,12
33.45,,12
33.46,,12
33.47,,0
33.48,,0
33.49,,12
33.5,,12
33.51,,0
33.52,,0
33.53,,12
33.54,,25
33.55,,12
33.56,,0
33.57,,0
33.58,,12
33.59,,0
33.6,,0
33.61,,0
33.62,,0
33.63,,0
33.64,,0
33.65,,0
33.66,,0
33.67,,0
33.68,,0
33.69,,0
33.7,,0
33.71,,0
33.72,,0
33.73,,0
33.74,,0
33.75,,0
33.76,,0
33.77,,0
33.78,,0
33.79,,0
33.8,,0
33.81,,0
33.82,,0
33.83,,0
33.84,,0
33.85,,0
33.86,,0
33.87,,0
33.88,,0
33.89,,0
33.9,,0
33.91,,0
33.92,,0
33.93,,0
33.94,,0
33.95,,0
33.96,,0
33.97,,0
33.98,,0
33.99,,0
34,,0
34.01,,0
34.02,,0
34.03,,0
34.04,,0
34.05,,0
34.06,,0
34.07,,0
34.08,,0
34.09,,0
34.1,,0
34.11,,0
34.12,,0
34.13,,0
34.14,,0
34.15,,0
34.16,,0
34.17,,0
34.18,,0
34.19,,0
34.2,,0
34.21,,0
34.22,,0
34.23,,0
34.24,,0
34.25,,0
34.26,,0
34.27,,0
34.28,,0
34.29,,0
34.3,,0
34.31,,0
34.32,,0
34.33,,0
34.34,,0
34.35,,0
34.36,,0
34.37,,0
34.38,,0
34.39,,0
34.4,,0
34.41,,0
34.42,,0
34.43,,0
34.44,,0
34.45,,0
34.46,,12
34.47,,0
34.48,,0
34.49,,0
34.5,,0
34.51,,0
34.52,,0
34.53,,0
34.54,,0
34.55,,0
34.56,,0
34.57,,0
34.58,,0
34.59,,0
34.6,,12
34.61,,0
34.62,,0
34.63,,0
34.64,,0
34.65,,0
34.66,,0
34.67,,12
34.68,,0
34.69,,0
34.7,,0
34.71,,12
34.72,,12
34.73,,12
34.74,,12
34.75,,0
34.76,,0
34.77,,12
34.78,,12
34.79,,0
34.8,,12
34.81,,12
34.82,,12
34.83,,0
34.84,,12
34.85,,12
34.86,,12
34.87,,12
34.88,,12
34.89,,12
34.9,,12
34.91,,12
34.92,,12
34.93,,25
34.94,,12
34.95,,25
34.96,,37
34.97,,12
34.98,,25
34.99,,37
35,,25
35.01,,25
35.02,,50
35.03,,50
35.04,,37
35.05,,50
35.06,,50
35.07,,37
35.08,,50
35.09,,63
35.1,,50
35.11,,50
35.12,,63
35.13,,50
35.14,,50
35.15,,63
35.16,,75
35.17,,63
35.18,,63
35.19,,88
35.2,,75
35.21,,88
35.22,,101
35.23,,101
35.24,,88
35.25,,88
35.26,,88
35.27,,75
35.28,,101
35.29,,101
35.3,,101
35.31,,75
35.32,,101
35.33,,75
35.34,,75
35.35,,88
35.36,,88
35.37,,88
35.38,,75
35.39,,88
35.4,,63
35.41,,75
35.42,,88
35.43,,75
35.44,,75
35.45,,75
35.46,,101
35.47,,75
35.48,,75
35.49,,88
35.5,,88
35.51,,63
35.52,,75
35.53,,88
35.54,,63
35.55,,75
35.56,,75
35.57,,63
35.58,,50
35.59,,63
35.6,,63
35.61,,37
35.62,,63
35.63,,50
35.64,,37
35.65,,37
35.66,,50
35.67,,37
35.68,,37
35.69,,50
35.7,,50
35.71,,37
35.72,,50
35.73,,63
35.74,,37
35.75,,37
35.76,,50
35.77,,37
35.78,,25
35.79,,37
35.8,,50
35.81,,25
35.82,,50
35.83,,50
35.84,,25
35.85,,37
35.86,,63
35.87,,25
35.88,,63
35.89,,88
35.9,,88
35.91,,88
35.92,,113
35.93,,101
35.94,,113
35.95,,126
35.96,,113
35.97,,113
35.98,,113
35.99,,113
36,,113
36.01,,126
36.02,,113
36.03,,113
36.04,,101
36.05,,126
36.06,,101
36.07,,101
36.08,,113
36.09,,101
36.1,,88
36.11,,88
36.12,,88
36.13,,63
36.14,,63
36.15,,63
36.16,,50
36.17,,37
36.18,,37
36.19,,25
36.2,,12
36.21,,25
36.22,,12
36.23,,12
36.24,,12
36.25,,12
36.26,,12
36.27,,25
36.28,,25
36.29,,12
36.3,,12
36.31,,12
36.32,,12
36.33,,0
36.34,,12
36.35,,12
36.36,,12
36.37,,12
36.38,,12
36.39,,12
36.4,,12
36.41,,12
36.42,,12
36.43,,12
36.44,,12
36.45,,12
36.46,,12
36.47,,25
36.48,,12
36.49,,25
36.5,,25
36.51,,50
36.52,,50
36.53,,50
36.54,,50
36.55,,50
36.56,,37
36.57,,50
36.58,,63
36.59,,63
36.6,,63
36.61,,75
36.62,,50
36.63,,75
36.64,,75
36.65,,75
36.66,,63
36.67,,75
36.68,,63
36.69,,63
36.7,,75
36.71,,63
36.72,,50
36.73,,63
36.74,,37
36.75,,37
36.76,,37
36.77,,37
36.78,,37
36.79,,37
36.8,,25
36.81,,25
36.82,,12
36.83,,12
36.84,,0
36.85,,12
36.86,,0
36.87,,0
36.88,,12
36.89,,12
36.9,,0
36.91,,0
36.92,,0
36.93,,0
36.94,,0
36.95,,0
36.96,,0
36.97,,0
36.98,,0
36.99,,0
37,,0
37.01,,0
37.02,,0
37.03,,0
37.04,,0
37.05,,0
37.06,,0
37.07,,0
37.08,,0
37.09,,0
37.1,,0
37.11,,0
37.12,,0
37.13,,0
37.14,,0
37.15,,0
37.16,,0
37.17,,0
37.18,,0
37.19,,0
37.2,,0
37.21,,0
37.22,,0
37.23,,12
37.24,,12
37.25,,12
37.26,,25
37.27,,37
37.28,,37
37.29,,37
37.3,,37
37.31,,37
37.32,,50
37.33,,63
37.34,,37
37.35,,37
37.36,,50
37.37,,37
37.38,,50
37.39,,50
37.4,,37
37.41,,50
37.42,,50
37.43,,50
37.44,,50
37.45,,37
37.46,,37
37.47,,50
37.48,,37
37.49,,50
37.5,,50
37.51,,37
37.52,,50
37.53,,25
37.54,,25
37.55,,37
37.56,,12
37.57,,12
37.58,,25
37.59,,12
37.6,,12
37.61,,25
37.62,,25
37.63,,25
37.64,,50
37.65,,63
37.66,,101
37.67,,101
37.68,,113
37.69,,126
37.7,,126
37.71,,151
37.72,,138
37.73,,138
37.74,,164
37.75,,176
37.76,,202
37.77,,214
37.78,,227
37.79,,290
37.8,,353
37.81,,454
37.82,,568
37.83,,656
37.84,,896
37.85,,1035
37.86,,1149
37.87,,1225
37.88,,1414
37.89,,1490
37.9,,1768
37.91,,1882
37.92,,2046
37.93,,2122
37.94,,2235
37.95,,2311
37.96,,2437
37.97,,2576
37.98,,2551
37.99,,2589
38,,2513
38.01,,2513
38.02,,2463
38.03,,2513
38.04,,2601
38.05,,2576
38.06,,2614
38.07,,2576
38.08,,2601
38.09,,2639
38.1,,2703
38.11,,2892
38.12,,2892
38.13,,2892
38.14,,2867
38.15,,2816
38.16,,2804
38.17,,2816
38.18,,2955
38.19,,2930
38.2,,2917
38.21,,2854
38.22,,2791
38.23,,2778
38.24,,2690
38.25,,2791
38.26,,2804
38.27,,2753
38.28,,2753
38.29,,2627
38.3,,2589
38.31,,2576
38.32,,2513
38.33,,2614
38.34,,2652
38.35,,2589
38.36,,2614
38.37,,2576
38.38,,2500
38.39,,2500
38.4,,2399
38.41,,2412
38.42,,2387
38.43,,2349
38.44,,2286
38.45,,2324
38.46,,2286
38.47,,2122
38.48,,2071
38.49,,1970
38.5,,1806
38.51,,1831
38.52,,1869
38.53,,1818
38.54,,1730
38.55,,1730
38.56,,1743
38.57,,1629
38.58,,1591
38.59,,1604
38.6,,1616
38.61,,1553
38.62,,1616
38.63,,1692
38.64,,1717
38.65,,1667
38.66,,1667
38.67,,1692
38.68,,1604
38.69,,1553
38.7,,1540
38.71,,1540
38.72,,1427
38.73,,1389
38.74,,1364
38.75,,1073
38.76,,808
38.77,,593
38.78,,416
38.79,,328
38.8,,227
38.81,,176
38.82,,138
38.83,,101
38.84,,75
38.85,,50
38.86,,37
38.87,,25
38.88,,12
38.89,,12
38.9,,12
38.91,,12
38.92,,12
38.93,,0
38.94,,0
38.95,,0
38.96,,0
38.97,,0
38.98,,0
38.99,,0
39,,0
39.01,,0
39.02,,0
39.03,,0
39.04,,0
39.05,,0
39.06,,0
39.07,,0
39.08,,0
39.09,,0
39.1,,0
39.11,,0
39.12,,0
39.13,,0
39.14,,0
39.15,,0
39.16,,0
39.17,,0
39.18,,0
39.19,,0
39.2,,0
39.21,,12
39.22,,0
39.23,,0
39.24,,0
39.25,,0
39.26,,0
39.27,,0
39.28,,0
39.29,,0
39.3,,0
39.31,,0
39.32,,0
39.33,,0
39.34,,0
39.35,,0
39.36,,0
39.37,,0
39.38,,0
39.39,,0
39.4,,0
39.41,,0
39.42,,0
39.43,,0
39.44,,0
39.45,,0
39.46,,0
39.47,,0
39.48,,0
39.49,,0
39.5,,0
39.51,,0
39.52,,0
39.53,,0
39.54,,0
39.55,,0
39.56,,0
39.57,,0
39.58,,0
39.59,,0
39.6,,0
39.61,,0
39.62,,0
39.63,,0
39.64,,0
39.65,,0
39.66,,0
39.67,,0
39.68,,0
39.69,,0
39.7,,0
39.71,,0
39.72,,0
39.73,,0
39.74,,0
39.75,,0
39.76,,0
39.77,,0
39.78,,0
39.79,,0
39.8,,0
39.81,,0
39.82,,0
39.83,,0
39.84,,0
39.85,,0
39.86,,0
39.87,,0
39.88,,12
39.89,,0
39.9,,0
39.91,,0
39.92,,0
39.93,,0
39.94,,0
39.95,,0
39.96,,0
39.97,,0
39.98,,0
39.99,,0
40,,0
40.01,,0
40.02,,0
40.03,,0
40.04,,0
40.05,,0
40.06,,0
40.07,,0
40.08,,0
40.09,,0
40.1,,0
40.11,,0
40.12,,0
40.13,,0
40.14,,0
40.15,,0
40.16,,0
40.17,,0
40.18,,0
40.19,,0
40.2,,0
40.21,,0
40.22,,0
40.23,,0
40.24,,0
40.25,,0
40.26,,0
40.27,,0
40.28,,0
40.29,,0
40.3,,0
40.31,,0
40.32,,0
40.33,,0
40.34,,0
40.35,,0
40.36,,0
40.37,,0
40.38,,0
40.39,,0
40.4,,0
40.41,,0
40.42,,12
40.43,,0
40.44,,0
40.45,,0
40.46,,0
40.47,,0
40.48,,0
40.49,,0
40.5,,0
40.51,,0
40.52,,0
40.53,,0
40.54,,0
40.55,,0
40.56,,0
40.57,,0
40.58,,0
40.59,,0
40.6,,0
40.61,,0
40.62,,12
40.63,,12
40.64,,0
40.65,,0
40.66,,12
40.67,,12
40.68,,12
40.69,,12
40.7,,12
40.71,,0
40.72,,0
40.73,,12
40.74,,12
40.75,,12
40.76,,12
40.77,,12
40.78,,12
40.79,,12
40.8,,12
40.81,,37
40.82,,25
40.83,,12
40.84,,25
40.85,,37
40.86,,12
40.87,,12
40.88,,25
40.89,,25
40.9,,25
40.91,,25
40.92,,25
40.93,,25
40.94,,12
40.95,,25
40.96,,12
40.97,,25
40.98,,12
40.99,,12
41,,25
41.01,,25
41.02,,12
41.03,,25
41.04,,25
41.05,,25
41.06,,12
41.07,,12
41.08,,25
41.09,,25
41.1,,25
41.11,,25
41.12,,25
41.13,,25
41.14,,25
41.15,,12
41.16,,25
41.17,,25
41.18,,25
41.19,,25
41.2,,12
41.21,,25
41.22,,25
41.23,,12
41.24,,25
41.25,,37
41.26,,25
41.27,,25
41.28,,37
41.29,,25
41.3,,25
41.31,,50
41.32,,37
41.33,,25
41.34,,25
41.35,,37
41.36,,25
41.37,,25
41.38,,37
41.39,,37
41.4,,25
41.41,,25
41.42,,25
41.43,,25
41.44,,25
41.45,,25
41.46,,25
41.47,,25
41.48,,25
41.49,,25
41.5,,25
41.51,,25
41.52,,25
41.53,,25
41.54,,25
41.55,,37
41.56,,25
41.57,,25
41.58,,37
41.59,,25
41.6,,25
41.61,,37
41.62,,37
41.63,,25
41.64,,25
41.65,,37
41.66,,37
41.67,,25
41.68,,37
41.69,,37
41.7,,37
41.71,,37
41.72,,25
41.73,,37
41.74,,37
41.75,,37
41.76,,37
41.77,,37
41.78,,37
41.79,,25
41.8,,37
41.81,,37
41.82,,25
41.83,,25
41.84,,37
41.85,,37
41.86,,37
41.87,,37
41.88,,37
41.89,,37
41.9,,50
41.91,,37
41.92,,25
41.93,,25
41.94,,25
41.95,,25
41.96,,25
41.97,,37
41.98,,25
41.99,,12
42,,12
42.01,,12
42.02,,12
42.03,,25
42.04,,25
42.05,,25
42.06,,25
42.07,,12
42.08,,12
42.09,,25
42.1,,25
42.11,,12
42.12,,25
42.13,,25
42.14,,25
42.15,,25
42.16,,25
42.17,,37
42.18,,25
42.19,,37
42.2,,37
42.21,,25
42.22,,25
42.23,,25
42.24,,12
42.25,,25
42.26,,25
42.27,,12
42.28,,12
42.29,,12
42.3,,25
42.31,,25
42.32,,25
42.33,,25
42.34,,25
42.35,,37
42.36,,25
42.37,,25
42.38,,37
42.39,,37
42.4,,37
42.41,,50
42.42,,63
42.43,,63
42.44,,63
42.45,,101
42.46,,113
42.47,,126
42.48,,138
42.49,,138
42.5,,126
42.51,,101
42.52,,101
42.53,,75
42.54,,50
42.55,,37
42.56,,25
42.57,,12
42.58,,0
42.59,,12
42.6,,0
42.61,,0
42.62,,0
42.63,,12
42.64,,12
42.65,,12
42.66,,12
42.67,,12
42.68,,12
42.69,,0
42.7,,0
42.71,,0
42.72,,0
42.73,,0
42.74,,0
42.75,,0
42.76,,0
42.77,,0
42.78,,0
42.79,,0
42.8,,0
42.81,,0
42.82,,0
42.83,,0
42.84,,0
42.85,,0
42.86,,0
42.87,,0
42.88,,0
42.89,,0
42.9,,0
42.91,,0
42.92,,0
42.93,,0
42.94,,0
42.95,,0
42.96,,0
42.97,,12
42.98,,12
42.99,,12
43,,25
43.01,,25
43.02,,25
43.03,,25
43.04,,50
43.05,,50
43.06,,75
43.07,,113
43.08,,126
43.09,,138
43.1,,138
43.11,,176
43.12,,176
43.13,,189
43.14,,202
43.15,,202
43.16,,202
43.17,,176
43.18,,214
43.19,,214
43.2,,227
43.21,,252
43.22,,265
43.23,,277
43.24,,252
43.25,,265
43.26,,265
43.27,,265
43.28,,277
43.29,,277
43.3,,277
43.31,,265
43.32,,252
43.33,,265
43.34,,265
43.35,,265
43.36,,277
43.37,,277
43.38,,265
43.39,,239
43.4,,277
43.41,,265
43.42,,265
43.43,,277
43.44,,277
43.45,,277
43.46,,265
43.47,,265
43.48,,277
43.49,,303
43.5,,315
43.51,,353
43.52,,404
43.53,,505
43.54,,618
43.55,,959
43.56,,1124
43.57,,1111
43.58,,1162
43.59,,1149
43.6,,1275
43.61,,1263
43.62,,1300
43.63,,1427
43.64,,1414
43.65,,1452
43.66,,1490
43.67,,1490
43.68,,1591
43.69,,1528
43.7,,1540
43.71,,1604
43.72,,1591
43.73,,1604
43.74,,1642
43.75,,1578
43.76,,1604
43.77,,1515
43.78,,1515
43.79,,1540
43.8,,1540
43.81,,1540
43.82,,1566
43.83,,1503
43.84,,1515
43.85,,1452
43.86,,1402
43.87,,1439
43.88,,1364
43.89,,1300
43.9,,1263
43.91,,1124
43.92,,1136
43.93,,1061
43.94,,934
43.95,,1023
43.96,,947
43.97,,858
43.98,,846
43.99,,770
44,,732
44.01,,669
44.02,,555
44.03,,517
44.04,,479
44.05,,416
44.06,,353
44.07,,303
44.08,,252
44.09,,214
44.1,,176
44.11,,138
44.12,,151
44.13,,113
44.14,,88
44.15,,75
44.16,,88
44.17,,75
44.18,,63
44.19,,63
44.2,,63
44.21,,75
44.22,,63
44.23,,75
44.24,,75
44.25,,75
44.26,,75
44.27,,75
44.28,,75
44.29,,88
44.3,,75
44.31,,75
44.32,,88
44.33,,88
44.34,,75
44.35,,75
44.36,,75
44.37,,75
44.38,,88
44.39,,75
44.4,,88
44.41,,101
44.42,,113
44.43,,101
44.44,,101
44.45,,88
44.46,,113
44.47,,88
44.48,,101
44.49,,101
44.5,,113
44.51,,101
44.52,,101
44.53,,101
44.54,,113
44.55,,113
44.56,,101
44.57,,113
44.58,,113
44.59,,113
44.6,,113
44.61,,101
44.62,,101
44.63,,113
44.64,,101
44.65,,101
44.66,,113
44.67,,113
44.68,,101
44.69,,88
44.7,,75
44.71,,88
44.72,,75
44.73,,75
44.74,,88
44.75,,101
44.76,,88
44.77,,88
44.78,,75
44.79,,88
44.8,,101
44.81,,88
44.82,,101
44.83,,113
44.84,,126
44.85,,126
44.86,,113
44.87,,113
44.88,,138
44.89,,126
44.9,,138
44.91,,138
44.92,,151
44.93,,151
44.94,,151
44.95,,138
44.96,,126
44.97,,151
44.98,,126
44.99,,138
45,,126
45.01,,138
45.02,,138
45.03,,138
45.04,,126
45.05,,113
45.06,,138
45.07,,126
45.08,,126
45.09,,126
45.1,,138
45.11,,126
45.12,,126
45.13,,113
45.14,,101
45.15,,126
45.16,,101
45.17,,88
45.18,,88
45.19,,88
45.2,,88
45.21,,75
45.22,,63
45.23,,63
45.24,,88
45.25,,63
45.26,,75
45.27,,75
45.28,,75
45.29,,75
45.3,,75
45.31,,50
45.32,,63
45.33,,75
45.34,,50
45.35,,50
45.36,,63
45.37,,63
45.38,,63
45.39,,50
45.4,,37
45.41,,37
45.42,,63
45.43,,37
45.44,,37
45.45,,50
45.46,,50
45.47,,50
45.48,,37
45.49,,25
45.5,,25
45.51,,37
45.52,,25
45.53,,12
45.54,,12
45.55,,12
45.56,,12
45.57,,12
45.58,,0
45.59,,0
45.6,,12
45.61,,12
45.62,,0
45.63,,12
45.64,,12
45.65,,12
45.66,,12
45.67,,12
45.68,,12
45.69,,12
45.7,,12
45.71,,12
45.72,,25
45.73,,25
45.74,,25
45.75,,12
45.76,,12
45.77,,25
45.78,,25
45.79,,12
45.8,,25
45.81,,37
45.82,,37
45.83,,37
45.84,,37
45.85,,37
45.86,,63
45.87,,63
45.88,,75
45.89,,101
45.9,,101
45.91,,88
45.92,,88
45.93,,75
45.94,,88
45.95,,88
45.96,,88
45.97,,88
45.98,,101
45.99,,101
46,,88
46.01,,88
46.02,,88
46.03,,101
46.04,,75
46.05,,88
46.06,,101
46.07,,88
46.08,,88
46.09,,88
46.1,,75
46.11,,101
46.12,,88
46.13,,88
46.14,,88
46.15,,88
46.16,,88
46.17,,88
46.18,,75
46.19,,88
46.2,,88
46.21,,75
46.22,,88
46.23,,88
46.24,,88
46.25,,88
46.26,,88
46.27,,88
46.28,,101
46.29,,88
46.3,,88
46.31,,88
46.32,,88
46.33,,75
46.34,,63
46.35,,63
46.36,,63
46.37,,50
46.38,,50
46.39,,50
46.4,,37
46.41,,25
46.42,,12
46.43,,0
46.44,,0
46.45,,0
46.46,,0
46.47,,0
46.48,,0
46.49,,0
46.5,,0
46.51,,0
46.52,,0
46.53,,0
46.54,,0
46.55,,0
46.56,,0
46.57,,0
46.58,,0
46.59,,0
46.6,,0
46.61,,0
46.62,,0
46.63,,0
46.64,,0
46.65,,0
46.66,,0
46.67,,0
46.68,,0
46.69,,0
46.7,,0
46.71,,0
46.72,,0
46.73,,0
46.74,,0
46.75,,0
46.76,,0
46.77,,0
46.78,,0
46.79,,0
46.8,,0
46.81,,0
46.82,,0
46.83,,0
46.84,,0
46.85,,0
46.86,,0
46.87,,0
46.88,,0
46.89,,0
46.9,,0
46.91,,0
46.92,,0
46.93,,0
46.94,,0
46.95,,0
46.96,,0
46.97,,0
46.98,,0
46.99,,12
47,,0
47.01,,0
47.02,,0
47.03,,12
47.04,,0
47.05,,0
47.06,,0
47.07,,12
47.08,,0
47.09,,0
47.1,,0
47.11,,0
47.12,,0
47.13,,0
47.14,,12
47.15,,0
47.16,,0
47.17,,0
47.18,,0
47.19,,0
47.2,,0
47.21,,0
47.22,,0
47.23,,0
47.24,,0
47.25,,0
47.26,,0
47.27,,0
47.28,,0
47.29,,12
47.3,,12
47.31,,0
47.32,,0
47.33,,12
47.34,,0
47.35,,0
47.36,,0
47.37,,0
47.38,,0
47.39,,0
47.4,,0
47.41,,0
47.42,,0
47.43,,0
47.44,,0
47.45,,0
47.46,,0
47.47,,0
47.48,,0
47.49,,0
47.5,,0
47.51,,0
47.52,,0
47.53,,0
47.54,,0
47.55,,0
47.56,,0
47.57,,0
47.58,,0
47.59,,0
47.6,,0
47.61,,0
47.62,,0
47.63,,0
47.64,,0
47.65,,0
47.66,,0
47.67,,0
47.68,,0
47.69,,0
47.7,,0
47.71,,0
47.72,,0
47.73,,0
47.74,,0
47.75,,0
47.76,,0
47.77,,0
47.78,,0
47.79,,0
47.8,,0
47.81,,0
47.82,,0
47.83,,0
47.84,,0
47.85,,0
47.86,,0
47.87,,0
47.88,,12
47.89,,0
47.9,,0
47.91,,0
47.92,,0
47.93,,0
47.94,,0
47.95,,0
47.96,,0
47.97,,0
47.98,,0
47.99,,0
48,,0
48.01,,12
48.02,,0
48.03,,0
48.04,,0
48.05,,0
48.06,,0
48.07,,0
48.08,,0
48.09,,0
48.1,,0
48.11,,0
48.12,,0
48.13,,0
48.14,,0
48.15,,0
48.16,,0
48.17,,0
48.18,,0
48.19,,0
48.2,,0
48.21,,0
48.22,,12
48.23,,0
48.24,,0
48.25,,12
48.26,,0
48.27,,0
48.28,,0
48.29,,0
48.3,,0
48.31,,0
48.32,,12
48.33,,0
48.34,,0
48.35,,0
48.36,,0
48.37,,0
48.38,,0
48.39,,0
48.4,,0
48.41,,0
48.42,,12
48.43,,0
48.44,,0
48.45,,0
48.46,,0
48.47,,0
48.48,,0
48.49,,0
48.5,,0
48.51,,0
48.52,,0
48.53,,0
48.54,,0
48.55,,0
48.56,,0
48.57,,0
48.58,,12
48.59,,25
48.6,,25
48.61,,50
48.62,,75
48.63,,75
48.64,,101
48.65,,88
48.66,,88
48.67,,88
48.68,,113
48.69,,88
48.7,,113
48.71,,126
48.72,,151
48.73,,214
48.74,,290
48.75,,416
48.76,,581
48.77,,896
48.78,,1300
48.79,,1389
48.8,,1528
48.81,,1591
48.82,,1831
48.83,,1983
48.84,,2197
48.85,,2324
48.86,,2614
48.87,,2614
48.88,,2778
48.89,,2867
48.9,,3006
48.91,,2993
48.92,,3208
48.93,,3220
48.94,,3233
48.95,,3309
48.96,,3321
48.97,,3397
48.98,,3385
48.99,,3524
49,,3511
49.01,,3574
49.02,,3561
49.03,,3574
49.04,,3561
49.05,,3587
49.06,,3637
49.07,,3599
49.08,,3574
49.09,,3486
49.1,,3448
49.11,,3271
49.12,,3258
49.13,,3132
49.14,,2968
49.15,,2892
49.16,,2740
49.17,,2627
49.18,,2500
49.19,,2412
49.2,,2286
49.21,,2033
49.22,,1919
49.23,,1755
49.24,,1616
49.25,,1553
49.26,,1452
49.27,,1515
49.28,,1389
49.29,,1389
49.3,,1364
49.31,,1263
49.32,,1250
49.33,,1124
49.34,,1225
49.35,,1187
49.36,,1212
49.37,,1275
49.38,,1263
49.39,,1326
49.4,,1263
49.41,,1389
49.42,,1490
49.43,,1503
49.44,,1591
49.45,,1591
49.46,,1730
49.47,,1818
49.48,,1818
49.49,,2096
49.5,,2134
49.51,,2096
49.52,,2172
49.53,,2172
49.54,,2273
49.55,,2298
49.56,,2260
49.57,,2425
49.58,,2450
49.59,,2412
49.6,,2412
49.61,,2349
49.62,,2298
49.63,,2298
49.64,,2172
49.65,,2286
49.66,,2248
49.67,,2197
49.68,,2197
49.69,,2096
49.7,,1983
49.71,,1983
49.72,,1793
49.73,,1856
49.74,,1780
49.75,,1642
49.76,,1642
49.77,,1667
49.78,,1616
49.79,,1679
49.8,,1591
49.81,,1465
49.82,,1566
49.83,,1402
49.84,,1263
49.85,,1124
49.86,,997
49.87,,896
49.88,,795
49.89,,732
49.9,,719
49.91,,770
49.92,,694
49.93,,618
49.94,,694
49.95,,707
49.96,,719
49.97,,770
49.98,,745
49.99,,757
50,,858
50.01,,795
50.02,,795
50.03,,821
50.04,,808
50.05,,821
50.06,,846
50.07,,833
50.08,,821
50.09,,972
50.1,,985
50.11,,985
50.12,,1048
50.13,,1061
50.14,,1061
50.15,,1086
50.16,,1086
50.17,,997
50.18,,1086
50.19,,1124
50.2,,1124
50.21,,1149
50.22,,1212
50.23,,1162
50.24,,1149
50.25,,1149
50.26,,1098
50.27,,1086
50.28,,1187
50.29,,1199
50.3,,1174
50.31,,1187
50.32,,1237
50.33,,1174
50.34,,1162
50.35,,1174
50.36,,1086
50.37,,1048
50.38,,1086
50.39,,1035
50.4,,972
50.41,,934
50.42,,858
50.43,,745
50.44,,682
50.45,,568
50.46,,467
50.47,,404
50.48,,454
50.49,,429
50.5,,404
50.51,,391
50.52,,416
50.53,,429
50.54,,416
50.55,,416
50.56,,416
50.57,,391
50.58,,416
50.59,,442
50.6,,454
50.61,,492
50.62,,555
50.63,,568
50.64,,555
50.65,,581
50.66,,593
50.67,,543
50.68,,555
50.69,,606
50.7,,581
50.71,,543
50.72,,543
50.73,,505
50.74,,429
50.75,,391
50.76,,341
50.77,,265
50.78,,202
50.79,,189
50.8,,164
50.81,,138
50.82,,101
50.83,,88
50.84,,63
50.85,,50
50.86,,37
50.87,,25
50.88,,12
50.89,,12
50.9,,12
50.91,,12
50.92,,0
50.93,,0
50.94,,0
50.95,,0
50.96,,0
50.97,,12
50.98,,0
50.99,,12
51,,50
51.01,,75
51.02,,88
51.03,,101
51.04,,113
51.05,,126
51.06,,113
51.07,,113
51.08,,101
51.09,,75
51.1,,101
51.11,,113
51.12,,101
51.13,,101
51.14,,88
51.15,,101
51.16,,113
51.17,,138
51.18,,164
51.19,,189
51.2,,214
51.21,,277
51.22,,328
51.23,,378
51.24,,442
51.25,,467
51.26,,492
51.27,,467
51.28,,467
51.29,,467
51.3,,442
51.31,,442
51.32,,467
51.33,,454
51.34,,454
51.35,,454
51.36,,442
51.37,,429
51.38,,391
51.39,,366
51.4,,328
51.41,,265
51.42,,227
51.43,,214
51.44,,189
51.45,,164
51.46,,151
51.47,,138
51.48,,138
51.49,,126
51.5,,113
51.51,,101
51.52,,75
51.53,,50
51.54,,63
51.55,,37
51.56,,25
51.57,,12
51.58,,12
51.59,,12
51.6,,12
51.61,,12
51.62,,0
51.63,,0
51.64,,12
51.65,,25
51.66,,12
51.67,,0
51.68,,0
51.69,,0
51.7,,0
51.71,,12
51.72,,12
51.73,,0
51.74,,12
51.75,,12
51.76,,12
51.77,,12
51.78,,12
51.79,,12
51.8,,12
51.81,,12
51.82,,12
51.83,,0
51.84,,0
51.85,,0
51.86,,12
51.87,,0
51.88,,0
51.89,,0
51.9,,0
51.91,,12
51.92,,25
51.93,,12
51.94,,0
51.95,,0
51.96,,25
51.97,,12
51.98,,0
51.99,,12
52,,12
52.01,,12
52.02,,12
52.03,,25
52.04,,12
52.05,,0
52.06,,12
52.07,,25
52.08,,12
52.09,,0
52.1,,0
52.11,,12
52.12,,12
52.13,,25
52.14,,12
52.15,,0
52.16,,0
52.17,,12
52.18,,25
52.19,,12
52.2,,0
52.21,,12
52.22,,12
52.23,,12
52.24,,12
52.25,,0
52.26,,0
52.27,,12
52.28,,25
52.29,,12
52.3,,0
52.31,,12
52.32,,12
52.33,,12
52.34,,12
52.35,,0
52.36,,0
52.37,,12
52.38,,25
52.39,,12
52.4,,0
52.41,,12
52.42,,12
52.43,,12
52.44,,12
52.45,,0
52.46,,0
52.47,,12
52.48,,25
52.49,,12
52.5,,12
52.51,,25
52.52,,37
52.53,,37
52.54,,50
52.55,,37
52.56,,37
52.57,,63
52.58,,50
52.59,,37
52.6,,37
52.61,,50
52.62,,63
52.63,,50
52.64,,63
52.65,,50
52.66,,37
52.67,,63
52.68,,75
52.69,,50
52.7,,50
52.71,,50
52.72,,63
52.73,,63
52.74,,63
52.75,,50
52.76,,50
52.77,,50
52.78,,63
52.79,,50
52.8,,50
52.81,,50
52.82,,50
52.83,,63
52.84,,63
52.85,,63
52.86,,50
52.87,,50
52.88,,63
52.89,,63
52.9,,50
52.91,,50
52.92,,50
52.93,,63
52.94,,50
52.95,,50
52.96,,37
52.97,,25
52.98,,37
52.99,,63
53,,37
53.01,,37
53.02,,37
53.03,,50
53.04,,50
53.05,,50
53.06,,37
53.07,,25
53.08,,37
53.09,,63
53.1,,37
53.11,,37
53.12,,50
53.13,,50
53.14,,50
53.15,,50
53.16,,50
53.17,,37
53.18,,37
53.19,,63
53.2,,37
53.21,,25
53.22,,37
53.23,,37
53.24,,37
53.25,,50
53.26,,25
53.27,,12
53.28,,25
53.29,,37
53.3,,37
53.31,,25
53.32,,37
53.33,,37
53.34,,37
53.35,,37
53.36,,37
53.37,,25
53.38,,25
53.39,,50
53.4,,50
53.41,,25
53.42,,37
53.43,,37
53.44,,50
53.45,,50
53.46,,37
53.47,,25
53.48,,25
53.49,,50
53.5,,50
53.51,,25
53.52,,25
53.53,,37
53.54,,37
53.55,,37
53.56,,50
53.57,,25
53.58,,12
53.59,,37
53.6,,50
53.61,,25
53.62,,25
53.63,,37
53.64,,50
53.65,,50
53.66,,50
53.67,,25
53.68,,25
53.69,,50
53.7,,50
53.71,,25
53.72,,12
53.73,,12
53.74,,12
53.75,,12
53.76,,12
53.77,,0
53.78,,0
53.79,,12
53.8,,12
53.81,,12
53.82,,0
53.83,,12
53.84,,25
53.85,,25
53.86,,25
53.87,,25
53.88,,25
53.89,,37
53.9,,25
53.91,,25
53.92,,37
53.93,,50
53.94,,37
53.95,,50
53.96,,37
53.97,,25
53.98,,37
53.99,,50
54,,25
54.01,,25
54.02,,37
54.03,,37
54.04,,37
54.05,,37
54.06,,12
54.07,,12
54.08,,37
54.09,,50
54.1,,25
54.11,,25
54.12,,37
54.13,,37
54.14,,37
54.15,,25
54.16,,12
54.17,,50
54.18,,50
54.19,,25
54.2,,25
54.21,,25
54.22,,25
54.23,,25
54.24,,25
54.25,,12
54.26,,12
54.27,,25
54.28,,12
54.29,,12
54.3,,25
54.31,,25
54.32,,37
54.33,,25
54.34,,12
54.35,,37
54.36,,37
54.37,,12
54.38,,25
54.39,,37
54.4,,37
54.41,,25
54.42,,25
54.43,,25
54.44,,37
54.45,,25
54.46,,25
54.47,,25
54.48,,25
54.49,,37
54.5,,25
54.51,,12
54.52,,12
54.53,,37
54.54,,12
54.55,,12
54.56,,12
54.57,,12
54.58,,25
54.59,,12
54.6,,0
54.61,,12
54.62,,25
54.63,,0
54.64,,12
54.65,,25
54.66,,12
54.67,,25
54.68,,12
54.69,,0
54.7,,12
54.71,,25
54.72,,0
54.73,,0
54.74,,12
54.75,,25
54.76,,25
54.77,,12
54.78,,12
54.79,,25
54.8,,25
54.81,,12
54.82,,12
54.83,,25
54.84,,12
54.85,,12
54.86,,12
54.87,,0
54.88,,25
54.89,,12
54.9,,0
54.91,,12
54.92,,12
54.93,,12
54.94,,12
54.95,,12
54.96,,12
54.97,,12
54.98,,12
54.99,,12
55,,12
55.01,,12
55.02,,12
55.03,,0
55.04,,12
55.05,,12
55.06,,12
55.07,,0
55.08,,12
55.09,,12
55.1,,12
55.11,,12
55.12,,0
55.13,,12
55.14,,0
55.15,,0
55.16,,12
55.17,,12
55.18,,12
55.19,,12
55.2,,12
55.21,,0
55.22,,0
55.23,,0
55.24,,0
55.25,,12
55.26,,12
55.27,,0
55.28,,0
55.29,,12
55.3,,12
55.31,,0
55.32,,12
55.33,,12
55.34,,12
55.35,,0
55.36,,12
55.37,,12
55.38,,12
55.39,,0
55.4,,12
55.41,,12
55.42,,12
55.43,,12
55.44,,12
55.45,,12
55.46,,12
55.47,,12
55.48,,25
55.49,,12
55.5,,12
55.51,,12
55.52,,12
55.53,,12
55.54,,12
55.55,,12
55.56,,12
55.57,,12
55.58,,12
55.59,,12
55.6,,12
55.61,,12
55.62,,12
55.63,,12
55.64,,12
55.65,,12
55.66,,12
55.67,,12
55.68,,12
55.69,,12
55.7,,25
55.71,,12
55.72,,0
55.73,,12
55.74,,12
55.75,,12
55.76,,12
55.77,,12
55.78,,12
55.79,,12
55.8,,12
55.81,,12
55.82,,12
55.83,,25
55.84,,12
55.85,,12
55.86,,12
55.87,,12
55.88,,12
55.89,,12
55.9,,12
55.91,,12
55.92,,12
55.93,,25
55.94,,12
55.95,,12
55.96,,12
55.97,,25
55.98,,25
55.99,,25
56,,25
56.01,,25
56.02,,37
56.03,,37
56.04,,37
56.05,,37
56.06,,37
56.07,,37
56.08,,37
56.09,,63
56.1,,75
56.11,,75
56.12,,75
56.13,,101
56.14,,88
56.15,,101
56.16,,126
56.17,,126
56.18,,151
56.19,,151
56.2,,202
56.21,,239
56.22,,315
56.23,,378
56.24,,467
56.25,,543
56.26,,669
56.27,,871
56.28,,896
56.29,,934
56.3,,947
56.31,,1023
56.32,,1048
56.33,,1326
56.34,,1414
56.35,,1376
56.36,,1414
56.37,,1439
56.38,,1553
56.39,,1528
56.4,,1578
56.41,,1629
56.42,,1591
56.43,,1604
56.44,,1566
56.45,,1566
56.46,,1578
56.47,,1477
56.48,,1553
56.49,,1591
56.5,,1528
56.51,,1528
56.52,,1490
56.53,,1490
56.54,,1503
56.55,,1414
56.56,,1515
56.57,,1503
56.58,,1477
56.59,,1477
56.6,,1389
56.61,,1376
56.62,,1313
56.63,,1212
56.64,,1300
56.65,,1250
56.66,,1187
56.67,,1199
56.68,,1174
56.69,,1162
56.7,,1035
56.71,,934
56.72,,1023
56.73,,997
56.74,,959
56.75,,959
56.76,,922
56.77,,896
56.78,,833
56.79,,745
56.8,,833
56.81,,833
56.82,,821
56.83,,846
56.84,,833
56.85,,846
56.86,,858
56.87,,795
56.88,,884
56.89,,959
56.9,,959
56.91,,947
56.92,,934
56.93,,947
56.94,,947
56.95,,858
56.96,,884
56.97,,922
56.98,,896
56.99,,909
57,,884
57.01,,846
57.02,,858
57.03,,808
57.04,,783
57.05,,846
57.06,,846
57.07,,846
57.08,,871
57.09,,833
57.1,,833
57.11,,833
57.12,,745
57.13,,833
57.14,,783
57.15,,719
57.16,,682
57.17,,606
57.18,,543
57.19,,492
57.2,,416
57.21,,442
57.22,,416
57.23,,366
57.24,,366
57.25,,366
57.26,,341
57.27,,353
57.28,,315
57.29,,341
57.3,,328
57.31,,290
57.32,,265
57.33,,252
57.34,,239
57.35,,227
57.36,,202
57.37,,227
57.38,,227
57.39,,227
57.4,,239
57.41,,239
57.42,,227
57.43,,227
57.44,,189
57.45,,214
57.46,,202
57.47,,202
57.48,,202
57.49,,214
57.5,,202
57.51,,202
57.52,,176
57.53,,214
57.54,,202
57.55,,202
57.56,,214
57.57,,214
57.58,,214
57.59,,214
57.6,,189
57.61,,214
57.62,,214
57.63,,202
57.64,,214
57.65,,214
57.66,,202
57.67,,189
57.68,,164
57.69,,189
57.7,,176
57.71,,176
57.72,,202
57.73,,189
57.74,,176
57.75,,176
57.76,,151
57.77,,176
57.78,,164
57.79,,138
57.8,,138
57.81,,126
57.82,,126
57.83,,113
57.84,,88
57.85,,113
57.86,,88
57.87,,101
57.88,,101
57.89,,88
57.9,,88
57.91,,75
57.92,,63
57.93,,75
57.94,,37
57.95,,37
57.96,,25
57.97,,12
57.98,,12
57.99,,12
58,,0
58.01,,0
58.02,,0
58.03,,0
58.04,,0
58.05,,0
58.06,,0
58.07,,0
58.08,,0
58.09,,0
58.1,,0
58.11,,0
58.12,,0
58.13,,0
58.14,,0
58.15,,0
58.16,,0
58.17,,0
58.18,,0
58.19,,0
58.2,,0
58.21,,0
58.22,,12
58.23,,0
58.24,,12
58.25,,37
58.26,,25
58.27,,25
58.28,,50
58.29,,63
58.3,,63
58.31,,75
58.32,,63
58.33,,88
58.34,,63
58.35,,75
58.36,,75
58.37,,75
58.38,,75
58.39,,63
58.4,,50
58.41,,75
58.42,,50
58.43,,63
58.44,,75
58.45,,63
58.46,,63
58.47,,50
58.48,,63
58.49,,88
58.5,,50
58.51,,75
58.52,,88
58.53,,88
58.54,,75
58.55,,63
58.56,,88
58.57,,75
58.58,,63
58.59,,75
58.6,,75
58.61,,75
58.62,,50
58.63,,37
58.64,,75
58.65,,37
58.66,,37
58.67,,63
58.68,,50
58.69,,63
58.7,,37
58.71,,50
58.72,,75
58.73,,37
58.74,,50
58.75,,63
58.76,,63
58.77,,63
58.78,,37
58.79,,75
58.8,,63
58.81,,63
58.82,,88
58.83,,88
58.84,,101
58.85,,75
58.86,,75
58.87,,101
58.88,,75
58.89,,88
58.9,,88
58.91,,101
58.92,,88
58.93,,75
58.94,,101
58.95,,88
58.96,,88
58.97,,88
58.98,,101
58.99,,101
59,,75
59.01,,75
59.02,,113
59.03,,75
59.04,,88
59.05,,88
59.06,,75
59.07,,75
59.08,,63
59.09,,88
59.1,,88
59.11,,88
59.12,,88
59.13,,88
59.14,,88
59.15,,50
59.16,,37
59.17,,63
59.18,,37
59.19,,12
59.2,,12
59.21,,25
59.22,,25
59.23,,0
59.24,,0
59.25,,12
59.26,,12
59.27,,12
59.28,,75
59.29,,138
59.3,,189
59.31,,227
59.32,,290
59.33,,328
59.34,,328
59.35,,341
59.36,,328
59.37,,328
59.38,,303
59.39,,315
59.4,,303
59.41,,290
59.42,,303
59.43,,303
59.44,,290
59.45,,290
59.46,,277
59.47,,290
59.48,,277
59.49,,290
59.5,,277
59.51,,265
59.52,,265
59.53,,239
59.54,,277
59.55,,265
59.56,,265
59.57,,265
59.58,,252
59.59,,239
59.6,,227
59.61,,239
59.62,,239
59.63,,239
59.64,,239
59.65,,239
59.66,,202
59.67,,176
59.68,,164
59.69,,176
59.7,,164
59.71,,151
59.72,,138
59.73,,126
59.74,,126
59.75,,113
59.76,,126
59.77,,126
59.78,,113
59.79,,126
59.8,,113
59.81,,101
59.82,,101
59.83,,101
59.84,,126
59.85,,101
59.86,,113
59.87,,113
59.88,,101
59.89,,101
59.9,,88
59.91,,113
59.92,,101
59.93,,101
59.94,,113
59.95,,101
59.96,,101
59.97,,88
59.98,,101
59.99,,113
60,,113
60.01,,126
60.02,,113
60.03,,113
60.04,,113
60.05,,113
60.06,,138
60.07,,126
60.08,,138
60.09,,138
60.1,,126
60.11,,126
60.12,,113
60.13,,151
60.14,,126
60.15,,138
60.16,,138
60.17,,138
60.18,,138
60.19,,113
60.2,,138
60.21,,138
60.22,,138
60.23,,138
60.24,,138
60.25,,138
60.26,,113
60.27,,126
60.28,,151
60.29,,151
60.3,,164
60.31,,164
60.32,,164
60.33,,151
60.34,,151
60.35,,189
60.36,,189
60.37,,202
60.38,,214
60.39,,214
60.4,,214
60.41,,202
60.42,,252
60.43,,252
60.44,,252
60.45,,252
60.46,,239
60.47,,239
60.48,,214
60.49,,239
60.5,,239
60.51,,239
60.52,,239
60.53,,227
60.54,,227
60.55,,214
60.56,,227
60.57,,227
60.58,,227
60.59,,239
60.6,,227
60.61,,214
60.62,,202
60.63,,189
60.64,,214
60.65,,202
60.66,,189
60.67,,189
60.68,,164
60.69,,138
60.7,,101
60.71,,101
60.72,,101
60.73,,88
60.74,,88
60.75,,75
60.76,,63
60.77,,37
60.78,,37
60.79,,50
60.8,,37
60.81,,63
60.82,,75
60.83,,75
60.84,,63
60.85,,75
60.86,,88
60.87,,75
60.88,,101
60.89,,113
60.9,,113
60.91,,101
60.92,,126
60.93,,126
60.94,,126
60.95,,126
60.96,,113
60.97,,113
60.98,,101
60.99,,113
61,,113
61.01,,113
61.02,,113
61.03,,113
61.04,,113
61.05,,88
61.06,,88
61.07,,113
61.08,,88
61.09,,113
61.1,,113
61.11,,113
61.12,,88
61.13,,75
61.14,,101
61.15,,75
61.16,,101
61.17,,101
61.18,,101
61.19,,88
61.2,,75
61.21,,113
61.22,,88
61.23,,101
61.24,,126
61.25,,138
61.26,,151
61.27,,151
61.28,,202
61.29,,202
61.3,,202
61.31,,214
61.32,,214
61.33,,214
61.34,,189
61.35,,202
61.36,,202
61.37,,202
61.38,,202
61.39,,202
61.4,,202
61.41,,176
61.42,,202
61.43,,189
61.44,,202
61.45,,202
61.46,,189
61.47,,164
61.48,,164
61.49,,164
61.5,,138
61.51,,138
61.52,,138
61.53,,138
61.54,,126
61.55,,151
61.56,,138
61.57,,138
61.58,,151
61.59,,138
61.6,,138
61.61,,113
61.62,,138
61.63,,126
61.64,,126
61.65,,138
61.66,,126
61.67,,126
61.68,,113
61.69,,138
61.7,,126
61.71,,126
61.72,,138
61.73,,138
61.74,,113
61.75,,126
61.76,,113
61.77,,101
61.78,,101
61.79,,88
61.8,,75
61.81,,75
61.82,,75
61.83,,63
61.84,,63
61.85,,63
61.86,,50
61.87,,37
61.88,,37
61.89,,37
61.9,,37
61.91,,37
61.92,,25
61.93,,12
61.94,,12
61.95,,12
61.96,,0
61.97,,12
61.98,,12
61.99,,12
62,,12
62.01,,0
62.02,,12
62.03,,12
62.04,,12
62.05,,25
62.06,,25
62.07,,25
62.08,,25
62.09,,25
62.1,,37
62.11,,25
62.12,,25
62.13,,25
62.14,,25
62.15,,25
62.16,,37
62.17,,37
62.18,,37
62.19,,25
62.2,,37
62.21,,25
62.22,,12
62.23,,12
62.24,,12
62.25,,0
62.26,,0
62.27,,0
62.28,,0
62.29,,0
62.3,,0
62.31,,0
62.32,,0
62.33,,0
62.34,,0
62.35,,0
62.36,,0
62.37,,0
62.38,,0
62.39,,0
62.4,,0
62.41,,0
62.42,,0
62.43,,0
62.44,,0
62.45,,0
62.46,,0
62.47,,0
62.48,,0
62.49,,0
62.5,,0
62.51,,0
62.52,,0
62.53,,0
62.54,,0
62.55,,0
62.56,,0
62.57,,0
62.58,,0
62.59,,0
62.6,,0
62.61,,0
62.62,,0
62.63,,0
62.64,,0
62.65,,0
62.66,,0
62.67,,0
62.68,,0
62.69,,0
62.7,,0
62.71,,0
62.72,,12
62.73,,0
62.74,,12
62.75,,12
62.76,,12
62.77,,12
62.78,,12
62.79,,12
62.8,,12
62.81,,0
62.82,,12
62.83,,12
62.84,,12
62.85,,12
62.86,,12
62.87,,25
62.88,,12
62.89,,12
62.9,,25
62.91,,25
62.92,,25
62.93,,25
62.94,,37
62.95,,37
62.96,,37
62.97,,50
62.98,,37
62.99,,50
63,,50
63.01,,37
63.02,,37
63.03,,50
63.04,,50
63.05,,63
63.06,,63
63.07,,88
63.08,,126
63.09,,151
63.1,,164
63.11,,202
63.12,,214
63.13,,227
63.14,,239
63.15,,277
63.16,,265
63.17,,277
63.18,,277
63.19,,277
63.2,,265
63.21,,303
63.22,,303
63.23,,303
63.24,,315
63.25,,328
63.26,,303
63.27,,366
63.28,,391
63.29,,442
63.3,,517
63.31,,669
63.32,,1010
63.33,,1326
63.34,,1414
63.35,,1402
63.36,,1604
63.37,,1717
63.38,,1856
63.39,,1844
63.4,,2020
63.41,,2147
63.42,,2147
63.43,,2260
63.44,,2311
63.45,,2425
63.46,,2412
63.47,,2437
63.48,,2564
63.49,,2551
63.5,,2538
63.51,,2500
63.52,,2450
63.53,,2463
63.54,,2349
63.55,,2437
63.56,,2387
63.57,,2336
63.58,,2324
63.59,,2273
63.6,,2298
63.61,,2298
63.62,,2185
63.63,,2286
63.64,,2273
63.65,,2223
63.66,,2223
63.67,,2109
63.68,,2058
63.69,,1907
63.7,,1679
63.71,,1705
63.72,,1768
63.73,,1679
63.74,,1591
63.75,,1591
63.76,,1503
63.77,,1515
63.78,,1477
63.79,,1313
63.8,,1263
63.81,,1187
63.82,,1010
63.83,,821
63.84,,745
63.85,,669
63.86,,568
63.87,,505
63.88,,454
63.89,,391
63.9,,391
63.91,,341
63.92,,303
63.93,,303
63.94,,315
63.95,,315
63.96,,328
63.97,,315
63.98,,315
63.99,,378
64,,404
64.01,,404
64.02,,416
64.03,,416
64.04,,416
64.05,,416
64.06,,391
64.07,,416
64.08,,416
64.09,,404
64.1,,404
64.11,,378
64.12,,366
64.13,,315
64.14,,265
64.15,,265
64.16,,227
64.17,,202
64.18,,202
64.19,,189
64.2,,176
64.21,,176
64.22,,176
64.23,,202
64.24,,202
64.25,,202
64.26,,202
64.27,,202
64.28,,202
64.29,,202
64.3,,202
64.31,,239
64.32,,239
64.33,,239
64.34,,252
64.35,,252
64.36,,252
64.37,,239
64.38,,252
64.39,,252
64.4,,265
64.41,,252
64.42,,252
64.43,,239
64.44,,227
64.45,,189
64.46,,189
64.47,,176
64.48,,151
64.49,,138
64.5,,113
64.51,,88
64.52,,63
64.53,,37
64.54,,12
64.55,,12
64.56,,0
64.57,,0
64.58,,0
64.59,,0
64.6,,0
64.61,,0
64.62,,0
64.63,,0
64.64,,0
64.65,,0
64.66,,0
64.67,,0
64.68,,0
64.69,,0
64.7,,0
64.71,,0
64.72,,0
64.73,,0
64.74,,0
64.75,,0
64.76,,0
64.77,,0
64.78,,0
64.79,,0
64.8,,0
64.81,,0
64.82,,0
64.83,,0
64.84,,0
64.85,,0
64.86,,0
64.87,,0
64.88,,0
64.89,,0
64.9,,0
64.91,,0
64.92,,0
64.93,,0
64.94,,0
64.95,,0
64.96,,0
64.97,,0
64.98,,0
64.99,,0
65,,0
65.01,,0
65.02,,0
65.03,,0
65.04,,0
65.05,,0
65.06,,0
65.07,,0
65.08,,0
65.09,,0
65.1,,0
65.11,,0
65.12,,0
65.13,,0
65.14,,0
65.15,,0
65.16,,0
65.17,,0
65.18,,0
65.19,,0
65.2,,0
65.21,,0
65.22,,0
65.23,,0
65.24,,0
65.25,,0
65.26,,0
65.27,,0
65.28,,0
65.29,,0
65.3,,0
65.31,,0
65.32,,0
65.33,,0
65.34,,0
65.35,,0
65.36,,0
65.37,,0
65.38,,0
65.39,,0
65.4,,0
65.41,,0
65.42,,0
65.43,,0
65.44,,0
65.45,,0
65.46,,0
65.47,,0
65.48,,0
65.49,,0
65.5,,0
65.51,,0
65.52,,0
65.53,,0
65.54,,0
65.55,,12
65.56,,0
65.57,,0
65.58,,0
65.59,,0
65.6,,0
65.61,,0
65.62,,0
65.63,,0
65.64,,0
65.65,,0
65.66,,0
65.67,,0
65.68,,0
65.69,,0
65.7,,0
65.71,,0
65.72,,0
65.73,,0
65.74,,0
65.75,,0
65.76,,0
65.77,,0
65.78,,0
65.79,,0
65.8,,0
65.81,,0
65.82,,0
65.83,,0
65.84,,0
65.85,,0
65.86,,0
65.87,,0
65.88,,0
65.89,,0
65.9,,0
65.91,,0
65.92,,0
65.93,,0
65.94,,0
65.95,,0
65.96,,0
65.97,,0
65.98,,0
65.99,,0
66,,0
66.01,,0
66.02,,0
66.03,,0
66.04,,0
66.05,,0
66.06,,0
66.07,,0
66.08,,0
66.09,,0
66.1,,0
66.11,,0
66.12,,0
66.13,,0
66.14,,0
66.15,,0
66.16,,0
66.17,,0
66.18,,0
66.19,,0
66.2,,0
66.21,,0
66.22,,0
66.23,,0
66.24,,0
66.25,,0
66.26,,0
66.27,,0
66.28,,0
66.29,,0
66.3,,0
66.31,,0
66.32,,0
66.33,,0
66.34,,0
66.35,,0
66.36,,0
66.37,,0
66.38,,0
66.39,,0
66.4,,0
66.41,,0
66.42,,0
66.43,,0
66.44,,0
66.45,,0
66.46,,0
66.47,,0
66.48,,0
66.49,,0
66.5,,0
66.51,,0
66.52,,0
66.53,,0
66.54,,0
66.55,,0
66.56,,0
66.57,,0
66.58,,0
66.59,,0
66.6,,0
66.61,,0
66.62,,0
66.63,,0
66.64,,0
66.65,,0
66.66,,0
66.67,,0
66.68,,0
66.69,,0
66.7,,0
66.71,,0
66.72,,0
66.73,,0
66.74,,0
66.75,,0
66.76,,0
66.77,,0
66.78,,0
66.79,,0
66.8,,0
66.81,,0
66.82,,0
66.83,,0
66.84,,0
66.85,,0
66.86,,0
66.87,,0
66.88,,0
66.89,,0
66.9,,0
66.91,,0
66.92,,0
66.93,,0
66.94,,0
66.95,,0
66.96,,0
66.97,,0
66.98,,0
66.99,,0
67,,0
67.01,,0
67.02,,0
67.03,,0
67.04,,0
67.05,,0
67.06,,0
67.07,,0
67.08,,0
67.09,,0
67.1,,0
67.11,,0
67.12,,0
67.13,,0
67.14,,0
67.15,,0
67.16,,0
67.17,,0
67.18,,0
67.19,,0
67.2,,0
67.21,,0
67.22,,0
67.23,,0
67.24,,0
67.25,,0
67.26,,0
67.27,,0
67.28,,0
67.29,,0
67.3,,0
67.31,,0
67.32,,0
67.33,,0
67.34,,0
67.35,,0
67.36,,0
67.37,,0
67.38,,0
67.39,,0
67.4,,0
67.41,,0
67.42,,0
67.43,,0
67.44,,0
67.45,,0
67.46,,0
67.47,,0
67.48,,0
67.49,,0
67.5,,0
67.51,,0
67.52,,0
67.53,,0
67.54,,0
67.55,,0
67.56,,0
67.57,,0
67.58,,0
67.59,,0
67.6,,0
67.61,,0
67.62,,0
67.63,,0
67.64,,0
67.65,,0
67.66,,0
67.67,,12
67.68,,0
67.69,,0
67.7,,12
67.71,,12
67.72,,12
67.73,,12
67.74,,25
67.75,,25
67.76,,37
67.77,,37
67.78,,25
67.79,,25
67.8,,25
67.81,,12
67.82,,25
67.83,,12
67.84,,12
67.85,,12
67.86,,12
67.87,,12
67.88,,0
67.89,,12
67.9,,12
67.91,,12
67.92,,12
67.93,,12
67.94,,12
67.95,,0
67.96,,25
67.97,,25
67.98,,12
67.99,,25
68,,25
68.01,,25
68.02,,25
68.03,,37
68.04,,63
68.05,,63
68.06,,88
68.07,,88
68.08,,75
68.09,,75
68.1,,75
68.11,,101
68.12,,75
68.13,,88
68.14,,88
68.15,,88
68.16,,88
68.17,,75
68.18,,113
68.19,,113
68.2,,138
68.21,,164
68.22,,164
68.23,,176
68.24,,189
68.25,,239
68.26,,290
68.27,,353
68.28,,442
68.29,,505
68.3,,555
68.31,,593
68.32,,606
68.33,,719
68.34,,745
68.35,,719
68.36,,757
68.37,,732
68.38,,745
68.39,,682
68.4,,732
68.41,,795
68.42,,770
68.43,,757
68.44,,745
68.45,,770
68.46,,770
68.47,,682
68.48,,745
68.49,,732
68.5,,707
68.51,,707
68.52,,682
68.53,,694
68.54,,682
68.55,,644
68.56,,732
68.57,,732
68.58,,732
68.59,,757
68.6,,732
68.61,,770
68.62,,719
68.63,,719
68.64,,783
68.65,,770
68.66,,783
68.67,,795
68.68,,757
68.69,,783
68.7,,745
68.71,,783
68.72,,858
68.73,,858
68.74,,833
68.75,,858
68.76,,858
68.77,,858
68.78,,833
68.79,,808
68.8,,896
68.81,,871
68.82,,833
68.83,,846
68.84,,808
68.85,,795
68.86,,783
68.87,,707
68.88,,783
68.89,,783
68.9,,757
68.91,,783
68.92,,719
68.93,,707
68.94,,707
68.95,,568
68.96,,568
68.97,,593
68.98,,543
68.99,,505
69,,492
69.01,,416
69.02,,353
69.03,,303
69.04,,227
69.05,,227
69.06,,202
69.07,,189
69.08,,164
69.09,,138
69.1,,113
69.11,,88
69.12,,75
69.13,,50
69.14,,75
69.15,,75
69.16,,75
69.17,,88
69.18,,88
69.19,,88
69.2,,88
69.21,,75
69.22,,101
69.23,,126
69.24,,151
69.25,,189
69.26,,227
69.27,,265
69.28,,315
69.29,,353
69.3,,391
69.31,,442
69.32,,479
69.33,,479
69.34,,517
69.35,,543
69.36,,555
69.37,,568
69.38,,555
69.39,,555
69.4,,644
69.41,,656
69.42,,631
69.43,,644
69.44,,631
69.45,,631
69.46,,631
69.47,,631
69.48,,568
69.49,,631
69.5,,631
69.51,,606
69.52,,606
69.53,,606
69.54,,555
69.55,,530
69.56,,505
69.57,,429
69.58,,391
69.59,,353
69.6,,303
69.61,,252
69.62,,214
69.63,,189
69.64,,151
69.65,,113
69.66,,75
69.67,,50
69.68,,25
69.69,,12
69.7,,0
69.71,,0
69.72,,0
69.73,,0
69.74,,0
69.75,,0
69.76,,0
69.77,,0
69.78,,0
69.79,,0
69.8,,0
69.81,,0
69.82,,0
69.83,,0
69.84,,0
69.85,,0
69.86,,0
69.87,,0
69.88,,0
69.89,,0
69.9,,0
69.91,,0
69.92,,0
69.93,,0
69.94,,0
69.95,,0
69.96,,0
69.97,,0
69.98,,0
69.99,,0
70,,0
70.01,,0
70.02,,0
70.03,,0
70.04,,0
70.05,,0
70.06,,0
70.07,,0
70.08,,0
70.09,,0
70.1,,0
70.11,,0
70.12,,12
70.13,,12
70.14,,12
70.15,,12
70.16,,12
70.17,,25
70.18,,12
70.19,,12
70.2,,12
70.21,,37
70.22,,25
70.23,,12
70.24,,12
70.25,,25
70.26,,37
70.27,,25
70.28,,12
70.29,,12
70.3,,37
70.31,,25
70.32,,12
70.33,,12
70.34,,25
70.35,,25
70.36,,25
70.37,,12
70.38,,25
70.39,,37
70.4,,12
70.41,,12
70.42,,25
70.43,,25
70.44,,25
70.45,,12
70.46,,12
70.47,,12
70.48,,25
70.49,,12
70.5,,0
70.51,,12
70.52,,25
70.53,,25
70.54,,12
70.55,,0
70.56,,12
70.57,,25
70.58,,12
70.59,,0
70.6,,12
70.61,,12
70.62,,25
70.63,,12
70.64,,0
70.65,,12
70.66,,12
70.67,,12
70.68,,12
70.69,,12
70.7,,25
70.71,,25
70.72,,0
70.73,,12
70.74,,25
70.75,,12
70.76,,12
70.77,,12
70.78,,12
70.79,,12
70.8,,12
70.81,,0
70.82,,0
70.83,,12
70.84,,12
70.85,,0
70.86,,0
70.87,,0
70.88,,12
70.89,,12
70.9,,0
70.91,,0
70.92,,0
70.93,,0
70.94,,0
70.95,,0
70.96,,12
70.97,,25
70.98,,12
70.99,,12
71,,12
71.01,,12
71.02,,12
71.03,,12
71.04,,12
71.05,,12
71.06,,12
71.07,,12
71.08,,12
71.09,,12
71.1,,12
71.11,,0
71.12,,12
71.13,,12
71.14,,0
71.15,,12
71.16,,12
71.17,,12
71.18,,12
71.19,,12
71.2,,12
71.21,,12
71.22,,12
71.23,,12
71.24,,12
71.25,,12
71.26,,12
71.27,,25
71.28,,12
71.29,,25
71.3,,25
71.31,,12
71.32,,25
71.33,,12
71.34,,12
71.35,,12
71.36,,12
71.37,,12
71.38,,0
71.39,,0
71.4,,0
71.41,,0
71.42,,0
71.43,,0
71.44,,0
71.45,,0
71.46,,0
71.47,,0
71.48,,0
71.49,,0
71.5,,0
71.51,,0
71.52,,0
71.53,,0
71.54,,0
71.55,,0
71.56,,0
71.57,,0
71.58,,0
71.59,,0
71.6,,0
71.61,,0
71.62,,0
71.63,,0
71.64,,0
71.65,,0
71.66,,0
71.67,,0
71.68,,0
71.69,,0
71.7,,0
71.71,,0
71.72,,0
71.73,,0
71.74,,0
71.75,,0
71.76,,0
71.77,,0
71.78,,0
71.79,,0
71.8,,0
71.81,,0
71.82,,0
71.83,,0
71.84,,0
71.85,,0
71.86,,0
71.87,,0
71.88,,0
71.89,,0
71.9,,0
71.91,,0
71.92,,0
71.93,,0
71.94,,0
71.95,,0
71.96,,12
71.97,,12
71.98,,0
71.99,,0
72,,12
72.01,,0
72.02,,0
72.03,,0
72.04,,0
72.05,,12
72.06,,0
72.07,,0
72.08,,12
72.09,,0
72.1,,0
72.11,,0
72.12,,0
72.13,,12
72.14,,0
72.15,,0
72.16,,0
72.17,,0
72.18,,0
72.19,,0
72.2,,0
72.21,,12
72.22,,0
72.23,,0
72.24,,0
72.25,,0
72.26,,0
72.27,,0
72.28,,0
72.29,,0
72.3,,0
72.31,,0
72.32,,0
72.33,,0
72.34,,0
72.35,,0
72.36,,0
72.37,,12
72.38,,0
72.39,,0
72.4,,0
72.41,,0
72.42,,0
72.43,,0
72.44,,12
72.45,,12
72.46,,0
72.47,,0
72.48,,12
72.49,,0
72.5,,0
72.51,,0
72.52,,12
72.53,,0
72.54,,0
72.55,,0
72.56,,0
72.57,,0
72.58,,0
72.59,,0
72.6,,0
72.61,,0
72.62,,0
72.63,,0
72.64,,0
72.65,,0
72.66,,0
72.67,,0
72.68,,0
72.69,,0
72.7,,0
72.71,,0
72.72,,0
72.73,,0
72.74,,0
72.75,,0
72.76,,0
72.77,,0
72.78,,0
72.79,,0
72.8,,0
72.81,,0
72.82,,0
72.83,,0
72.84,,0
72.85,,0
72.86,,0
72.87,,0
72.88,,0
72.89,,0
72.9,,0
72.91,,0
72.92,,0
72.93,,0
72.94,,0
72.95,,0
72.96,,0
72.97,,0
72.98,,0
72.99,,0
73,,0
73.01,,0
73.02,,0
73.03,,0
73.04,,0
73.05,,0
73.06,,0
73.07,,0
73.08,,0
73.09,,0
73.1,,0
73.11,,0
73.12,,0
73.13,,0
73.14,,0
73.15,,0
73.16,,0
73.17,,0
73.18,,0
73.19,,0
73.2,,0
73.21,,0
73.22,,0
73.23,,0
73.24,,0
73.25,,0
73.26,,0
73.27,,0
73.28,,0
73.29,,0
73.3,,0
73.31,,0
73.32,,0
73.33,,0
73.34,,0
73.35,,0
73.36,,0
73.37,,0
73.38,,0
73.39,,0
73.4,,0
73.41,,0
73.42,,0
73.43,,0
73.44,,0
73.45,,0
73.46,,0
73.47,,0
73.48,,0
73.49,,0
73.5,,0
73.51,,0
73.52,,0
73.53,,0
73.54,,0
73.55,,0
73.56,,0
73.57,,0
73.58,,0
73.59,,0
73.6,,0
73.61,,0
73.62,,0
73.63,,0
73.64,,0
73.65,,0
73.66,,0
73.67,,0
73.68,,0
73.69,,0
73.7,,0
73.71,,0
73.72,,0
73.73,,0
73.74,,0
73.75,,12
73.76,,12
73.77,,0
73.78,,0
73.79,,0
73.8,,0
73.81,,0
73.82,,12
73.83,,12
73.84,,12
73.85,,25
73.86,,37
73.87,,50
73.88,,37
73.89,,50
73.9,,63
73.91,,50
73.92,,63
73.93,,63
73.94,,63
73.95,,63
73.96,,88
73.97,,126
73.98,,214
73.99,,290
74,,442
74.01,,631
74.02,,1111
74.03,,1376
74.04,,1389
74.05,,1528
74.06,,1692
74.07,,1856
74.08,,2033
74.09,,2033
74.1,,2147
74.11,,2210
74.12,,2260
74.13,,2210
74.14,,2412
74.15,,2412
74.16,,2437
74.17,,2412
74.18,,2437
74.19,,2311
74.2,,2463
74.21,,2526
74.22,,2526
74.23,,2564
74.24,,2538
74.25,,2564
74.26,,2437
74.27,,2450
74.28,,2538
74.29,,2526
74.3,,2513
74.31,,2526
74.32,,2488
74.33,,2475
74.34,,2450
74.35,,2336
74.36,,2374
74.37,,2399
74.38,,2412
74.39,,2336
74.4,,2324
74.41,,2298
74.42,,2260
74.43,,2286
74.44,,2223
74.45,,2134
74.46,,2147
74.47,,1957
74.48,,1743
74.49,,1667
74.5,,1503
74.51,,1414
74.52,,1174
74.53,,947
74.54,,934
74.55,,846
74.56,,606
74.57,,492
74.58,,442
74.59,,391
74.6,,328
74.61,,265
74.62,,239
74.63,,277
74.64,,265
74.65,,252
74.66,,227
74.67,,189
74.68,,164
74.69,,126
74.7,,113
74.71,,113
74.72,,113
74.73,,101
74.74,,113
74.75,,138
74.76,,176
74.77,,227
74.78,,265
74.79,,378
74.8,,467
74.81,,581
74.82,,858
74.83,,985
74.84,,1010
74.85,,1111
74.86,,1073
74.87,,1338
74.88,,1389
74.89,,1364
74.9,,1376
74.91,,1376
74.92,,1414
74.93,,1490
74.94,,1452
74.95,,1578
74.96,,1566
74.97,,1540
74.98,,1490
74.99,,1376
75,,1288
75.01,,1225
75.02,,922
75.03,,896
75.04,,745
75.05,,530
75.06,,391
75.07,,277
75.08,,151
75.09,,101
75.1,,37
75.11,,12
75.12,,12
75.13,,0
75.14,,0
75.15,,0
75.16,,0
75.17,,12
75.18,,50
75.19,,63
75.2,,164
75.21,,252
75.22,,378
75.23,,543
75.24,,808
75.25,,947
75.26,,896
75.27,,808
75.28,,947
75.29,,959
75.3,,947
75.31,,947
75.32,,947
75.33,,922
75.34,,896
75.35,,833
75.36,,795
75.37,,871
75.38,,896
75.39,,884
75.4,,896
75.41,,947
75.42,,934
75.43,,947
75.44,,909
75.45,,959
75.46,,1124
75.47,,1136
75.48,,1149
75.49,,1199
75.5,,1199
75.51,,1187
75.52,,1187
75.53,,1098
75.54,,1086
75.55,,1136
75.56,,1111
75.57,,1086
75.58,,1098
75.59,,1098
75.6,,1086
75.61,,1086
75.62,,1035
75.63,,959
75.64,,1023
75.65,,972
75.66,,896
75.67,,808
75.68,,707
75.69,,581
75.7,,479
75.71,,454
75.72,,391
75.73,,391
75.74,,404
75.75,,366
75.76,,315
75.77,,277
75.78,,265
75.79,,252
75.8,,252
75.81,,265
75.82,,239
75.83,,277
75.84,,277
75.85,,265
75.86,,252
75.87,,252
75.88,,265
75.89,,265
75.9,,277
75.91,,265
75.92,,277
75.93,,328
75.94,,353
75.95,,353
75.96,,353
75.97,,366
75.98,,391
75.99,,404
76,,429
76.01,,416
76.02,,429
76.03,,467
76.04,,467
76.05,,442
76.06,,442
76.07,,442
76.08,,442
76.09,,429
76.1,,416
76.11,,366
76.12,,328
76.13,,341
76.14,,315
76.15,,290
76.16,,265
76.17,,252
76.18,,252
76.19,,239
76.2,,239
76.21,,239
76.22,,214
76.23,,239
76.24,,227
76.25,,214
76.26,,202
76.27,,189
76.28,,164
76.29,,126
76.3,,101
76.31,,63
76.32,,25
76.33,,12
76.34,,12
76.35,,12
76.36,,0
76.37,,0
76.38,,0
76.39,,12
76.4,,12
76.41,,12
76.42,,12
76.43,,12
76.44,,37
76.45,,37
76.46,,37
76.47,,63
76.48,,75
76.49,,101
76.5,,113
76.51,,126
76.52,,126
76.53,,113
76.54,,151
76.55,,138
76.56,,138
76.57,,126
76.58,,126
76.59,,126
76.6,,138
76.61,,138
76.62,,138
76.63,,126
76.64,,126
76.65,,151
76.66,,138
76.67,,138
76.68,,138
76.69,,138
76.7,,138
76.71,,138
76.72,,138
76.73,,138
76.74,,113
76.75,,126
76.76,,126
76.77,,126
76.78,,126
76.79,,126
76.8,,138
76.81,,126
76.82,,138
76.83,,126
76.84,,126
76.85,,113
76.86,,113
76.87,,88
76.88,,63
76.89,,37
76.9,,25
76.91,,25
76.92,,12
76.93,,12
76.94,,0
76.95,,0
76.96,,0
76.97,,0
76.98,,0
76.99,,0
77,,0
77.01,,0
77.02,,0
77.03,,0
77.04,,0
77.05,,0
77.06,,0
77.07,,0
77.08,,0
77.09,,0
77.1,,0
77.11,,0
77.12,,0
77.13,,0
77.14,,0
77.15,,0
77.16,,0
77.17,,0
77.18,,0
77.19,,12
77.2,,12
77.21,,0
77.22,,0
77.23,,12
77.24,,12
77.25,,12
77.26,,12
77.27,,12
77.28,,0
77.29,,12
77.3,,25
77.31,,25
77.32,,25
77.33,,12
77.34,,12
77.35,,25
77.36,,37
77.37,,25
77.38,,12
77.39,,0
77.4,,12
77.41,,25
77.42,,25
77.43,,12
77.44,,12
77.45,,12
77.46,,12
77.47,,12
77.48,,12
77.49,,0
77.5,,0
77.51,,12
77.52,,25
77.53,,12
77.54,,0
77.55,,0
77.56,,12
77.57,,0
77.58,,12
77.59,,0
77.6,,0
77.61,,0
77.62,,0
77.63,,0
77.64,,0
77.65,,0
77.66,,0
77.67,,0
77.68,,0
77.69,,0
77.7,,0
77.71,,0
77.72,,0
77.73,,0
77.74,,0
77.75,,0
77.76,,0
77.77,,0
77.78,,0
77.79,,0
77.8,,0
77.81,,0
77.82,,0
77.83,,0
77.84,,0
77.85,,0
77.86,,0
77.87,,0
77.88,,0
77.89,,0
77.9,,0
77.91,,0
77.92,,0
77.93,,0
77.94,,0
77.95,,0
77.96,,0
77.97,,0
77.98,,0
77.99,,0
78,,0
78.01,,0
78.02,,0
78.03,,0
78.04,,0
78.05,,0
78.06,,0
78.07,,0
78.08,,0
78.09,,0
78.1,,0
78.11,,0
78.12,,0
78.13,,0
78.14,,0
78.15,,0
78.16,,0
78.17,,0
78.18,,0
78.19,,0
78.2,,0
78.21,,0
78.22,,12
78.23,,0
78.24,,0
78.25,,0
78.26,,0
78.27,,0
78.28,,0
78.29,,0
78.3,,0
78.31,,12
78.32,,25
78.33,,0
78.34,,0
78.35,,0
78.36,,12
78.37,,12
78.38,,0
78.39,,0
78.4,,0
78.41,,0
78.42,,0
78.43,,0
78.44,,0
78.45,,0
78.46,,0
78.47,,12
78.48,,0
78.49,,0
78.5,,0
78.51,,0
78.52,,0
78.53,,0
78.54,,0
78.55,,0
78.56,,0
78.57,,0
78.58,,0
78.59,,0
78.6,,0
78.61,,0
78.62,,0
78.63,,0
78.64,,0
78.65,,0
78.66,,0
78.67,,0
78.68,,0
78.69,,0
78.7,,0
78.71,,0
78.72,,0
78.73,,0
78.74,,0
78.75,,0
78.76,,0
78.77,,12
78.78,,12
78.79,,0
78.8,,0
78.81,,0
78.82,,12
78.83,,12
78.84,,0
78.85,,0
78.86,,0
78.87,,0
78.88,,0
78.89,,0
78.9,,0
78.91,,12
78.92,,12
78.93,,12
78.94,,12
78.95,,0
78.96,,0
78.97,,12
78.98,,12
78.99,,12
79,,0
79.01,,0
79.02,,0
79.03,,12
79.04,,12
79.05,,0
79.06,,0
79.07,,12
79.08,,0
79.09,,0
79.1,,0
79.11,,0
79.12,,0
79.13,,0
79.14,,0
79.15,,0
79.16,,0
79.17,,0
79.18,,12
79.19,,0
79.2,,0
79.21,,0
79.22,,12
79.23,,12
79.24,,12
79.25,,0
79.26,,0
79.27,,0
79.28,,12
79.29,,0
79.3,,0
79.31,,0
79.32,,0
79.33,,0
79.34,,0
79.35,,0
79.36,,0
79.37,,0
79.38,,0
79.39,,0
79.4,,0
79.41,,0
79.42,,0
79.43,,0
79.44,,12
79.45,,0
79.46,,0
79.47,,0
79.48,,12
79.49,,0
79.5,,0
79.51,,0
79.52,,0
79.53,,0
79.54,,0
79.55,,0
79.56,,0
79.57,,0
79.58,,0
79.59,,0
79.6,,0
79.61,,0
79.62,,0
79.63,,0
79.64,,0
79.65,,0
79.66,,0
79.67,,0
79.68,,0
79.69,,0
79.7,,0
79.71,,0
79.72,,0
79.73,,12
79.74,,12
79.75,,0
79.76,,0
79.77,,12
79.78,,12
79.79,,0
79.8,,0
79.81,,0
79.82,,12
79.83,,12
79.84,,12
79.85,,0
79.86,,0
79.87,,12
79.88,,12
79.89,,12
79.9,,12
79.91,,25
79.92,,25
79.93,,25
79.94,,12
79.95,,12
79.96,,25
79.97,,37
79.98,,25
79.99,,25
80,,37
80.01,,37
80.02,,63
80.03,,63
80.04,,63
80.05,,101
80.06,,75
80.07,,75
80.08,,63
80.09,,63
80.1,,50
80.11,,37
80.12,,25
80.13,,0
80.14,,12
80.15,,12
80.16,,0
80.17,,0
80.18,,0
80.19,,0
80.2,,0
80.21,,0
80.22,,0
80.23,,0
80.24,,0
80.25,,0
80.26,,0
80.27,,0
80.28,,0
80.29,,0
80.3,,0
80.31,,0
80.32,,0
80.33,,0
80.34,,0
80.35,,0
80.36,,0
80.37,,0
80.38,,0
80.39,,0
80.4,,0
80.41,,0
80.42,,0
80.43,,0
80.44,,0
80.45,,0
80.46,,0
80.47,,0
80.48,,0
80.49,,0
80.5,,0
80.51,,0
80.52,,0
80.53,,0
80.54,,0
80.55,,0
80.56,,0
80.57,,0
80.58,,0
80.59,,0
80.6,,0
80.61,,0
80.62,,0
80.63,,0
80.64,,0
80.65,,0
80.66,,0
80.67,,0
80.68,,0
80.69,,0
80.7,,0
80.71,,0
80.72,,0
80.73,,0
80.74,,0
80.75,,0
80.76,,0
80.77,,0
80.78,,0
80.79,,0
80.8,,0
80.81,,25
80.82,,37
80.83,,50
80.84,,37
80.85,,50
80.86,,63
80.87,,50
80.88,,50
80.89,,50
80.9,,63
80.91,,50
80.92,,50
80.93,,37
80.94,,50
80.95,,50
80.96,,50
80.97,,50
80.98,,37
80.99,,25
81,,12
81.01,,0
81.02,,0
81.03,,0
81.04,,0
81.05,,0
81.06,,0
81.07,,0
81.08,,0
81.09,,0
81.1,,0
81.11,,0
81.12,,0
81.13,,0
81.14,,0
81.15,,0
81.16,,0
81.17,,0
81.18,,0
81.19,,0
81.2,,0
81.21,,0
81.22,,0
81.23,,0
81.24,,0
81.25,,0
81.26,,0
81.27,,0
81.28,,0
81.29,,0
81.3,,0
81.31,,0
81.32,,0
81.33,,0
81.34,,0
81.35,,0
81.36,,0
81.37,,0
81.38,,0
81.39,,0
81.4,,0
81.41,,0
81.42,,0
81.43,,0
81.44,,0
81.45,,0
81.46,,0
81.47,,0
81.48,,0
81.49,,0
81.5,,0
81.51,,0
81.52,,0
81.53,,0
81.54,,0
81.55,,0
81.56,,0
81.57,,0
81.58,,12
81.59,,0
81.6,,0
81.61,,12
81.62,,12
81.63,,12
81.64,,25
81.65,,25
81.66,,25
81.67,,37
81.68,,50
81.69,,37
81.7,,63
81.71,,75
81.72,,63
81.73,,75
81.74,,75
81.75,,63
81.76,,75
81.77,,75
81.78,,101
81.79,,88
81.8,,113
81.81,,126
81.82,,138
81.83,,126
81.84,,138
81.85,,138
81.86,,138
81.87,,151
81.88,,151
81.89,,151
81.9,,138
81.91,,151
81.92,,164
81.93,,151
81.94,,164
81.95,,164
81.96,,164
81.97,,164
81.98,,189
81.99,,202
82,,227
82.01,,239
82.02,,265
82.03,,303
82.04,,328
82.05,,404
82.06,,505
82.07,,606
82.08,,783
82.09,,909
82.1,,947
82.11,,985
82.12,,959
82.13,,1124
82.14,,1124
82.15,,1162
82.16,,1199
82.17,,1212
82.18,,1338
82.19,,1364
82.2,,1402
82.21,,1515
82.22,,1490
82.23,,1490
82.24,,1439
82.25,,1465
82.26,,1465
82.27,,1351
82.28,,1389
82.29,,1427
82.3,,1376
82.31,,1376
82.32,,1351
82.33,,1326
82.34,,1313
82.35,,1199
82.36,,1187
82.37,,1212
82.38,,1111
82.39,,1061
82.4,,1023
82.41,,1048
82.42,,1048
82.43,,934
82.44,,947
82.45,,947
82.46,,846
82.47,,833
82.48,,833
82.49,,846
82.5,,858
82.51,,783
82.52,,821
82.53,,833
82.54,,821
82.55,,808
82.56,,821
82.57,,821
82.58,,846
82.59,,783
82.6,,808
82.61,,846
82.62,,833
82.63,,846
82.64,,858
82.65,,846
82.66,,896
82.67,,858
82.68,,846
82.69,,947
82.7,,959
82.71,,959
82.72,,985
82.73,,959
82.74,,997
82.75,,1023
82.76,,922
82.77,,1023
82.78,,1061
82.79,,1048
82.8,,1048
82.81,,1035
82.82,,1061
82.83,,1073
82.84,,1023
82.85,,985
82.86,,1035
82.87,,1023
82.88,,997
82.89,,997
82.9,,947
82.91,,922
82.92,,871
82.93,,732
82.94,,631
82.95,,606
82.96,,479
82.97,,391
82.98,,341
82.99,,277
83,,214
83.01,,176
83.02,,151
83.03,,126
83.04,,113
83.05,,75
83.06,,63
83.07,,37
83.08,,25
83.09,,12
83.1,,0
83.11,,0
83.12,,0
83.13,,0
83.14,,0
83.15,,0
83.16,,0
83.17,,0
83.18,,0
83.19,,0
83.2,,0
83.21,,0
83.22,,0
83.23,,0
83.24,,0
83.25,,0
83.26,,0
83.27,,0
83.28,,0
83.29,,0
83.3,,0
83.31,,0
83.32,,0
83.33,,0
83.34,,0
83.35,,0
83.36,,0
83.37,,0
83.38,,0
83.39,,0
83.4,,0
83.41,,0
83.42,,0
83.43,,0
83.44,,0
83.45,,0
83.46,,0
83.47,,0
83.48,,0
83.49,,0
83.5,,0
83.51,,0
83.52,,0
83.53,,0
83.54,,0
83.55,,0
83.56,,0
83.57,,0
83.58,,0
83.59,,0
83.6,,0
83.61,,0
83.62,,0
83.63,,0
83.64,,0
83.65,,0
83.66,,0
83.67,,0
83.68,,0
83.69,,0
83.7,,0
83.71,,0
83.72,,0
83.73,,0
83.74,,0
83.75,,0
83.76,,0
83.77,,0
83.78,,0
83.79,,0
83.8,,0
83.81,,0
83.82,,0
83.83,,0
83.84,,0
83.85,,0
83.86,,0
83.87,,0
83.88,,0
83.89,,0
83.9,,0
83.91,,0
83.92,,0
83.93,,0
83.94,,0
83.95,,0
83.96,,0
83.97,,0
83.98,,0
83.99,,0
84,,12
84.01,,0
84.02,,12
84.03,,12
84.04,,12
84.05,,12
84.06,,12
84.07,,12
84.08,,12
84.09,,12
84.1,,25
84.11,,12
84.12,,12
84.13,,37
84.14,,37
84.15,,37
84.16,,37
84.17,,37
84.18,,50
84.19,,50
84.2,,50
84.21,,88
84.22,,101
84.23,,113
84.24,,101
84.25,,101
84.26,,113
84.27,,101
84.28,,101
84.29,,101
84.3,,113
84.31,,101
84.32,,101
84.33,,88
84.34,,75
84.35,,101
84.36,,88
84.37,,101
84.38,,101
84.39,,101
84.4,,101
84.41,,88
84.42,,88
84.43,,113
84.44,,101
84.45,,101
84.46,,113
84.47,,101
84.48,,113
84.49,,101
84.5,,88
84.51,,113
84.52,,101
84.53,,101
84.54,,113
84.55,,101
84.56,,101
84.57,,88
84.58,,75
84.59,,113
84.6,,88
84.61,,101
84.62,,101
84.63,,101
84.64,,101
84.65,,88
84.66,,75
84.67,,113
84.68,,88
84.69,,88
84.7,,101
84.71,,101
84.72,,101
84.73,,88
84.74,,88
84.75,,113
84.76,,101
84.77,,101
84.78,,101
84.79,,101
84.8,,101
84.81,,88
84.82,,75
84.83,,113
84.84,,88
84.85,,101
84.86,,88
84.87,,88
84.88,,88
84.89,,63
84.9,,75
84.91,,88
84.92,,50
84.93,,63
84.94,,75
84.95,,63
84.96,,75
84.97,,37
84.98,,50
84.99,,50
85,,25
85.01,,25
85.02,,37
85.03,,25
85.04,,12
85.05,,0
85.06,,0
85.07,,0
85.08,,0
85.09,,0
85.1,,0
85.11,,0
85.12,,0
85.13,,0
85.14,,0
85.15,,0
85.16,,12
85.17,,12
85.18,,12
85.19,,12
85.2,,12
85.21,,12
85.22,,12
85.23,,12
85.24,,12
85.25,,25
85.26,,25
85.27,,12
85.28,,12
85.29,,25
85.3,,12
85.31,,25
85.32,,12
85.33,,12
85.34,,0
85.35,,12
85.36,,12
85.37,,12
85.38,,12
85.39,,12
85.4,,25
85.41,,12
85.42,,25
85.43,,25
85.44,,25
85.45,,25
85.46,,25
85.47,,25
85.48,,12
85.49,,12
85.5,,25
85.51,,25
85.52,,25
85.53,,25
85.54,,12
85.55,,12
85.56,,25
85.57,,12
85.58,,12
85.59,,12
85.6,,12
85.61,,12
85.62,,12
85.63,,25
85.64,,25
85.65,,12
85.66,,12
85.67,,25
85.68,,25
85.69,,12
85.7,,25
85.71,,25
85.72,,25
85.73,,25
85.74,,37
85.75,,37
85.76,,50
85.77,,50
85.78,,63
85.79,,50
85.8,,50
85.81,,50
85.82,,75
85.83,,75
85.84,,75
85.85,,88
85.86,,88
85.87,,75
85.88,,63
85.89,,101
85.9,,75
85.91,,88
85.92,,88
85.93,,88
85.94,,75
85.95,,63
85.96,,113
85.97,,88
85.98,,88
85.99,,88
86,,101
86.01,,75
86.02,,75
86.03,,101
86.04,,75
86.05,,88
86.06,,88
86.07,,88
86.08,,63
86.09,,63
86.1,,75
86.11,,50
86.12,,63
86.13,,75
86.14,,63
86.15,,37
86.16,,50
86.17,,50
86.18,,37
86.19,,50
86.2,,50
86.21,,50
86.22,,37
86.23,,63
86.24,,63
86.25,,75
86.26,,88
86.27,,88
86.28,,75
86.29,,101
86.3,,88
86.31,,101
86.32,,101
86.33,,101
86.34,,75
86.35,,75
86.36,,101
86.37,,75
86.38,,88
86.39,,88
86.4,,88
86.41,,63
86.42,,88
86.43,,75
86.44,,88
86.45,,88
86.46,,101
86.47,,113
86.48,,126
86.49,,138
86.5,,126
86.51,,138
86.52,,138
86.53,,138
86.54,,126
86.55,,151
86.56,,138
86.57,,126
86.58,,113
86.59,,101
86.6,,88
86.61,,88
86.62,,113
86.63,,88
86.64,,101
86.65,,101
86.66,,101
86.67,,63
86.68,,63
86.69,,37
86.7,,37
86.71,,63
86.72,,63
86.73,,37
86.74,,50
86.75,,75
86.76,,25
86.77,,50
86.78,,50
86.79,,25
86.8,,12
86.81,,25
86.82,,50
86.83,,37
86.84,,75
86.85,,75
86.86,,63
86.87,,75
86.88,,75
86.89,,75
86.9,,88
86.91,,88
86.92,,75
86.93,,75
86.94,,101
86.95,,75
86.96,,88
86.97,,88
86.98,,75
86.99,,63
87,,88
87.01,,63
87.02,,63
87.03,,50
87.04,,25
87.05,,12
87.06,,0
87.07,,0
87.08,,0
87.09,,0
87.1,,0
87.11,,0
87.12,,0
87.13,,0
87.14,,0
87.15,,0
87.16,,0
87.17,,0
87.18,,0
87.19,,0
87.2,,0
87.21,,0
87.22,,0
87.23,,0
87.24,,0
87.25,,0
87.26,,0
87.27,,12
87.28,,0
87.29,,0
87.3,,12
87.31,,25
87.32,,12
87.33,,25
87.34,,50
87.35,,63
87.36,,88
87.37,,101
87.38,,101
87.39,,101
87.4,,101
87.41,,88
87.42,,88
87.43,,113
87.44,,101
87.45,,126
87.46,,151
87.47,,176
87.48,,176
87.49,,214
87.5,,202
87.51,,214
87.52,,214
87.53,,202
87.54,,189
87.55,,202
87.56,,189
87.57,,202
87.58,,202
87.59,,189
87.6,,164
87.61,,176
87.62,,164
87.63,,176
87.64,,151
87.65,,126
87.66,,88
87.67,,88
87.68,,63
87.69,,50
87.7,,50
87.71,,37
87.72,,25
87.73,,12
87.74,,12
87.75,,12
87.76,,12
87.77,,12
87.78,,12
87.79,,12
87.8,,12
87.81,,0
87.82,,0
87.83,,0
87.84,,0
87.85,,0
87.86,,0
87.87,,0
87.88,,0
87.89,,0
87.9,,0
87.91,,0
87.92,,0
87.93,,0
87.94,,0
87.95,,0
87.96,,0
87.97,,0
87.98,,0
87.99,,0
88,,0
88.01,,0
88.02,,0
88.03,,0
88.04,,0
88.05,,0
88.06,,0
88.07,,0
88.08,,0
88.09,,0
88.1,,0
88.11,,0
88.12,,0
88.13,,0
88.14,,0
88.15,,0
88.16,,0
88.17,,0
88.18,,0
88.19,,0
88.2,,0
88.21,,0
88.22,,0
88.23,,0
88.24,,0
88.25,,0
88.26,,0
88.27,,0
88.28,,0
88.29,,0
88.3,,0
88.31,,0
88.32,,0
88.33,,0
88.34,,0
88.35,,0
88.36,,0
88.37,,0
88.38,,0
88.39,,0
88.4,,0
88.41,,0
88.42,,0
88.43,,0
88.44,,0
88.45,,0
88.46,,0
88.47,,0
88.48,,0
88.49,,0
88.5,,0
88.51,,0
88.52,,0
88.53,,0
88.54,,0
88.55,,12
88.56,,12
88.57,,12
88.58,,50
88.59,,126
88.6,,189
88.61,,290
88.62,,467
88.63,,707
88.64,,1275
88.65,,1503
88.66,,1528
88.67,,1780
88.68,,1970
88.69,,2020
88.7,,2096
88.71,,2134
88.72,,2286
88.73,,2374
88.74,,2665
88.75,,2639
88.76,,2677
88.77,,2601
88.78,,2614
88.79,,2614
88.8,,2892
88.81,,3094
88.82,,3081
88.83,,3107
88.84,,2943
88.85,,2867
88.86,,2829
88.87,,2841
88.88,,2917
88.89,,2841
88.9,,2753
88.91,,2538
88.92,,2564
88.93,,2412
88.94,,2513
88.95,,2513
88.96,,2513
88.97,,2488
88.98,,2387
88.99,,2387
89,,2248
89.01,,2235
89.02,,2286
89.03,,2122
89.04,,2071
89.05,,1894
89.06,,1844
89.07,,1793
89.08,,1705
89.09,,1894
89.1,,1957
89.11,,1907
89.12,,1869
89.13,,1907
89.14,,1932
89.15,,1806
89.16,,1894
89.17,,1882
89.18,,1831
89.19,,1831
89.2,,1717
89.21,,1730
89.22,,1692
89.23,,1629
89.24,,1692
89.25,,1654
89.26,,1717
89.27,,1654
89.28,,1730
89.29,,1768
89.3,,1591
89.31,,1616
89.32,,1515
89.33,,1250
89.34,,1086
89.35,,884
89.36,,745
89.37,,631
89.38,,467
89.39,,442
89.4,,378
89.41,,303
89.42,,239
89.43,,189
89.44,,151
89.45,,113
89.46,,75
89.47,,50
89.48,,37
89.49,,12
89.5,,0
89.51,,0
89.52,,0
89.53,,0
89.54,,0
89.55,,0
89.56,,0
89.57,,0
89.58,,0
89.59,,0
89.6,,0
89.61,,0
89.62,,0
89.63,,0
89.64,,0
89.65,,0
89.66,,0
89.67,,0
89.68,,0
89.69,,0
89.7,,0
89.71,,0
89.72,,0
89.73,,0
89.74,,0
89.75,,0
89.76,,0
89.77,,0
89.78,,0
89.79,,0
89.8,,0
89.81,,0
89.82,,0
89.83,,0
89.84,,0
89.85,,0
89.86,,0
89.87,,0
89.88,,0
89.89,,0
89.9,,0
89.91,,0
89.92,,0
89.93,,0
89.94,,0
89.95,,0
89.96,,0
89.97,,0
89.98,,0
89.99,,0
90,,0
90.01,,0
90.02,,0
90.03,,0
90.04,,0
90.05,,0
90.06,,0
90.07,,0
90.08,,0
90.09,,0
90.1,,0
90.11,,0
90.12,,0
90.13,,0
90.14,,0
90.15,,0
90.16,,0
90.17,,0
90.18,,0
90.19,,0
90.2,,0
90.21,,0
90.22,,0
90.23,,0
90.24,,0
90.25,,0
90.26,,0
90.27,,0
90.28,,0
90.29,,0
90.3,,0
90.31,,0
90.32,,0
90.33,,0
90.34,,0
90.35,,0
90.36,,0
90.37,,0
90.38,,0
90.39,,0
90.4,,0
90.41,,0
90.42,,0
90.43,,0
90.44,,0
90.45,,0
90.46,,0
90.47,,0
90.48,,0
90.49,,0
90.5,,0
90.51,,0
90.52,,0
90.53,,0
90.54,,0
90.55,,0
90.56,,0
90.57,,0
90.58,,0
90.59,,0
90.6,,0
90.61,,0
90.62,,0
90.63,,0
90.64,,0
90.65,,0
90.66,,0
90.67,,0
90.68,,0
90.69,,0
90.7,,0
90.71,,0
90.72,,0
90.73,,0
90.74,,0
90.75,,0
90.76,,0
90.77,,0
90.78,,0
90.79,,0
90.8,,0
90.81,,0
90.82,,0
90.83,,0
90.84,,0
90.85,,0
90.86,,0
90.87,,0
90.88,,0
90.89,,0
90.9,,0
90.91,,0
90.92,,0
90.93,,0
90.94,,0
90.95,,0
90.96,,0
90.97,,0
90.98,,0
90.99,,0
91,,0
91.01,,0
91.02,,0
91.03,,0
91.04,,0
91.05,,0
91.06,,0
91.07,,0
91.08,,0
91.09,,0
91.1,,0
91.11,,0
91.12,,0
91.13,,0
91.14,,0
91.15,,0
91.16,,0
91.17,,0
91.18,,0
91.19,,0
91.2,,0
91.21,,0
91.22,,0
91.23,,0
91.24,,0
91.25,,0
91.26,,12
91.27,,0
91.28,,0
91.29,,0
91.3,,0
91.31,,0
91.32,,0
91.33,,0
91.34,,0
91.35,,0
91.36,,0
91.37,,0
91.38,,0
91.39,,0
91.4,,0
91.41,,0
91.42,,0
91.43,,0
91.44,,0
91.45,,0
91.46,,0
91.47,,0
91.48,,0
91.49,,0
91.5,,0
91.51,,0
91.52,,0
91.53,,0
91.54,,0
91.55,,0
91.56,,0
91.57,,0
91.58,,0
91.59,,0
91.6,,0
91.61,,0
91.62,,0
91.63,,0
91.64,,0
91.65,,0
91.66,,0
91.67,,0
91.68,,0
91.69,,0
91.7,,0
91.71,,0
91.72,,0
91.73,,0
91.74,,0
91.75,,0
91.76,,0
91.77,,0
91.78,,0
91.79,,0
91.8,,0
91.81,,0
91.82,,0
91.83,,0
91.84,,0
91.85,,0
91.86,,0
91.87,,0
91.88,,0
91.89,,0
91.9,,0
91.91,,0
91.92,,0
91.93,,0
91.94,,0
91.95,,0
91.96,,0
91.97,,0
91.98,,0
91.99,,0
92,,0
92.01,,0
92.02,,0
92.03,,0
92.04,,0
92.05,,0
92.06,,0
92.07,,0
92.08,,0
92.09,,0
92.1,,0
92.11,,0
92.12,,0
92.13,,0
92.14,,0
92.15,,0
92.16,,0
92.17,,0
92.18,,0
92.19,,0
92.2,,0
92.21,,0
92.22,,0
92.23,,0
92.24,,0
92.25,,0
92.26,,0
92.27,,0
92.28,,0
92.29,,0
92.3,,0
92.31,,0
92.32,,0
92.33,,0
92.34,,0
92.35,,0
92.36,,0
92.37,,0
92.38,,0
92.39,,0
92.4,,0
92.41,,0
92.42,,0
92.43,,0
92.44,,0
92.45,,0
92.46,,0
92.47,,0
92.48,,0
92.49,,0
92.5,,0
92.51,,0
92.52,,0
92.53,,0
92.54,,0
92.55,,0
92.56,,0
92.57,,0
92.58,,0
92.59,,0
92.6,,0
92.61,,0
92.62,,0
92.63,,0
92.64,,0
92.65,,0
92.66,,0
92.67,,0
92.68,,0
92.69,,0
92.7,,0
92.71,,0
92.72,,0
92.73,,0
92.74,,0
92.75,,0
92.76,,0
92.77,,0
92.78,,0
92.79,,0
92.8,,0
92.81,,0
92.82,,0
92.83,,0
92.84,,0
92.85,,0
92.86,,0
92.87,,0
92.88,,0
92.89,,0
92.9,,0
92.91,,0
92.92,,0
92.93,,0
92.94,,0
92.95,,0
92.96,,0
92.97,,0
92.98,,0
92.99,,0
93,,0
93.01,,0
93.02,,0
93.03,,0
93.04,,0
93.05,,0
93.06,,0
93.07,,0
93.08,,0
93.09,,0
93.1,,0
93.11,,0
93.12,,0
93.13,,0
93.14,,0
93.15,,0
93.16,,0
93.17,,0
93.18,,0
93.19,,0
93.2,,0
93.21,,0
93.22,,0
93.23,,0
93.24,,0
93.25,,0
93.26,,0
93.27,,0
93.28,,0
93.29,,0
93.3,,0
93.31,,0
93.32,,0
93.33,,0
93.34,,0
93.35,,0
93.36,,0
93.37,,0
93.38,,0
93.39,,0
93.4,,0
93.41,,0
93.42,,0
93.43,,0
93.44,,0
93.45,,0
93.46,,0
93.47,,0
93.48,,0
93.49,,0
93.5,,0
93.51,,0
93.52,,0
93.53,,0
93.54,,0
93.55,,0
93.56,,12
93.57,,0
93.58,,0
93.59,,0
93.6,,12
93.61,,0
93.62,,0
93.63,,12
93.64,,0
93.65,,0
93.66,,0
93.67,,12
93.68,,0
93.69,,0
93.7,,0
93.71,,0
93.72,,0
93.73,,0
93.74,,0
93.75,,0
93.76,,0
93.77,,12
93.78,,0
93.79,,0
93.8,,0
93.81,,0
93.82,,12
93.83,,12
93.84,,12
93.85,,0
93.86,,0
93.87,,0
93.88,,0
93.89,,0
93.9,,0
93.91,,0
93.92,,0
93.93,,0
93.94,,0
93.95,,0
93.96,,0
93.97,,0
93.98,,0
93.99,,0
94,,0
94.01,,0
94.02,,0
94.03,,0
94.04,,0
94.05,,0
94.06,,12
94.07,,25
94.08,,12
94.09,,25
94.1,,50
94.11,,75
94.12,,126
94.13,,151
94.14,,189
94.15,,189
94.16,,227
94.17,,227
94.18,,227
94.19,,239
94.2,,239
94.21,,252
94.22,,227
94.23,,227
94.24,,239
94.25,,239
94.26,,239
94.27,,239
94.28,,239
94.29,,239
94.3,,214
94.31,,239
94.32,,227
94.33,,227
94.34,,239
94.35,,227
94.36,,227
94.37,,214
94.38,,202
94.39,,227
94.4,,239
94.41,,265
94.42,,303
94.43,,328
94.44,,366
94.45,,378
94.46,,442
94.47,,454
94.48,,467
94.49,,505
94.5,,517
94.51,,543
94.52,,530
94.53,,517
94.54,,555
94.55,,543
94.56,,530
94.57,,543
94.58,,530
94.59,,543
94.6,,517
94.61,,505
94.62,,530
94.63,,517
94.64,,530
94.65,,543
94.66,,530
94.67,,555
94.68,,530
94.69,,517
94.7,,543
94.71,,543
94.72,,543
94.73,,555
94.74,,505
94.75,,530
94.76,,492
94.77,,479
94.78,,492
94.79,,505
94.8,,505
94.81,,505
94.82,,479
94.83,,479
94.84,,454
94.85,,429
94.86,,467
94.87,,454
94.88,,429
94.89,,429
94.9,,416
94.91,,416
94.92,,416
94.93,,391
94.94,,416
94.95,,416
94.96,,404
94.97,,416
94.98,,416
94.99,,416
95,,416
95.01,,378
95.02,,404
95.03,,404
95.04,,404
95.05,,416
95.06,,416
95.07,,404
95.08,,404
95.09,,391
95.1,,378
95.11,,391
95.12,,366
95.13,,328
95.14,,303
95.15,,265
95.16,,239
95.17,,227
95.18,,202
95.19,,202
95.2,,189
95.21,,189
95.22,,176
95.23,,164
95.24,,164
95.25,,151
95.26,,138
95.27,,126
95.28,,138
95.29,,113
95.3,,101
95.31,,88
95.32,,88
95.33,,75
95.34,,88
95.35,,75
95.36,,63
95.37,,75
95.38,,50
95.39,,37
95.4,,37
95.41,,25
95.42,,25
95.43,,12
95.44,,12
95.45,,12
95.46,,12
95.47,,12
95.48,,25
95.49,,25
95.5,,12
95.51,,12
95.52,,12
95.53,,12
95.54,,12
95.55,,12
95.56,,12
95.57,,12
95.58,,12
95.59,,12
95.6,,25
95.61,,12
95.62,,12
95.63,,0
95.64,,0
95.65,,0
95.66,,0
95.67,,0
95.68,,0
95.69,,0
95.7,,0
95.71,,0
95.72,,0
95.73,,0
95.74,,0
95.75,,0
95.76,,0
95.77,,0
95.78,,0
95.79,,0
95.8,,0
95.81,,0
95.82,,0
95.83,,0
95.84,,0
95.85,,0
95.86,,0
95.87,,0
95.88,,0
95.89,,0
95.9,,0
95.91,,0
95.92,,0
95.93,,0
95.94,,0
95.95,,0
95.96,,0
95.97,,0
95.98,,0
95.99,,0
96,,0
96.01,,0
96.02,,0
96.03,,0
96.04,,12
96.05,,0
96.06,,0
96.07,,0
96.08,,0
96.09,,12
96.1,,0
96.11,,0
96.12,,0
96.13,,0
96.14,,0
96.15,,0
96.16,,0
96.17,,12
96.18,,0
96.19,,0
96.2,,0
96.21,,0
96.22,,0
96.23,,0
96.24,,0
96.25,,0
96.26,,0
96.27,,0
96.28,,0
96.29,,0
96.3,,0
96.31,,0
96.32,,0
96.33,,0
96.34,,0
96.35,,0
96.36,,0
96.37,,0
96.38,,0
96.39,,0
96.4,,0
96.41,,0
96.42,,0
96.43,,0
96.44,,0
96.45,,0
96.46,,0
96.47,,0
96.48,,0
96.49,,0
96.5,,0
96.51,,0
96.52,,0
96.53,,0
96.54,,0
96.55,,0
96.56,,0
96.57,,0
96.58,,0
96.59,,0
96.6,,0
96.61,,0
96.62,,0
96.63,,0
96.64,,0
96.65,,0
96.66,,0
96.67,,0
96.68,,0
96.69,,0
96.7,,0
96.71,,0
96.72,,0
96.73,,0
96.74,,0
96.75,,0
96.76,,0
96.77,,0
96.78,,0
96.79,,0
96.8,,0
96.81,,0
96.82,,0
96.83,,0
96.84,,0
96.85,,0
96.86,,0
96.87,,0
96.88,,0
96.89,,0
96.9,,0
96.91,,0
96.92,,0
96.93,,0
96.94,,0
96.95,,0
96.96,,0
96.97,,0
96.98,,0
96.99,,0
97,,0
97.01,,0
97.02,,0
97.03,,0
97.04,,0
97.05,,0
97.06,,0
97.07,,0
97.08,,0
97.09,,0
97.1,,0
97.11,,0
97.12,,0
97.13,,0
97.14,,0
97.15,,0
97.16,,0
97.17,,0
97.18,,0
97.19,,0
97.2,,0
97.21,,0
97.22,,0
97.23,,0
97.24,,0
97.25,,0
97.26,,0
97.27,,0
97.28,,0
97.29,,0
97.3,,0
97.31,,0
97.32,,0
97.33,,0
97.34,,0
97.35,,0
97.36,,0
97.37,,0
97.38,,0
97.39,,0
97.4,,0
97.41,,0
97.42,,0
97.43,,0
97.44,,0
97.45,,0
97.46,,0
97.47,,0
97.48,,0
97.49,,0
97.5,,0
97.51,,0
97.52,,0
97.53,,0
97.54,,0
97.55,,0
97.56,,0
97.57,,0
97.58,,0
97.59,,0
97.6,,0
97.61,,0
97.62,,0
97.63,,0
97.64,,0
97.65,,0
97.66,,0
97.67,,0
97.68,,0
97.69,,0
97.7,,0
97.71,,0
97.72,,0
97.73,,0
97.74,,0
97.75,,0
97.76,,0
97.77,,0
97.78,,0
97.79,,0
97.8,,0
97.81,,0
97.82,,0
97.83,,0
97.84,,0
97.85,,0
97.86,,0
97.87,,0
97.88,,0
97.89,,0
97.9,,0
97.91,,12
97.92,,0
97.93,,0
97.94,,0
97.95,,0
97.96,,0
97.97,,0
97.98,,0
97.99,,0
98,,0
98.01,,0
98.02,,0
98.03,,0
98.04,,0
98.05,,12
98.06,,0
98.07,,0
98.08,,0
98.09,,0
98.1,,0
98.11,,0
98.12,,0
98.13,,0
98.14,,0
98.15,,0
98.16,,0
98.17,,0
98.18,,0
98.19,,0
98.2,,0
98.21,,0
98.22,,12
98.23,,0
98.24,,0
98.25,,0
98.26,,0
98.27,,0
98.28,,0
98.29,,0
98.3,,0
98.31,,0
98.32,,0
98.33,,0
98.34,,0
98.35,,0
98.36,,0
98.37,,0
98.38,,0
98.39,,0
98.4,,0
98.41,,0
98.42,,0
98.43,,0
98.44,,0
98.45,,0
98.46,,0
98.47,,0
98.48,,0
98.49,,0
98.5,,0
98.51,,0
98.52,,0
98.53,,0
98.54,,0
98.55,,0
98.56,,0
98.57,,0
98.58,,0
98.59,,0
98.6,,0
98.61,,0
98.62,,0
98.63,,0
98.64,,0
98.65,,0
98.66,,0
98.67,,0
98.68,,0
98.69,,0
98.7,,0
98.71,,0
98.72,,0
98.73,,0
98.74,,0
98.75,,0
98.76,,0
98.77,,0
98.78,,0
98.79,,0
98.8,,0
98.81,,0
98.82,,0
98.83,,0
98.84,,0
98.85,,0
98.86,,0
98.87,,0
98.88,,12
98.89,,12
98.9,,0
98.91,,0
98.92,,0
98.93,,12
98.94,,0
98.95,,0
98.96,,0
98.97,,0
98.98,,0
98.99,,0
99,,0
99.01,,0
99.02,,0
99.03,,0
99.04,,0
99.05,,12
99.06,,0
99.07,,0
99.08,,0
99.09,,0
99.1,,0
99.11,,0
99.12,,0
99.13,,0
99.14,,0
99.15,,0
99.16,,0
99.17,,0
99.18,,0
99.19,,0
99.2,,0
99.21,,0
99.22,,0
99.23,,0
99.24,,0
99.25,,0
99.26,,0
99.27,,0
99.28,,0
99.29,,0
99.3,,0
99.31,,0
99.32,,0
99.33,,0
99.34,,0
99.35,,0
99.36,,0
99.37,,0
99.38,,0
99.39,,0
99.4,,0
99.41,,12
99.42,,12
99.43,,0
99.44,,12
99.45,,25
99.46,,12
99.47,,63
99.48,,138
99.49,,214
99.5,,315
99.51,,391
99.52,,479
99.53,,505
99.54,,530
99.55,,543
99.56,,618
99.57,,719
99.58,,896
99.59,,985
99.6,,1174
99.61,,1376
99.62,,1578
99.63,,1844
99.64,,1856
99.65,,2033
99.66,,2197
99.67,,2361
99.68,,2248
99.69,,2500
99.7,,2538
99.71,,2564
99.72,,2564
99.73,,2551
99.74,,2526
99.75,,2437
99.76,,2601
99.77,,2614
99.78,,2627
99.79,,2589
99.8,,2526
99.81,,2437
99.82,,2324
99.83,,2387
99.84,,2374
99.85,,2387
99.86,,2374
99.87,,2336
99.88,,2336
99.89,,2260
99.9,,2336
99.91,,2374
99.92,,2374
99.93,,2361
99.94,,2298
99.95,,2273
99.96,,2147
99.97,,2185
99.98,,2096
99.99,,1970
100,,1932
100.01,,1780
100.02,,1730
100.03,,1591
100.04,,1515
100.05,,1528
100.06,,1465
100.07,,1528
100.08,,1528
100.09,,1553
100.1,,1578
100.11,,1503
100.12,,1578
100.13,,1553
100.14,,1515
100.15,,1503
100.16,,1338
100.17,,1338
100.18,,1199
100.19,,1111
100.2,,1111
100.21,,959
100.22,,947
100.23,,947
100.24,,934
100.25,,934
100.26,,821
100.27,,871
100.28,,808
100.29,,745
100.3,,770
100.31,,770
100.32,,745
100.33,,757
100.34,,682
100.35,,745
100.36,,719
100.37,,707
100.38,,707
100.39,,656
100.4,,618
100.41,,618
100.42,,543
100.43,,606
100.44,,656
100.45,,593
100.46,,593
100.47,,618
100.48,,656
100.49,,656
100.5,,631
100.51,,745
100.52,,757
100.53,,745
100.54,,795
100.55,,783
100.56,,808
100.57,,871
100.58,,833
100.59,,1035
100.6,,1111
100.61,,1061
100.62,,1136
100.63,,1199
100.64,,1351
100.65,,1503
100.66,,1490
100.67,,1566
100.68,,1717
100.69,,1692
100.7,,1667
100.71,,1692
100.72,,1642
100.73,,1679
100.74,,1705
100.75,,1566
100.76,,1654
100.77,,1591
100.78,,1515
100.79,,1465
100.8,,1326
100.81,,1149
100.82,,1225
100.83,,1237
100.84,,1199
100.85,,1338
100.86,,1376
100.87,,1351
100.88,,1338
100.89,,1338
100.9,,1351
100.91,,1364
100.92,,1338
100.93,,1187
100.94,,1225
100.95,,1225
100.96,,1187
100.97,,1174
100.98,,1212
100.99,,1174
101,,1174
101.01,,1199
101.02,,1073
101.03,,1035
101.04,,1073
101.05,,884
101.06,,732
101.07,,707
101.08,,682
101.09,,618
101.1,,631
101.11,,618
101.12,,581
101.13,,682
101.14,,644
101.15,,631
101.16,,669
101.17,,682
101.18,,618
101.19,,606
101.2,,581
101.21,,530
101.22,,530
101.23,,593
101.24,,581
101.25,,581
101.26,,606
101.27,,606
101.28,,606
101.29,,618
101.3,,631
101.31,,568
101.32,,581
101.33,,606
101.34,,606
101.35,,631
101.36,,555
101.37,,492
101.38,,492
101.39,,492
101.4,,492
101.41,,429
101.42,,429
101.43,,442
101.44,,391
101.45,,328
101.46,,277
101.47,,227
101.48,,176
101.49,,151
101.5,,138
101.51,,126
101.52,,113
101.53,,126
101.54,,126
101.55,,126
101.56,,126
101.57,,138
101.58,,138
101.59,,138
101.6,,138
101.61,,151
101.62,,151
101.63,,227
101.64,,252
101.65,,277
101.66,,315
101.67,,366
101.68,,429
101.69,,467
101.7,,543
101.71,,618
101.72,,644
101.73,,783
101.74,,795
101.75,,795
101.76,,783
101.77,,795
101.78,,795
101.79,,757
101.8,,745
101.81,,719
101.82,,593
101.83,,581
101.84,,593
101.85,,517
101.86,,467
101.87,,429
101.88,,378
101.89,,303
101.9,,227
101.91,,176
101.92,,151
101.93,,101
101.94,,88
101.95,,75
101.96,,50
101.97,,50
101.98,,37
101.99,,25
102,,12
102.01,,12
102.02,,12
102.03,,12
102.04,,0
102.05,,0
102.06,,12
102.07,,0
102.08,,0
102.09,,0
102.1,,0
102.11,,0
102.12,,12
102.13,,12
102.14,,0
102.15,,0
102.16,,12
102.17,,25
102.18,,12
102.19,,12
102.2,,50
102.21,,63
102.22,,63
102.23,,88
102.24,,88
102.25,,101
102.26,,101
102.27,,113
102.28,,126
102.29,,126
102.3,,126
102.31,,126
102.32,,126
102.33,,113
102.34,,126
102.35,,113
102.36,,101
102.37,,63
102.38,,63
102.39,,37
102.4,,12
102.41,,12
102.42,,0
102.43,,0
102.44,,0
102.45,,0
102.46,,0
102.47,,0
102.48,,0
102.49,,0
102.5,,0
102.51,,0
102.52,,0
102.53,,0
102.54,,0
102.55,,0
102.56,,0
102.57,,0
102.58,,0
102.59,,0
102.6,,0
102.61,,0
102.62,,0
102.63,,0
102.64,,0
102.65,,0
102.66,,0
102.67,,0
102.68,,0
102.69,,0
102.7,,0
102.71,,0
102.72,,0
102.73,,0
102.74,,0
102.75,,0
102.76,,0
102.77,,0
102.78,,0
102.79,,0
102.8,,0
102.81,,0
102.82,,0
102.83,,0
102.84,,0
102.85,,0
102.86,,0
102.87,,0
102.88,,0
102.89,,12
102.9,,0
102.91,,0
102.92,,0
102.93,,12
102.94,,0
102.95,,0
102.96,,0
102.97,,0
102.98,,12
102.99,,12
103,,25
103.01,,12
103.02,,12
103.03,,25
103.04,,37
103.05,,12
103.06,,12
103.07,,12
103.08,,25
103.09,,25
103.1,,25
103.11,,25
103.12,,12
103.13,,12
103.14,,25
103.15,,37
103.16,,12
103.17,,12
103.18,,25
103.19,,25
103.2,,25
103.21,,25
103.22,,25
103.23,,12
103.24,,12
103.25,,37
103.26,,37
103.27,,12
103.28,,25
103.29,,25
103.3,,25
103.31,,37
103.32,,37
103.33,,25
103.34,,12
103.35,,12
103.36,,37
103.37,,25
103.38,,12
103.39,,12
103.4,,25
103.41,,25
103.42,,25
103.43,,25
103.44,,12
103.45,,0
103.46,,12
103.47,,12
103.48,,12
103.49,,0
103.5,,0
103.51,,0
103.52,,12
103.53,,12
103.54,,0
103.55,,0
103.56,,0
103.57,,12
103.58,,25
103.59,,0
103.6,,0
103.61,,0
103.62,,12
103.63,,12
103.64,,12
103.65,,0
103.66,,0
103.67,,0
103.68,,12
103.69,,12
103.7,,0
103.71,,0
103.72,,0
103.73,,0
103.74,,0
103.75,,0
103.76,,0
103.77,,0
103.78,,0
103.79,,12
103.8,,0
103.81,,0
103.82,,0
103.83,,0
103.84,,0
103.85,,0
103.86,,0
103.87,,0
103.88,,0
103.89,,0
103.9,,0
103.91,,0
103.92,,0
103.93,,0
103.94,,0
103.95,,12
103.96,,12
103.97,,0
103.98,,0
103.99,,0
104,,12
104.01,,0
104.02,,0
104.03,,0
104.04,,0
104.05,,0
104.06,,12
104.07,,0
104.08,,0
104.09,,0
104.1,,12
104.11,,12
104.12,,0
104.13,,0
104.14,,0
104.15,,12
104.16,,12
104.17,,12
104.18,,0
104.19,,0
104.2,,12
104.21,,25
104.22,,0
104.23,,0
104.24,,0
104.25,,0
104.26,,12
104.27,,0
104.28,,0
104.29,,0
104.3,,0
104.31,,12
104.32,,12
104.33,,0
104.34,,0
104.35,,0
104.36,,12
104.37,,12
104.38,,12
104.39,,0
104.4,,0
104.41,,12
104.42,,12
104.43,,0
104.44,,0
104.45,,0
104.46,,12
104.47,,12
104.48,,12
104.49,,0
104.5,,0
104.51,,0
104.52,,12
104.53,,0
104.54,,0
104.55,,0
104.56,,0
104.57,,12
104.58,,12
104.59,,0
104.6,,0
104.61,,0
104.62,,12
104.63,,12
104.64,,12
104.65,,12
104.66,,12
104.67,,12
104.68,,25
104.69,,12
104.7,,0
104.71,,0
104.72,,25
104.73,,25
104.74,,0
104.75,,0
104.76,,0
104.77,,0
104.78,,0
104.79,,0
104.8,,0
104.81,,0
104.82,,0
104.83,,0
104.84,,0
104.85,,0
104.86,,0
104.87,,0
104.88,,0
104.89,,0
104.9,,0
104.91,,0
104.92,,12
104.93,,12
104.94,,0
104.95,,0
104.96,,0
104.97,,12
104.98,,12
104.99,,0
105,,0
105.01,,0
105.02,,12
105.03,,12
105.04,,0
105.05,,0
105.06,,0
105.07,,12
105.08,,12
105.09,,0
105.1,,0
105.11,,0
105.12,,12
105.13,,0
105.14,,0
105.15,,0
105.16,,0
105.17,,12
105.18,,0
105.19,,0
105.2,,0
105.21,,12
105.22,,0
105.23,,0
105.24,,0
105.25,,0
105.26,,0
105.27,,0
105.28,,0
105.29,,0
105.3,,0
105.31,,0
105.32,,0
105.33,,0
105.34,,0
105.35,,0
105.36,,0
105.37,,0
105.38,,0
105.39,,0
105.4,,0
105.41,,0
105.42,,0
105.43,,0
105.44,,0
105.45,,0
105.46,,0
105.47,,0
105.48,,0
105.49,,0
105.5,,0
105.51,,0
105.52,,0
105.53,,0
105.54,,0
105.55,,0
105.56,,0
105.57,,0
105.58,,0
105.59,,0
105.6,,0
105.61,,0
105.62,,0
105.63,,0
105.64,,0
105.65,,0
105.66,,0
105.67,,0
105.68,,0
105.69,,0
105.7,,0
105.71,,0
105.72,,0
105.73,,0
105.74,,0
105.75,,0
105.76,,0
105.77,,0
105.78,,0
105.79,,0
105.8,,0
105.81,,0
105.82,,0
105.83,,0
105.84,,0
105.85,,0
105.86,,0
105.87,,0
105.88,,0
105.89,,12
105.9,,0
105.91,,0
105.92,,0
105.93,,0
105.94,,0
105.95,,0
105.96,,0
105.97,,0
105.98,,0
105.99,,0
106,,0
106.01,,0
106.02,,0
106.03,,0
106.04,,0
106.05,,0
106.06,,0
106.07,,0
106.08,,0
106.09,,0
106.1,,0
106.11,,0
106.12,,0
106.13,,12
106.14,,12
106.15,,12
106.16,,12
106.17,,25
106.18,,12
106.19,,12
106.2,,12
106.21,,25
106.22,,12
106.23,,12
106.24,,12
106.25,,25
106.26,,25
106.27,,37
106.28,,50
106.29,,50
106.3,,37
106.31,,25
106.32,,25
106.33,,37
106.34,,25
106.35,,25
106.36,,37
106.37,,25
106.38,,37
106.39,,25
106.4,,25
106.41,,37
106.42,,25
106.43,,25
106.44,,37
106.45,,25
106.46,,25
106.47,,12
106.48,,25
106.49,,12
106.5,,12
106.51,,12
106.52,,12
106.53,,12
106.54,,12
106.55,,12
106.56,,25
106.57,,12
106.58,,12
106.59,,25
106.6,,25
106.61,,12
106.62,,12
106.63,,12
106.64,,12
106.65,,12
106.66,,12
106.67,,12
106.68,,12
106.69,,0
106.7,,0
106.71,,0
106.72,,0
106.73,,0
106.74,,0
106.75,,0
106.76,,0
106.77,,0
106.78,,0
106.79,,0
106.8,,12
106.81,,0
106.82,,0
106.83,,0
106.84,,0
106.85,,0
106.86,,0
106.87,,0
106.88,,0
106.89,,0
106.9,,0
106.91,,0
106.92,,0
106.93,,0
106.94,,0
106.95,,0
106.96,,0
106.97,,0
106.98,,0
106.99,,0
107,,0
107.01,,0
107.02,,0
107.03,,0
107.04,,0
107.05,,0
107.06,,0
107.07,,0
107.08,,0
107.09,,0
107.1,,0
107.11,,0
107.12,,0
107.13,,0
107.14,,0
107.15,,0
107.16,,0
107.17,,0
107.18,,0
107.19,,0
107.2,,0
107.21,,0
107.22,,0
107.23,,0
107.24,,12
107.25,,37
107.26,,113
107.27,,176
107.28,,252
107.29,,353
107.3,,479
107.31,,593
107.32,,808
107.33,,1149
107.34,,1199
107.35,,1263
107.36,,1376
107.37,,1540
107.38,,1616
107.39,,1591
107.4,,1793
107.41,,1780
107.42,,1793
107.43,,1818
107.44,,1793
107.45,,1818
107.46,,1692
107.47,,1743
107.48,,1768
107.49,,1705
107.5,,1705
107.51,,1679
107.52,,1604
107.53,,1642
107.54,,1604
107.55,,1578
107.56,,1654
107.57,,1667
107.58,,1654
107.59,,1629
107.6,,1578
107.61,,1566
107.62,,1439
107.63,,1275
107.64,,1364
107.65,,1402
107.66,,1364
107.67,,1402
107.68,,1364
107.69,,1414
107.7,,1402
107.71,,1313
107.72,,1237
107.73,,1275
107.74,,1199
107.75,,1086
107.76,,997
107.77,,858
107.78,,783
107.79,,644
107.8,,492
107.81,,442
107.82,,479
107.83,,479
107.84,,442
107.85,,429
107.86,,416
107.87,,378
107.88,,366
107.89,,353
107.9,,315
107.91,,366
107.92,,378
107.93,,378
107.94,,391
107.95,,404
107.96,,404
107.97,,416
107.98,,378
107.99,,378
108,,391
108.01,,378
108.02,,378
108.03,,366
108.04,,328
108.05,,277
108.06,,239
108.07,,176
108.08,,164
108.09,,126
108.1,,113
108.11,,88
108.12,,75
108.13,,50
108.14,,37
108.15,,25
108.16,,12
108.17,,0
108.18,,0
108.19,,0
108.2,,0
108.21,,0
108.22,,0
108.23,,0
108.24,,0
108.25,,0
108.26,,0
108.27,,0
108.28,,0
108.29,,0
108.3,,0
108.31,,0
108.32,,0
108.33,,0
108.34,,0
108.35,,0
108.36,,0
108.37,,0
108.38,,0
108.39,,0
108.4,,0
108.41,,0
108.42,,0
108.43,,0
108.44,,0
108.45,,0
108.46,,0
108.47,,0
108.48,,0
108.49,,0
108.5,,0
108.51,,0
108.52,,0
108.53,,0
108.54,,0
108.55,,0
108.56,,0
108.57,,0
108.58,,0
108.59,,0
108.6,,0
108.61,,0
108.62,,0
108.63,,0
108.64,,0
108.65,,0
108.66,,0
108.67,,0
108.68,,0
108.69,,0
108.7,,0
108.71,,0
108.72,,0
108.73,,0
108.74,,0
108.75,,0
108.76,,0
108.77,,0
108.78,,0
108.79,,0
108.8,,0
108.81,,0
108.82,,0
108.83,,0
108.84,,0
108.85,,0
108.86,,0
108.87,,0
108.88,,0
108.89,,0
108.9,,0
108.91,,0
108.92,,0
108.93,,0
108.94,,0
108.95,,0
108.96,,0
108.97,,12
108.98,,12
108.99,,0
109,,0
109.01,,12
109.02,,0
109.03,,0
109.04,,12
109.05,,25
109.06,,12
109.07,,0
109.08,,0
109.09,,0
109.1,,0
109.11,,0
109.12,,12
109.13,,12
109.14,,0
109.15,,12
109.16,,12
109.17,,0
109.18,,0
109.19,,12
109.2,,25
109.21,,12
109.22,,12
109.23,,25
109.24,,25
109.25,,12
109.26,,12
109.27,,37
109.28,,50
109.29,,37
109.3,,75
109.31,,63
109.32,,63
109.33,,37
109.34,,37
109.35,,63
109.36,,37
109.37,,50
109.38,,63
109.39,,50
109.4,,50
109.41,,37
109.42,,37
109.43,,63
109.44,,50
109.45,,63
109.46,,63
109.47,,63
109.48,,63
109.49,,50
109.5,,75
109.51,,75
109.52,,75
109.53,,88
109.54,,88
109.55,,88
109.56,,75
109.57,,63
109.58,,101
109.59,,75
109.6,,75
109.61,,75
109.62,,75
109.63,,63
109.64,,50
109.65,,50
109.66,,75
109.67,,37
109.68,,37
109.69,,37
109.7,,25
109.71,,25
109.72,,0
109.73,,0
109.74,,12
109.75,,0
109.76,,0
109.77,,0
109.78,,12
109.79,,0
109.8,,0
109.81,,12
109.82,,0
109.83,,0
109.84,,0
109.85,,12
109.86,,12
109.87,,0
109.88,,0
109.89,,12
109.9,,0
109.91,,0
109.92,,0
109.93,,0
109.94,,0
109.95,,0
109.96,,0
109.97,,0
109.98,,0
109.99,,0
110,,0
110.01,,0
110.02,,0
110.03,,0
110.04,,0
110.05,,0
110.06,,0
110.07,,0
110.08,,0
110.09,,0
110.1,,0
110.11,,0
110.12,,0
110.13,,0
110.14,,0
110.15,,0
110.16,,0
110.17,,0
110.18,,0
110.19,,0
110.2,,0
110.21,,0
110.22,,0
110.23,,0
110.24,,0
110.25,,0
110.26,,0
110.27,,0
110.28,,0
110.29,,0
110.3,,0
110.31,,0
110.32,,0
110.33,,0
110.34,,0
110.35,,0
110.36,,0
110.37,,0
110.38,,0
110.39,,0
110.4,,0
110.41,,0
110.42,,0
110.43,,0
110.44,,0
110.45,,12
110.46,,12
110.47,,12
110.48,,12
110.49,,12
110.5,,12
110.51,,12
110.52,,12
110.53,,12
110.54,,12
110.55,,12
110.56,,12
110.57,,12
110.58,,12
110.59,,12
110.6,,12
110.61,,12
110.62,,12
110.63,,12
110.64,,12
110.65,,12
110.66,,12
110.67,,12
110.68,,12
110.69,,12
110.7,,12
110.71,,12
110.72,,12
110.73,,25
110.74,,25
110.75,,12
110.76,,12
110.77,,12
110.78,,12
110.79,,12
110.8,,25
110.81,,12
110.82,,12
110.83,,12
110.84,,12
110.85,,12
110.86,,25
110.87,,12
110.88,,12
110.89,,12
110.9,,25
110.91,,12
110.92,,12
110.93,,25
110.94,,25
110.95,,50
110.96,,75
110.97,,50
110.98,,63
110.99,,75
111,,75
111.01,,88
111.02,,88
111.03,,88
111.04,,75
111.05,,101
111.06,,75
111.07,,88
111.08,,88
111.09,,88
111.1,,75
111.11,,63
111.12,,101
111.13,,75
111.14,,75
111.15,,75
111.16,,63
111.17,,63
111.18,,50
111.19,,75
111.2,,63
111.21,,75
111.22,,75
111.23,,63
111.24,,50
111.25,,63
111.26,,63
111.27,,63
111.28,,75
111.29,,75
111.3,,63
111.31,,63
111.32,,101
111.33,,50
111.34,,63
111.35,,50
111.36,,50
111.37,,25
111.38,,37
111.39,,37
111.4,,25
111.41,,37
111.42,,37
111.43,,37
111.44,,25
111.45,,25
111.46,,37
111.47,,37
111.48,,50
111.49,,50
111.5,,37
111.51,,50
111.52,,75
111.53,,37
111.54,,63
111.55,,75
111.56,,75
111.57,,63
111.58,,88
111.59,,50
111.6,,50
111.61,,63
111.62,,63
111.63,,50
111.64,,37
111.65,,63
111.66,,63
111.67,,75
111.68,,75
111.69,,50
111.7,,25
111.71,,12
111.72,,12
111.73,,12
111.74,,12
111.75,,50
111.76,,37
111.77,,12
111.78,,50
111.79,,37
111.8,,37
111.81,,50
111.82,,63
111.83,,37
111.84,,50
111.85,,63
111.86,,37
111.87,,63
111.88,,75
111.89,,50
111.9,,37
111.91,,88
111.92,,63
111.93,,75
111.94,,75
111.95,,63
111.96,,50
111.97,,63
111.98,,75
111.99,,63
112,,75
112.01,,75
112.02,,63
112.03,,75
112.04,,75
112.05,,63
112.06,,63
112.07,,63
112.08,,63
112.09,,50
112.1,,63
112.11,,63
112.12,,63
112.13,,50
112.14,,25
112.15,,12
112.16,,12
112.17,,12
112.18,,0
112.19,,0
112.2,,0
112.21,,0
112.22,,0
112.23,,0
112.24,,0
112.25,,0
112.26,,0
112.27,,0
112.28,,0
112.29,,12
112.3,,12
112.31,,12
112.32,,12
112.33,,25
112.34,,25
112.35,,37
112.36,,50
112.37,,63
112.38,,75
112.39,,63
112.4,,50
112.41,,63
112.42,,63
112.43,,50
112.44,,50
112.45,,25
112.46,,12
112.47,,12
112.48,,12
112.49,,12
112.5,,12
112.51,,12
112.52,,12
112.53,,12
112.54,,12
112.55,,25
112.56,,25
112.57,,12
112.58,,25
112.59,,12
112.6,,12
112.61,,12
112.62,,12
112.63,,12
112.64,,25
112.65,,25
112.66,,25
112.67,,37
112.68,,37
112.69,,25
112.7,,12
112.71,,12
112.72,,0
112.73,,0
112.74,,12
112.75,,0
112.76,,12
112.77,,0
112.78,,12
112.79,,25
112.8,,12
112.81,,12
112.82,,12
112.83,,0
112.84,,0
112.85,,0
112.86,,0
112.87,,0
112.88,,0
112.89,,0
112.9,,0
112.91,,0
112.92,,0
112.93,,0
112.94,,0
112.95,,0
112.96,,12
112.97,,12
112.98,,12
112.99,,25
113,,25
113.01,,12
113.02,,12
113.03,,0
113.04,,0
113.05,,12
113.06,,12
113.07,,12
113.08,,0
113.09,,0
113.1,,0
113.11,,0
113.12,,0
113.13,,0
113.14,,0
113.15,,0
113.16,,0
113.17,,0
113.18,,0
113.19,,0
113.2,,0
113.21,,0
113.22,,0
113.23,,0
113.24,,0
113.25,,0
113.26,,0
113.27,,0
113.28,,0
113.29,,0
113.3,,0
113.31,,0
113.32,,0
113.33,,0
113.34,,0
113.35,,0
113.36,,0
113.37,,0
113.38,,0
113.39,,0
113.4,,0
113.41,,0
113.42,,0
113.43,,0
113.44,,0
113.45,,0
113.46,,0
113.47,,0
113.48,,0
113.49,,0
113.5,,0
113.51,,0
113.52,,0
113.53,,0
113.54,,0
113.55,,0
113.56,,0
113.57,,0
113.58,,0
113.59,,0
113.6,,0
113.61,,0
113.62,,0
113.63,,0
113.64,,0
113.65,,0
113.66,,0
113.67,,0
113.68,,0
113.69,,12
113.7,,37
113.71,,63
113.72,,138
113.73,,189
113.74,,277
113.75,,353
113.76,,467
113.77,,669
113.78,,1149
113.79,,1439
113.8,,1439
113.81,,1578
113.82,,1806
113.83,,2058
113.84,,2260
113.85,,2235
113.86,,2311
113.87,,2298
113.88,,2298
113.89,,2159
113.9,,2286
113.91,,2311
113.92,,2298
113.93,,2298
113.94,,2286
113.95,,2185
113.96,,2033
113.97,,2071
113.98,,2033
113.99,,2033
114,,1995
114.01,,1983
114.02,,1995
114.03,,1995
114.04,,2033
114.05,,1957
114.06,,1932
114.07,,1882
114.08,,1856
114.09,,1894
114.1,,1755
114.11,,1806
114.12,,1705
114.13,,1705
114.14,,1743
114.15,,1730
114.16,,1806
114.17,,1818
114.18,,1780
114.19,,1869
114.2,,1856
114.21,,1869
114.22,,1856
114.23,,1793
114.24,,1793
114.25,,1654
114.26,,1679
114.27,,1768
114.28,,1755
114.29,,1768
114.3,,1717
114.31,,1755
114.32,,1793
114.33,,1743
114.34,,1730
114.35,,1730
114.36,,1604
114.37,,1503
114.38,,1326
114.39,,1187
114.4,,1162
114.41,,1111
114.42,,997
114.43,,1098
114.44,,1098
114.45,,1048
114.46,,1048
114.47,,1048
114.48,,1010
114.49,,972
114.5,,909
114.51,,770
114.52,,808
114.53,,745
114.54,,606
114.55,,479
114.56,,416
114.57,,341
114.58,,252
114.59,,189
114.6,,138
114.61,,101
114.62,,75
114.63,,37
114.64,,12
114.65,,12
114.66,,12
114.67,,0
114.68,,0
114.69,,0
114.7,,0
114.71,,0
114.72,,0
114.73,,0
114.74,,0
114.75,,0
114.76,,0
114.77,,0
114.78,,0
114.79,,0
114.8,,0
114.81,,0
114.82,,0
114.83,,0
114.84,,0
114.85,,0
114.86,,0
114.87,,0
114.88,,0
114.89,,0
114.9,,0
114.91,,0
114.92,,0
114.93,,0
114.94,,0
114.95,,0
114.96,,0
114.97,,0
114.98,,0
114.99,,0
115,,0
115.01,,0
115.02,,0
115.03,,0
115.04,,0
115.05,,0
115.06,,0
115.07,,0
115.08,,0
115.09,,0
115.1,,0
115.11,,0
115.12,,0
115.13,,0
115.14,,0
115.15,,0
115.16,,0
115.17,,0
115.18,,0
115.19,,0
115.2,,0
115.21,,0
115.22,,0
115.23,,0
115.24,,0
115.25,,0
115.26,,0
115.27,,0
115.28,,0
115.29,,0
115.3,,0
115.31,,0
115.32,,0
115.33,,0
115.34,,0
115.35,,0
115.36,,0
115.37,,0
115.38,,0
115.39,,0
115.4,,0
115.41,,0
115.42,,0
115.43,,0
115.44,,0
115.45,,0
115.46,,0
115.47,,0
115.48,,0
115.49,,0
115.5,,0
115.51,,0
115.52,,0
115.53,,0
115.54,,0
115.55,,0
115.56,,0
115.57,,0
115.58,,0
115.59,,0
115.6,,0
115.61,,0
115.62,,0
115.63,,0
115.64,,0
115.65,,0
115.66,,0
115.67,,0
115.68,,0
115.69,,0
115.7,,0
115.71,,0
115.72,,0
115.73,,0
115.74,,0
115.75,,0
115.76,,0
115.77,,0
115.78,,0
115.79,,0
115.8,,0
115.81,,0
115.82,,0
115.83,,0
115.84,,0
115.85,,0
115.86,,0
115.87,,0
115.88,,0
115.89,,0
115.9,,0
115.91,,0
115.92,,0
115.93,,0
115.94,,0
115.95,,0
115.96,,0
115.97,,0
115.98,,0
115.99,,0
116,,0
116.01,,0
116.02,,0
116.03,,0
116.04,,0
116.05,,0
116.06,,0
116.07,,0
116.08,,0
116.09,,0
116.1,,0
116.11,,0
116.12,,0
116.13,,0
116.14,,0
116.15,,0
116.16,,0
116.17,,0
116.18,,0
116.19,,0
116.2,,0
116.21,,0
116.22,,0
116.23,,0
116.24,,0
116.25,,0
116.26,,0
116.27,,0
116.28,,0
116.29,,0
116.3,,0
116.31,,0
116.32,,0
116.33,,0
116.34,,0
116.35,,0
116.36,,0
116.37,,0
116.38,,0
116.39,,0
116.4,,0
116.41,,0
116.42,,0
116.43,,0
116.44,,0
116.45,,0
116.46,,0
116.47,,0
116.48,,0
116.49,,0
116.5,,0
116.51,,0
116.52,,0
116.53,,0
116.54,,0
116.55,,0
116.56,,0
116.57,,0
116.58,,0
116.59,,0
116.6,,0
116.61,,0
116.62,,0
116.63,,0
116.64,,0
116.65,,0
116.66,,0
116.67,,0
116.68,,0
116.69,,0
116.7,,0
116.71,,0
116.72,,0
116.73,,0
116.74,,0
116.75,,0
116.76,,0
116.77,,0
116.78,,0
116.79,,0
116.8,,0
116.81,,0
116.82,,0
116.83,,0
116.84,,0
116.85,,0
116.86,,0
116.87,,0
116.88,,0
116.89,,0
116.9,,0
116.91,,0
116.92,,0
116.93,,0
116.94,,0
116.95,,0
116.96,,0
116.97,,0
116.98,,0
116.99,,0
117,,0
117.01,,0
117.02,,0
117.03,,0
117.04,,0
117.05,,0
117.06,,0
117.07,,0
117.08,,0
117.09,,0
117.1,,0
117.11,,0
117.12,,0
117.13,,0
117.14,,0
117.15,,0
117.16,,0
117.17,,0
117.18,,0
117.19,,0
117.2,,0
117.21,,0
117.22,,0
117.23,,0
117.24,,0
117.25,,0
117.26,,0
117.27,,0
117.28,,0
117.29,,0
117.3,,0
117.31,,0
117.32,,0
117.33,,0
117.34,,0
117.35,,0
117.36,,0
117.37,,0
117.38,,0
117.39,,0
117.4,,0
117.41,,0
117.42,,0
117.43,,0
117.44,,0
117.45,,0
117.46,,0
117.47,,0
117.48,,0
117.49,,0
117.5,,0
117.51,,0
117.52,,0
117.53,,0
117.54,,0
117.55,,0
117.56,,0
117.57,,0
117.58,,0
117.59,,0
117.6,,0
117.61,,0
117.62,,0
117.63,,0
117.64,,0
117.65,,0
117.66,,0
117.67,,0
117.68,,0
117.69,,0
117.7,,0
117.71,,0
117.72,,0
117.73,,0
117.74,,0
117.75,,0
117.76,,0
117.77,,0
117.78,,0
117.79,,0
117.8,,0
117.81,,0
117.82,,0
117.83,,0
117.84,,0
117.85,,12
117.86,,12
117.87,,0
117.88,,0
117.89,,0
117.9,,0
117.91,,0
117.92,,0
117.93,,0
117.94,,0
117.95,,0
117.96,,0
117.97,,0
117.98,,0
117.99,,0
118,,0
118.01,,0
118.02,,0
118.03,,0
118.04,,0
118.05,,0
118.06,,0
118.07,,0
118.08,,0
118.09,,0
118.1,,12
118.11,,12
118.12,,0
118.13,,0
118.14,,12
118.15,,12
118.16,,12
118.17,,12
118.18,,0
118.19,,0
118.2,,0
118.21,,12
118.22,,12
118.23,,12
118.24,,12
118.25,,12
118.26,,12
118.27,,12
118.28,,12
118.29,,12
118.3,,12
118.31,,12
118.32,,25
118.33,,25
118.34,,25
118.35,,25
118.36,,37
118.37,,50
118.38,,37
118.39,,37
118.4,,50
118.41,,37
118.42,,25
118.43,,37
118.44,,25
118.45,,25
118.46,,25
118.47,,12
118.48,,25
118.49,,12
118.5,,12
118.51,,25
118.52,,12
118.53,,12
118.54,,12
118.55,,12
118.56,,25
118.57,,25
118.58,,37
118.59,,50
118.6,,63
118.61,,63
118.62,,50
118.63,,63
118.64,,50
118.65,,50
118.66,,75
118.67,,75
118.68,,88
118.69,,101
118.7,,126
118.71,,126
118.72,,126
118.73,,138
118.74,,138
118.75,,126
118.76,,113
118.77,,113
118.78,,101
118.79,,101
118.8,,63
118.81,,50
118.82,,63
118.83,,25
118.84,,12
118.85,,12
118.86,,12
118.87,,12
118.88,,0
118.89,,0
118.9,,0
118.91,,12
118.92,,12
118.93,,0
118.94,,12
118.95,,12
118.96,,25
118.97,,12
118.98,,25
118.99,,37
119,,25
119.01,,25
119.02,,37
119.03,,50
119.04,,37
119.05,,25
119.06,,37
119.07,,50
119.08,,25
119.09,,37
119.1,,37
119.11,,37
119.12,,25
119.13,,12
119.14,,12
119.15,,25
119.16,,12
119.17,,0
119.18,,0
119.19,,0
119.2,,0
119.21,,0
119.22,,0
119.23,,0
119.24,,0
119.25,,0
119.26,,0
119.27,,0
119.28,,0
119.29,,0
119.3,,0
119.31,,0
119.32,,0
119.33,,0
119.34,,0
119.35,,0
119.36,,0
119.37,,0
119.38,,0
119.39,,0
119.4,,0
119.41,,0
119.42,,0
119.43,,0
119.44,,0
119.45,,0
119.46,,0
119.47,,0
119.48,,0
119.49,,0
119.5,,0
119.51,,12
119.52,,12
119.53,,12
119.54,,0
119.55,,12
119.56,,25
119.57,,12
119.58,,12
119.59,,25
119.6,,37
119.61,,25
119.62,,12
119.63,,25
119.64,,25
119.65,,12
119.66,,25
119.67,,37
119.68,,37
119.69,,25
119.7,,12
119.71,,12
119.72,,12
119.73,,12
119.74,,12
119.75,,25
119.76,,25
119.77,,12
119.78,,0
119.79,,12
119.8,,25
119.81,,0
119.82,,12
119.83,,12
119.84,,12
119.85,,12
119.86,,0
119.87,,0
119.88,,12
119.89,,12
119.9,,0
119.91,,0
119.92,,12
119.93,,12
119.94,,0
119.95,,12
119.96,,25
119.97,,37
119.98,,50
119.99,,63
120,,50
120.01,,50
120.02,,37
120.03,,50
120.04,,63
120.05,,50
120.06,,50
120.07,,50
120.08,,50
120.09,,50
120.1,,50
120.11,,63
120.12,,75
120.13,,75
120.14,,88
120.15,,88
120.16,,88
120.17,,88
120.18,,88
120.19,,113
120.2,,113
120.21,,113
120.22,,126
120.23,,126
120.24,,138
120.25,,151
120.26,,138
120.27,,164
120.28,,164
120.29,,189
120.3,,202
120.31,,202
120.32,,202
120.33,,202
120.34,,189
120.35,,227
120.36,,214
120.37,,227
120.38,,227
120.39,,227
120.4,,227
120.41,,227
120.42,,202
120.43,,214
120.44,,214
120.45,,214
120.46,,214
120.47,,214
120.48,,214
120.49,,202
120.5,,202
120.51,,176
120.52,,202
120.53,,189
120.54,,176
120.55,,176
120.56,,151
120.57,,138
120.58,,126
120.59,,101
120.6,,101
120.61,,101
120.62,,88
120.63,,88
120.64,,88
120.65,,75
120.66,,75
120.67,,63
120.68,,50
120.69,,50
120.7,,50
120.71,,37
120.72,,50
120.73,,37
120.74,,37
120.75,,37
120.76,,37
120.77,,37
120.78,,50
120.79,,25
120.8,,25
120.81,,37
120.82,,25
120.83,,37
120.84,,25
120.85,,25
120.86,,37
120.87,,37
120.88,,25
120.89,,37
120.9,,37
120.91,,37
120.92,,37
120.93,,25
120.94,,25
120.95,,50
120.96,,25
120.97,,12
120.98,,12
120.99,,12
121,,12
121.01,,0
121.02,,0
121.03,,0
121.04,,0
121.05,,0
121.06,,0
121.07,,0
121.08,,0
121.09,,0
121.1,,0
121.11,,0
121.12,,0
121.13,,0
121.14,,0
121.15,,0
121.16,,0
121.17,,0
121.18,,0
121.19,,0
121.2,,0
121.21,,0
121.22,,0
121.23,,0
121.24,,0
121.25,,0
121.26,,0
121.27,,0
121.28,,0
121.29,,0
121.3,,0
121.31,,0
121.32,,0
121.33,,0
121.34,,0
121.35,,0
121.36,,0
121.37,,0
121.38,,0
121.39,,0
121.4,,0
121.41,,0
121.42,,0
121.43,,0
121.44,,0
121.45,,0
121.46,,0
121.47,,0
121.48,,0
121.49,,0
121.5,,0
121.51,,0
121.52,,0
121.53,,0
121.54,,0
121.55,,0
121.56,,0
121.57,,0
121.58,,0
121.59,,0
121.6,,0
121.61,,0
121.62,,0
121.63,,0
121.64,,0
121.65,,0
121.66,,0
121.67,,0
121.68,,0
121.69,,0
121.7,,0
121.71,,0
121.72,,0
121.73,,0
121.74,,0
121.75,,0
121.76,,0
121.77,,0
121.78,,0
121.79,,0
121.8,,0
121.81,,0
121.82,,0
121.83,,0
121.84,,0
121.85,,0
121.86,,0
121.87,,0
121.88,,0
121.89,,0
121.9,,0
121.91,,0
121.92,,0
121.93,,0
121.94,,0
121.95,,0
121.96,,0
121.97,,0
121.98,,0
121.99,,0
122,,0
122.01,,0
122.02,,0
122.03,,0
122.04,,0
122.05,,0
122.06,,0
122.07,,0
122.08,,0
122.09,,0
122.1,,0
122.11,,0
122.12,,0
122.13,,0
122.14,,0
122.15,,0
122.16,,0
122.17,,0
122.18,,0
122.19,,0
122.2,,0
122.21,,0
122.22,,0
122.23,,0
122.24,,0
122.25,,0
122.26,,0
122.27,,0
122.28,,0
122.29,,0
122.3,,0
122.31,,0
122.32,,0
122.33,,0
122.34,,0
122.35,,0
122.36,,0
122.37,,0
122.38,,0
122.39,,0
122.4,,0
122.41,,0
122.42,,0
122.43,,0
122.44,,0
122.45,,0
122.46,,0
122.47,,0
122.48,,0
122.49,,0
122.5,,0
122.51,,0
122.52,,0
122.53,,0
122.54,,0
122.55,,0
122.56,,0
122.57,,0
122.58,,0
122.59,,0
122.6,,0
122.61,,0
122.62,,0
122.63,,0
122.64,,0
122.65,,0
122.66,,0
122.67,,0
122.68,,0
122.69,,0
122.7,,0
122.71,,0
122.72,,0
122.73,,0
122.74,,0
122.75,,0
122.76,,0
122.77,,0
122.78,,0
122.79,,0
122.8,,0
122.81,,0
122.82,,0
122.83,,0
122.84,,0
122.85,,0
122.86,,0
122.87,,0
122.88,,0
122.89,,0
122.9,,0
122.91,,0
122.92,,0
122.93,,0
122.94,,0
122.95,,0
122.96,,0
122.97,,0
122.98,,0
122.99,,0
123,,0
123.01,,0
123.02,,0
123.03,,0
123.04,,0
123.05,,0
123.06,,0
123.07,,0
123.08,,0
123.09,,0
123.1,,0
123.11,,0
123.12,,0
123.13,,0
123.14,,0
123.15,,0
123.16,,0
123.17,,0
123.18,,0
123.19,,0
123.2,,0
123.21,,0
123.22,,0
123.23,,0
123.24,,0
123.25,,0
123.26,,0
123.27,,0
123.28,,0
123.29,,0
123.3,,0
123.31,,0
123.32,,0
123.33,,0
123.34,,0
123.35,,0
123.36,,0
123.37,,0
123.38,,0
123.39,,0
123.4,,0
123.41,,0
123.42,,0
123.43,,0
123.44,,0
123.45,,0
123.46,,0
123.47,,0
123.48,,0
123.49,,0
123.5,,0
123.51,,0
123.52,,0
123.53,,0
123.54,,0
123.55,,0
123.56,,0
123.57,,0
123.58,,0
123.59,,0
123.6,,0
123.61,,0
123.62,,0
123.63,,0
123.64,,0
123.65,,0
123.66,,0
123.67,,0
123.68,,0
123.69,,0
123.7,,0
123.71,,0
123.72,,0
123.73,,0
123.74,,0
123.75,,0
123.76,,0
123.77,,0
123.78,,0
123.79,,0
123.8,,0
123.81,,0
123.82,,0
123.83,,0
123.84,,0
123.85,,0
123.86,,0
123.87,,0
123.88,,0
123.89,,0
123.9,,0
123.91,,0
123.92,,0
123.93,,0
123.94,,0
123.95,,0
123.96,,0
123.97,,0
123.98,,0
123.99,,0
124,,0
124.01,,0
124.02,,0
124.03,,0
124.04,,0
124.05,,0
124.06,,0
124.07,,0
124.08,,0
124.09,,0
124.1,,0
124.11,,0
124.12,,0
124.13,,0
124.14,,0
124.15,,0
124.16,,0
124.17,,0
124.18,,0
124.19,,0
124.2,,0
124.21,,0
124.22,,0
124.23,,0
124.24,,0
124.25,,0
124.26,,0
124.27,,0
124.28,,0
124.29,,0
124.3,,0
124.31,,0
124.32,,0
124.33,,0
124.34,,0
124.35,,0
124.36,,0
124.37,,12
124.38,,0
124.39,,0
124.4,,0
124.41,,0
124.42,,0
124.43,,0
124.44,,0
124.45,,0
124.46,,0
124.47,,0
124.48,,0
124.49,,0
124.5,,0
124.51,,0
124.52,,0
124.53,,0
124.54,,0
124.55,,0
124.56,,0
124.57,,0
124.58,,0
124.59,,0
124.6,,0
124.61,,0
124.62,,0
124.63,,12
124.64,,0
124.65,,0
124.66,,0
124.67,,0
124.68,,0
124.69,,0
124.7,,0
124.71,,0
124.72,,0
124.73,,0
124.74,,0
124.75,,0
124.76,,0
124.77,,0
124.78,,0
124.79,,0
124.8,,0
124.81,,0
124.82,,0
124.83,,0
124.84,,0
124.85,,0
124.86,,0
124.87,,0
124.88,,0
124.89,,0
124.9,,0
124.91,,0
124.92,,12
124.93,,25
124.94,,25
124.95,,37
124.96,,88
124.97,,138
124.98,,202
124.99,,265
125,,328
125.01,,429
125.02,,543
125.03,,656
125.04,,858
125.05,,985
125.06,,997
125.07,,1035
125.08,,1212
125.09,,1199
125.1,,1225
125.11,,1187
125.12,,1237
125.13,,1187
125.14,,1300
125.15,,1326
125.16,,1300
125.17,,1326
125.18,,1288
125.19,,1402
125.2,,1376
125.21,,1490
125.22,,1503
125.23,,1503
125.24,,1604
125.25,,1578
125.26,,1743
125.27,,1730
125.28,,1894
125.29,,1932
125.3,,2020
125.31,,2071
125.32,,2033
125.33,,2134
125.34,,2071
125.35,,2185
125.36,,2298
125.37,,2311
125.38,,2374
125.39,,2349
125.4,,2336
125.41,,2286
125.42,,2336
125.43,,2425
125.44,,2399
125.45,,2412
125.46,,2336
125.47,,2311
125.48,,2311
125.49,,2210
125.5,,2260
125.51,,2311
125.52,,2273
125.53,,2286
125.54,,2235
125.55,,2210
125.56,,2273
125.57,,2159
125.58,,2210
125.59,,2235
125.6,,2210
125.61,,2248
125.62,,2172
125.63,,2185
125.64,,2223
125.65,,2109
125.66,,2172
125.67,,2235
125.68,,2210
125.69,,2210
125.7,,2109
125.71,,2058
125.72,,2109
125.73,,2071
125.74,,2084
125.75,,2147
125.76,,2134
125.77,,2134
125.78,,2147
125.79,,2046
125.8,,2033
125.81,,1932
125.82,,1679
125.83,,1768
125.84,,1642
125.85,,1515
125.86,,1515
125.87,,1427
125.88,,1364
125.89,,1351
125.9,,1313
125.91,,1237
125.92,,1338
125.93,,1313
125.94,,1275
125.95,,1288
125.96,,1275
125.97,,1250
125.98,,1263
125.99,,1250
126,,1225
126.01,,1313
126.02,,1313
126.03,,1250
126.04,,1288
126.05,,1275
126.06,,1275
126.07,,1288
126.08,,1263
126.09,,1174
126.1,,1225
126.11,,1237
126.12,,1098
126.13,,1061
126.14,,1073
126.15,,1023
126.16,,1048
126.17,,997
126.18,,846
126.19,,909
126.2,,909
126.21,,896
126.22,,909
126.23,,934
126.24,,909
126.25,,947
126.26,,947
126.27,,934
126.28,,896
126.29,,1010
126.3,,1023
126.31,,1010
126.32,,1010
126.33,,1061
126.34,,1073
126.35,,1149
126.36,,1174
126.37,,1124
126.38,,1136
126.39,,1250
126.4,,1250
126.41,,1212
126.42,,1199
126.43,,1174
126.44,,1174
126.45,,1199
126.46,,1111
126.47,,972
126.48,,1010
126.49,,997
126.5,,884
126.51,,846
126.52,,871
126.53,,871
126.54,,795
126.55,,808
126.56,,795
126.57,,732
126.58,,707
126.59,,682
126.6,,581
126.61,,555
126.62,,543
126.63,,479
126.64,,416
126.65,,378
126.66,,353
126.67,,290
126.68,,227
126.69,,214
126.7,,164
126.71,,151
126.72,,126
126.73,,101
126.74,,75
126.75,,37
126.76,,25
126.77,,0
126.78,,0
126.79,,0
126.8,,0
126.81,,0
126.82,,0
126.83,,0
126.84,,0
126.85,,0
126.86,,0
126.87,,0
126.88,,0
126.89,,0
126.9,,0
126.91,,12
126.92,,25
126.93,,12
126.94,,12
126.95,,12
126.96,,12
126.97,,12
126.98,,12
126.99,,12
127,,25
127.01,,63
127.02,,75
127.03,,88
127.04,,113
127.05,,138
127.06,,138
127.07,,151
127.08,,151
127.09,,138
127.1,,126
127.11,,151
127.12,,138
127.13,,138
127.14,,138
127.15,,138
127.16,,138
127.17,,126
127.18,,101
127.19,,75
127.2,,37
127.21,,25
127.22,,50
127.23,,37
127.24,,25
127.25,,25
127.26,,25
127.27,,12
127.28,,25
127.29,,25
127.3,,12
127.31,,0
127.32,,25
127.33,,37
127.34,,12
127.35,,12
127.36,,37
127.37,,50
127.38,,37
127.39,,63
127.4,,50
127.41,,50
127.42,,63
127.43,,101
127.44,,101
127.45,,113
127.46,,113
127.47,,138
127.48,,138
127.49,,138
127.5,,151
127.51,,151
127.52,,138
127.53,,164
127.54,,176
127.55,,189
127.56,,176
127.57,,189
127.58,,189
127.59,,189
127.6,,189
127.61,,189
127.62,,189
127.63,,164
127.64,,202
127.65,,202
127.66,,202
127.67,,202
127.68,,214
127.69,,227
127.7,,227
127.71,,227
127.72,,227
127.73,,214
127.74,,214
127.75,,227
127.76,,227
127.77,,227
127.78,,214
127.79,,214
127.8,,227
127.81,,214
127.82,,202
127.83,,176
127.84,,151
127.85,,126
127.86,,138
127.87,,113
127.88,,88
127.89,,63
127.9,,50
127.91,,37
127.92,,25
127.93,,12
127.94,,0
127.95,,0
127.96,,0
127.97,,0
127.98,,0
127.99,,0
128,,0
128.01,,0
128.02,,0
128.03,,0
128.04,,0
128.05,,0
128.06,,0
128.07,,0
128.08,,0
128.09,,12
128.1,,12
128.11,,12
128.12,,25
128.13,,37
128.14,,63
128.15,,75
128.16,,88
128.17,,88
128.18,,101
128.19,,126
128.2,,138
128.21,,126
128.22,,126
128.23,,138
128.24,,138
128.25,,126
128.26,,138
128.27,,138
128.28,,126
128.29,,101
128.3,,126
128.31,,126
128.32,,126
128.33,,126
128.34,,113
128.35,,126
128.36,,126
128.37,,126
128.38,,126
128.39,,126
128.4,,101
128.41,,113
128.42,,126
128.43,,126
128.44,,113
128.45,,101
128.46,,113
128.47,,113
128.48,,101
128.49,,101
128.5,,101
128.51,,101
128.52,,88
128.53,,101
128.54,,75
128.55,,75
128.56,,63
128.57,,63
128.58,,63
128.59,,50
128.6,,50
128.61,,37
128.62,,25
128.63,,12
128.64,,12
128.65,,25
128.66,,0
128.67,,0
128.68,,0
128.69,,0
128.7,,12
128.71,,12
128.72,,12
128.73,,0
128.74,,0
128.75,,12
128.76,,12
128.77,,0
128.78,,0
128.79,,0
128.8,,0
128.81,,0
128.82,,12
128.83,,0
128.84,,0
128.85,,0
128.86,,0
128.87,,0
128.88,,0
128.89,,0
128.9,,0
128.91,,0
128.92,,0
128.93,,0
128.94,,0
128.95,,0
128.96,,0
128.97,,0
128.98,,12
128.99,,0
129,,0
129.01,,12
129.02,,0
129.03,,0
129.04,,0
129.05,,0
129.06,,0
129.07,,0
129.08,,12
129.09,,12
129.1,,0
129.11,,0
129.12,,0
129.13,,12
129.14,,12
129.15,,12
129.16,,0
129.17,,0
129.18,,0
129.19,,12
129.2,,0
129.21,,0
129.22,,0
129.23,,0
129.24,,0
129.25,,0
129.26,,0
129.27,,0
129.28,,0
129.29,,12
129.3,,0
129.31,,0
129.32,,0
129.33,,0
129.34,,0
129.35,,12
129.36,,0
129.37,,0
129.38,,12
129.39,,25
129.4,,12
129.41,,0
129.42,,0
129.43,,0
129.44,,12
129.45,,12
129.46,,0
129.47,,0
129.48,,0
129.49,,0
129.5,,0
129.51,,0
129.52,,0
129.53,,0
129.54,,0
129.55,,0
129.56,,0
129.57,,0
129.58,,0
129.59,,0
129.6,,0
129.61,,0
129.62,,0
129.63,,0
129.64,,0
129.65,,0
129.66,,0
129.67,,0
129.68,,0
129.69,,0
129.7,,0
129.71,,0
129.72,,0
129.73,,0
129.74,,0
129.75,,0
129.76,,0
129.77,,0
129.78,,0
129.79,,0
129.8,,0
129.81,,0
129.82,,0
129.83,,0
129.84,,12
129.85,,25
129.86,,12
129.87,,0
129.88,,12
129.89,,25
129.9,,12
129.91,,0
129.92,,0
129.93,,0
129.94,,0
129.95,,0
129.96,,0
129.97,,0
129.98,,0
129.99,,0
130,,0
130.01,,0
130.02,,0
130.03,,0
130.04,,0
130.05,,0
130.06,,0
130.07,,0
130.08,,0
130.09,,12
130.1,,12
130.11,,0
130.12,,0
130.13,,12
130.14,,12
130.15,,12
130.16,,0
130.17,,0
130.18,,12
130.19,,12
130.2,,0
130.21,,0
130.22,,0
130.23,,12
130.24,,12
130.25,,0
130.26,,0
130.27,,0
130.28,,12
130.29,,12
130.3,,0
130.31,,0
130.32,,12
130.33,,25
130.34,,12
130.35,,0
130.36,,0
130.37,,25
130.38,,25
130.39,,12
130.4,,0
130.41,,0
130.42,,12
130.43,,12
130.44,,0
130.45,,0
130.46,,0
130.47,,0
130.48,,0
130.49,,0
130.5,,0
130.51,,12
130.52,,12
130.53,,12
130.54,,12
130.55,,25
130.56,,25
130.57,,12
130.58,,12
130.59,,12
130.6,,25
130.61,,25
130.62,,12
130.63,,0
130.64,,37
130.65,,25
130.66,,0
130.67,,0
130.68,,12
130.69,,25
130.7,,12
130.71,,0
130.72,,0
130.73,,25
130.74,,12
130.75,,0
130.76,,0
130.77,,12
130.78,,12
130.79,,12
130.8,,0
130.81,,0
130.82,,12
130.83,,12
130.84,,0
130.85,,0
130.86,,0
130.87,,12
130.88,,12
130.89,,0
130.9,,0
130.91,,12
130.92,,0
130.93,,0
130.94,,0
130.95,,0
130.96,,0
130.97,,0
130.98,,0
130.99,,0
131,,0
131.01,,0
131.02,,0
131.03,,0
131.04,,0
131.05,,0
131.06,,0
131.07,,0
131.08,,0
131.09,,0
131.1,,0
131.11,,0
131.12,,0
131.13,,0
131.14,,0
131.15,,0
131.16,,0
131.17,,0
131.18,,0
131.19,,0
131.2,,0
131.21,,0
131.22,,0
131.23,,0
131.24,,0
131.25,,0
131.26,,0
131.27,,0
131.28,,0
131.29,,0
131.3,,0
131.31,,0
131.32,,0
131.33,,12
131.34,,0
131.35,,0
131.36,,12
131.37,,0
131.38,,0
131.39,,12
131.4,,12
131.41,,12
131.42,,12
131.43,,12
131.44,,12
131.45,,12
131.46,,12
131.47,,12
131.48,,12
131.49,,12
131.5,,0
131.51,,12
131.52,,12
131.53,,12
131.54,,12
131.55,,12
131.56,,12
131.57,,12
131.58,,12
131.59,,12
131.6,,12
131.61,,12
131.62,,12
131.63,,12
131.64,,12
131.65,,12
131.66,,0
131.67,,0
131.68,,0
131.69,,0
131.7,,0
131.71,,0
131.72,,0
131.73,,0
131.74,,0
131.75,,0
131.76,,0
131.77,,0
131.78,,0
131.79,,0
131.8,,0
131.81,,0
131.82,,0
131.83,,0
131.84,,0
131.85,,0
131.86,,0
131.87,,0
131.88,,0
131.89,,0
131.9,,0
131.91,,12
131.92,,12
131.93,,12
131.94,,25
131.95,,12
131.96,,12
131.97,,12
131.98,,12
131.99,,12
132,,12
132.01,,25
132.02,,12
132.03,,12
132.04,,12
132.05,,12
132.06,,0
132.07,,12
132.08,,25
132.09,,12
132.1,,12
132.11,,12
132.12,,12
132.13,,12
132.14,,12
132.15,,12
132.16,,12
132.17,,12
132.18,,12
132.19,,12
132.2,,0
132.21,,0
132.22,,0
132.23,,12
132.24,,0
132.25,,12
132.26,,12
132.27,,25
132.28,,63
132.29,,88
132.3,,113
132.31,,138
132.32,,138
132.33,,151
132.34,,189
132.35,,202
132.36,,214
132.37,,239
132.38,,239
132.39,,265
132.4,,290
132.41,,341
132.42,,429
132.43,,505
132.44,,581
132.45,,644
132.46,,719
132.47,,719
132.48,,669
132.49,,745
132.5,,732
132.51,,732
132.52,,745
132.53,,707
132.54,,719
132.55,,694
132.56,,732
132.57,,808
132.58,,795
132.59,,821
132.6,,808
132.61,,821
132.62,,821
132.63,,757
132.64,,909
132.65,,947
132.66,,947
132.67,,1023
132.68,,1023
132.69,,1111
132.7,,1098
132.71,,1035
132.72,,1162
132.73,,1174
132.74,,1162
132.75,,1199
132.76,,1162
132.77,,1212
132.78,,1212
132.79,,1124
132.8,,1212
132.81,,1199
132.82,,1187
132.83,,1174
132.84,,1136
132.85,,1187
132.86,,1162
132.87,,1073
132.88,,1136
132.89,,1124
132.9,,1048
132.91,,1035
132.92,,972
132.93,,1010
132.94,,985
132.95,,909
132.96,,997
132.97,,1010
132.98,,985
132.99,,997
133,,972
133.01,,985
133.02,,1023
133.03,,972
133.04,,1086
133.05,,1111
133.06,,1086
133.07,,1111
133.08,,1086
133.09,,1098
133.1,,1149
133.11,,1098
133.12,,1162
133.13,,1275
133.14,,1263
133.15,,1225
133.16,,1212
133.17,,1124
133.18,,1035
133.19,,833
133.2,,581
133.21,,492
133.22,,378
133.23,,277
133.24,,214
133.25,,164
133.26,,126
133.27,,75
133.28,,50
133.29,,25
133.3,,12
133.31,,0
133.32,,0
133.33,,0
133.34,,0
133.35,,0
133.36,,0
133.37,,0
133.38,,0
133.39,,0
133.4,,0
133.41,,0
133.42,,0
133.43,,0
133.44,,0
133.45,,0
133.46,,0
133.47,,0
133.48,,0
133.49,,0
133.5,,0
133.51,,0
133.52,,0
133.53,,0
133.54,,0
133.55,,0
133.56,,0
133.57,,0
133.58,,0
133.59,,0
133.6,,0
133.61,,0
133.62,,0
133.63,,0
133.64,,0
133.65,,0
133.66,,0
133.67,,0
133.68,,0
133.69,,0
133.7,,0
133.71,,0
133.72,,0
133.73,,0
133.74,,0
133.75,,0
133.76,,0
133.77,,0
133.78,,0
133.79,,0
133.8,,0
133.81,,0
133.82,,0
133.83,,0
133.84,,0
133.85,,0
133.86,,0
133.87,,0
133.88,,0
133.89,,0
133.9,,0
133.91,,0
133.92,,0
133.93,,0
133.94,,0
133.95,,0
133.96,,0
133.97,,0
133.98,,0
133.99,,0
134,,0
134.01,,0
134.02,,0
134.03,,0
134.04,,0
134.05,,0
134.06,,0
134.07,,0
134.08,,0
134.09,,0
134.1,,0
134.11,,0
134.12,,0
134.13,,0
134.14,,0
134.15,,0
134.16,,0
134.17,,0
134.18,,0
134.19,,0
134.2,,0
134.21,,0
134.22,,0
134.23,,0
134.24,,0
134.25,,0
134.26,,0
134.27,,0
134.28,,0
134.29,,0
134.3,,0
134.31,,0
134.32,,0
134.33,,0
134.34,,0
134.35,,0
134.36,,0
134.37,,12
134.38,,0
134.39,,12
134.4,,12
134.41,,12
134.42,,12
134.43,,25
134.44,,25
134.45,,12
134.46,,25
134.47,,37
134.48,,37
134.49,,37
134.5,,25
134.51,,37
134.52,,37
134.53,,37
134.54,,50
134.55,,50
134.56,,63
134.57,,37
134.58,,37
134.59,,63
134.6,,50
134.61,,37
134.62,,63
134.63,,50
134.64,,63
134.65,,37
134.66,,37
134.67,,75
134.68,,37
134.69,,37
134.7,,50
134.71,,50
134.72,,37
134.73,,25
134.74,,50
134.75,,63
134.76,,37
134.77,,50
134.78,,50
134.79,,50
134.8,,37
134.81,,25
134.82,,63
134.83,,50
134.84,,37
134.85,,50
134.86,,50
134.87,,50
134.88,,25
134.89,,37
134.9,,63
134.91,,37
134.92,,37
134.93,,50
134.94,,50
134.95,,37
134.96,,12
134.97,,37
134.98,,37
134.99,,37
135,,50
135.01,,50
135.02,,50
135.03,,37
135.04,,37
135.05,,63
135.06,,37
135.07,,50
135.08,,50
135.09,,50
135.1,,50
135.11,,12
135.12,,37
135.13,,37
135.14,,12
135.15,,12
135.16,,12
135.17,,0
135.18,,0
135.19,,0
135.2,,0
135.21,,0
135.22,,0
135.23,,0
135.24,,0
135.25,,0
135.26,,0
135.27,,0
135.28,,0
135.29,,0
135.3,,0
135.31,,0
135.32,,0
135.33,,0
135.34,,0
135.35,,0
135.36,,0
135.37,,0
135.38,,0
135.39,,0
135.4,,0
135.41,,0
135.42,,0
135.43,,0
135.44,,0
135.45,,0
135.46,,0
135.47,,0
135.48,,0
135.49,,0
135.5,,0
135.51,,0
135.52,,0
135.53,,0
135.54,,0
135.55,,12
135.56,,0
135.57,,12
135.58,,12
135.59,,0
135.6,,0
135.61,,0
135.62,,0
135.63,,0
135.64,,0
135.65,,0
135.66,,0
135.67,,0
135.68,,0
135.69,,0
135.7,,0
135.71,,0
135.72,,0
135.73,,0
135.74,,0
135.75,,0
135.76,,0
135.77,,0
135.78,,0
135.79,,0
135.8,,0
135.81,,0
135.82,,0
135.83,,0
135.84,,0
135.85,,0
135.86,,0
135.87,,0
135.88,,12
135.89,,0
135.9,,0
135.91,,0
135.92,,0
135.93,,12
135.94,,0
135.95,,0
135.96,,0
135.97,,0
135.98,,0
135.99,,0
136,,12
136.01,,0
136.02,,0
136.03,,0
136.04,,12
136.05,,12
136.06,,25
136.07,,37
136.08,,50
136.09,,50
136.1,,37
136.11,,37
136.12,,63
136.13,,37
136.14,,50
136.15,,63
136.16,,63
136.17,,37
136.18,,63
136.19,,63
136.2,,50
136.21,,63
136.22,,63
136.23,,50
136.24,,50
136.25,,63
136.26,,50
136.27,,50
136.28,,63
136.29,,63
136.3,,37
136.31,,63
136.32,,63
136.33,,37
136.34,,63
136.35,,50
136.36,,50
136.37,,37
136.38,,63
136.39,,63
136.4,,75
136.41,,63
136.42,,63
136.43,,50
136.44,,63
136.45,,50
136.46,,50
136.47,,75
136.48,,63
136.49,,50
136.5,,50
136.51,,75
136.52,,37
136.53,,37
136.54,,50
136.55,,25
136.56,,12
136.57,,25
136.58,,25
136.59,,25
136.6,,25
136.61,,25
136.62,,25
136.63,,12
136.64,,25
136.65,,25
136.66,,37
136.67,,50
136.68,,50
136.69,,25
136.7,,50
136.71,,37
136.72,,25
136.73,,37
136.74,,63
136.75,,25
136.76,,25
136.77,,37
136.78,,25
136.79,,37
136.8,,37
136.81,,37
136.82,,25
136.83,,50
136.84,,37
136.85,,37
136.86,,50
136.87,,25
136.88,,37
136.89,,63
136.9,,50
136.91,,50
136.92,,63
136.93,,50
136.94,,37
136.95,,25
136.96,,50
136.97,,25
136.98,,12
136.99,,25
137,,37
137.01,,12
137.02,,37
137.03,,50
137.04,,63
137.05,,88
137.06,,101
137.07,,101
137.08,,113
137.09,,126
137.1,,126
137.11,,126
137.12,,126
137.13,,126
137.14,,126
137.15,,138
137.16,,126
137.17,,126
137.18,,113
137.19,,101
137.2,,88
137.21,,88
137.22,,50
137.23,,50
137.24,,12
137.25,,12
137.26,,0
137.27,,0
137.28,,0
137.29,,0
137.3,,0
137.31,,0
137.32,,0
137.33,,0
137.34,,0
137.35,,0
137.36,,0
137.37,,0
137.38,,0
137.39,,0
137.4,,0
137.41,,0
137.42,,0
137.43,,0
137.44,,0
137.45,,0
137.46,,0
137.47,,0
137.48,,0
137.49,,0
137.5,,0
137.51,,0
137.52,,0
137.53,,0
137.54,,0
137.55,,0
137.56,,0
137.57,,0
137.58,,0
137.59,,0
137.6,,0
137.61,,0
137.62,,0
137.63,,0
137.64,,0
137.65,,0
137.66,,0
137.67,,0
137.68,,0
137.69,,0
137.7,,0
137.71,,0
137.72,,0
137.73,,0
137.74,,0
137.75,,0
137.76,,0
137.77,,0
137.78,,0
137.79,,0
137.8,,0
137.81,,0
137.82,,0
137.83,,0
137.84,,0
137.85,,0
137.86,,0
137.87,,0
137.88,,0
137.89,,0
137.9,,0
137.91,,0
137.92,,0
137.93,,0
137.94,,0
137.95,,0
137.96,,0
137.97,,0
137.98,,0
137.99,,0
138,,0
138.01,,0
138.02,,0
138.03,,0
138.04,,0
138.05,,0
138.06,,0
138.07,,0
138.08,,0
138.09,,0
138.1,,0
138.11,,0
138.12,,0
138.13,,0
138.14,,0
138.15,,0
138.16,,0
138.17,,0
138.18,,0
138.19,,0
138.2,,0
138.21,,0
138.22,,0
138.23,,0
138.24,,0
138.25,,0
138.26,,0
138.27,,0
138.28,,0
138.29,,0
138.3,,0
138.31,,0
138.32,,0
138.33,,0
138.34,,0
138.35,,0
138.36,,0
138.37,,0
138.38,,0
138.39,,0
138.4,,0
138.41,,0
138.42,,0
138.43,,0
138.44,,12
138.45,,12
138.46,,12
138.47,,25
138.48,,25
138.49,,12
138.5,,12
138.51,,12
138.52,,25
138.53,,25
138.54,,12
138.55,,12
138.56,,12
138.57,,25
138.58,,37
138.59,,37
138.6,,25
138.61,,37
138.62,,37
138.63,,50
138.64,,63
138.65,,75
138.66,,88
138.67,,88
138.68,,88
138.69,,88
138.7,,88
138.71,,88
138.72,,75
138.73,,101
138.74,,88
138.75,,101
138.76,,101
138.77,,101
138.78,,126
138.79,,164
138.8,,214
138.81,,277
138.82,,353
138.83,,454
138.84,,606
138.85,,884
138.86,,1162
138.87,,1212
138.88,,1162
138.89,,1288
138.9,,1389
138.91,,1540
138.92,,1578
138.93,,1654
138.94,,1692
138.95,,1717
138.96,,1780
138.97,,1793
138.98,,1844
138.99,,1806
139,,1882
139.01,,1818
139.02,,1970
139.03,,1957
139.04,,2020
139.05,,1995
139.06,,1983
139.07,,1919
139.08,,2020
139.09,,2058
139.1,,2071
139.11,,2134
139.12,,2084
139.13,,2071
139.14,,1970
139.15,,2046
139.16,,2020
139.17,,2058
139.18,,2109
139.19,,2046
139.2,,2071
139.21,,1995
139.22,,2020
139.23,,2071
139.24,,2033
139.25,,2058
139.26,,1957
139.27,,1983
139.28,,1932
139.29,,1957
139.3,,2033
139.31,,2008
139.32,,2046
139.33,,1995
139.34,,1945
139.35,,1970
139.36,,1818
139.37,,1882
139.38,,1831
139.39,,1818
139.4,,1856
139.41,,1793
139.42,,1755
139.43,,1806
139.44,,1730
139.45,,1793
139.46,,1780
139.47,,1654
139.48,,1616
139.49,,1515
139.5,,1427
139.51,,1477
139.52,,1427
139.53,,1414
139.54,,1503
139.55,,1465
139.56,,1402
139.57,,1376
139.58,,1263
139.59,,1149
139.6,,1098
139.61,,997
139.62,,833
139.63,,808
139.64,,644
139.65,,454
139.66,,378
139.67,,290
139.68,,227
139.69,,164
139.7,,138
139.71,,88
139.72,,50
139.73,,37
139.74,,12
139.75,,0
139.76,,0
139.77,,0
139.78,,0
139.79,,0
139.8,,0
139.81,,0
139.82,,0
139.83,,0
139.84,,0
139.85,,0
139.86,,0
139.87,,0
139.88,,0
139.89,,0
139.9,,0
139.91,,0
139.92,,0
139.93,,0
139.94,,0
139.95,,0
139.96,,0
139.97,,0
139.98,,0
139.99,,0
140,,0
140.01,,0
140.02,,0
140.03,,0
140.04,,0
140.05,,0
140.06,,0
140.07,,0
140.08,,0
140.09,,0
140.1,,0
140.11,,0
140.12,,0
140.13,,0
140.14,,12
140.15,,37
140.16,,37
140.17,,63
140.18,,50
140.19,,50
140.2,,63
140.21,,50
140.22,,50
140.23,,50
140.24,,50
140.25,,63
140.26,,50
140.27,,63
140.28,,63
140.29,,50
140.3,,63
140.31,,50
140.32,,50
140.33,,50
140.34,,37
140.35,,63
140.36,,50
140.37,,50
140.38,,37
140.39,,37
140.4,,37
140.41,,25
140.42,,12
140.43,,0
140.44,,0
140.45,,0
140.46,,0
140.47,,0
140.48,,0
140.49,,0
140.5,,0
140.51,,0
140.52,,0
140.53,,0
140.54,,0
140.55,,0
140.56,,0
140.57,,0
140.58,,0
140.59,,0
140.6,,0
140.61,,0
140.62,,0
140.63,,0
140.64,,0
140.65,,0
140.66,,0
140.67,,0
140.68,,0
140.69,,0
140.7,,0
140.71,,0
140.72,,0
140.73,,0
140.74,,0
140.75,,0
140.76,,0
140.77,,0
140.78,,0
140.79,,0
140.8,,0
140.81,,0
140.82,,0
140.83,,0
140.84,,0
140.85,,0
140.86,,0
140.87,,0
140.88,,0
140.89,,0
140.9,,0
140.91,,0
140.92,,0
140.93,,0
140.94,,0
140.95,,0
140.96,,0
140.97,,0
140.98,,0
140.99,,0
141,,0
141.01,,0
141.02,,0
141.03,,0
141.04,,0
141.05,,0
141.06,,0
141.07,,0
141.08,,0
141.09,,0
141.1,,0
141.11,,0
141.12,,0
141.13,,0
141.14,,0
141.15,,0
141.16,,0
141.17,,0
141.18,,0
141.19,,0
141.2,,0
141.21,,0
141.22,,0
141.23,,0
141.24,,0
141.25,,0
141.26,,0
141.27,,0
141.28,,0
141.29,,0
141.3,,0
141.31,,0
141.32,,0
141.33,,0
141.34,,0
141.35,,0
141.36,,0
141.37,,0
141.38,,0
141.39,,0
141.4,,0
141.41,,0
141.42,,0
141.43,,0
141.44,,0
141.45,,0
141.46,,0
141.47,,0
141.48,,0
141.49,,0
141.5,,0
141.51,,0
141.52,,0
141.53,,0
141.54,,0
141.55,,0
141.56,,0
141.57,,0
141.58,,0
141.59,,0
141.6,,0
141.61,,0
141.62,,0
141.63,,0
141.64,,0
141.65,,0
141.66,,0
141.67,,0
141.68,,0
141.69,,0
141.7,,0
141.71,,0
141.72,,0
141.73,,0
141.74,,0
141.75,,0
141.76,,0
141.77,,0
141.78,,0
141.79,,0
141.8,,0
141.81,,0
141.82,,0
141.83,,0
141.84,,0
141.85,,0
141.86,,0
141.87,,0
141.88,,0
141.89,,0
141.9,,0
141.91,,0
141.92,,0
141.93,,0
141.94,,0
141.95,,0
141.96,,0
141.97,,0
141.98,,0
141.99,,0
142,,0
142.01,,0
142.02,,0
142.03,,0
142.04,,0
142.05,,0
142.06,,0
142.07,,0
142.08,,0
142.09,,0
142.1,,0
142.11,,0
142.12,,0
142.13,,0
142.14,,0
142.15,,0
142.16,,0
142.17,,0
142.18,,0
142.19,,0
142.2,,12
142.21,,0
142.22,,0
142.23,,0
142.24,,0
142.25,,0
142.26,,0
142.27,,0
142.28,,0
142.29,,0
142.3,,0
142.31,,0
142.32,,0
142.33,,0
142.34,,0
142.35,,0
142.36,,0
142.37,,0
142.38,,0
142.39,,0
142.4,,0
142.41,,0
142.42,,0
142.43,,0
142.44,,0
142.45,,0
142.46,,0
142.47,,0
142.48,,0
142.49,,0
142.5,,0
142.51,,0
142.52,,0
142.53,,0
142.54,,0
142.55,,0
142.56,,0
142.57,,0
142.58,,0
142.59,,0
142.6,,0
142.61,,0
142.62,,0
142.63,,0
142.64,,0
142.65,,0
142.66,,0
142.67,,0
142.68,,0
142.69,,0
142.7,,0
142.71,,0
142.72,,0
142.73,,0
142.74,,0
142.75,,0
142.76,,0
142.77,,0
142.78,,0
142.79,,0
142.8,,0
142.81,,0
142.82,,0
142.83,,0
142.84,,0
142.85,,0
142.86,,0
142.87,,0
142.88,,0
142.89,,0
142.9,,0
142.91,,0
142.92,,0
142.93,,0
142.94,,0
142.95,,0
142.96,,0
142.97,,0
142.98,,0
142.99,,0
143,,0
143.01,,0
143.02,,0
143.03,,0
143.04,,0
143.05,,0
143.06,,0
143.07,,0
143.08,,0
143.09,,0
143.1,,0
143.11,,0
143.12,,0
143.13,,0
143.14,,0
143.15,,0
143.16,,0
143.17,,0
143.18,,0
143.19,,0
143.2,,0
143.21,,0
143.22,,0
143.23,,0
143.24,,0
143.25,,0
143.26,,0
143.27,,0
143.28,,0
143.29,,0
143.3,,0
143.31,,0
143.32,,0
143.33,,0
143.34,,0
143.35,,0
143.36,,0
143.37,,0
143.38,,0
143.39,,0
143.4,,0
143.41,,0
143.42,,0
143.43,,0
143.44,,0
143.45,,0
143.46,,0
143.47,,0
143.48,,0
143.49,,0
143.5,,0
143.51,,0
143.52,,0
143.53,,0
143.54,,0
143.55,,0
143.56,,0
143.57,,0
143.58,,0
143.59,,0
143.6,,0
143.61,,0
143.62,,0
143.63,,0
143.64,,0
143.65,,0
143.66,,12
143.67,,0
143.68,,0
143.69,,0
143.7,,0
143.71,,0
143.72,,0
143.73,,0
143.74,,0
143.75,,0
143.76,,0
143.77,,0
143.78,,0
143.79,,0
143.8,,0
143.81,,0
143.82,,0
143.83,,0
143.84,,0
143.85,,0
143.86,,0
143.87,,0
143.88,,0
143.89,,0
143.9,,0
143.91,,0
143.92,,0
143.93,,0
143.94,,12
143.95,,12
143.96,,0
143.97,,0
143.98,,0
143.99,,0
144,,12
144.01,,12
144.02,,0
144.03,,0
144.04,,0
144.05,,12
144.06,,0
144.07,,0
144.08,,0
144.09,,0
144.1,,0
144.11,,0
144.12,,0
144.13,,0
144.14,,0
144.15,,0
144.16,,0
144.17,,0
144.18,,0
144.19,,0
144.2,,0
144.21,,0
144.22,,0
144.23,,0
144.24,,0
144.25,,0
144.26,,0
144.27,,0
144.28,,0
144.29,,0
144.3,,0
144.31,,12
144.32,,12
144.33,,0
144.34,,0
144.35,,12
144.36,,12
144.37,,0
144.38,,12
144.39,,12
144.4,,25
144.41,,12
144.42,,0
144.43,,12
144.44,,12
144.45,,12
144.46,,12
144.47,,12
144.48,,12
144.49,,12
144.5,,0
144.51,,12
144.52,,25
144.53,,25
144.54,,50
144.55,,75
144.56,,75
144.57,,75
144.58,,126
144.59,,138
144.6,,151
144.61,,176
144.62,,176
144.63,,176
144.64,,176
144.65,,151
144.66,,202
144.67,,189
144.68,,189
144.69,,214
144.7,,214
144.71,,239
144.72,,252
144.73,,265
144.74,,303
144.75,,341
144.76,,353
144.77,,378
144.78,,404
144.79,,442
144.8,,479
144.81,,517
144.82,,568
144.83,,581
144.84,,581
144.85,,581
144.86,,568
144.87,,593
144.88,,593
144.89,,568
144.9,,618
144.91,,593
144.92,,581
144.93,,593
144.94,,581
144.95,,568
144.96,,530
144.97,,492
144.98,,530
144.99,,530
145,,505
145.01,,517
145.02,,505
145.03,,505
145.04,,505
145.05,,454
145.06,,479
145.07,,467
145.08,,416
145.09,,404
145.1,,378
145.11,,341
145.12,,315
145.13,,277
145.14,,265
145.15,,265
145.16,,239
145.17,,214
145.18,,214
145.19,,227
145.2,,227
145.21,,214
145.22,,189
145.23,,214
145.24,,202
145.25,,202
145.26,,214
145.27,,202
145.28,,202
145.29,,202
145.3,,189
145.31,,189
145.32,,202
145.33,,176
145.34,,164
145.35,,176
145.36,,151
145.37,,138
145.38,,126
145.39,,101
145.4,,126
145.41,,113
145.42,,113
145.43,,113
145.44,,101
145.45,,88
145.46,,63
145.47,,37
145.48,,12
145.49,,12
145.5,,0
145.51,,0
145.52,,0
145.53,,0
145.54,,0
145.55,,0
145.56,,0
145.57,,0
145.58,,0
145.59,,0
145.6,,0
145.61,,0
145.62,,0
145.63,,0
145.64,,0
145.65,,0
145.66,,0
145.67,,0
145.68,,0
145.69,,0
145.7,,0
145.71,,0
145.72,,0
145.73,,0
145.74,,0
145.75,,0
145.76,,0
145.77,,0
145.78,,0
145.79,,0
145.8,,0
145.81,,0
145.82,,0
145.83,,0
145.84,,0
145.85,,0
145.86,,0
145.87,,0
145.88,,0
145.89,,0
145.9,,0
145.91,,0
145.92,,0
145.93,,0
145.94,,0
145.95,,0
145.96,,0
145.97,,0
145.98,,0
145.99,,0
146,,0
146.01,,0
146.02,,0
146.03,,12
146.04,,12
146.05,,0
146.06,,12
146.07,,25
146.08,,12
146.09,,12
146.1,,25
146.11,,37
146.12,,25
146.13,,12
146.14,,12
146.15,,37
146.16,,25
146.17,,12
146.18,,25
146.19,,25
146.2,,25
146.21,,25
146.22,,12
146.23,,25
146.24,,37
146.25,,12
146.26,,12
146.27,,25
146.28,,25
146.29,,25
146.3,,12
146.31,,12
146.32,,37
146.33,,25
146.34,,12
146.35,,25
146.36,,25
146.37,,25
146.38,,25
146.39,,12
146.4,,25
146.41,,50
146.42,,25
146.43,,12
146.44,,25
146.45,,25
146.46,,25
146.47,,12
146.48,,0
146.49,,12
146.5,,25
146.51,,0
146.52,,0
146.53,,12
146.54,,12
146.55,,12
146.56,,0
146.57,,0
146.58,,0
146.59,,0
146.6,,0
146.61,,0
146.62,,0
146.63,,0
146.64,,0
146.65,,0
146.66,,0
146.67,,0
146.68,,0
146.69,,0
146.7,,0
146.71,,0
146.72,,0
146.73,,0
146.74,,0
146.75,,0
146.76,,0
146.77,,0
146.78,,0
146.79,,0
146.8,,0
146.81,,0
146.82,,12
146.83,,0
146.84,,25
146.85,,50
146.86,,50
146.87,,75
146.88,,75
146.89,,75
146.9,,75
146.91,,50
146.92,,63
146.93,,75
146.94,,63
146.95,,63
146.96,,75
146.97,,63
146.98,,63
146.99,,63
147,,50
147.01,,75
147.02,,63
147.03,,63
147.04,,63
147.05,,63
147.06,,63
147.07,,63
147.08,,50
147.09,,63
147.1,,63
147.11,,50
147.12,,63
147.13,,63
147.14,,50
147.15,,63
147.16,,50
147.17,,50
147.18,,63
147.19,,50
147.2,,63
147.21,,63
147.22,,50
147.23,,63
147.24,,50
147.25,,50
147.26,,63
147.27,,50
147.28,,50
147.29,,63
147.3,,50
147.31,,50
147.32,,50
147.33,,37
147.34,,50
147.35,,50
147.36,,37
147.37,,50
147.38,,50
147.39,,37
147.4,,37
147.41,,25
147.42,,37
147.43,,37
147.44,,25
147.45,,37
147.46,,37
147.47,,25
147.48,,37
147.49,,25
147.5,,12
147.51,,12
147.52,,0
147.53,,0
147.54,,0
147.55,,0
147.56,,0
147.57,,0
147.58,,0
147.59,,0
147.6,,0
147.61,,0
147.62,,0
147.63,,0
147.64,,0
147.65,,0
147.66,,0
147.67,,0
147.68,,0
147.69,,0
147.7,,0
147.71,,0
147.72,,0
147.73,,0
147.74,,0
147.75,,0
147.76,,0
147.77,,0
147.78,,0
147.79,,0
147.8,,0
147.81,,0
147.82,,0
147.83,,0
147.84,,0
147.85,,0
147.86,,0
147.87,,0
147.88,,0
147.89,,0
147.9,,0
147.91,,0
147.92,,0
147.93,,0
147.94,,0
147.95,,0
147.96,,0
147.97,,0
147.98,,0
147.99,,0
148,,0
148.01,,0
148.02,,0
148.03,,0
148.04,,0
148.05,,0
148.06,,0
148.07,,0
148.08,,0
148.09,,12
148.1,,0
148.11,,0
148.12,,0
148.13,,0
148.14,,0
148.15,,0
148.16,,0
148.17,,12
148.18,,0
148.19,,0
148.2,,0
148.21,,0
148.22,,0
148.23,,0
148.24,,0
148.25,,0
148.26,,0
148.27,,0
148.28,,0
148.29,,0
148.3,,0
148.31,,0
148.32,,0
148.33,,0
148.34,,0
148.35,,0
148.36,,0
148.37,,0
148.38,,0
148.39,,0
148.4,,0
148.41,,0
148.42,,0
148.43,,0
148.44,,0
148.45,,0
148.46,,0
148.47,,0
148.48,,0
148.49,,0
148.5,,0
148.51,,0
148.52,,0
148.53,,0
148.54,,0
148.55,,0
148.56,,0
148.57,,0
148.58,,0
148.59,,0
148.6,,0
148.61,,0
148.62,,0
148.63,,0
148.64,,0
148.65,,0
148.66,,0
148.67,,0
148.68,,0
148.69,,0
148.7,,0
148.71,,0
148.72,,0
148.73,,0
148.74,,0
148.75,,0
148.76,,0
148.77,,0
148.78,,0
148.79,,0
148.8,,0
148.81,,0
148.82,,0
148.83,,0
148.84,,0
148.85,,0
148.86,,0
148.87,,0
148.88,,0
148.89,,0
148.9,,0
148.91,,0
148.92,,0
148.93,,0
148.94,,0
148.95,,0
148.96,,0
148.97,,0
148.98,,0
148.99,,0
149,,0
149.01,,0
149.02,,0
149.03,,0
149.04,,0
149.05,,0
149.06,,0
149.07,,0
149.08,,0
149.09,,0
149.1,,0
149.11,,0
149.12,,0
149.13,,0
149.14,,0
149.15,,0
149.16,,0
149.17,,0
149.18,,0
149.19,,0
149.2,,0
149.21,,0
149.22,,0
149.23,,0
149.24,,0
149.25,,0
149.26,,0
149.27,,0
149.28,,0
149.29,,0
149.3,,0
149.31,,0
149.32,,0
149.33,,0
149.34,,0
149.35,,0
149.36,,0
149.37,,0
149.38,,12
149.39,,0
149.4,,0
149.41,,0
149.42,,0
149.43,,0
149.44,,0
149.45,,0
149.46,,0
149.47,,0
149.48,,0
149.49,,0
149.5,,0
149.51,,0
149.52,,0
149.53,,0
149.54,,0
149.55,,0
149.56,,0
149.57,,0
149.58,,0
149.59,,0
149.6,,0
149.61,,0
149.62,,0
149.63,,0
149.64,,0
149.65,,0
149.66,,0
149.67,,0
149.68,,0
149.69,,0
149.7,,0
149.71,,0
149.72,,0
149.73,,0
149.74,,0
149.75,,0
149.76,,0
149.77,,0
149.78,,0
149.79,,0
149.8,,0
149.81,,0
149.82,,0
149.83,,0
149.84,,0
149.85,,12
149.86,,0
149.87,,0
149.88,,0
149.89,,0
149.9,,12
149.91,,25
149.92,,75
149.93,,113
149.94,,239
149.95,,341
149.96,,543
149.97,,947
149.98,,1642
149.99,,1591
150,,1705
150.01,,1882
150.02,,2109
150.03,,1995
150.04,,2248
150.05,,2248
150.06,,2361
150.07,,2500
150.08,,2538
150.09,,2576
150.1,,2488
150.11,,2652
150.12,,2601
150.13,,2614
150.14,,2551
150.15,,2488
150.16,,2361
150.17,,2134
150.18,,2134
150.19,,2020
150.2,,2058
150.21,,2058
150.22,,2046
150.23,,2058
150.24,,1983
150.25,,2084
150.26,,2046
150.27,,1995
150.28,,1856
150.29,,1692
150.3,,1591
150.31,,1364
150.32,,1402
150.33,,1351
150.34,,1351
150.35,,1364
150.36,,1338
150.37,,1351
150.38,,1263
150.39,,1338
150.4,,1338
150.41,,1326
150.42,,1351
150.43,,1351
150.44,,1414
150.45,,1427
150.46,,1679
150.47,,1768
150.48,,1856
150.49,,1983
150.5,,2109
150.51,,2286
150.52,,2273
150.53,,2349
150.54,,2463
150.55,,2475
150.56,,2488
150.57,,2488
150.58,,2488
150.59,,2538
150.6,,2387
150.61,,2399
150.62,,2412
150.63,,2374
150.64,,2387
150.65,,2374
150.66,,2374
150.67,,2399
150.68,,2298
150.69,,2387
150.7,,2450
150.71,,2387
150.72,,2425
150.73,,2374
150.74,,2361
150.75,,2399
150.76,,2311
150.77,,2349
150.78,,2425
150.79,,2374
150.8,,2399
150.81,,2387
150.82,,2349
150.83,,2387
150.84,,2286
150.85,,2235
150.86,,2273
150.87,,2286
150.88,,2235
150.89,,2235
150.9,,2122
150.91,,2046
150.92,,2033
150.93,,1780
150.94,,1768
150.95,,1679
150.96,,1629
150.97,,1654
150.98,,1667
150.99,,1667
151,,1667
151.01,,1692
151.02,,1604
151.03,,1705
151.04,,1705
151.05,,1629
151.06,,1604
151.07,,1540
151.08,,1528
151.09,,1553
151.1,,1604
151.11,,1553
151.12,,1578
151.13,,1629
151.14,,1654
151.15,,1667
151.16,,1654
151.17,,1616
151.18,,1578
151.19,,1566
151.2,,1490
151.21,,1338
151.22,,1389
151.23,,1275
151.24,,1136
151.25,,1124
151.26,,1086
151.27,,959
151.28,,871
151.29,,858
151.3,,795
151.31,,821
151.32,,821
151.33,,795
151.34,,757
151.35,,770
151.36,,682
151.37,,543
151.38,,492
151.39,,492
151.4,,454
151.41,,517
151.42,,555
151.43,,581
151.44,,606
151.45,,669
151.46,,682
151.47,,669
151.48,,694
151.49,,707
151.5,,656
151.51,,732
151.52,,707
151.53,,707
151.54,,732
151.55,,719
151.56,,618
151.57,,631
151.58,,631
151.59,,618
151.6,,581
151.61,,707
151.62,,719
151.63,,719
151.64,,732
151.65,,732
151.66,,745
151.67,,732
151.68,,732
151.69,,732
151.7,,682
151.71,,707
151.72,,694
151.73,,669
151.74,,593
151.75,,517
151.76,,429
151.77,,366
151.78,,328
151.79,,290
151.8,,252
151.81,,227
151.82,,227
151.83,,176
151.84,,126
151.85,,88
151.86,,50
151.87,,25
151.88,,0
151.89,,0
151.9,,0
151.91,,0
151.92,,0
151.93,,0
151.94,,0
151.95,,0
151.96,,0
151.97,,0
151.98,,0
151.99,,0
152,,12
152.01,,0
152.02,,0
152.03,,12
152.04,,25
152.05,,12
152.06,,0
152.07,,0
152.08,,12
152.09,,12
152.1,,12
152.11,,12
152.12,,12
152.13,,12
152.14,,25
152.15,,12
152.16,,12
152.17,,12
152.18,,12
152.19,,25
152.2,,25
152.21,,25
152.22,,12
152.23,,12
152.24,,25
152.25,,37
152.26,,25
152.27,,25
152.28,,37
152.29,,37
152.3,,37
152.31,,50
152.32,,37
152.33,,37
152.34,,50
152.35,,63
152.36,,50
152.37,,50
152.38,,63
152.39,,88
152.4,,101
152.41,,101
152.42,,113
152.43,,113
152.44,,113
152.45,,138
152.46,,138
152.47,,138
152.48,,126
152.49,,138
152.5,,126
152.51,,126
152.52,,126
152.53,,126
152.54,,101
152.55,,101
152.56,,126
152.57,,113
152.58,,113
152.59,,101
152.6,,113
152.61,,101
152.62,,101
152.63,,88
152.64,,75
152.65,,63
152.66,,63
152.67,,88
152.68,,75
152.69,,75
152.7,,63
152.71,,75
152.72,,63
152.73,,75
152.74,,75
152.75,,50
152.76,,50
152.77,,63
152.78,,75
152.79,,63
152.8,,63
152.81,,63
152.82,,63
152.83,,63
152.84,,75
152.85,,75
152.86,,63
152.87,,63
152.88,,88
152.89,,75
152.9,,63
152.91,,63
152.92,,75
152.93,,75
152.94,,75
152.95,,75
152.96,,63
152.97,,50
152.98,,63
152.99,,75
153,,63
153.01,,50
153.02,,50
153.03,,50
153.04,,50
153.05,,50
153.06,,37
153.07,,25
153.08,,12
153.09,,25
153.1,,37
153.11,,25
153.12,,25
153.13,,25
153.14,,37
153.15,,37
153.16,,37
153.17,,37
153.18,,25
153.19,,37
153.2,,50
153.21,,37
153.22,,37
153.23,,37
153.24,,37
153.25,,50
153.26,,50
153.27,,50
153.28,,37
153.29,,25
153.3,,50
153.31,,50
153.32,,50
153.33,,37
153.34,,37
153.35,,50
153.36,,50
153.37,,50
153.38,,50
153.39,,25
153.4,,37
153.41,,50
153.42,,50
153.43,,37
153.44,,37
153.45,,37
153.46,,50
153.47,,50
153.48,,50
153.49,,37
153.5,,25
153.51,,37
153.52,,63
153.53,,50
153.54,,50
153.55,,50
153.56,,50
153.57,,50
153.58,,50
153.59,,50
153.6,,25
153.61,,37
153.62,,50
153.63,,25
153.64,,25
153.65,,12
153.66,,25
153.67,,12
153.68,,25
153.69,,25
153.7,,0
153.71,,12
153.72,,25
153.73,,25
153.74,,12
153.75,,12
153.76,,12
153.77,,25
153.78,,25
153.79,,25
153.8,,12
153.81,,12
153.82,,25
153.83,,25
153.84,,12
153.85,,12
153.86,,25
153.87,,25
153.88,,25
153.89,,25
153.9,,12
153.91,,12
153.92,,25
153.93,,37
153.94,,25
153.95,,12
153.96,,25
153.97,,37
153.98,,25
153.99,,37
154,,25
154.01,,25
154.02,,25
154.03,,37
154.04,,25
154.05,,25
154.06,,37
154.07,,37
154.08,,37
154.09,,37
154.1,,37
154.11,,12
154.12,,12
154.13,,25
154.14,,25
154.15,,12
154.16,,12
154.17,,12
154.18,,12
154.19,,12
154.2,,0
154.21,,0
154.22,,0
154.23,,0
154.24,,0
154.25,,0
154.26,,0
154.27,,0
154.28,,0
154.29,,0
154.3,,0
154.31,,0
154.32,,0
154.33,,0
154.34,,0
154.35,,0
154.36,,0
154.37,,0
154.38,,0
154.39,,0
154.4,,0
154.41,,0
154.42,,0
154.43,,0
154.44,,0
154.45,,0
154.46,,0
154.47,,0
154.48,,0
154.49,,0
154.5,,0
154.51,,0
154.52,,0
154.53,,0
154.54,,0
154.55,,0
154.56,,0
154.57,,0
154.58,,12
154.59,,0
154.6,,0
154.61,,0
154.62,,0
154.63,,12
154.64,,0
154.65,,0
154.66,,0
154.67,,0
154.68,,0
154.69,,12
154.7,,0
154.71,,0
154.72,,0
154.73,,0
154.74,,0
154.75,,0
154.76,,0
154.77,,0
154.78,,12
154.79,,12
154.8,,0
154.81,,0
154.82,,0
154.83,,12
154.84,,0
154.85,,0
154.86,,0
154.87,,0
154.88,,0
154.89,,0
154.9,,0
154.91,,0
154.92,,0
154.93,,0
154.94,,0
154.95,,0
154.96,,0
154.97,,0
154.98,,0
154.99,,0
155,,0
155.01,,0
155.02,,0
155.03,,0
155.04,,0
155.05,,0
155.06,,0
155.07,,0
155.08,,0
155.09,,0
155.1,,0
155.11,,0
155.12,,0
155.13,,0
155.14,,0
155.15,,0
155.16,,0
155.17,,0
155.18,,0
155.19,,0
155.2,,0
155.21,,0
155.22,,0
155.23,,0
155.24,,0
155.25,,0
155.26,,0
155.27,,0
155.28,,0
155.29,,0
155.3,,0
155.31,,0
155.32,,0
155.33,,0
155.34,,0
155.35,,0
155.36,,0
155.37,,0
155.38,,0
155.39,,0
155.4,,0
155.41,,0
155.42,,0
155.43,,0
155.44,,0
155.45,,0
155.46,,0
155.47,,0
155.48,,0
155.49,,0
155.5,,0
155.51,,0
155.52,,0
155.53,,0
155.54,,0
155.55,,0
155.56,,0
155.57,,0
155.58,,0
155.59,,0
155.6,,0
155.61,,0
155.62,,0
155.63,,0
155.64,,0
155.65,,0
155.66,,0
155.67,,0
155.68,,0
155.69,,0
155.7,,0
155.71,,0
155.72,,0
155.73,,0
155.74,,0
155.75,,0
155.76,,0
155.77,,0
155.78,,0
155.79,,0
155.8,,0
155.81,,0
155.82,,0
155.83,,0
155.84,,0
155.85,,0
155.86,,0
155.87,,0
155.88,,0
155.89,,0
155.9,,0
155.91,,0
155.92,,0
155.93,,0
155.94,,0
155.95,,0
155.96,,0
155.97,,0
155.98,,0
155.99,,0
156,,0
156.01,,0
156.02,,0
156.03,,0
156.04,,0
156.05,,0
156.06,,0
156.07,,0
156.08,,0
156.09,,0
156.1,,0
156.11,,0
156.12,,0
156.13,,0
156.14,,0
156.15,,0
156.16,,0
156.17,,0
156.18,,0
156.19,,0
156.2,,0
156.21,,0
156.22,,0
156.23,,0
156.24,,0
156.25,,0
156.26,,0
156.27,,0
156.28,,0
156.29,,0
156.3,,0
156.31,,0
156.32,,0
156.33,,0
156.34,,0
156.35,,0
156.36,,0
156.37,,0
156.38,,0
156.39,,0
156.4,,0
156.41,,0
156.42,,0
156.43,,0
156.44,,0
156.45,,0
156.46,,0
156.47,,0
156.48,,0
156.49,,0
156.5,,0
156.51,,0
156.52,,0
156.53,,0
156.54,,0
156.55,,0
156.56,,0
156.57,,0
156.58,,0
156.59,,0
156.6,,0
156.61,,0
156.62,,0
156.63,,0
156.64,,0
156.65,,0
156.66,,0
156.67,,0
156.68,,0
156.69,,0
156.7,,0
156.71,,0
156.72,,0
156.73,,0
156.74,,0
156.75,,0
156.76,,0
156.77,,0
156.78,,0
156.79,,0
156.8,,12
156.81,,12
156.82,,37
156.83,,50
156.84,,75
156.85,,88
156.86,,101
156.87,,88
156.88,,101
156.89,,113
156.9,,113
156.91,,126
156.92,,113
156.93,,101
156.94,,88
156.95,,101
156.96,,101
156.97,,88
156.98,,101
156.99,,88
157,,101
157.01,,88
157.02,,138
157.03,,151
157.04,,189
157.05,,252
157.06,,328
157.07,,404
157.08,,517
157.09,,669
157.1,,884
157.11,,1023
157.12,,1023
157.13,,1086
157.14,,1162
157.15,,1237
157.16,,1439
157.17,,1402
157.18,,1439
157.19,,1439
157.2,,1452
157.21,,1452
157.22,,1326
157.23,,1427
157.24,,1351
157.25,,1389
157.26,,1376
157.27,,1338
157.28,,1364
157.29,,1275
157.3,,1212
157.31,,1275
157.32,,1275
157.33,,1263
157.34,,1237
157.35,,1263
157.36,,1275
157.37,,1199
157.38,,1212
157.39,,1225
157.4,,1098
157.41,,997
157.42,,896
157.43,,846
157.44,,884
157.45,,821
157.46,,884
157.47,,922
157.48,,934
157.49,,959
157.5,,959
157.51,,934
157.52,,934
157.53,,833
157.54,,846
157.55,,808
157.56,,669
157.57,,606
157.58,,517
157.59,,442
157.6,,391
157.61,,341
157.62,,341
157.63,,353
157.64,,353
157.65,,353
157.66,,366
157.67,,353
157.68,,366
157.69,,353
157.7,,353
157.71,,366
157.72,,353
157.73,,366
157.74,,378
157.75,,378
157.76,,391
157.77,,366
157.78,,391
157.79,,404
157.8,,404
157.81,,416
157.82,,416
157.83,,416
157.84,,416
157.85,,378
157.86,,404
157.87,,404
157.88,,391
157.89,,378
157.9,,353
157.91,,315
157.92,,265
157.93,,202
157.94,,202
157.95,,176
157.96,,151
157.97,,151
157.98,,151
157.99,,138
158,,151
158.01,,138
158.02,,138
158.03,,151
158.04,,164
158.05,,176
158.06,,189
158.07,,202
158.08,,227
158.09,,227
158.1,,239
158.11,,277
158.12,,277
158.13,,265
158.14,,277
158.15,,265
158.16,,265
158.17,,265
158.18,,239
158.19,,265
158.2,,252
158.21,,227
158.22,,239
158.23,,227
158.24,,227
158.25,,227
158.26,,202
158.27,,227
158.28,,202
158.29,,176
158.3,,164
158.31,,138
158.32,,113
158.33,,88
158.34,,50
158.35,,37
158.36,,12
158.37,,0
158.38,,0
158.39,,0
158.4,,0
158.41,,0
158.42,,0
158.43,,0
158.44,,0
158.45,,0
158.46,,0
158.47,,0
158.48,,0
158.49,,0
158.5,,0
158.51,,0
158.52,,0
158.53,,0
158.54,,0
158.55,,0
158.56,,0
158.57,,0
158.58,,0
158.59,,0
158.6,,0
158.61,,0
158.62,,0
158.63,,12
158.64,,37
158.65,,25
158.66,,37
158.67,,50
158.68,,63
158.69,,63
158.7,,75
158.71,,75
158.72,,113
158.73,,126
158.74,,138
158.75,,151
158.76,,164
158.77,,164
158.78,,138
158.79,,176
158.8,,164
158.81,,176
158.82,,176
158.83,,176
158.84,,176
158.85,,138
158.86,,164
158.87,,151
158.88,,151
158.89,,151
158.9,,151
158.91,,151
158.92,,138
158.93,,126
158.94,,138
158.95,,126
158.96,,101
158.97,,88
158.98,,63
158.99,,50
159,,37
159.01,,12
159.02,,12
159.03,,12
159.04,,12
159.05,,0
159.06,,0
159.07,,0
159.08,,0
159.09,,0
159.1,,0
159.11,,0
159.12,,0
159.13,,0
159.14,,0
159.15,,0
159.16,,0
159.17,,0
159.18,,0
159.19,,0
159.2,,0
159.21,,0
159.22,,0
159.23,,0
159.24,,0
159.25,,0
159.26,,0
159.27,,0
159.28,,12
159.29,,12
159.3,,25
159.31,,25
159.32,,25
159.33,,12
159.34,,37
159.35,,37
159.36,,37
159.37,,50
159.38,,37
159.39,,50
159.4,,37
159.41,,25
159.42,,50
159.43,,37
159.44,,37
159.45,,37
159.46,,37
159.47,,37
159.48,,25
159.49,,25
159.5,,37
159.51,,25
159.52,,25
159.53,,25
159.54,,25
159.55,,25
159.56,,12
159.57,,25
159.58,,37
159.59,,25
159.6,,25
159.61,,25
159.62,,25
159.63,,25
159.64,,12
159.65,,37
159.66,,37
159.67,,37
159.68,,37
159.69,,37
159.7,,37
159.71,,25
159.72,,25
159.73,,37
159.74,,25
159.75,,12
159.76,,12
159.77,,25
159.78,,12
159.79,,0
159.8,,0
159.81,,12
159.82,,0
159.83,,12
159.84,,12
159.85,,12
159.86,,0
159.87,,0
159.88,,0
159.89,,0
159.9,,0
159.91,,0
159.92,,0
159.93,,0
159.94,,0
159.95,,0
159.96,,0
159.97,,0
159.98,,0
159.99,,0
160,,0
160.01,,0
160.02,,0
160.03,,0
160.04,,0
160.05,,0
160.06,,0
160.07,,0
160.08,,0
160.09,,0
160.1,,0
160.11,,0
160.12,,0
160.13,,0
160.14,,0
160.15,,0
160.16,,0
160.17,,0
160.18,,0
160.19,,0
160.2,,0
160.21,,0
160.22,,0
160.23,,0
160.24,,0
160.25,,0
160.26,,0
160.27,,0
160.28,,0
160.29,,0
160.3,,0
160.31,,0
160.32,,0
160.33,,0
160.34,,0
160.35,,0
160.36,,0
160.37,,0
160.38,,0
160.39,,0
160.4,,0
160.41,,0
160.42,,0
160.43,,0
160.44,,0
160.45,,0
160.46,,0
160.47,,0
160.48,,0
160.49,,0
160.5,,0
160.51,,0
160.52,,0
160.53,,0
160.54,,0
160.55,,0
160.56,,0
160.57,,0
160.58,,0
160.59,,0
160.6,,0
160.61,,0
160.62,,0
160.63,,0
160.64,,0
160.65,,0
160.66,,0
160.67,,0
160.68,,0
160.69,,0
160.7,,0
160.71,,0
160.72,,0
160.73,,0
160.74,,0
160.75,,0
160.76,,0
160.77,,0
160.78,,0
160.79,,0
160.8,,0
160.81,,0
160.82,,0
160.83,,0
160.84,,0
160.85,,0
160.86,,0
160.87,,0
160.88,,0
160.89,,0
160.9,,0
160.91,,0
160.92,,0
160.93,,0
160.94,,0
160.95,,0
160.96,,0
160.97,,0
160.98,,0
160.99,,0
161,,0
161.01,,0
161.02,,0
161.03,,12
161.04,,12
161.05,,12
161.06,,37
161.07,,50
161.08,,37
161.09,,50
161.1,,63
161.11,,75
161.12,,75
161.13,,63
161.14,,75
161.15,,75
161.16,,63
161.17,,63
161.18,,75
161.19,,63
161.2,,50
161.21,,75
161.22,,50
161.23,,63
161.24,,75
161.25,,63
161.26,,63
161.27,,75
161.28,,101
161.29,,88
161.3,,101
161.31,,88
161.32,,88
161.33,,75
161.34,,88
161.35,,88
161.36,,88
161.37,,113
161.38,,113
161.39,,126
161.4,,101
161.41,,126
161.42,,126
161.43,,126
161.44,,113
161.45,,113
161.46,,75
161.47,,75
161.48,,75
161.49,,50
161.5,,63
161.51,,37
161.52,,25
161.53,,12
161.54,,0
161.55,,0
161.56,,0
161.57,,0
161.58,,12
161.59,,12
161.6,,0
161.61,,12
161.62,,12
161.63,,0
161.64,,12
161.65,,25
161.66,,12
161.67,,0
161.68,,0
161.69,,0
161.7,,0
161.71,,0
161.72,,0
161.73,,12
161.74,,0
161.75,,0
161.76,,0
161.77,,0
161.78,,0
161.79,,12
161.8,,0
161.81,,0
161.82,,12
161.83,,12
161.84,,12
161.85,,12
161.86,,0
161.87,,12
161.88,,12
161.89,,0
161.9,,0
161.91,,25
161.92,,25
161.93,,37
161.94,,75
161.95,,113
161.96,,151
161.97,,176
161.98,,189
161.99,,189
162,,202
162.01,,189
162.02,,189
162.03,,202
162.04,,227
162.05,,227
162.06,,252
162.07,,239
162.08,,239
162.09,,214
162.1,,214
162.11,,176
162.12,,189
162.13,,176
162.14,,151
162.15,,151
162.16,,138
162.17,,151
162.18,,138
162.19,,164
162.2,,151
162.21,,138
162.22,,126
162.23,,101
162.24,,101
162.25,,75
162.26,,101
162.27,,126
162.28,,189
162.29,,239
162.3,,277
162.31,,341
162.32,,378
162.33,,467
162.34,,530
162.35,,593
162.36,,707
162.37,,884
162.38,,959
162.39,,959
162.4,,1162
162.41,,1136
162.42,,1174
162.43,,1174
162.44,,1225
162.45,,1275
162.46,,1250
162.47,,1439
162.48,,1427
162.49,,1439
162.5,,1439
162.51,,1414
162.52,,1414
162.53,,1338
162.54,,1376
162.55,,1389
162.56,,1364
162.57,,1389
162.58,,1389
162.59,,1351
162.6,,1364
162.61,,1250
162.62,,1326
162.63,,1364
162.64,,1338
162.65,,1389
162.66,,1351
162.67,,1364
162.68,,1364
162.69,,1300
162.7,,1364
162.71,,1376
162.72,,1414
162.73,,1490
162.74,,1490
162.75,,1452
162.76,,1515
162.77,,1553
162.78,,1604
162.79,,1755
162.8,,1679
162.81,,1705
162.82,,1818
162.83,,1806
162.84,,1869
162.85,,1907
162.86,,1919
162.87,,1869
162.88,,1983
162.89,,1919
162.9,,1932
162.91,,1970
162.92,,1945
162.93,,2058
162.94,,2172
162.95,,2122
162.96,,2058
162.97,,2185
162.98,,2096
162.99,,2058
163,,2096
163.01,,2020
163.02,,2046
163.03,,2071
163.04,,2033
163.05,,1995
163.06,,2096
163.07,,2033
163.08,,1970
163.09,,2020
163.1,,1957
163.11,,1983
163.12,,1970
163.13,,1919
163.14,,1869
163.15,,1983
163.16,,1919
163.17,,1907
163.18,,1932
163.19,,1869
163.2,,1894
163.21,,1919
163.22,,1844
163.23,,1730
163.24,,1844
163.25,,1780
163.26,,1717
163.27,,1743
163.28,,1743
163.29,,1679
163.3,,1743
163.31,,1692
163.32,,1540
163.33,,1616
163.34,,1629
163.35,,1566
163.36,,1540
163.37,,1578
163.38,,1540
163.39,,1591
163.4,,1642
163.41,,1604
163.42,,1452
163.43,,1528
163.44,,1540
163.45,,1477
163.46,,1490
163.47,,1528
163.48,,1503
163.49,,1503
163.5,,1553
163.51,,1553
163.52,,1452
163.53,,1490
163.54,,1515
163.55,,1439
163.56,,1414
163.57,,1427
163.58,,1439
163.59,,1389
163.6,,1389
163.61,,1389
163.62,,1376
163.63,,1288
163.64,,1351
163.65,,1250
163.66,,1237
163.67,,1263
163.68,,1263
163.69,,1199
163.7,,1149
163.71,,1124
163.72,,1162
163.73,,1098
163.74,,1086
163.75,,1162
163.76,,1111
163.77,,1073
163.78,,1111
163.79,,1136
163.8,,1111
163.81,,1086
163.82,,1086
163.83,,1111
163.84,,1048
163.85,,1048
163.86,,1111
163.87,,1086
163.88,,1098
163.89,,1111
163.9,,1136
163.91,,1124
163.92,,1124
163.93,,1136
163.94,,1136
163.95,,1124
163.96,,1061
163.97,,1136
163.98,,1124
163.99,,1136
164,,1124
164.01,,1174
164.02,,1199
164.03,,1149
164.04,,1136
164.05,,1124
164.06,,1149
164.07,,1098
164.08,,1061
164.09,,1136
164.1,,1136
164.11,,1124
164.12,,1124
164.13,,1149
164.14,,1162
164.15,,1111
164.16,,1124
164.17,,1124
164.18,,1136
164.19,,1098
164.2,,1048
164.21,,1111
164.22,,1111
164.23,,1073
164.24,,1048
164.25,,1061
164.26,,1023
164.27,,947
164.28,,896
164.29,,909
164.3,,896
164.31,,871
164.32,,795
164.33,,770
164.34,,821
164.35,,745
164.36,,694
164.37,,656
164.38,,644
164.39,,593
164.4,,530
164.41,,454
164.42,,416
164.43,,378
164.44,,353
164.45,,290
164.46,,252
164.47,,252
164.48,,227
164.49,,202
164.5,,176
164.51,,151
164.52,,138
164.53,,126
164.54,,101
164.55,,75
164.56,,50
164.57,,50
164.58,,37
164.59,,25
164.6,,25
164.61,,25
164.62,,25
164.63,,12
164.64,,12
164.65,,12
164.66,,12
164.67,,12
164.68,,0
164.69,,0
164.7,,0
164.71,,0
164.72,,0
164.73,,0
164.74,,0
164.75,,0
164.76,,0
164.77,,0
164.78,,0
164.79,,0
164.8,,0
164.81,,0
164.82,,0
164.83,,0
164.84,,0
164.85,,0
164.86,,0
164.87,,0
164.88,,0
164.89,,0
164.9,,0
164.91,,0
164.92,,0
164.93,,0
164.94,,0
164.95,,0
164.96,,0
164.97,,0
164.98,,0
164.99,,0
165,,0
165.01,,0
165.02,,0
165.03,,0
165.04,,0
165.05,,0
165.06,,0
165.07,,0
165.08,,0
165.09,,0
165.1,,0
165.11,,0
165.12,,0
165.13,,0
165.14,,0
165.15,,0
165.16,,0
165.17,,0
165.18,,0
165.19,,0
165.2,,0
165.21,,0
165.22,,0
165.23,,0
165.24,,0
165.25,,0
165.26,,0
165.27,,0
165.28,,0
165.29,,0
165.3,,0
165.31,,0
165.32,,0
165.33,,0
165.34,,0
165.35,,0
165.36,,0
165.37,,0
165.38,,0
165.39,,0
165.4,,0
165.41,,0
165.42,,0
165.43,,0
165.44,,0
165.45,,0
165.46,,0
165.47,,0
165.48,,0
165.49,,0
165.5,,0
165.51,,0
165.52,,12
165.53,,12
165.54,,0
165.55,,0
165.56,,0
165.57,,12
165.58,,12
165.59,,25
165.6,,25
165.61,,37
165.62,,75
165.63,,88
165.64,,113
165.65,,138
165.66,,151
165.67,,164
165.68,,176
165.69,,202
165.7,,227
165.71,,239
165.72,,239
165.73,,239
165.74,,239
165.75,,252
165.76,,252
165.77,,239
165.78,,252
165.79,,252
165.8,,239
165.81,,227
165.82,,227
165.83,,227
165.84,,239
165.85,,239
165.86,,239
165.87,,227
165.88,,227
165.89,,227
165.9,,227
165.91,,214
165.92,,202
165.93,,202
165.94,,202
165.95,,189
165.96,,164
165.97,,164
165.98,,189
165.99,,189
166,,189
166.01,,189
166.02,,202
166.03,,202
166.04,,202
166.05,,214
166.06,,202
166.07,,202
166.08,,202
166.09,,202
166.1,,189
166.11,,176
166.12,,202
166.13,,214
166.14,,214
166.15,,214
166.16,,214
166.17,,227
166.18,,227
166.19,,239
166.2,,227
166.21,,227
166.22,,227
166.23,,227
166.24,,227
166.25,,214
166.26,,202
166.27,,214
166.28,,227
166.29,,227
166.3,,227
166.31,,214
166.32,,227
166.33,,227
166.34,,227
166.35,,227
166.36,,214
166.37,,227
166.38,,227
166.39,,227
166.4,,214
166.41,,202
166.42,,214
166.43,,239
166.44,,252
166.45,,277
166.46,,290
166.47,,341
166.48,,378
166.49,,416
166.5,,442
166.51,,454
166.52,,467
166.53,,479
166.54,,492
166.55,,479
166.56,,454
166.57,,467
166.58,,479
166.59,,492
166.6,,479
166.61,,479
166.62,,467
166.63,,479
166.64,,479
166.65,,479
166.66,,479
166.67,,467
166.68,,479
166.69,,479
166.7,,479
166.71,,467
166.72,,442
166.73,,442
166.74,,467
166.75,,467
166.76,,467
166.77,,467
166.78,,454
166.79,,467
166.8,,467
166.81,,454
166.82,,454
166.83,,442
166.84,,442
166.85,,416
166.86,,404
166.87,,391
166.88,,378
166.89,,366
166.9,,378
166.91,,391
166.92,,391
166.93,,404
166.94,,404
166.95,,391
166.96,,404
166.97,,404
166.98,,416
166.99,,416
167,,404
167.01,,404
167.02,,404
167.03,,404
167.04,,404
167.05,,391
167.06,,366
167.07,,353
167.08,,378
167.09,,378
167.1,,378
167.11,,366
167.12,,353
167.13,,353
167.14,,341
167.15,,341
167.16,,341
167.17,,328
167.18,,303
167.19,,303
167.2,,303
167.21,,290
167.22,,290
167.23,,265
167.24,,252
167.25,,252
167.26,,265
167.27,,265
167.28,,252
167.29,,252
167.3,,239
167.31,,227
167.32,,227
167.33,,227
167.34,,214
167.35,,202
167.36,,189
167.37,,176
167.38,,176
167.39,,164
167.4,,164
167.41,,151
167.42,,138
167.43,,138
167.44,,138
167.45,,151
167.46,,151
167.47,,138
167.48,,138
167.49,,126
167.5,,126
167.51,,126
167.52,,126
167.53,,138
167.54,,126
167.55,,126
167.56,,126
167.57,,126
167.58,,126
167.59,,138
167.6,,126
167.61,,113
167.62,,101
167.63,,101
167.64,,113
167.65,,113
167.66,,101
167.67,,101
167.68,,88
167.69,,88
167.7,,88
167.71,,88
167.72,,88
167.73,,88
167.74,,88
167.75,,88
167.76,,88
167.77,,88
167.78,,88
167.79,,88
167.8,,88
167.81,,75
167.82,,63
167.83,,75
167.84,,88
167.85,,88
167.86,,88
167.87,,88
167.88,,88
167.89,,88
167.9,,88
167.91,,88
167.92,,75
167.93,,88
167.94,,75
167.95,,75
167.96,,75
167.97,,75
167.98,,75
167.99,,75
168,,75
168.01,,63
168.02,,50
168.03,,50
168.04,,50
168.05,,50
168.06,,63
168.07,,50
168.08,,50
168.09,,63
168.1,,50
168.11,,50
168.12,,50
168.13,,37
168.14,,50
168.15,,37
168.16,,37
168.17,,25
168.18,,25
168.19,,25
168.2,,25
168.21,,25
168.22,,25
168.23,,12
168.24,,12
168.25,,12
168.26,,12
168.27,,25
168.28,,25
168.29,,25
168.3,,25
168.31,,12
168.32,,12
168.33,,12
168.34,,12
168.35,,12
168.36,,12
168.37,,12
168.38,,12
168.39,,12
168.4,,12
168.41,,25
168.42,,12
168.43,,12
168.44,,12
168.45,,0
168.46,,0
168.47,,0
168.48,,0
168.49,,0
168.5,,0
168.51,,0
168.52,,0
168.53,,0
168.54,,0
168.55,,0
168.56,,0
168.57,,0
168.58,,0
168.59,,0
168.6,,0
168.61,,0
168.62,,0
168.63,,0
168.64,,0
168.65,,0
168.66,,0
168.67,,0
168.68,,0
168.69,,0
168.7,,0
168.71,,0
168.72,,0
168.73,,0
168.74,,0
168.75,,0
168.76,,0
168.77,,0
168.78,,0
168.79,,0
168.8,,0
168.81,,0
168.82,,0
168.83,,0
168.84,,0
168.85,,0
168.86,,0
168.87,,0
168.88,,0
168.89,,0
168.9,,0
168.91,,0
168.92,,0
168.93,,0
168.94,,0
168.95,,0
168.96,,0
168.97,,0
168.98,,0
168.99,,0
169,,0
169.01,,0
169.02,,0
169.03,,0
169.04,,0
169.05,,0
169.06,,0
169.07,,0
169.08,,0
169.09,,0
169.1,,0
169.11,,0
169.12,,0
169.13,,0
169.14,,0
169.15,,0
169.16,,0
169.17,,0
169.18,,0
169.19,,0
169.2,,0
169.21,,0
169.22,,0
169.23,,0
169.24,,0
169.25,,0
169.26,,0
169.27,,0
169.28,,0
169.29,,0
169.3,,0
169.31,,0
169.32,,0
169.33,,0
169.34,,0
169.35,,0
169.36,,0
169.37,,0
169.38,,0
169.39,,0
169.4,,0
169.41,,0
169.42,,0
169.43,,0
169.44,,0
169.45,,0
169.46,,0
169.47,,0
169.48,,0
169.49,,0
169.5,,0
169.51,,0
169.52,,0
169.53,,0
169.54,,0
169.55,,0
169.56,,0
169.57,,0
169.58,,0
169.59,,0
169.6,,0
169.61,,0
169.62,,0
169.63,,0
169.64,,0
169.65,,0
169.66,,0
169.67,,0
169.68,,0
169.69,,0
169.7,,0
169.71,,0
169.72,,0
169.73,,0
169.74,,0
169.75,,0
169.76,,0
169.77,,0
169.78,,0
169.79,,0
169.8,,0
169.81,,0
169.82,,0
169.83,,0
169.84,,0
169.85,,0
169.86,,0
169.87,,0
169.88,,0
169.89,,101