Time,,Actual ACCurrent (2)
s,,
,,
,,
0,,0
0.01,,0
0.02,,0
0.03,,0
0.04,,0
0.05,,0
0.06,,0
0.07,,0
0.08,,0.9
0.09,,0.9
0.1,,0.9
0.11,,0.9
0.12,,0.9
0.13,,0.9
0.14,,0.9
0.15,,0.9
0.16,,0.9
0.17,,0.9
0.18,,2.4
0.19,,2.4
0.2,,2.4
0.21,,2.4
0.22,,2.4
0.23,,2.4
0.24,,2.4
0.25,,2.4
0.26,,2.4
0.27,,2.4
0.28,,9.9
0.29,,9.9
0.3,,9.9
0.31,,9.9
0.32,,9.9
0.33,,9.9
0.34,,9.9
0.35,,9.9
0.36,,9.9
0.37,,9.9
0.38,,48.8
0.39,,48.8
0.4,,48.8
0.41,,48.8
0.42,,48.8
0.43,,48.8
0.44,,48.8
0.45,,48.8
0.46,,48.8
0.47,,48.8
0.48,,68.5
0.49,,68.5
0.5,,68.5
0.51,,68.5
0.52,,68.5
0.53,,68.5
0.54,,68.5
0.55,,68.5
0.56,,68.5
0.57,,68.5
0.58,,80.2
0.59,,80.2
0.6,,80.2
0.61,,80.2
0.62,,80.2
0.63,,80.2
0.64,,80.2
0.65,,80.2
0.66,,80.2
0.67,,80.2
0.68,,64.9
0.69,,64.9
0.7,,64.9
0.71,,64.9
0.72,,64.9
0.73,,64.9
0.74,,64.9
0.75,,64.9
0.76,,64.9
0.77,,64.9
0.78,,69.7
0.79,,69.7
0.8,,69.7
0.81,,69.7
0.82,,69.7
0.83,,69.7
0.84,,69.7
0.85,,69.7
0.86,,69.7
0.87,,69.7
0.88,,52
0.89,,52
0.9,,52
0.91,,52
0.92,,52
0.93,,52
0.94,,52
0.95,,52
0.96,,52
0.97,,52
0.98,,44.3
0.99,,44.3
1,,44.3
1.01,,44.3
1.02,,44.3
1.03,,44.3
1.04,,44.3
1.05,,44.3
1.06,,44.3
1.07,,44.3
1.08,,43.4
1.09,,43.4
1.1,,43.4
1.11,,43.4
1.12,,43.4
1.13,,43.4
1.14,,43.4
1.15,,43.4
1.16,,43.4
1.17,,43.4
1.18,,42.1
1.19,,42.1
1.2,,42.1
1.21,,42.1
1.22,,42.1
1.23,,42.1
1.24,,42.1
1.25,,42.1
1.26,,42.1
1.27,,42.1
1.28,,42
1.29,,42
1.3,,42
1.31,,42
1.32,,42
1.33,,42
1.34,,42
1.35,,42
1.36,,42
1.37,,42
1.38,,39.4
1.39,,39.4
1.4,,39.4
1.41,,39.4
1.42,,39.4
1.43,,39.4
1.44,,39.4
1.45,,39.4
1.46,,39.4
1.47,,39.4
1.48,,42.2
1.49,,42.2
1.5,,42.2
1.51,,42.2
1.52,,42.2
1.53,,42.2
1.54,,42.2
1.55,,42.2
1.56,,42.2
1.57,,42.2
1.58,,41
1.59,,41
1.6,,41
1.61,,41
1.62,,41
1.63,,41
1.64,,41
1.65,,41
1.66,,41
1.67,,41
1.68,,40.2
1.69,,40.2
1.7,,40.2
1.71,,40.2
1.72,,40.2
1.73,,40.2
1.74,,40.2
1.75,,40.2
1.76,,40.2
1.77,,40.2
1.78,,43.8
1.79,,43.8
1.8,,43.8
1.81,,43.8
1.82,,43.8
1.83,,43.8
1.84,,43.8
1.85,,43.8
1.86,,43.8
1.87,,43.8
1.88,,43.4
1.89,,43.4
1.9,,43.4
1.91,,43.4
1.92,,43.4
1.93,,43.4
1.94,,43.4
1.95,,43.4
1.96,,43.4
1.97,,43.4
1.98,,42.1
1.99,,42.1
2,,42.1
2.01,,42.1
2.02,,42.1
2.03,,42.1
2.04,,42.1
2.05,,42.1
2.06,,42.1
2.07,,42.1
2.08,,45.1
2.09,,45.1
2.1,,45.1
2.11,,45.1
2.12,,45.1
2.13,,45.1
2.14,,45.1
2.15,,45.1
2.16,,45.1
2.17,,45.1
2.18,,48.1
2.19,,48.1
2.2,,48.1
2.21,,48.1
2.22,,48.1
2.23,,48.1
2.24,,48.1
2.25,,48.1
2.26,,48.1
2.27,,48.1
2.28,,53.2
2.29,,53.2
2.3,,53.2
2.31,,53.2
2.32,,53.2
2.33,,53.2
2.34,,53.2
2.35,,53.2
2.36,,53.2
2.37,,53.2
2.38,,57.1
2.39,,57.1
2.4,,57.1
2.41,,57.1
2.42,,57.1
2.43,,57.1
2.44,,57.1
2.45,,57.1
2.46,,57.1
2.47,,57.1
2.48,,64.1
2.49,,64.1
2.5,,64.1
2.51,,64.1
2.52,,64.1
2.53,,64.1
2.54,,64.1
2.55,,64.1
2.56,,64.1
2.57,,64.1
2.58,,67.9
2.59,,67.9
2.6,,67.9
2.61,,67.9
2.62,,67.9
2.63,,67.9
2.64,,67.9
2.65,,67.9
2.66,,67.9
2.67,,67.9
2.68,,69.8
2.69,,69.8
2.7,,69.8
2.71,,69.8
2.72,,69.8
2.73,,69.8
2.74,,69.8
2.75,,69.8
2.76,,69.8
2.77,,69.8
2.78,,74.4
2.79,,74.4
2.8,,74.4
2.81,,74.4
2.82,,74.4
2.83,,74.4
2.84,,74.4
2.85,,74.4
2.86,,74.4
2.87,,74.4
2.88,,76.7
2.89,,76.7
2.9,,76.7
2.91,,76.7
2.92,,76.7
2.93,,76.7
2.94,,76.7
2.95,,76.7
2.96,,76.7
2.97,,76.7
2.98,,83.8
2.99,,83.8
3,,83.8
3.01,,83.8
3.02,,83.8
3.03,,83.8
3.04,,83.8
3.05,,83.8
3.06,,83.8
3.07,,83.8
3.08,,83.5
3.09,,83.5
3.1,,83.5
3.11,,83.5
3.12,,83.5
3.13,,83.5
3.14,,83.5
3.15,,83.5
3.16,,83.5
3.17,,83.5
3.18,,83.1
3.19,,83.1
3.2,,83.1
3.21,,83.1
3.22,,83.1
3.23,,83.1
3.24,,83.1
3.25,,83.1
3.26,,83.1
3.27,,83.1
3.28,,84.6
3.29,,84.6
3.3,,84.6
3.31,,84.6
3.32,,84.6
3.33,,84.6
3.34,,84.6
3.35,,84.6
3.36,,84.6
3.37,,84.6
3.38,,85.2
3.39,,85.2
3.4,,85.2
3.41,,85.2
3.42,,85.2
3.43,,85.2
3.44,,85.2
3.45,,85.2
3.46,,85.2
3.47,,85.2
3.48,,83.1
3.49,,83.1
3.5,,83.1
3.51,,83.1
3.52,,83.1
3.53,,83.1
3.54,,83.1
3.55,,83.1
3.56,,83.1
3.57,,83.1
3.58,,86.9
3.59,,86.9
3.6,,86.9
3.61,,86.9
3.62,,86.9
3.63,,86.9
3.64,,86.9
3.65,,86.9
3.66,,86.9
3.67,,86.9
3.68,,94.5
3.69,,94.5
3.7,,94.5
3.71,,94.5
3.72,,94.5
3.73,,94.5
3.74,,94.5
3.75,,94.5
3.76,,94.5
3.77,,94.5
3.78,,89.7
3.79,,89.7
3.8,,89.7
3.81,,89.7
3.82,,89.7
3.83,,89.7
3.84,,89.7
3.85,,89.7
3.86,,89.7
3.87,,89.7
3.88,,97.7
3.89,,97.7
3.9,,97.7
3.91,,97.7
3.92,,97.7
3.93,,97.7
3.94,,97.7
3.95,,97.7
3.96,,97.7
3.97,,97.7
3.98,,98.7
3.99,,98.7
4,,98.7
4.01,,98.7
4.02,,98.7
4.03,,98.7
4.04,,98.7
4.05,,98.7
4.06,,98.7
4.07,,98.7
4.08,,99.3
4.09,,99.3
4.1,,99.3
4.11,,99.3
4.12,,99.3
4.13,,99.3
4.14,,99.3
4.15,,99.3
4.16,,99.3
4.17,,99.3
4.18,,104.9
4.19,,104.9
4.2,,104.9
4.21,,104.9
4.22,,104.9
4.23,,104.9
4.24,,104.9
4.25,,104.9
4.26,,104.9
4.27,,104.9
4.28,,113.9
4.29,,113.9
4.3,,113.9
4.31,,113.9
4.32,,113.9
4.33,,113.9
4.34,,113.9
4.35,,113.9
4.36,,113.9
4.37,,113.9
4.38,,112.5
4.39,,112.5
4.4,,112.5
4.41,,112.5
4.42,,112.5
4.43,,112.5
4.44,,112.5
4.45,,112.5
4.46,,112.5
4.47,,112.5
4.48,,106.3
4.49,,106.3
4.5,,106.3
4.51,,106.3
4.52,,106.3
4.53,,106.3
4.54,,106.3
4.55,,106.3
4.56,,106.3
4.57,,106.3
4.58,,110.9
4.59,,110.9
4.6,,110.9
4.61,,110.9
4.62,,110.9
4.63,,110.9
4.64,,110.9
4.65,,110.9
4.66,,110.9
4.67,,110.9
4.68,,107.6
4.69,,107.6
4.7,,107.6
4.71,,107.6
4.72,,107.6
4.73,,107.6
4.74,,107.6
4.75,,107.6
4.76,,107.6
4.77,,107.6
4.78,,108.1
4.79,,108.1
4.8,,108.1
4.81,,108.1
4.82,,108.1
4.83,,108.1
4.84,,108.1
4.85,,108.1
4.86,,108.1
4.87,,108.1
4.88,,109.7
4.89,,109.7
4.9,,109.7
4.91,,109.7
4.92,,109.7
4.93,,109.7
4.94,,109.7
4.95,,109.7
4.96,,109.7
4.97,,109.7
4.98,,112
4.99,,112
5,,112
5.01,,112
5.02,,112
5.03,,112
5.04,,112
5.05,,112
5.06,,112
5.07,,112
5.08,,116.6
5.09,,116.6
5.1,,116.6
5.11,,116.6
5.12,,116.6
5.13,,116.6
5.14,,116.6
5.15,,116.6
5.16,,116.6
5.17,,116.6
5.18,,123
5.19,,123
5.2,,123
5.21,,123
5.22,,123
5.23,,123
5.24,,123
5.25,,123
5.26,,123
5.27,,123
5.28,,122.4
5.29,,122.4
5.3,,122.4
5.31,,122.4
5.32,,122.4
5.33,,122.4
5.34,,122.4
5.35,,122.4
5.36,,122.4
5.37,,122.4
5.38,,126.6
5.39,,126.6
5.4,,126.6
5.41,,126.6
5.42,,126.6
5.43,,126.6
5.44,,126.6
5.45,,126.6
5.46,,126.6
5.47,,126.6
5.48,,135
5.49,,135
5.5,,135
5.51,,135
5.52,,135
5.53,,135
5.54,,135
5.55,,135
5.56,,135
5.57,,135
5.58,,169.9
5.59,,169.9
5.6,,169.9
5.61,,169.9
5.62,,169.9
5.63,,169.9
5.64,,169.9
5.65,,169.9
5.66,,169.9
5.67,,169.9
5.68,,181.3
5.69,,181.3
5.7,,181.3
5.71,,181.3
5.72,,181.3
5.73,,181.3
5.74,,181.3
5.75,,181.3
5.76,,181.3
5.77,,181.3
5.78,,183.9
5.79,,183.9
5.8,,183.9
5.81,,183.9
5.82,,183.9
5.83,,183.9
5.84,,183.9
5.85,,183.9
5.86,,183.9
5.87,,183.9
5.88,,59.9
5.89,,59.9
5.9,,59.9
5.91,,59.9
5.92,,59.9
5.93,,59.9
5.94,,59.9
5.95,,59.9
5.96,,59.9
5.97,,59.9
5.98,,0
5.99,,0
6,,0
6.01,,0
6.02,,0
6.03,,0
6.04,,0
6.05,,0
6.06,,0
6.07,,0
6.08,,0
6.09,,0
6.1,,0
6.11,,0
6.12,,0
6.13,,0
6.14,,0
6.15,,0
6.16,,0
6.17,,0
6.18,,0
6.19,,0
6.2,,0
6.21,,0
6.22,,0
6.23,,0
6.24,,0
6.25,,0
6.26,,0
6.27,,0
6.28,,-1.3
6.29,,-1.3
6.3,,-1.3
6.31,,-1.3
6.32,,-1.3
6.33,,-1.3
6.34,,-1.3
6.35,,-1.3
6.36,,-1.3
6.37,,-1.3
6.38,,-1.4
6.39,,-1.4
6.4,,-1.4
6.41,,-1.4
6.42,,-1.4
6.43,,-1.4
6.44,,-1.4
6.45,,-1.4
6.46,,-1.4
6.47,,-1.4
6.48,,3.7
6.49,,3.7
6.5,,3.7
6.51,,3.7
6.52,,3.7
6.53,,3.7
6.54,,3.7
6.55,,3.7
6.56,,3.7
6.57,,3.7
6.58,,4
6.59,,4
6.6,,4
6.61,,4
6.62,,4
6.63,,4
6.64,,4
6.65,,4
6.66,,4
6.67,,4
6.68,,3.7
6.69,,3.7
6.7,,3.7
6.71,,3.7
6.72,,3.7
6.73,,3.7
6.74,,3.7
6.75,,3.7
6.76,,3.7
6.77,,3.7
6.78,,4.1
6.79,,4.1
6.8,,4.1
6.81,,4.1
6.82,,4.1
6.83,,4.1
6.84,,4.1
6.85,,4.1
6.86,,4.1
6.87,,4.1
6.88,,4.1
6.89,,4.1
6.9,,4.1
6.91,,4.1
6.92,,4.1
6.93,,4.1
6.94,,4.1
6.95,,4.1
6.96,,4.1
6.97,,4.1
6.98,,4.3
6.99,,4.3
7,,4.3
7.01,,4.3
7.02,,4.3
7.03,,4.3
7.04,,4.3
7.05,,4.3
7.06,,4.3
7.07,,4.3
7.08,,3.3
7.09,,3.3
7.1,,3.3
7.11,,3.3
7.12,,3.3
7.13,,3.3
7.14,,3.3
7.15,,3.3
7.16,,3.3
7.17,,3.3
7.18,,3.1
7.19,,3.1
7.2,,3.1
7.21,,3.1
7.22,,3.1
7.23,,3.1
7.24,,3.1
7.25,,3.1
7.26,,3.1
7.27,,3.1
7.28,,2.7
7.29,,2.7
7.3,,2.7
7.31,,2.7
7.32,,2.7
7.33,,2.7
7.34,,2.7
7.35,,2.7
7.36,,2.7
7.37,,2.7
7.38,,1.4
7.39,,1.4
7.4,,1.4
7.41,,1.4
7.42,,1.4
7.43,,1.4
7.44,,1.4
7.45,,1.4
7.46,,1.4
7.47,,1.4
7.48,,1
7.49,,1
7.5,,1
7.51,,1
7.52,,1
7.53,,1
7.54,,1
7.55,,1
7.56,,1
7.57,,1
7.58,,3.8
7.59,,3.8
7.6,,3.8
7.61,,3.8
7.62,,3.8
7.63,,3.8
7.64,,3.8
7.65,,3.8
7.66,,3.8
7.67,,3.8
7.68,,8.3
7.69,,8.3
7.7,,8.3
7.71,,8.3
7.72,,8.3
7.73,,8.3
7.74,,8.3
7.75,,8.3
7.76,,8.3
7.77,,8.3
7.78,,17.1
7.79,,17.1
7.8,,17.1
7.81,,17.1
7.82,,17.1
7.83,,17.1
7.84,,17.1
7.85,,17.1
7.86,,17.1
7.87,,17.1
7.88,,24.4
7.89,,24.4
7.9,,24.4
7.91,,24.4
7.92,,24.4
7.93,,24.4
7.94,,24.4
7.95,,24.4
7.96,,24.4
7.97,,24.4
7.98,,28.9
7.99,,28.9
8,,28.9
8.01,,28.9
8.02,,28.9
8.03,,28.9
8.04,,28.9
8.05,,28.9
8.06,,28.9
8.07,,28.9
8.08,,29.3
8.09,,29.3
8.1,,29.3
8.11,,29.3
8.12,,29.3
8.13,,29.3
8.14,,29.3
8.15,,29.3
8.16,,29.3
8.17,,29.3
8.18,,28.3
8.19,,28.3
8.2,,28.3
8.21,,28.3
8.22,,28.3
8.23,,28.3
8.24,,28.3
8.25,,28.3
8.26,,28.3
8.27,,28.3
8.28,,34.3
8.29,,34.3
8.3,,34.3
8.31,,34.3
8.32,,34.3
8.33,,34.3
8.34,,34.3
8.35,,34.3
8.36,,34.3
8.37,,34.3
8.38,,38.9
8.39,,38.9
8.4,,38.9
8.41,,38.9
8.42,,38.9
8.43,,38.9
8.44,,38.9
8.45,,38.9
8.46,,38.9
8.47,,38.9
8.48,,37.9
8.49,,37.9
8.5,,37.9
8.51,,37.9
8.52,,37.9
8.53,,37.9
8.54,,37.9
8.55,,37.9
8.56,,37.9
8.57,,37.9
8.58,,54.4
8.59,,54.4
8.6,,54.4
8.61,,54.4
8.62,,54.4
8.63,,54.4
8.64,,54.4
8.65,,54.4
8.66,,54.4
8.67,,54.4
8.68,,42.5
8.69,,42.5
8.7,,42.5
8.71,,42.5
8.72,,42.5
8.73,,42.5
8.74,,42.5
8.75,,42.5
8.76,,42.5
8.77,,42.5
8.78,,54.4
8.79,,54.4
8.8,,54.4
8.81,,54.4
8.82,,54.4
8.83,,54.4
8.84,,54.4
8.85,,54.4
8.86,,54.4
8.87,,54.4
8.88,,57.3
8.89,,57.3
8.9,,57.3
8.91,,57.3
8.92,,57.3
8.93,,57.3
8.94,,57.3
8.95,,57.3
8.96,,57.3
8.97,,57.3
8.98,,87.6
8.99,,87.6
9,,87.6
9.01,,87.6
9.02,,87.6
9.03,,87.6
9.04,,87.6
9.05,,87.6
9.06,,87.6
9.07,,87.6
9.08,,81.9
9.09,,81.9
9.1,,81.9
9.11,,81.9
9.12,,81.9
9.13,,81.9
9.14,,81.9
9.15,,81.9
9.16,,81.9
9.17,,81.9
9.18,,77
9.19,,77
9.2,,77
9.21,,77
9.22,,77
9.23,,77
9.24,,77
9.25,,77
9.26,,77
9.27,,77
9.28,,94.6
9.29,,94.6
9.3,,94.6
9.31,,94.6
9.32,,94.6
9.33,,94.6
9.34,,94.6
9.35,,94.6
9.36,,94.6
9.37,,94.6
9.38,,92.2
9.39,,92.2
9.4,,92.2
9.41,,92.2
9.42,,92.2
9.43,,92.2
9.44,,92.2
9.45,,92.2
9.46,,92.2
9.47,,92.2
9.48,,133.8
9.49,,133.8
9.5,,133.8
9.51,,133.8
9.52,,133.8
9.53,,133.8
9.54,,133.8
9.55,,133.8
9.56,,133.8
9.57,,133.8
9.58,,151.7
9.59,,151.7
9.6,,151.7
9.61,,151.7
9.62,,151.7
9.63,,151.7
9.64,,151.7
9.65,,151.7
9.66,,151.7
9.67,,151.7
9.68,,159.3
9.69,,159.3
9.7,,159.3
9.71,,159.3
9.72,,159.3
9.73,,159.3
9.74,,159.3
9.75,,159.3
9.76,,159.3
9.77,,159.3
9.78,,186.6
9.79,,186.6
9.8,,186.6
9.81,,186.6
9.82,,186.6
9.83,,186.6
9.84,,186.6
9.85,,186.6
9.86,,186.6
9.87,,186.6
9.88,,176.2
9.89,,176.2
9.9,,176.2
9.91,,176.2
9.92,,176.2
9.93,,176.2
9.94,,176.2
9.95,,176.2
9.96,,176.2
9.97,,176.2
9.98,,193.5
9.99,,193.5
10,,193.5
10.01,,193.5
10.02,,193.5
10.03,,193.5
10.04,,193.5
10.05,,193.5
10.06,,193.5
10.07,,193.5
10.08,,204.7
10.09,,204.7
10.1,,204.7
10.11,,204.7
10.12,,204.7
10.13,,204.7
10.14,,204.7
10.15,,204.7
10.16,,204.7
10.17,,204.7
10.18,,196.4
10.19,,196.4
10.2,,196.4
10.21,,196.4
10.22,,196.4
10.23,,196.4
10.24,,196.4
10.25,,196.4
10.26,,196.4
10.27,,196.4
10.28,,226.6
10.29,,226.6
10.3,,226.6
10.31,,226.6
10.32,,226.6
10.33,,226.6
10.34,,226.6
10.35,,226.6
10.36,,226.6
10.37,,226.6
10.38,,222.2
10.39,,222.2
10.4,,222.2
10.41,,222.2
10.42,,222.2
10.43,,222.2
10.44,,222.2
10.45,,222.2
10.46,,222.2
10.47,,222.2
10.48,,221.3
10.49,,221.3
10.5,,221.3
10.51,,221.3
10.52,,221.3
10.53,,221.3
10.54,,221.3
10.55,,221.3
10.56,,221.3
10.57,,221.3
10.58,,226.6
10.59,,226.6
10.6,,226.6
10.61,,226.6
10.62,,226.6
10.63,,226.6
10.64,,226.6
10.65,,226.6
10.66,,226.6
10.67,,226.6
10.68,,225.2
10.69,,225.2
10.7,,225.2
10.71,,225.2
10.72,,225.2
10.73,,225.2
10.74,,225.2
10.75,,225.2
10.76,,225.2
10.77,,225.2
10.78,,233.7
10.79,,233.7
10.8,,233.7
10.81,,233.7
10.82,,233.7
10.83,,233.7
10.84,,233.7
10.85,,233.7
10.86,,233.7
10.87,,233.7
10.88,,198.5
10.89,,198.5
10.9,,198.5
10.91,,198.5
10.92,,198.5
10.93,,198.5
10.94,,198.5
10.95,,198.5
10.96,,198.5
10.97,,198.5
10.98,,224.3
10.99,,224.3
11,,224.3
11.01,,224.3
11.02,,224.3
11.03,,224.3
11.04,,224.3
11.05,,224.3
11.06,,224.3
11.07,,224.3
11.08,,248.2
11.09,,248.2
11.1,,248.2
11.11,,248.2
11.12,,248.2
11.13,,248.2
11.14,,248.2
11.15,,248.2
11.16,,248.2
11.17,,248.2
11.18,,230.1
11.19,,230.1
11.2,,230.1
11.21,,230.1
11.22,,230.1
11.23,,230.1
11.24,,230.1
11.25,,230.1
11.26,,230.1
11.27,,230.1
11.28,,220.6
11.29,,220.6
11.3,,220.6
11.31,,220.6
11.32,,220.6
11.33,,220.6
11.34,,220.6
11.35,,220.6
11.36,,220.6
11.37,,220.6
11.38,,235
11.39,,235
11.4,,235
11.41,,235
11.42,,235
11.43,,235
11.44,,235
11.45,,235
11.46,,235
11.47,,235
11.48,,237.4
11.49,,237.4
11.5,,237.4
11.51,,237.4
11.52,,237.4
11.53,,237.4
11.54,,237.4
11.55,,237.4
11.56,,237.4
11.57,,237.4
11.58,,216.1
11.59,,216.1
11.6,,216.1
11.61,,216.1
11.62,,216.1
11.63,,216.1
11.64,,216.1
11.65,,216.1
11.66,,216.1
11.67,,216.1
11.68,,239.2
11.69,,239.2
11.7,,239.2
11.71,,239.2
11.72,,239.2
11.73,,239.2
11.74,,239.2
11.75,,239.2
11.76,,239.2
11.77,,239.2
11.78,,230.1
11.79,,230.1
11.8,,230.1
11.81,,230.1
11.82,,230.1
11.83,,230.1
11.84,,230.1
11.85,,230.1
11.86,,230.1
11.87,,230.1
11.88,,184.2
11.89,,184.2
11.9,,184.2
11.91,,184.2
11.92,,184.2
11.93,,184.2
11.94,,184.2
11.95,,184.2
11.96,,184.2
11.97,,184.2
11.98,,82.8
11.99,,82.8
12,,82.8
12.01,,82.8
12.02,,82.8
12.03,,82.8
12.04,,82.8
12.05,,82.8
12.06,,82.8
12.07,,82.8
12.08,,0
12.09,,0
12.1,,0
12.11,,0
12.12,,0
12.13,,0
12.14,,0
12.15,,0
12.16,,0
12.17,,0
12.18,,0
12.19,,0
12.2,,0
12.21,,0
12.22,,0
12.23,,0
12.24,,0
12.25,,0
12.26,,0
12.27,,0
12.28,,-0.2
12.29,,-0.2
12.3,,-0.2
12.31,,-0.2
12.32,,-0.2
12.33,,-0.2
12.34,,-0.2
12.35,,-0.2
12.36,,-0.2
12.37,,-0.2
12.38,,10.8
12.39,,10.8
12.4,,10.8
12.41,,10.8
12.42,,10.8
12.43,,10.8
12.44,,10.8
12.45,,10.8
12.46,,10.8
12.47,,10.8
12.48,,5.6
12.49,,5.6
12.5,,5.6
12.51,,5.6
12.52,,5.6
12.53,,5.6
12.54,,5.6
12.55,,5.6
12.56,,5.6
12.57,,5.6
12.58,,9.2
12.59,,9.2
12.6,,9.2
12.61,,9.2
12.62,,9.2
12.63,,9.2
12.64,,9.2
12.65,,9.2
12.66,,9.2
12.67,,9.2
12.68,,6.8
12.69,,6.8
12.7,,6.8
12.71,,6.8
12.72,,6.8
12.73,,6.8
12.74,,6.8
12.75,,6.8
12.76,,6.8
12.77,,6.8
12.78,,4.2
12.79,,4.2
12.8,,4.2
12.81,,4.2
12.82,,4.2
12.83,,4.2
12.84,,4.2
12.85,,4.2
12.86,,4.2
12.87,,4.2
12.88,,2.5
12.89,,2.5
12.9,,2.5
12.91,,2.5
12.92,,2.5
12.93,,2.5
12.94,,2.5
12.95,,2.5
12.96,,2.5
12.97,,2.5
12.98,,4.2
12.99,,4.2
13,,4.2
13.01,,4.2
13.02,,4.2
13.03,,4.2
13.04,,4.2
13.05,,4.2
13.06,,4.2
13.07,,4.2
13.08,,5
13.09,,5
13.1,,5
13.11,,5
13.12,,5
13.13,,5
13.14,,5
13.15,,5
13.16,,5
13.17,,5
13.18,,1
13.19,,1
13.2,,1
13.21,,1
13.22,,1
13.23,,1
13.24,,1
13.25,,1
13.26,,1
13.27,,1
13.28,,1.9
13.29,,1.9
13.3,,1.9
13.31,,1.9
13.32,,1.9
13.33,,1.9
13.34,,1.9
13.35,,1.9
13.36,,1.9
13.37,,1.9
13.38,,3.7
13.39,,3.7
13.4,,3.7
13.41,,3.7
13.42,,3.7
13.43,,3.7
13.44,,3.7
13.45,,3.7
13.46,,3.7
13.47,,3.7
13.48,,11.2
13.49,,11.2
13.5,,11.2
13.51,,11.2
13.52,,11.2
13.53,,11.2
13.54,,11.2
13.55,,11.2
13.56,,11.2
13.57,,11.2
13.58,,18.3
13.59,,18.3
13.6,,18.3
13.61,,18.3
13.62,,18.3
13.63,,18.3
13.64,,18.3
13.65,,18.3
13.66,,18.3
13.67,,18.3
13.68,,37.5
13.69,,37.5
13.7,,37.5
13.71,,37.5
13.72,,37.5
13.73,,37.5
13.74,,37.5
13.75,,37.5
13.76,,37.5
13.77,,37.5
13.78,,41.4
13.79,,41.4
13.8,,41.4
13.81,,41.4
13.82,,41.4
13.83,,41.4
13.84,,41.4
13.85,,41.4
13.86,,41.4
13.87,,41.4
13.88,,22.7
13.89,,22.7
13.9,,22.7
13.91,,22.7
13.92,,22.7
13.93,,22.7
13.94,,22.7
13.95,,22.7
13.96,,22.7
13.97,,22.7
13.98,,10.9
13.99,,10.9
14,,10.9
14.01,,10.9
14.02,,10.9
14.03,,10.9
14.04,,10.9
14.05,,10.9
14.06,,10.9
14.07,,10.9
14.08,,3.6
14.09,,3.6
14.1,,3.6
14.11,,3.6
14.12,,3.6
14.13,,3.6
14.14,,3.6
14.15,,3.6
14.16,,3.6
14.17,,3.6
14.18,,5.8
14.19,,5.8
14.2,,5.8
14.21,,5.8
14.22,,5.8
14.23,,5.8
14.24,,5.8
14.25,,5.8
14.26,,5.8
14.27,,5.8
14.28,,10.5
14.29,,10.5
14.3,,10.5
14.31,,10.5
14.32,,10.5
14.33,,10.5
14.34,,10.5
14.35,,10.5
14.36,,10.5
14.37,,10.5
14.38,,20.6
14.39,,20.6
14.4,,20.6
14.41,,20.6
14.42,,20.6
14.43,,20.6
14.44,,20.6
14.45,,20.6
14.46,,20.6
14.47,,20.6
14.48,,27.7
14.49,,27.7
14.5,,27.7
14.51,,27.7
14.52,,27.7
14.53,,27.7
14.54,,27.7
14.55,,27.7
14.56,,27.7
14.57,,27.7
14.58,,30.4
14.59,,30.4
14.6,,30.4
14.61,,30.4
14.62,,30.4
14.63,,30.4
14.64,,30.4
14.65,,30.4
14.66,,30.4
14.67,,30.4
14.68,,43.3
14.69,,43.3
14.7,,43.3
14.71,,43.3
14.72,,43.3
14.73,,43.3
14.74,,43.3
14.75,,43.3
14.76,,43.3
14.77,,43.3
14.78,,51.2
14.79,,51.2
14.8,,51.2
14.81,,51.2
14.82,,51.2
14.83,,51.2
14.84,,51.2
14.85,,51.2
14.86,,51.2
14.87,,51.2
14.88,,46.9
14.89,,46.9
14.9,,46.9
14.91,,46.9
14.92,,46.9
14.93,,46.9
14.94,,46.9
14.95,,46.9
14.96,,46.9
14.97,,46.9
14.98,,32.7
14.99,,32.7
15,,32.7
15.01,,32.7
15.02,,32.7
15.03,,32.7
15.04,,32.7
15.05,,32.7
15.06,,32.7
15.07,,32.7
15.08,,26.7
15.09,,26.7
15.1,,26.7
15.11,,26.7
15.12,,26.7
15.13,,26.7
15.14,,26.7
15.15,,26.7
15.16,,26.7
15.17,,26.7
15.18,,25.7
15.19,,25.7
15.2,,25.7
15.21,,25.7
15.22,,25.7
15.23,,25.7
15.24,,25.7
15.25,,25.7
15.26,,25.7
15.27,,25.7
15.28,,32.8
15.29,,32.8
15.3,,32.8
15.31,,32.8
15.32,,32.8
15.33,,32.8
15.34,,32.8
15.35,,32.8
15.36,,32.8
15.37,,32.8
15.38,,35.5
15.39,,35.5
15.4,,35.5
15.41,,35.5
15.42,,35.5
15.43,,35.5
15.44,,35.5
15.45,,35.5
15.46,,35.5
15.47,,35.5
15.48,,47
15.49,,47
15.5,,47
15.51,,47
15.52,,47
15.53,,47
15.54,,47
15.55,,47
15.56,,47
15.57,,47
15.58,,39.8
15.59,,39.8
15.6,,39.8
15.61,,39.8
15.62,,39.8
15.63,,39.8
15.64,,39.8
15.65,,39.8
15.66,,39.8
15.67,,39.8
15.68,,35.5
15.69,,35.5
15.7,,35.5
15.71,,35.5
15.72,,35.5
15.73,,35.5
15.74,,35.5
15.75,,35.5
15.76,,35.5
15.77,,35.5
15.78,,40.7
15.79,,40.7
15.8,,40.7
15.81,,40.7
15.82,,40.7
15.83,,40.7
15.84,,40.7
15.85,,40.7
15.86,,40.7
15.87,,40.7
15.88,,50
15.89,,50
15.9,,50
15.91,,50
15.92,,50
15.93,,50
15.94,,50
15.95,,50
15.96,,50
15.97,,50
15.98,,51.5
15.99,,51.5
16,,51.5
16.01,,51.5
16.02,,51.5
16.03,,51.5
16.04,,51.5
16.05,,51.5
16.06,,51.5
16.07,,51.5
16.08,,59.4
16.09,,59.4
16.1,,59.4
16.11,,59.4
16.12,,59.4
16.13,,59.4
16.14,,59.4
16.15,,59.4
16.16,,59.4
16.17,,59.4
16.18,,73.7
16.19,,73.7
16.2,,73.7
16.21,,73.7
16.22,,73.7
16.23,,73.7
16.24,,73.7
16.25,,73.7
16.26,,73.7
16.27,,73.7
16.28,,61.5
16.29,,61.5
16.3,,61.5
16.31,,61.5
16.32,,61.5
16.33,,61.5
16.34,,61.5
16.35,,61.5
16.36,,61.5
16.37,,61.5
16.38,,50.5
16.39,,50.5
16.4,,50.5
16.41,,50.5
16.42,,50.5
16.43,,50.5
16.44,,50.5
16.45,,50.5
16.46,,50.5
16.47,,50.5
16.48,,51.5
16.49,,51.5
16.5,,51.5
16.51,,51.5
16.52,,51.5
16.53,,51.5
16.54,,51.5
16.55,,51.5
16.56,,51.5
16.57,,51.5
16.58,,75.5
16.59,,75.5
16.6,,75.5
16.61,,75.5
16.62,,75.5
16.63,,75.5
16.64,,75.5
16.65,,75.5
16.66,,75.5
16.67,,75.5
16.68,,60.8
16.69,,60.8
16.7,,60.8
16.71,,60.8
16.72,,60.8
16.73,,60.8
16.74,,60.8
16.75,,60.8
16.76,,60.8
16.77,,60.8
16.78,,56.1
16.79,,56.1
16.8,,56.1
16.81,,56.1
16.82,,56.1
16.83,,56.1
16.84,,56.1
16.85,,56.1
16.86,,56.1
16.87,,56.1
16.88,,85.8
16.89,,85.8
16.9,,85.8
16.91,,85.8
16.92,,85.8
16.93,,85.8
16.94,,85.8
16.95,,85.8
16.96,,85.8
16.97,,85.8
16.98,,78.1
16.99,,78.1
17,,78.1
17.01,,78.1
17.02,,78.1
17.03,,78.1
17.04,,78.1
17.05,,78.1
17.06,,78.1
17.07,,78.1
17.08,,77
17.09,,77
17.1,,77
17.11,,77
17.12,,77
17.13,,77
17.14,,77
17.15,,77
17.16,,77
17.17,,77
17.18,,77.3
17.19,,77.3
17.2,,77.3
17.21,,77.3
17.22,,77.3
17.23,,77.3
17.24,,77.3
17.25,,77.3
17.26,,77.3
17.27,,77.3
17.28,,76.8
17.29,,76.8
17.3,,76.8
17.31,,76.8
17.32,,76.8
17.33,,76.8
17.34,,76.8
17.35,,76.8
17.36,,76.8
17.37,,76.8
17.38,,66.5
17.39,,66.5
17.4,,66.5
17.41,,66.5
17.42,,66.5
17.43,,66.5
17.44,,66.5
17.45,,66.5
17.46,,66.5
17.47,,66.5
17.48,,54.4
17.49,,54.4
17.5,,54.4
17.51,,54.4
17.52,,54.4
17.53,,54.4
17.54,,54.4
17.55,,54.4
17.56,,54.4
17.57,,54.4
17.58,,38.4
17.59,,38.4
17.6,,38.4
17.61,,38.4
17.62,,38.4
17.63,,38.4
17.64,,38.4
17.65,,38.4
17.66,,38.4
17.67,,38.4
17.68,,22.5
17.69,,22.5
17.7,,22.5
17.71,,22.5
17.72,,22.5
17.73,,22.5
17.74,,22.5
17.75,,22.5
17.76,,22.5
17.77,,22.5
17.78,,3.4
17.79,,3.4
17.8,,3.4
17.81,,3.4
17.82,,3.4
17.83,,3.4
17.84,,3.4
17.85,,3.4
17.86,,3.4
17.87,,3.4
17.88,,0
17.89,,0
17.9,,0
17.91,,0
17.92,,0
17.93,,0
17.94,,0
17.95,,0
17.96,,0
17.97,,0
17.98,,0
17.99,,0
18,,0
18.01,,0
18.02,,0
18.03,,0
18.04,,0
18.05,,0
18.06,,0
18.07,,0
18.08,,0
18.09,,0
18.1,,0
18.11,,0
18.12,,0
18.13,,0
18.14,,0
18.15,,0
18.16,,0
18.17,,0
18.18,,8.2
18.19,,8.2
18.2,,8.2
18.21,,8.2
18.22,,8.2
18.23,,8.2
18.24,,8.2
18.25,,8.2
18.26,,8.2
18.27,,8.2
18.28,,11.8
18.29,,11.8
18.3,,11.8
18.31,,11.8
18.32,,11.8
18.33,,11.8
18.34,,11.8
18.35,,11.8
18.36,,11.8
18.37,,11.8
18.38,,12.3
18.39,,12.3
18.4,,12.3
18.41,,12.3
18.42,,12.3
18.43,,12.3
18.44,,12.3
18.45,,12.3
18.46,,12.3
18.47,,12.3
18.48,,12
18.49,,12
18.5,,12
18.51,,12
18.52,,12
18.53,,12
18.54,,12
18.55,,12
18.56,,12
18.57,,12
18.58,,11.1
18.59,,11.1
18.6,,11.1
18.61,,11.1
18.62,,11.1
18.63,,11.1
18.64,,11.1
18.65,,11.1
18.66,,11.1
18.67,,11.1
18.68,,15.8
18.69,,15.8
18.7,,15.8
18.71,,15.8
18.72,,15.8
18.73,,15.8
18.74,,15.8
18.75,,15.8
18.76,,15.8
18.77,,15.8
18.78,,20.8
18.79,,20.8
18.8,,20.8
18.81,,20.8
18.82,,20.8
18.83,,20.8
18.84,,20.8
18.85,,20.8
18.86,,20.8
18.87,,20.8
18.88,,38.2
18.89,,38.2
18.9,,38.2
18.91,,38.2
18.92,,38.2
18.93,,38.2
18.94,,38.2
18.95,,38.2
18.96,,38.2
18.97,,38.2
18.98,,63.7
18.99,,63.7
19,,63.7
19.01,,63.7
19.02,,63.7
19.03,,63.7
19.04,,63.7
19.05,,63.7
19.06,,63.7
19.07,,63.7
19.08,,59.9
19.09,,59.9
19.1,,59.9
19.11,,59.9
19.12,,59.9
19.13,,59.9
19.14,,59.9
19.15,,59.9
19.16,,59.9
19.17,,59.9
19.18,,68
19.19,,68
19.2,,68
19.21,,68
19.22,,68
19.23,,68
19.24,,68
19.25,,68
19.26,,68
19.27,,68
19.28,,49.7
19.29,,49.7
19.3,,49.7
19.31,,49.7
19.32,,49.7
19.33,,49.7
19.34,,49.7
19.35,,49.7
19.36,,49.7
19.37,,49.7
19.38,,43.5
19.39,,43.5
19.4,,43.5
19.41,,43.5
19.42,,43.5
19.43,,43.5
19.44,,43.5
19.45,,43.5
19.46,,43.5
19.47,,43.5
19.48,,42.1
19.49,,42.1
19.5,,42.1
19.51,,42.1
19.52,,42.1
19.53,,42.1
19.54,,42.1
19.55,,42.1
19.56,,42.1
19.57,,42.1
19.58,,30.8
19.59,,30.8
19.6,,30.8
19.61,,30.8
19.62,,30.8
19.63,,30.8
19.64,,30.8
19.65,,30.8
19.66,,30.8
19.67,,30.8
19.68,,22.8
19.69,,22.8
19.7,,22.8
19.71,,22.8
19.72,,22.8
19.73,,22.8
19.74,,22.8
19.75,,22.8
19.76,,22.8
19.77,,22.8
19.78,,20
19.79,,20
19.8,,20
19.81,,20
19.82,,20
19.83,,20
19.84,,20
19.85,,20
19.86,,20
19.87,,20
19.88,,20.9
19.89,,20.9
19.9,,20.9
19.91,,20.9
19.92,,20.9
19.93,,20.9
19.94,,20.9
19.95,,20.9
19.96,,20.9
19.97,,20.9
19.98,,27.8
19.99,,27.8
20,,27.8
20.01,,27.8
20.02,,27.8
20.03,,27.8
20.04,,27.8
20.05,,27.8
20.06,,27.8
20.07,,27.8
20.08,,44.6
20.09,,44.6
20.1,,44.6
20.11,,44.6
20.12,,44.6
20.13,,44.6
20.14,,44.6
20.15,,44.6
20.16,,44.6
20.17,,44.6
20.18,,56.6
20.19,,56.6
20.2,,56.6
20.21,,56.6
20.22,,56.6
20.23,,56.6
20.24,,56.6
20.25,,56.6
20.26,,56.6
20.27,,56.6
20.28,,65.3
20.29,,65.3
20.3,,65.3
20.31,,65.3
20.32,,65.3
20.33,,65.3
20.34,,65.3
20.35,,65.3
20.36,,65.3
20.37,,65.3
20.38,,61
20.39,,61
20.4,,61
20.41,,61
20.42,,61
20.43,,61
20.44,,61
20.45,,61
20.46,,61
20.47,,61
20.48,,65.4
20.49,,65.4
20.5,,65.4
20.51,,65.4
20.52,,65.4
20.53,,65.4
20.54,,65.4
20.55,,65.4
20.56,,65.4
20.57,,65.4
20.58,,65.4
20.59,,65.4
20.6,,65.4
20.61,,65.4
20.62,,65.4
20.63,,65.4
20.64,,65.4
20.65,,65.4
20.66,,65.4
20.67,,65.4
20.68,,74.7
20.69,,74.7
20.7,,74.7
20.71,,74.7
20.72,,74.7
20.73,,74.7
20.74,,74.7
20.75,,74.7
20.76,,74.7
20.77,,74.7
20.78,,67.8
20.79,,67.8
20.8,,67.8
20.81,,67.8
20.82,,67.8
20.83,,67.8
20.84,,67.8
20.85,,67.8
20.86,,67.8
20.87,,67.8
20.88,,82.6
20.89,,82.6
20.9,,82.6
20.91,,82.6
20.92,,82.6
20.93,,82.6
20.94,,82.6
20.95,,82.6
20.96,,82.6
20.97,,82.6
20.98,,125
20.99,,125
21,,125
21.01,,125
21.02,,125
21.03,,125
21.04,,125
21.05,,125
21.06,,125
21.07,,125
21.08,,109
21.09,,109
21.1,,109
21.11,,109
21.12,,109
21.13,,109
21.14,,109
21.15,,109
21.16,,109
21.17,,109
21.18,,59.7
21.19,,59.7
21.2,,59.7
21.21,,59.7
21.22,,59.7
21.23,,59.7
21.24,,59.7
21.25,,59.7
21.26,,59.7
21.27,,59.7
21.28,,71.8
21.29,,71.8
21.3,,71.8
21.31,,71.8
21.32,,71.8
21.33,,71.8
21.34,,71.8
21.35,,71.8
21.36,,71.8
21.37,,71.8
21.38,,99.2
21.39,,99.2
21.4,,99.2
21.41,,99.2
21.42,,99.2
21.43,,99.2
21.44,,99.2
21.45,,99.2
21.46,,99.2
21.47,,99.2
21.48,,102.2
21.49,,102.2
21.5,,102.2
21.51,,102.2
21.52,,102.2
21.53,,102.2
21.54,,102.2
21.55,,102.2
21.56,,102.2
21.57,,102.2
21.58,,123.9
21.59,,123.9
21.6,,123.9
21.61,,123.9
21.62,,123.9
21.63,,123.9
21.64,,123.9
21.65,,123.9
21.66,,123.9
21.67,,123.9
21.68,,137.1
21.69,,137.1
21.7,,137.1
21.71,,137.1
21.72,,137.1
21.73,,137.1
21.74,,137.1
21.75,,137.1
21.76,,137.1
21.77,,137.1
21.78,,149.4
21.79,,149.4
21.8,,149.4
21.81,,149.4
21.82,,149.4
21.83,,149.4
21.84,,149.4
21.85,,149.4
21.86,,149.4
21.87,,149.4
21.88,,175.7
21.89,,175.7
21.9,,175.7
21.91,,175.7
21.92,,175.7
21.93,,175.7
21.94,,175.7
21.95,,175.7
21.96,,175.7
21.97,,175.7
21.98,,187.7
21.99,,187.7
22,,187.7
22.01,,187.7
22.02,,187.7
22.03,,187.7
22.04,,187.7
22.05,,187.7
22.06,,187.7
22.07,,187.7
22.08,,166.9
22.09,,166.9
22.1,,166.9
22.11,,166.9
22.12,,166.9
22.13,,166.9
22.14,,166.9
22.15,,166.9
22.16,,166.9
22.17,,166.9
22.18,,145
22.19,,145
22.2,,145
22.21,,145
22.22,,145
22.23,,145
22.24,,145
22.25,,145
22.26,,145
22.27,,145
22.28,,184.3
22.29,,184.3
22.3,,184.3
22.31,,184.3
22.32,,184.3
22.33,,184.3
22.34,,184.3
22.35,,184.3
22.36,,184.3
22.37,,184.3
22.38,,180.5
22.39,,180.5
22.4,,180.5
22.41,,180.5
22.42,,180.5
22.43,,180.5
22.44,,180.5
22.45,,180.5
22.46,,180.5
22.47,,180.5
22.48,,171
22.49,,171
22.5,,171
22.51,,171
22.52,,171
22.53,,171
22.54,,171
22.55,,171
22.56,,171
22.57,,171
22.58,,167.8
22.59,,167.8
22.6,,167.8
22.61,,167.8
22.62,,167.8
22.63,,167.8
22.64,,167.8
22.65,,167.8
22.66,,167.8
22.67,,167.8
22.68,,169
22.69,,169
22.7,,169
22.71,,169
22.72,,169
22.73,,169
22.74,,169
22.75,,169
22.76,,169
22.77,,169
22.78,,168.8
22.79,,168.8
22.8,,168.8
22.81,,168.8
22.82,,168.8
22.83,,168.8
22.84,,168.8
22.85,,168.8
22.86,,168.8
22.87,,168.8
22.88,,191.4
22.89,,191.4
22.9,,191.4
22.91,,191.4
22.92,,191.4
22.93,,191.4
22.94,,191.4
22.95,,191.4
22.96,,191.4
22.97,,191.4
22.98,,170.9
22.99,,170.9
23,,170.9
23.01,,170.9
23.02,,170.9
23.03,,170.9
23.04,,170.9
23.05,,170.9
23.06,,170.9
23.07,,170.9
23.08,,95.8
23.09,,95.8
23.1,,95.8
23.11,,95.8
23.12,,95.8
23.13,,95.8
23.14,,95.8
23.15,,95.8
23.16,,95.8
23.17,,95.8
23.18,,67.6
23.19,,67.6
23.2,,67.6
23.21,,67.6
23.22,,67.6
23.23,,67.6
23.24,,67.6
23.25,,67.6
23.26,,67.6
23.27,,67.6
23.28,,49.3
23.29,,49.3
23.3,,49.3
23.31,,49.3
23.32,,49.3
23.33,,49.3
23.34,,49.3
23.35,,49.3
23.36,,49.3
23.37,,49.3
23.38,,-14.8
23.39,,-14.8
23.4,,-14.8
23.41,,-14.8
23.42,,-14.8
23.43,,-14.8
23.44,,-14.8
23.45,,-14.8
23.46,,-14.8
23.47,,-14.8
23.48,,-21
23.49,,-21
23.5,,-21
23.51,,-21
23.52,,-21
23.53,,-21
23.54,,-21
23.55,,-21
23.56,,-21
23.57,,-21
23.58,,-14.1
23.59,,-14.1
23.6,,-14.1
23.61,,-14.1
23.62,,-14.1
23.63,,-14.1
23.64,,-14.1
23.65,,-14.1
23.66,,-14.1
23.67,,-14.1
23.68,,-11.8
23.69,,-11.8
23.7,,-11.8
23.71,,-11.8
23.72,,-11.8
23.73,,-11.8
23.74,,-11.8
23.75,,-11.8
23.76,,-11.8
23.77,,-11.8
23.78,,-9.1
23.79,,-9.1
23.8,,-9.1
23.81,,-9.1
23.82,,-9.1
23.83,,-9.1
23.84,,-9.1
23.85,,-9.1
23.86,,-9.1
23.87,,-9.1
23.88,,-7.8
23.89,,-7.8
23.9,,-7.8
23.91,,-7.8
23.92,,-7.8
23.93,,-7.8
23.94,,-7.8
23.95,,-7.8
23.96,,-7.8
23.97,,-7.8
23.98,,-7
23.99,,-7
24,,-7
24.01,,-7
24.02,,-7
24.03,,-7
24.04,,-7
24.05,,-7
24.06,,-7
24.07,,-7
24.08,,-5.7
24.09,,-5.7
24.1,,-5.7
24.11,,-5.7
24.12,,-5.7
24.13,,-5.7
24.14,,-5.7
24.15,,-5.7
24.16,,-5.7
24.17,,-5.7
24.18,,-0.8
24.19,,-0.8
24.2,,-0.8
24.21,,-0.8
24.22,,-0.8
24.23,,-0.8
24.24,,-0.8
24.25,,-0.8
24.26,,-0.8
24.27,,-0.8
24.28,,3.3
24.29,,3.3
24.3,,3.3
24.31,,3.3
24.32,,3.3
24.33,,3.3
24.34,,3.3
24.35,,3.3
24.36,,3.3
24.37,,3.3
24.38,,5.3
24.39,,5.3
24.4,,5.3
24.41,,5.3
24.42,,5.3
24.43,,5.3
24.44,,5.3
24.45,,5.3
24.46,,5.3
24.47,,5.3
24.48,,12.5
24.49,,12.5
24.5,,12.5
24.51,,12.5
24.52,,12.5
24.53,,12.5
24.54,,12.5
24.55,,12.5
24.56,,12.5
24.57,,12.5
24.58,,15.7
24.59,,15.7
24.6,,15.7
24.61,,15.7
24.62,,15.7
24.63,,15.7
24.64,,15.7
24.65,,15.7
24.66,,15.7
24.67,,15.7
24.68,,16.9
24.69,,16.9
24.7,,16.9
24.71,,16.9
24.72,,16.9
24.73,,16.9
24.74,,16.9
24.75,,16.9
24.76,,16.9
24.77,,16.9
24.78,,19.6
24.79,,19.6
24.8,,19.6
24.81,,19.6
24.82,,19.6
24.83,,19.6
24.84,,19.6
24.85,,19.6
24.86,,19.6
24.87,,19.6
24.88,,29.5
24.89,,29.5
24.9,,29.5
24.91,,29.5
24.92,,29.5
24.93,,29.5
24.94,,29.5
24.95,,29.5
24.96,,29.5
24.97,,29.5
24.98,,17.5
24.99,,17.5
25,,17.5
25.01,,17.5
25.02,,17.5
25.03,,17.5
25.04,,17.5
25.05,,17.5
25.06,,17.5
25.07,,17.5
25.08,,12.6
25.09,,12.6
25.1,,12.6
25.11,,12.6
25.12,,12.6
25.13,,12.6
25.14,,12.6
25.15,,12.6
25.16,,12.6
25.17,,12.6
25.18,,9.2
25.19,,9.2
25.2,,9.2
25.21,,9.2
25.22,,9.2
25.23,,9.2
25.24,,9.2
25.25,,9.2
25.26,,9.2
25.27,,9.2
25.28,,14.6
25.29,,14.6
25.3,,14.6
25.31,,14.6
25.32,,14.6
25.33,,14.6
25.34,,14.6
25.35,,14.6
25.36,,14.6
25.37,,14.6
25.38,,42.9
25.39,,42.9
25.4,,42.9
25.41,,42.9
25.42,,42.9
25.43,,42.9
25.44,,42.9
25.45,,42.9
25.46,,42.9
25.47,,42.9
25.48,,37.4
25.49,,37.4
25.5,,37.4
25.51,,37.4
25.52,,37.4
25.53,,37.4
25.54,,37.4
25.55,,37.4
25.56,,37.4
25.57,,37.4
25.58,,28
25.59,,28
25.6,,28
25.61,,28
25.62,,28
25.63,,28
25.64,,28
25.65,,28
25.66,,28
25.67,,28
25.68,,13.2
25.69,,13.2
25.7,,13.2
25.71,,13.2
25.72,,13.2
25.73,,13.2
25.74,,13.2
25.75,,13.2
25.76,,13.2
25.77,,13.2
25.78,,7
25.79,,7
25.8,,7
25.81,,7
25.82,,7
25.83,,7
25.84,,7
25.85,,7
25.86,,7
25.87,,7
25.88,,11.9
25.89,,11.9
25.9,,11.9
25.91,,11.9
25.92,,11.9
25.93,,11.9
25.94,,11.9
25.95,,11.9
25.96,,11.9
25.97,,11.9
25.98,,14
25.99,,14
26,,14
26.01,,14
26.02,,14
26.03,,14
26.04,,14
26.05,,14
26.06,,14
26.07,,14
26.08,,18.8
26.09,,18.8
26.1,,18.8
26.11,,18.8
26.12,,18.8
26.13,,18.8
26.14,,18.8
26.15,,18.8
26.16,,18.8
26.17,,18.8
26.18,,31.3
26.19,,31.3
26.2,,31.3
26.21,,31.3
26.22,,31.3
26.23,,31.3
26.24,,31.3
26.25,,31.3
26.26,,31.3
26.27,,31.3
26.28,,27.7
26.29,,27.7
26.3,,27.7
26.31,,27.7
26.32,,27.7
26.33,,27.7
26.34,,27.7
26.35,,27.7
26.36,,27.7
26.37,,27.7
26.38,,28.9
26.39,,28.9
26.4,,28.9
26.41,,28.9
26.42,,28.9
26.43,,28.9
26.44,,28.9
26.45,,28.9
26.46,,28.9
26.47,,28.9
26.48,,47
26.49,,47
26.5,,47
26.51,,47
26.52,,47
26.53,,47
26.54,,47
26.55,,47
26.56,,47
26.57,,47
26.58,,74.9
26.59,,74.9
26.6,,74.9
26.61,,74.9
26.62,,74.9
26.63,,74.9
26.64,,74.9
26.65,,74.9
26.66,,74.9
26.67,,74.9
26.68,,81.3
26.69,,81.3
26.7,,81.3
26.71,,81.3
26.72,,81.3
26.73,,81.3
26.74,,81.3
26.75,,81.3
26.76,,81.3
26.77,,81.3
26.78,,67.1
26.79,,67.1
26.8,,67.1
26.81,,67.1
26.82,,67.1
26.83,,67.1
26.84,,67.1
26.85,,67.1
26.86,,67.1
26.87,,67.1
26.88,,71.3
26.89,,71.3
26.9,,71.3
26.91,,71.3
26.92,,71.3
26.93,,71.3
26.94,,71.3
26.95,,71.3
26.96,,71.3
26.97,,71.3
26.98,,67.1
26.99,,67.1
27,,67.1
27.01,,67.1
27.02,,67.1
27.03,,67.1
27.04,,67.1
27.05,,67.1
27.06,,67.1
27.07,,67.1
27.08,,76.5
27.09,,76.5
27.1,,76.5
27.11,,76.5
27.12,,76.5
27.13,,76.5
27.14,,76.5
27.15,,76.5
27.16,,76.5
27.17,,76.5
27.18,,92.7
27.19,,92.7
27.2,,92.7
27.21,,92.7
27.22,,92.7
27.23,,92.7
27.24,,92.7
27.25,,92.7
27.26,,92.7
27.27,,92.7
27.28,,78.6
27.29,,78.6
27.3,,78.6
27.31,,78.6
27.32,,78.6
27.33,,78.6
27.34,,78.6
27.35,,78.6
27.36,,78.6
27.37,,78.6
27.38,,62.1
27.39,,62.1
27.4,,62.1
27.41,,62.1
27.42,,62.1
27.43,,62.1
27.44,,62.1
27.45,,62.1
27.46,,62.1
27.47,,62.1
27.48,,49.9
27.49,,49.9
27.5,,49.9
27.51,,49.9
27.52,,49.9
27.53,,49.9
27.54,,49.9
27.55,,49.9
27.56,,49.9
27.57,,49.9
27.58,,44
27.59,,44
27.6,,44
27.61,,44
27.62,,44
27.63,,44
27.64,,44
27.65,,44
27.66,,44
27.67,,44
27.68,,38.1
27.69,,38.1
27.7,,38.1
27.71,,38.1
27.72,,38.1
27.73,,38.1
27.74,,38.1
27.75,,38.1
27.76,,38.1
27.77,,38.1
27.78,,28.9
27.79,,28.9
27.8,,28.9
27.81,,28.9
27.82,,28.9
27.83,,28.9
27.84,,28.9
27.85,,28.9
27.86,,28.9
27.87,,28.9
27.88,,18.7
27.89,,18.7
27.9,,18.7
27.91,,18.7
27.92,,18.7
27.93,,18.7
27.94,,18.7
27.95,,18.7
27.96,,18.7
27.97,,18.7
27.98,,32.7
27.99,,32.7
28,,32.7
28.01,,32.7
28.02,,32.7
28.03,,32.7
28.04,,32.7
28.05,,32.7
28.06,,32.7
28.07,,32.7
28.08,,48.2
28.09,,48.2
28.1,,48.2
28.11,,48.2
28.12,,48.2
28.13,,48.2
28.14,,48.2
28.15,,48.2
28.16,,48.2
28.17,,48.2
28.18,,80.5
28.19,,80.5
28.2,,80.5
28.21,,80.5
28.22,,80.5
28.23,,80.5
28.24,,80.5
28.25,,80.5
28.26,,80.5
28.27,,80.5
28.28,,114.5
28.29,,114.5
28.3,,114.5
28.31,,114.5
28.32,,114.5
28.33,,114.5
28.34,,114.5
28.35,,114.5
28.36,,114.5
28.37,,114.5
28.38,,106.4
28.39,,106.4
28.4,,106.4
28.41,,106.4
28.42,,106.4
28.43,,106.4
28.44,,106.4
28.45,,106.4
28.46,,106.4
28.47,,106.4
28.48,,100.9
28.49,,100.9
28.5,,100.9
28.51,,100.9
28.52,,100.9
28.53,,100.9
28.54,,100.9
28.55,,100.9
28.56,,100.9
28.57,,100.9
28.58,,100.9
28.59,,100.9
28.6,,100.9
28.61,,100.9
28.62,,100.9
28.63,,100.9
28.64,,100.9
28.65,,100.9
28.66,,100.9
28.67,,100.9
28.68,,88.5
28.69,,88.5
28.7,,88.5
28.71,,88.5
28.72,,88.5
28.73,,88.5
28.74,,88.5
28.75,,88.5
28.76,,88.5
28.77,,88.5
28.78,,121.6
28.79,,121.6
28.8,,121.6
28.81,,121.6
28.82,,121.6
28.83,,121.6
28.84,,121.6
28.85,,121.6
28.86,,121.6
28.87,,121.6
28.88,,122
28.89,,122
28.9,,122
28.91,,122
28.92,,122
28.93,,122
28.94,,122
28.95,,122
28.96,,122
28.97,,122
28.98,,112
28.99,,112
29,,112
29.01,,112
29.02,,112
29.03,,112
29.04,,112
29.05,,112
29.06,,112
29.07,,112
29.08,,114.8
29.09,,114.8
29.1,,114.8
29.11,,114.8
29.12,,114.8
29.13,,114.8
29.14,,114.8
29.15,,114.8
29.16,,114.8
29.17,,114.8
29.18,,126
29.19,,126
29.2,,126
29.21,,126
29.22,,126
29.23,,126
29.24,,126
29.25,,126
29.26,,126
29.27,,126
29.28,,137.4
29.29,,137.4
29.3,,137.4
29.31,,137.4
29.32,,137.4
29.33,,137.4
29.34,,137.4
29.35,,137.4
29.36,,137.4
29.37,,137.4
29.38,,117.4
29.39,,117.4
29.4,,117.4
29.41,,117.4
29.42,,117.4
29.43,,117.4
29.44,,117.4
29.45,,117.4
29.46,,117.4
29.47,,117.4
29.48,,117.9
29.49,,117.9
29.5,,117.9
29.51,,117.9
29.52,,117.9
29.53,,117.9
29.54,,117.9
29.55,,117.9
29.56,,117.9
29.57,,117.9
29.58,,123.1
29.59,,123.1
29.6,,123.1
29.61,,123.1
29.62,,123.1
29.63,,123.1
29.64,,123.1
29.65,,123.1
29.66,,123.1
29.67,,123.1
29.68,,126.1
29.69,,126.1
29.7,,126.1
29.71,,126.1
29.72,,126.1
29.73,,126.1
29.74,,126.1
29.75,,126.1
29.76,,126.1
29.77,,126.1
29.78,,140.7
29.79,,140.7
29.8,,140.7
29.81,,140.7
29.82,,140.7
29.83,,140.7
29.84,,140.7
29.85,,140.7
29.86,,140.7
29.87,,140.7
29.88,,160.5
29.89,,160.5
29.9,,160.5
29.91,,160.5
29.92,,160.5
29.93,,160.5
29.94,,160.5
29.95,,160.5
29.96,,160.5
29.97,,160.5
29.98,,156.5
29.99,,156.5
30,,156.5
30.01,,156.5
30.02,,156.5
30.03,,156.5
30.04,,156.5
30.05,,156.5
30.06,,156.5
30.07,,156.5
30.08,,130.2
30.09,,130.2
30.1,,130.2
30.11,,130.2
30.12,,130.2
30.13,,130.2
30.14,,130.2
30.15,,130.2
30.16,,130.2
30.17,,130.2
30.18,,139.9
30.19,,139.9
30.2,,139.9
30.21,,139.9
30.22,,139.9
30.23,,139.9
30.24,,139.9
30.25,,139.9
30.26,,139.9
30.27,,139.9
30.28,,144.8
30.29,,144.8
30.3,,144.8
30.31,,144.8
30.32,,144.8
30.33,,144.8
30.34,,144.8
30.35,,144.8
30.36,,144.8
30.37,,144.8
30.38,,120.5
30.39,,120.5
30.4,,120.5
30.41,,120.5
30.42,,120.5
30.43,,120.5
30.44,,120.5
30.45,,120.5
30.46,,120.5
30.47,,120.5
30.48,,128.1
30.49,,128.1
30.5,,128.1
30.51,,128.1
30.52,,128.1
30.53,,128.1
30.54,,128.1
30.55,,128.1
30.56,,128.1
30.57,,128.1
30.58,,117.4
30.59,,117.4
30.6,,117.4
30.61,,117.4
30.62,,117.4
30.63,,117.4
30.64,,117.4
30.65,,117.4
30.66,,117.4
30.67,,117.4
30.68,,133.5
30.69,,133.5
30.7,,133.5
30.71,,133.5
30.72,,133.5
30.73,,133.5
30.74,,133.5
30.75,,133.5
30.76,,133.5
30.77,,133.5
30.78,,148.4
30.79,,148.4
30.8,,148.4
30.81,,148.4
30.82,,148.4
30.83,,148.4
30.84,,148.4
30.85,,148.4
30.86,,148.4
30.87,,148.4
30.88,,129.8
30.89,,129.8
30.9,,129.8
30.91,,129.8
30.92,,129.8
30.93,,129.8
30.94,,129.8
30.95,,129.8
30.96,,129.8
30.97,,129.8
30.98,,126.6
30.99,,126.6
31,,126.6
31.01,,126.6
31.02,,126.6
31.03,,126.6
31.04,,126.6
31.05,,126.6
31.06,,126.6
31.07,,126.6
31.08,,91.4
31.09,,91.4
31.1,,91.4
31.11,,91.4
31.12,,91.4
31.13,,91.4
31.14,,91.4
31.15,,91.4
31.16,,91.4
31.17,,91.4
31.18,,10.3
31.19,,10.3
31.2,,10.3
31.21,,10.3
31.22,,10.3
31.23,,10.3
31.24,,10.3
31.25,,10.3
31.26,,10.3
31.27,,10.3
31.28,,7.7
31.29,,7.7
31.3,,7.7
31.31,,7.7
31.32,,7.7
31.33,,7.7
31.34,,7.7
31.35,,7.7
31.36,,7.7
31.37,,7.7
31.38,,4.8
31.39,,4.8
31.4,,4.8
31.41,,4.8
31.42,,4.8
31.43,,4.8
31.44,,4.8
31.45,,4.8
31.46,,4.8
31.47,,4.8
31.48,,0.3
31.49,,0.3
31.5,,0.3
31.51,,0.3
31.52,,0.3
31.53,,0.3
31.54,,0.3
31.55,,0.3
31.56,,0.3
31.57,,0.3
31.58,,1.9
31.59,,1.9
31.6,,1.9
31.61,,1.9
31.62,,1.9
31.63,,1.9
31.64,,1.9
31.65,,1.9
31.66,,1.9
31.67,,1.9
31.68,,6.1
31.69,,6.1
31.7,,6.1
31.71,,6.1
31.72,,6.1
31.73,,6.1
31.74,,6.1
31.75,,6.1
31.76,,6.1
31.77,,6.1
31.78,,1.7
31.79,,1.7
31.8,,1.7
31.81,,1.7
31.82,,1.7
31.83,,1.7
31.84,,1.7
31.85,,1.7
31.86,,1.7
31.87,,1.7
31.88,,8.2
31.89,,8.2
31.9,,8.2
31.91,,8.2
31.92,,8.2
31.93,,8.2
31.94,,8.2
31.95,,8.2
31.96,,8.2
31.97,,8.2
31.98,,18.5
31.99,,18.5
32,,18.5
32.01,,18.5
32.02,,18.5
32.03,,18.5
32.04,,18.5
32.05,,18.5
32.06,,18.5
32.07,,18.5
32.08,,44.2
32.09,,44.2
32.1,,44.2
32.11,,44.2
32.12,,44.2
32.13,,44.2
32.14,,44.2
32.15,,44.2
32.16,,44.2
32.17,,44.2
32.18,,61.5
32.19,,61.5
32.2,,61.5
32.21,,61.5
32.22,,61.5
32.23,,61.5
32.24,,61.5
32.25,,61.5
32.26,,61.5
32.27,,61.5
32.28,,73.9
32.29,,73.9
32.3,,73.9
32.31,,73.9
32.32,,73.9
32.33,,73.9
32.34,,73.9
32.35,,73.9
32.36,,73.9
32.37,,73.9
32.38,,79.9
32.39,,79.9
32.4,,79.9
32.41,,79.9
32.42,,79.9
32.43,,79.9
32.44,,79.9
32.45,,79.9
32.46,,79.9
32.47,,79.9
32.48,,53.9
32.49,,53.9
32.5,,53.9
32.51,,53.9
32.52,,53.9
32.53,,53.9
32.54,,53.9
32.55,,53.9
32.56,,53.9
32.57,,53.9
32.58,,55.3
32.59,,55.3
32.6,,55.3
32.61,,55.3
32.62,,55.3
32.63,,55.3
32.64,,55.3
32.65,,55.3
32.66,,55.3
32.67,,55.3
32.68,,55.6
32.69,,55.6
32.7,,55.6
32.71,,55.6
32.72,,55.6
32.73,,55.6
32.74,,55.6
32.75,,55.6
32.76,,55.6
32.77,,55.6
32.78,,54.9
32.79,,54.9
32.8,,54.9
32.81,,54.9
32.82,,54.9
32.83,,54.9
32.84,,54.9
32.85,,54.9
32.86,,54.9
32.87,,54.9
32.88,,54.8
32.89,,54.8
32.9,,54.8
32.91,,54.8
32.92,,54.8
32.93,,54.8
32.94,,54.8
32.95,,54.8
32.96,,54.8
32.97,,54.8
32.98,,56.3
32.99,,56.3
33,,56.3
33.01,,56.3
33.02,,56.3
33.03,,56.3
33.04,,56.3
33.05,,56.3
33.06,,56.3
33.07,,56.3
33.08,,43.8
33.09,,43.8
33.1,,43.8
33.11,,43.8
33.12,,43.8
33.13,,43.8
33.14,,43.8
33.15,,43.8
33.16,,43.8
33.17,,43.8
33.18,,46.4
33.19,,46.4
33.2,,46.4
33.21,,46.4
33.22,,46.4
33.23,,46.4
33.24,,46.4
33.25,,46.4
33.26,,46.4
33.27,,46.4
33.28,,48.2
33.29,,48.2
33.3,,48.2
33.31,,48.2
33.32,,48.2
33.33,,48.2
33.34,,48.2
33.35,,48.2
33.36,,48.2
33.37,,48.2
33.38,,47.3
33.39,,47.3
33.4,,47.3
33.41,,47.3
33.42,,47.3
33.43,,47.3
33.44,,47.3
33.45,,47.3
33.46,,47.3
33.47,,47.3
33.48,,50.8
33.49,,50.8
33.5,,50.8
33.51,,50.8
33.52,,50.8
33.53,,50.8
33.54,,50.8
33.55,,50.8
33.56,,50.8
33.57,,50.8
33.58,,82.7
33.59,,82.7
33.6,,82.7
33.61,,82.7
33.62,,82.7
33.63,,82.7
33.64,,82.7
33.65,,82.7
33.66,,82.7
33.67,,82.7
33.68,,118.3
33.69,,118.3
33.7,,118.3
33.71,,118.3
33.72,,118.3
33.73,,118.3
33.74,,118.3
33.75,,118.3
33.76,,118.3
33.77,,118.3
33.78,,125
33.79,,125
33.8,,125
33.81,,125
33.82,,125
33.83,,125
33.84,,125
33.85,,125
33.86,,125
33.87,,125
33.88,,130.3
33.89,,130.3
33.9,,130.3
33.91,,130.3
33.92,,130.3
33.93,,130.3
33.94,,130.3
33.95,,130.3
33.96,,130.3
33.97,,130.3
33.98,,111.2
33.99,,111.2
34,,111.2
34.01,,111.2
34.02,,111.2
34.03,,111.2
34.04,,111.2
34.05,,111.2
34.06,,111.2
34.07,,111.2
34.08,,91.6
34.09,,91.6
34.1,,91.6
34.11,,91.6
34.12,,91.6
34.13,,91.6
34.14,,91.6
34.15,,91.6
34.16,,91.6
34.17,,91.6
34.18,,103.6
34.19,,103.6
34.2,,103.6
34.21,,103.6
34.22,,103.6
34.23,,103.6
34.24,,103.6
34.25,,103.6
34.26,,103.6
34.27,,103.6
34.28,,112
34.29,,112
34.3,,112
34.31,,112
34.32,,112
34.33,,112
34.34,,112
34.35,,112
34.36,,112
34.37,,112
34.38,,114.7
34.39,,114.7
34.4,,114.7
34.41,,114.7
34.42,,114.7
34.43,,114.7
34.44,,114.7
34.45,,114.7
34.46,,114.7
34.47,,114.7
34.48,,122.3
34.49,,122.3
34.5,,122.3
34.51,,122.3
34.52,,122.3
34.53,,122.3
34.54,,122.3
34.55,,122.3
34.56,,122.3
34.57,,122.3
34.58,,110.7
34.59,,110.7
34.6,,110.7
34.61,,110.7
34.62,,110.7
34.63,,110.7
34.64,,110.7
34.65,,110.7
34.66,,110.7
34.67,,110.7
34.68,,136.6
34.69,,136.6
34.7,,136.6
34.71,,136.6
34.72,,136.6
34.73,,136.6
34.74,,136.6
34.75,,136.6
34.76,,136.6
34.77,,136.6
34.78,,136.7
34.79,,136.7
34.8,,136.7
34.81,,136.7
34.82,,136.7
34.83,,136.7
34.84,,136.7
34.85,,136.7
34.86,,136.7
34.87,,136.7
34.88,,120.3
34.89,,120.3
34.9,,120.3
34.91,,120.3
34.92,,120.3
34.93,,120.3
34.94,,120.3
34.95,,120.3
34.96,,120.3
34.97,,120.3
34.98,,88.6
34.99,,88.6
35,,88.6
35.01,,88.6
35.02,,88.6
35.03,,88.6
35.04,,88.6
35.05,,88.6
35.06,,88.6
35.07,,88.6
35.08,,93.6
35.09,,93.6
35.1,,93.6
35.11,,93.6
35.12,,93.6
35.13,,93.6
35.14,,93.6
35.15,,93.6
35.16,,93.6
35.17,,93.6
35.18,,91.4
35.19,,91.4
35.2,,91.4
35.21,,91.4
35.22,,91.4
35.23,,91.4
35.24,,91.4
35.25,,91.4
35.26,,91.4
35.27,,91.4
35.28,,68.4
35.29,,68.4
35.3,,68.4
35.31,,68.4
35.32,,68.4
35.33,,68.4
35.34,,68.4
35.35,,68.4
35.36,,68.4
35.37,,68.4
35.38,,73.8
35.39,,73.8
35.4,,73.8
35.41,,73.8
35.42,,73.8
35.43,,73.8
35.44,,73.8
35.45,,73.8
35.46,,73.8
35.47,,73.8
35.48,,58.4
35.49,,58.4
35.5,,58.4
35.51,,58.4
35.52,,58.4
35.53,,58.4
35.54,,58.4
35.55,,58.4
35.56,,58.4
35.57,,58.4
35.58,,63.3
35.59,,63.3
35.6,,63.3
35.61,,63.3
35.62,,63.3
35.63,,63.3
35.64,,63.3
35.65,,63.3
35.66,,63.3
35.67,,63.3
35.68,,94.9
35.69,,94.9
35.7,,94.9
35.71,,94.9
35.72,,94.9
35.73,,94.9
35.74,,94.9
35.75,,94.9
35.76,,94.9
35.77,,94.9
35.78,,125.4
35.79,,125.4
35.8,,125.4
35.81,,125.4
35.82,,125.4
35.83,,125.4
35.84,,125.4
35.85,,125.4
35.86,,125.4
35.87,,125.4
35.88,,125.3
35.89,,125.3
35.9,,125.3
35.91,,125.3
35.92,,125.3
35.93,,125.3
35.94,,125.3
35.95,,125.3
35.96,,125.3
35.97,,125.3
35.98,,69.7
35.99,,69.7
36,,69.7
36.01,,69.7
36.02,,69.7
36.03,,69.7
36.04,,69.7
36.05,,69.7
36.06,,69.7
36.07,,69.7
36.08,,35.8
36.09,,35.8
36.1,,35.8
36.11,,35.8
36.12,,35.8
36.13,,35.8
36.14,,35.8
36.15,,35.8
36.16,,35.8
36.17,,35.8
36.18,,65.2
36.19,,65.2
36.2,,65.2
36.21,,65.2
36.22,,65.2
36.23,,65.2
36.24,,65.2
36.25,,65.2
36.26,,65.2
36.27,,65.2
36.28,,148.9
36.29,,148.9
36.3,,148.9
36.31,,148.9
36.32,,148.9
36.33,,148.9
36.34,,148.9
36.35,,148.9
36.36,,148.9
36.37,,148.9
36.38,,167.8
36.39,,167.8
36.4,,167.8
36.41,,167.8
36.42,,167.8
36.43,,167.8
36.44,,167.8
36.45,,167.8
36.46,,167.8
36.47,,167.8
36.48,,123.5
36.49,,123.5
36.5,,123.5
36.51,,123.5
36.52,,123.5
36.53,,123.5
36.54,,123.5
36.55,,123.5
36.56,,123.5
36.57,,123.5
36.58,,77.3
36.59,,77.3
36.6,,77.3
36.61,,77.3
36.62,,77.3
36.63,,77.3
36.64,,77.3
36.65,,77.3
36.66,,77.3
36.67,,77.3
36.68,,54.4
36.69,,54.4
36.7,,54.4
36.71,,54.4
36.72,,54.4
36.73,,54.4
36.74,,54.4
36.75,,54.4
36.76,,54.4
36.77,,54.4
36.78,,98.9
36.79,,98.9
36.8,,98.9
36.81,,98.9
36.82,,98.9
36.83,,98.9
36.84,,98.9
36.85,,98.9
36.86,,98.9
36.87,,98.9
36.88,,160.7
36.89,,160.7
36.9,,160.7
36.91,,160.7
36.92,,160.7
36.93,,160.7
36.94,,160.7
36.95,,160.7
36.96,,160.7
36.97,,160.7
36.98,,148.3
36.99,,148.3
37,,148.3
37.01,,148.3
37.02,,148.3
37.03,,148.3
37.04,,148.3
37.05,,148.3
37.06,,148.3
37.07,,148.3
37.08,,132.5
37.09,,132.5
37.1,,132.5
37.11,,132.5
37.12,,132.5
37.13,,132.5
37.14,,132.5
37.15,,132.5
37.16,,132.5
37.17,,132.5
37.18,,156.8
37.19,,156.8
37.2,,156.8
37.21,,156.8
37.22,,156.8
37.23,,156.8
37.24,,156.8
37.25,,156.8
37.26,,156.8
37.27,,156.8
37.28,,116.1
37.29,,116.1
37.3,,116.1
37.31,,116.1
37.32,,116.1
37.33,,116.1
37.34,,116.1
37.35,,116.1
37.36,,116.1
37.37,,116.1
37.38,,87.8
37.39,,87.8
37.4,,87.8
37.41,,87.8
37.42,,87.8
37.43,,87.8
37.44,,87.8
37.45,,87.8
37.46,,87.8
37.47,,87.8
37.48,,132.4
37.49,,132.4
37.5,,132.4
37.51,,132.4
37.52,,132.4
37.53,,132.4
37.54,,132.4
37.55,,132.4
37.56,,132.4
37.57,,132.4
37.58,,209.9
37.59,,209.9
37.6,,209.9
37.61,,209.9
37.62,,209.9
37.63,,209.9
37.64,,209.9
37.65,,209.9
37.66,,209.9
37.67,,209.9
37.68,,131.6
37.69,,131.6
37.7,,131.6
37.71,,131.6
37.72,,131.6
37.73,,131.6
37.74,,131.6
37.75,,131.6
37.76,,131.6
37.77,,131.6
37.78,,73.8
37.79,,73.8
37.8,,73.8
37.81,,73.8
37.82,,73.8
37.83,,73.8
37.84,,73.8
37.85,,73.8
37.86,,73.8
37.87,,73.8
37.88,,28.9
37.89,,28.9
37.9,,28.9
37.91,,28.9
37.92,,28.9
37.93,,28.9
37.94,,28.9
37.95,,28.9
37.96,,28.9
37.97,,28.9
37.98,,18.4
37.99,,18.4
38,,18.4
38.01,,18.4
38.02,,18.4
38.03,,18.4
38.04,,18.4
38.05,,18.4
38.06,,18.4
38.07,,18.4
38.08,,18.3
38.09,,18.3
38.1,,18.3
38.11,,18.3
38.12,,18.3
38.13,,18.3
38.14,,18.3
38.15,,18.3
38.16,,18.3
38.17,,18.3
38.18,,5.1
38.19,,5.1
38.2,,5.1
38.21,,5.1
38.22,,5.1
38.23,,5.1
38.24,,5.1
38.25,,5.1
38.26,,5.1
38.27,,5.1
38.28,,7.8
38.29,,7.8
38.3,,7.8
38.31,,7.8
38.32,,7.8
38.33,,7.8
38.34,,7.8
38.35,,7.8
38.36,,7.8
38.37,,7.8
38.38,,10.1
38.39,,10.1
38.4,,10.1
38.41,,10.1
38.42,,10.1
38.43,,10.1
38.44,,10.1
38.45,,10.1
38.46,,10.1
38.47,,10.1
38.48,,13.6
38.49,,13.6
38.5,,13.6
38.51,,13.6
38.52,,13.6
38.53,,13.6
38.54,,13.6
38.55,,13.6
38.56,,13.6
38.57,,13.6
38.58,,11.9
38.59,,11.9
38.6,,11.9
38.61,,11.9
38.62,,11.9
38.63,,11.9
38.64,,11.9
38.65,,11.9
38.66,,11.9
38.67,,11.9
38.68,,6.7
38.69,,6.7
38.7,,6.7
38.71,,6.7
38.72,,6.7
38.73,,6.7
38.74,,6.7
38.75,,6.7
38.76,,6.7
38.77,,6.7
38.78,,8.4
38.79,,8.4
38.8,,8.4
38.81,,8.4
38.82,,8.4
38.83,,8.4
38.84,,8.4
38.85,,8.4
38.86,,8.4
38.87,,8.4
38.88,,9.3
38.89,,9.3
38.9,,9.3
38.91,,9.3
38.92,,9.3
38.93,,9.3
38.94,,9.3
38.95,,9.3
38.96,,9.3
38.97,,9.3
38.98,,14.2
38.99,,14.2
39,,14.2
39.01,,14.2
39.02,,14.2
39.03,,14.2
39.04,,14.2
39.05,,14.2
39.06,,14.2
39.07,,14.2
39.08,,38.6
39.09,,38.6
39.1,,38.6
39.11,,38.6
39.12,,38.6
39.13,,38.6
39.14,,38.6
39.15,,38.6
39.16,,38.6
39.17,,38.6
39.18,,50.3
39.19,,50.3
39.2,,50.3
39.21,,50.3
39.22,,50.3
39.23,,50.3
39.24,,50.3
39.25,,50.3
39.26,,50.3
39.27,,50.3
39.28,,62.6
39.29,,62.6
39.3,,62.6
39.31,,62.6
39.32,,62.6
39.33,,62.6
39.34,,62.6
39.35,,62.6
39.36,,62.6
39.37,,62.6
39.38,,65.6
39.39,,65.6
39.4,,65.6
39.41,,65.6
39.42,,65.6
39.43,,65.6
39.44,,65.6
39.45,,65.6
39.46,,65.6
39.47,,65.6
39.48,,79.5
39.49,,79.5
39.5,,79.5
39.51,,79.5
39.52,,79.5
39.53,,79.5
39.54,,79.5
39.55,,79.5
39.56,,79.5
39.57,,79.5
39.58,,87.9
39.59,,87.9
39.6,,87.9
39.61,,87.9
39.62,,87.9
39.63,,87.9
39.64,,87.9
39.65,,87.9
39.66,,87.9
39.67,,87.9
39.68,,67.2
39.69,,67.2
39.7,,67.2
39.71,,67.2
39.72,,67.2
39.73,,67.2
39.74,,67.2
39.75,,67.2
39.76,,67.2
39.77,,67.2
39.78,,65.3
39.79,,65.3
39.8,,65.3
39.81,,65.3
39.82,,65.3
39.83,,65.3
39.84,,65.3
39.85,,65.3
39.86,,65.3
39.87,,65.3
39.88,,66.5
39.89,,66.5
39.9,,66.5
39.91,,66.5
39.92,,66.5
39.93,,66.5
39.94,,66.5
39.95,,66.5
39.96,,66.5
39.97,,66.5
39.98,,55.7
39.99,,55.7
40,,55.7
40.01,,55.7
40.02,,55.7
40.03,,55.7
40.04,,55.7
40.05,,55.7
40.06,,55.7
40.07,,55.7
40.08,,51.5
40.09,,51.5
40.1,,51.5
40.11,,51.5
40.12,,51.5
40.13,,51.5
40.14,,51.5
40.15,,51.5
40.16,,51.5
40.17,,51.5
40.18,,60.1
40.19,,60.1
40.2,,60.1
40.21,,60.1
40.22,,60.1
40.23,,60.1
40.24,,60.1
40.25,,60.1
40.26,,60.1
40.27,,60.1
40.28,,64.6
40.29,,64.6
40.3,,64.6
40.31,,64.6
40.32,,64.6
40.33,,64.6
40.34,,64.6
40.35,,64.6
40.36,,64.6
40.37,,64.6
40.38,,54.1
40.39,,54.1
40.4,,54.1
40.41,,54.1
40.42,,54.1
40.43,,54.1
40.44,,54.1
40.45,,54.1
40.46,,54.1
40.47,,54.1
40.48,,54.5
40.49,,54.5
40.5,,54.5
40.51,,54.5
40.52,,54.5
40.53,,54.5
40.54,,54.5
40.55,,54.5
40.56,,54.5
40.57,,54.5
40.58,,63.4
40.59,,63.4
40.6,,63.4
40.61,,63.4
40.62,,63.4
40.63,,63.4
40.64,,63.4
40.65,,63.4
40.66,,63.4
40.67,,63.4
40.68,,53.5
40.69,,53.5
40.7,,53.5
40.71,,53.5
40.72,,53.5
40.73,,53.5
40.74,,53.5
40.75,,53.5
40.76,,53.5
40.77,,53.5
40.78,,46.3
40.79,,46.3
40.8,,46.3
40.81,,46.3
40.82,,46.3
40.83,,46.3
40.84,,46.3
40.85,,46.3
40.86,,46.3
40.87,,46.3
40.88,,54.1
40.89,,54.1
40.9,,54.1
40.91,,54.1
40.92,,54.1
40.93,,54.1
40.94,,54.1
40.95,,54.1
40.96,,54.1
40.97,,54.1
40.98,,54.3
40.99,,54.3
41,,54.3
41.01,,54.3
41.02,,54.3
41.03,,54.3
41.04,,54.3
41.05,,54.3
41.06,,54.3
41.07,,54.3
41.08,,52.2
41.09,,52.2
41.1,,52.2
41.11,,52.2
41.12,,52.2
41.13,,52.2
41.14,,52.2
41.15,,52.2
41.16,,52.2
41.17,,52.2
41.18,,50.3
41.19,,50.3
41.2,,50.3
41.21,,50.3
41.22,,50.3
41.23,,50.3
41.24,,50.3
41.25,,50.3
41.26,,50.3
41.27,,50.3
41.28,,47.6
41.29,,47.6
41.3,,47.6
41.31,,47.6
41.32,,47.6
41.33,,47.6
41.34,,47.6
41.35,,47.6
41.36,,47.6
41.37,,47.6
41.38,,63.3
41.39,,63.3
41.4,,63.3
41.41,,63.3
41.42,,63.3
41.43,,63.3
41.44,,63.3
41.45,,63.3
41.46,,63.3
41.47,,63.3
41.48,,54.1
41.49,,54.1
41.5,,54.1
41.51,,54.1
41.52,,54.1
41.53,,54.1
41.54,,54.1
41.55,,54.1
41.56,,54.1
41.57,,54.1
41.58,,42.3
41.59,,42.3
41.6,,42.3
41.61,,42.3
41.62,,42.3
41.63,,42.3
41.64,,42.3
41.65,,42.3
41.66,,42.3
41.67,,42.3
41.68,,68.9
41.69,,68.9
41.7,,68.9
41.71,,68.9
41.72,,68.9
41.73,,68.9
41.74,,68.9
41.75,,68.9
41.76,,68.9
41.77,,68.9
41.78,,64.4
41.79,,64.4
41.8,,64.4
41.81,,64.4
41.82,,64.4
41.83,,64.4
41.84,,64.4
41.85,,64.4
41.86,,64.4
41.87,,64.4
41.88,,48
41.89,,48
41.9,,48
41.91,,48
41.92,,48
41.93,,48
41.94,,48
41.95,,48
41.96,,48
41.97,,48
41.98,,85
41.99,,85
42,,85
42.01,,85
42.02,,85
42.03,,85
42.04,,85
42.05,,85
42.06,,85
42.07,,85
42.08,,75.4
42.09,,75.4
42.1,,75.4
42.11,,75.4
42.12,,75.4
42.13,,75.4
42.14,,75.4
42.15,,75.4
42.16,,75.4
42.17,,75.4
42.18,,52.5
42.19,,52.5
42.2,,52.5
42.21,,52.5
42.22,,52.5
42.23,,52.5
42.24,,52.5
42.25,,52.5
42.26,,52.5
42.27,,52.5
42.28,,100.4
42.29,,100.4
42.3,,100.4
42.31,,100.4
42.32,,100.4
42.33,,100.4
42.34,,100.4
42.35,,100.4
42.36,,100.4
42.37,,100.4
42.38,,84.1
42.39,,84.1
42.4,,84.1
42.41,,84.1
42.42,,84.1
42.43,,84.1
42.44,,84.1
42.45,,84.1
42.46,,84.1
42.47,,84.1
42.48,,48.8
42.49,,48.8
42.5,,48.8
42.51,,48.8
42.52,,48.8
42.53,,48.8
42.54,,48.8
42.55,,48.8
42.56,,48.8
42.57,,48.8
42.58,,97.3
42.59,,97.3
42.6,,97.3
42.61,,97.3
42.62,,97.3
42.63,,97.3
42.64,,97.3
42.65,,97.3
42.66,,97.3
42.67,,97.3
42.68,,79.1
42.69,,79.1
42.7,,79.1
42.71,,79.1
42.72,,79.1
42.73,,79.1
42.74,,79.1
42.75,,79.1
42.76,,79.1
42.77,,79.1
42.78,,57.4
42.79,,57.4
42.8,,57.4
42.81,,57.4
42.82,,57.4
42.83,,57.4
42.84,,57.4
42.85,,57.4
42.86,,57.4
42.87,,57.4
42.88,,64
42.89,,64
42.9,,64
42.91,,64
42.92,,64
42.93,,64
42.94,,64
42.95,,64
42.96,,64
42.97,,64
42.98,,83.2
42.99,,83.2
43,,83.2
43.01,,83.2
43.02,,83.2
43.03,,83.2
43.04,,83.2
43.05,,83.2
43.06,,83.2
43.07,,83.2
43.08,,53.6
43.09,,53.6
43.1,,53.6
43.11,,53.6
43.12,,53.6
43.13,,53.6
43.14,,53.6
43.15,,53.6
43.16,,53.6
43.17,,53.6
43.18,,26.9
43.19,,26.9
43.2,,26.9
43.21,,26.9
43.22,,26.9
43.23,,26.9
43.24,,26.9
43.25,,26.9
43.26,,26.9
43.27,,26.9
43.28,,20.3
43.29,,20.3
43.3,,20.3
43.31,,20.3
43.32,,20.3
43.33,,20.3
43.34,,20.3
43.35,,20.3
43.36,,20.3
43.37,,20.3
43.38,,18.2
43.39,,18.2
43.4,,18.2
43.41,,18.2
43.42,,18.2
43.43,,18.2
43.44,,18.2
43.45,,18.2
43.46,,18.2
43.47,,18.2
43.48,,8.1
43.49,,8.1
43.5,,8.1
43.51,,8.1
43.52,,8.1
43.53,,8.1
43.54,,8.1
43.55,,8.1
43.56,,8.1
43.57,,8.1
43.58,,0
43.59,,0
43.6,,0
43.61,,0
43.62,,0
43.63,,0
43.64,,0
43.65,,0
43.66,,0
43.67,,0
43.68,,8.2
43.69,,8.2
43.7,,8.2
43.71,,8.2
43.72,,8.2
43.73,,8.2
43.74,,8.2
43.75,,8.2
43.76,,8.2
43.77,,8.2
43.78,,7.7
43.79,,7.7
43.8,,7.7
43.81,,7.7
43.82,,7.7
43.83,,7.7
43.84,,7.7
43.85,,7.7
43.86,,7.7
43.87,,7.7
43.88,,6.4
43.89,,6.4
43.9,,6.4
43.91,,6.4
43.92,,6.4
43.93,,6.4
43.94,,6.4
43.95,,6.4
43.96,,6.4
43.97,,6.4
43.98,,4.2
43.99,,4.2
44,,4.2
44.01,,4.2
44.02,,4.2
44.03,,4.2
44.04,,4.2
44.05,,4.2
44.06,,4.2
44.07,,4.2
44.08,,3.9
44.09,,3.9
44.1,,3.9
44.11,,3.9
44.12,,3.9
44.13,,3.9
44.14,,3.9
44.15,,3.9
44.16,,3.9
44.17,,3.9
44.18,,6.1
44.19,,6.1
44.2,,6.1
44.21,,6.1
44.22,,6.1
44.23,,6.1
44.24,,6.1
44.25,,6.1
44.26,,6.1
44.27,,6.1
44.28,,15.3
44.29,,15.3
44.3,,15.3
44.31,,15.3
44.32,,15.3
44.33,,15.3
44.34,,15.3
44.35,,15.3
44.36,,15.3
44.37,,15.3
44.38,,22.5
44.39,,22.5
44.4,,22.5
44.41,,22.5
44.42,,22.5
44.43,,22.5
44.44,,22.5
44.45,,22.5
44.46,,22.5
44.47,,22.5
44.48,,29.9
44.49,,29.9
44.5,,29.9
44.51,,29.9
44.52,,29.9
44.53,,29.9
44.54,,29.9
44.55,,29.9
44.56,,29.9
44.57,,29.9
44.58,,34.6
44.59,,34.6
44.6,,34.6
44.61,,34.6
44.62,,34.6
44.63,,34.6
44.64,,34.6
44.65,,34.6
44.66,,34.6
44.67,,34.6
44.68,,47.9
44.69,,47.9
44.7,,47.9
44.71,,47.9
44.72,,47.9
44.73,,47.9
44.74,,47.9
44.75,,47.9
44.76,,47.9
44.77,,47.9
44.78,,43.2
44.79,,43.2
44.8,,43.2
44.81,,43.2
44.82,,43.2
44.83,,43.2
44.84,,43.2
44.85,,43.2
44.86,,43.2
44.87,,43.2
44.88,,19.6
44.89,,19.6
44.9,,19.6
44.91,,19.6
44.92,,19.6
44.93,,19.6
44.94,,19.6
44.95,,19.6
44.96,,19.6
44.97,,19.6
44.98,,14
44.99,,14
45,,14
45.01,,14
45.02,,14
45.03,,14
45.04,,14
45.05,,14
45.06,,14
45.07,,14
45.08,,9.8
45.09,,9.8
45.1,,9.8
45.11,,9.8
45.12,,9.8
45.13,,9.8
45.14,,9.8
45.15,,9.8
45.16,,9.8
45.17,,9.8
45.18,,13
45.19,,13
45.2,,13
45.21,,13
45.22,,13
45.23,,13
45.24,,13
45.25,,13
45.26,,13
45.27,,13
45.28,,26.3
45.29,,26.3
45.3,,26.3
45.31,,26.3
45.32,,26.3
45.33,,26.3
45.34,,26.3
45.35,,26.3
45.36,,26.3
45.37,,26.3
45.38,,40.8
45.39,,40.8
45.4,,40.8
45.41,,40.8
45.42,,40.8
45.43,,40.8
45.44,,40.8
45.45,,40.8
45.46,,40.8
45.47,,40.8
45.48,,49.1
45.49,,49.1
45.5,,49.1
45.51,,49.1
45.52,,49.1
45.53,,49.1
45.54,,49.1
45.55,,49.1
45.56,,49.1
45.57,,49.1
45.58,,59.8
45.59,,59.8
45.6,,59.8
45.61,,59.8
45.62,,59.8
45.63,,59.8
45.64,,59.8
45.65,,59.8
45.66,,59.8
45.67,,59.8
45.68,,58
45.69,,58
45.7,,58
45.71,,58
45.72,,58
45.73,,58
45.74,,58
45.75,,58
45.76,,58
45.77,,58
45.78,,51
45.79,,51
45.8,,51
45.81,,51
45.82,,51
45.83,,51
45.84,,51
45.85,,51
45.86,,51
45.87,,51
45.88,,46.4
45.89,,46.4
45.9,,46.4
45.91,,46.4
45.92,,46.4
45.93,,46.4
45.94,,46.4
45.95,,46.4
45.96,,46.4
45.97,,46.4
45.98,,44.4
45.99,,44.4
46,,44.4
46.01,,44.4
46.02,,44.4
46.03,,44.4
46.04,,44.4
46.05,,44.4
46.06,,44.4
46.07,,44.4
46.08,,39.8
46.09,,39.8
46.1,,39.8
46.11,,39.8
46.12,,39.8
46.13,,39.8
46.14,,39.8
46.15,,39.8
46.16,,39.8
46.17,,39.8
46.18,,53.3
46.19,,53.3
46.2,,53.3
46.21,,53.3
46.22,,53.3
46.23,,53.3
46.24,,53.3
46.25,,53.3
46.26,,53.3
46.27,,53.3
46.28,,59.1
46.29,,59.1
46.3,,59.1
46.31,,59.1
46.32,,59.1
46.33,,59.1
46.34,,59.1
46.35,,59.1
46.36,,59.1
46.37,,59.1
46.38,,71.3
46.39,,71.3
46.4,,71.3
46.41,,71.3
46.42,,71.3
46.43,,71.3
46.44,,71.3
46.45,,71.3
46.46,,71.3
46.47,,71.3
46.48,,102.1
46.49,,102.1
46.5,,102.1
46.51,,102.1
46.52,,102.1
46.53,,102.1
46.54,,102.1
46.55,,102.1
46.56,,102.1
46.57,,102.1
46.58,,94.3
46.59,,94.3
46.6,,94.3
46.61,,94.3
46.62,,94.3
46.63,,94.3
46.64,,94.3
46.65,,94.3
46.66,,94.3
46.67,,94.3
46.68,,107.3
46.69,,107.3
46.7,,107.3
46.71,,107.3
46.72,,107.3
46.73,,107.3
46.74,,107.3
46.75,,107.3
46.76,,107.3
46.77,,107.3
46.78,,152.5
46.79,,152.5
46.8,,152.5
46.81,,152.5
46.82,,152.5
46.83,,152.5
46.84,,152.5
46.85,,152.5
46.86,,152.5
46.87,,152.5
46.88,,151.9
46.89,,151.9
46.9,,151.9
46.91,,151.9
46.92,,151.9
46.93,,151.9
46.94,,151.9
46.95,,151.9
46.96,,151.9
46.97,,151.9
46.98,,121.9
46.99,,121.9
47,,121.9
47.01,,121.9
47.02,,121.9
47.03,,121.9
47.04,,121.9
47.05,,121.9
47.06,,121.9
47.07,,121.9
47.08,,129.5
47.09,,129.5
47.1,,129.5
47.11,,129.5
47.12,,129.5
47.13,,129.5
47.14,,129.5
47.15,,129.5
47.16,,129.5
47.17,,129.5
47.18,,174
47.19,,174
47.2,,174
47.21,,174
47.22,,174
47.23,,174
47.24,,174
47.25,,174
47.26,,174
47.27,,174
47.28,,171
47.29,,171
47.3,,171
47.31,,171
47.32,,171
47.33,,171
47.34,,171
47.35,,171
47.36,,171
47.37,,171
47.38,,157.1
47.39,,157.1
47.4,,157.1
47.41,,157.1
47.42,,157.1
47.43,,157.1
47.44,,157.1
47.45,,157.1
47.46,,157.1
47.47,,157.1
47.48,,138.2
47.49,,138.2
47.5,,138.2
47.51,,138.2
47.52,,138.2
47.53,,138.2
47.54,,138.2
47.55,,138.2
47.56,,138.2
47.57,,138.2
47.58,,157.7
47.59,,157.7
47.6,,157.7
47.61,,157.7
47.62,,157.7
47.63,,157.7
47.64,,157.7
47.65,,157.7
47.66,,157.7
47.67,,157.7
47.68,,166
47.69,,166
47.7,,166
47.71,,166
47.72,,166
47.73,,166
47.74,,166
47.75,,166
47.76,,166
47.77,,166
47.78,,171.2
47.79,,171.2
47.8,,171.2
47.81,,171.2
47.82,,171.2
47.83,,171.2
47.84,,171.2
47.85,,171.2
47.86,,171.2
47.87,,171.2
47.88,,165.9
47.89,,165.9
47.9,,165.9
47.91,,165.9
47.92,,165.9
47.93,,165.9
47.94,,165.9
47.95,,165.9
47.96,,165.9
47.97,,165.9
47.98,,189.6
47.99,,189.6
48,,189.6
48.01,,189.6
48.02,,189.6
48.03,,189.6
48.04,,189.6
48.05,,189.6
48.06,,189.6
48.07,,189.6
48.08,,148.9
48.09,,148.9
48.1,,148.9
48.11,,148.9
48.12,,148.9
48.13,,148.9
48.14,,148.9
48.15,,148.9
48.16,,148.9
48.17,,148.9
48.18,,148.2
48.19,,148.2
48.2,,148.2
48.21,,148.2
48.22,,148.2
48.23,,148.2
48.24,,148.2
48.25,,148.2
48.26,,148.2
48.27,,148.2
48.28,,236.9
48.29,,236.9
48.3,,236.9
48.31,,236.9
48.32,,236.9
48.33,,236.9
48.34,,236.9
48.35,,236.9
48.36,,236.9
48.37,,236.9
48.38,,186.2
48.39,,186.2
48.4,,186.2
48.41,,186.2
48.42,,186.2
48.43,,186.2
48.44,,186.2
48.45,,186.2
48.46,,186.2
48.47,,186.2
48.48,,147.8
48.49,,147.8
48.5,,147.8
48.51,,147.8
48.52,,147.8
48.53,,147.8
48.54,,147.8
48.55,,147.8
48.56,,147.8
48.57,,147.8
48.58,,218.9
48.59,,218.9
48.6,,218.9
48.61,,218.9
48.62,,218.9
48.63,,218.9
48.64,,218.9
48.65,,218.9
48.66,,218.9
48.67,,218.9
48.68,,30.5
48.69,,30.5
48.7,,30.5
48.71,,30.5
48.72,,30.5
48.73,,30.5
48.74,,30.5
48.75,,30.5
48.76,,30.5
48.77,,30.5
48.78,,8.8
48.79,,8.8
48.8,,8.8
48.81,,8.8
48.82,,8.8
48.83,,8.8
48.84,,8.8
48.85,,8.8
48.86,,8.8
48.87,,8.8
48.88,,-1.8
48.89,,-1.8
48.9,,-1.8
48.91,,-1.8
48.92,,-1.8
48.93,,-1.8
48.94,,-1.8
48.95,,-1.8
48.96,,-1.8
48.97,,-1.8
48.98,,7.8
48.99,,7.8
49,,7.8
49.01,,7.8
49.02,,7.8
49.03,,7.8
49.04,,7.8
49.05,,7.8
49.06,,7.8
49.07,,7.8
49.08,,3.1
49.09,,3.1
49.1,,3.1
49.11,,3.1
49.12,,3.1
49.13,,3.1
49.14,,3.1
49.15,,3.1
49.16,,3.1
49.17,,3.1
49.18,,2.9
49.19,,2.9
49.2,,2.9
49.21,,2.9
49.22,,2.9
49.23,,2.9
49.24,,2.9
49.25,,2.9
49.26,,2.9
49.27,,2.9
49.28,,-5
49.29,,-5
49.3,,-5
49.31,,-5
49.32,,-5
49.33,,-5
49.34,,-5
49.35,,-5
49.36,,-5
49.37,,-5
49.38,,-1.7
49.39,,-1.7
49.4,,-1.7
49.41,,-1.7
49.42,,-1.7
49.43,,-1.7
49.44,,-1.7
49.45,,-1.7
49.46,,-1.7
49.47,,-1.7
49.48,,3.9
49.49,,3.9
49.5,,3.9
49.51,,3.9
49.52,,3.9
49.53,,3.9
49.54,,3.9
49.55,,3.9
49.56,,3.9
49.57,,3.9
49.58,,3.8
49.59,,3.8
49.6,,3.8
49.61,,3.8
49.62,,3.8
49.63,,3.8
49.64,,3.8
49.65,,3.8
49.66,,3.8
49.67,,3.8
49.68,,4.8
49.69,,4.8
49.7,,4.8
49.71,,4.8
49.72,,4.8
49.73,,4.8
49.74,,4.8
49.75,,4.8
49.76,,4.8
49.77,,4.8
49.78,,1.9
49.79,,1.9
49.8,,1.9
49.81,,1.9
49.82,,1.9
49.83,,1.9
49.84,,1.9
49.85,,1.9
49.86,,1.9
49.87,,1.9
49.88,,4.1
49.89,,4.1
49.9,,4.1
49.91,,4.1
49.92,,4.1
49.93,,4.1
49.94,,4.1
49.95,,4.1
49.96,,4.1
49.97,,4.1
49.98,,1.6
49.99,,1.6
50,,1.6
50.01,,1.6
50.02,,1.6
50.03,,1.6
50.04,,1.6
50.05,,1.6
50.06,,1.6
50.07,,1.6
50.08,,2.7
50.09,,2.7
50.1,,2.7
50.11,,2.7
50.12,,2.7
50.13,,2.7
50.14,,2.7
50.15,,2.7
50.16,,2.7
50.17,,2.7
50.18,,4.7
50.19,,4.7
50.2,,4.7
50.21,,4.7
50.22,,4.7
50.23,,4.7
50.24,,4.7
50.25,,4.7
50.26,,4.7
50.27,,4.7
50.28,,5.4
50.29,,5.4
50.3,,5.4
50.31,,5.4
50.32,,5.4
50.33,,5.4
50.34,,5.4
50.35,,5.4
50.36,,5.4
50.37,,5.4
50.38,,4.1
50.39,,4.1
50.4,,4.1
50.41,,4.1
50.42,,4.1
50.43,,4.1
50.44,,4.1
50.45,,4.1
50.46,,4.1
50.47,,4.1
50.48,,4.7
50.49,,4.7
50.5,,4.7
50.51,,4.7
50.52,,4.7
50.53,,4.7
50.54,,4.7
50.55,,4.7
50.56,,4.7
50.57,,4.7
50.58,,11.9
50.59,,11.9
50.6,,11.9
50.61,,11.9
50.62,,11.9
50.63,,11.9
50.64,,11.9
50.65,,11.9
50.66,,11.9
50.67,,11.9
50.68,,17.5
50.69,,17.5
50.7,,17.5
50.71,,17.5
50.72,,17.5
50.73,,17.5
50.74,,17.5
50.75,,17.5
50.76,,17.5
50.77,,17.5
50.78,,29.4
50.79,,29.4
50.8,,29.4
50.81,,29.4
50.82,,29.4
50.83,,29.4
50.84,,29.4
50.85,,29.4
50.86,,29.4
50.87,,29.4
50.88,,56.5
50.89,,56.5
50.9,,56.5
50.91,,56.5
50.92,,56.5
50.93,,56.5
50.94,,56.5
50.95,,56.5
50.96,,56.5
50.97,,56.5
50.98,,54.5
50.99,,54.5
51,,54.5
51.01,,54.5
51.02,,54.5
51.03,,54.5
51.04,,54.5
51.05,,54.5
51.06,,54.5
51.07,,54.5
51.08,,62.6
51.09,,62.6
51.1,,62.6
51.11,,62.6
51.12,,62.6
51.13,,62.6
51.14,,62.6
51.15,,62.6
51.16,,62.6
51.17,,62.6
51.18,,45.5
51.19,,45.5
51.2,,45.5
51.21,,45.5
51.22,,45.5
51.23,,45.5
51.24,,45.5
51.25,,45.5
51.26,,45.5
51.27,,45.5
51.28,,17.1
51.29,,17.1
51.3,,17.1
51.31,,17.1
51.32,,17.1
51.33,,17.1
51.34,,17.1
51.35,,17.1
51.36,,17.1
51.37,,17.1
51.38,,9.6
51.39,,9.6
51.4,,9.6
51.41,,9.6
51.42,,9.6
51.43,,9.6
51.44,,9.6
51.45,,9.6
51.46,,9.6
51.47,,9.6
51.48,,23.5
51.49,,23.5
51.5,,23.5
51.51,,23.5
51.52,,23.5
51.53,,23.5
51.54,,23.5
51.55,,23.5
51.56,,23.5
51.57,,23.5
51.58,,81.2
51.59,,81.2
51.6,,81.2
51.61,,81.2
51.62,,81.2
51.63,,81.2
51.64,,81.2
51.65,,81.2
51.66,,81.2
51.67,,81.2
51.68,,87.3
51.69,,87.3
51.7,,87.3
51.71,,87.3
51.72,,87.3
51.73,,87.3
51.74,,87.3
51.75,,87.3
51.76,,87.3
51.77,,87.3
51.78,,81.5
51.79,,81.5
51.8,,81.5
51.81,,81.5
51.82,,81.5
51.83,,81.5
51.84,,81.5
51.85,,81.5
51.86,,81.5
51.87,,81.5
51.88,,70.1
51.89,,70.1
51.9,,70.1
51.91,,70.1
51.92,,70.1
51.93,,70.1
51.94,,70.1
51.95,,70.1
51.96,,70.1
51.97,,70.1
51.98,,75.3
51.99,,75.3
52,,75.3
52.01,,75.3
52.02,,75.3
52.03,,75.3
52.04,,75.3
52.05,,75.3
52.06,,75.3
52.07,,75.3
52.08,,70.2
52.09,,70.2
52.1,,70.2
52.11,,70.2
52.12,,70.2
52.13,,70.2
52.14,,70.2
52.15,,70.2
52.16,,70.2
52.17,,70.2
52.18,,75.4
52.19,,75.4
52.2,,75.4
52.21,,75.4
52.22,,75.4
52.23,,75.4
52.24,,75.4
52.25,,75.4
52.26,,75.4
52.27,,75.4
52.28,,79.3
52.29,,79.3
52.3,,79.3
52.31,,79.3
52.32,,79.3
52.33,,79.3
52.34,,79.3
52.35,,79.3
52.36,,79.3
52.37,,79.3
52.38,,67.7
52.39,,67.7
52.4,,67.7
52.41,,67.7
52.42,,67.7
52.43,,67.7
52.44,,67.7
52.45,,67.7
52.46,,67.7
52.47,,67.7
52.48,,62.9
52.49,,62.9
52.5,,62.9
52.51,,62.9
52.52,,62.9
52.53,,62.9
52.54,,62.9
52.55,,62.9
52.56,,62.9
52.57,,62.9
52.58,,46.2
52.59,,46.2
52.6,,46.2
52.61,,46.2
52.62,,46.2
52.63,,46.2
52.64,,46.2
52.65,,46.2
52.66,,46.2
52.67,,46.2
52.68,,26.1
52.69,,26.1
52.7,,26.1
52.71,,26.1
52.72,,26.1
52.73,,26.1
52.74,,26.1
52.75,,26.1
52.76,,26.1
52.77,,26.1
52.78,,24.1
52.79,,24.1
52.8,,24.1
52.81,,24.1
52.82,,24.1
52.83,,24.1
52.84,,24.1
52.85,,24.1
52.86,,24.1
52.87,,24.1
52.88,,39
52.89,,39
52.9,,39
52.91,,39
52.92,,39
52.93,,39
52.94,,39
52.95,,39
52.96,,39
52.97,,39
52.98,,56.5
52.99,,56.5
53,,56.5
53.01,,56.5
53.02,,56.5
53.03,,56.5
53.04,,56.5
53.05,,56.5
53.06,,56.5
53.07,,56.5
53.08,,67.6
53.09,,67.6
53.1,,67.6
53.11,,67.6
53.12,,67.6
53.13,,67.6
53.14,,67.6
53.15,,67.6
53.16,,67.6
53.17,,67.6
53.18,,73.9
53.19,,73.9
53.2,,73.9
53.21,,73.9
53.22,,73.9
53.23,,73.9
53.24,,73.9
53.25,,73.9
53.26,,73.9
53.27,,73.9
53.28,,75.7
53.29,,75.7
53.3,,75.7
53.31,,75.7
53.32,,75.7
53.33,,75.7
53.34,,75.7
53.35,,75.7
53.36,,75.7
53.37,,75.7
53.38,,59.8
53.39,,59.8
53.4,,59.8
53.41,,59.8
53.42,,59.8
53.43,,59.8
53.44,,59.8
53.45,,59.8
53.46,,59.8
53.47,,59.8
53.48,,68.3
53.49,,68.3
53.5,,68.3
53.51,,68.3
53.52,,68.3
53.53,,68.3
53.54,,68.3
53.55,,68.3
53.56,,68.3
53.57,,68.3
53.58,,94
53.59,,94
53.6,,94
53.61,,94
53.62,,94
53.63,,94
53.64,,94
53.65,,94
53.66,,94
53.67,,94
53.68,,97.1
53.69,,97.1
53.7,,97.1
53.71,,97.1
53.72,,97.1
53.73,,97.1
53.74,,97.1
53.75,,97.1
53.76,,97.1
53.77,,97.1
53.78,,101.1
53.79,,101.1
53.8,,101.1
53.81,,101.1
53.82,,101.1
53.83,,101.1
53.84,,101.1
53.85,,101.1
53.86,,101.1
53.87,,101.1
53.88,,82.6
53.89,,82.6
53.9,,82.6
53.91,,82.6
53.92,,82.6
53.93,,82.6
53.94,,82.6
53.95,,82.6
53.96,,82.6
53.97,,82.6
53.98,,103.4
53.99,,103.4
54,,103.4
54.01,,103.4
54.02,,103.4
54.03,,103.4
54.04,,103.4
54.05,,103.4
54.06,,103.4
54.07,,103.4
54.08,,119.3
54.09,,119.3
54.1,,119.3
54.11,,119.3
54.12,,119.3
54.13,,119.3
54.14,,119.3
54.15,,119.3
54.16,,119.3
54.17,,119.3
54.18,,112.9
54.19,,112.9
54.2,,112.9
54.21,,112.9
54.22,,112.9
54.23,,112.9
54.24,,112.9
54.25,,112.9
54.26,,112.9
54.27,,112.9
54.28,,129.3
54.29,,129.3
54.3,,129.3
54.31,,129.3
54.32,,129.3
54.33,,129.3
54.34,,129.3
54.35,,129.3
54.36,,129.3
54.37,,129.3
54.38,,117
54.39,,117
54.4,,117
54.41,,117
54.42,,117
54.43,,117
54.44,,117
54.45,,117
54.46,,117
54.47,,117
54.48,,124.5
54.49,,124.5
54.5,,124.5
54.51,,124.5
54.52,,124.5
54.53,,124.5
54.54,,124.5
54.55,,124.5
54.56,,124.5
54.57,,124.5
54.58,,126.7
54.59,,126.7
54.6,,126.7
54.61,,126.7
54.62,,126.7
54.63,,126.7
54.64,,126.7
54.65,,126.7
54.66,,126.7
54.67,,126.7
54.68,,122.2
54.69,,122.2
54.7,,122.2
54.71,,122.2
54.72,,122.2
54.73,,122.2
54.74,,122.2
54.75,,122.2
54.76,,122.2
54.77,,122.2
54.78,,126.7
54.79,,126.7
54.8,,126.7
54.81,,126.7
54.82,,126.7
54.83,,126.7
54.84,,126.7
54.85,,126.7
54.86,,126.7
54.87,,126.7
54.88,,136.5
54.89,,136.5
54.9,,136.5
54.91,,136.5
54.92,,136.5
54.93,,136.5
54.94,,136.5
54.95,,136.5
54.96,,136.5
54.97,,136.5
54.98,,151.1
54.99,,151.1
55,,151.1
55.01,,151.1
55.02,,151.1
55.03,,151.1
55.04,,151.1
55.05,,151.1
55.06,,151.1
55.07,,151.1
55.08,,168.4
55.09,,168.4
55.1,,168.4
55.11,,168.4
55.12,,168.4
55.13,,168.4
55.14,,168.4
55.15,,168.4
55.16,,168.4
55.17,,168.4
55.18,,178.9
55.19,,178.9
55.2,,178.9
55.21,,178.9
55.22,,178.9
55.23,,178.9
55.24,,178.9
55.25,,178.9
55.26,,178.9
55.27,,178.9
55.28,,160.7
55.29,,160.7
55.3,,160.7
55.31,,160.7
55.32,,160.7
55.33,,160.7
55.34,,160.7
55.35,,160.7
55.36,,160.7
55.37,,160.7
55.38,,126.9
55.39,,126.9
55.4,,126.9
55.41,,126.9
55.42,,126.9
55.43,,126.9
55.44,,126.9
55.45,,126.9
55.46,,126.9
55.47,,126.9
55.48,,148.3
55.49,,148.3
55.5,,148.3
55.51,,148.3
55.52,,148.3
55.53,,148.3
55.54,,148.3
55.55,,148.3
55.56,,148.3
55.57,,148.3
55.58,,157.9
55.59,,157.9
55.6,,157.9
55.61,,157.9
55.62,,157.9
55.63,,157.9
55.64,,157.9
55.65,,157.9
55.66,,157.9
55.67,,157.9
55.68,,154.4
55.69,,154.4
55.7,,154.4
55.71,,154.4
55.72,,154.4
55.73,,154.4
55.74,,154.4
55.75,,154.4
55.76,,154.4
55.77,,154.4
55.78,,126.2
55.79,,126.2
55.8,,126.2
55.81,,126.2
55.82,,126.2
55.83,,126.2
55.84,,126.2
55.85,,126.2
55.86,,126.2
55.87,,126.2
55.88,,123.6
55.89,,123.6
55.9,,123.6
55.91,,123.6
55.92,,123.6
55.93,,123.6
55.94,,123.6
55.95,,123.6
55.96,,123.6
55.97,,123.6
55.98,,140.4
55.99,,140.4
56,,140.4
56.01,,140.4
56.02,,140.4
56.03,,140.4
56.04,,140.4
56.05,,140.4
56.06,,140.4
56.07,,140.4
56.08,,147.7
56.09,,147.7
56.1,,147.7
56.11,,147.7
56.12,,147.7
56.13,,147.7
56.14,,147.7
56.15,,147.7
56.16,,147.7
56.17,,147.7
56.18,,127.1
56.19,,127.1
56.2,,127.1
56.21,,127.1
56.22,,127.1
56.23,,127.1
56.24,,127.1
56.25,,127.1
56.26,,127.1
56.27,,127.1
56.28,,53.6
56.29,,53.6
56.3,,53.6
56.31,,53.6
56.32,,53.6
56.33,,53.6
56.34,,53.6
56.35,,53.6
56.36,,53.6
56.37,,53.6
56.38,,1
56.39,,1
56.4,,1
56.41,,1
56.42,,1
56.43,,1
56.44,,1
56.45,,1
56.46,,1
56.47,,1
56.48,,4.5
56.49,,4.5
56.5,,4.5
56.51,,4.5
56.52,,4.5
56.53,,4.5
56.54,,4.5
56.55,,4.5
56.56,,4.5
56.57,,4.5
56.58,,7.9
56.59,,7.9
56.6,,7.9
56.61,,7.9
56.62,,7.9
56.63,,7.9
56.64,,7.9
56.65,,7.9
56.66,,7.9
56.67,,7.9
56.68,,5
56.69,,5
56.7,,5
56.71,,5
56.72,,5
56.73,,5
56.74,,5
56.75,,5
56.76,,5
56.77,,5
56.78,,4.2
56.79,,4.2
56.8,,4.2
56.81,,4.2
56.82,,4.2
56.83,,4.2
56.84,,4.2
56.85,,4.2
56.86,,4.2
56.87,,4.2
56.88,,7.9
56.89,,7.9
56.9,,7.9
56.91,,7.9
56.92,,7.9
56.93,,7.9
56.94,,7.9
56.95,,7.9
56.96,,7.9
56.97,,7.9
56.98,,3.8
56.99,,3.8
57,,3.8
57.01,,3.8
57.02,,3.8
57.03,,3.8
57.04,,3.8
57.05,,3.8
57.06,,3.8
57.07,,3.8
57.08,,19.6
57.09,,19.6
57.1,,19.6
57.11,,19.6
57.12,,19.6
57.13,,19.6
57.14,,19.6
57.15,,19.6
57.16,,19.6
57.17,,19.6
57.18,,29.3
57.19,,29.3
57.2,,29.3
57.21,,29.3
57.22,,29.3
57.23,,29.3
57.24,,29.3
57.25,,29.3
57.26,,29.3
57.27,,29.3
57.28,,38
57.29,,38
57.3,,38
57.31,,38
57.32,,38
57.33,,38
57.34,,38
57.35,,38
57.36,,38
57.37,,38
57.38,,41.5
57.39,,41.5
57.4,,41.5
57.41,,41.5
57.42,,41.5
57.43,,41.5
57.44,,41.5
57.45,,41.5
57.46,,41.5
57.47,,41.5
57.48,,41.7
57.49,,41.7
57.5,,41.7
57.51,,41.7
57.52,,41.7
57.53,,41.7
57.54,,41.7
57.55,,41.7
57.56,,41.7
57.57,,41.7
57.58,,32.8
57.59,,32.8
57.6,,32.8
57.61,,32.8
57.62,,32.8
57.63,,32.8
57.64,,32.8
57.65,,32.8
57.66,,32.8
57.67,,32.8
57.68,,39.2
57.69,,39.2
57.7,,39.2
57.71,,39.2
57.72,,39.2
57.73,,39.2
57.74,,39.2
57.75,,39.2
57.76,,39.2
57.77,,39.2
57.78,,47.3
57.79,,47.3
57.8,,47.3
57.81,,47.3
57.82,,47.3
57.83,,47.3
57.84,,47.3
57.85,,47.3
57.86,,47.3
57.87,,47.3
57.88,,56.7
57.89,,56.7
57.9,,56.7
57.91,,56.7
57.92,,56.7
57.93,,56.7
57.94,,56.7
57.95,,56.7
57.96,,56.7
57.97,,56.7
57.98,,83.6
57.99,,83.6
58,,83.6
58.01,,83.6
58.02,,83.6
58.03,,83.6
58.04,,83.6
58.05,,83.6
58.06,,83.6
58.07,,83.6
58.08,,130.4
58.09,,130.4
58.1,,130.4
58.11,,130.4
58.12,,130.4
58.13,,130.4
58.14,,130.4
58.15,,130.4
58.16,,130.4
58.17,,130.4
58.18,,133.3
58.19,,133.3
58.2,,133.3
58.21,,133.3
58.22,,133.3
58.23,,133.3
58.24,,133.3
58.25,,133.3
58.26,,133.3
58.27,,133.3
58.28,,100.4
58.29,,100.4
58.3,,100.4
58.31,,100.4
58.32,,100.4
58.33,,100.4
58.34,,100.4
58.35,,100.4
58.36,,100.4
58.37,,100.4
58.38,,105.2
58.39,,105.2
58.4,,105.2
58.41,,105.2
58.42,,105.2
58.43,,105.2
58.44,,105.2
58.45,,105.2
58.46,,105.2
58.47,,105.2
58.48,,121.4
58.49,,121.4
58.5,,121.4
58.51,,121.4
58.52,,121.4
58.53,,121.4
58.54,,121.4
58.55,,121.4
58.56,,121.4
58.57,,121.4
58.58,,119
58.59,,119
58.6,,119
58.61,,119
58.62,,119
58.63,,119
58.64,,119
58.65,,119
58.66,,119
58.67,,119
58.68,,123.5
58.69,,123.5
58.7,,123.5
58.71,,123.5
58.72,,123.5
58.73,,123.5
58.74,,123.5
58.75,,123.5
58.76,,123.5
58.77,,123.5
58.78,,116.7
58.79,,116.7
58.8,,116.7
58.81,,116.7
58.82,,116.7
58.83,,116.7
58.84,,116.7
58.85,,116.7
58.86,,116.7
58.87,,116.7
58.88,,107.3
58.89,,107.3
58.9,,107.3
58.91,,107.3
58.92,,107.3
58.93,,107.3
58.94,,107.3
58.95,,107.3
58.96,,107.3
58.97,,107.3
58.98,,109.5
58.99,,109.5
59,,109.5
59.01,,109.5
59.02,,109.5
59.03,,109.5
59.04,,109.5
59.05,,109.5
59.06,,109.5
59.07,,109.5
59.08,,80.4
59.09,,80.4
59.1,,80.4
59.11,,80.4
59.12,,80.4
59.13,,80.4
59.14,,80.4
59.15,,80.4
59.16,,80.4
59.17,,80.4
59.18,,48
59.19,,48
59.2,,48
59.21,,48
59.22,,48
59.23,,48
59.24,,48
59.25,,48
59.26,,48
59.27,,48
59.28,,46.8
59.29,,46.8
59.3,,46.8
59.31,,46.8
59.32,,46.8
59.33,,46.8
59.34,,46.8
59.35,,46.8
59.36,,46.8
59.37,,46.8
59.38,,56.9
59.39,,56.9
59.4,,56.9
59.41,,56.9
59.42,,56.9
59.43,,56.9
59.44,,56.9
59.45,,56.9
59.46,,56.9
59.47,,56.9
59.48,,64.7
59.49,,64.7
59.5,,64.7
59.51,,64.7
59.52,,64.7
59.53,,64.7
59.54,,64.7
59.55,,64.7
59.56,,64.7
59.57,,64.7
59.58,,78.7
59.59,,78.7
59.6,,78.7
59.61,,78.7
59.62,,78.7
59.63,,78.7
59.64,,78.7
59.65,,78.7
59.66,,78.7
59.67,,78.7
59.68,,71.6
59.69,,71.6
59.7,,71.6
59.71,,71.6
59.72,,71.6
59.73,,71.6
59.74,,71.6
59.75,,71.6
59.76,,71.6
59.77,,71.6
59.78,,110.2
59.79,,110.2
59.8,,110.2
59.81,,110.2
59.82,,110.2
59.83,,110.2
59.84,,110.2
59.85,,110.2
59.86,,110.2
59.87,,110.2
59.88,,124
59.89,,124
59.9,,124
59.91,,124
59.92,,124
59.93,,124
59.94,,124
59.95,,124
59.96,,124
59.97,,124
59.98,,98.7
59.99,,98.7
60,,98.7
60.01,,98.7
60.02,,98.7
60.03,,98.7
60.04,,98.7
60.05,,98.7
60.06,,98.7
60.07,,98.7
60.08,,71.8
60.09,,71.8
60.1,,71.8
60.11,,71.8
60.12,,71.8
60.13,,71.8
60.14,,71.8
60.15,,71.8
60.16,,71.8
60.17,,71.8
60.18,,77.6
60.19,,77.6
60.2,,77.6
60.21,,77.6
60.22,,77.6
60.23,,77.6
60.24,,77.6
60.25,,77.6
60.26,,77.6
60.27,,77.6
60.28,,87.4
60.29,,87.4
60.3,,87.4
60.31,,87.4
60.32,,87.4
60.33,,87.4
60.34,,87.4
60.35,,87.4
60.36,,87.4
60.37,,87.4
60.38,,61.6
60.39,,61.6
60.4,,61.6
60.41,,61.6
60.42,,61.6
60.43,,61.6
60.44,,61.6
60.45,,61.6
60.46,,61.6
60.47,,61.6
60.48,,35
60.49,,35
60.5,,35
60.51,,35
60.52,,35
60.53,,35
60.54,,35
60.55,,35
60.56,,35
60.57,,35
60.58,,33.8
60.59,,33.8
60.6,,33.8
60.61,,33.8
60.62,,33.8
60.63,,33.8
60.64,,33.8
60.65,,33.8
60.66,,33.8
60.67,,33.8
60.68,,59.4
60.69,,59.4
60.7,,59.4
60.71,,59.4
60.72,,59.4
60.73,,59.4
60.74,,59.4
60.75,,59.4
60.76,,59.4
60.77,,59.4
60.78,,80.8
60.79,,80.8
60.8,,80.8
60.81,,80.8
60.82,,80.8
60.83,,80.8
60.84,,80.8
60.85,,80.8
60.86,,80.8
60.87,,80.8
60.88,,78
60.89,,78
60.9,,78
60.91,,78
60.92,,78
60.93,,78
60.94,,78
60.95,,78
60.96,,78
60.97,,78
60.98,,84.3
60.99,,84.3
61,,84.3
61.01,,84.3
61.02,,84.3
61.03,,84.3
61.04,,84.3
61.05,,84.3
61.06,,84.3
61.07,,84.3
61.08,,77.1
61.09,,77.1
61.1,,77.1
61.11,,77.1
61.12,,77.1
61.13,,77.1
61.14,,77.1
61.15,,77.1
61.16,,77.1
61.17,,77.1
61.18,,62
61.19,,62
61.2,,62
61.21,,62
61.22,,62
61.23,,62
61.24,,62
61.25,,62
61.26,,62
61.27,,62
61.28,,60.1
61.29,,60.1
61.3,,60.1
61.31,,60.1
61.32,,60.1
61.33,,60.1
61.34,,60.1
61.35,,60.1
61.36,,60.1
61.37,,60.1
61.38,,71.3
61.39,,71.3
61.4,,71.3
61.41,,71.3
61.42,,71.3
61.43,,71.3
61.44,,71.3
61.45,,71.3
61.46,,71.3
61.47,,71.3
61.48,,71.3
61.49,,71.3
61.5,,71.3
61.51,,71.3
61.52,,71.3
61.53,,71.3
61.54,,71.3
61.55,,71.3
61.56,,71.3
61.57,,71.3
61.58,,100.5
61.59,,100.5
61.6,,100.5
61.61,,100.5
61.62,,100.5
61.63,,100.5
61.64,,100.5
61.65,,100.5
61.66,,100.5
61.67,,100.5
61.68,,78.2
61.69,,78.2
61.7,,78.2
61.71,,78.2
61.72,,78.2
61.73,,78.2
61.74,,78.2
61.75,,78.2
61.76,,78.2
61.77,,78.2
61.78,,98.6
61.79,,98.6
61.8,,98.6
61.81,,98.6
61.82,,98.6
61.83,,98.6
61.84,,98.6
61.85,,98.6
61.86,,98.6
61.87,,98.6
61.88,,145.5
61.89,,145.5
61.9,,145.5
61.91,,145.5
61.92,,145.5
61.93,,145.5
61.94,,145.5
61.95,,145.5
61.96,,145.5
61.97,,145.5
61.98,,123.4
61.99,,123.4
62,,123.4
62.01,,123.4
62.02,,123.4
62.03,,123.4
62.04,,123.4
62.05,,123.4
62.06,,123.4
62.07,,123.4
62.08,,118.5
62.09,,118.5
62.1,,118.5
62.11,,118.5
62.12,,118.5
62.13,,118.5
62.14,,118.5
62.15,,118.5
62.16,,118.5
62.17,,118.5
62.18,,115
62.19,,115
62.2,,115
62.21,,115
62.22,,115
62.23,,115
62.24,,115
62.25,,115
62.26,,115
62.27,,115
62.28,,112.4
62.29,,112.4
62.3,,112.4
62.31,,112.4
62.32,,112.4
62.33,,112.4
62.34,,112.4
62.35,,112.4
62.36,,112.4
62.37,,112.4
62.38,,112.5
62.39,,112.5
62.4,,112.5
62.41,,112.5
62.42,,112.5
62.43,,112.5
62.44,,112.5
62.45,,112.5
62.46,,112.5
62.47,,112.5
62.48,,108.9
62.49,,108.9
62.5,,108.9
62.51,,108.9
62.52,,108.9
62.53,,108.9
62.54,,108.9
62.55,,108.9
62.56,,108.9
62.57,,108.9
62.58,,117.9
62.59,,117.9
62.6,,117.9
62.61,,117.9
62.62,,117.9
62.63,,117.9
62.64,,117.9
62.65,,117.9
62.66,,117.9
62.67,,117.9
62.68,,135.6
62.69,,135.6
62.7,,135.6
62.71,,135.6
62.72,,135.6
62.73,,135.6
62.74,,135.6
62.75,,135.6
62.76,,135.6
62.77,,135.6
62.78,,126.2
62.79,,126.2
62.8,,126.2
62.81,,126.2
62.82,,126.2
62.83,,126.2
62.84,,126.2
62.85,,126.2
62.86,,126.2
62.87,,126.2
62.88,,121.8
62.89,,121.8
62.9,,121.8
62.91,,121.8
62.92,,121.8
62.93,,121.8
62.94,,121.8
62.95,,121.8
62.96,,121.8
62.97,,121.8
62.98,,96.6
62.99,,96.6
63,,96.6
63.01,,96.6
63.02,,96.6
63.03,,96.6
63.04,,96.6
63.05,,96.6
63.06,,96.6
63.07,,96.6
63.08,,89.3
63.09,,89.3
63.1,,89.3
63.11,,89.3
63.12,,89.3
63.13,,89.3
63.14,,89.3
63.15,,89.3
63.16,,89.3
63.17,,89.3
63.18,,81.6
63.19,,81.6
63.2,,81.6
63.21,,81.6
63.22,,81.6
63.23,,81.6
63.24,,81.6
63.25,,81.6
63.26,,81.6
63.27,,81.6
63.28,,53.3
63.29,,53.3
63.3,,53.3
63.31,,53.3
63.32,,53.3
63.33,,53.3
63.34,,53.3
63.35,,53.3
63.36,,53.3
63.37,,53.3
63.38,,9.1
63.39,,9.1
63.4,,9.1
63.41,,9.1
63.42,,9.1
63.43,,9.1
63.44,,9.1
63.45,,9.1
63.46,,9.1
63.47,,9.1
63.48,,14.3
63.49,,14.3
63.5,,14.3
63.51,,14.3
63.52,,14.3
63.53,,14.3
63.54,,14.3
63.55,,14.3
63.56,,14.3
63.57,,14.3
63.58,,11.4
63.59,,11.4
63.6,,11.4
63.61,,11.4
63.62,,11.4
63.63,,11.4
63.64,,11.4
63.65,,11.4
63.66,,11.4
63.67,,11.4
63.68,,11.1
63.69,,11.1
63.7,,11.1
63.71,,11.1
63.72,,11.1
63.73,,11.1
63.74,,11.1
63.75,,11.1
63.76,,11.1
63.77,,11.1
63.78,,10.8
63.79,,10.8
63.8,,10.8
63.81,,10.8
63.82,,10.8
63.83,,10.8
63.84,,10.8
63.85,,10.8
63.86,,10.8
63.87,,10.8
63.88,,6.8
63.89,,6.8
63.9,,6.8
63.91,,6.8
63.92,,6.8
63.93,,6.8
63.94,,6.8
63.95,,6.8
63.96,,6.8
63.97,,6.8
63.98,,2.6
63.99,,2.6
64,,2.6
64.01,,2.6
64.02,,2.6
64.03,,2.6
64.04,,2.6
64.05,,2.6
64.06,,2.6
64.07,,2.6
64.08,,-6.8
64.09,,-6.8
64.1,,-6.8
64.11,,-6.8
64.12,,-6.8
64.13,,-6.8
64.14,,-6.8
64.15,,-6.8
64.16,,-6.8
64.17,,-6.8
64.18,,6.1
64.19,,6.1
64.2,,6.1
64.21,,6.1
64.22,,6.1
64.23,,6.1
64.24,,6.1
64.25,,6.1
64.26,,6.1
64.27,,6.1
64.28,,17.6
64.29,,17.6
64.3,,17.6
64.31,,17.6
64.32,,17.6
64.33,,17.6
64.34,,17.6
64.35,,17.6
64.36,,17.6
64.37,,17.6
64.38,,23.8
64.39,,23.8
64.4,,23.8
64.41,,23.8
64.42,,23.8
64.43,,23.8
64.44,,23.8
64.45,,23.8
64.46,,23.8
64.47,,23.8
64.48,,25.2
64.49,,25.2
64.5,,25.2
64.51,,25.2
64.52,,25.2
64.53,,25.2
64.54,,25.2
64.55,,25.2
64.56,,25.2
64.57,,25.2
64.58,,34.6
64.59,,34.6
64.6,,34.6
64.61,,34.6
64.62,,34.6
64.63,,34.6
64.64,,34.6
64.65,,34.6
64.66,,34.6
64.67,,34.6
64.68,,43
64.69,,43
64.7,,43
64.71,,43
64.72,,43
64.73,,43
64.74,,43
64.75,,43
64.76,,43
64.77,,43
64.78,,49.5
64.79,,49.5
64.8,,49.5
64.81,,49.5
64.82,,49.5
64.83,,49.5
64.84,,49.5
64.85,,49.5
64.86,,49.5
64.87,,49.5
64.88,,40.4
64.89,,40.4
64.9,,40.4
64.91,,40.4
64.92,,40.4
64.93,,40.4
64.94,,40.4
64.95,,40.4
64.96,,40.4
64.97,,40.4
64.98,,25.3
64.99,,25.3
65,,25.3
65.01,,25.3
65.02,,25.3
65.03,,25.3
65.04,,25.3
65.05,,25.3
65.06,,25.3
65.07,,25.3
65.08,,27.2
65.09,,27.2
65.1,,27.2
65.11,,27.2
65.12,,27.2
65.13,,27.2
65.14,,27.2
65.15,,27.2
65.16,,27.2
65.17,,27.2
65.18,,37.4
65.19,,37.4
65.2,,37.4
65.21,,37.4
65.22,,37.4
65.23,,37.4
65.24,,37.4
65.25,,37.4
65.26,,37.4
65.27,,37.4
65.28,,41.6
65.29,,41.6
65.3,,41.6
65.31,,41.6
65.32,,41.6
65.33,,41.6
65.34,,41.6
65.35,,41.6
65.36,,41.6
65.37,,41.6
65.38,,50.4
65.39,,50.4
65.4,,50.4
65.41,,50.4
65.42,,50.4
65.43,,50.4
65.44,,50.4
65.45,,50.4
65.46,,50.4
65.47,,50.4
65.48,,58.1
65.49,,58.1
65.5,,58.1
65.51,,58.1
65.52,,58.1
65.53,,58.1
65.54,,58.1
65.55,,58.1
65.56,,58.1
65.57,,58.1
65.58,,49.9
65.59,,49.9
65.6,,49.9
65.61,,49.9
65.62,,49.9
65.63,,49.9
65.64,,49.9
65.65,,49.9
65.66,,49.9
65.67,,49.9
65.68,,36.7
65.69,,36.7
65.7,,36.7
65.71,,36.7
65.72,,36.7
65.73,,36.7
65.74,,36.7
65.75,,36.7
65.76,,36.7
65.77,,36.7
65.78,,49
65.79,,49
65.8,,49
65.81,,49
65.82,,49
65.83,,49
65.84,,49
65.85,,49
65.86,,49
65.87,,49
65.88,,67.6
65.89,,67.6
65.9,,67.6
65.91,,67.6
65.92,,67.6
65.93,,67.6
65.94,,67.6
65.95,,67.6
65.96,,67.6
65.97,,67.6
65.98,,61
65.99,,61
66,,61
66.01,,61
66.02,,61
66.03,,61
66.04,,61
66.05,,61
66.06,,61
66.07,,61
66.08,,55
66.09,,55
66.1,,55
66.11,,55
66.12,,55
66.13,,55
66.14,,55
66.15,,55
66.16,,55
66.17,,55
66.18,,72
66.19,,72
66.2,,72
66.21,,72
66.22,,72
66.23,,72
66.24,,72
66.25,,72
66.26,,72
66.27,,72
66.28,,71.9
66.29,,71.9
66.3,,71.9
66.31,,71.9
66.32,,71.9
66.33,,71.9
66.34,,71.9
66.35,,71.9
66.36,,71.9
66.37,,71.9
66.38,,68.5
66.39,,68.5
66.4,,68.5
66.41,,68.5
66.42,,68.5
66.43,,68.5
66.44,,68.5
66.45,,68.5
66.46,,68.5
66.47,,68.5
66.48,,66.2
66.49,,66.2
66.5,,66.2
66.51,,66.2
66.52,,66.2
66.53,,66.2
66.54,,66.2
66.55,,66.2
66.56,,66.2
66.57,,66.2
66.58,,61.4
66.59,,61.4
66.6,,61.4
66.61,,61.4
66.62,,61.4
66.63,,61.4
66.64,,61.4
66.65,,61.4
66.66,,61.4
66.67,,61.4
66.68,,61.5
66.69,,61.5
66.7,,61.5
66.71,,61.5
66.72,,61.5
66.73,,61.5
66.74,,61.5
66.75,,61.5
66.76,,61.5
66.77,,61.5
66.78,,48.4
66.79,,48.4
66.8,,48.4
66.81,,48.4
66.82,,48.4
66.83,,48.4
66.84,,48.4
66.85,,48.4
66.86,,48.4
66.87,,48.4
66.88,,52.1
66.89,,52.1
66.9,,52.1
66.91,,52.1
66.92,,52.1
66.93,,52.1
66.94,,52.1
66.95,,52.1
66.96,,52.1
66.97,,52.1
66.98,,70.3
66.99,,70.3
67,,70.3
67.01,,70.3
67.02,,70.3
67.03,,70.3
67.04,,70.3
67.05,,70.3
67.06,,70.3
67.07,,70.3
67.08,,61.8
67.09,,61.8
67.1,,61.8
67.11,,61.8
67.12,,61.8
67.13,,61.8
67.14,,61.8
67.15,,61.8
67.16,,61.8
67.17,,61.8
67.18,,50.6
67.19,,50.6
67.2,,50.6
67.21,,50.6
67.22,,50.6
67.23,,50.6
67.24,,50.6
67.25,,50.6
67.26,,50.6
67.27,,50.6
67.28,,98.2
67.29,,98.2
67.3,,98.2
67.31,,98.2
67.32,,98.2
67.33,,98.2
67.34,,98.2
67.35,,98.2
67.36,,98.2
67.37,,98.2
67.38,,61.9
67.39,,61.9
67.4,,61.9
67.41,,61.9
67.42,,61.9
67.43,,61.9
67.44,,61.9
67.45,,61.9
67.46,,61.9
67.47,,61.9
67.48,,45.2
67.49,,45.2
67.5,,45.2
67.51,,45.2
67.52,,45.2
67.53,,45.2
67.54,,45.2
67.55,,45.2
67.56,,45.2
67.57,,45.2
67.58,,95
67.59,,95
67.6,,95
67.61,,95
67.62,,95
67.63,,95
67.64,,95
67.65,,95
67.66,,95
67.67,,95
67.68,,57.6
67.69,,57.6
67.7,,57.6
67.71,,57.6
67.72,,57.6
67.73,,57.6
67.74,,57.6
67.75,,57.6
67.76,,57.6
67.77,,57.6
67.78,,35.4
67.79,,35.4
67.8,,35.4
67.81,,35.4
67.82,,35.4
67.83,,35.4
67.84,,35.4
67.85,,35.4
67.86,,35.4
67.87,,35.4
67.88,,96.4
67.89,,96.4
67.9,,96.4
67.91,,96.4
67.92,,96.4
67.93,,96.4
67.94,,96.4
67.95,,96.4
67.96,,96.4
67.97,,96.4
67.98,,68.1
67.99,,68.1
68,,68.1
68.01,,68.1
68.02,,68.1
68.03,,68.1
68.04,,68.1
68.05,,68.1
68.06,,68.1
68.07,,68.1
68.08,,50.7
68.09,,50.7
68.1,,50.7
68.11,,50.7
68.12,,50.7
68.13,,50.7
68.14,,50.7
68.15,,50.7
68.16,,50.7
68.17,,50.7
68.18,,51.1
68.19,,51.1
68.2,,51.1
68.21,,51.1
68.22,,51.1
68.23,,51.1
68.24,,51.1
68.25,,51.1
68.26,,51.1
68.27,,51.1
68.28,,38.6
68.29,,38.6
68.3,,38.6
68.31,,38.6
68.32,,38.6
68.33,,38.6
68.34,,38.6
68.35,,38.6
68.36,,38.6
68.37,,38.6
68.38,,0
68.39,,0
68.4,,0
68.41,,0
68.42,,0
68.43,,0
68.44,,0
68.45,,0
68.46,,0
68.47,,0
68.48,,0
68.49,,0
68.5,,0
68.51,,0
68.52,,0
68.53,,0
68.54,,0
68.55,,0
68.56,,0
68.57,,0
68.58,,0
68.59,,0
68.6,,0
68.61,,0
68.62,,0
68.63,,0
68.64,,0
68.65,,0
68.66,,0
68.67,,0
68.68,,0
68.69,,0
68.7,,0
68.71,,0
68.72,,0
68.73,,0
68.74,,0
68.75,,0
68.76,,0
68.77,,0
68.78,,0
68.79,,0
68.8,,0
68.81,,0
68.82,,0
68.83,,0
68.84,,0
68.85,,0
68.86,,0
68.87,,0
68.88,,0
68.89,,0
68.9,,0
68.91,,0
68.92,,0
68.93,,0
68.94,,0
68.95,,0
68.96,,0
68.97,,0
68.98,,0
68.99,,0
69,,0
69.01,,0
69.02,,0
69.03,,0
69.04,,0
69.05,,0
69.06,,0
69.07,,0
69.08,,-0.7
69.09,,-0.7
69.1,,-0.7
69.11,,-0.7
69.12,,-0.7
69.13,,-0.7
69.14,,-0.7
69.15,,-0.7
69.16,,-0.7
69.17,,-0.7
69.18,,11.1
69.19,,11.1
69.2,,11.1
69.21,,11.1
69.22,,11.1
69.23,,11.1
69.24,,11.1
69.25,,11.1
69.26,,11.1
69.27,,11.1
69.28,,9.2
69.29,,9.2
69.3,,9.2
69.31,,9.2
69.32,,9.2
69.33,,9.2
69.34,,9.2
69.35,,9.2
69.36,,9.2
69.37,,9.2
69.38,,10
69.39,,10
69.4,,10
69.41,,10
69.42,,10
69.43,,10
69.44,,10
69.45,,10
69.46,,10
69.47,,10
69.48,,12.3
69.49,,12.3
69.5,,12.3
69.51,,12.3
69.52,,12.3
69.53,,12.3
69.54,,12.3
69.55,,12.3
69.56,,12.3
69.57,,12.3
69.58,,11.1
69.59,,11.1
69.6,,11.1
69.61,,11.1
69.62,,11.1
69.63,,11.1
69.64,,11.1
69.65,,11.1
69.66,,11.1
69.67,,11.1
69.68,,18.4
69.69,,18.4
69.7,,18.4
69.71,,18.4
69.72,,18.4
69.73,,18.4
69.74,,18.4
69.75,,18.4
69.76,,18.4
69.77,,18.4
69.78,,59.1
69.79,,59.1
69.8,,59.1
69.81,,59.1
69.82,,59.1
69.83,,59.1
69.84,,59.1
69.85,,59.1
69.86,,59.1
69.87,,59.1
69.88,,88.2
69.89,,88.2
69.9,,88.2
69.91,,88.2
69.92,,88.2
69.93,,88.2
69.94,,88.2
69.95,,88.2
69.96,,88.2
69.97,,88.2
69.98,,78.2
69.99,,78.2
70,,78.2
70.01,,78.2
70.02,,78.2
70.03,,78.2
70.04,,78.2
70.05,,78.2
70.06,,78.2
70.07,,78.2
70.08,,100.4
70.09,,100.4
70.1,,100.4
70.11,,100.4
70.12,,100.4
70.13,,100.4
70.14,,100.4
70.15,,100.4
70.16,,100.4
70.17,,100.4
70.18,,66
70.19,,66
70.2,,66
70.21,,66
70.22,,66
70.23,,66
70.24,,66
70.25,,66
70.26,,66
70.27,,66
70.28,,41.1
70.29,,41.1
70.3,,41.1
70.31,,41.1
70.32,,41.1
70.33,,41.1
70.34,,41.1
70.35,,41.1
70.36,,41.1
70.37,,41.1
70.38,,44.2
70.39,,44.2
70.4,,44.2
70.41,,44.2
70.42,,44.2
70.43,,44.2
70.44,,44.2
70.45,,44.2
70.46,,44.2
70.47,,44.2
70.48,,54.4
70.49,,54.4
70.5,,54.4
70.51,,54.4
70.52,,54.4
70.53,,54.4
70.54,,54.4
70.55,,54.4
70.56,,54.4
70.57,,54.4
70.58,,57.8
70.59,,57.8
70.6,,57.8
70.61,,57.8
70.62,,57.8
70.63,,57.8
70.64,,57.8
70.65,,57.8
70.66,,57.8
70.67,,57.8
70.68,,51.4
70.69,,51.4
70.7,,51.4
70.71,,51.4
70.72,,51.4
70.73,,51.4
70.74,,51.4
70.75,,51.4
70.76,,51.4
70.77,,51.4
70.78,,59
70.79,,59
70.8,,59
70.81,,59
70.82,,59
70.83,,59
70.84,,59
70.85,,59
70.86,,59
70.87,,59
70.88,,62.7
70.89,,62.7
70.9,,62.7
70.91,,62.7
70.92,,62.7
70.93,,62.7
70.94,,62.7
70.95,,62.7
70.96,,62.7
70.97,,62.7
70.98,,52.4
70.99,,52.4
71,,52.4
71.01,,52.4
71.02,,52.4
71.03,,52.4
71.04,,52.4
71.05,,52.4
71.06,,52.4
71.07,,52.4
71.08,,40.4
71.09,,40.4
71.1,,40.4
71.11,,40.4
71.12,,40.4
71.13,,40.4
71.14,,40.4
71.15,,40.4
71.16,,40.4
71.17,,40.4
71.18,,41.5
71.19,,41.5
71.2,,41.5
71.21,,41.5
71.22,,41.5
71.23,,41.5
71.24,,41.5
71.25,,41.5
71.26,,41.5
71.27,,41.5
71.28,,43.9
71.29,,43.9
71.3,,43.9
71.31,,43.9
71.32,,43.9
71.33,,43.9
71.34,,43.9
71.35,,43.9
71.36,,43.9
71.37,,43.9
71.38,,55.2
71.39,,55.2
71.4,,55.2
71.41,,55.2
71.42,,55.2
71.43,,55.2
71.44,,55.2
71.45,,55.2
71.46,,55.2
71.47,,55.2
71.48,,74
71.49,,74
71.5,,74
71.51,,74
71.52,,74
71.53,,74
71.54,,74
71.55,,74
71.56,,74
71.57,,74
71.58,,90.7
71.59,,90.7
71.6,,90.7
71.61,,90.7
71.62,,90.7
71.63,,90.7
71.64,,90.7
71.65,,90.7
71.66,,90.7
71.67,,90.7
71.68,,76.2
71.69,,76.2
71.7,,76.2
71.71,,76.2
71.72,,76.2
71.73,,76.2
71.74,,76.2
71.75,,76.2
71.76,,76.2
71.77,,76.2
71.78,,61.3
71.79,,61.3
71.8,,61.3
71.81,,61.3
71.82,,61.3
71.83,,61.3
71.84,,61.3
71.85,,61.3
71.86,,61.3
71.87,,61.3
71.88,,75.6
71.89,,75.6
71.9,,75.6
71.91,,75.6
71.92,,75.6
71.93,,75.6
71.94,,75.6
71.95,,75.6
71.96,,75.6
71.97,,75.6
71.98,,55.3
71.99,,55.3
72,,55.3
72.01,,55.3
72.02,,55.3
72.03,,55.3
72.04,,55.3
72.05,,55.3
72.06,,55.3
72.07,,55.3
72.08,,61
72.09,,61
72.1,,61
72.11,,61
72.12,,61
72.13,,61
72.14,,61
72.15,,61
72.16,,61
72.17,,61
72.18,,92.3
72.19,,92.3
72.2,,92.3
72.21,,92.3
72.22,,92.3
72.23,,92.3
72.24,,92.3
72.25,,92.3
72.26,,92.3
72.27,,92.3
72.28,,106.7
72.29,,106.7
72.3,,106.7
72.31,,106.7
72.32,,106.7
72.33,,106.7
72.34,,106.7
72.35,,106.7
72.36,,106.7
72.37,,106.7
72.38,,98.9
72.39,,98.9
72.4,,98.9
72.41,,98.9
72.42,,98.9
72.43,,98.9
72.44,,98.9
72.45,,98.9
72.46,,98.9
72.47,,98.9
72.48,,87.6
72.49,,87.6
72.5,,87.6
72.51,,87.6
72.52,,87.6
72.53,,87.6
72.54,,87.6
72.55,,87.6
72.56,,87.6
72.57,,87.6
72.58,,105.4
72.59,,105.4
72.6,,105.4
72.61,,105.4
72.62,,105.4
72.63,,105.4
72.64,,105.4
72.65,,105.4
72.66,,105.4
72.67,,105.4
72.68,,109.4
72.69,,109.4
72.7,,109.4
72.71,,109.4
72.72,,109.4
72.73,,109.4
72.74,,109.4
72.75,,109.4
72.76,,109.4
72.77,,109.4
72.78,,108.2
72.79,,108.2
72.8,,108.2
72.81,,108.2
72.82,,108.2
72.83,,108.2
72.84,,108.2
72.85,,108.2
72.86,,108.2
72.87,,108.2
72.88,,106.8
72.89,,106.8
72.9,,106.8
72.91,,106.8
72.92,,106.8
72.93,,106.8
72.94,,106.8
72.95,,106.8
72.96,,106.8
72.97,,106.8
72.98,,141.2
72.99,,141.2
73,,141.2
73.01,,141.2
73.02,,141.2
73.03,,141.2
73.04,,141.2
73.05,,141.2
73.06,,141.2
73.07,,141.2
73.08,,141.9
73.09,,141.9
73.1,,141.9
73.11,,141.9
73.12,,141.9
73.13,,141.9
73.14,,141.9
73.15,,141.9
73.16,,141.9
73.17,,141.9
73.18,,133.4
73.19,,133.4
73.2,,133.4
73.21,,133.4
73.22,,133.4
73.23,,133.4
73.24,,133.4
73.25,,133.4
73.26,,133.4
73.27,,133.4
73.28,,134.9
73.29,,134.9
73.3,,134.9
73.31,,134.9
73.32,,134.9
73.33,,134.9
73.34,,134.9
73.35,,134.9
73.36,,134.9
73.37,,134.9
73.38,,141
73.39,,141
73.4,,141
73.41,,141
73.42,,141
73.43,,141
73.44,,141
73.45,,141
73.46,,141
73.47,,141
73.48,,139.6
73.49,,139.6
73.5,,139.6
73.51,,139.6
73.52,,139.6
73.53,,139.6
73.54,,139.6
73.55,,139.6
73.56,,139.6
73.57,,139.6
73.58,,208
73.59,,208
73.6,,208
73.61,,208
73.62,,208
73.63,,208
73.64,,208
73.65,,208
73.66,,208
73.67,,208
73.68,,211.5
73.69,,211.5
73.7,,211.5
73.71,,211.5
73.72,,211.5
73.73,,211.5
73.74,,211.5
73.75,,211.5
73.76,,211.5
73.77,,211.5
73.78,,145.2
73.79,,145.2
73.8,,145.2
73.81,,145.2
73.82,,145.2
73.83,,145.2
73.84,,145.2
73.85,,145.2
73.86,,145.2
73.87,,145.2
73.88,,95.7
73.89,,95.7
73.9,,95.7
73.91,,95.7
73.92,,95.7
73.93,,95.7
73.94,,95.7
73.95,,95.7
73.96,,95.7
73.97,,95.7
73.98,,197.2
73.99,,197.2
74,,197.2
74.01,,197.2
74.02,,197.2
74.03,,197.2
74.04,,197.2
74.05,,197.2
74.06,,197.2
74.07,,197.2
74.08,,199.3
74.09,,199.3
74.1,,199.3
74.11,,199.3
74.12,,199.3
74.13,,199.3
74.14,,199.3
74.15,,199.3
74.16,,199.3
74.17,,199.3
74.18,,166.8
74.19,,166.8
74.2,,166.8
74.21,,166.8
74.22,,166.8
74.23,,166.8
74.24,,166.8
74.25,,166.8
74.26,,166.8
74.27,,166.8
74.28,,-132.8
74.29,,-132.8
74.3,,-132.8
74.31,,-132.8
74.32,,-132.8
74.33,,-132.8
74.34,,-132.8
74.35,,-132.8
74.36,,-132.8
74.37,,-132.8
74.38,,-103.4
74.39,,-103.4
74.4,,-103.4
74.41,,-103.4
74.42,,-103.4
74.43,,-103.4
74.44,,-103.4
74.45,,-103.4
74.46,,-103.4
74.47,,-103.4
74.48,,-42
74.49,,-42
74.5,,-42
74.51,,-42
74.52,,-42
74.53,,-42
74.54,,-42
74.55,,-42
74.56,,-42
74.57,,-42
74.58,,-8.4
74.59,,-8.4
74.6,,-8.4
74.61,,-8.4
74.62,,-8.4
74.63,,-8.4
74.64,,-8.4
74.65,,-8.4
74.66,,-8.4
74.67,,-8.4
74.68,,-3
74.69,,-3
74.7,,-3
74.71,,-3
74.72,,-3
74.73,,-3
74.74,,-3
74.75,,-3
74.76,,-3
74.77,,-3
74.78,,3.3
74.79,,3.3
74.8,,3.3
74.81,,3.3
74.82,,3.3
74.83,,3.3
74.84,,3.3
74.85,,3.3
74.86,,3.3
74.87,,3.3
74.88,,11.7
74.89,,11.7
74.9,,11.7
74.91,,11.7
74.92,,11.7
74.93,,11.7
74.94,,11.7
74.95,,11.7
74.96,,11.7
74.97,,11.7
74.98,,8.3
74.99,,8.3
75,,8.3
75.01,,8.3
75.02,,8.3
75.03,,8.3
75.04,,8.3
75.05,,8.3
75.06,,8.3
75.07,,8.3
75.08,,6.2
75.09,,6.2
75.1,,6.2
75.11,,6.2
75.12,,6.2
75.13,,6.2
75.14,,6.2
75.15,,6.2
75.16,,6.2
75.17,,6.2
75.18,,3.4
75.19,,3.4
75.2,,3.4
75.21,,3.4
75.22,,3.4
75.23,,3.4
75.24,,3.4
75.25,,3.4
75.26,,3.4
75.27,,3.4
75.28,,3.7
75.29,,3.7
75.3,,3.7
75.31,,3.7
75.32,,3.7
75.33,,3.7
75.34,,3.7
75.35,,3.7
75.36,,3.7
75.37,,3.7
75.38,,4.8
75.39,,4.8
75.4,,4.8
75.41,,4.8
75.42,,4.8
75.43,,4.8
75.44,,4.8
75.45,,4.8
75.46,,4.8
75.47,,4.8
75.48,,4.8
75.49,,4.8
75.5,,4.8
75.51,,4.8
75.52,,4.8
75.53,,4.8
75.54,,4.8
75.55,,4.8
75.56,,4.8
75.57,,4.8
75.58,,4.1
75.59,,4.1
75.6,,4.1
75.61,,4.1
75.62,,4.1
75.63,,4.1
75.64,,4.1
75.65,,4.1
75.66,,4.1
75.67,,4.1
75.68,,4.1
75.69,,4.1
75.7,,4.1
75.71,,4.1
75.72,,4.1
75.73,,4.1
75.74,,4.1
75.75,,4.1
75.76,,4.1
75.77,,4.1
75.78,,3.1
75.79,,3.1
75.8,,3.1
75.81,,3.1
75.82,,3.1
75.83,,3.1
75.84,,3.1
75.85,,3.1
75.86,,3.1
75.87,,3.1
75.88,,2.7
75.89,,2.7
75.9,,2.7
75.91,,2.7
75.92,,2.7
75.93,,2.7
75.94,,2.7
75.95,,2.7
75.96,,2.7
75.97,,2.7
75.98,,3.1
75.99,,3.1
76,,3.1
76.01,,3.1
76.02,,3.1
76.03,,3.1
76.04,,3.1
76.05,,3.1
76.06,,3.1
76.07,,3.1
76.08,,0.8
76.09,,0.8
76.1,,0.8
76.11,,0.8
76.12,,0.8
76.13,,0.8
76.14,,0.8
76.15,,0.8
76.16,,0.8
76.17,,0.8
76.18,,7.6
76.19,,7.6
76.2,,7.6
76.21,,7.6
76.22,,7.6
76.23,,7.6
76.24,,7.6
76.25,,7.6
76.26,,7.6
76.27,,7.6
76.28,,32.7
76.29,,32.7
76.3,,32.7
76.31,,32.7
76.32,,32.7
76.33,,32.7
76.34,,32.7
76.35,,32.7
76.36,,32.7
76.37,,32.7
76.38,,39.9
76.39,,39.9
76.4,,39.9
76.41,,39.9
76.42,,39.9
76.43,,39.9
76.44,,39.9
76.45,,39.9
76.46,,39.9
76.47,,39.9
76.48,,10.3
76.49,,10.3
76.5,,10.3
76.51,,10.3
76.52,,10.3
76.53,,10.3
76.54,,10.3
76.55,,10.3
76.56,,10.3
76.57,,10.3
76.58,,2.3
76.59,,2.3
76.6,,2.3
76.61,,2.3
76.62,,2.3
76.63,,2.3
76.64,,2.3
76.65,,2.3
76.66,,2.3
76.67,,2.3
76.68,,13.4
76.69,,13.4
76.7,,13.4
76.71,,13.4
76.72,,13.4
76.73,,13.4
76.74,,13.4
76.75,,13.4
76.76,,13.4
76.77,,13.4
76.78,,30.7
76.79,,30.7
76.8,,30.7
76.81,,30.7
76.82,,30.7
76.83,,30.7
76.84,,30.7
76.85,,30.7
76.86,,30.7
76.87,,30.7
76.88,,39.7
76.89,,39.7
76.9,,39.7
76.91,,39.7
76.92,,39.7
76.93,,39.7
76.94,,39.7
76.95,,39.7
76.96,,39.7
76.97,,39.7
76.98,,44.1
76.99,,44.1
77,,44.1
77.01,,44.1
77.02,,44.1
77.03,,44.1
77.04,,44.1
77.05,,44.1
77.06,,44.1
77.07,,44.1
77.08,,42
77.09,,42
77.1,,42
77.11,,42
77.12,,42
77.13,,42
77.14,,42
77.15,,42
77.16,,42
77.17,,42
77.18,,54.4
77.19,,54.4
77.2,,54.4
77.21,,54.4
77.22,,54.4
77.23,,54.4
77.24,,54.4
77.25,,54.4
77.26,,54.4
77.27,,54.4
77.28,,47.4
77.29,,47.4
77.3,,47.4
77.31,,47.4
77.32,,47.4
77.33,,47.4
77.34,,47.4
77.35,,47.4
77.36,,47.4
77.37,,47.4
77.38,,33.6
77.39,,33.6
77.4,,33.6
77.41,,33.6
77.42,,33.6
77.43,,33.6
77.44,,33.6
77.45,,33.6
77.46,,33.6
77.47,,33.6
77.48,,43
77.49,,43
77.5,,43
77.51,,43
77.52,,43
77.53,,43
77.54,,43
77.55,,43
77.56,,43
77.57,,43
77.58,,65.7
77.59,,65.7
77.6,,65.7
77.61,,65.7
77.62,,65.7
77.63,,65.7
77.64,,65.7
77.65,,65.7
77.66,,65.7
77.67,,65.7
77.68,,75.7
77.69,,75.7
77.7,,75.7
77.71,,75.7
77.72,,75.7
77.73,,75.7
77.74,,75.7
77.75,,75.7
77.76,,75.7
77.77,,75.7
77.78,,57.8
77.79,,57.8
77.8,,57.8
77.81,,57.8
77.82,,57.8
77.83,,57.8
77.84,,57.8
77.85,,57.8
77.86,,57.8
77.87,,57.8
77.88,,67.9
77.89,,67.9
77.9,,67.9
77.91,,67.9
77.92,,67.9
77.93,,67.9
77.94,,67.9
77.95,,67.9
77.96,,67.9
77.97,,67.9
77.98,,75.4
77.99,,75.4
78,,75.4
78.01,,75.4
78.02,,75.4
78.03,,75.4
78.04,,75.4
78.05,,75.4
78.06,,75.4
78.07,,75.4
78.08,,66.6
78.09,,66.6
78.1,,66.6
78.11,,66.6
78.12,,66.6
78.13,,66.6
78.14,,66.6
78.15,,66.6
78.16,,66.6
78.17,,66.6
78.18,,62.1
78.19,,62.1
78.2,,62.1
78.21,,62.1
78.22,,62.1
78.23,,62.1
78.24,,62.1
78.25,,62.1
78.26,,62.1
78.27,,62.1
78.28,,60.9
78.29,,60.9
78.3,,60.9
78.31,,60.9
78.32,,60.9
78.33,,60.9
78.34,,60.9
78.35,,60.9
78.36,,60.9
78.37,,60.9
78.38,,61.7
78.39,,61.7
78.4,,61.7
78.41,,61.7
78.42,,61.7
78.43,,61.7
78.44,,61.7
78.45,,61.7
78.46,,61.7
78.47,,61.7
78.48,,81.4
78.49,,81.4
78.5,,81.4
78.51,,81.4
78.52,,81.4
78.53,,81.4
78.54,,81.4
78.55,,81.4
78.56,,81.4
78.57,,81.4
78.58,,75.9
78.59,,75.9
78.6,,75.9
78.61,,75.9
78.62,,75.9
78.63,,75.9
78.64,,75.9
78.65,,75.9
78.66,,75.9
78.67,,75.9
78.68,,67.6
78.69,,67.6
78.7,,67.6
78.71,,67.6
78.72,,67.6
78.73,,67.6
78.74,,67.6
78.75,,67.6
78.76,,67.6
78.77,,67.6
78.78,,56.1
78.79,,56.1
78.8,,56.1
78.81,,56.1
78.82,,56.1
78.83,,56.1
78.84,,56.1
78.85,,56.1
78.86,,56.1
78.87,,56.1
78.88,,49.2
78.89,,49.2
78.9,,49.2
78.91,,49.2
78.92,,49.2
78.93,,49.2
78.94,,49.2
78.95,,49.2
78.96,,49.2
78.97,,49.2
78.98,,54.5
78.99,,54.5
79,,54.5
79.01,,54.5
79.02,,54.5
79.03,,54.5
79.04,,54.5
79.05,,54.5
79.06,,54.5
79.07,,54.5
79.08,,82.6
79.09,,82.6
79.1,,82.6
79.11,,82.6
79.12,,82.6
79.13,,82.6
79.14,,82.6
79.15,,82.6
79.16,,82.6
79.17,,82.6
79.18,,64.8
79.19,,64.8
79.2,,64.8
79.21,,64.8
79.22,,64.8
79.23,,64.8
79.24,,64.8
79.25,,64.8
79.26,,64.8
79.27,,64.8
79.28,,71.5
79.29,,71.5
79.3,,71.5
79.31,,71.5
79.32,,71.5
79.33,,71.5
79.34,,71.5
79.35,,71.5
79.36,,71.5
79.37,,71.5
79.38,,87.8
79.39,,87.8
79.4,,87.8
79.41,,87.8
79.42,,87.8
79.43,,87.8
79.44,,87.8
79.45,,87.8
79.46,,87.8
79.47,,87.8
79.48,,83.9
79.49,,83.9
79.5,,83.9
79.51,,83.9
79.52,,83.9
79.53,,83.9
79.54,,83.9
79.55,,83.9
79.56,,83.9
79.57,,83.9
79.58,,89.2
79.59,,89.2
79.6,,89.2
79.61,,89.2
79.62,,89.2
79.63,,89.2
79.64,,89.2
79.65,,89.2
79.66,,89.2
79.67,,89.2
79.68,,76.9
79.69,,76.9
79.7,,76.9
79.71,,76.9
79.72,,76.9
79.73,,76.9
79.74,,76.9
79.75,,76.9
79.76,,76.9
79.77,,76.9
79.78,,98.9
79.79,,98.9
79.8,,98.9
79.81,,98.9
79.82,,98.9
79.83,,98.9
79.84,,98.9
79.85,,98.9
79.86,,98.9
79.87,,98.9
79.88,,105.5
79.89,,105.5
79.9,,105.5
79.91,,105.5
79.92,,105.5
79.93,,105.5
79.94,,105.5
79.95,,105.5
79.96,,105.5
79.97,,105.5
79.98,,101.6
79.99,,101.6
80,,101.6
80.01,,101.6
80.02,,101.6
80.03,,101.6
80.04,,101.6
80.05,,101.6
80.06,,101.6
80.07,,101.6
80.08,,110.2
80.09,,110.2
80.1,,110.2
80.11,,110.2
80.12,,110.2
80.13,,110.2
80.14,,110.2
80.15,,110.2
80.16,,110.2
80.17,,110.2
80.18,,116
80.19,,116
80.2,,116
80.21,,116
80.22,,116
80.23,,116
80.24,,116
80.25,,116
80.26,,116
80.27,,116
80.28,,121.5
80.29,,121.5
80.3,,121.5
80.31,,121.5
80.32,,121.5
80.33,,121.5
80.34,,121.5
80.35,,121.5
80.36,,121.5
80.37,,121.5
80.38,,116.2
80.39,,116.2
80.4,,116.2
80.41,,116.2
80.42,,116.2
80.43,,116.2
80.44,,116.2
80.45,,116.2
80.46,,116.2
80.47,,116.2
80.48,,98.6
80.49,,98.6
80.5,,98.6
80.51,,98.6
80.52,,98.6
80.53,,98.6
80.54,,98.6
80.55,,98.6
80.56,,98.6
80.57,,98.6
80.58,,109.1
80.59,,109.1
80.6,,109.1
80.61,,109.1
80.62,,109.1
80.63,,109.1
80.64,,109.1
80.65,,109.1
80.66,,109.1
80.67,,109.1
80.68,,126.2
80.69,,126.2
80.7,,126.2
80.71,,126.2
80.72,,126.2
80.73,,126.2
80.74,,126.2
80.75,,126.2
80.76,,126.2
80.77,,126.2
80.78,,122.2
80.79,,122.2
80.8,,122.2
80.81,,122.2
80.82,,122.2
80.83,,122.2
80.84,,122.2
80.85,,122.2
80.86,,122.2
80.87,,122.2
80.88,,113.5
80.89,,113.5
80.9,,113.5
80.91,,113.5
80.92,,113.5
80.93,,113.5
80.94,,113.5
80.95,,113.5
80.96,,113.5
80.97,,113.5
80.98,,128.8
80.99,,128.8
81,,128.8
81.01,,128.8
81.02,,128.8
81.03,,128.8
81.04,,128.8
81.05,,128.8
81.06,,128.8
81.07,,128.8
81.08,,131.8
81.09,,131.8
81.1,,131.8
81.11,,131.8
81.12,,131.8
81.13,,131.8
81.14,,131.8
81.15,,131.8
81.16,,131.8
81.17,,131.8
81.18,,126.7
81.19,,126.7
81.2,,126.7
81.21,,126.7
81.22,,126.7
81.23,,126.7
81.24,,126.7
81.25,,126.7
81.26,,126.7
81.27,,126.7
81.28,,115.4
81.29,,115.4
81.3,,115.4
81.31,,115.4
81.32,,115.4
81.33,,115.4
81.34,,115.4
81.35,,115.4
81.36,,115.4
81.37,,115.4
81.38,,121.7
81.39,,121.7
81.4,,121.7
81.41,,121.7
81.42,,121.7
81.43,,121.7
81.44,,121.7
81.45,,121.7
81.46,,121.7
81.47,,121.7
81.48,,129.7
81.49,,129.7
81.5,,129.7
81.51,,129.7
81.52,,129.7
81.53,,129.7
81.54,,129.7
81.55,,129.7
81.56,,129.7
81.57,,129.7
81.58,,137.4
81.59,,137.4
81.6,,137.4
81.61,,137.4
81.62,,137.4
81.63,,137.4
81.64,,137.4
81.65,,137.4
81.66,,137.4
81.67,,137.4
81.68,,154.8
81.69,,154.8
81.7,,154.8
81.71,,154.8
81.72,,154.8
81.73,,154.8
81.74,,154.8
81.75,,154.8
81.76,,154.8
81.77,,154.8
81.78,,123.4
81.79,,123.4
81.8,,123.4
81.81,,123.4
81.82,,123.4
81.83,,123.4
81.84,,123.4
81.85,,123.4
81.86,,123.4
81.87,,123.4
81.88,,85.1
81.89,,85.1
81.9,,85.1
81.91,,85.1
81.92,,85.1
81.93,,85.1
81.94,,85.1
81.95,,85.1
81.96,,85.1
81.97,,85.1
81.98,,107.4
81.99,,107.4
82,,107.4
82.01,,107.4
82.02,,107.4
82.03,,107.4
82.04,,107.4
82.05,,107.4
82.06,,107.4
82.07,,107.4
82.08,,7
82.09,,7
82.1,,7
82.11,,7
82.12,,7
82.13,,7
82.14,,7
82.15,,7
82.16,,7
82.17,,7
82.18,,1.7
82.19,,1.7
82.2,,1.7
82.21,,1.7
82.22,,1.7
82.23,,1.7
82.24,,1.7
82.25,,1.7
82.26,,1.7
82.27,,1.7
82.28,,4.6
82.29,,4.6
82.3,,4.6
82.31,,4.6
82.32,,4.6
82.33,,4.6
82.34,,4.6
82.35,,4.6
82.36,,4.6
82.37,,4.6
82.38,,10.5
82.39,,10.5
82.4,,10.5
82.41,,10.5
82.42,,10.5
82.43,,10.5
82.44,,10.5
82.45,,10.5
82.46,,10.5
82.47,,10.5
82.48,,4.1
82.49,,4.1
82.5,,4.1
82.51,,4.1
82.52,,4.1
82.53,,4.1
82.54,,4.1
82.55,,4.1
82.56,,4.1
82.57,,4.1
82.58,,4.3
82.59,,4.3
82.6,,4.3
82.61,,4.3
82.62,,4.3
82.63,,4.3
82.64,,4.3
82.65,,4.3
82.66,,4.3
82.67,,4.3
82.68,,8.3
82.69,,8.3
82.7,,8.3
82.71,,8.3
82.72,,8.3
82.73,,8.3
82.74,,8.3
82.75,,8.3
82.76,,8.3
82.77,,8.3
82.78,,5.9
82.79,,5.9
82.8,,5.9
82.81,,5.9
82.82,,5.9
82.83,,5.9
82.84,,5.9
82.85,,5.9
82.86,,5.9
82.87,,5.9
82.88,,7.1
82.89,,7.1
82.9,,7.1
82.91,,7.1
82.92,,7.1
82.93,,7.1
82.94,,7.1
82.95,,7.1
82.96,,7.1
82.97,,7.1
82.98,,6.5
82.99,,6.5
83,,6.5
83.01,,6.5
83.02,,6.5
83.03,,6.5
83.04,,6.5
83.05,,6.5
83.06,,6.5
83.07,,6.5
83.08,,-1.7
83.09,,-1.7
83.1,,-1.7
83.11,,-1.7
83.12,,-1.7
83.13,,-1.7
83.14,,-1.7
83.15,,-1.7
83.16,,-1.7
83.17,,-1.7
83.18,,4
83.19,,4
83.2,,4
83.21,,4
83.22,,4
83.23,,4
83.24,,4
83.25,,4
83.26,,4
83.27,,4
83.28,,8.6
83.29,,8.6
83.3,,8.6
83.31,,8.6
83.32,,8.6
83.33,,8.6
83.34,,8.6
83.35,,8.6
83.36,,8.6
83.37,,8.6
83.38,,13.4
83.39,,13.4
83.4,,13.4
83.41,,13.4
83.42,,13.4
83.43,,13.4
83.44,,13.4
83.45,,13.4
83.46,,13.4
83.47,,13.4
83.48,,21.9
83.49,,21.9
83.5,,21.9
83.51,,21.9
83.52,,21.9
83.53,,21.9
83.54,,21.9
83.55,,21.9
83.56,,21.9
83.57,,21.9
83.58,,68.5
83.59,,68.5
83.6,,68.5
83.61,,68.5
83.62,,68.5
83.63,,68.5
83.64,,68.5
83.65,,68.5
83.66,,68.5
83.67,,68.5
83.68,,78
83.69,,78
83.7,,78
83.71,,78
83.72,,78
83.73,,78
83.74,,78
83.75,,78
83.76,,78
83.77,,78
83.78,,60.6
83.79,,60.6
83.8,,60.6
83.81,,60.6
83.82,,60.6
83.83,,60.6
83.84,,60.6
83.85,,60.6
83.86,,60.6
83.87,,60.6
83.88,,43.4
83.89,,43.4
83.9,,43.4
83.91,,43.4
83.92,,43.4
83.93,,43.4
83.94,,43.4
83.95,,43.4
83.96,,43.4
83.97,,43.4
83.98,,52.8
83.99,,52.8
84,,52.8
84.01,,52.8
84.02,,52.8
84.03,,52.8
84.04,,52.8
84.05,,52.8
84.06,,52.8
84.07,,52.8
84.08,,77.5
84.09,,77.5
84.1,,77.5
84.11,,77.5
84.12,,77.5
84.13,,77.5
84.14,,77.5
84.15,,77.5
84.16,,77.5
84.17,,77.5
84.18,,98.9
84.19,,98.9
84.2,,98.9
84.21,,98.9
84.22,,98.9
84.23,,98.9
84.24,,98.9
84.25,,98.9
84.26,,98.9
84.27,,98.9
84.28,,92.3
84.29,,92.3
84.3,,92.3
84.31,,92.3
84.32,,92.3
84.33,,92.3
84.34,,92.3
84.35,,92.3
84.36,,92.3
84.37,,92.3
84.38,,99
84.39,,99
84.4,,99
84.41,,99
84.42,,99
84.43,,99
84.44,,99
84.45,,99
84.46,,99
84.47,,99
84.48,,102.8
84.49,,102.8
84.5,,102.8
84.51,,102.8
84.52,,102.8
84.53,,102.8
84.54,,102.8
84.55,,102.8
84.56,,102.8
84.57,,102.8
84.58,,112.2
84.59,,112.2
84.6,,112.2
84.61,,112.2
84.62,,112.2
84.63,,112.2
84.64,,112.2
84.65,,112.2
84.66,,112.2
84.67,,112.2
84.68,,104
84.69,,104
84.7,,104
84.71,,104
84.72,,104
84.73,,104
84.74,,104
84.75,,104
84.76,,104
84.77,,104
84.78,,104.8
84.79,,104.8
84.8,,104.8
84.81,,104.8
84.82,,104.8
84.83,,104.8
84.84,,104.8
84.85,,104.8
84.86,,104.8
84.87,,104.8
84.88,,140.6
84.89,,140.6
84.9,,140.6
84.91,,140.6
84.92,,140.6
84.93,,140.6
84.94,,140.6
84.95,,140.6
84.96,,140.6
84.97,,140.6
84.98,,144.8
84.99,,144.8
85,,144.8
85.01,,144.8
85.02,,144.8
85.03,,144.8
85.04,,144.8
85.05,,144.8
85.06,,144.8
85.07,,144.8
85.08,,100.1
85.09,,100.1
85.1,,100.1
85.11,,100.1
85.12,,100.1
85.13,,100.1
85.14,,100.1
85.15,,100.1
85.16,,100.1
85.17,,100.1
85.18,,81.2
85.19,,81.2
85.2,,81.2
85.21,,81.2
85.22,,81.2
85.23,,81.2
85.24,,81.2
85.25,,81.2
85.26,,81.2
85.27,,81.2
85.28,,127.1
85.29,,127.1
85.3,,127.1
85.31,,127.1
85.32,,127.1
85.33,,127.1
85.34,,127.1
85.35,,127.1
85.36,,127.1
85.37,,127.1
85.38,,131.6
85.39,,131.6
85.4,,131.6
85.41,,131.6
85.42,,131.6
85.43,,131.6
85.44,,131.6
85.45,,131.6
85.46,,131.6
85.47,,131.6
85.48,,123.1
85.49,,123.1
85.5,,123.1
85.51,,123.1
85.52,,123.1
85.53,,123.1
85.54,,123.1
85.55,,123.1
85.56,,123.1
85.57,,123.1
85.58,,99.4
85.59,,99.4
85.6,,99.4
85.61,,99.4
85.62,,99.4
85.63,,99.4
85.64,,99.4
85.65,,99.4
85.66,,99.4
85.67,,99.4
85.68,,112.1
85.69,,112.1
85.7,,112.1
85.71,,112.1
85.72,,112.1
85.73,,112.1
85.74,,112.1
85.75,,112.1
85.76,,112.1
85.77,,112.1
85.78,,145.8
85.79,,145.8
85.8,,145.8
85.81,,145.8
85.82,,145.8
85.83,,145.8
85.84,,145.8
85.85,,145.8
85.86,,145.8
85.87,,145.8
85.88,,130.9
85.89,,130.9
85.9,,130.9
85.91,,130.9
85.92,,130.9
85.93,,130.9
85.94,,130.9
85.95,,130.9
85.96,,130.9
85.97,,130.9
85.98,,90.1
85.99,,90.1
86,,90.1
86.01,,90.1
86.02,,90.1
86.03,,90.1
86.04,,90.1
86.05,,90.1
86.06,,90.1
86.07,,90.1
86.08,,134.4
86.09,,134.4
86.1,,134.4
86.11,,134.4
86.12,,134.4
86.13,,134.4
86.14,,134.4
86.15,,134.4
86.16,,134.4
86.17,,134.4
86.18,,178.8
86.19,,178.8
86.2,,178.8
86.21,,178.8
86.22,,178.8
86.23,,178.8
86.24,,178.8
86.25,,178.8
86.26,,178.8
86.27,,178.8
86.28,,112.3
86.29,,112.3
86.3,,112.3
86.31,,112.3
86.32,,112.3
86.33,,112.3
86.34,,112.3
86.35,,112.3
86.36,,112.3
86.37,,112.3
86.38,,105.7
86.39,,105.7
86.4,,105.7
86.41,,105.7
86.42,,105.7
86.43,,105.7
86.44,,105.7
86.45,,105.7
86.46,,105.7
86.47,,105.7
86.48,,75.1
86.49,,75.1
86.5,,75.1
86.51,,75.1
86.52,,75.1
86.53,,75.1
86.54,,75.1
86.55,,75.1
86.56,,75.1
86.57,,75.1
86.58,,79.9
86.59,,79.9
86.6,,79.9
86.61,,79.9
86.62,,79.9
86.63,,79.9
86.64,,79.9
86.65,,79.9
86.66,,79.9
86.67,,79.9
86.68,,91.5
86.69,,91.5
86.7,,91.5
86.71,,91.5
86.72,,91.5
86.73,,91.5
86.74,,91.5
86.75,,91.5
86.76,,91.5
86.77,,91.5
86.78,,97.6
86.79,,97.6
86.8,,97.6
86.81,,97.6
86.82,,97.6
86.83,,97.6
86.84,,97.6
86.85,,97.6
86.86,,97.6
86.87,,97.6
86.88,,107.7
86.89,,107.7
86.9,,107.7
86.91,,107.7
86.92,,107.7
86.93,,107.7
86.94,,107.7
86.95,,107.7
86.96,,107.7
86.97,,107.7
86.98,,71
86.99,,71
87,,71
87.01,,71
87.02,,71
87.03,,71
87.04,,71
87.05,,71
87.06,,71
87.07,,71
87.08,,86.2
87.09,,86.2
87.1,,86.2
87.11,,86.2
87.12,,86.2
87.13,,86.2
87.14,,86.2
87.15,,86.2
87.16,,86.2
87.17,,86.2
87.18,,107.8
87.19,,107.8
87.2,,107.8
87.21,,107.8
87.22,,107.8
87.23,,107.8
87.24,,107.8
87.25,,107.8
87.26,,107.8
87.27,,107.8
87.28,,100.4
87.29,,100.4
87.3,,100.4
87.31,,100.4
87.32,,100.4
87.33,,100.4
87.34,,100.4
87.35,,100.4
87.36,,100.4
87.37,,100.4
87.38,,97
87.39,,97
87.4,,97
87.41,,97
87.42,,97
87.43,,97
87.44,,97
87.45,,97
87.46,,97
87.47,,97
87.48,,80.4
87.49,,80.4
87.5,,80.4
87.51,,80.4
87.52,,80.4
87.53,,80.4
87.54,,80.4
87.55,,80.4
87.56,,80.4
87.57,,80.4
87.58,,65.3
87.59,,65.3
87.6,,65.3
87.61,,65.3
87.62,,65.3
87.63,,65.3
87.64,,65.3
87.65,,65.3
87.66,,65.3
87.67,,65.3
87.68,,57.6
87.69,,57.6
87.7,,57.6
87.71,,57.6
87.72,,57.6
87.73,,57.6
87.74,,57.6
87.75,,57.6
87.76,,57.6
87.77,,57.6
87.78,,118
87.79,,118
87.8,,118
87.81,,118
87.82,,118
87.83,,118
87.84,,118
87.85,,118
87.86,,118
87.87,,118
87.88,,180.5
87.89,,180.5
87.9,,180.5
87.91,,180.5
87.92,,180.5
87.93,,180.5
87.94,,180.5
87.95,,180.5
87.96,,180.5
87.97,,180.5
87.98,,117.5
87.99,,117.5
88,,117.5
88.01,,117.5
88.02,,117.5
88.03,,117.5
88.04,,117.5
88.05,,117.5
88.06,,117.5
88.07,,117.5
88.08,,87.3
88.09,,87.3
88.1,,87.3
88.11,,87.3
88.12,,87.3
88.13,,87.3
88.14,,87.3
88.15,,87.3
88.16,,87.3
88.17,,87.3
88.18,,91.1
88.19,,91.1
88.2,,91.1
88.21,,91.1
88.22,,91.1
88.23,,91.1
88.24,,91.1
88.25,,91.1
88.26,,91.1
88.27,,91.1
88.28,,98.7
88.29,,98.7
88.3,,98.7
88.31,,98.7
88.32,,98.7
88.33,,98.7
88.34,,98.7
88.35,,98.7
88.36,,98.7
88.37,,98.7
88.38,,108.9
88.39,,108.9
88.4,,108.9
88.41,,108.9
88.42,,108.9
88.43,,108.9
88.44,,108.9
88.45,,108.9
88.46,,108.9
88.47,,108.9
88.48,,124
88.49,,124
88.5,,124
88.51,,124
88.52,,124
88.53,,124
88.54,,124
88.55,,124
88.56,,124
88.57,,124
88.58,,205.5
88.59,,205.5
88.6,,205.5
88.61,,205.5
88.62,,205.5
88.63,,205.5
88.64,,205.5
88.65,,205.5
88.66,,205.5
88.67,,205.5
88.68,,60.3
88.69,,60.3
88.7,,60.3
88.71,,60.3
88.72,,60.3
88.73,,60.3
88.74,,60.3
88.75,,60.3
88.76,,60.3
88.77,,60.3
88.78,,9.5
88.79,,9.5
88.8,,9.5
88.81,,9.5
88.82,,9.5
88.83,,9.5
88.84,,9.5
88.85,,9.5
88.86,,9.5
88.87,,9.5
88.88,,8.7
88.89,,8.7
88.9,,8.7
88.91,,8.7
88.92,,8.7
88.93,,8.7
88.94,,8.7
88.95,,8.7
88.96,,8.7
88.97,,8.7
88.98,,1.9
88.99,,1.9
89,,1.9
89.01,,1.9
89.02,,1.9
89.03,,1.9
89.04,,1.9
89.05,,1.9
89.06,,1.9
89.07,,1.9
89.08,,11.9
89.09,,11.9
89.1,,11.9
89.11,,11.9
89.12,,11.9
89.13,,11.9
89.14,,11.9
89.15,,11.9
89.16,,11.9
89.17,,11.9
89.18,,-3.3
89.19,,-3.3
89.2,,-3.3
89.21,,-3.3
89.22,,-3.3
89.23,,-3.3
89.24,,-3.3
89.25,,-3.3
89.26,,-3.3
89.27,,-3.3
89.28,,-2.7
89.29,,-2.7
89.3,,-2.7
89.31,,-2.7
89.32,,-2.7
89.33,,-2.7
89.34,,-2.7
89.35,,-2.7
89.36,,-2.7
89.37,,-2.7
89.38,,1.4
89.39,,1.4
89.4,,1.4
89.41,,1.4
89.42,,1.4
89.43,,1.4
89.44,,1.4
89.45,,1.4
89.46,,1.4
89.47,,1.4
89.48,,8.8
89.49,,8.8
89.5,,8.8
89.51,,8.8
89.52,,8.8
89.53,,8.8
89.54,,8.8
89.55,,8.8
89.56,,8.8
89.57,,8.8
89.58,,13.3
89.59,,13.3
89.6,,13.3
89.61,,13.3
89.62,,13.3
89.63,,13.3
89.64,,13.3
89.65,,13.3
89.66,,13.3
89.67,,13.3
89.68,,15.2
89.69,,15.2
89.7,,15.2
89.71,,15.2
89.72,,15.2
89.73,,15.2
89.74,,15.2
89.75,,15.2
89.76,,15.2
89.77,,15.2
89.78,,15.2
89.79,,15.2
89.8,,15.2
89.81,,15.2
89.82,,15.2
89.83,,15.2
89.84,,15.2
89.85,,15.2
89.86,,15.2
89.87,,15.2
89.88,,12.3
89.89,,12.3
89.9,,12.3
89.91,,12.3
89.92,,12.3
89.93,,12.3
89.94,,12.3
89.95,,12.3
89.96,,12.3
89.97,,12.3
89.98,,12.5
89.99,,12.5
90,,12.5
90.01,,12.5
90.02,,12.5
90.03,,12.5
90.04,,12.5
90.05,,12.5
90.06,,12.5
90.07,,12.5
90.08,,14.8
90.09,,14.8
90.1,,14.8
90.11,,14.8
90.12,,14.8
90.13,,14.8
90.14,,14.8
90.15,,14.8
90.16,,14.8
90.17,,14.8
90.18,,18.1
90.19,,18.1
90.2,,18.1
90.21,,18.1
90.22,,18.1
90.23,,18.1
90.24,,18.1
90.25,,18.1
90.26,,18.1
90.27,,18.1
90.28,,23.3
90.29,,23.3
90.3,,23.3
90.31,,23.3
90.32,,23.3
90.33,,23.3
90.34,,23.3
90.35,,23.3
90.36,,23.3
90.37,,23.3
90.38,,39
90.39,,39
90.4,,39
90.41,,39
90.42,,39
90.43,,39
90.44,,39
90.45,,39
90.46,,39
90.47,,39
90.48,,51.5
90.49,,51.5
90.5,,51.5
90.51,,51.5
90.52,,51.5
90.53,,51.5
90.54,,51.5
90.55,,51.5
90.56,,51.5
90.57,,51.5
90.58,,49.8
90.59,,49.8
90.6,,49.8
90.61,,49.8
90.62,,49.8
90.63,,49.8
90.64,,49.8
90.65,,49.8
90.66,,49.8
90.67,,49.8
90.68,,41.4
90.69,,41.4
90.7,,41.4
90.71,,41.4
90.72,,41.4
90.73,,41.4
90.74,,41.4
90.75,,41.4
90.76,,41.4
90.77,,41.4
90.78,,33.6
90.79,,33.6
90.8,,33.6
90.81,,33.6
90.82,,33.6
90.83,,33.6
90.84,,33.6
90.85,,33.6
90.86,,33.6
90.87,,33.6
90.88,,34.2
90.89,,34.2
90.9,,34.2
90.91,,34.2
90.92,,34.2
90.93,,34.2
90.94,,34.2
90.95,,34.2
90.96,,34.2
90.97,,34.2
90.98,,30.6
90.99,,30.6
91,,30.6
91.01,,30.6
91.02,,30.6
91.03,,30.6
91.04,,30.6
91.05,,30.6
91.06,,30.6
91.07,,30.6
91.08,,31.3
91.09,,31.3
91.1,,31.3
91.11,,31.3
91.12,,31.3
91.13,,31.3
91.14,,31.3
91.15,,31.3
91.16,,31.3
91.17,,31.3
91.18,,33.9
91.19,,33.9
91.2,,33.9
91.21,,33.9
91.22,,33.9
91.23,,33.9
91.24,,33.9
91.25,,33.9
91.26,,33.9
91.27,,33.9
91.28,,36
91.29,,36
91.3,,36
91.31,,36
91.32,,36
91.33,,36
91.34,,36
91.35,,36
91.36,,36
91.37,,36
91.38,,28
91.39,,28
91.4,,28
91.41,,28
91.42,,28
91.43,,28
91.44,,28
91.45,,28
91.46,,28
91.47,,28
91.48,,30.1
91.49,,30.1
91.5,,30.1
91.51,,30.1
91.52,,30.1
91.53,,30.1
91.54,,30.1
91.55,,30.1
91.56,,30.1
91.57,,30.1
91.58,,45.9
91.59,,45.9
91.6,,45.9
91.61,,45.9
91.62,,45.9
91.63,,45.9
91.64,,45.9
91.65,,45.9
91.66,,45.9
91.67,,45.9
91.68,,41.9
91.69,,41.9
91.7,,41.9
91.71,,41.9
91.72,,41.9
91.73,,41.9
91.74,,41.9
91.75,,41.9
91.76,,41.9
91.77,,41.9
91.78,,43.4
91.79,,43.4
91.8,,43.4
91.81,,43.4
91.82,,43.4
91.83,,43.4
91.84,,43.4
91.85,,43.4
91.86,,43.4
91.87,,43.4
91.88,,57.3
91.89,,57.3
91.9,,57.3
91.91,,57.3
91.92,,57.3
91.93,,57.3
91.94,,57.3
91.95,,57.3
91.96,,57.3
91.97,,57.3
91.98,,48.4
91.99,,48.4
92,,48.4
92.01,,48.4
92.02,,48.4
92.03,,48.4
92.04,,48.4
92.05,,48.4
92.06,,48.4
92.07,,48.4
92.08,,39.3
92.09,,39.3
92.1,,39.3
92.11,,39.3
92.12,,39.3
92.13,,39.3
92.14,,39.3
92.15,,39.3
92.16,,39.3
92.17,,39.3
92.18,,39.4
92.19,,39.4
92.2,,39.4
92.21,,39.4
92.22,,39.4
92.23,,39.4
92.24,,39.4
92.25,,39.4
92.26,,39.4
92.27,,39.4
92.28,,39.2
92.29,,39.2
92.3,,39.2
92.31,,39.2
92.32,,39.2
92.33,,39.2
92.34,,39.2
92.35,,39.2
92.36,,39.2
92.37,,39.2
92.38,,59.3
92.39,,59.3
92.4,,59.3
92.41,,59.3
92.42,,59.3
92.43,,59.3
92.44,,59.3
92.45,,59.3
92.46,,59.3
92.47,,59.3
92.48,,51.4
92.49,,51.4
92.5,,51.4
92.51,,51.4
92.52,,51.4
92.53,,51.4
92.54,,51.4
92.55,,51.4
92.56,,51.4
92.57,,51.4
92.58,,45.6
92.59,,45.6
92.6,,45.6
92.61,,45.6
92.62,,45.6
92.63,,45.6
92.64,,45.6
92.65,,45.6
92.66,,45.6
92.67,,45.6
92.68,,56.4
92.69,,56.4
92.7,,56.4
92.71,,56.4
92.72,,56.4
92.73,,56.4
92.74,,56.4
92.75,,56.4
92.76,,56.4
92.77,,56.4
92.78,,63.5
92.79,,63.5
92.8,,63.5
92.81,,63.5
92.82,,63.5
92.83,,63.5
92.84,,63.5
92.85,,63.5
92.86,,63.5
92.87,,63.5
92.88,,48.3
92.89,,48.3
92.9,,48.3
92.91,,48.3
92.92,,48.3
92.93,,48.3
92.94,,48.3
92.95,,48.3
92.96,,48.3
92.97,,48.3
92.98,,73.9
92.99,,73.9
93,,73.9
93.01,,73.9
93.02,,73.9
93.03,,73.9
93.04,,73.9
93.05,,73.9
93.06,,73.9
93.07,,73.9
93.08,,61.3
93.09,,61.3
93.1,,61.3
93.11,,61.3
93.12,,61.3
93.13,,61.3
93.14,,61.3
93.15,,61.3
93.16,,61.3
93.17,,61.3
93.18,,42.7
93.19,,42.7
93.2,,42.7
93.21,,42.7
93.22,,42.7
93.23,,42.7
93.24,,42.7
93.25,,42.7
93.26,,42.7
93.27,,42.7
93.28,,68.9
93.29,,68.9
93.3,,68.9
93.31,,68.9
93.32,,68.9
93.33,,68.9
93.34,,68.9
93.35,,68.9
93.36,,68.9
93.37,,68.9
93.38,,66.6
93.39,,66.6
93.4,,66.6
93.41,,66.6
93.42,,66.6
93.43,,66.6
93.44,,66.6
93.45,,66.6
93.46,,66.6
93.47,,66.6
93.48,,40.2
93.49,,40.2
93.5,,40.2
93.51,,40.2
93.52,,40.2
93.53,,40.2
93.54,,40.2
93.55,,40.2
93.56,,40.2
93.57,,40.2
93.58,,58.8
93.59,,58.8
93.6,,58.8
93.61,,58.8
93.62,,58.8
93.63,,58.8
93.64,,58.8
93.65,,58.8
93.66,,58.8
93.67,,58.8
93.68,,89.9
93.69,,89.9
93.7,,89.9
93.71,,89.9
93.72,,89.9
93.73,,89.9
93.74,,89.9
93.75,,89.9
93.76,,89.9
93.77,,89.9
93.78,,71.6
93.79,,71.6
93.8,,71.6
93.81,,71.6
93.82,,71.6
93.83,,71.6
93.84,,71.6
93.85,,71.6
93.86,,71.6
93.87,,71.6
93.88,,76.8
93.89,,76.8
93.9,,76.8
93.91,,76.8
93.92,,76.8
93.93,,76.8
93.94,,76.8
93.95,,76.8
93.96,,76.8
93.97,,76.8
93.98,,117.5
93.99,,117.5
94,,117.5
94.01,,117.5
94.02,,117.5
94.03,,117.5
94.04,,117.5
94.05,,117.5
94.06,,117.5
94.07,,117.5
94.08,,65.7
94.09,,65.7
94.1,,65.7
94.11,,65.7
94.12,,65.7
94.13,,65.7
94.14,,65.7
94.15,,65.7
94.16,,65.7
94.17,,65.7
94.18,,0
94.19,,0
94.2,,0
94.21,,0
94.22,,0
94.23,,0
94.24,,0
94.25,,0
94.26,,0
94.27,,0
94.28,,0
94.29,,0
94.3,,0
94.31,,0
94.32,,0
94.33,,0
94.34,,0
94.35,,0
94.36,,0
94.37,,0
94.38,,0
94.39,,0
94.4,,0
94.41,,0
94.42,,0
94.43,,0
94.44,,0
94.45,,0
94.46,,0
94.47,,0
94.48,,0
94.49,,0
94.5,,0
94.51,,0
94.52,,0
94.53,,0
94.54,,0
94.55,,0
94.56,,0
94.57,,0
94.58,,0
94.59,,0
94.6,,0
94.61,,0
94.62,,0
94.63,,0
94.64,,0
94.65,,0
94.66,,0
94.67,,0
94.68,,0
94.69,,0
94.7,,0
94.71,,0
94.72,,0
94.73,,0
94.74,,0
94.75,,0
94.76,,0
94.77,,0
94.78,,0
94.79,,0
94.8,,0
94.81,,0
94.82,,0
94.83,,0
94.84,,0
94.85,,0
94.86,,0
94.87,,0
94.88,,0
94.89,,0
94.9,,0
94.91,,0
94.92,,0
94.93,,0
94.94,,0
94.95,,0
94.96,,0
94.97,,0
94.98,,0
94.99,,0
95,,0
95.01,,0
95.02,,0
95.03,,0
95.04,,0
95.05,,0
95.06,,0
95.07,,0
95.08,,0
95.09,,0
95.1,,0
95.11,,0
95.12,,0
95.13,,0
95.14,,0
95.15,,0
95.16,,0
95.17,,0
95.18,,4.3
95.19,,4.3
95.2,,4.3
95.21,,4.3
95.22,,4.3
95.23,,4.3
95.24,,4.3
95.25,,4.3
95.26,,4.3
95.27,,4.3
95.28,,14
95.29,,14
95.3,,14
95.31,,14
95.32,,14
95.33,,14
95.34,,14
95.35,,14
95.36,,14
95.37,,14
95.38,,26.1
95.39,,26.1
95.4,,26.1
95.41,,26.1
95.42,,26.1
95.43,,26.1
95.44,,26.1
95.45,,26.1
95.46,,26.1
95.47,,26.1
95.48,,32.6
95.49,,32.6
95.5,,32.6
95.51,,32.6
95.52,,32.6
95.53,,32.6
95.54,,32.6
95.55,,32.6
95.56,,32.6
95.57,,32.6
95.58,,43.6
95.59,,43.6
95.6,,43.6
95.61,,43.6
95.62,,43.6
95.63,,43.6
95.64,,43.6
95.65,,43.6
95.66,,43.6
95.67,,43.6
95.68,,56.3
95.69,,56.3
95.7,,56.3
95.71,,56.3
95.72,,56.3
95.73,,56.3
95.74,,56.3
95.75,,56.3
95.76,,56.3
95.77,,56.3
95.78,,83.8
95.79,,83.8
95.8,,83.8
95.81,,83.8
95.82,,83.8
95.83,,83.8
95.84,,83.8
95.85,,83.8
95.86,,83.8
95.87,,83.8
95.88,,67.9
95.89,,67.9
95.9,,67.9
95.91,,67.9
95.92,,67.9
95.93,,67.9
95.94,,67.9
95.95,,67.9
95.96,,67.9
95.97,,67.9
95.98,,43.9
95.99,,43.9
96,,43.9
96.01,,43.9
96.02,,43.9
96.03,,43.9
96.04,,43.9
96.05,,43.9
96.06,,43.9
96.07,,43.9
96.08,,32.2
96.09,,32.2
96.1,,32.2
96.11,,32.2
96.12,,32.2
96.13,,32.2
96.14,,32.2
96.15,,32.2
96.16,,32.2
96.17,,32.2
96.18,,38.6
96.19,,38.6
96.2,,38.6
96.21,,38.6
96.22,,38.6
96.23,,38.6
96.24,,38.6
96.25,,38.6
96.26,,38.6
96.27,,38.6
96.28,,42.3
96.29,,42.3
96.3,,42.3
96.31,,42.3
96.32,,42.3
96.33,,42.3
96.34,,42.3
96.35,,42.3
96.36,,42.3
96.37,,42.3
96.38,,45.3
96.39,,45.3
96.4,,45.3
96.41,,45.3
96.42,,45.3
96.43,,45.3
96.44,,45.3
96.45,,45.3
96.46,,45.3
96.47,,45.3
96.48,,49.5
96.49,,49.5
96.5,,49.5
96.51,,49.5
96.52,,49.5
96.53,,49.5
96.54,,49.5
96.55,,49.5
96.56,,49.5
96.57,,49.5
96.58,,64.3
96.59,,64.3
96.6,,64.3
96.61,,64.3
96.62,,64.3
96.63,,64.3
96.64,,64.3
96.65,,64.3
96.66,,64.3
96.67,,64.3
96.68,,66.5
96.69,,66.5
96.7,,66.5
96.71,,66.5
96.72,,66.5
96.73,,66.5
96.74,,66.5
96.75,,66.5
96.76,,66.5
96.77,,66.5
96.78,,65.6
96.79,,65.6
96.8,,65.6
96.81,,65.6
96.82,,65.6
96.83,,65.6
96.84,,65.6
96.85,,65.6
96.86,,65.6
96.87,,65.6
96.88,,65
96.89,,65
96.9,,65
96.91,,65
96.92,,65
96.93,,65
96.94,,65
96.95,,65
96.96,,65
96.97,,65
96.98,,74.3
96.99,,74.3
97,,74.3
97.01,,74.3
97.02,,74.3
97.03,,74.3
97.04,,74.3
97.05,,74.3
97.06,,74.3
97.07,,74.3
97.08,,70.6
97.09,,70.6
97.1,,70.6
97.11,,70.6
97.12,,70.6
97.13,,70.6
97.14,,70.6
97.15,,70.6
97.16,,70.6
97.17,,70.6
97.18,,103
97.19,,103
97.2,,103
97.21,,103
97.22,,103
97.23,,103
97.24,,103
97.25,,103
97.26,,103
97.27,,103
97.28,,79.8
97.29,,79.8
97.3,,79.8
97.31,,79.8
97.32,,79.8
97.33,,79.8
97.34,,79.8
97.35,,79.8
97.36,,79.8
97.37,,79.8
97.38,,51.9
97.39,,51.9
97.4,,51.9
97.41,,51.9
97.42,,51.9
97.43,,51.9
97.44,,51.9
97.45,,51.9
97.46,,51.9
97.47,,51.9
97.48,,77
97.49,,77
97.5,,77
97.51,,77
97.52,,77
97.53,,77
97.54,,77
97.55,,77
97.56,,77
97.57,,77
97.58,,77.7
97.59,,77.7
97.6,,77.7
97.61,,77.7
97.62,,77.7
97.63,,77.7
97.64,,77.7
97.65,,77.7
97.66,,77.7
97.67,,77.7
97.68,,102.5
97.69,,102.5
97.7,,102.5
97.71,,102.5
97.72,,102.5
97.73,,102.5
97.74,,102.5
97.75,,102.5
97.76,,102.5
97.77,,102.5
97.78,,131.4
97.79,,131.4
97.8,,131.4
97.81,,131.4
97.82,,131.4
97.83,,131.4
97.84,,131.4
97.85,,131.4
97.86,,131.4
97.87,,131.4
97.88,,135.4
97.89,,135.4
97.9,,135.4
97.91,,135.4
97.92,,135.4
97.93,,135.4
97.94,,135.4
97.95,,135.4
97.96,,135.4
97.97,,135.4
97.98,,126
97.99,,126
98,,126
98.01,,126
98.02,,126
98.03,,126
98.04,,126
98.05,,126
98.06,,126
98.07,,126
98.08,,139.6
98.09,,139.6
98.1,,139.6
98.11,,139.6
98.12,,139.6
98.13,,139.6
98.14,,139.6
98.15,,139.6
98.16,,139.6
98.17,,139.6
98.18,,157
98.19,,157
98.2,,157
98.21,,157
98.22,,157
98.23,,157
98.24,,157
98.25,,157
98.26,,157
98.27,,157
98.28,,149.9
98.29,,149.9
98.3,,149.9
98.31,,149.9
98.32,,149.9
98.33,,149.9
98.34,,149.9
98.35,,149.9
98.36,,149.9
98.37,,149.9
98.38,,155.5
98.39,,155.5
98.4,,155.5
98.41,,155.5
98.42,,155.5
98.43,,155.5
98.44,,155.5
98.45,,155.5
98.46,,155.5
98.47,,155.5
98.48,,146.9
98.49,,146.9
98.5,,146.9
98.51,,146.9
98.52,,146.9
98.53,,146.9
98.54,,146.9
98.55,,146.9
98.56,,146.9
98.57,,146.9
98.58,,150.2
98.59,,150.2
98.6,,150.2
98.61,,150.2
98.62,,150.2
98.63,,150.2
98.64,,150.2
98.65,,150.2
98.66,,150.2
98.67,,150.2
98.68,,148.5
98.69,,148.5
98.7,,148.5
98.71,,148.5
98.72,,148.5
98.73,,148.5
98.74,,148.5
98.75,,148.5
98.76,,148.5
98.77,,148.5
98.78,,116.1
98.79,,116.1
98.8,,116.1
98.81,,116.1
98.82,,116.1
98.83,,116.1
98.84,,116.1
98.85,,116.1
98.86,,116.1
98.87,,116.1
98.88,,95.1
98.89,,95.1
98.9,,95.1
98.91,,95.1
98.92,,95.1
98.93,,95.1
98.94,,95.1
98.95,,95.1
98.96,,95.1
98.97,,95.1
98.98,,114.3
98.99,,114.3
99,,114.3
99.01,,114.3
99.02,,114.3
99.03,,114.3
99.04,,114.3
99.05,,114.3
99.06,,114.3
99.07,,114.3
99.08,,124.3
99.09,,124.3
99.1,,124.3
99.11,,124.3
99.12,,124.3
99.13,,124.3
99.14,,124.3
99.15,,124.3
99.16,,124.3
99.17,,124.3
99.18,,149.6
99.19,,149.6
99.2,,149.6
99.21,,149.6
99.22,,149.6
99.23,,149.6
99.24,,149.6
99.25,,149.6
99.26,,149.6
99.27,,149.6
99.28,,195.8
99.29,,195.8
99.3,,195.8
99.31,,195.8
99.32,,195.8
99.33,,195.8
99.34,,195.8
99.35,,195.8
99.36,,195.8
99.37,,195.8
99.38,,140
99.39,,140
99.4,,140
99.41,,140
99.42,,140
99.43,,140
99.44,,140
99.45,,140
99.46,,140
99.47,,140
99.48,,57.3
99.49,,57.3
99.5,,57.3
99.51,,57.3
99.52,,57.3
99.53,,57.3
99.54,,57.3
99.55,,57.3
99.56,,57.3
99.57,,57.3
99.58,,30.5
99.59,,30.5
99.6,,30.5
99.61,,30.5
99.62,,30.5
99.63,,30.5
99.64,,30.5
99.65,,30.5
99.66,,30.5
99.67,,30.5
99.68,,8.7
99.69,,8.7
99.7,,8.7
99.71,,8.7
99.72,,8.7
99.73,,8.7
99.74,,8.7
99.75,,8.7
99.76,,8.7
99.77,,8.7
99.78,,8.3
99.79,,8.3
99.8,,8.3
99.81,,8.3
99.82,,8.3
99.83,,8.3
99.84,,8.3
99.85,,8.3
99.86,,8.3
99.87,,8.3
99.88,,7.8
99.89,,7.8
99.9,,7.8
99.91,,7.8
99.92,,7.8
99.93,,7.8
99.94,,7.8
99.95,,7.8
99.96,,7.8
99.97,,7.8
99.98,,6.1
99.99,,6.1
100,,6.1
100.01,,6.1
100.02,,6.1
100.03,,6.1
100.04,,6.1
100.05,,6.1
100.06,,6.1
100.07,,6.1
100.08,,4.6
100.09,,4.6
100.1,,4.6
100.11,,4.6
100.12,,4.6
100.13,,4.6
100.14,,4.6
100.15,,4.6
100.16,,4.6
100.17,,4.6
100.18,,3.8
100.19,,3.8
100.2,,3.8
100.21,,3.8
100.22,,3.8
100.23,,3.8
100.24,,3.8
100.25,,3.8
100.26,,3.8
100.27,,3.8
100.28,,1.9
100.29,,1.9
100.3,,1.9
100.31,,1.9
100.32,,1.9
100.33,,1.9
100.34,,1.9
100.35,,1.9
100.36,,1.9
100.37,,1.9
100.38,,3.4
100.39,,3.4
100.4,,3.4
100.41,,3.4
100.42,,3.4
100.43,,3.4
100.44,,3.4
100.45,,3.4
100.46,,3.4
100.47,,3.4
100.48,,3.4
100.49,,3.4
100.5,,3.4
100.51,,3.4
100.52,,3.4
100.53,,3.4
100.54,,3.4
100.55,,3.4
100.56,,3.4
100.57,,3.4
100.58,,3.2
100.59,,3.2
100.6,,3.2
100.61,,3.2
100.62,,3.2
100.63,,3.2
100.64,,3.2
100.65,,3.2
100.66,,3.2
100.67,,3.2
100.68,,4.5
100.69,,4.5
100.7,,4.5
100.71,,4.5
100.72,,4.5
100.73,,4.5
100.74,,4.5
100.75,,4.5
100.76,,4.5
100.77,,4.5
100.78,,5.5
100.79,,5.5
100.8,,5.5
100.81,,5.5
100.82,,5.5
100.83,,5.5
100.84,,5.5
100.85,,5.5
100.86,,5.5
100.87,,5.5
100.88,,5.2
100.89,,5.2
100.9,,5.2
100.91,,5.2
100.92,,5.2
100.93,,5.2
100.94,,5.2
100.95,,5.2
100.96,,5.2
100.97,,5.2
100.98,,4.2
100.99,,4.2
101,,4.2
101.01,,4.2
101.02,,4.2
101.03,,4.2
101.04,,4.2
101.05,,4.2
101.06,,4.2
101.07,,4.2
101.08,,3.9
101.09,,3.9
101.1,,3.9
101.11,,3.9
101.12,,3.9
101.13,,3.9
101.14,,3.9
101.15,,3.9
101.16,,3.9
101.17,,3.9
101.18,,3.7
101.19,,3.7
101.2,,3.7
101.21,,3.7
101.22,,3.7
101.23,,3.7
101.24,,3.7
101.25,,3.7
101.26,,3.7
101.27,,3.7
101.28,,3.2
101.29,,3.2
101.3,,3.2
101.31,,3.2
101.32,,3.2
101.33,,3.2
101.34,,3.2
101.35,,3.2
101.36,,3.2
101.37,,3.2
101.38,,2.7
101.39,,2.7
101.4,,2.7
101.41,,2.7
101.42,,2.7
101.43,,2.7
101.44,,2.7
101.45,,2.7
101.46,,2.7
101.47,,2.7
101.48,,5.5
101.49,,5.5
101.5,,5.5
101.51,,5.5
101.52,,5.5
101.53,,5.5
101.54,,5.5
101.55,,5.5
101.56,,5.5
101.57,,5.5
101.58,,8
101.59,,8
101.6,,8
101.61,,8
101.62,,8
101.63,,8
101.64,,8
101.65,,8
101.66,,8
101.67,,8
101.68,,5.9
101.69,,5.9
101.7,,5.9
101.71,,5.9
101.72,,5.9
101.73,,5.9
101.74,,5.9
101.75,,5.9
101.76,,5.9
101.77,,5.9
101.78,,4.1
101.79,,4.1
101.8,,4.1
101.81,,4.1
101.82,,4.1
101.83,,4.1
101.84,,4.1
101.85,,4.1
101.86,,4.1
101.87,,4.1
101.88,,1.5
101.89,,1.5
101.9,,1.5
101.91,,1.5
101.92,,1.5
101.93,,1.5
101.94,,1.5
101.95,,1.5
101.96,,1.5
101.97,,1.5
101.98,,7.3
101.99,,7.3
102,,7.3
102.01,,7.3
102.02,,7.3
102.03,,7.3
102.04,,7.3
102.05,,7.3
102.06,,7.3
102.07,,7.3
102.08,,15.3
102.09,,15.3
102.1,,15.3
102.11,,15.3
102.12,,15.3
102.13,,15.3
102.14,,15.3
102.15,,15.3
102.16,,15.3
102.17,,15.3
102.18,,23.2
102.19,,23.2
102.2,,23.2
102.21,,23.2
102.22,,23.2
102.23,,23.2
102.24,,23.2
102.25,,23.2
102.26,,23.2
102.27,,23.2
102.28,,12.4
102.29,,12.4
102.3,,12.4
102.31,,12.4
102.32,,12.4
102.33,,12.4
102.34,,12.4
102.35,,12.4
102.36,,12.4
102.37,,12.4
102.38,,6.6
102.39,,6.6
102.4,,6.6
102.41,,6.6
102.42,,6.6
102.43,,6.6
102.44,,6.6
102.45,,6.6
102.46,,6.6
102.47,,6.6
102.48,,26.7
102.49,,26.7
102.5,,26.7
102.51,,26.7
102.52,,26.7
102.53,,26.7
102.54,,26.7
102.55,,26.7
102.56,,26.7
102.57,,26.7
102.58,,72.8
102.59,,72.8
102.6,,72.8
102.61,,72.8
102.62,,72.8
102.63,,72.8
102.64,,72.8
102.65,,72.8
102.66,,72.8
102.67,,72.8
102.68,,69.1
102.69,,69.1
102.7,,69.1
102.71,,69.1
102.72,,69.1
102.73,,69.1
102.74,,69.1
102.75,,69.1
102.76,,69.1
102.77,,69.1
102.78,,68.5
102.79,,68.5
102.8,,68.5
102.81,,68.5
102.82,,68.5
102.83,,68.5
102.84,,68.5
102.85,,68.5
102.86,,68.5
102.87,,68.5
102.88,,59.4
102.89,,59.4
102.9,,59.4
102.91,,59.4
102.92,,59.4
102.93,,59.4
102.94,,59.4
102.95,,59.4
102.96,,59.4
102.97,,59.4
102.98,,47.9
102.99,,47.9
103,,47.9
103.01,,47.9
103.02,,47.9
103.03,,47.9
103.04,,47.9
103.05,,47.9
103.06,,47.9
103.07,,47.9
103.08,,36.8
103.09,,36.8
103.1,,36.8
103.11,,36.8
103.12,,36.8
103.13,,36.8
103.14,,36.8
103.15,,36.8
103.16,,36.8
103.17,,36.8
103.18,,29.9
103.19,,29.9
103.2,,29.9
103.21,,29.9
103.22,,29.9
103.23,,29.9
103.24,,29.9
103.25,,29.9
103.26,,29.9
103.27,,29.9
103.28,,44.9
103.29,,44.9
103.3,,44.9
103.31,,44.9
103.32,,44.9
103.33,,44.9
103.34,,44.9
103.35,,44.9
103.36,,44.9
103.37,,44.9
103.38,,59.1
103.39,,59.1
103.4,,59.1
103.41,,59.1
103.42,,59.1
103.43,,59.1
103.44,,59.1
103.45,,59.1
103.46,,59.1
103.47,,59.1
103.48,,65.2
103.49,,65.2
103.5,,65.2
103.51,,65.2
103.52,,65.2
103.53,,65.2
103.54,,65.2
103.55,,65.2
103.56,,65.2
103.57,,65.2
103.58,,66.3
103.59,,66.3
103.6,,66.3
103.61,,66.3
103.62,,66.3
103.63,,66.3
103.64,,66.3
103.65,,66.3
103.66,,66.3
103.67,,66.3
103.68,,75.6
103.69,,75.6
103.7,,75.6
103.71,,75.6
103.72,,75.6
103.73,,75.6
103.74,,75.6
103.75,,75.6
103.76,,75.6
103.77,,75.6
103.78,,67
103.79,,67
103.8,,67
103.81,,67
103.82,,67
103.83,,67
103.84,,67
103.85,,67
103.86,,67
103.87,,67
103.88,,62.3
103.89,,62.3
103.9,,62.3
103.91,,62.3
103.92,,62.3
103.93,,62.3
103.94,,62.3
103.95,,62.3
103.96,,62.3
103.97,,62.3
103.98,,70
103.99,,70
104,,70
104.01,,70
104.02,,70
104.03,,70
104.04,,70
104.05,,70
104.06,,70
104.07,,70
104.08,,61.5
104.09,,61.5
104.1,,61.5
104.11,,61.5
104.12,,61.5
104.13,,61.5
104.14,,61.5
104.15,,61.5
104.16,,61.5
104.17,,61.5
104.18,,49.7
104.19,,49.7
104.2,,49.7
104.21,,49.7
104.22,,49.7
104.23,,49.7
104.24,,49.7
104.25,,49.7
104.26,,49.7
104.27,,49.7
104.28,,54.4
104.29,,54.4
104.3,,54.4
104.31,,54.4
104.32,,54.4
104.33,,54.4
104.34,,54.4
104.35,,54.4
104.36,,54.4
104.37,,54.4
104.38,,58.5
104.39,,58.5
104.4,,58.5
104.41,,58.5
104.42,,58.5
104.43,,58.5
104.44,,58.5
104.45,,58.5
104.46,,58.5
104.47,,58.5
104.48,,69.1
104.49,,69.1
104.5,,69.1
104.51,,69.1
104.52,,69.1
104.53,,69.1
104.54,,69.1
104.55,,69.1
104.56,,69.1
104.57,,69.1
104.58,,72.5
104.59,,72.5
104.6,,72.5
104.61,,72.5
104.62,,72.5
104.63,,72.5
104.64,,72.5
104.65,,72.5
104.66,,72.5
104.67,,72.5
104.68,,67.6
104.69,,67.6
104.7,,67.6
104.71,,67.6
104.72,,67.6
104.73,,67.6
104.74,,67.6
104.75,,67.6
104.76,,67.6
104.77,,67.6
104.78,,86
104.79,,86
104.8,,86
104.81,,86
104.82,,86
104.83,,86
104.84,,86
104.85,,86
104.86,,86
104.87,,86
104.88,,82.7
104.89,,82.7
104.9,,82.7
104.91,,82.7
104.92,,82.7
104.93,,82.7
104.94,,82.7
104.95,,82.7
104.96,,82.7
104.97,,82.7
104.98,,112.2
104.99,,112.2
105,,112.2
105.01,,112.2
105.02,,112.2
105.03,,112.2
105.04,,112.2
105.05,,112.2
105.06,,112.2
105.07,,112.2
105.08,,134.6
105.09,,134.6
105.1,,134.6
105.11,,134.6
105.12,,134.6
105.13,,134.6
105.14,,134.6
105.15,,134.6
105.16,,134.6
105.17,,134.6
105.18,,128.6
105.19,,128.6
105.2,,128.6
105.21,,128.6
105.22,,128.6
105.23,,128.6
105.24,,128.6
105.25,,128.6
105.26,,128.6
105.27,,128.6
105.28,,123.7
105.29,,123.7
105.3,,123.7
105.31,,123.7
105.32,,123.7
105.33,,123.7
105.34,,123.7
105.35,,123.7
105.36,,123.7
105.37,,123.7
105.38,,108.8
105.39,,108.8
105.4,,108.8
105.41,,108.8
105.42,,108.8
105.43,,108.8
105.44,,108.8
105.45,,108.8
105.46,,108.8
105.47,,108.8
105.48,,135.7
105.49,,135.7
105.5,,135.7
105.51,,135.7
105.52,,135.7
105.53,,135.7
105.54,,135.7
105.55,,135.7
105.56,,135.7
105.57,,135.7
105.58,,134.6
105.59,,134.6
105.6,,134.6
105.61,,134.6
105.62,,134.6
105.63,,134.6
105.64,,134.6
105.65,,134.6
105.66,,134.6
105.67,,134.6
105.68,,138
105.69,,138
105.7,,138
105.71,,138
105.72,,138
105.73,,138
105.74,,138
105.75,,138
105.76,,138
105.77,,138
105.78,,150.3
105.79,,150.3
105.8,,150.3
105.81,,150.3
105.82,,150.3
105.83,,150.3
105.84,,150.3
105.85,,150.3
105.86,,150.3
105.87,,150.3
105.88,,139.7
105.89,,139.7
105.9,,139.7
105.91,,139.7
105.92,,139.7
105.93,,139.7
105.94,,139.7
105.95,,139.7
105.96,,139.7
105.97,,139.7
105.98,,135.8
105.99,,135.8
106,,135.8
106.01,,135.8
106.02,,135.8
106.03,,135.8
106.04,,135.8
106.05,,135.8
106.06,,135.8
106.07,,135.8
106.08,,118.8
106.09,,118.8
106.1,,118.8
106.11,,118.8
106.12,,118.8
106.13,,118.8
106.14,,118.8
106.15,,118.8
106.16,,118.8
106.17,,118.8
106.18,,133.3
106.19,,133.3
106.2,,133.3
106.21,,133.3
106.22,,133.3
106.23,,133.3
106.24,,133.3
106.25,,133.3
106.26,,133.3
106.27,,133.3
106.28,,147.3
106.29,,147.3
106.3,,147.3
106.31,,147.3
106.32,,147.3
106.33,,147.3
106.34,,147.3
106.35,,147.3
106.36,,147.3
106.37,,147.3
106.38,,134.1
106.39,,134.1
106.4,,134.1
106.41,,134.1
106.42,,134.1
106.43,,134.1
106.44,,134.1
106.45,,134.1
106.46,,134.1
106.47,,134.1
106.48,,105.4
106.49,,105.4
106.5,,105.4
106.51,,105.4
106.52,,105.4
106.53,,105.4
106.54,,105.4
106.55,,105.4
106.56,,105.4
106.57,,105.4
106.58,,102.4
106.59,,102.4
106.6,,102.4
106.61,,102.4
106.62,,102.4
106.63,,102.4
106.64,,102.4
106.65,,102.4
106.66,,102.4
106.67,,102.4
106.68,,103.3
106.69,,103.3
106.7,,103.3
106.71,,103.3
106.72,,103.3
106.73,,103.3
106.74,,103.3
106.75,,103.3
106.76,,103.3
106.77,,103.3
106.78,,97.2
106.79,,97.2
106.8,,97.2
106.81,,97.2
106.82,,97.2
106.83,,97.2
106.84,,97.2
106.85,,97.2
106.86,,97.2
106.87,,97.2
106.88,,78.9
106.89,,78.9
106.9,,78.9
106.91,,78.9
106.92,,78.9
106.93,,78.9
106.94,,78.9
106.95,,78.9
106.96,,78.9
106.97,,78.9
106.98,,95.3
106.99,,95.3
107,,95.3
107.01,,95.3
107.02,,95.3
107.03,,95.3
107.04,,95.3
107.05,,95.3
107.06,,95.3
107.07,,95.3
107.08,,128.1
107.09,,128.1
107.1,,128.1
107.11,,128.1
107.12,,128.1
107.13,,128.1
107.14,,128.1
107.15,,128.1
107.16,,128.1
107.17,,128.1
107.18,,132.2
107.19,,132.2
107.2,,132.2
107.21,,132.2
107.22,,132.2
107.23,,132.2
107.24,,132.2
107.25,,132.2
107.26,,132.2
107.27,,132.2
107.28,,96.8
107.29,,96.8
107.3,,96.8
107.31,,96.8
107.32,,96.8
107.33,,96.8
107.34,,96.8
107.35,,96.8
107.36,,96.8
107.37,,96.8
107.38,,6.9
107.39,,6.9
107.4,,6.9
107.41,,6.9
107.42,,6.9
107.43,,6.9
107.44,,6.9
107.45,,6.9
107.46,,6.9
107.47,,6.9
107.48,,2.8
107.49,,2.8
107.5,,2.8
107.51,,2.8
107.52,,2.8
107.53,,2.8
107.54,,2.8
107.55,,2.8
107.56,,2.8
107.57,,2.8
107.58,,12.9
107.59,,12.9
107.6,,12.9
107.61,,12.9
107.62,,12.9
107.63,,12.9
107.64,,12.9
107.65,,12.9
107.66,,12.9
107.67,,12.9
107.68,,7.2
107.69,,7.2
107.7,,7.2
107.71,,7.2
107.72,,7.2
107.73,,7.2
107.74,,7.2
107.75,,7.2
107.76,,7.2
107.77,,7.2
107.78,,8.8
107.79,,8.8
107.8,,8.8
107.81,,8.8
107.82,,8.8
107.83,,8.8
107.84,,8.8
107.85,,8.8
107.86,,8.8
107.87,,8.8
107.88,,8.6
107.89,,8.6
107.9,,8.6
107.91,,8.6
107.92,,8.6
107.93,,8.6
107.94,,8.6
107.95,,8.6
107.96,,8.6
107.97,,8.6
107.98,,2.6
107.99,,2.6
108,,2.6
108.01,,2.6
108.02,,2.6
108.03,,2.6
108.04,,2.6
108.05,,2.6
108.06,,2.6
108.07,,2.6
108.08,,15
108.09,,15
108.1,,15
108.11,,15
108.12,,15
108.13,,15
108.14,,15
108.15,,15
108.16,,15
108.17,,15
108.18,,23.1
108.19,,23.1
108.2,,23.1
108.21,,23.1
108.22,,23.1
108.23,,23.1
108.24,,23.1
108.25,,23.1
108.26,,23.1
108.27,,23.1
108.28,,54.3
108.29,,54.3
108.3,,54.3
108.31,,54.3
108.32,,54.3
108.33,,54.3
108.34,,54.3
108.35,,54.3
108.36,,54.3
108.37,,54.3
108.38,,63.8
108.39,,63.8
108.4,,63.8
108.41,,63.8
108.42,,63.8
108.43,,63.8
108.44,,63.8
108.45,,63.8
108.46,,63.8
108.47,,63.8
108.48,,65
108.49,,65
108.5,,65
108.51,,65
108.52,,65
108.53,,65
108.54,,65
108.55,,65
108.56,,65
108.57,,65
108.58,,57.8
108.59,,57.8
108.6,,57.8
108.61,,57.8
108.62,,57.8
108.63,,57.8
108.64,,57.8
108.65,,57.8
108.66,,57.8
108.67,,57.8
108.68,,64.3
108.69,,64.3
108.7,,64.3
108.71,,64.3
108.72,,64.3
108.73,,64.3
108.74,,64.3
108.75,,64.3
108.76,,64.3
108.77,,64.3
108.78,,93.5
108.79,,93.5
108.8,,93.5
108.81,,93.5
108.82,,93.5
108.83,,93.5
108.84,,93.5
108.85,,93.5
108.86,,93.5
108.87,,93.5
108.88,,72.8
108.89,,72.8
108.9,,72.8
108.91,,72.8
108.92,,72.8
108.93,,72.8
108.94,,72.8
108.95,,72.8
108.96,,72.8
108.97,,72.8
108.98,,63.5
108.99,,63.5
109,,63.5
109.01,,63.5
109.02,,63.5
109.03,,63.5
109.04,,63.5
109.05,,63.5
109.06,,63.5
109.07,,63.5
109.08,,79
109.09,,79
109.1,,79
109.11,,79
109.12,,79
109.13,,79
109.14,,79
109.15,,79
109.16,,79
109.17,,79
109.18,,72.7
109.19,,72.7
109.2,,72.7
109.21,,72.7
109.22,,72.7
109.23,,72.7
109.24,,72.7
109.25,,72.7
109.26,,72.7
109.27,,72.7
109.28,,66.7
109.29,,66.7
109.3,,66.7
109.31,,66.7
109.32,,66.7
109.33,,66.7
109.34,,66.7
109.35,,66.7
109.36,,66.7
109.37,,66.7
109.38,,69.7
109.39,,69.7
109.4,,69.7
109.41,,69.7
109.42,,69.7
109.43,,69.7
109.44,,69.7
109.45,,69.7
109.46,,69.7
109.47,,69.7
109.48,,70.5
109.49,,70.5
109.5,,70.5
109.51,,70.5
109.52,,70.5
109.53,,70.5
109.54,,70.5
109.55,,70.5
109.56,,70.5
109.57,,70.5
109.58,,85.5
109.59,,85.5
109.6,,85.5
109.61,,85.5
109.62,,85.5
109.63,,85.5
109.64,,85.5
109.65,,85.5
109.66,,85.5
109.67,,85.5
109.68,,120.9
109.69,,120.9
109.7,,120.9
109.71,,120.9
109.72,,120.9
109.73,,120.9
109.74,,120.9
109.75,,120.9
109.76,,120.9
109.77,,120.9
109.78,,129.2
109.79,,129.2
109.8,,129.2
109.81,,129.2
109.82,,129.2
109.83,,129.2
109.84,,129.2
109.85,,129.2
109.86,,129.2
109.87,,129.2
109.88,,107.5
109.89,,107.5
109.9,,107.5
109.91,,107.5
109.92,,107.5
109.93,,107.5
109.94,,107.5
109.95,,107.5
109.96,,107.5
109.97,,107.5
109.98,,107.4
109.99,,107.4
110,,107.4
110.01,,107.4
110.02,,107.4
110.03,,107.4
110.04,,107.4
110.05,,107.4
110.06,,107.4
110.07,,107.4
110.08,,103.5
110.09,,103.5
110.1,,103.5
110.11,,103.5
110.12,,103.5
110.13,,103.5
110.14,,103.5
110.15,,103.5
110.16,,103.5
110.17,,103.5
110.18,,92.9
110.19,,92.9
110.2,,92.9
110.21,,92.9
110.22,,92.9
110.23,,92.9
110.24,,92.9
110.25,,92.9
110.26,,92.9
110.27,,92.9
110.28,,87
110.29,,87
110.3,,87
110.31,,87
110.32,,87
110.33,,87
110.34,,87
110.35,,87
110.36,,87
110.37,,87
110.38,,97.2
110.39,,97.2
110.4,,97.2
110.41,,97.2
110.42,,97.2
110.43,,97.2
110.44,,97.2
110.45,,97.2
110.46,,97.2
110.47,,97.2
110.48,,109.6
110.49,,109.6
110.5,,109.6
110.51,,109.6
110.52,,109.6
110.53,,109.6
110.54,,109.6
110.55,,109.6
110.56,,109.6
110.57,,109.6
110.58,,104.5
110.59,,104.5
110.6,,104.5
110.61,,104.5
110.62,,104.5
110.63,,104.5
110.64,,104.5
110.65,,104.5
110.66,,104.5
110.67,,104.5
110.68,,89.1
110.69,,89.1
110.7,,89.1
110.71,,89.1
110.72,,89.1
110.73,,89.1
110.74,,89.1
110.75,,89.1
110.76,,89.1
110.77,,89.1
110.78,,106.1
110.79,,106.1
110.8,,106.1
110.81,,106.1
110.82,,106.1
110.83,,106.1
110.84,,106.1
110.85,,106.1
110.86,,106.1
110.87,,106.1
110.88,,101.4
110.89,,101.4
110.9,,101.4
110.91,,101.4
110.92,,101.4
110.93,,101.4
110.94,,101.4
110.95,,101.4
110.96,,101.4
110.97,,101.4
110.98,,97.6
110.99,,97.6
111,,97.6
111.01,,97.6
111.02,,97.6
111.03,,97.6
111.04,,97.6
111.05,,97.6
111.06,,97.6
111.07,,97.6
111.08,,76.9
111.09,,76.9
111.1,,76.9
111.11,,76.9
111.12,,76.9
111.13,,76.9
111.14,,76.9
111.15,,76.9
111.16,,76.9
111.17,,76.9
111.18,,74.7
111.19,,74.7
111.2,,74.7
111.21,,74.7
111.22,,74.7
111.23,,74.7
111.24,,74.7
111.25,,74.7
111.26,,74.7
111.27,,74.7
111.28,,71.4
111.29,,71.4
111.3,,71.4
111.31,,71.4
111.32,,71.4
111.33,,71.4
111.34,,71.4
111.35,,71.4
111.36,,71.4
111.37,,71.4
111.38,,106.8
111.39,,106.8
111.4,,106.8
111.41,,106.8
111.42,,106.8
111.43,,106.8
111.44,,106.8
111.45,,106.8
111.46,,106.8
111.47,,106.8
111.48,,79.6
111.49,,79.6
111.5,,79.6
111.51,,79.6
111.52,,79.6
111.53,,79.6
111.54,,79.6
111.55,,79.6
111.56,,79.6
111.57,,79.6
111.58,,59.7
111.59,,59.7
111.6,,59.7
111.61,,59.7
111.62,,59.7
111.63,,59.7
111.64,,59.7
111.65,,59.7
111.66,,59.7
111.67,,59.7
111.68,,61.2
111.69,,61.2
111.7,,61.2
111.71,,61.2
111.72,,61.2
111.73,,61.2
111.74,,61.2
111.75,,61.2
111.76,,61.2
111.77,,61.2
111.78,,75.8
111.79,,75.8
111.8,,75.8
111.81,,75.8
111.82,,75.8
111.83,,75.8
111.84,,75.8
111.85,,75.8
111.86,,75.8
111.87,,75.8
111.88,,112.2
111.89,,112.2
111.9,,112.2
111.91,,112.2
111.92,,112.2
111.93,,112.2
111.94,,112.2
111.95,,112.2
111.96,,112.2
111.97,,112.2
111.98,,88.7
111.99,,88.7
112,,88.7
112.01,,88.7
112.02,,88.7
112.03,,88.7
112.04,,88.7
112.05,,88.7
112.06,,88.7
112.07,,88.7
112.08,,69.9
112.09,,69.9
112.1,,69.9
112.11,,69.9
112.12,,69.9
112.13,,69.9
112.14,,69.9
112.15,,69.9
112.16,,69.9
112.17,,69.9
112.18,,85.6
112.19,,85.6
112.2,,85.6
112.21,,85.6
112.22,,85.6
112.23,,85.6
112.24,,85.6
112.25,,85.6
112.26,,85.6
112.27,,85.6
112.28,,99.9
112.29,,99.9
112.3,,99.9
112.31,,99.9
112.32,,99.9
112.33,,99.9
112.34,,99.9
112.35,,99.9
112.36,,99.9
112.37,,99.9
112.38,,122.8
112.39,,122.8
112.4,,122.8
112.41,,122.8
112.42,,122.8
112.43,,122.8
112.44,,122.8
112.45,,122.8
112.46,,122.8
112.47,,122.8
112.48,,92.3
112.49,,92.3
112.5,,92.3
112.51,,92.3
112.52,,92.3
112.53,,92.3
112.54,,92.3
112.55,,92.3
112.56,,92.3
112.57,,92.3
112.58,,59.5
112.59,,59.5
112.6,,59.5
112.61,,59.5
112.62,,59.5
112.63,,59.5
112.64,,59.5
112.65,,59.5
112.66,,59.5
112.67,,59.5
112.68,,67.1
112.69,,67.1
112.7,,67.1
112.71,,67.1
112.72,,67.1
112.73,,67.1
112.74,,67.1
112.75,,67.1
112.76,,67.1
112.77,,67.1
112.78,,110.7
112.79,,110.7
112.8,,110.7
112.81,,110.7
112.82,,110.7
112.83,,110.7
112.84,,110.7
112.85,,110.7
112.86,,110.7
112.87,,110.7
112.88,,187.6
112.89,,187.6
112.9,,187.6
112.91,,187.6
112.92,,187.6
112.93,,187.6
112.94,,187.6
112.95,,187.6
112.96,,187.6
112.97,,187.6
112.98,,133.2
112.99,,133.2
113,,133.2
113.01,,133.2
113.02,,133.2
113.03,,133.2
113.04,,133.2
113.05,,133.2
113.06,,133.2
113.07,,133.2
113.08,,84.7
113.09,,84.7
113.1,,84.7
113.11,,84.7
113.12,,84.7
113.13,,84.7
113.14,,84.7
113.15,,84.7
113.16,,84.7
113.17,,84.7
113.18,,94.3
113.19,,94.3
113.2,,94.3
113.21,,94.3
113.22,,94.3
113.23,,94.3
113.24,,94.3
113.25,,94.3
113.26,,94.3
113.27,,94.3
113.28,,122.5
113.29,,122.5
113.3,,122.5
113.31,,122.5
113.32,,122.5
113.33,,122.5
113.34,,122.5
113.35,,122.5
113.36,,122.5
113.37,,122.5
113.38,,110.3
113.39,,110.3
113.4,,110.3
113.41,,110.3
113.42,,110.3
113.43,,110.3
113.44,,110.3
113.45,,110.3
113.46,,110.3
113.47,,110.3
113.48,,109.4
113.49,,109.4
113.5,,109.4
113.51,,109.4
113.52,,109.4
113.53,,109.4
113.54,,109.4
113.55,,109.4
113.56,,109.4
113.57,,109.4
113.58,,160.1
113.59,,160.1
113.6,,160.1
113.61,,160.1
113.62,,160.1
113.63,,160.1
113.64,,160.1
113.65,,160.1
113.66,,160.1
113.67,,160.1
113.68,,122.1
113.69,,122.1
113.7,,122.1
113.71,,122.1
113.72,,122.1
113.73,,122.1
113.74,,122.1
113.75,,122.1
113.76,,122.1
113.77,,122.1
113.78,,57.4
113.79,,57.4
113.8,,57.4
113.81,,57.4
113.82,,57.4
113.83,,57.4
113.84,,57.4
113.85,,57.4
113.86,,57.4
113.87,,57.4
113.88,,-3.4
113.89,,-3.4
113.9,,-3.4
113.91,,-3.4
113.92,,-3.4
113.93,,-3.4
113.94,,-3.4
113.95,,-3.4
113.96,,-3.4
113.97,,-3.4
113.98,,2.6
113.99,,2.6
114,,2.6
114.01,,2.6
114.02,,2.6
114.03,,2.6
114.04,,2.6
114.05,,2.6
114.06,,2.6
114.07,,2.6
114.08,,13.4
114.09,,13.4
114.1,,13.4
114.11,,13.4
114.12,,13.4
114.13,,13.4
114.14,,13.4
114.15,,13.4
114.16,,13.4
114.17,,13.4
114.18,,11.4
114.19,,11.4
114.2,,11.4
114.21,,11.4
114.22,,11.4
114.23,,11.4
114.24,,11.4
114.25,,11.4
114.26,,11.4
114.27,,11.4
114.28,,7.5
114.29,,7.5
114.3,,7.5
114.31,,7.5
114.32,,7.5
114.33,,7.5
114.34,,7.5
114.35,,7.5
114.36,,7.5
114.37,,7.5
114.38,,8.1
114.39,,8.1
114.4,,8.1
114.41,,8.1
114.42,,8.1
114.43,,8.1
114.44,,8.1
114.45,,8.1
114.46,,8.1
114.47,,8.1
114.48,,10.2
114.49,,10.2
114.5,,10.2
114.51,,10.2
114.52,,10.2
114.53,,10.2
114.54,,10.2
114.55,,10.2
114.56,,10.2
114.57,,10.2
114.58,,8
114.59,,8
114.6,,8
114.61,,8
114.62,,8
114.63,,8
114.64,,8
114.65,,8
114.66,,8
114.67,,8
114.68,,8.2
114.69,,8.2
114.7,,8.2
114.71,,8.2
114.72,,8.2
114.73,,8.2
114.74,,8.2
114.75,,8.2
114.76,,8.2
114.77,,8.2
114.78,,2.4
114.79,,2.4
114.8,,2.4
114.81,,2.4
114.82,,2.4
114.83,,2.4
114.84,,2.4
114.85,,2.4
114.86,,2.4
114.87,,2.4
114.88,,15.3
114.89,,15.3
114.9,,15.3
114.91,,15.3
114.92,,15.3
114.93,,15.3
114.94,,15.3
114.95,,15.3
114.96,,15.3
114.97,,15.3
114.98,,18.5
114.99,,18.5
115,,18.5
115.01,,18.5
115.02,,18.5
115.03,,18.5
115.04,,18.5
115.05,,18.5
115.06,,18.5
115.07,,18.5
115.08,,26.3
115.09,,26.3
115.1,,26.3
115.11,,26.3
115.12,,26.3
115.13,,26.3
115.14,,26.3
115.15,,26.3
115.16,,26.3
115.17,,26.3
115.18,,34.1
115.19,,34.1
115.2,,34.1
115.21,,34.1
115.22,,34.1
115.23,,34.1
115.24,,34.1
115.25,,34.1
115.26,,34.1
115.27,,34.1
115.28,,33.5
115.29,,33.5
115.3,,33.5
115.31,,33.5
115.32,,33.5
115.33,,33.5
115.34,,33.5
115.35,,33.5
115.36,,33.5
115.37,,33.5
115.38,,30.1
115.39,,30.1
115.4,,30.1
115.41,,30.1
115.42,,30.1
115.43,,30.1
115.44,,30.1
115.45,,30.1
115.46,,30.1
115.47,,30.1
115.48,,34.4
115.49,,34.4
115.5,,34.4
115.51,,34.4
115.52,,34.4
115.53,,34.4
115.54,,34.4
115.55,,34.4
115.56,,34.4
115.57,,34.4
115.58,,35.3
115.59,,35.3
115.6,,35.3
115.61,,35.3
115.62,,35.3
115.63,,35.3
115.64,,35.3
115.65,,35.3
115.66,,35.3
115.67,,35.3
115.68,,33.2
115.69,,33.2
115.7,,33.2
115.71,,33.2
115.72,,33.2
115.73,,33.2
115.74,,33.2
115.75,,33.2
115.76,,33.2
115.77,,33.2
115.78,,31.2
115.79,,31.2
115.8,,31.2
115.81,,31.2
115.82,,31.2
115.83,,31.2
115.84,,31.2
115.85,,31.2
115.86,,31.2
115.87,,31.2
115.88,,33.4
115.89,,33.4
115.9,,33.4
115.91,,33.4
115.92,,33.4
115.93,,33.4
115.94,,33.4
115.95,,33.4
115.96,,33.4
115.97,,33.4
115.98,,30.5
115.99,,30.5
116,,30.5
116.01,,30.5
116.02,,30.5
116.03,,30.5
116.04,,30.5
116.05,,30.5
116.06,,30.5
116.07,,30.5
116.08,,55.4
116.09,,55.4
116.1,,55.4
116.11,,55.4
116.12,,55.4
116.13,,55.4
116.14,,55.4
116.15,,55.4
116.16,,55.4
116.17,,55.4
116.18,,63.3
116.19,,63.3
116.2,,63.3
116.21,,63.3
116.22,,63.3
116.23,,63.3
116.24,,63.3
116.25,,63.3
116.26,,63.3
116.27,,63.3
116.28,,65.9
116.29,,65.9
116.3,,65.9
116.31,,65.9
116.32,,65.9
116.33,,65.9
116.34,,65.9
116.35,,65.9
116.36,,65.9
116.37,,65.9
116.38,,40.3
116.39,,40.3
116.4,,40.3
116.41,,40.3
116.42,,40.3
116.43,,40.3
116.44,,40.3
116.45,,40.3
116.46,,40.3
116.47,,40.3
116.48,,65.8
116.49,,65.8
116.5,,65.8
116.51,,65.8
116.52,,65.8
116.53,,65.8
116.54,,65.8
116.55,,65.8
116.56,,65.8
116.57,,65.8
116.58,,67
116.59,,67
116.6,,67
116.61,,67
116.62,,67
116.63,,67
116.64,,67
116.65,,67
116.66,,67
116.67,,67
116.68,,45.1
116.69,,45.1
116.7,,45.1
116.71,,45.1
116.72,,45.1
116.73,,45.1
116.74,,45.1
116.75,,45.1
116.76,,45.1
116.77,,45.1
116.78,,61.4
116.79,,61.4
116.8,,61.4
116.81,,61.4
116.82,,61.4
116.83,,61.4
116.84,,61.4
116.85,,61.4
116.86,,61.4
116.87,,61.4
116.88,,59.3
116.89,,59.3
116.9,,59.3
116.91,,59.3
116.92,,59.3
116.93,,59.3
116.94,,59.3
116.95,,59.3
116.96,,59.3
116.97,,59.3
116.98,,51.2
116.99,,51.2
117,,51.2
117.01,,51.2
117.02,,51.2
117.03,,51.2
117.04,,51.2
117.05,,51.2
117.06,,51.2
117.07,,51.2
117.08,,57.1
117.09,,57.1
117.1,,57.1
117.11,,57.1
117.12,,57.1
117.13,,57.1
117.14,,57.1
117.15,,57.1
117.16,,57.1
117.17,,57.1
117.18,,53.5
117.19,,53.5
117.2,,53.5
117.21,,53.5
117.22,,53.5
117.23,,53.5
117.24,,53.5
117.25,,53.5
117.26,,53.5
117.27,,53.5
117.28,,64.9
117.29,,64.9
117.3,,64.9
117.31,,64.9
117.32,,64.9
117.33,,64.9
117.34,,64.9
117.35,,64.9
117.36,,64.9
117.37,,64.9
117.38,,48.2
117.39,,48.2
117.4,,48.2
117.41,,48.2
117.42,,48.2
117.43,,48.2
117.44,,48.2
117.45,,48.2
117.46,,48.2
117.47,,48.2
117.48,,47.5
117.49,,47.5
117.5,,47.5
117.51,,47.5
117.52,,47.5
117.53,,47.5
117.54,,47.5
117.55,,47.5
117.56,,47.5
117.57,,47.5
117.58,,87.4
117.59,,87.4
117.6,,87.4
117.61,,87.4
117.62,,87.4
117.63,,87.4
117.64,,87.4
117.65,,87.4
117.66,,87.4
117.67,,87.4
117.68,,68.5
117.69,,68.5
117.7,,68.5
117.71,,68.5
117.72,,68.5
117.73,,68.5
117.74,,68.5
117.75,,68.5
117.76,,68.5
117.77,,68.5
117.78,,45.6
117.79,,45.6
117.8,,45.6
117.81,,45.6
117.82,,45.6
117.83,,45.6
117.84,,45.6
117.85,,45.6
117.86,,45.6
117.87,,45.6
117.88,,69.7
117.89,,69.7
117.9,,69.7
117.91,,69.7
117.92,,69.7
117.93,,69.7
117.94,,69.7
117.95,,69.7
117.96,,69.7
117.97,,69.7
117.98,,65.4
117.99,,65.4
118,,65.4
118.01,,65.4
118.02,,65.4
118.03,,65.4
118.04,,65.4
118.05,,65.4
118.06,,65.4
118.07,,65.4
118.08,,38.8
118.09,,38.8
118.1,,38.8
118.11,,38.8
118.12,,38.8
118.13,,38.8
118.14,,38.8
118.15,,38.8
118.16,,38.8
118.17,,38.8
118.18,,76
118.19,,76
118.2,,76
118.21,,76
118.22,,76
118.23,,76
118.24,,76
118.25,,76
118.26,,76
118.27,,76
118.28,,63.8
118.29,,63.8
118.3,,63.8
118.31,,63.8
118.32,,63.8
118.33,,63.8
118.34,,63.8
118.35,,63.8
118.36,,63.8
118.37,,63.8
118.38,,28
118.39,,28
118.4,,28
118.41,,28
118.42,,28
118.43,,28
118.44,,28
118.45,,28
118.46,,28
118.47,,28
118.48,,41.6
118.49,,41.6
118.5,,41.6
118.51,,41.6
118.52,,41.6
118.53,,41.6
118.54,,41.6
118.55,,41.6
118.56,,41.6
118.57,,41.6
118.58,,37.7
118.59,,37.7
118.6,,37.7
118.61,,37.7
118.62,,37.7
118.63,,37.7
118.64,,37.7
118.65,,37.7
118.66,,37.7
118.67,,37.7
118.68,,25.6
118.69,,25.6
118.7,,25.6
118.71,,25.6
118.72,,25.6
118.73,,25.6
118.74,,25.6
118.75,,25.6
118.76,,25.6
118.77,,25.6
118.78,,7.3
118.79,,7.3
118.8,,7.3
118.81,,7.3
118.82,,7.3
118.83,,7.3
118.84,,7.3
118.85,,7.3
118.86,,7.3
118.87,,7.3
118.88,,1.7
118.89,,1.7
118.9,,1.7
118.91,,1.7
118.92,,1.7
118.93,,1.7
118.94,,1.7
118.95,,1.7
118.96,,1.7
118.97,,1.7
118.98,,11.1
118.99,,11.1
119,,11.1
119.01,,11.1
119.02,,11.1
119.03,,11.1
119.04,,11.1
119.05,,11.1
119.06,,11.1
119.07,,11.1
119.08,,29.7
119.09,,29.7
119.1,,29.7
119.11,,29.7
119.12,,29.7
119.13,,29.7
119.14,,29.7
119.15,,29.7
119.16,,29.7
119.17,,29.7
119.18,,67.3
119.19,,67.3
119.2,,67.3
119.21,,67.3
119.22,,67.3
119.23,,67.3
119.24,,67.3
119.25,,67.3
119.26,,67.3
119.27,,67.3
119.28,,68.4
119.29,,68.4
119.3,,68.4
119.31,,68.4
119.32,,68.4
119.33,,68.4
119.34,,68.4
119.35,,68.4
119.36,,68.4
119.37,,68.4
119.38,,49.6
119.39,,49.6
119.4,,49.6
119.41,,49.6
119.42,,49.6
119.43,,49.6
119.44,,49.6
119.45,,49.6
119.46,,49.6
119.47,,49.6
119.48,,26
119.49,,26
119.5,,26
119.51,,26
119.52,,26
119.53,,26
119.54,,26
119.55,,26
119.56,,26
119.57,,26
119.58,,20.3
119.59,,20.3
119.6,,20.3
119.61,,20.3
119.62,,20.3
119.63,,20.3
119.64,,20.3
119.65,,20.3
119.66,,20.3
119.67,,20.3
119.68,,37.6
119.69,,37.6
119.7,,37.6
119.71,,37.6
119.72,,37.6
119.73,,37.6
119.74,,37.6
119.75,,37.6
119.76,,37.6
119.77,,37.6
119.78,,59.7
119.79,,59.7
119.8,,59.7
119.81,,59.7
119.82,,59.7
119.83,,59.7
119.84,,59.7
119.85,,59.7
119.86,,59.7
119.87,,59.7
119.88,,54.9
119.89,,54.9
119.9,,54.9
119.91,,54.9
119.92,,54.9
119.93,,54.9
119.94,,54.9
119.95,,54.9
119.96,,54.9
119.97,,54.9
119.98,,31.2
119.99,,31.2
120,,31.2
120.01,,31.2
120.02,,31.2
120.03,,31.2
120.04,,31.2
120.05,,31.2
120.06,,31.2
120.07,,31.2
120.08,,21.4
120.09,,21.4
120.1,,21.4
120.11,,21.4
120.12,,21.4
120.13,,21.4
120.14,,21.4
120.15,,21.4
120.16,,21.4
120.17,,21.4
120.18,,20.1
120.19,,20.1
120.2,,20.1
120.21,,20.1
120.22,,20.1
120.23,,20.1
120.24,,20.1
120.25,,20.1
120.26,,20.1
120.27,,20.1
120.28,,19.4
120.29,,19.4
120.3,,19.4
120.31,,19.4
120.32,,19.4
120.33,,19.4
120.34,,19.4
120.35,,19.4
120.36,,19.4
120.37,,19.4
120.38,,16.4
120.39,,16.4
120.4,,16.4
120.41,,16.4
120.42,,16.4
120.43,,16.4
120.44,,16.4
120.45,,16.4
120.46,,16.4
120.47,,16.4
120.48,,15.3
120.49,,15.3
120.5,,15.3
120.51,,15.3
120.52,,15.3
120.53,,15.3
120.54,,15.3
120.55,,15.3
120.56,,15.3
120.57,,15.3
120.58,,14
120.59,,14
120.6,,14
120.61,,14
120.62,,14
120.63,,14
120.64,,14
120.65,,14
120.66,,14
120.67,,14
120.68,,14.8
120.69,,14.8
120.7,,14.8
120.71,,14.8
120.72,,14.8
120.73,,14.8
120.74,,14.8
120.75,,14.8
120.76,,14.8
120.77,,14.8
120.78,,17
120.79,,17
120.8,,17
120.81,,17
120.82,,17
120.83,,17
120.84,,17
120.85,,17
120.86,,17
120.87,,17
120.88,,24
120.89,,24
120.9,,24
120.91,,24
120.92,,24
120.93,,24
120.94,,24
120.95,,24
120.96,,24
120.97,,24
120.98,,35.1
120.99,,35.1
121,,35.1
121.01,,35.1
121.02,,35.1
121.03,,35.1
121.04,,35.1
121.05,,35.1
121.06,,35.1
121.07,,35.1
121.08,,35
121.09,,35
121.1,,35
121.11,,35
121.12,,35
121.13,,35
121.14,,35
121.15,,35
121.16,,35
121.17,,35
121.18,,26
121.19,,26
121.2,,26
121.21,,26
121.22,,26
121.23,,26
121.24,,26
121.25,,26
121.26,,26
121.27,,26
121.28,,26.3
121.29,,26.3
121.3,,26.3
121.31,,26.3
121.32,,26.3
121.33,,26.3
121.34,,26.3
121.35,,26.3
121.36,,26.3
121.37,,26.3
121.38,,43.6
121.39,,43.6
121.4,,43.6
121.41,,43.6
121.42,,43.6
121.43,,43.6
121.44,,43.6
121.45,,43.6
121.46,,43.6
121.47,,43.6
121.48,,58.6
121.49,,58.6
121.5,,58.6
121.51,,58.6
121.52,,58.6
121.53,,58.6
121.54,,58.6
121.55,,58.6
121.56,,58.6
121.57,,58.6
121.58,,52.9
121.59,,52.9
121.6,,52.9
121.61,,52.9
121.62,,52.9
121.63,,52.9
121.64,,52.9
121.65,,52.9
121.66,,52.9
121.67,,52.9
121.68,,35.1
121.69,,35.1
121.7,,35.1
121.71,,35.1
121.72,,35.1
121.73,,35.1
121.74,,35.1
121.75,,35.1
121.76,,35.1
121.77,,35.1
121.78,,28.8
121.79,,28.8
121.8,,28.8
121.81,,28.8
121.82,,28.8
121.83,,28.8
121.84,,28.8
121.85,,28.8
121.86,,28.8
121.87,,28.8
121.88,,26.4
121.89,,26.4
121.9,,26.4
121.91,,26.4
121.92,,26.4
121.93,,26.4
121.94,,26.4
121.95,,26.4
121.96,,26.4
121.97,,26.4
121.98,,27.9
121.99,,27.9
122,,27.9
122.01,,27.9
122.02,,27.9
122.03,,27.9
122.04,,27.9
122.05,,27.9
122.06,,27.9
122.07,,27.9
122.08,,34.4
122.09,,34.4
122.1,,34.4
122.11,,34.4
122.12,,34.4
122.13,,34.4
122.14,,34.4
122.15,,34.4
122.16,,34.4
122.17,,34.4
122.18,,40.9
122.19,,40.9
122.2,,40.9
122.21,,40.9
122.22,,40.9
122.23,,40.9
122.24,,40.9
122.25,,40.9
122.26,,40.9
122.27,,40.9
122.28,,37.9
122.29,,37.9
122.3,,37.9
122.31,,37.9
122.32,,37.9
122.33,,37.9
122.34,,37.9
122.35,,37.9
122.36,,37.9
122.37,,37.9
122.38,,58.4
122.39,,58.4
122.4,,58.4
122.41,,58.4
122.42,,58.4
122.43,,58.4
122.44,,58.4
122.45,,58.4
122.46,,58.4
122.47,,58.4
122.48,,101.2
122.49,,101.2
122.5,,101.2
122.51,,101.2
122.52,,101.2
122.53,,101.2
122.54,,101.2
122.55,,101.2
122.56,,101.2
122.57,,101.2
122.58,,72.3
122.59,,72.3
122.6,,72.3
122.61,,72.3
122.62,,72.3
122.63,,72.3
122.64,,72.3
122.65,,72.3
122.66,,72.3
122.67,,72.3
122.68,,43.3
122.69,,43.3
122.7,,43.3
122.71,,43.3
122.72,,43.3
122.73,,43.3
122.74,,43.3
122.75,,43.3
122.76,,43.3
122.77,,43.3
122.78,,30.4
122.79,,30.4
122.8,,30.4
122.81,,30.4
122.82,,30.4
122.83,,30.4
122.84,,30.4
122.85,,30.4
122.86,,30.4
122.87,,30.4
122.88,,39.8
122.89,,39.8
122.9,,39.8
122.91,,39.8
122.92,,39.8
122.93,,39.8
122.94,,39.8
122.95,,39.8
122.96,,39.8
122.97,,39.8
122.98,,77.9
122.99,,77.9
123,,77.9
123.01,,77.9
123.02,,77.9
123.03,,77.9
123.04,,77.9
123.05,,77.9
123.06,,77.9
123.07,,77.9
123.08,,107
123.09,,107
123.1,,107
123.11,,107
123.12,,107
123.13,,107
123.14,,107
123.15,,107
123.16,,107
123.17,,107
123.18,,123.5
123.19,,123.5
123.2,,123.5
123.21,,123.5
123.22,,123.5
123.23,,123.5
123.24,,123.5
123.25,,123.5
123.26,,123.5
123.27,,123.5
123.28,,105.2
123.29,,105.2
123.3,,105.2
123.31,,105.2
123.32,,105.2
123.33,,105.2
123.34,,105.2
123.35,,105.2
123.36,,105.2
123.37,,105.2
123.38,,92.9
123.39,,92.9
123.4,,92.9
123.41,,92.9
123.42,,92.9
123.43,,92.9
123.44,,92.9
123.45,,92.9
123.46,,92.9
123.47,,92.9
123.48,,88.6
123.49,,88.6
123.5,,88.6
123.51,,88.6
123.52,,88.6
123.53,,88.6
123.54,,88.6
123.55,,88.6
123.56,,88.6
123.57,,88.6
123.58,,100.8
123.59,,100.8
123.6,,100.8
123.61,,100.8
123.62,,100.8
123.63,,100.8
123.64,,100.8
123.65,,100.8
123.66,,100.8
123.67,,100.8
123.68,,120.1
123.69,,120.1
123.7,,120.1
123.71,,120.1
123.72,,120.1
123.73,,120.1
123.74,,120.1
123.75,,120.1
123.76,,120.1
123.77,,120.1
123.78,,112
123.79,,112
123.8,,112
123.81,,112
123.82,,112
123.83,,112
123.84,,112
123.85,,112
123.86,,112
123.87,,112
123.88,,103.7
123.89,,103.7
123.9,,103.7
123.91,,103.7
123.92,,103.7
123.93,,103.7
123.94,,103.7
123.95,,103.7
123.96,,103.7
123.97,,103.7
123.98,,110.1
123.99,,110.1
124,,110.1
124.01,,110.1
124.02,,110.1
124.03,,110.1
124.04,,110.1
124.05,,110.1
124.06,,110.1
124.07,,110.1
124.08,,131.7
124.09,,131.7
124.1,,131.7
124.11,,131.7
124.12,,131.7
124.13,,131.7
124.14,,131.7
124.15,,131.7
124.16,,131.7
124.17,,131.7
124.18,,129.7
124.19,,129.7
124.2,,129.7
124.21,,129.7
124.22,,129.7
124.23,,129.7
124.24,,129.7
124.25,,129.7
124.26,,129.7
124.27,,129.7
124.28,,153.2
124.29,,153.2
124.3,,153.2
124.31,,153.2
124.32,,153.2
124.33,,153.2
124.34,,153.2
124.35,,153.2
124.36,,153.2
124.37,,153.2
124.38,,161.8
124.39,,161.8
124.4,,161.8
124.41,,161.8
124.42,,161.8
124.43,,161.8
124.44,,161.8
124.45,,161.8
124.46,,161.8
124.47,,161.8
124.48,,115.4
124.49,,115.4
124.5,,115.4
124.51,,115.4
124.52,,115.4
124.53,,115.4
124.54,,115.4
124.55,,115.4
124.56,,115.4
124.57,,115.4
124.58,,68.2
124.59,,68.2
124.6,,68.2
124.61,,68.2
124.62,,68.2
124.63,,68.2
124.64,,68.2
124.65,,68.2
124.66,,68.2
124.67,,68.2
124.68,,98.7
124.69,,98.7
124.7,,98.7
124.71,,98.7
124.72,,98.7
124.73,,98.7
124.74,,98.7
124.75,,98.7
124.76,,98.7
124.77,,98.7
124.78,,152.9
124.79,,152.9
124.8,,152.9
124.81,,152.9
124.82,,152.9
124.83,,152.9
124.84,,152.9
124.85,,152.9
124.86,,152.9
124.87,,152.9
124.88,,145.3
124.89,,145.3
124.9,,145.3
124.91,,145.3
124.92,,145.3
124.93,,145.3
124.94,,145.3
124.95,,145.3
124.96,,145.3
124.97,,145.3
124.98,,68.6
124.99,,68.6
125,,68.6
125.01,,68.6
125.02,,68.6
125.03,,68.6
125.04,,68.6
125.05,,68.6
125.06,,68.6
125.07,,68.6
125.08,,0
125.09,,0
125.1,,0
125.11,,0
125.12,,0
125.13,,0
125.14,,0
125.15,,0
125.16,,0
125.17,,0
125.18,,8.1
125.19,,8.1
125.2,,8.1
125.21,,8.1
125.22,,8.1
125.23,,8.1
125.24,,8.1
125.25,,8.1
125.26,,8.1
125.27,,8.1
125.28,,11.4
125.29,,11.4
125.3,,11.4
125.31,,11.4
125.32,,11.4
125.33,,11.4
125.34,,11.4
125.35,,11.4
125.36,,11.4
125.37,,11.4
125.38,,9.5
125.39,,9.5
125.4,,9.5
125.41,,9.5
125.42,,9.5
125.43,,9.5
125.44,,9.5
125.45,,9.5
125.46,,9.5
125.47,,9.5
125.48,,7.7
125.49,,7.7
125.5,,7.7
125.51,,7.7
125.52,,7.7
125.53,,7.7
125.54,,7.7
125.55,,7.7
125.56,,7.7
125.57,,7.7
125.58,,6.2
125.59,,6.2
125.6,,6.2
125.61,,6.2
125.62,,6.2
125.63,,6.2
125.64,,6.2
125.65,,6.2
125.66,,6.2
125.67,,6.2
125.68,,3.3
125.69,,3.3
125.7,,3.3
125.71,,3.3
125.72,,3.3
125.73,,3.3
125.74,,3.3
125.75,,3.3
125.76,,3.3
125.77,,3.3
125.78,,4
125.79,,4
125.8,,4
125.81,,4
125.82,,4
125.83,,4
125.84,,4
125.85,,4
125.86,,4
125.87,,4
125.88,,-1.4
125.89,,-1.4
125.9,,-1.4
125.91,,-1.4
125.92,,-1.4
125.93,,-1.4
125.94,,-1.4
125.95,,-1.4
125.96,,-1.4
125.97,,-1.4
125.98,,2
125.99,,2
126,,2
126.01,,2
126.02,,2
126.03,,2
126.04,,2
126.05,,2
126.06,,2
126.07,,2
126.08,,3.9
126.09,,3.9
126.1,,3.9
126.11,,3.9
126.12,,3.9
126.13,,3.9
126.14,,3.9
126.15,,3.9
126.16,,3.9
126.17,,3.9
126.18,,2.7
126.19,,2.7
126.2,,2.7
126.21,,2.7
126.22,,2.7
126.23,,2.7
126.24,,2.7
126.25,,2.7
126.26,,2.7
126.27,,2.7
126.28,,4.2
126.29,,4.2
126.3,,4.2
126.31,,4.2
126.32,,4.2
126.33,,4.2
126.34,,4.2
126.35,,4.2
126.36,,4.2
126.37,,4.2
126.38,,3.8
126.39,,3.8
126.4,,3.8
126.41,,3.8
126.42,,3.8
126.43,,3.8
126.44,,3.8
126.45,,3.8
126.46,,3.8
126.47,,3.8
126.48,,3.3
126.49,,3.3
126.5,,3.3
126.51,,3.3
126.52,,3.3
126.53,,3.3
126.54,,3.3
126.55,,3.3
126.56,,3.3
126.57,,3.3
126.58,,4.3
126.59,,4.3
126.6,,4.3
126.61,,4.3
126.62,,4.3
126.63,,4.3
126.64,,4.3
126.65,,4.3
126.66,,4.3
126.67,,4.3
126.68,,7.5
126.69,,7.5
126.7,,7.5
126.71,,7.5
126.72,,7.5
126.73,,7.5
126.74,,7.5
126.75,,7.5
126.76,,7.5
126.77,,7.5
126.78,,6.7
126.79,,6.7
126.8,,6.7
126.81,,6.7
126.82,,6.7
126.83,,6.7
126.84,,6.7
126.85,,6.7
126.86,,6.7
126.87,,6.7
126.88,,7.2
126.89,,7.2
126.9,,7.2
126.91,,7.2
126.92,,7.2
126.93,,7.2
126.94,,7.2
126.95,,7.2
126.96,,7.2
126.97,,7.2
126.98,,9.4
126.99,,9.4
127,,9.4
127.01,,9.4
127.02,,9.4
127.03,,9.4
127.04,,9.4
127.05,,9.4
127.06,,9.4
127.07,,9.4
127.08,,13.8
127.09,,13.8
127.1,,13.8
127.11,,13.8
127.12,,13.8
127.13,,13.8
127.14,,13.8
127.15,,13.8
127.16,,13.8
127.17,,13.8
127.18,,37.5
127.19,,37.5
127.2,,37.5
127.21,,37.5
127.22,,37.5
127.23,,37.5
127.24,,37.5
127.25,,37.5
127.26,,37.5
127.27,,37.5
127.28,,49.5
127.29,,49.5
127.3,,49.5
127.31,,49.5
127.32,,49.5
127.33,,49.5
127.34,,49.5
127.35,,49.5
127.36,,49.5
127.37,,49.5
127.38,,42.4
127.39,,42.4
127.4,,42.4
127.41,,42.4
127.42,,42.4
127.43,,42.4
127.44,,42.4
127.45,,42.4
127.46,,42.4
127.47,,42.4
127.48,,37.7
127.49,,37.7
127.5,,37.7
127.51,,37.7
127.52,,37.7
127.53,,37.7
127.54,,37.7
127.55,,37.7
127.56,,37.7
127.57,,37.7
127.58,,23.2
127.59,,23.2
127.6,,23.2
127.61,,23.2
127.62,,23.2
127.63,,23.2
127.64,,23.2
127.65,,23.2
127.66,,23.2
127.67,,23.2
127.68,,16.6
127.69,,16.6
127.7,,16.6
127.71,,16.6
127.72,,16.6
127.73,,16.6
127.74,,16.6
127.75,,16.6
127.76,,16.6
127.77,,16.6
127.78,,19.5
127.79,,19.5
127.8,,19.5
127.81,,19.5
127.82,,19.5
127.83,,19.5
127.84,,19.5
127.85,,19.5
127.86,,19.5
127.87,,19.5
127.88,,40.6
127.89,,40.6
127.9,,40.6
127.91,,40.6
127.92,,40.6
127.93,,40.6
127.94,,40.6
127.95,,40.6
127.96,,40.6
127.97,,40.6
127.98,,62.3
127.99,,62.3
128,,62.3
128.01,,62.3
128.02,,62.3
128.03,,62.3
128.04,,62.3
128.05,,62.3
128.06,,62.3
128.07,,62.3
128.08,,70.7
128.09,,70.7
128.1,,70.7
128.11,,70.7
128.12,,70.7
128.13,,70.7
128.14,,70.7
128.15,,70.7
128.16,,70.7
128.17,,70.7
128.18,,34.4
128.19,,34.4
128.2,,34.4
128.21,,34.4
128.22,,34.4
128.23,,34.4
128.24,,34.4
128.25,,34.4
128.26,,34.4
128.27,,34.4
128.28,,18.7
128.29,,18.7
128.3,,18.7
128.31,,18.7
128.32,,18.7
128.33,,18.7
128.34,,18.7
128.35,,18.7
128.36,,18.7
128.37,,18.7
128.38,,20.9
128.39,,20.9
128.4,,20.9
128.41,,20.9
128.42,,20.9
128.43,,20.9
128.44,,20.9
128.45,,20.9
128.46,,20.9
128.47,,20.9
128.48,,37.6
128.49,,37.6
128.5,,37.6
128.51,,37.6
128.52,,37.6
128.53,,37.6
128.54,,37.6
128.55,,37.6
128.56,,37.6
128.57,,37.6
128.58,,62.3
128.59,,62.3
128.6,,62.3
128.61,,62.3
128.62,,62.3
128.63,,62.3
128.64,,62.3
128.65,,62.3
128.66,,62.3
128.67,,62.3
128.68,,80.1
128.69,,80.1
128.7,,80.1
128.71,,80.1
128.72,,80.1
128.73,,80.1
128.74,,80.1
128.75,,80.1
128.76,,80.1
128.77,,80.1
128.78,,80.7
128.79,,80.7
128.8,,80.7
128.81,,80.7
128.82,,80.7
128.83,,80.7
128.84,,80.7
128.85,,80.7
128.86,,80.7
128.87,,80.7
128.88,,79.3
128.89,,79.3
128.9,,79.3
128.91,,79.3
128.92,,79.3
128.93,,79.3
128.94,,79.3
128.95,,79.3
128.96,,79.3
128.97,,79.3
128.98,,66
128.99,,66
129,,66
129.01,,66
129.02,,66
129.03,,66
129.04,,66
129.05,,66
129.06,,66
129.07,,66
129.08,,69.3
129.09,,69.3
129.1,,69.3
129.11,,69.3
129.12,,69.3
129.13,,69.3
129.14,,69.3
129.15,,69.3
129.16,,69.3
129.17,,69.3
129.18,,80.6
129.19,,80.6
129.2,,80.6
129.21,,80.6
129.22,,80.6
129.23,,80.6
129.24,,80.6
129.25,,80.6
129.26,,80.6
129.27,,80.6
129.28,,85.5
129.29,,85.5
129.3,,85.5
129.31,,85.5
129.32,,85.5
129.33,,85.5
129.34,,85.5
129.35,,85.5
129.36,,85.5
129.37,,85.5
129.38,,88
129.39,,88
129.4,,88
129.41,,88
129.42,,88
129.43,,88
129.44,,88
129.45,,88
129.46,,88
129.47,,88
129.48,,96.2
129.49,,96.2
129.5,,96.2
129.51,,96.2
129.52,,96.2
129.53,,96.2
129.54,,96.2
129.55,,96.2
129.56,,96.2
129.57,,96.2
129.58,,76.8
129.59,,76.8
129.6,,76.8
129.61,,76.8
129.62,,76.8
129.63,,76.8
129.64,,76.8
129.65,,76.8
129.66,,76.8
129.67,,76.8
129.68,,75.6
129.69,,75.6
129.7,,75.6
129.71,,75.6
129.72,,75.6
129.73,,75.6
129.74,,75.6
129.75,,75.6
129.76,,75.6
129.77,,75.6
129.78,,78
129.79,,78
129.8,,78
129.81,,78
129.82,,78
129.83,,78
129.84,,78
129.85,,78
129.86,,78
129.87,,78
129.88,,73
129.89,,73
129.9,,73
129.91,,73
129.92,,73
129.93,,73
129.94,,73
129.95,,73
129.96,,73
129.97,,73
129.98,,91.2
129.99,,91.2
130,,91.2
130.01,,91.2
130.02,,91.2
130.03,,91.2
130.04,,91.2
130.05,,91.2
130.06,,91.2
130.07,,91.2
130.08,,75.7
130.09,,75.7
130.1,,75.7
130.11,,75.7
130.12,,75.7
130.13,,75.7
130.14,,75.7
130.15,,75.7
130.16,,75.7
130.17,,75.7
130.18,,99.7
130.19,,99.7
130.2,,99.7
130.21,,99.7
130.22,,99.7
130.23,,99.7
130.24,,99.7
130.25,,99.7
130.26,,99.7
130.27,,99.7
130.28,,105.5
130.29,,105.5
130.3,,105.5
130.31,,105.5
130.32,,105.5
130.33,,105.5
130.34,,105.5
130.35,,105.5
130.36,,105.5
130.37,,105.5
130.38,,103.8
130.39,,103.8
130.4,,103.8
130.41,,103.8
130.42,,103.8
130.43,,103.8
130.44,,103.8
130.45,,103.8
130.46,,103.8
130.47,,103.8
130.48,,112.5
130.49,,112.5
130.5,,112.5
130.51,,112.5
130.52,,112.5
130.53,,112.5
130.54,,112.5
130.55,,112.5
130.56,,112.5
130.57,,112.5
130.58,,119.1
130.59,,119.1
130.6,,119.1
130.61,,119.1
130.62,,119.1
130.63,,119.1
130.64,,119.1
130.65,,119.1
130.66,,119.1
130.67,,119.1
130.68,,120.6
130.69,,120.6
130.7,,120.6
130.71,,120.6
130.72,,120.6
130.73,,120.6
130.74,,120.6
130.75,,120.6
130.76,,120.6
130.77,,120.6
130.78,,126.7
130.79,,126.7
130.8,,126.7
130.81,,126.7
130.82,,126.7
130.83,,126.7
130.84,,126.7
130.85,,126.7
130.86,,126.7
130.87,,126.7
130.88,,131.4
130.89,,131.4
130.9,,131.4
130.91,,131.4
130.92,,131.4
130.93,,131.4
130.94,,131.4
130.95,,131.4
130.96,,131.4
130.97,,131.4
130.98,,151.9
130.99,,151.9
131,,151.9
131.01,,151.9
131.02,,151.9
131.03,,151.9
131.04,,151.9
131.05,,151.9
131.06,,151.9
131.07,,151.9
131.08,,143.2
131.09,,143.2
131.1,,143.2
131.11,,143.2
131.12,,143.2
131.13,,143.2
131.14,,143.2
131.15,,143.2
131.16,,143.2
131.17,,143.2
131.18,,139.7
131.19,,139.7
131.2,,139.7
131.21,,139.7
131.22,,139.7
131.23,,139.7
131.24,,139.7
131.25,,139.7
131.26,,139.7
131.27,,139.7
131.28,,136.2
131.29,,136.2
131.3,,136.2
131.31,,136.2
131.32,,136.2
131.33,,136.2
131.34,,136.2
131.35,,136.2
131.36,,136.2
131.37,,136.2
131.38,,146.5
131.39,,146.5
131.4,,146.5
131.41,,146.5
131.42,,146.5
131.43,,146.5
131.44,,146.5
131.45,,146.5
131.46,,146.5
131.47,,146.5
131.48,,144.1
131.49,,144.1
131.5,,144.1
131.51,,144.1
131.52,,144.1
131.53,,144.1
131.54,,144.1
131.55,,144.1
131.56,,144.1
131.57,,144.1
131.58,,140
131.59,,140
131.6,,140
131.61,,140
131.62,,140
131.63,,140
131.64,,140
131.65,,140
131.66,,140
131.67,,140
131.68,,137.5
131.69,,137.5
131.7,,137.5
131.71,,137.5
131.72,,137.5
131.73,,137.5
131.74,,137.5
131.75,,137.5
131.76,,137.5
131.77,,137.5
131.78,,132.4
131.79,,132.4
131.8,,132.4
131.81,,132.4
131.82,,132.4
131.83,,132.4
131.84,,132.4
131.85,,132.4
131.86,,132.4
131.87,,132.4
131.88,,96.8
131.89,,96.8
131.9,,96.8
131.91,,96.8
131.92,,96.8
131.93,,96.8
131.94,,96.8
131.95,,96.8
131.96,,96.8
131.97,,96.8
131.98,,78
131.99,,78
132,,78
132.01,,78
132.02,,78
132.03,,78
132.04,,78
132.05,,78
132.06,,78
132.07,,78
132.08,,75
132.09,,75
132.1,,75
132.11,,75
132.12,,75
132.13,,75
132.14,,75
132.15,,75
132.16,,75
132.17,,75
132.18,,94.1
132.19,,94.1
132.2,,94.1
132.21,,94.1
132.22,,94.1
132.23,,94.1
132.24,,94.1
132.25,,94.1
132.26,,94.1
132.27,,94.1
132.28,,128.3
132.29,,128.3
132.3,,128.3
132.31,,128.3
132.32,,128.3
132.33,,128.3
132.34,,128.3
132.35,,128.3
132.36,,128.3
132.37,,128.3
132.38,,31.4
132.39,,31.4
132.4,,31.4
132.41,,31.4
132.42,,31.4
132.43,,31.4
132.44,,31.4
132.45,,31.4
132.46,,31.4
132.47,,31.4
132.48,,0
132.49,,0
132.5,,0
132.51,,0
132.52,,0
132.53,,0
132.54,,0
132.55,,0
132.56,,0
132.57,,0
132.58,,0
132.59,,0
132.6,,0
132.61,,0
132.62,,0
132.63,,0
132.64,,0
132.65,,0
132.66,,0
132.67,,0
132.68,,0
132.69,,0
132.7,,0
132.71,,0
132.72,,0
132.73,,0
132.74,,0
132.75,,0
132.76,,0
132.77,,0
132.78,,-3.2
132.79,,-3.2
132.8,,-3.2
132.81,,-3.2
132.82,,-3.2
132.83,,-3.2
132.84,,-3.2
132.85,,-3.2
132.86,,-3.2
132.87,,-3.2
132.88,,6.4
132.89,,6.4
132.9,,6.4
132.91,,6.4
132.92,,6.4
132.93,,6.4
132.94,,6.4
132.95,,6.4
132.96,,6.4
132.97,,6.4
132.98,,8.5
132.99,,8.5
133,,8.5
133.01,,8.5
133.02,,8.5
133.03,,8.5
133.04,,8.5
133.05,,8.5
133.06,,8.5
133.07,,8.5
133.08,,13.3
133.09,,13.3
133.1,,13.3
133.11,,13.3
133.12,,13.3
133.13,,13.3
133.14,,13.3
133.15,,13.3
133.16,,13.3
133.17,,13.3
133.18,,13.4
133.19,,13.4
133.2,,13.4
133.21,,13.4
133.22,,13.4
133.23,,13.4
133.24,,13.4
133.25,,13.4
133.26,,13.4
133.27,,13.4
133.28,,20.3
133.29,,20.3
133.3,,20.3
133.31,,20.3
133.32,,20.3
133.33,,20.3
133.34,,20.3
133.35,,20.3
133.36,,20.3
133.37,,20.3
133.38,,46.8
133.39,,46.8
133.4,,46.8
133.41,,46.8
133.42,,46.8
133.43,,46.8
133.44,,46.8
133.45,,46.8
133.46,,46.8
133.47,,46.8
133.48,,55.1
133.49,,55.1
133.5,,55.1
133.51,,55.1
133.52,,55.1
133.53,,55.1
133.54,,55.1
133.55,,55.1
133.56,,55.1
133.57,,55.1
133.58,,42
133.59,,42
133.6,,42
133.61,,42
133.62,,42
133.63,,42
133.64,,42
133.65,,42
133.66,,42
133.67,,42
133.68,,50.1
133.69,,50.1
133.7,,50.1
133.71,,50.1
133.72,,50.1
133.73,,50.1
133.74,,50.1
133.75,,50.1
133.76,,50.1
133.77,,50.1
133.78,,31.2
133.79,,31.2
133.8,,31.2
133.81,,31.2
133.82,,31.2
133.83,,31.2
133.84,,31.2
133.85,,31.2
133.86,,31.2
133.87,,31.2
133.88,,26.1
133.89,,26.1
133.9,,26.1
133.91,,26.1
133.92,,26.1
133.93,,26.1
133.94,,26.1
133.95,,26.1
133.96,,26.1
133.97,,26.1
133.98,,88.3
133.99,,88.3
134,,88.3
134.01,,88.3
134.02,,88.3
134.03,,88.3
134.04,,88.3
134.05,,88.3
134.06,,88.3
134.07,,88.3
134.08,,123.7
134.09,,123.7
134.1,,123.7
134.11,,123.7
134.12,,123.7
134.13,,123.7
134.14,,123.7
134.15,,123.7
134.16,,123.7
134.17,,123.7
134.18,,133.7
134.19,,133.7
134.2,,133.7
134.21,,133.7
134.22,,133.7
134.23,,133.7
134.24,,133.7
134.25,,133.7
134.26,,133.7
134.27,,133.7
134.28,,129.1
134.29,,129.1
134.3,,129.1
134.31,,129.1
134.32,,129.1
134.33,,129.1
134.34,,129.1
134.35,,129.1
134.36,,129.1
134.37,,129.1
134.38,,97.4
134.39,,97.4
134.4,,97.4
134.41,,97.4
134.42,,97.4
134.43,,97.4
134.44,,97.4
134.45,,97.4
134.46,,97.4
134.47,,97.4
134.48,,71
134.49,,71
134.5,,71
134.51,,71
134.52,,71
134.53,,71
134.54,,71
134.55,,71
134.56,,71
134.57,,71
134.58,,72
134.59,,72
134.6,,72
134.61,,72
134.62,,72
134.63,,72
134.64,,72
134.65,,72
134.66,,72
134.67,,72
134.68,,98.4
134.69,,98.4
134.7,,98.4
134.71,,98.4
134.72,,98.4
134.73,,98.4
134.74,,98.4
134.75,,98.4
134.76,,98.4
134.77,,98.4
134.78,,101.2
134.79,,101.2
134.8,,101.2
134.81,,101.2
134.82,,101.2
134.83,,101.2
134.84,,101.2
134.85,,101.2
134.86,,101.2
134.87,,101.2
134.88,,102.6
134.89,,102.6
134.9,,102.6
134.91,,102.6
134.92,,102.6
134.93,,102.6
134.94,,102.6
134.95,,102.6
134.96,,102.6
134.97,,102.6
134.98,,96.8
134.99,,96.8
135,,96.8
135.01,,96.8
135.02,,96.8
135.03,,96.8
135.04,,96.8
135.05,,96.8
135.06,,96.8
135.07,,96.8
135.08,,114.1
135.09,,114.1
135.1,,114.1
135.11,,114.1
135.12,,114.1
135.13,,114.1
135.14,,114.1
135.15,,114.1
135.16,,114.1
135.17,,114.1
135.18,,133.9
135.19,,133.9
135.2,,133.9
135.21,,133.9
135.22,,133.9
135.23,,133.9
135.24,,133.9
135.25,,133.9
135.26,,133.9
135.27,,133.9
135.28,,131.1
135.29,,131.1
135.3,,131.1
135.31,,131.1
135.32,,131.1
135.33,,131.1
135.34,,131.1
135.35,,131.1
135.36,,131.1
135.37,,131.1
135.38,,172.6
135.39,,172.6
135.4,,172.6
135.41,,172.6
135.42,,172.6
135.43,,172.6
135.44,,172.6
135.45,,172.6
135.46,,172.6
135.47,,172.6
135.48,,183.6
135.49,,183.6
135.5,,183.6
135.51,,183.6
135.52,,183.6
135.53,,183.6
135.54,,183.6
135.55,,183.6
135.56,,183.6
135.57,,183.6
135.58,,127.4
135.59,,127.4
135.6,,127.4
135.61,,127.4
135.62,,127.4
135.63,,127.4
135.64,,127.4
135.65,,127.4
135.66,,127.4
135.67,,127.4
135.68,,99.5
135.69,,99.5
135.7,,99.5
135.71,,99.5
135.72,,99.5
135.73,,99.5
135.74,,99.5
135.75,,99.5
135.76,,99.5
135.77,,99.5
135.78,,125.2
135.79,,125.2
135.8,,125.2
135.81,,125.2
135.82,,125.2
135.83,,125.2
135.84,,125.2
135.85,,125.2
135.86,,125.2
135.87,,125.2
135.88,,122.3
135.89,,122.3
135.9,,122.3
135.91,,122.3
135.92,,122.3
135.93,,122.3
135.94,,122.3
135.95,,122.3
135.96,,122.3
135.97,,122.3
135.98,,138.1
135.99,,138.1
136,,138.1
136.01,,138.1
136.02,,138.1
136.03,,138.1
136.04,,138.1
136.05,,138.1
136.06,,138.1
136.07,,138.1
136.08,,104.9
136.09,,104.9
136.1,,104.9
136.11,,104.9
136.12,,104.9
136.13,,104.9
136.14,,104.9
136.15,,104.9
136.16,,104.9
136.17,,104.9
136.18,,54.9
136.19,,54.9
136.2,,54.9
136.21,,54.9
136.22,,54.9
136.23,,54.9
136.24,,54.9
136.25,,54.9
136.26,,54.9
136.27,,54.9
136.28,,60.7
136.29,,60.7
136.3,,60.7
136.31,,60.7
136.32,,60.7
136.33,,60.7
136.34,,60.7
136.35,,60.7
136.36,,60.7
136.37,,60.7
136.38,,85.4
136.39,,85.4
136.4,,85.4
136.41,,85.4
136.42,,85.4
136.43,,85.4
136.44,,85.4
136.45,,85.4
136.46,,85.4
136.47,,85.4
136.48,,72.8
136.49,,72.8
136.5,,72.8
136.51,,72.8
136.52,,72.8
136.53,,72.8
136.54,,72.8
136.55,,72.8
136.56,,72.8
136.57,,72.8
136.58,,76.5
136.59,,76.5
136.6,,76.5
136.61,,76.5
136.62,,76.5
136.63,,76.5
136.64,,76.5
136.65,,76.5
136.66,,76.5
136.67,,76.5
136.68,,63.9
136.69,,63.9
136.7,,63.9
136.71,,63.9
136.72,,63.9
136.73,,63.9
136.74,,63.9
136.75,,63.9
136.76,,63.9
136.77,,63.9
136.78,,66.3
136.79,,66.3
136.8,,66.3
136.81,,66.3
136.82,,66.3
136.83,,66.3
136.84,,66.3
136.85,,66.3
136.86,,66.3
136.87,,66.3
136.88,,70.5
136.89,,70.5
136.9,,70.5
136.91,,70.5
136.92,,70.5
136.93,,70.5
136.94,,70.5
136.95,,70.5
136.96,,70.5
136.97,,70.5
136.98,,83.4
136.99,,83.4
137,,83.4
137.01,,83.4
137.02,,83.4
137.03,,83.4
137.04,,83.4
137.05,,83.4
137.06,,83.4
137.07,,83.4
137.08,,91.5
137.09,,91.5
137.1,,91.5
137.11,,91.5
137.12,,91.5
137.13,,91.5
137.14,,91.5
137.15,,91.5
137.16,,91.5
137.17,,91.5
137.18,,60.9
137.19,,60.9
137.2,,60.9
137.21,,60.9
137.22,,60.9
137.23,,60.9
137.24,,60.9
137.25,,60.9
137.26,,60.9
137.27,,60.9
137.28,,85.3
137.29,,85.3
137.3,,85.3
137.31,,85.3
137.32,,85.3
137.33,,85.3
137.34,,85.3
137.35,,85.3
137.36,,85.3
137.37,,85.3
137.38,,91.4
137.39,,91.4
137.4,,91.4
137.41,,91.4
137.42,,91.4
137.43,,91.4
137.44,,91.4
137.45,,91.4
137.46,,91.4
137.47,,91.4
137.48,,109.9
137.49,,109.9
137.5,,109.9
137.51,,109.9
137.52,,109.9
137.53,,109.9
137.54,,109.9
137.55,,109.9
137.56,,109.9
137.57,,109.9
137.58,,99.7
137.59,,99.7
137.6,,99.7
137.61,,99.7
137.62,,99.7
137.63,,99.7
137.64,,99.7
137.65,,99.7
137.66,,99.7
137.67,,99.7
137.68,,74.2
137.69,,74.2
137.7,,74.2
137.71,,74.2
137.72,,74.2
137.73,,74.2
137.74,,74.2
137.75,,74.2
137.76,,74.2
137.77,,74.2
137.78,,106.2
137.79,,106.2
137.8,,106.2
137.81,,106.2
137.82,,106.2
137.83,,106.2
137.84,,106.2
137.85,,106.2
137.86,,106.2
137.87,,106.2
137.88,,109.5
137.89,,109.5
137.9,,109.5
137.91,,109.5
137.92,,109.5
137.93,,109.5
137.94,,109.5
137.95,,109.5
137.96,,109.5
137.97,,109.5
137.98,,118.1
137.99,,118.1
138,,118.1
138.01,,118.1
138.02,,118.1
138.03,,118.1
138.04,,118.1
138.05,,118.1
138.06,,118.1
138.07,,118.1
138.08,,100.8
138.09,,100.8
138.1,,100.8
138.11,,100.8
138.12,,100.8
138.13,,100.8
138.14,,100.8
138.15,,100.8
138.16,,100.8
138.17,,100.8
138.18,,91.4
138.19,,91.4
138.2,,91.4
138.21,,91.4
138.22,,91.4
138.23,,91.4
138.24,,91.4
138.25,,91.4
138.26,,91.4
138.27,,91.4
138.28,,178.1
138.29,,178.1
138.3,,178.1
138.31,,178.1
138.32,,178.1
138.33,,178.1
138.34,,178.1
138.35,,178.1
138.36,,178.1
138.37,,178.1
138.38,,159.3
138.39,,159.3
138.4,,159.3
138.41,,159.3
138.42,,159.3
138.43,,159.3
138.44,,159.3
138.45,,159.3
138.46,,159.3
138.47,,159.3
138.48,,94.2
138.49,,94.2
138.5,,94.2
138.51,,94.2
138.52,,94.2
138.53,,94.2
138.54,,94.2
138.55,,94.2
138.56,,94.2
138.57,,94.2
138.58,,51.9
138.59,,51.9
138.6,,51.9
138.61,,51.9
138.62,,51.9
138.63,,51.9
138.64,,51.9
138.65,,51.9
138.66,,51.9
138.67,,51.9
138.68,,81.1
138.69,,81.1
138.7,,81.1
138.71,,81.1
138.72,,81.1
138.73,,81.1
138.74,,81.1
138.75,,81.1
138.76,,81.1
138.77,,81.1
138.78,,102.4
138.79,,102.4
138.8,,102.4
138.81,,102.4
138.82,,102.4
138.83,,102.4
138.84,,102.4
138.85,,102.4
138.86,,102.4
138.87,,102.4
138.88,,39.5
138.89,,39.5
138.9,,39.5
138.91,,39.5
138.92,,39.5
138.93,,39.5
138.94,,39.5
138.95,,39.5
138.96,,39.5
138.97,,39.5
138.98,,17.4
138.99,,17.4
139,,17.4
139.01,,17.4
139.02,,17.4
139.03,,17.4
139.04,,17.4
139.05,,17.4
139.06,,17.4
139.07,,17.4
139.08,,14.9
139.09,,14.9
139.1,,14.9
139.11,,14.9
139.12,,14.9
139.13,,14.9
139.14,,14.9
139.15,,14.9
139.16,,14.9
139.17,,14.9
139.18,,15.8
139.19,,15.8
139.2,,15.8
139.21,,15.8
139.22,,15.8
139.23,,15.8
139.24,,15.8
139.25,,15.8
139.26,,15.8
139.27,,15.8
139.28,,9.4
139.29,,9.4
139.3,,9.4
139.31,,9.4
139.32,,9.4
139.33,,9.4
139.34,,9.4
139.35,,9.4
139.36,,9.4
139.37,,9.4
139.38,,11.6
139.39,,11.6
139.4,,11.6
139.41,,11.6
139.42,,11.6
139.43,,11.6
139.44,,11.6
139.45,,11.6
139.46,,11.6
139.47,,11.6
139.48,,11
139.49,,11
139.5,,11
139.51,,11
139.52,,11
139.53,,11
139.54,,11
139.55,,11
139.56,,11
139.57,,11
139.58,,12.7
139.59,,12.7
139.6,,12.7
139.61,,12.7
139.62,,12.7
139.63,,12.7
139.64,,12.7
139.65,,12.7
139.66,,12.7
139.67,,12.7
139.68,,9.7
139.69,,9.7
139.7,,9.7
139.71,,9.7
139.72,,9.7
139.73,,9.7
139.74,,9.7
139.75,,9.7
139.76,,9.7
139.77,,9.7
139.78,,-2.8
139.79,,-2.8
139.8,,-2.8
139.81,,-2.8
139.82,,-2.8
139.83,,-2.8
139.84,,-2.8
139.85,,-2.8
139.86,,-2.8
139.87,,-2.8
139.88,,10.7
139.89,,10.7
139.9,,10.7
139.91,,10.7
139.92,,10.7
139.93,,10.7
139.94,,10.7
139.95,,10.7
139.96,,10.7
139.97,,10.7
139.98,,26.3
139.99,,26.3
140,,26.3
140.01,,26.3
140.02,,26.3
140.03,,26.3
140.04,,26.3
140.05,,26.3
140.06,,26.3
140.07,,26.3
140.08,,37.7
140.09,,37.7
140.1,,37.7
140.11,,37.7
140.12,,37.7
140.13,,37.7
140.14,,37.7
140.15,,37.7
140.16,,37.7
140.17,,37.7
140.18,,33.6
140.19,,33.6
140.2,,33.6
140.21,,33.6
140.22,,33.6
140.23,,33.6
140.24,,33.6
140.25,,33.6
140.26,,33.6
140.27,,33.6
140.28,,23.5
140.29,,23.5
140.3,,23.5
140.31,,23.5
140.32,,23.5
140.33,,23.5
140.34,,23.5
140.35,,23.5
140.36,,23.5
140.37,,23.5
140.38,,19.7
140.39,,19.7
140.4,,19.7
140.41,,19.7
140.42,,19.7
140.43,,19.7
140.44,,19.7
140.45,,19.7
140.46,,19.7
140.47,,19.7
140.48,,27.3
140.49,,27.3
140.5,,27.3
140.51,,27.3
140.52,,27.3
140.53,,27.3
140.54,,27.3
140.55,,27.3
140.56,,27.3
140.57,,27.3
140.58,,44.2
140.59,,44.2
140.6,,44.2
140.61,,44.2
140.62,,44.2
140.63,,44.2
140.64,,44.2
140.65,,44.2
140.66,,44.2
140.67,,44.2
140.68,,54.5
140.69,,54.5
140.7,,54.5
140.71,,54.5
140.72,,54.5
140.73,,54.5
140.74,,54.5
140.75,,54.5
140.76,,54.5
140.77,,54.5
140.78,,53.6
140.79,,53.6
140.8,,53.6
140.81,,53.6
140.82,,53.6
140.83,,53.6
140.84,,53.6
140.85,,53.6
140.86,,53.6
140.87,,53.6
140.88,,39.7
140.89,,39.7
140.9,,39.7
140.91,,39.7
140.92,,39.7
140.93,,39.7
140.94,,39.7
140.95,,39.7
140.96,,39.7
140.97,,39.7
140.98,,38.6
140.99,,38.6
141,,38.6
141.01,,38.6
141.02,,38.6
141.03,,38.6
141.04,,38.6
141.05,,38.6
141.06,,38.6
141.07,,38.6
141.08,,35.5
141.09,,35.5
141.1,,35.5
141.11,,35.5
141.12,,35.5
141.13,,35.5
141.14,,35.5
141.15,,35.5
141.16,,35.5
141.17,,35.5
141.18,,40.7
141.19,,40.7
141.2,,40.7
141.21,,40.7
141.22,,40.7
141.23,,40.7
141.24,,40.7
141.25,,40.7
141.26,,40.7
141.27,,40.7
141.28,,48
141.29,,48
141.3,,48
141.31,,48
141.32,,48
141.33,,48
141.34,,48
141.35,,48
141.36,,48
141.37,,48
141.38,,56.7
141.39,,56.7
141.4,,56.7
141.41,,56.7
141.42,,56.7
141.43,,56.7
141.44,,56.7
141.45,,56.7
141.46,,56.7
141.47,,56.7
141.48,,51.2
141.49,,51.2
141.5,,51.2
141.51,,51.2
141.52,,51.2
141.53,,51.2
141.54,,51.2
141.55,,51.2
141.56,,51.2
141.57,,51.2
141.58,,63.3
141.59,,63.3
141.6,,63.3
141.61,,63.3
141.62,,63.3
141.63,,63.3
141.64,,63.3
141.65,,63.3
141.66,,63.3
141.67,,63.3
141.68,,58.7
141.69,,58.7
141.7,,58.7
141.71,,58.7
141.72,,58.7
141.73,,58.7
141.74,,58.7
141.75,,58.7
141.76,,58.7
141.77,,58.7
141.78,,45.1
141.79,,45.1
141.8,,45.1
141.81,,45.1
141.82,,45.1
141.83,,45.1
141.84,,45.1
141.85,,45.1
141.86,,45.1
141.87,,45.1
141.88,,41.5
141.89,,41.5
141.9,,41.5
141.91,,41.5
141.92,,41.5
141.93,,41.5
141.94,,41.5
141.95,,41.5
141.96,,41.5
141.97,,41.5
141.98,,40.1
141.99,,40.1
142,,40.1
142.01,,40.1
142.02,,40.1
142.03,,40.1
142.04,,40.1
142.05,,40.1
142.06,,40.1
142.07,,40.1
142.08,,34.5
142.09,,34.5
142.1,,34.5
142.11,,34.5
142.12,,34.5
142.13,,34.5
142.14,,34.5
142.15,,34.5
142.16,,34.5
142.17,,34.5
142.18,,38.9
142.19,,38.9
142.2,,38.9
142.21,,38.9
142.22,,38.9
142.23,,38.9
142.24,,38.9
142.25,,38.9
142.26,,38.9
142.27,,38.9
142.28,,38.4
142.29,,38.4
142.3,,38.4
142.31,,38.4
142.32,,38.4
142.33,,38.4
142.34,,38.4
142.35,,38.4
142.36,,38.4
142.37,,38.4
142.38,,48.5
142.39,,48.5
142.4,,48.5
142.41,,48.5
142.42,,48.5
142.43,,48.5
142.44,,48.5
142.45,,48.5
142.46,,48.5
142.47,,48.5
142.48,,53
142.49,,53
142.5,,53
142.51,,53
142.52,,53
142.53,,53
142.54,,53
142.55,,53
142.56,,53
142.57,,53
142.58,,36
142.59,,36
142.6,,36
142.61,,36
142.62,,36
142.63,,36
142.64,,36
142.65,,36
142.66,,36
142.67,,36
142.68,,67.9
142.69,,67.9
142.7,,67.9
142.71,,67.9
142.72,,67.9
142.73,,67.9
142.74,,67.9
142.75,,67.9
142.76,,67.9
142.77,,67.9
142.78,,76.1
142.79,,76.1
142.8,,76.1
142.81,,76.1
142.82,,76.1
142.83,,76.1
142.84,,76.1
142.85,,76.1
142.86,,76.1
142.87,,76.1
142.88,,36.7
142.89,,36.7
142.9,,36.7
142.91,,36.7
142.92,,36.7
142.93,,36.7
142.94,,36.7
142.95,,36.7
142.96,,36.7
142.97,,36.7
142.98,,35.2
142.99,,35.2
143,,35.2
143.01,,35.2
143.02,,35.2
143.03,,35.2
143.04,,35.2
143.05,,35.2
143.06,,35.2
143.07,,35.2
143.08,,29.4
143.09,,29.4
143.1,,29.4
143.11,,29.4
143.12,,29.4
143.13,,29.4
143.14,,29.4
143.15,,29.4
143.16,,29.4
143.17,,29.4
143.18,,31.7
143.19,,31.7
143.2,,31.7
143.21,,31.7
143.22,,31.7
143.23,,31.7
143.24,,31.7
143.25,,31.7
143.26,,31.7
143.27,,31.7
143.28,,41.9
143.29,,41.9
143.3,,41.9
143.31,,41.9
143.32,,41.9
143.33,,41.9
143.34,,41.9
143.35,,41.9
143.36,,41.9
143.37,,41.9
143.38,,54.7
143.39,,54.7
143.4,,54.7
143.41,,54.7
143.42,,54.7
143.43,,54.7
143.44,,54.7
143.45,,54.7
143.46,,54.7
143.47,,54.7
143.48,,46.8
143.49,,46.8
143.5,,46.8
143.51,,46.8
143.52,,46.8
143.53,,46.8
143.54,,46.8
143.55,,46.8
143.56,,46.8
143.57,,46.8
143.58,,47.8
143.59,,47.8
143.6,,47.8
143.61,,47.8
143.62,,47.8
143.63,,47.8
143.64,,47.8
143.65,,47.8
143.66,,47.8
143.67,,47.8
143.68,,108.3
143.69,,108.3
143.7,,108.3
143.71,,108.3
143.72,,108.3
143.73,,108.3
143.74,,108.3
143.75,,108.3
143.76,,108.3
143.77,,108.3
143.78,,85.8
143.79,,85.8
143.8,,85.8
143.81,,85.8
143.82,,85.8
143.83,,85.8
143.84,,85.8
143.85,,85.8
143.86,,85.8
143.87,,85.8
143.88,,50.5
143.89,,50.5
143.9,,50.5
143.91,,50.5
143.92,,50.5
143.93,,50.5
143.94,,50.5
143.95,,50.5
143.96,,50.5
143.97,,50.5
143.98,,23.7
143.99,,23.7
144,,23.7
144.01,,23.7
144.02,,23.7
144.03,,23.7
144.04,,23.7
144.05,,23.7
144.06,,23.7
144.07,,23.7
144.08,,28.9
144.09,,28.9
144.1,,28.9
144.11,,28.9
144.12,,28.9
144.13,,28.9
144.14,,28.9
144.15,,28.9
144.16,,28.9
144.17,,28.9
144.18,,57
144.19,,57
144.2,,57
144.21,,57
144.22,,57
144.23,,57
144.24,,57
144.25,,57
144.26,,57
144.27,,57
144.28,,51
144.29,,51
144.3,,51
144.31,,51
144.32,,51
144.33,,51
144.34,,51
144.35,,51
144.36,,51
144.37,,51
144.38,,28.8
144.39,,28.8
144.4,,28.8
144.41,,28.8
144.42,,28.8
144.43,,28.8
144.44,,28.8
144.45,,28.8
144.46,,28.8
144.47,,28.8
144.48,,21.2
144.49,,21.2
144.5,,21.2
144.51,,21.2
144.52,,21.2
144.53,,21.2
144.54,,21.2
144.55,,21.2
144.56,,21.2
144.57,,21.2
144.58,,8.4
144.59,,8.4
144.6,,8.4
144.61,,8.4
144.62,,8.4
144.63,,8.4
144.64,,8.4
144.65,,8.4
144.66,,8.4
144.67,,8.4
144.68,,0
144.69,,0
144.7,,0
144.71,,0
144.72,,0
144.73,,0
144.74,,0
144.75,,0
144.76,,0
144.77,,0
144.78,,0
144.79,,0
144.8,,0
144.81,,0
144.82,,0
144.83,,0
144.84,,0
144.85,,0
144.86,,0
144.87,,0
144.88,,0
144.89,,0
144.9,,0
144.91,,0
144.92,,0
144.93,,0
144.94,,0
144.95,,0
144.96,,0
144.97,,0
144.98,,0
144.99,,0
145,,0
145.01,,0
145.02,,0
145.03,,0
145.04,,0
145.05,,0
145.06,,0
145.07,,0
145.08,,0
145.09,,0
145.1,,0
145.11,,0
145.12,,0
145.13,,0
145.14,,0
145.15,,0
145.16,,0
145.17,,0
145.18,,0
145.19,,0
145.2,,0
145.21,,0
145.22,,0
145.23,,0
145.24,,0
145.25,,0
145.26,,0
145.27,,0
145.28,,2.1
145.29,,2.1
145.3,,2.1
145.31,,2.1
145.32,,2.1
145.33,,2.1
145.34,,2.1
145.35,,2.1
145.36,,2.1
145.37,,2.1
145.38,,14.7
145.39,,14.7
145.4,,14.7
145.41,,14.7
145.42,,14.7
145.43,,14.7
145.44,,14.7
145.45,,14.7
145.46,,14.7
145.47,,14.7
145.48,,27.3
145.49,,27.3
145.5,,27.3
145.51,,27.3
145.52,,27.3
145.53,,27.3
145.54,,27.3
145.55,,27.3
145.56,,27.3
145.57,,27.3
145.58,,39.6
145.59,,39.6
145.6,,39.6
145.61,,39.6
145.62,,39.6
145.63,,39.6
145.64,,39.6
145.65,,39.6
145.66,,39.6
145.67,,39.6
145.68,,62.8
145.69,,62.8
145.7,,62.8
145.71,,62.8
145.72,,62.8
145.73,,62.8
145.74,,62.8
145.75,,62.8
145.76,,62.8
145.77,,62.8
145.78,,62.1
145.79,,62.1
145.8,,62.1
145.81,,62.1
145.82,,62.1
145.83,,62.1
145.84,,62.1
145.85,,62.1
145.86,,62.1
145.87,,62.1
145.88,,89.6
145.89,,89.6
145.9,,89.6
145.91,,89.6
145.92,,89.6
145.93,,89.6
145.94,,89.6
145.95,,89.6
145.96,,89.6
145.97,,89.6
145.98,,47.2
145.99,,47.2
146,,47.2
146.01,,47.2
146.02,,47.2
146.03,,47.2
146.04,,47.2
146.05,,47.2
146.06,,47.2
146.07,,47.2
146.08,,31
146.09,,31
146.1,,31
146.11,,31
146.12,,31
146.13,,31
146.14,,31
146.15,,31
146.16,,31
146.17,,31
146.18,,26.9
146.19,,26.9
146.2,,26.9
146.21,,26.9
146.22,,26.9
146.23,,26.9
146.24,,26.9
146.25,,26.9
146.26,,26.9
146.27,,26.9
146.28,,20.5
146.29,,20.5
146.3,,20.5
146.31,,20.5
146.32,,20.5
146.33,,20.5
146.34,,20.5
146.35,,20.5
146.36,,20.5
146.37,,20.5
146.38,,21
146.39,,21
146.4,,21
146.41,,21
146.42,,21
146.43,,21
146.44,,21
146.45,,21
146.46,,21
146.47,,21
146.48,,29.2
146.49,,29.2
146.5,,29.2
146.51,,29.2
146.52,,29.2
146.53,,29.2
146.54,,29.2
146.55,,29.2
146.56,,29.2
146.57,,29.2
146.58,,38.4
146.59,,38.4
146.6,,38.4
146.61,,38.4
146.62,,38.4
146.63,,38.4
146.64,,38.4
146.65,,38.4
146.66,,38.4
146.67,,38.4
146.68,,41.4
146.69,,41.4
146.7,,41.4
146.71,,41.4
146.72,,41.4
146.73,,41.4
146.74,,41.4
146.75,,41.4
146.76,,41.4
146.77,,41.4
146.78,,44.5
146.79,,44.5
146.8,,44.5
146.81,,44.5
146.82,,44.5
146.83,,44.5
146.84,,44.5
146.85,,44.5
146.86,,44.5
146.87,,44.5
146.88,,45
146.89,,45
146.9,,45
146.91,,45
146.92,,45
146.93,,45
146.94,,45
146.95,,45
146.96,,45
146.97,,45
146.98,,41.5
146.99,,41.5
147,,41.5
147.01,,41.5
147.02,,41.5
147.03,,41.5
147.04,,41.5
147.05,,41.5
147.06,,41.5
147.07,,41.5
147.08,,35.6
147.09,,35.6
147.1,,35.6
147.11,,35.6
147.12,,35.6
147.13,,35.6
147.14,,35.6
147.15,,35.6
147.16,,35.6
147.17,,35.6
147.18,,37.5
147.19,,37.5
147.2,,37.5
147.21,,37.5
147.22,,37.5
147.23,,37.5
147.24,,37.5
147.25,,37.5
147.26,,37.5
147.27,,37.5
147.28,,50.5
147.29,,50.5
147.3,,50.5
147.31,,50.5
147.32,,50.5
147.33,,50.5
147.34,,50.5
147.35,,50.5
147.36,,50.5
147.37,,50.5
147.38,,43.3
147.39,,43.3
147.4,,43.3
147.41,,43.3
147.42,,43.3
147.43,,43.3
147.44,,43.3
147.45,,43.3
147.46,,43.3
147.47,,43.3
147.48,,44.2
147.49,,44.2
147.5,,44.2
147.51,,44.2
147.52,,44.2
147.53,,44.2
147.54,,44.2
147.55,,44.2
147.56,,44.2
147.57,,44.2
147.58,,93.4
147.59,,93.4
147.6,,93.4
147.61,,93.4
147.62,,93.4
147.63,,93.4
147.64,,93.4
147.65,,93.4
147.66,,93.4
147.67,,93.4
147.68,,112
147.69,,112
147.7,,112
147.71,,112
147.72,,112
147.73,,112
147.74,,112
147.75,,112
147.76,,112
147.77,,112
147.78,,99.5
147.79,,99.5
147.8,,99.5
147.81,,99.5
147.82,,99.5
147.83,,99.5
147.84,,99.5
147.85,,99.5
147.86,,99.5
147.87,,99.5
147.88,,119.9
147.89,,119.9
147.9,,119.9
147.91,,119.9
147.92,,119.9
147.93,,119.9
147.94,,119.9
147.95,,119.9
147.96,,119.9
147.97,,119.9
147.98,,112.5
147.99,,112.5
148,,112.5
148.01,,112.5
148.02,,112.5
148.03,,112.5
148.04,,112.5
148.05,,112.5
148.06,,112.5
148.07,,112.5
148.08,,84.7
148.09,,84.7
148.1,,84.7
148.11,,84.7
148.12,,84.7
148.13,,84.7
148.14,,84.7
148.15,,84.7
148.16,,84.7
148.17,,84.7
148.18,,103
148.19,,103
148.2,,103
148.21,,103
148.22,,103
148.23,,103
148.24,,103
148.25,,103
148.26,,103
148.27,,103
148.28,,162.9
148.29,,162.9
148.3,,162.9
148.31,,162.9
148.32,,162.9
148.33,,162.9
148.34,,162.9
148.35,,162.9
148.36,,162.9
148.37,,162.9
148.38,,173.4
148.39,,173.4
148.4,,173.4
148.41,,173.4
148.42,,173.4
148.43,,173.4
148.44,,173.4
148.45,,173.4
148.46,,173.4
148.47,,173.4
148.48,,153.3
148.49,,153.3
148.5,,153.3
148.51,,153.3
148.52,,153.3
148.53,,153.3
148.54,,153.3
148.55,,153.3
148.56,,153.3
148.57,,153.3
148.58,,148.8
148.59,,148.8
148.6,,148.8
148.61,,148.8
148.62,,148.8
148.63,,148.8
148.64,,148.8
148.65,,148.8
148.66,,148.8
148.67,,148.8
148.68,,149.7
148.69,,149.7
148.7,,149.7
148.71,,149.7
148.72,,149.7
148.73,,149.7
148.74,,149.7
148.75,,149.7
148.76,,149.7
148.77,,149.7
148.78,,166.3
148.79,,166.3
148.8,,166.3
148.81,,166.3
148.82,,166.3
148.83,,166.3
148.84,,166.3
148.85,,166.3
148.86,,166.3
148.87,,166.3
148.88,,167
148.89,,167
148.9,,167
148.91,,167
148.92,,167
148.93,,167
148.94,,167
148.95,,167
148.96,,167
148.97,,167
148.98,,148.4
148.99,,148.4
149,,148.4
149.01,,148.4
149.02,,148.4
149.03,,148.4
149.04,,148.4
149.05,,148.4
149.06,,148.4
149.07,,148.4
149.08,,147.9
149.09,,147.9
149.1,,147.9
149.11,,147.9
149.12,,147.9
149.13,,147.9
149.14,,147.9
149.15,,147.9
149.16,,147.9
149.17,,147.9
149.18,,111.4
149.19,,111.4
149.2,,111.4
149.21,,111.4
149.22,,111.4
149.23,,111.4
149.24,,111.4
149.25,,111.4
149.26,,111.4
149.27,,111.4
149.28,,100.1
149.29,,100.1
149.3,,100.1
149.31,,100.1
149.32,,100.1
149.33,,100.1
149.34,,100.1
149.35,,100.1
149.36,,100.1
149.37,,100.1
149.38,,135.9
149.39,,135.9
149.4,,135.9
149.41,,135.9
149.42,,135.9
149.43,,135.9
149.44,,135.9
149.45,,135.9
149.46,,135.9
149.47,,135.9
149.48,,244.4
149.49,,244.4
149.5,,244.4
149.51,,244.4
149.52,,244.4
149.53,,244.4
149.54,,244.4
149.55,,244.4
149.56,,244.4
149.57,,244.4
149.58,,185.7
149.59,,185.7
149.6,,185.7
149.61,,185.7
149.62,,185.7
149.63,,185.7
149.64,,185.7
149.65,,185.7
149.66,,185.7
149.67,,185.7
149.68,,76.2
149.69,,76.2
149.7,,76.2
149.71,,76.2
149.72,,76.2
149.73,,76.2
149.74,,76.2
149.75,,76.2
149.76,,76.2
149.77,,76.2
149.78,,110.9
149.79,,110.9
149.8,,110.9
149.81,,110.9
149.82,,110.9
149.83,,110.9
149.84,,110.9
149.85,,110.9
149.86,,110.9
149.87,,110.9
149.88,,265.9
149.89,,265.9
149.9,,265.9
149.91,,265.9
149.92,,265.9
149.93,,265.9
149.94,,265.9
149.95,,265.9
149.96,,265.9
149.97,,265.9
149.98,,124
149.99,,124
150,,124
150.01,,124
150.02,,124
150.03,,124
150.04,,124
150.05,,124
150.06,,124
150.07,,124
150.08,,5.8
150.09,,5.8
150.1,,5.8
150.11,,5.8
150.12,,5.8
150.13,,5.8
150.14,,5.8
150.15,,5.8
150.16,,5.8
150.17,,5.8
150.18,,9
150.19,,9
150.2,,9
150.21,,9
150.22,,9
150.23,,9
150.24,,9
150.25,,9
150.26,,9
150.27,,9
150.28,,4
150.29,,4
150.3,,4
150.31,,4
150.32,,4
150.33,,4
150.34,,4
150.35,,4
150.36,,4
150.37,,4
150.38,,-1.5
150.39,,-1.5
150.4,,-1.5
150.41,,-1.5
150.42,,-1.5
150.43,,-1.5
150.44,,-1.5
150.45,,-1.5
150.46,,-1.5
150.47,,-1.5
150.48,,-0.9
150.49,,-0.9
150.5,,-0.9
150.51,,-0.9
150.52,,-0.9
150.53,,-0.9
150.54,,-0.9
150.55,,-0.9
150.56,,-0.9
150.57,,-0.9
150.58,,3.5
150.59,,3.5
150.6,,3.5
150.61,,3.5
150.62,,3.5
150.63,,3.5
150.64,,3.5
150.65,,3.5
150.66,,3.5
150.67,,3.5
150.68,,6.2
150.69,,6.2
150.7,,6.2
150.71,,6.2
150.72,,6.2
150.73,,6.2
150.74,,6.2
150.75,,6.2
150.76,,6.2
150.77,,6.2
150.78,,2
150.79,,2
150.8,,2
150.81,,2
150.82,,2
150.83,,2
150.84,,2
150.85,,2
150.86,,2
150.87,,2
150.88,,1.2
150.89,,1.2
150.9,,1.2
150.91,,1.2
150.92,,1.2
150.93,,1.2
150.94,,1.2
150.95,,1.2
150.96,,1.2
150.97,,1.2
150.98,,-1.4
150.99,,-1.4
151,,-1.4
151.01,,-1.4
151.02,,-1.4
151.03,,-1.4
151.04,,-1.4
151.05,,-1.4
151.06,,-1.4
151.07,,-1.4
151.08,,3
151.09,,3
151.1,,3
151.11,,3
151.12,,3
151.13,,3
151.14,,3
151.15,,3
151.16,,3
151.17,,3
151.18,,1.3
151.19,,1.3
151.2,,1.3
151.21,,1.3
151.22,,1.3
151.23,,1.3
151.24,,1.3
151.25,,1.3
151.26,,1.3
151.27,,1.3
151.28,,2.6
151.29,,2.6
151.3,,2.6
151.31,,2.6
151.32,,2.6
151.33,,2.6
151.34,,2.6
151.35,,2.6
151.36,,2.6
151.37,,2.6
151.38,,7.3
151.39,,7.3
151.4,,7.3
151.41,,7.3
151.42,,7.3
151.43,,7.3
151.44,,7.3
151.45,,7.3
151.46,,7.3
151.47,,7.3
151.48,,4.1
151.49,,4.1
151.5,,4.1
151.51,,4.1
151.52,,4.1
151.53,,4.1
151.54,,4.1
151.55,,4.1
151.56,,4.1
151.57,,4.1
151.58,,2.9
151.59,,2.9
151.6,,2.9
151.61,,2.9
151.62,,2.9
151.63,,2.9
151.64,,2.9
151.65,,2.9
151.66,,2.9
151.67,,2.9
151.68,,8
151.69,,8
151.7,,8
151.71,,8
151.72,,8
151.73,,8
151.74,,8
151.75,,8
151.76,,8
151.77,,8
151.78,,11.6
151.79,,11.6
151.8,,11.6
151.81,,11.6
151.82,,11.6
151.83,,11.6
151.84,,11.6
151.85,,11.6
151.86,,11.6
151.87,,11.6
151.88,,11.2
151.89,,11.2
151.9,,11.2
151.91,,11.2
151.92,,11.2
151.93,,11.2
151.94,,11.2
151.95,,11.2
151.96,,11.2
151.97,,11.2
151.98,,12.7
151.99,,12.7
152,,12.7
152.01,,12.7
152.02,,12.7
152.03,,12.7
152.04,,12.7
152.05,,12.7
152.06,,12.7
152.07,,12.7
152.08,,14.4
152.09,,14.4
152.1,,14.4
152.11,,14.4
152.12,,14.4
152.13,,14.4
152.14,,14.4
152.15,,14.4
152.16,,14.4
152.17,,14.4
152.18,,18.6
152.19,,18.6
152.2,,18.6
152.21,,18.6
152.22,,18.6
152.23,,18.6
152.24,,18.6
152.25,,18.6
152.26,,18.6
152.27,,18.6
152.28,,24.7
152.29,,24.7
152.3,,24.7
152.31,,24.7
152.32,,24.7
152.33,,24.7
152.34,,24.7
152.35,,24.7
152.36,,24.7
152.37,,24.7
152.38,,23.2
152.39,,23.2
152.4,,23.2
152.41,,23.2
152.42,,23.2
152.43,,23.2
152.44,,23.2
152.45,,23.2
152.46,,23.2
152.47,,23.2
152.48,,20.4
152.49,,20.4
152.5,,20.4
152.51,,20.4
152.52,,20.4
152.53,,20.4
152.54,,20.4
152.55,,20.4
152.56,,20.4
152.57,,20.4
152.58,,37.7
152.59,,37.7
152.6,,37.7
152.61,,37.7
152.62,,37.7
152.63,,37.7
152.64,,37.7
152.65,,37.7
152.66,,37.7
152.67,,37.7
152.68,,45.1
152.69,,45.1
152.7,,45.1
152.71,,45.1
152.72,,45.1
152.73,,45.1
152.74,,45.1
152.75,,45.1
152.76,,45.1
152.77,,45.1
152.78,,44.1
152.79,,44.1
152.8,,44.1
152.81,,44.1
152.82,,44.1
152.83,,44.1
152.84,,44.1
152.85,,44.1
152.86,,44.1
152.87,,44.1
152.88,,43.6
152.89,,43.6
152.9,,43.6
152.91,,43.6
152.92,,43.6
152.93,,43.6
152.94,,43.6
152.95,,43.6
152.96,,43.6
152.97,,43.6
152.98,,58.6
152.99,,58.6
153,,58.6
153.01,,58.6
153.02,,58.6
153.03,,58.6
153.04,,58.6
153.05,,58.6
153.06,,58.6
153.07,,58.6
153.08,,72
153.09,,72
153.1,,72
153.11,,72
153.12,,72
153.13,,72
153.14,,72
153.15,,72
153.16,,72
153.17,,72
153.18,,69.4
153.19,,69.4
153.2,,69.4
153.21,,69.4
153.22,,69.4
153.23,,69.4
153.24,,69.4
153.25,,69.4
153.26,,69.4
153.27,,69.4
153.28,,55.8
153.29,,55.8
153.3,,55.8
153.31,,55.8
153.32,,55.8
153.33,,55.8
153.34,,55.8
153.35,,55.8
153.36,,55.8
153.37,,55.8
153.38,,47.3
153.39,,47.3
153.4,,47.3
153.41,,47.3
153.42,,47.3
153.43,,47.3
153.44,,47.3
153.45,,47.3
153.46,,47.3
153.47,,47.3
153.48,,51.4
153.49,,51.4
153.5,,51.4
153.51,,51.4
153.52,,51.4
153.53,,51.4
153.54,,51.4
153.55,,51.4
153.56,,51.4
153.57,,51.4
153.58,,60.6
153.59,,60.6
153.6,,60.6
153.61,,60.6
153.62,,60.6
153.63,,60.6
153.64,,60.6
153.65,,60.6
153.66,,60.6
153.67,,60.6
153.68,,83.3
153.69,,83.3
153.7,,83.3
153.71,,83.3
153.72,,83.3
153.73,,83.3
153.74,,83.3
153.75,,83.3
153.76,,83.3
153.77,,83.3
153.78,,70.3
153.79,,70.3
153.8,,70.3
153.81,,70.3
153.82,,70.3
153.83,,70.3
153.84,,70.3
153.85,,70.3
153.86,,70.3
153.87,,70.3
153.88,,56.4
153.89,,56.4
153.9,,56.4
153.91,,56.4
153.92,,56.4
153.93,,56.4
153.94,,56.4
153.95,,56.4
153.96,,56.4
153.97,,56.4
153.98,,52
153.99,,52
154,,52
154.01,,52
154.02,,52
154.03,,52
154.04,,52
154.05,,52
154.06,,52
154.07,,52
154.08,,61.5
154.09,,61.5
154.1,,61.5
154.11,,61.5
154.12,,61.5
154.13,,61.5
154.14,,61.5
154.15,,61.5
154.16,,61.5
154.17,,61.5
154.18,,98.8
154.19,,98.8
154.2,,98.8
154.21,,98.8
154.22,,98.8
154.23,,98.8
154.24,,98.8
154.25,,98.8
154.26,,98.8
154.27,,98.8
154.28,,86.4
154.29,,86.4
154.3,,86.4
154.31,,86.4
154.32,,86.4
154.33,,86.4
154.34,,86.4
154.35,,86.4
154.36,,86.4
154.37,,86.4
154.38,,77.7
154.39,,77.7
154.4,,77.7
154.41,,77.7
154.42,,77.7
154.43,,77.7
154.44,,77.7
154.45,,77.7
154.46,,77.7
154.47,,77.7
154.48,,76.3
154.49,,76.3
154.5,,76.3
154.51,,76.3
154.52,,76.3
154.53,,76.3
154.54,,76.3
154.55,,76.3
154.56,,76.3
154.57,,76.3
154.58,,64
154.59,,64
154.6,,64
154.61,,64
154.62,,64
154.63,,64
154.64,,64
154.65,,64
154.66,,64
154.67,,64
154.68,,90.1
154.69,,90.1
154.7,,90.1
154.71,,90.1
154.72,,90.1
154.73,,90.1
154.74,,90.1
154.75,,90.1
154.76,,90.1
154.77,,90.1
154.78,,88.9
154.79,,88.9
154.8,,88.9
154.81,,88.9
154.82,,88.9
154.83,,88.9
154.84,,88.9
154.85,,88.9
154.86,,88.9
154.87,,88.9
154.88,,95
154.89,,95
154.9,,95
154.91,,95
154.92,,95
154.93,,95
154.94,,95
154.95,,95
154.96,,95
154.97,,95
154.98,,105.2
154.99,,105.2
155,,105.2
155.01,,105.2
155.02,,105.2
155.03,,105.2
155.04,,105.2
155.05,,105.2
155.06,,105.2
155.07,,105.2
155.08,,98.9
155.09,,98.9
155.1,,98.9
155.11,,98.9
155.12,,98.9
155.13,,98.9
155.14,,98.9
155.15,,98.9
155.16,,98.9
155.17,,98.9
155.18,,112.1
155.19,,112.1
155.2,,112.1
155.21,,112.1
155.22,,112.1
155.23,,112.1
155.24,,112.1
155.25,,112.1
155.26,,112.1
155.27,,112.1
155.28,,106.3
155.29,,106.3
155.3,,106.3
155.31,,106.3
155.32,,106.3
155.33,,106.3
155.34,,106.3
155.35,,106.3
155.36,,106.3
155.37,,106.3
155.38,,119
155.39,,119
155.4,,119
155.41,,119
155.42,,119
155.43,,119
155.44,,119
155.45,,119
155.46,,119
155.47,,119
155.48,,104.3
155.49,,104.3
155.5,,104.3
155.51,,104.3
155.52,,104.3
155.53,,104.3
155.54,,104.3
155.55,,104.3
155.56,,104.3
155.57,,104.3
155.58,,135.8
155.59,,135.8
155.6,,135.8
155.61,,135.8
155.62,,135.8
155.63,,135.8
155.64,,135.8
155.65,,135.8
155.66,,135.8
155.67,,135.8
155.68,,143.7
155.69,,143.7
155.7,,143.7
155.71,,143.7
155.72,,143.7
155.73,,143.7
155.74,,143.7
155.75,,143.7
155.76,,143.7
155.77,,143.7
155.78,,129.7
155.79,,129.7
155.8,,129.7
155.81,,129.7
155.82,,129.7
155.83,,129.7
155.84,,129.7
155.85,,129.7
155.86,,129.7
155.87,,129.7
155.88,,125.9
155.89,,125.9
155.9,,125.9
155.91,,125.9
155.92,,125.9
155.93,,125.9
155.94,,125.9
155.95,,125.9
155.96,,125.9
155.97,,125.9
155.98,,123.9
155.99,,123.9
156,,123.9
156.01,,123.9
156.02,,123.9
156.03,,123.9
156.04,,123.9
156.05,,123.9
156.06,,123.9
156.07,,123.9
156.08,,128
156.09,,128
156.1,,128
156.11,,128
156.12,,128
156.13,,128
156.14,,128
156.15,,128
156.16,,128
156.17,,128
156.18,,141
156.19,,141
156.2,,141
156.21,,141
156.22,,141
156.23,,141
156.24,,141
156.25,,141
156.26,,141
156.27,,141
156.28,,166.4
156.29,,166.4
156.3,,166.4
156.31,,166.4
156.32,,166.4
156.33,,166.4
156.34,,166.4
156.35,,166.4
156.36,,166.4
156.37,,166.4
156.38,,146.8
156.39,,146.8
156.4,,146.8
156.41,,146.8
156.42,,146.8
156.43,,146.8
156.44,,146.8
156.45,,146.8
156.46,,146.8
156.47,,146.8
156.48,,129.5
156.49,,129.5
156.5,,129.5
156.51,,129.5
156.52,,129.5
156.53,,129.5
156.54,,129.5
156.55,,129.5
156.56,,129.5
156.57,,129.5
156.58,,190
156.59,,190
156.6,,190
156.61,,190
156.62,,190
156.63,,190
156.64,,190
156.65,,190
156.66,,190
156.67,,190
156.68,,202.5
156.69,,202.5
156.7,,202.5
156.71,,202.5
156.72,,202.5
156.73,,202.5
156.74,,202.5
156.75,,202.5
156.76,,202.5
156.77,,202.5
156.78,,140.9
156.79,,140.9
156.8,,140.9
156.81,,140.9
156.82,,140.9
156.83,,140.9
156.84,,140.9
156.85,,140.9
156.86,,140.9
156.87,,140.9
156.88,,90.2
156.89,,90.2
156.9,,90.2
156.91,,90.2
156.92,,90.2
156.93,,90.2
156.94,,90.2
156.95,,90.2
156.96,,90.2
156.97,,90.2
156.98,,72
156.99,,72
157,,72
157.01,,72
157.02,,72
157.03,,72
157.04,,72
157.05,,72
157.06,,72
157.07,,72
157.08,,75.7
157.09,,75.7
157.1,,75.7
157.11,,75.7
157.12,,75.7
157.13,,75.7
157.14,,75.7
157.15,,75.7
157.16,,75.7
157.17,,75.7
157.18,,2.8
157.19,,2.8
157.2,,2.8
157.21,,2.8
157.22,,2.8
157.23,,2.8
157.24,,2.8
157.25,,2.8
157.26,,2.8
157.27,,2.8
157.28,,12.2
157.29,,12.2
157.3,,12.2
157.31,,12.2
157.32,,12.2
157.33,,12.2
157.34,,12.2
157.35,,12.2
157.36,,12.2
157.37,,12.2
157.38,,11.6
157.39,,11.6
157.4,,11.6
157.41,,11.6
157.42,,11.6
157.43,,11.6
157.44,,11.6
157.45,,11.6
157.46,,11.6
157.47,,11.6
157.48,,8.4
157.49,,8.4
157.5,,8.4
157.51,,8.4
157.52,,8.4
157.53,,8.4
157.54,,8.4
157.55,,8.4
157.56,,8.4
157.57,,8.4
157.58,,6.3
157.59,,6.3
157.6,,6.3
157.61,,6.3
157.62,,6.3
157.63,,6.3
157.64,,6.3
157.65,,6.3
157.66,,6.3
157.67,,6.3
157.68,,17.9
157.69,,17.9
157.7,,17.9
157.71,,17.9
157.72,,17.9
157.73,,17.9
157.74,,17.9
157.75,,17.9
157.76,,17.9
157.77,,17.9
157.78,,28.3
157.79,,28.3
157.8,,28.3
157.81,,28.3
157.82,,28.3
157.83,,28.3
157.84,,28.3
157.85,,28.3
157.86,,28.3
157.87,,28.3
157.88,,35.1
157.89,,35.1
157.9,,35.1
157.91,,35.1
157.92,,35.1
157.93,,35.1
157.94,,35.1
157.95,,35.1
157.96,,35.1
157.97,,35.1
157.98,,24.6
157.99,,24.6
158,,24.6
158.01,,24.6
158.02,,24.6
158.03,,24.6
158.04,,24.6
158.05,,24.6
158.06,,24.6
158.07,,24.6
158.08,,18.1
158.09,,18.1
158.1,,18.1
158.11,,18.1
158.12,,18.1
158.13,,18.1
158.14,,18.1
158.15,,18.1
158.16,,18.1
158.17,,18.1
158.18,,22.7
158.19,,22.7
158.2,,22.7
158.21,,22.7
158.22,,22.7
158.23,,22.7
158.24,,22.7
158.25,,22.7
158.26,,22.7
158.27,,22.7
158.28,,33
158.29,,33
158.3,,33
158.31,,33
158.32,,33
158.33,,33
158.34,,33
158.35,,33
158.36,,33
158.37,,33
158.38,,77.5
158.39,,77.5
158.4,,77.5
158.41,,77.5
158.42,,77.5
158.43,,77.5
158.44,,77.5
158.45,,77.5
158.46,,77.5
158.47,,77.5
158.48,,86.8
158.49,,86.8
158.5,,86.8
158.51,,86.8
158.52,,86.8
158.53,,86.8
158.54,,86.8
158.55,,86.8
158.56,,86.8
158.57,,86.8
158.58,,96.8
158.59,,96.8
158.6,,96.8
158.61,,96.8
158.62,,96.8
158.63,,96.8
158.64,,96.8
158.65,,96.8
158.66,,96.8
158.67,,96.8
158.68,,72.8
158.69,,72.8
158.7,,72.8
158.71,,72.8
158.72,,72.8
158.73,,72.8
158.74,,72.8
158.75,,72.8
158.76,,72.8
158.77,,72.8
158.78,,29.5
158.79,,29.5
158.8,,29.5
158.81,,29.5
158.82,,29.5
158.83,,29.5
158.84,,29.5
158.85,,29.5
158.86,,29.5
158.87,,29.5
158.88,,21.9
158.89,,21.9
158.9,,21.9
158.91,,21.9
158.92,,21.9
158.93,,21.9
158.94,,21.9
158.95,,21.9
158.96,,21.9
158.97,,21.9
158.98,,38.7
158.99,,38.7
159,,38.7
159.01,,38.7
159.02,,38.7
159.03,,38.7
159.04,,38.7
159.05,,38.7
159.06,,38.7
159.07,,38.7
159.08,,92
159.09,,92
159.1,,92
159.11,,92
159.12,,92
159.13,,92
159.14,,92
159.15,,92
159.16,,92
159.17,,92
159.18,,139.7
159.19,,139.7
159.2,,139.7
159.21,,139.7
159.22,,139.7
159.23,,139.7
159.24,,139.7
159.25,,139.7
159.26,,139.7
159.27,,139.7
159.28,,125.6
159.29,,125.6
159.3,,125.6
159.31,,125.6
159.32,,125.6
159.33,,125.6
159.34,,125.6
159.35,,125.6
159.36,,125.6
159.37,,125.6
159.38,,90.2
159.39,,90.2
159.4,,90.2
159.41,,90.2
159.42,,90.2
159.43,,90.2
159.44,,90.2
159.45,,90.2
159.46,,90.2
159.47,,90.2
159.48,,81.7
159.49,,81.7
159.5,,81.7
159.51,,81.7
159.52,,81.7
159.53,,81.7
159.54,,81.7
159.55,,81.7
159.56,,81.7
159.57,,81.7
159.58,,98.6
159.59,,98.6
159.6,,98.6
159.61,,98.6
159.62,,98.6
159.63,,98.6
159.64,,98.6
159.65,,98.6
159.66,,98.6
159.67,,98.6
159.68,,101.5
159.69,,101.5
159.7,,101.5
159.71,,101.5
159.72,,101.5
159.73,,101.5
159.74,,101.5
159.75,,101.5
159.76,,101.5
159.77,,101.5
159.78,,116.8
159.79,,116.8
159.8,,116.8
159.81,,116.8
159.82,,116.8
159.83,,116.8
159.84,,116.8
159.85,,116.8
159.86,,116.8
159.87,,116.8
159.88,,117.1
159.89,,117.1
159.9,,117.1
159.91,,117.1
159.92,,117.1
159.93,,117.1
159.94,,117.1
159.95,,117.1
159.96,,117.1
159.97,,117.1
159.98,,134.7
159.99,,134.7
160,,134.7
160.01,,134.7
160.02,,134.7
160.03,,134.7
160.04,,134.7
160.05,,134.7
160.06,,134.7
160.07,,134.7
160.08,,146.7
160.09,,146.7
160.1,,146.7
160.11,,146.7
160.12,,146.7
160.13,,146.7
160.14,,146.7
160.15,,146.7
160.16,,146.7
160.17,,146.7
160.18,,135
160.19,,135
160.2,,135
160.21,,135
160.22,,135
160.23,,135
160.24,,135
160.25,,135
160.26,,135
160.27,,135
160.28,,114.9
160.29,,114.9
160.3,,114.9
160.31,,114.9
160.32,,114.9
160.33,,114.9
160.34,,114.9
160.35,,114.9
160.36,,114.9
160.37,,114.9
160.38,,126.8
160.39,,126.8
160.4,,126.8
160.41,,126.8
160.42,,126.8
160.43,,126.8
160.44,,126.8
160.45,,126.8
160.46,,126.8
160.47,,126.8
160.48,,143.6
160.49,,143.6
160.5,,143.6
160.51,,143.6
160.52,,143.6
160.53,,143.6
160.54,,143.6
160.55,,143.6
160.56,,143.6
160.57,,143.6
160.58,,132.2
160.59,,132.2
160.6,,132.2
160.61,,132.2
160.62,,132.2
160.63,,132.2
160.64,,132.2
160.65,,132.2
160.66,,132.2
160.67,,132.2
160.68,,129.8
160.69,,129.8
160.7,,129.8
160.71,,129.8
160.72,,129.8
160.73,,129.8
160.74,,129.8
160.75,,129.8
160.76,,129.8
160.77,,129.8
160.78,,127.1
160.79,,127.1
160.8,,127.1
160.81,,127.1
160.82,,127.1
160.83,,127.1
160.84,,127.1
160.85,,127.1
160.86,,127.1
160.87,,127.1
160.88,,150.9
160.89,,150.9
160.9,,150.9
160.91,,150.9
160.92,,150.9
160.93,,150.9
160.94,,150.9
160.95,,150.9
160.96,,150.9
160.97,,150.9
160.98,,139.2
160.99,,139.2
161,,139.2
161.01,,139.2
161.02,,139.2
161.03,,139.2
161.04,,139.2
161.05,,139.2
161.06,,139.2
161.07,,139.2
161.08,,112.2
161.09,,112.2
161.1,,112.2
161.11,,112.2
161.12,,112.2
161.13,,112.2
161.14,,112.2
161.15,,112.2
161.16,,112.2
161.17,,112.2
161.18,,47.5
161.19,,47.5
161.2,,47.5
161.21,,47.5
161.22,,47.5
161.23,,47.5
161.24,,47.5
161.25,,47.5
161.26,,47.5
161.27,,47.5
161.28,,-22.2
161.29,,-22.2
161.3,,-22.2
161.31,,-22.2
161.32,,-22.2
161.33,,-22.2
161.34,,-22.2
161.35,,-22.2
161.36,,-22.2
161.37,,-22.2
161.38,,12.5
161.39,,12.5
161.4,,12.5
161.41,,12.5
161.42,,12.5
161.43,,12.5
161.44,,12.5
161.45,,12.5
161.46,,12.5
161.47,,12.5
161.48,,34.3
161.49,,34.3
161.5,,34.3
161.51,,34.3
161.52,,34.3
161.53,,34.3
161.54,,34.3
161.55,,34.3
161.56,,34.3
161.57,,34.3
161.58,,39.2
161.59,,39.2
161.6,,39.2
161.61,,39.2
161.62,,39.2
161.63,,39.2
161.64,,39.2
161.65,,39.2
161.66,,39.2
161.67,,39.2
161.68,,66.7
161.69,,66.7
161.7,,66.7
161.71,,66.7
161.72,,66.7
161.73,,66.7
161.74,,66.7
161.75,,66.7
161.76,,66.7
161.77,,66.7
161.78,,82
161.79,,82
161.8,,82
161.81,,82
161.82,,82
161.83,,82
161.84,,82
161.85,,82
161.86,,82
161.87,,82
161.88,,90.8
161.89,,90.8
161.9,,90.8
161.91,,90.8
161.92,,90.8
161.93,,90.8
161.94,,90.8
161.95,,90.8
161.96,,90.8
161.97,,90.8
161.98,,87.2
161.99,,87.2
162,,87.2
162.01,,87.2
162.02,,87.2
162.03,,87.2
162.04,,87.2
162.05,,87.2
162.06,,87.2
162.07,,87.2
162.08,,43.4
162.09,,43.4
162.1,,43.4
162.11,,43.4
162.12,,43.4
162.13,,43.4
162.14,,43.4
162.15,,43.4
162.16,,43.4
162.17,,43.4
162.18,,27.7
162.19,,27.7
162.2,,27.7
162.21,,27.7
162.22,,27.7
162.23,,27.7
162.24,,27.7
162.25,,27.7
162.26,,27.7
162.27,,27.7
162.28,,6.1
162.29,,6.1
162.3,,6.1
162.31,,6.1
162.32,,6.1
162.33,,6.1
162.34,,6.1
162.35,,6.1
162.36,,6.1
162.37,,6.1
162.38,,0
162.39,,0
162.4,,0
162.41,,0
162.42,,0
162.43,,0
162.44,,0
162.45,,0
162.46,,0
162.47,,0
162.48,,2.4
162.49,,2.4
162.5,,2.4
162.51,,2.4
162.52,,2.4
162.53,,2.4
162.54,,2.4
162.55,,2.4
162.56,,2.4
162.57,,2.4
162.58,,11.9
162.59,,11.9
162.6,,11.9
162.61,,11.9
162.62,,11.9
162.63,,11.9
162.64,,11.9
162.65,,11.9
162.66,,11.9
162.67,,11.9
162.68,,10
162.69,,10
162.7,,10
162.71,,10
162.72,,10
162.73,,10
162.74,,10
162.75,,10
162.76,,10
162.77,,10
162.78,,11.4
162.79,,11.4
162.8,,11.4
162.81,,11.4
162.82,,11.4
162.83,,11.4
162.84,,11.4
162.85,,11.4
162.86,,11.4
162.87,,11.4
162.88,,10.5
162.89,,10.5
162.9,,10.5
162.91,,10.5
162.92,,10.5
162.93,,10.5
162.94,,10.5
162.95,,10.5
162.96,,10.5
162.97,,10.5
162.98,,1.7
162.99,,1.7
163,,1.7
163.01,,1.7
163.02,,1.7
163.03,,1.7
163.04,,1.7
163.05,,1.7
163.06,,1.7
163.07,,1.7
163.08,,0.5
163.09,,0.5
163.1,,0.5
163.11,,0.5
163.12,,0.5
163.13,,0.5
163.14,,0.5
163.15,,0.5
163.16,,0.5
163.17,,0.5
163.18,,-4.1
163.19,,-4.1
163.2,,-4.1
163.21,,-4.1
163.22,,-4.1
163.23,,-4.1
163.24,,-4.1
163.25,,-4.1
163.26,,-4.1
163.27,,-4.1
163.28,,-0.3
163.29,,-0.3
163.3,,-0.3
163.31,,-0.3
163.32,,-0.3
163.33,,-0.3
163.34,,-0.3
163.35,,-0.3
163.36,,-0.3
163.37,,-0.3
163.38,,0.8
163.39,,0.8
163.4,,0.8
163.41,,0.8
163.42,,0.8
163.43,,0.8
163.44,,0.8
163.45,,0.8
163.46,,0.8
163.47,,0.8
163.48,,2.9
163.49,,2.9
163.5,,2.9
163.51,,2.9
163.52,,2.9
163.53,,2.9
163.54,,2.9
163.55,,2.9
163.56,,2.9
163.57,,2.9
163.58,,2.6
163.59,,2.6
163.6,,2.6
163.61,,2.6
163.62,,2.6
163.63,,2.6
163.64,,2.6
163.65,,2.6
163.66,,2.6
163.67,,2.6
163.68,,3.3
163.69,,3.3
163.7,,3.3
163.71,,3.3
163.72,,3.3
163.73,,3.3
163.74,,3.3
163.75,,3.3
163.76,,3.3
163.77,,3.3
163.78,,3.3
163.79,,3.3
163.8,,3.3
163.81,,3.3
163.82,,3.3
163.83,,3.3
163.84,,3.3
163.85,,3.3
163.86,,3.3
163.87,,3.3
163.88,,3.4
163.89,,3.4
163.9,,3.4
163.91,,3.4
163.92,,3.4
163.93,,3.4
163.94,,3.4
163.95,,3.4
163.96,,3.4
163.97,,3.4
163.98,,2.7
163.99,,2.7
164,,2.7
164.01,,2.7
164.02,,2.7
164.03,,2.7
164.04,,2.7
164.05,,2.7
164.06,,2.7
164.07,,2.7
164.08,,3.5
164.09,,3.5
164.1,,3.5
164.11,,3.5
164.12,,3.5
164.13,,3.5
164.14,,3.5
164.15,,3.5
164.16,,3.5
164.17,,3.5
164.18,,4.1
164.19,,4.1
164.2,,4.1
164.21,,4.1
164.22,,4.1
164.23,,4.1
164.24,,4.1
164.25,,4.1
164.26,,4.1
164.27,,4.1
164.28,,4.6
164.29,,4.6
164.3,,4.6
164.31,,4.6
164.32,,4.6
164.33,,4.6
164.34,,4.6
164.35,,4.6
164.36,,4.6
164.37,,4.6
164.38,,3
164.39,,3
164.4,,3
164.41,,3
164.42,,3
164.43,,3
164.44,,3
164.45,,3
164.46,,3
164.47,,3
164.48,,1.8
164.49,,1.8
164.5,,1.8
164.51,,1.8
164.52,,1.8
164.53,,1.8
164.54,,1.8
164.55,,1.8
164.56,,1.8
164.57,,1.8
164.58,,1.8
164.59,,1.8
164.6,,1.8
164.61,,1.8
164.62,,1.8
164.63,,1.8
164.64,,1.8
164.65,,1.8
164.66,,1.8
164.67,,1.8
164.68,,1.3
164.69,,1.3
164.7,,1.3
164.71,,1.3
164.72,,1.3
164.73,,1.3
164.74,,1.3
164.75,,1.3
164.76,,1.3
164.77,,1.3
164.78,,0
164.79,,0
164.8,,0
164.81,,0
164.82,,0
164.83,,0
164.84,,0
164.85,,0
164.86,,0
164.87,,0
164.88,,0
164.89,,0
164.9,,0
164.91,,0
164.92,,0
164.93,,0
164.94,,0
164.95,,0
164.96,,0
164.97,,0
164.98,,0
164.99,,0
165,,0
165.01,,0
165.02,,0
165.03,,0
165.04,,0
165.05,,0
165.06,,0
165.07,,0
165.08,,0
165.09,,0
165.1,,0
165.11,,0
165.12,,0
165.13,,0
165.14,,0
165.15,,0
165.16,,0
165.17,,0
165.18,,0
165.19,,0
165.2,,0
165.21,,0
165.22,,0
165.23,,0
165.24,,0
165.25,,0
165.26,,0
165.27,,0
165.28,,0
165.29,,0
165.3,,0
165.31,,0
165.32,,0
165.33,,0
165.34,,0
165.35,,0
165.36,,0
165.37,,0
165.38,,0
165.39,,0
165.4,,0
165.41,,0
165.42,,0
165.43,,0
165.44,,0
165.45,,0
165.46,,0
165.47,,0
165.48,,0
165.49,,0
165.5,,0
165.51,,0
165.52,,0
165.53,,0
165.54,,0
165.55,,0
165.56,,0
165.57,,0
165.58,,0
165.59,,0
165.6,,0
165.61,,0
165.62,,0
165.63,,0
165.64,,0
165.65,,0
165.66,,0
165.67,,0
165.68,,0
165.69,,0
165.7,,0
165.71,,0
165.72,,0
165.73,,0
165.74,,0
165.75,,0
165.76,,0
165.77,,0
165.78,,0
165.79,,0
165.8,,0
165.81,,0
165.82,,0
165.83,,0
165.84,,0
165.85,,0
165.86,,0
165.87,,0
165.88,,0
165.89,,0
165.9,,0
165.91,,0
165.92,,0
165.93,,0
165.94,,0
165.95,,0
165.96,,0
165.97,,0
165.98,,0
165.99,,0
166,,0
166.01,,0
166.02,,0
166.03,,0
166.04,,0
166.05,,0
166.06,,0
166.07,,0
166.08,,0
166.09,,0
166.1,,0
166.11,,0
166.12,,0
166.13,,0
166.14,,0
166.15,,0
166.16,,0
166.17,,0
166.18,,0
166.19,,0
166.2,,0
166.21,,0
166.22,,0
166.23,,0
166.24,,0
166.25,,0
166.26,,0
166.27,,0
166.28,,0
166.29,,0
166.3,,0
166.31,,0
166.32,,0
166.33,,0
166.34,,0
166.35,,0
166.36,,0
166.37,,0
166.38,,0
166.39,,0
166.4,,0
166.41,,0
166.42,,0
166.43,,0
166.44,,0
166.45,,0
166.46,,0
166.47,,0
166.48,,0
166.49,,0
166.5,,0
166.51,,0
166.52,,0
166.53,,0
166.54,,0
166.55,,0
166.56,,0
166.57,,0
166.58,,0
166.59,,0
166.6,,0
166.61,,0
166.62,,0
166.63,,0
166.64,,0
166.65,,0
166.66,,0
166.67,,0
166.68,,0
166.69,,0
166.7,,0
166.71,,0
166.72,,0
166.73,,0
166.74,,0
166.75,,0
166.76,,0
166.77,,0
166.78,,0
166.79,,0
166.8,,0
166.81,,0
166.82,,0
166.83,,0
166.84,,0
166.85,,0
166.86,,0
166.87,,0
166.88,,0
166.89,,0
166.9,,0
166.91,,0
166.92,,0
166.93,,0
166.94,,0
166.95,,0
166.96,,0
166.97,,0
166.98,,0
166.99,,0
167,,0
167.01,,0
167.02,,0
167.03,,0
167.04,,0
167.05,,0
167.06,,0
167.07,,0
167.08,,0
167.09,,0
167.1,,0
167.11,,0
167.12,,0
167.13,,0
167.14,,0
167.15,,0
167.16,,0
167.17,,0
167.18,,0
167.19,,0
167.2,,0
167.21,,0
167.22,,0
167.23,,0
167.24,,0
167.25,,0
167.26,,0
167.27,,0
167.28,,0
167.29,,0
167.3,,0
167.31,,0
167.32,,0
167.33,,0
167.34,,0
167.35,,0
167.36,,0
167.37,,0
167.38,,0
167.39,,0
167.4,,0
167.41,,0
167.42,,0
167.43,,0
167.44,,0
167.45,,0
167.46,,0
167.47,,0
167.48,,0
167.49,,0
167.5,,0
167.51,,0
167.52,,0
167.53,,0
167.54,,0
167.55,,0
167.56,,0
167.57,,0
167.58,,0
167.59,,0
167.6,,0
167.61,,0
167.62,,0
167.63,,0
167.64,,0
167.65,,0
167.66,,0
167.67,,0
167.68,,0
167.69,,0
167.7,,0
167.71,,0
167.72,,0
167.73,,0
167.74,,0
167.75,,0
167.76,,0
167.77,,0
167.78,,0
167.79,,0
167.8,,0
167.81,,0
167.82,,0
167.83,,0
167.84,,0
167.85,,0
167.86,,0
167.87,,0
167.88,,0
167.89,,0
167.9,,0
167.91,,0
167.92,,0
167.93,,0
167.94,,0
167.95,,0
167.96,,0
167.97,,0
167.98,,0
167.99,,0
168,,0
168.01,,0
168.02,,0
168.03,,0
168.04,,0
168.05,,0
168.06,,0
168.07,,0
168.08,,0
168.09,,0
168.1,,0
168.11,,0
168.12,,0
168.13,,0
168.14,,0
168.15,,0
168.16,,0
168.17,,0
168.18,,0
168.19,,0
168.2,,0
168.21,,0
168.22,,0
168.23,,0
168.24,,0
168.25,,0
168.26,,0
168.27,,0
168.28,,0
168.29,,0
168.3,,0
168.31,,0
168.32,,0
168.33,,0
168.34,,0
168.35,,0
168.36,,0
168.37,,0
168.38,,0
168.39,,0
168.4,,0
168.41,,0
168.42,,0
168.43,,0
168.44,,0
168.45,,0
168.46,,0
168.47,,0
168.48,,0
168.49,,0
168.5,,0
168.51,,0
168.52,,0
168.53,,0
168.54,,0
168.55,,0
168.56,,0
168.57,,0
168.58,,0
168.59,,0
168.6,,0
168.61,,0
168.62,,0
168.63,,0
168.64,,0
168.65,,0
168.66,,0
168.67,,0
168.68,,0
168.69,,0
168.7,,0
168.71,,0
168.72,,0
168.73,,0
168.74,,0
168.75,,0
168.76,,0
168.77,,0
168.78,,0
168.79,,0
168.8,,0
168.81,,0
168.82,,0
168.83,,0
168.84,,0
168.85,,0
168.86,,0
168.87,,0
168.88,,0
168.89,,0
168.9,,0
168.91,,0
168.92,,0
168.93,,0
168.94,,0
168.95,,0
168.96,,0
168.97,,0
168.98,,0
168.99,,0
169,,0
169.01,,0
169.02,,0
169.03,,0
169.04,,0
169.05,,0
169.06,,0
169.07,,0
169.08,,0
169.09,,0
169.1,,0
169.11,,0
169.12,,0
169.13,,0
169.14,,0
169.15,,0
169.16,,0
169.17,,0
169.18,,3.1
169.19,,3.1
169.2,,3.1
169.21,,3.1
169.22,,3.1
169.23,,3.1
169.24,,3.1
169.25,,3.1
169.26,,3.1
169.27,,3.1
169.28,,5.4
169.29,,5.4
169.3,,5.4
169.31,,5.4
169.32,,5.4
169.33,,5.4
169.34,,5.4
169.35,,5.4
169.36,,5.4
169.37,,5.4
169.38,,9.1
169.39,,9.1
169.4,,9.1
169.41,,9.1
169.42,,9.1
169.43,,9.1
169.44,,9.1
169.45,,9.1
169.46,,9.1
169.47,,9.1
169.48,,12.2
169.49,,12.2
169.5,,12.2
169.51,,12.2
169.52,,12.2
169.53,,12.2
169.54,,12.2
169.55,,12.2
169.56,,12.2
169.57,,12.2
169.58,,13.5
169.59,,13.5
169.6,,13.5
169.61,,13.5
169.62,,13.5
169.63,,13.5
169.64,,13.5
169.65,,13.5
169.66,,13.5
169.67,,13.5
169.68,,13.4
169.69,,13.4
169.7,,13.4
169.71,,13.4
169.72,,13.4
169.73,,13.4
169.74,,13.4
169.75,,13.4
169.76,,13.4
169.77,,13.4
169.78,,2.8
169.79,,2.8
169.8,,2.8
169.81,,2.8
169.82,,2.8
169.83,,2.8
169.84,,2.8
169.85,,2.8
169.86,,2.8
169.87,,2.8
169.88,,0
169.89,,0