,,,,,
,,,,,
,,,,,
,,,,,
0,,,,,0
0,,,,,0.01
0,,,,,0.02
0,,,,,0.03
0,,,,,0.04
0,,,,,0.05
0,,,,,0.06
0,,,,,0.07
0,,,,,0.08
0.1,,,,,0.09
0.2,,,,,0.1
0.3,,,,,0.11
0.4,,,,,0.12
0.6,,,,,0.13
0.7,,,,,0.14
0.8,,,,,0.15
0.9,,,,,0.16
1,,,,,0.17
1.1,,,,,0.18
1.7,,,,,0.19
2.2,,,,,0.2
2.8,,,,,0.21
3.4,,,,,0.22
4,,,,,0.23
4.5,,,,,0.24
5.1,,,,,0.25
5.7,,,,,0.26
6.2,,,,,0.27
6.8,,,,,0.28
7.5,,,,,0.29
8.2,,,,,0.3
9,,,,,0.31
9.7,,,,,0.32
10.4,,,,,0.33
11.1,,,,,0.34
11.8,,,,,0.35
12.6,,,,,0.36
13.3,,,,,0.37
14,,,,,0.38
14.6,,,,,0.39
15.1,,,,,0.4
15.7,,,,,0.41
16.2,,,,,0.42
16.8,,,,,0.43
17.4,,,,,0.44
17.9,,,,,0.45
18.5,,,,,0.46
19,,,,,0.47
19.6,,,,,0.48
19.7,,,,,0.49
19.8,,,,,0.5
19.9,,,,,0.51
20,,,,,0.52
20.2,,,,,0.53
20.3,,,,,0.54
20.4,,,,,0.55
20.5,,,,,0.56
20.6,,,,,0.57
20.7,,,,,0.58
20.2,,,,,0.59
19.8,,,,,0.6
19.3,,,,,0.61
18.8,,,,,0.62
18.4,,,,,0.63
17.9,,,,,0.64
17.4,,,,,0.65
16.9,,,,,0.66
16.5,,,,,0.67
16,,,,,0.68
15.9,,,,,0.69
15.8,,,,,0.7
15.7,,,,,0.71
15.6,,,,,0.72
15.5,,,,,0.73
15.4,,,,,0.74
15.3,,,,,0.75
15.2,,,,,0.76
15.1,,,,,0.77
15,,,,,0.78
14.3,,,,,0.79
13.7,,,,,0.8
13,,,,,0.81
12.4,,,,,0.82
11.7,,,,,0.83
11,,,,,0.84
10.4,,,,,0.85
9.7,,,,,0.86
9.1,,,,,0.87
8.4,,,,,0.88
8,,,,,0.89
7.7,,,,,0.9
7.3,,,,,0.91
7,,,,,0.92
6.6,,,,,0.93
6.2,,,,,0.94
5.9,,,,,0.95
5.5,,,,,0.96
5.2,,,,,0.97
4.8,,,,,0.98
4.8,,,,,0.99
4.9,,,,,1
4.9,,,,,1.01
5,,,,,1.02
5,,,,,1.03
5,,,,,1.04
5.1,,,,,1.05
5.1,,,,,1.06
5.2,,,,,1.07
5.2,,,,,1.08
5.2,,,,,1.09
5.2,,,,,1.1
5.2,,,,,1.11
5.2,,,,,1.12
5.2,,,,,1.13
5.2,,,,,1.14
5.2,,,,,1.15
5.2,,,,,1.16
5.2,,,,,1.17
5.2,,,,,1.18
5.2,,,,,1.19
5.2,,,,,1.2
5.2,,,,,1.21
5.2,,,,,1.22
5.2,,,,,1.23
5.2,,,,,1.24
5.2,,,,,1.25
5.2,,,,,1.26
5.2,,,,,1.27
5.2,,,,,1.28
5.2,,,,,1.29
5.2,,,,,1.3
5.3,,,,,1.31
5.3,,,,,1.32
5.3,,,,,1.33
5.3,,,,,1.34
5.3,,,,,1.35
5.4,,,,,1.36
5.4,,,,,1.37
5.4,,,,,1.38
5.4,,,,,1.39
5.4,,,,,1.4
5.3,,,,,1.41
5.3,,,,,1.42
5.3,,,,,1.43
5.3,,,,,1.44
5.3,,,,,1.45
5.2,,,,,1.46
5.2,,,,,1.47
5.2,,,,,1.48
5.2,,,,,1.49
5.2,,,,,1.5
5.2,,,,,1.51
5.2,,,,,1.52
5.2,,,,,1.53
5.1,,,,,1.54
5.1,,,,,1.55
5.1,,,,,1.56
5.1,,,,,1.57
5.1,,,,,1.58
5.1,,,,,1.59
5.1,,,,,1.6
5.1,,,,,1.61
5.1,,,,,1.62
5.2,,,,,1.63
5.2,,,,,1.64
5.2,,,,,1.65
5.2,,,,,1.66
5.2,,,,,1.67
5.2,,,,,1.68
5.3,,,,,1.69
5.4,,,,,1.7
5.4,,,,,1.71
5.5,,,,,1.72
5.6,,,,,1.73
5.7,,,,,1.74
5.8,,,,,1.75
5.8,,,,,1.76
5.9,,,,,1.77
6,,,,,1.78
6,,,,,1.79
6,,,,,1.8
6,,,,,1.81
6,,,,,1.82
6,,,,,1.83
5.9,,,,,1.84
5.9,,,,,1.85
5.9,,,,,1.86
5.9,,,,,1.87
5.9,,,,,1.88
6.1,,,,,1.89
6.3,,,,,1.9
6.6,,,,,1.91
6.8,,,,,1.92
7,,,,,1.93
7.2,,,,,1.94
7.4,,,,,1.95
7.7,,,,,1.96
7.9,,,,,1.97
8.1,,,,,1.98
8,,,,,1.99
8,,,,,2
7.9,,,,,2.01
7.9,,,,,2.02
7.8,,,,,2.03
7.7,,,,,2.04
7.7,,,,,2.05
7.6,,,,,2.06
7.6,,,,,2.07
7.5,,,,,2.08
7.8,,,,,2.09
8.2,,,,,2.1
8.5,,,,,2.11
8.9,,,,,2.12
9.2,,,,,2.13
9.5,,,,,2.14
9.9,,,,,2.15
10.2,,,,,2.16
10.6,,,,,2.17
10.9,,,,,2.18
11,,,,,2.19
11.2,,,,,2.2
11.3,,,,,2.21
11.5,,,,,2.22
11.6,,,,,2.23
11.7,,,,,2.24
11.9,,,,,2.25
12,,,,,2.26
12.2,,,,,2.27
12.3,,,,,2.28
12.6,,,,,2.29
12.8,,,,,2.3
13.1,,,,,2.31
13.4,,,,,2.32
13.7,,,,,2.33
13.9,,,,,2.34
14.2,,,,,2.35
14.5,,,,,2.36
14.7,,,,,2.37
15,,,,,2.38
15.4,,,,,2.39
15.8,,,,,2.4
16.2,,,,,2.41
16.6,,,,,2.42
17,,,,,2.43
17.4,,,,,2.44
17.8,,,,,2.45
18.2,,,,,2.46
18.6,,,,,2.47
19,,,,,2.48
19.1,,,,,2.49
19.2,,,,,2.5
19.3,,,,,2.51
19.4,,,,,2.52
19.6,,,,,2.53
19.7,,,,,2.54
19.8,,,,,2.55
19.9,,,,,2.56
20,,,,,2.57
20.1,,,,,2.58
20.1,,,,,2.59
20.1,,,,,2.6
20.2,,,,,2.61
20.2,,,,,2.62
20.2,,,,,2.63
20.2,,,,,2.64
20.2,,,,,2.65
20.3,,,,,2.66
20.3,,,,,2.67
20.3,,,,,2.68
20.6,,,,,2.69
20.9,,,,,2.7
21.2,,,,,2.71
21.5,,,,,2.72
21.9,,,,,2.73
22.2,,,,,2.74
22.5,,,,,2.75
22.8,,,,,2.76
23.1,,,,,2.77
23.4,,,,,2.78
23.5,,,,,2.79
23.7,,,,,2.8
23.8,,,,,2.81
24,,,,,2.82
24.1,,,,,2.83
24.2,,,,,2.84
24.4,,,,,2.85
24.5,,,,,2.86
24.7,,,,,2.87
24.8,,,,,2.88
25.1,,,,,2.89
25.3,,,,,2.9
25.6,,,,,2.91
25.8,,,,,2.92
26.1,,,,,2.93
26.4,,,,,2.94
26.6,,,,,2.95
26.9,,,,,2.96
27.1,,,,,2.97
27.4,,,,,2.98
27.4,,,,,2.99
27.4,,,,,3
27.4,,,,,3.01
27.4,,,,,3.02
27.4,,,,,3.03
27.4,,,,,3.04
27.4,,,,,3.05
27.4,,,,,3.06
27.4,,,,,3.07
27.4,,,,,3.08
27.4,,,,,3.09
27.4,,,,,3.1
27.3,,,,,3.11
27.3,,,,,3.12
27.3,,,,,3.13
27.3,,,,,3.14
27.3,,,,,3.15
27.2,,,,,3.16
27.2,,,,,3.17
27.2,,,,,3.18
27.2,,,,,3.19
27.1,,,,,3.2
27.1,,,,,3.21
27.1,,,,,3.22
27.1,,,,,3.23
27,,,,,3.24
27,,,,,3.25
27,,,,,3.26
26.9,,,,,3.27
26.9,,,,,3.28
26.9,,,,,3.29
26.9,,,,,3.3
26.9,,,,,3.31
26.9,,,,,3.32
26.9,,,,,3.33
26.8,,,,,3.34
26.8,,,,,3.35
26.8,,,,,3.36
26.8,,,,,3.37
26.8,,,,,3.38
27,,,,,3.39
27.1,,,,,3.4
27.3,,,,,3.41
27.4,,,,,3.42
27.6,,,,,3.43
27.8,,,,,3.44
27.9,,,,,3.45
28.1,,,,,3.46
28.2,,,,,3.47
28.4,,,,,3.48
28.7,,,,,3.49
29,,,,,3.5
29.3,,,,,3.51
29.6,,,,,3.52
29.9,,,,,3.53
30.1,,,,,3.54
30.4,,,,,3.55
30.7,,,,,3.56
31,,,,,3.57
31.3,,,,,3.58
31.3,,,,,3.59
31.3,,,,,3.6
31.3,,,,,3.61
31.3,,,,,3.62
31.3,,,,,3.63
31.3,,,,,3.64
31.3,,,,,3.65
31.3,,,,,3.66
31.3,,,,,3.67
31.3,,,,,3.68
31.4,,,,,3.69
31.6,,,,,3.7
31.7,,,,,3.71
31.8,,,,,3.72
32,,,,,3.73
32.1,,,,,3.74
32.2,,,,,3.75
32.3,,,,,3.76
32.5,,,,,3.77
32.6,,,,,3.78
32.6,,,,,3.79
32.7,,,,,3.8
32.7,,,,,3.81
32.8,,,,,3.82
32.8,,,,,3.83
32.8,,,,,3.84
32.9,,,,,3.85
32.9,,,,,3.86
33,,,,,3.87
33,,,,,3.88
33,,,,,3.89
32.9,,,,,3.9
32.9,,,,,3.91
32.8,,,,,3.92
32.8,,,,,3.93
32.8,,,,,3.94
32.7,,,,,3.95
32.7,,,,,3.96
32.6,,,,,3.97
32.6,,,,,3.98
32.8,,,,,3.99
33,,,,,4
33.2,,,,,4.01
33.4,,,,,4.02
33.6,,,,,4.03
33.8,,,,,4.04
34,,,,,4.05
34.2,,,,,4.06
34.4,,,,,4.07
34.6,,,,,4.08
35.2,,,,,4.09
35.8,,,,,4.1
36.5,,,,,4.11
37.1,,,,,4.12
37.7,,,,,4.13
38.3,,,,,4.14
38.9,,,,,4.15
39.6,,,,,4.16
40.2,,,,,4.17
40.8,,,,,4.18
40.8,,,,,4.19
40.8,,,,,4.2
40.8,,,,,4.21
40.8,,,,,4.22
40.8,,,,,4.23
40.8,,,,,4.24
40.8,,,,,4.25
40.8,,,,,4.26
40.8,,,,,4.27
40.8,,,,,4.28
40.6,,,,,4.29
40.3,,,,,4.3
40.1,,,,,4.31
39.8,,,,,4.32
39.6,,,,,4.33
39.4,,,,,4.34
39.1,,,,,4.35
38.9,,,,,4.36
38.6,,,,,4.37
38.4,,,,,4.38
38.4,,,,,4.39
38.5,,,,,4.4
38.5,,,,,4.41
38.5,,,,,4.42
38.6,,,,,4.43
38.6,,,,,4.44
38.6,,,,,4.45
38.6,,,,,4.46
38.7,,,,,4.47
38.7,,,,,4.48
38.7,,,,,4.49
38.7,,,,,4.5
38.7,,,,,4.51
38.7,,,,,4.52
38.7,,,,,4.53
38.7,,,,,4.54
38.7,,,,,4.55
38.7,,,,,4.56
38.7,,,,,4.57
38.7,,,,,4.58
38.6,,,,,4.59
38.6,,,,,4.6
38.5,,,,,4.61
38.5,,,,,4.62
38.4,,,,,4.63
38.3,,,,,4.64
38.3,,,,,4.65
38.2,,,,,4.66
38.2,,,,,4.67
38.1,,,,,4.68
38.1,,,,,4.69
38.1,,,,,4.7
38.2,,,,,4.71
38.2,,,,,4.72
38.2,,,,,4.73
38.2,,,,,4.74
38.2,,,,,4.75
38.3,,,,,4.76
38.3,,,,,4.77
38.3,,,,,4.78
38.4,,,,,4.79
38.4,,,,,4.8
38.5,,,,,4.81
38.6,,,,,4.82
38.7,,,,,4.83
38.7,,,,,4.84
38.8,,,,,4.85
38.9,,,,,4.86
38.9,,,,,4.87
39,,,,,4.88
39.4,,,,,4.89
39.8,,,,,4.9
40.2,,,,,4.91
40.6,,,,,4.92
41,,,,,4.93
41.4,,,,,4.94
41.8,,,,,4.95
42.2,,,,,4.96
42.6,,,,,4.97
43,,,,,4.98
43.1,,,,,4.99
43.2,,,,,5
43.3,,,,,5.01
43.4,,,,,5.02
43.5,,,,,5.03
43.6,,,,,5.04
43.7,,,,,5.05
43.8,,,,,5.06
43.9,,,,,5.07
44,,,,,5.08
44,,,,,5.09
43.9,,,,,5.1
43.9,,,,,5.11
43.9,,,,,5.12
43.9,,,,,5.13
43.8,,,,,5.14
43.8,,,,,5.15
43.8,,,,,5.16
43.7,,,,,5.17
43.7,,,,,5.18
43.8,,,,,5.19
43.9,,,,,5.2
44.1,,,,,5.21
44.2,,,,,5.22
44.3,,,,,5.23
44.4,,,,,5.24
44.5,,,,,5.25
44.7,,,,,5.26
44.8,,,,,5.27
44.9,,,,,5.28
45.1,,,,,5.29
45.4,,,,,5.3
45.6,,,,,5.31
45.8,,,,,5.32
46.1,,,,,5.33
46.3,,,,,5.34
46.5,,,,,5.35
46.7,,,,,5.36
47,,,,,5.37
47.2,,,,,5.38
48.5,,,,,5.39
49.8,,,,,5.4
51.2,,,,,5.41
52.5,,,,,5.42
53.8,,,,,5.43
55.1,,,,,5.44
56.4,,,,,5.45
57.8,,,,,5.46
59.1,,,,,5.47
60.4,,,,,5.48
61.2,,,,,5.49
62.1,,,,,5.5
62.9,,,,,5.51
63.7,,,,,5.52
64.6,,,,,5.53
65.4,,,,,5.54
66.2,,,,,5.55
67,,,,,5.56
67.9,,,,,5.57
68.7,,,,,5.58
69.6,,,,,5.59
70.6,,,,,5.6
71.5,,,,,5.61
72.5,,,,,5.62
73.4,,,,,5.63
74.3,,,,,5.64
75.3,,,,,5.65
76.2,,,,,5.66
77.2,,,,,5.67
78.1,,,,,5.68
73,,,,,5.69
67.8,,,,,5.7
62.7,,,,,5.71
57.5,,,,,5.72
52.4,,,,,5.73
47.2,,,,,5.74
42.1,,,,,5.75
36.9,,,,,5.76
31.7,,,,,5.77
26.6,,,,,5.78
23.9,,,,,5.79
21.3,,,,,5.8
18.6,,,,,5.81
16,,,,,5.82
13.3,,,,,5.83
10.6,,,,,5.84
8,,,,,5.85
5.3,,,,,5.86
2.7,,,,,5.87
0,,,,,5.88
0,,,,,5.89
0,,,,,5.9
0,,,,,5.91
0,,,,,5.92
0,,,,,5.93
0,,,,,5.94
0,,,,,5.95
0,,,,,5.96
0,,,,,5.97
0,,,,,5.98
0,,,,,5.99
0,,,,,6
0,,,,,6.01
0,,,,,6.02
0,,,,,6.03
0,,,,,6.04
0,,,,,6.05
0,,,,,6.06
0,,,,,6.07
0,,,,,6.08
0,,,,,6.09
0,,,,,6.1
0,,,,,6.11
0,,,,,6.12
0,,,,,6.13
0,,,,,6.14
0,,,,,6.15
0,,,,,6.16
0,,,,,6.17
0,,,,,6.18
0,,,,,6.19
0,,,,,6.2
0,,,,,6.21
0,,,,,6.22
0,,,,,6.23
0,,,,,6.24
0,,,,,6.25
0,,,,,6.26
0,,,,,6.27
0,,,,,6.28
0,,,,,6.29
0,,,,,6.3
0,,,,,6.31
0,,,,,6.32
0,,,,,6.33
0,,,,,6.34
0,,,,,6.35
0,,,,,6.36
0,,,,,6.37
0,,,,,6.38
0,,,,,6.39
0,,,,,6.4
0,,,,,6.41
0,,,,,6.42
0,,,,,6.43
0,,,,,6.44
0,,,,,6.45
0,,,,,6.46
0,,,,,6.47
0,,,,,6.48
0,,,,,6.49
0,,,,,6.5
0,,,,,6.51
0,,,,,6.52
0,,,,,6.53
0,,,,,6.54
0,,,,,6.55
0,,,,,6.56
0,,,,,6.57
0,,,,,6.58
0,,,,,6.59
0,,,,,6.6
0,,,,,6.61
0,,,,,6.62
0,,,,,6.63
0,,,,,6.64
0,,,,,6.65
0,,,,,6.66
0,,,,,6.67
0,,,,,6.68
0,,,,,6.69
0,,,,,6.7
0,,,,,6.71
0,,,,,6.72
0,,,,,6.73
0,,,,,6.74
0,,,,,6.75
0,,,,,6.76
0,,,,,6.77
0,,,,,6.78
0,,,,,6.79
0,,,,,6.8
0,,,,,6.81
0,,,,,6.82
0,,,,,6.83
0,,,,,6.84
0,,,,,6.85
0,,,,,6.86
0,,,,,6.87
0,,,,,6.88
0,,,,,6.89
0,,,,,6.9
0,,,,,6.91
0,,,,,6.92
0,,,,,6.93
0,,,,,6.94
0,,,,,6.95
0,,,,,6.96
0,,,,,6.97
0,,,,,6.98
0,,,,,6.99
0,,,,,7
0,,,,,7.01
0,,,,,7.02
0,,,,,7.03
0,,,,,7.04
0,,,,,7.05
0,,,,,7.06
0,,,,,7.07
0,,,,,7.08
0,,,,,7.09
0,,,,,7.1
0,,,,,7.11
0,,,,,7.12
0,,,,,7.13
0,,,,,7.14
0,,,,,7.15
0,,,,,7.16
0,,,,,7.17
0,,,,,7.18
0,,,,,7.19
0,,,,,7.2
0,,,,,7.21
0,,,,,7.22
0,,,,,7.23
0,,,,,7.24
0,,,,,7.25
0,,,,,7.26
0,,,,,7.27
0,,,,,7.28
0,,,,,7.29
0,,,,,7.3
0,,,,,7.31
0,,,,,7.32
0,,,,,7.33
0,,,,,7.34
0,,,,,7.35
0,,,,,7.36
0,,,,,7.37
0,,,,,7.38
0,,,,,7.39
0,,,,,7.4
0,,,,,7.41
0,,,,,7.42
0,,,,,7.43
0,,,,,7.44
0,,,,,7.45
0,,,,,7.46
0,,,,,7.47
0,,,,,7.48
0,,,,,7.49
0,,,,,7.5
0,,,,,7.51
0,,,,,7.52
0,,,,,7.53
0,,,,,7.54
0,,,,,7.55
0,,,,,7.56
0,,,,,7.57
0,,,,,7.58
0,,,,,7.59
0.1,,,,,7.6
0.1,,,,,7.61
0.2,,,,,7.62
0.2,,,,,7.63
0.2,,,,,7.64
0.3,,,,,7.65
0.3,,,,,7.66
0.4,,,,,7.67
0.4,,,,,7.68
0.4,,,,,7.69
0.4,,,,,7.7
0.5,,,,,7.71
0.5,,,,,7.72
0.5,,,,,7.73
0.5,,,,,7.74
0.5,,,,,7.75
0.6,,,,,7.76
0.6,,,,,7.77
0.6,,,,,7.78
0.6,,,,,7.79
0.6,,,,,7.8
0.6,,,,,7.81
0.6,,,,,7.82
0.6,,,,,7.83
0.6,,,,,7.84
0.6,,,,,7.85
0.6,,,,,7.86
0.6,,,,,7.87
0.6,,,,,7.88
0.6,,,,,7.89
0.6,,,,,7.9
0.5,,,,,7.91
0.5,,,,,7.92
0.5,,,,,7.93
0.5,,,,,7.94
0.5,,,,,7.95
0.4,,,,,7.96
0.4,,,,,7.97
0.4,,,,,7.98
0.5,,,,,7.99
0.6,,,,,8
0.7,,,,,8.01
0.8,,,,,8.02
0.9,,,,,8.03
1,,,,,8.04
1.1,,,,,8.05
1.2,,,,,8.06
1.3,,,,,8.07
1.4,,,,,8.08
1.6,,,,,8.09
1.7,,,,,8.1
1.9,,,,,8.11
2.1,,,,,8.12
2.2,,,,,8.13
2.4,,,,,8.14
2.6,,,,,8.15
2.8,,,,,8.16
2.9,,,,,8.17
3.1,,,,,8.18
3.2,,,,,8.19
3.3,,,,,8.2
3.3,,,,,8.21
3.4,,,,,8.22
3.5,,,,,8.23
3.6,,,,,8.24
3.7,,,,,8.25
3.7,,,,,8.26
3.8,,,,,8.27
3.9,,,,,8.28
3.9,,,,,8.29
3.8,,,,,8.3
3.8,,,,,8.31
3.8,,,,,8.32
3.8,,,,,8.33
3.7,,,,,8.34
3.7,,,,,8.35
3.7,,,,,8.36
3.6,,,,,8.37
3.6,,,,,8.38
4.1,,,,,8.39
4.6,,,,,8.4
5.1,,,,,8.41
5.6,,,,,8.42
6.1,,,,,8.43
6.6,,,,,8.44
7.1,,,,,8.45
7.6,,,,,8.46
8.1,,,,,8.47
8.6,,,,,8.48
8.7,,,,,8.49
8.9,,,,,8.5
9,,,,,8.51
9.2,,,,,8.52
9.3,,,,,8.53
9.4,,,,,8.54
9.6,,,,,8.55
9.7,,,,,8.56
9.9,,,,,8.57
10,,,,,8.58
10.1,,,,,8.59
10.2,,,,,8.6
10.3,,,,,8.61
10.4,,,,,8.62
10.5,,,,,8.63
10.6,,,,,8.64
10.7,,,,,8.65
10.8,,,,,8.66
10.9,,,,,8.67
11,,,,,8.68
11.3,,,,,8.69
11.6,,,,,8.7
11.9,,,,,8.71
12.2,,,,,8.72
12.4,,,,,8.73
12.7,,,,,8.74
13,,,,,8.75
13.3,,,,,8.76
13.6,,,,,8.77
13.9,,,,,8.78
14.5,,,,,8.79
15,,,,,8.8
15.6,,,,,8.81
16.2,,,,,8.82
16.8,,,,,8.83
17.3,,,,,8.84
17.9,,,,,8.85
18.5,,,,,8.86
19,,,,,8.87
19.6,,,,,8.88
19.7,,,,,8.89
19.8,,,,,8.9
19.9,,,,,8.91
20,,,,,8.92
20.1,,,,,8.93
20.2,,,,,8.94
20.3,,,,,8.95
20.4,,,,,8.96
20.5,,,,,8.97
20.6,,,,,8.98
20.6,,,,,8.99
20.7,,,,,9
20.7,,,,,9.01
20.8,,,,,9.02
20.8,,,,,9.03
20.8,,,,,9.04
20.9,,,,,9.05
20.9,,,,,9.06
21,,,,,9.07
21,,,,,9.08
21.7,,,,,9.09
22.5,,,,,9.1
23.2,,,,,9.11
24,,,,,9.12
24.7,,,,,9.13
25.4,,,,,9.14
26.2,,,,,9.15
26.9,,,,,9.16
27.7,,,,,9.17
28.4,,,,,9.18
28.3,,,,,9.19
28.3,,,,,9.2
28.2,,,,,9.21
28.1,,,,,9.22
28.1,,,,,9.23
28,,,,,9.24
27.9,,,,,9.25
27.8,,,,,9.26
27.8,,,,,9.27
27.7,,,,,9.28
29.2,,,,,9.29
30.8,,,,,9.3
32.3,,,,,9.31
33.9,,,,,9.32
35.4,,,,,9.33
36.9,,,,,9.34
38.5,,,,,9.35
40,,,,,9.36
41.6,,,,,9.37
43.1,,,,,9.38
44.2,,,,,9.39
45.2,,,,,9.4
46.3,,,,,9.41
47.3,,,,,9.42
48.4,,,,,9.43
49.5,,,,,9.44
50.5,,,,,9.45
51.6,,,,,9.46
52.6,,,,,9.47
53.7,,,,,9.48
54.4,,,,,9.49
55.1,,,,,9.5
55.8,,,,,9.51
56.5,,,,,9.52
57.2,,,,,9.53
57.9,,,,,9.54
58.6,,,,,9.55
59.3,,,,,9.56
60,,,,,9.57
60.7,,,,,9.58
61.8,,,,,9.59
62.9,,,,,9.6
64,,,,,9.61
65.1,,,,,9.62
66.2,,,,,9.63
67.4,,,,,9.64
68.5,,,,,9.65
69.6,,,,,9.66
70.7,,,,,9.67
71.8,,,,,9.68
71.8,,,,,9.69
71.8,,,,,9.7
71.8,,,,,9.71
71.8,,,,,9.72
71.8,,,,,9.73
71.8,,,,,9.74
71.8,,,,,9.75
71.8,,,,,9.76
71.8,,,,,9.77
71.8,,,,,9.78
72.4,,,,,9.79
73,,,,,9.8
73.7,,,,,9.81
74.3,,,,,9.82
74.9,,,,,9.83
75.5,,,,,9.84
76.1,,,,,9.85
76.8,,,,,9.86
77.4,,,,,9.87
78,,,,,9.88
78,,,,,9.89
78,,,,,9.9
77.9,,,,,9.91
77.9,,,,,9.92
77.9,,,,,9.93
77.9,,,,,9.94
77.9,,,,,9.95
77.8,,,,,9.96
77.8,,,,,9.97
77.8,,,,,9.98
78,,,,,9.99
78.2,,,,,10
78.4,,,,,10.01
78.6,,,,,10.02
78.9,,,,,10.03
79.1,,,,,10.04
79.3,,,,,10.05
79.5,,,,,10.06
79.7,,,,,10.07
79.9,,,,,10.08
81,,,,,10.09
82,,,,,10.1
83.1,,,,,10.11
84.1,,,,,10.12
85.2,,,,,10.13
86.3,,,,,10.14
87.3,,,,,10.15
88.4,,,,,10.16
89.4,,,,,10.17
90.5,,,,,10.18
90.6,,,,,10.19
90.6,,,,,10.2
90.7,,,,,10.21
90.7,,,,,10.22
90.8,,,,,10.23
90.9,,,,,10.24
90.9,,,,,10.25
91,,,,,10.26
91,,,,,10.27
91.1,,,,,10.28
91.2,,,,,10.29
91.3,,,,,10.3
91.3,,,,,10.31
91.4,,,,,10.32
91.5,,,,,10.33
91.6,,,,,10.34
91.7,,,,,10.35
91.7,,,,,10.36
91.8,,,,,10.37
91.9,,,,,10.38
91.9,,,,,10.39
91.8,,,,,10.4
91.8,,,,,10.41
91.8,,,,,10.42
91.8,,,,,10.43
91.7,,,,,10.44
91.7,,,,,10.45
91.7,,,,,10.46
91.6,,,,,10.47
91.6,,,,,10.48
91.7,,,,,10.49
91.8,,,,,10.5
91.8,,,,,10.51
91.9,,,,,10.52
92,,,,,10.53
92.1,,,,,10.54
92.2,,,,,10.55
92.2,,,,,10.56
92.3,,,,,10.57
92.4,,,,,10.58
92.5,,,,,10.59
92.5,,,,,10.6
92.6,,,,,10.61
92.7,,,,,10.62
92.8,,,,,10.63
92.8,,,,,10.64
92.9,,,,,10.65
93,,,,,10.66
93,,,,,10.67
93.1,,,,,10.68
92.8,,,,,10.69
92.6,,,,,10.7
92.3,,,,,10.71
92.1,,,,,10.72
91.8,,,,,10.73
91.5,,,,,10.74
91.3,,,,,10.75
91,,,,,10.76
90.8,,,,,10.77
90.5,,,,,10.78
90.6,,,,,10.79
90.7,,,,,10.8
90.7,,,,,10.81
90.8,,,,,10.82
90.9,,,,,10.83
91,,,,,10.84
91.1,,,,,10.85
91.1,,,,,10.86
91.2,,,,,10.87
91.3,,,,,10.88
91.7,,,,,10.89
92.1,,,,,10.9
92.4,,,,,10.91
92.8,,,,,10.92
93.2,,,,,10.93
93.6,,,,,10.94
94,,,,,10.95
94.3,,,,,10.96
94.7,,,,,10.97
95.1,,,,,10.98
95.2,,,,,10.99
95.4,,,,,11
95.5,,,,,11.01
95.7,,,,,11.02
95.8,,,,,11.03
95.9,,,,,11.04
96.1,,,,,11.05
96.2,,,,,11.06
96.4,,,,,11.07
96.5,,,,,11.08
96.5,,,,,11.09
96.6,,,,,11.1
96.6,,,,,11.11
96.6,,,,,11.12
96.7,,,,,11.13
96.7,,,,,11.14
96.7,,,,,11.15
96.7,,,,,11.16
96.8,,,,,11.17
96.8,,,,,11.18
96.8,,,,,11.19
96.9,,,,,11.2
96.9,,,,,11.21
96.9,,,,,11.22
97,,,,,11.23
97,,,,,11.24
97,,,,,11.25
97,,,,,11.26
97.1,,,,,11.27
97.1,,,,,11.28
97.1,,,,,11.29
97.1,,,,,11.3
97.1,,,,,11.31
97.1,,,,,11.32
97.1,,,,,11.33
97.1,,,,,11.34
97.1,,,,,11.35
97.1,,,,,11.36
97.1,,,,,11.37
97.1,,,,,11.38
97.1,,,,,11.39
97.1,,,,,11.4
97,,,,,11.41
97,,,,,11.42
97,,,,,11.43
97,,,,,11.44
97,,,,,11.45
96.9,,,,,11.46
96.9,,,,,11.47
96.9,,,,,11.48
96.9,,,,,11.49
96.9,,,,,11.5
96.9,,,,,11.51
96.9,,,,,11.52
96.9,,,,,11.53
96.8,,,,,11.54
96.8,,,,,11.55
96.8,,,,,11.56
96.8,,,,,11.57
96.8,,,,,11.58
96.6,,,,,11.59
96.3,,,,,11.6
96.1,,,,,11.61
95.9,,,,,11.62
95.7,,,,,11.63
95.4,,,,,11.64
95.2,,,,,11.65
95,,,,,11.66
94.7,,,,,11.67
94.5,,,,,11.68
94.3,,,,,11.69
94.1,,,,,11.7
93.8,,,,,11.71
93.6,,,,,11.72
93.4,,,,,11.73
93.2,,,,,11.74
93,,,,,11.75
92.7,,,,,11.76
92.5,,,,,11.77
92.3,,,,,11.78
87.8,,,,,11.79
83.3,,,,,11.8
78.8,,,,,11.81
74.3,,,,,11.82
69.9,,,,,11.83
65.4,,,,,11.84
60.9,,,,,11.85
56.4,,,,,11.86
51.9,,,,,11.87
47.4,,,,,11.88
42.7,,,,,11.89
37.9,,,,,11.9
33.2,,,,,11.91
28.4,,,,,11.92
23.7,,,,,11.93
19,,,,,11.94
14.2,,,,,11.95
9.5,,,,,11.96
4.7,,,,,11.97
0,,,,,11.98
0,,,,,11.99
0,,,,,12
0,,,,,12.01
0,,,,,12.02
0,,,,,12.03
0,,,,,12.04
0,,,,,12.05
0,,,,,12.06
0,,,,,12.07
0,,,,,12.08
0,,,,,12.09
0,,,,,12.1
0,,,,,12.11
0,,,,,12.12
0,,,,,12.13
0,,,,,12.14
0,,,,,12.15
0,,,,,12.16
0,,,,,12.17
0,,,,,12.18
0,,,,,12.19
0,,,,,12.2
0,,,,,12.21
0,,,,,12.22
0,,,,,12.23
0,,,,,12.24
0,,,,,12.25
0,,,,,12.26
0,,,,,12.27
0,,,,,12.28
0,,,,,12.29
0,,,,,12.3
0,,,,,12.31
0,,,,,12.32
0,,,,,12.33
0,,,,,12.34
0,,,,,12.35
0,,,,,12.36
0,,,,,12.37
0,,,,,12.38
0,,,,,12.39
0,,,,,12.4
0,,,,,12.41
0,,,,,12.42
0,,,,,12.43
0,,,,,12.44
0,,,,,12.45
0,,,,,12.46
0,,,,,12.47
0,,,,,12.48
0,,,,,12.49
0,,,,,12.5
0,,,,,12.51
0,,,,,12.52
0,,,,,12.53
0,,,,,12.54
0,,,,,12.55
0,,,,,12.56
0,,,,,12.57
0,,,,,12.58
0,,,,,12.59
0,,,,,12.6
0,,,,,12.61
0,,,,,12.62
0,,,,,12.63
0,,,,,12.64
0,,,,,12.65
0,,,,,12.66
0,,,,,12.67
0,,,,,12.68
0,,,,,12.69
0,,,,,12.7
0,,,,,12.71
0,,,,,12.72
0,,,,,12.73
0,,,,,12.74
0,,,,,12.75
0,,,,,12.76
0,,,,,12.77
0,,,,,12.78
0,,,,,12.79
0,,,,,12.8
0,,,,,12.81
0,,,,,12.82
0,,,,,12.83
0,,,,,12.84
0,,,,,12.85
0,,,,,12.86
0,,,,,12.87
0,,,,,12.88
0,,,,,12.89
0,,,,,12.9
0,,,,,12.91
0,,,,,12.92
0,,,,,12.93
0,,,,,12.94
0,,,,,12.95
0,,,,,12.96
0,,,,,12.97
0,,,,,12.98
0,,,,,12.99
0,,,,,13
0,,,,,13.01
0,,,,,13.02
0,,,,,13.03
0,,,,,13.04
0,,,,,13.05
0,,,,,13.06
0,,,,,13.07
0,,,,,13.08
0,,,,,13.09
0,,,,,13.1
0,,,,,13.11
0,,,,,13.12
0,,,,,13.13
0,,,,,13.14
0,,,,,13.15
0,,,,,13.16
0,,,,,13.17
0,,,,,13.18
0,,,,,13.19
0,,,,,13.2
0,,,,,13.21
0,,,,,13.22
0,,,,,13.23
0,,,,,13.24
0,,,,,13.25
0,,,,,13.26
0,,,,,13.27
0,,,,,13.28
0,,,,,13.29
0,,,,,13.3
0,,,,,13.31
0,,,,,13.32
0,,,,,13.33
0,,,,,13.34
0,,,,,13.35
0,,,,,13.36
0,,,,,13.37
0,,,,,13.38
0.1,,,,,13.39
0.3,,,,,13.4
0.4,,,,,13.41
0.6,,,,,13.42
0.7,,,,,13.43
0.8,,,,,13.44
1,,,,,13.45
1.1,,,,,13.46
1.3,,,,,13.47
1.4,,,,,13.48
1.8,,,,,13.49
2.2,,,,,13.5
2.6,,,,,13.51
3,,,,,13.52
3.5,,,,,13.53
3.9,,,,,13.54
4.3,,,,,13.55
4.7,,,,,13.56
5.1,,,,,13.57
5.5,,,,,13.58
5.5,,,,,13.59
5.5,,,,,13.6
5.6,,,,,13.61
5.6,,,,,13.62
5.6,,,,,13.63
5.6,,,,,13.64
5.6,,,,,13.65
5.7,,,,,13.66
5.7,,,,,13.67
5.7,,,,,13.68
5.1,,,,,13.69
4.6,,,,,13.7
4,,,,,13.71
3.4,,,,,13.72
2.9,,,,,13.73
2.3,,,,,13.74
1.7,,,,,13.75
1.1,,,,,13.76
0.6,,,,,13.77
0,,,,,13.78
0,,,,,13.79
0,,,,,13.8
0,,,,,13.81
0,,,,,13.82
0,,,,,13.83
0,,,,,13.84
0,,,,,13.85
0,,,,,13.86
0,,,,,13.87
0,,,,,13.88
0,,,,,13.89
0,,,,,13.9
0,,,,,13.91
0,,,,,13.92
0,,,,,13.93
0,,,,,13.94
0,,,,,13.95
0,,,,,13.96
0,,,,,13.97
0,,,,,13.98
0,,,,,13.99
0,,,,,14
0,,,,,14.01
0,,,,,14.02
0,,,,,14.03
0,,,,,14.04
0,,,,,14.05
0,,,,,14.06
0,,,,,14.07
0,,,,,14.08
0,,,,,14.09
0,,,,,14.1
0,,,,,14.11
0,,,,,14.12
0,,,,,14.13
0,,,,,14.14
0,,,,,14.15
0,,,,,14.16
0,,,,,14.17
0,,,,,14.18
0.2,,,,,14.19
0.5,,,,,14.2
0.7,,,,,14.21
1,,,,,14.22
1.2,,,,,14.23
1.4,,,,,14.24
1.7,,,,,14.25
1.9,,,,,14.26
2.2,,,,,14.27
2.4,,,,,14.28
2.5,,,,,14.29
2.5,,,,,14.3
2.6,,,,,14.31
2.6,,,,,14.32
2.7,,,,,14.33
2.8,,,,,14.34
2.8,,,,,14.35
2.9,,,,,14.36
2.9,,,,,14.37
3,,,,,14.38
2.8,,,,,14.39
2.6,,,,,14.4
2.4,,,,,14.41
2.2,,,,,14.42
2,,,,,14.43
1.9,,,,,14.44
1.7,,,,,14.45
1.5,,,,,14.46
1.3,,,,,14.47
1.1,,,,,14.48
1.3,,,,,14.49
1.6,,,,,14.5
1.8,,,,,14.51
2,,,,,14.52
2.2,,,,,14.53
2.5,,,,,14.54
2.7,,,,,14.55
2.9,,,,,14.56
3.2,,,,,14.57
3.4,,,,,14.58
3.7,,,,,14.59
4.1,,,,,14.6
4.5,,,,,14.61
4.8,,,,,14.62
5.2,,,,,14.63
5.5,,,,,14.64
5.9,,,,,14.65
6.2,,,,,14.66
6.6,,,,,14.67
6.9,,,,,14.68
7.1,,,,,14.69
7.3,,,,,14.7
7.4,,,,,14.71
7.6,,,,,14.72
7.8,,,,,14.73
8,,,,,14.74
8.2,,,,,14.75
8.3,,,,,14.76
8.5,,,,,14.77
8.7,,,,,14.78
8,,,,,14.79
7.4,,,,,14.8
6.8,,,,,14.81
6.1,,,,,14.82
5.5,,,,,14.83
4.8,,,,,14.84
4.2,,,,,14.85
3.5,,,,,14.86
2.8,,,,,14.87
2.2,,,,,14.88
2.1,,,,,14.89
2,,,,,14.9
2,,,,,14.91
1.9,,,,,14.92
1.8,,,,,14.93
1.7,,,,,14.94
1.6,,,,,14.95
1.6,,,,,14.96
1.5,,,,,14.97
1.4,,,,,14.98
1.4,,,,,14.99
1.5,,,,,15
1.5,,,,,15.01
1.6,,,,,15.02
1.6,,,,,15.03
1.6,,,,,15.04
1.7,,,,,15.05
1.7,,,,,15.06
1.8,,,,,15.07
1.8,,,,,15.08
1.9,,,,,15.09
1.9,,,,,15.1
2,,,,,15.11
2,,,,,15.12
2.1,,,,,15.13
2.2,,,,,15.14
2.2,,,,,15.15
2.3,,,,,15.16
2.3,,,,,15.17
2.4,,,,,15.18
2.6,,,,,15.19
2.8,,,,,15.2
3.1,,,,,15.21
3.3,,,,,15.22
3.5,,,,,15.23
3.7,,,,,15.24
3.9,,,,,15.25
4.2,,,,,15.26
4.4,,,,,15.27
4.6,,,,,15.28
4.7,,,,,15.29
4.8,,,,,15.3
4.9,,,,,15.31
5,,,,,15.32
5.2,,,,,15.33
5.3,,,,,15.34
5.4,,,,,15.35
5.5,,,,,15.36
5.6,,,,,15.37
5.7,,,,,15.38
5.4,,,,,15.39
5.1,,,,,15.4
4.8,,,,,15.41
4.5,,,,,15.42
4.2,,,,,15.43
4,,,,,15.44
3.7,,,,,15.45
3.4,,,,,15.46
3.1,,,,,15.47
2.8,,,,,15.48
3.1,,,,,15.49
3.4,,,,,15.5
3.7,,,,,15.51
4,,,,,15.52
4.2,,,,,15.53
4.5,,,,,15.54
4.8,,,,,15.55
5.1,,,,,15.56
5.4,,,,,15.57
5.7,,,,,15.58
5.7,,,,,15.59
5.8,,,,,15.6
5.8,,,,,15.61
5.8,,,,,15.62
5.8,,,,,15.63
5.9,,,,,15.64
5.9,,,,,15.65
5.9,,,,,15.66
6,,,,,15.67
6,,,,,15.68
6,,,,,15.69
6,,,,,15.7
6,,,,,15.71
6,,,,,15.72
6,,,,,15.73
6,,,,,15.74
6,,,,,15.75
6,,,,,15.76
6,,,,,15.77
6,,,,,15.78
6.4,,,,,15.79
6.9,,,,,15.8
7.3,,,,,15.81
7.8,,,,,15.82
8.2,,,,,15.83
8.6,,,,,15.84
9.1,,,,,15.85
9.5,,,,,15.86
10,,,,,15.87
10.4,,,,,15.88
10.7,,,,,15.89
11.1,,,,,15.9
11.4,,,,,15.91
11.7,,,,,15.92
12.1,,,,,15.93
12.4,,,,,15.94
12.7,,,,,15.95
13,,,,,15.96
13.4,,,,,15.97
13.7,,,,,15.98
13.7,,,,,15.99
13.8,,,,,16
13.9,,,,,16.01
13.9,,,,,16.02
14,,,,,16.03
14,,,,,16.04
14.1,,,,,16.05
14.1,,,,,16.06
14.1,,,,,16.07
14.2,,,,,16.08
14.4,,,,,16.09
14.6,,,,,16.1
14.7,,,,,16.11
14.9,,,,,16.12
15.1,,,,,16.13
15.3,,,,,16.14
15.5,,,,,16.15
15.6,,,,,16.16
15.8,,,,,16.17
16,,,,,16.18
15.6,,,,,16.19
15.2,,,,,16.2
14.7,,,,,16.21
14.3,,,,,16.22
13.9,,,,,16.23
13.5,,,,,16.24
13.1,,,,,16.25
12.6,,,,,16.26
12.2,,,,,16.27
11.8,,,,,16.28
11.9,,,,,16.29
11.9,,,,,16.3
11.9,,,,,16.31
12,,,,,16.32
12.1,,,,,16.33
12.1,,,,,16.34
12.1,,,,,16.35
12.2,,,,,16.36
12.3,,,,,16.37
12.3,,,,,16.38
12.8,,,,,16.39
13.4,,,,,16.4
13.9,,,,,16.41
14.4,,,,,16.42
15,,,,,16.43
15.5,,,,,16.44
16,,,,,16.45
16.5,,,,,16.46
17.1,,,,,16.47
17.6,,,,,16.48
17.5,,,,,16.49
17.4,,,,,16.5
17.3,,,,,16.51
17.2,,,,,16.52
17.1,,,,,16.53
17,,,,,16.54
16.9,,,,,16.55
16.8,,,,,16.56
16.7,,,,,16.57
16.6,,,,,16.58
16.6,,,,,16.59
16.6,,,,,16.6
16.6,,,,,16.61
16.6,,,,,16.62
16.6,,,,,16.63
16.5,,,,,16.64
16.5,,,,,16.65
16.5,,,,,16.66
16.5,,,,,16.67
16.5,,,,,16.68
16.8,,,,,16.69
17,,,,,16.7
17.3,,,,,16.71
17.6,,,,,16.72
17.9,,,,,16.73
18.1,,,,,16.74
18.4,,,,,16.75
18.7,,,,,16.76
18.9,,,,,16.77
19.2,,,,,16.78
19.4,,,,,16.79
19.7,,,,,16.8
19.9,,,,,16.81
20.1,,,,,16.82
20.4,,,,,16.83
20.6,,,,,16.84
20.8,,,,,16.85
21,,,,,16.86
21.3,,,,,16.87
21.5,,,,,16.88
21.6,,,,,16.89
21.7,,,,,16.9
21.8,,,,,16.91
21.9,,,,,16.92
22,,,,,16.93
22,,,,,16.94
22.1,,,,,16.95
22.2,,,,,16.96
22.3,,,,,16.97
22.4,,,,,16.98
22.4,,,,,16.99
22.3,,,,,17
22.3,,,,,17.01
22.3,,,,,17.02
22.2,,,,,17.03
22.2,,,,,17.04
22.2,,,,,17.05
22.2,,,,,17.06
22.1,,,,,17.07
22.1,,,,,17.08
22.3,,,,,17.09
22.5,,,,,17.1
22.7,,,,,17.11
22.9,,,,,17.12
23.1,,,,,17.13
23.2,,,,,17.14
23.4,,,,,17.15
23.6,,,,,17.16
23.8,,,,,17.17
24,,,,,17.18
23.4,,,,,17.19
22.9,,,,,17.2
22.3,,,,,17.21
21.8,,,,,17.22
21.2,,,,,17.23
20.6,,,,,17.24
20.1,,,,,17.25
19.5,,,,,17.26
19,,,,,17.27
18.4,,,,,17.28
18,,,,,17.29
17.6,,,,,17.3
17.2,,,,,17.31
16.8,,,,,17.32
16.5,,,,,17.33
16.1,,,,,17.34
15.7,,,,,17.35
15.3,,,,,17.36
14.9,,,,,17.37
14.5,,,,,17.38
13.7,,,,,17.39
12.8,,,,,17.4
12,,,,,17.41
11.2,,,,,17.42
10.3,,,,,17.43
9.5,,,,,17.44
8.7,,,,,17.45
7.9,,,,,17.46
7,,,,,17.47
6.2,,,,,17.48
5.6,,,,,17.49
5,,,,,17.5
4.3,,,,,17.51
3.7,,,,,17.52
3.1,,,,,17.53
2.5,,,,,17.54
1.9,,,,,17.55
1.2,,,,,17.56
0.6,,,,,17.57
0,,,,,17.58
0,,,,,17.59
0,,,,,17.6
0,,,,,17.61
0,,,,,17.62
0,,,,,17.63
0,,,,,17.64
0,,,,,17.65
0,,,,,17.66
0,,,,,17.67
0,,,,,17.68
0,,,,,17.69
0,,,,,17.7
0,,,,,17.71
0,,,,,17.72
0,,,,,17.73
0,,,,,17.74
0,,,,,17.75
0,,,,,17.76
0,,,,,17.77
0,,,,,17.78
0,,,,,17.79
0,,,,,17.8
0,,,,,17.81
0,,,,,17.82
0,,,,,17.83
0,,,,,17.84
0,,,,,17.85
0,,,,,17.86
0,,,,,17.87
0,,,,,17.88
0,,,,,17.89
0,,,,,17.9
0,,,,,17.91
0,,,,,17.92
0,,,,,17.93
0,,,,,17.94
0,,,,,17.95
0,,,,,17.96
0,,,,,17.97
0,,,,,17.98
0,,,,,17.99
0,,,,,18
0,,,,,18.01
0,,,,,18.02
0,,,,,18.03
0,,,,,18.04
0,,,,,18.05
0,,,,,18.06
0,,,,,18.07
0,,,,,18.08
0,,,,,18.09
0,,,,,18.1
0,,,,,18.11
0,,,,,18.12
0,,,,,18.13
0,,,,,18.14
0,,,,,18.15
0,,,,,18.16
0,,,,,18.17
0,,,,,18.18
0,,,,,18.19
0,,,,,18.2
0,,,,,18.21
0,,,,,18.22
0,,,,,18.23
0,,,,,18.24
0,,,,,18.25
0,,,,,18.26
0,,,,,18.27
0,,,,,18.28
0,,,,,18.29
0,,,,,18.3
0,,,,,18.31
0,,,,,18.32
0,,,,,18.33
0,,,,,18.34
0,,,,,18.35
0,,,,,18.36
0,,,,,18.37
0,,,,,18.38
0,,,,,18.39
0,,,,,18.4
0,,,,,18.41
0,,,,,18.42
0,,,,,18.43
0,,,,,18.44
0,,,,,18.45
0,,,,,18.46
0,,,,,18.47
0,,,,,18.48
0,,,,,18.49
0,,,,,18.5
0,,,,,18.51
0,,,,,18.52
0.1,,,,,18.53
0.1,,,,,18.54
0.1,,,,,18.55
0.1,,,,,18.56
0.1,,,,,18.57
0.1,,,,,18.58
0.1,,,,,18.59
0.1,,,,,18.6
0.2,,,,,18.61
0.2,,,,,18.62
0.2,,,,,18.63
0.2,,,,,18.64
0.2,,,,,18.65
0.3,,,,,18.66
0.3,,,,,18.67
0.3,,,,,18.68
0.7,,,,,18.69
1,,,,,18.7
1.4,,,,,18.71
1.7,,,,,18.72
2.1,,,,,18.73
2.5,,,,,18.74
2.8,,,,,18.75
3.2,,,,,18.76
3.5,,,,,18.77
3.9,,,,,18.78
4.8,,,,,18.79
5.6,,,,,18.8
6.5,,,,,18.81
7.4,,,,,18.82
8.2,,,,,18.83
9.1,,,,,18.84
10,,,,,18.85
10.9,,,,,18.86
11.7,,,,,18.87
12.6,,,,,18.88
12.7,,,,,18.89
12.7,,,,,18.9
12.7,,,,,18.91
12.8,,,,,18.92
12.9,,,,,18.93
12.9,,,,,18.94
13,,,,,18.95
13,,,,,18.96
13,,,,,18.97
13.1,,,,,18.98
12.9,,,,,18.99
12.7,,,,,19
12.5,,,,,19.01
12.3,,,,,19.02
12.2,,,,,19.03
12,,,,,19.04
11.8,,,,,19.05
11.6,,,,,19.06
11.4,,,,,19.07
11.2,,,,,19.08
10.9,,,,,19.09
10.6,,,,,19.1
10.4,,,,,19.11
10.1,,,,,19.12
9.8,,,,,19.13
9.5,,,,,19.14
9.2,,,,,19.15
9,,,,,19.16
8.7,,,,,19.17
8.4,,,,,19.18
8.5,,,,,19.19
8.6,,,,,19.2
8.8,,,,,19.21
8.9,,,,,19.22
9,,,,,19.23
9.1,,,,,19.24
9.2,,,,,19.25
9.4,,,,,19.26
9.5,,,,,19.27
9.6,,,,,19.28
9.4,,,,,19.29
9.1,,,,,19.3
8.9,,,,,19.31
8.6,,,,,19.32
8.4,,,,,19.33
8.2,,,,,19.34
7.9,,,,,19.35
7.7,,,,,19.36
7.4,,,,,19.37
7.2,,,,,19.38
6.7,,,,,19.39
6.1,,,,,19.4
5.6,,,,,19.41
5,,,,,19.42
4.5,,,,,19.43
4,,,,,19.44
3.4,,,,,19.45
2.9,,,,,19.46
2.3,,,,,19.47
1.8,,,,,19.48
1.7,,,,,19.49
1.5,,,,,19.5
1.4,,,,,19.51
1.2,,,,,19.52
1.1,,,,,19.53
1,,,,,19.54
0.8,,,,,19.55
0.7,,,,,19.56
0.5,,,,,19.57
0.4,,,,,19.58
0.4,,,,,19.59
0.3,,,,,19.6
0.3,,,,,19.61
0.2,,,,,19.62
0.2,,,,,19.63
0.2,,,,,19.64
0.1,,,,,19.65
0.1,,,,,19.66
0,,,,,19.67
0,,,,,19.68
0,,,,,19.69
0,,,,,19.7
0,,,,,19.71
0,,,,,19.72
0,,,,,19.73
0,,,,,19.74
0,,,,,19.75
0,,,,,19.76
0,,,,,19.77
0,,,,,19.78
0.1,,,,,19.79
0.3,,,,,19.8
0.4,,,,,19.81
0.6,,,,,19.82
0.7,,,,,19.83
0.8,,,,,19.84
1,,,,,19.85
1.1,,,,,19.86
1.3,,,,,19.87
1.4,,,,,19.88
1.9,,,,,19.89
2.4,,,,,19.9
3,,,,,19.91
3.5,,,,,19.92
4,,,,,19.93
4.5,,,,,19.94
5,,,,,19.95
5.6,,,,,19.96
6.1,,,,,19.97
6.6,,,,,19.98
6.8,,,,,19.99
7,,,,,20
7.2,,,,,20.01
7.4,,,,,20.02
7.7,,,,,20.03
7.9,,,,,20.04
8.1,,,,,20.05
8.3,,,,,20.06
8.5,,,,,20.07
8.7,,,,,20.08
9.4,,,,,20.09
10.2,,,,,20.1
10.9,,,,,20.11
11.6,,,,,20.12
12.4,,,,,20.13
13.1,,,,,20.14
13.8,,,,,20.15
14.5,,,,,20.16
15.3,,,,,20.17
16,,,,,20.18
16.1,,,,,20.19
16.1,,,,,20.2
16.2,,,,,20.21
16.2,,,,,20.22
16.3,,,,,20.23
16.4,,,,,20.24
16.4,,,,,20.25
16.5,,,,,20.26
16.5,,,,,20.27
16.6,,,,,20.28
16.6,,,,,20.29
16.7,,,,,20.3
16.7,,,,,20.31
16.8,,,,,20.32
16.8,,,,,20.33
16.8,,,,,20.34
16.9,,,,,20.35
16.9,,,,,20.36
17,,,,,20.37
17,,,,,20.38
17,,,,,20.39
16.9,,,,,20.4
16.9,,,,,20.41
16.8,,,,,20.42
16.8,,,,,20.43
16.8,,,,,20.44
16.7,,,,,20.45
16.7,,,,,20.46
16.6,,,,,20.47
16.6,,,,,20.48
16.7,,,,,20.49
16.8,,,,,20.5
16.9,,,,,20.51
17,,,,,20.52
17.1,,,,,20.53
17.1,,,,,20.54
17.2,,,,,20.55
17.3,,,,,20.56
17.4,,,,,20.57
17.5,,,,,20.58
17.5,,,,,20.59
17.4,,,,,20.6
17.3,,,,,20.61
17.3,,,,,20.62
17.2,,,,,20.63
17.2,,,,,20.64
17.1,,,,,20.65
17.1,,,,,20.66
17,,,,,20.67
17,,,,,20.68
18.4,,,,,20.69
19.8,,,,,20.7
21.2,,,,,20.71
22.6,,,,,20.72
24,,,,,20.73
25.3,,,,,20.74
26.7,,,,,20.75
28.1,,,,,20.76
29.5,,,,,20.77
30.9,,,,,20.78
31.4,,,,,20.79
31.8,,,,,20.8
32.2,,,,,20.81
32.7,,,,,20.82
33.1,,,,,20.83
33.6,,,,,20.84
34,,,,,20.85
34.5,,,,,20.86
35,,,,,20.87
35.4,,,,,20.88
34.3,,,,,20.89
33.1,,,,,20.9
32,,,,,20.91
30.8,,,,,20.92
29.7,,,,,20.93
28.6,,,,,20.94
27.4,,,,,20.95
26.3,,,,,20.96
25.1,,,,,20.97
24,,,,,20.98
24,,,,,20.99
24.1,,,,,21
24.2,,,,,21.01
24.2,,,,,21.02
24.2,,,,,21.03
24.3,,,,,21.04
24.4,,,,,21.05
24.4,,,,,21.06
24.4,,,,,21.07
24.5,,,,,21.08
24.9,,,,,21.09
25.3,,,,,21.1
25.6,,,,,21.11
26,,,,,21.12
26.4,,,,,21.13
26.8,,,,,21.14
27.2,,,,,21.15
27.5,,,,,21.16
27.9,,,,,21.17
28.3,,,,,21.18
27.9,,,,,21.19
27.6,,,,,21.2
27.2,,,,,21.21
26.8,,,,,21.22
26.5,,,,,21.23
26.1,,,,,21.24
25.7,,,,,21.25
25.3,,,,,21.26
25,,,,,21.27
24.6,,,,,21.28
25.1,,,,,21.29
25.6,,,,,21.3
26.1,,,,,21.31
26.6,,,,,21.32
27.1,,,,,21.33
27.6,,,,,21.34
28.1,,,,,21.35
28.6,,,,,21.36
29.1,,,,,21.37
29.6,,,,,21.38
30.8,,,,,21.39
32,,,,,21.4
33.1,,,,,21.41
34.3,,,,,21.42
35.5,,,,,21.43
36.7,,,,,21.44
37.9,,,,,21.45
39,,,,,21.46
40.2,,,,,21.47
41.4,,,,,21.48
41.8,,,,,21.49
42.3,,,,,21.5
42.7,,,,,21.51
43.2,,,,,21.52
43.6,,,,,21.53
44,,,,,21.54
44.5,,,,,21.55
44.9,,,,,21.56
45.4,,,,,21.57
45.8,,,,,21.58
46.8,,,,,21.59
47.8,,,,,21.6
48.8,,,,,21.61
49.8,,,,,21.62
50.9,,,,,21.63
51.9,,,,,21.64
52.9,,,,,21.65
53.9,,,,,21.66
54.9,,,,,21.67
55.9,,,,,21.68
56.6,,,,,21.69
57.3,,,,,21.7
57.9,,,,,21.71
58.6,,,,,21.72
59.3,,,,,21.73
60,,,,,21.74
60.7,,,,,21.75
61.3,,,,,21.76
62,,,,,21.77
62.7,,,,,21.78
63.2,,,,,21.79
63.8,,,,,21.8
64.3,,,,,21.81
64.8,,,,,21.82
65.3,,,,,21.83
65.9,,,,,21.84
66.4,,,,,21.85
66.9,,,,,21.86
67.5,,,,,21.87
68,,,,,21.88
68.2,,,,,21.89
68.5,,,,,21.9
68.7,,,,,21.91
68.9,,,,,21.92
69.2,,,,,21.93
69.4,,,,,21.94
69.6,,,,,21.95
69.8,,,,,21.96
70.1,,,,,21.97
70.3,,,,,21.98
70.1,,,,,21.99
69.9,,,,,22
69.7,,,,,22.01
69.5,,,,,22.02
69.3,,,,,22.03
69.1,,,,,22.04
68.9,,,,,22.05
68.7,,,,,22.06
68.5,,,,,22.07
68.3,,,,,22.08
68.2,,,,,22.09
68.1,,,,,22.1
67.9,,,,,22.11
67.8,,,,,22.12
67.7,,,,,22.13
67.6,,,,,22.14
67.5,,,,,22.15
67.3,,,,,22.16
67.2,,,,,22.17
67.1,,,,,22.18
67.1,,,,,22.19
67.1,,,,,22.2
67.1,,,,,22.21
67.1,,,,,22.22
67.1,,,,,22.23
67.1,,,,,22.24
67.1,,,,,22.25
67.1,,,,,22.26
67.1,,,,,22.27
67.1,,,,,22.28
67.6,,,,,22.29
68.2,,,,,22.3
68.7,,,,,22.31
69.3,,,,,22.32
69.8,,,,,22.33
70.3,,,,,22.34
70.9,,,,,22.35
71.4,,,,,22.36
72,,,,,22.37
72.5,,,,,22.38
72.6,,,,,22.39
72.7,,,,,22.4
72.8,,,,,22.41
72.9,,,,,22.42
73.1,,,,,22.43
73.2,,,,,22.44
73.3,,,,,22.45
73.4,,,,,22.46
73.5,,,,,22.47
73.6,,,,,22.48
74.1,,,,,22.49
74.7,,,,,22.5
75.2,,,,,22.51
75.7,,,,,22.52
76.2,,,,,22.53
76.8,,,,,22.54
77.3,,,,,22.55
77.8,,,,,22.56
78.4,,,,,22.57
78.9,,,,,22.58
80.4,,,,,22.59
81.9,,,,,22.6
83.3,,,,,22.61
84.8,,,,,22.62
86.3,,,,,22.63
87.8,,,,,22.64
89.3,,,,,22.65
90.7,,,,,22.66
92.2,,,,,22.67
93.7,,,,,22.68
94,,,,,22.69
94.2,,,,,22.7
94.5,,,,,22.71
94.7,,,,,22.72
95,,,,,22.73
95.3,,,,,22.74
95.5,,,,,22.75
95.8,,,,,22.76
96,,,,,22.77
96.3,,,,,22.78
92.2,,,,,22.79
88.1,,,,,22.8
83.9,,,,,22.81
79.8,,,,,22.82
75.7,,,,,22.83
71.6,,,,,22.84
67.5,,,,,22.85
63.3,,,,,22.86
59.2,,,,,22.87
55.1,,,,,22.88
54.5,,,,,22.89
54,,,,,22.9
53.4,,,,,22.91
52.9,,,,,22.92
52.3,,,,,22.93
51.7,,,,,22.94
51.2,,,,,22.95
50.6,,,,,22.96
50.1,,,,,22.97
49.5,,,,,22.98
49.4,,,,,22.99
49.2,,,,,23
49.1,,,,,23.01
48.9,,,,,23.02
48.8,,,,,23.03
48.7,,,,,23.04
48.5,,,,,23.05
48.4,,,,,23.06
48.2,,,,,23.07
48.1,,,,,23.08
43.3,,,,,23.09
38.5,,,,,23.1
33.7,,,,,23.11
28.9,,,,,23.12
24.1,,,,,23.13
19.2,,,,,23.14
14.4,,,,,23.15
9.6,,,,,23.16
4.8,,,,,23.17
0,,,,,23.18
0,,,,,23.19
0,,,,,23.2
0,,,,,23.21
0,,,,,23.22
0,,,,,23.23
0,,,,,23.24
0,,,,,23.25
0,,,,,23.26
0,,,,,23.27
0,,,,,23.28
0,,,,,23.29
0,,,,,23.3
0,,,,,23.31
0,,,,,23.32
0,,,,,23.33
0,,,,,23.34
0,,,,,23.35
0,,,,,23.36
0,,,,,23.37
0,,,,,23.38
0,,,,,23.39
0,,,,,23.4
0,,,,,23.41
0,,,,,23.42
0,,,,,23.43
0,,,,,23.44
0,,,,,23.45
0,,,,,23.46
0,,,,,23.47
0,,,,,23.48
0,,,,,23.49
0,,,,,23.5
0,,,,,23.51
0,,,,,23.52
0,,,,,23.53
0,,,,,23.54
0,,,,,23.55
0,,,,,23.56
0,,,,,23.57
0,,,,,23.58
0,,,,,23.59
0,,,,,23.6
0,,,,,23.61
0,,,,,23.62
0,,,,,23.63
0,,,,,23.64
0,,,,,23.65
0,,,,,23.66
0,,,,,23.67
0,,,,,23.68
0,,,,,23.69
0,,,,,23.7
0,,,,,23.71
0,,,,,23.72
0,,,,,23.73
0,,,,,23.74
0,,,,,23.75
0,,,,,23.76
0,,,,,23.77
0,,,,,23.78
0,,,,,23.79
0,,,,,23.8
0,,,,,23.81
0,,,,,23.82
0,,,,,23.83
0,,,,,23.84
0,,,,,23.85
0,,,,,23.86
0,,,,,23.87
0,,,,,23.88
0,,,,,23.89
0,,,,,23.9
0,,,,,23.91
0,,,,,23.92
0,,,,,23.93
0,,,,,23.94
0,,,,,23.95
0,,,,,23.96
0,,,,,23.97
0,,,,,23.98
0,,,,,23.99
0,,,,,24
0,,,,,24.01
0,,,,,24.02
0,,,,,24.03
0,,,,,24.04
0,,,,,24.05
0,,,,,24.06
0,,,,,24.07
0,,,,,24.08
0,,,,,24.09
0,,,,,24.1
0,,,,,24.11
0,,,,,24.12
0,,,,,24.13
0,,,,,24.14
0,,,,,24.15
0,,,,,24.16
0,,,,,24.17
0,,,,,24.18
0,,,,,24.19
0,,,,,24.2
0,,,,,24.21
0,,,,,24.22
0,,,,,24.23
0,,,,,24.24
0,,,,,24.25
0,,,,,24.26
0,,,,,24.27
0,,,,,24.28
0,,,,,24.29
0,,,,,24.3
0,,,,,24.31
0,,,,,24.32
0,,,,,24.33
0,,,,,24.34
0,,,,,24.35
0,,,,,24.36
0,,,,,24.37
0,,,,,24.38
0,,,,,24.39
0.1,,,,,24.4
0.1,,,,,24.41
0.1,,,,,24.42
0.2,,,,,24.43
0.2,,,,,24.44
0.2,,,,,24.45
0.2,,,,,24.46
0.3,,,,,24.47
0.3,,,,,24.48
0.3,,,,,24.49
0.2,,,,,24.5
0.2,,,,,24.51
0.2,,,,,24.52
0.2,,,,,24.53
0.1,,,,,24.54
0.1,,,,,24.55
0.1,,,,,24.56
0,,,,,24.57
0,,,,,24.58
0,,,,,24.59
0,,,,,24.6
0,,,,,24.61
0,,,,,24.62
0,,,,,24.63
0,,,,,24.64
0,,,,,24.65
0,,,,,24.66
0,,,,,24.67
0,,,,,24.68
0.2,,,,,24.69
0.4,,,,,24.7
0.5,,,,,24.71
0.7,,,,,24.72
0.9,,,,,24.73
1.1,,,,,24.74
1.3,,,,,24.75
1.4,,,,,24.76
1.6,,,,,24.77
1.8,,,,,24.78
1.6,,,,,24.79
1.4,,,,,24.8
1.3,,,,,24.81
1.1,,,,,24.82
0.9,,,,,24.83
0.7,,,,,24.84
0.5,,,,,24.85
0.4,,,,,24.86
0.2,,,,,24.87
0,,,,,24.88
0,,,,,24.89
0,,,,,24.9
0,,,,,24.91
0,,,,,24.92
0,,,,,24.93
0,,,,,24.94
0,,,,,24.95
0,,,,,24.96
0,,,,,24.97
0,,,,,24.98
0,,,,,24.99
0,,,,,25
0,,,,,25.01
0,,,,,25.02
0,,,,,25.03
0,,,,,25.04
0,,,,,25.05
0,,,,,25.06
0,,,,,25.07
0,,,,,25.08
0.3,,,,,25.09
0.6,,,,,25.1
0.8,,,,,25.11
1.1,,,,,25.12
1.4,,,,,25.13
1.7,,,,,25.14
2,,,,,25.15
2.2,,,,,25.16
2.5,,,,,25.17
2.8,,,,,25.18
3.3,,,,,25.19
3.7,,,,,25.2
4.2,,,,,25.21
4.7,,,,,25.22
5.2,,,,,25.23
5.6,,,,,25.24
6.1,,,,,25.25
6.6,,,,,25.26
7,,,,,25.27
7.5,,,,,25.28
7,,,,,25.29
6.6,,,,,25.3
6.1,,,,,25.31
5.6,,,,,25.32
5.2,,,,,25.33
4.7,,,,,25.34
4.2,,,,,25.35
3.7,,,,,25.36
3.3,,,,,25.37
2.8,,,,,25.38
2.7,,,,,25.39
2.5,,,,,25.4
2.4,,,,,25.41
2.2,,,,,25.42
2.1,,,,,25.43
2,,,,,25.44
1.8,,,,,25.45
1.7,,,,,25.46
1.5,,,,,25.47
1.4,,,,,25.48
1.3,,,,,25.49
1.1,,,,,25.5
1,,,,,25.51
0.8,,,,,25.52
0.7,,,,,25.53
0.6,,,,,25.54
0.4,,,,,25.55
0.3,,,,,25.56
0.1,,,,,25.57
0,,,,,25.58
0,,,,,25.59
0,,,,,25.6
0,,,,,25.61
0,,,,,25.62
0,,,,,25.63
0,,,,,25.64
0,,,,,25.65
0,,,,,25.66
0,,,,,25.67
0,,,,,25.68
0,,,,,25.69
0,,,,,25.7
0,,,,,25.71
0,,,,,25.72
0,,,,,25.73
0,,,,,25.74
0,,,,,25.75
0,,,,,25.76
0,,,,,25.77
0,,,,,25.78
0,,,,,25.79
0,,,,,25.8
0,,,,,25.81
0,,,,,25.82
0,,,,,25.83
0,,,,,25.84
0,,,,,25.85
0,,,,,25.86
0,,,,,25.87
0,,,,,25.88
0,,,,,25.89
0,,,,,25.9
0,,,,,25.91
0,,,,,25.92
0,,,,,25.93
0,,,,,25.94
0,,,,,25.95
0,,,,,25.96
0,,,,,25.97
0,,,,,25.98
0.3,,,,,25.99
0.6,,,,,26
0.8,,,,,26.01
1.1,,,,,26.02
1.4,,,,,26.03
1.7,,,,,26.04
2,,,,,26.05
2.2,,,,,26.06
2.5,,,,,26.07
2.8,,,,,26.08
2.5,,,,,26.09
2.3,,,,,26.1
2,,,,,26.11
1.7,,,,,26.12
1.5,,,,,26.13
1.2,,,,,26.14
0.9,,,,,26.15
0.6,,,,,26.16
0.4,,,,,26.17
0.1,,,,,26.18
0.2,,,,,26.19
0.3,,,,,26.2
0.3,,,,,26.21
0.4,,,,,26.22
0.5,,,,,26.23
0.6,,,,,26.24
0.7,,,,,26.25
0.7,,,,,26.26
0.8,,,,,26.27
0.9,,,,,26.28
1.2,,,,,26.29
1.6,,,,,26.3
1.9,,,,,26.31
2.2,,,,,26.32
2.6,,,,,26.33
2.9,,,,,26.34
3.2,,,,,26.35
3.5,,,,,26.36
3.9,,,,,26.37
4.2,,,,,26.38
5.6,,,,,26.39
7.1,,,,,26.4
8.5,,,,,26.41
10,,,,,26.42
11.4,,,,,26.43
12.8,,,,,26.44
14.3,,,,,26.45
15.7,,,,,26.46
17.2,,,,,26.47
18.6,,,,,26.48
18.7,,,,,26.49
18.7,,,,,26.5
18.8,,,,,26.51
18.9,,,,,26.52
19,,,,,26.53
19,,,,,26.54
19.1,,,,,26.55
19.2,,,,,26.56
19.2,,,,,26.57
19.3,,,,,26.58
19.3,,,,,26.59
19.3,,,,,26.6
19.3,,,,,26.61
19.3,,,,,26.62
19.3,,,,,26.63
19.3,,,,,26.64
19.3,,,,,26.65
19.3,,,,,26.66
19.3,,,,,26.67
19.3,,,,,26.68
19.3,,,,,26.69
19.4,,,,,26.7
19.4,,,,,26.71
19.5,,,,,26.72
19.6,,,,,26.73
19.6,,,,,26.74
19.6,,,,,26.75
19.7,,,,,26.76
19.8,,,,,26.77
19.8,,,,,26.78
19.8,,,,,26.79
19.8,,,,,26.8
19.7,,,,,26.81
19.7,,,,,26.82
19.7,,,,,26.83
19.7,,,,,26.84
19.7,,,,,26.85
19.6,,,,,26.86
19.6,,,,,26.87
19.6,,,,,26.88
19.8,,,,,26.89
19.9,,,,,26.9
20.1,,,,,26.91
20.3,,,,,26.92
20.5,,,,,26.93
20.6,,,,,26.94
20.8,,,,,26.95
21,,,,,26.96
21.1,,,,,26.97
21.3,,,,,26.98
22,,,,,26.99
22.8,,,,,27
23.5,,,,,27.01
24.3,,,,,27.02
25,,,,,27.03
25.7,,,,,27.04
26.5,,,,,27.05
27.2,,,,,27.06
28,,,,,27.07
28.7,,,,,27.08
28.1,,,,,27.09
27.6,,,,,27.1
27,,,,,27.11
26.4,,,,,27.12
25.9,,,,,27.13
25.3,,,,,27.14
24.7,,,,,27.15
24.1,,,,,27.16
23.6,,,,,27.17
23,,,,,27.18
22.6,,,,,27.19
22.1,,,,,27.2
21.7,,,,,27.21
21.3,,,,,27.22
20.9,,,,,27.23
20.4,,,,,27.24
20,,,,,27.25
19.6,,,,,27.26
19.1,,,,,27.27
18.7,,,,,27.28
17.7,,,,,27.29
16.7,,,,,27.3
15.8,,,,,27.31
14.8,,,,,27.32
13.8,,,,,27.33
12.8,,,,,27.34
11.8,,,,,27.35
10.9,,,,,27.36
9.9,,,,,27.37
8.9,,,,,27.38
8.7,,,,,27.39
8.6,,,,,27.4
8.4,,,,,27.41
8.2,,,,,27.42
8.1,,,,,27.43
7.9,,,,,27.44
7.7,,,,,27.45
7.5,,,,,27.46
7.4,,,,,27.47
7.2,,,,,27.48
7.1,,,,,27.49
7.1,,,,,27.5
7,,,,,27.51
6.9,,,,,27.52
6.8,,,,,27.53
6.8,,,,,27.54
6.7,,,,,27.55
6.6,,,,,27.56
6.6,,,,,27.57
6.5,,,,,27.58
6,,,,,27.59
5.4,,,,,27.6
4.8,,,,,27.61
4.3,,,,,27.62
3.8,,,,,27.63
3.2,,,,,27.64
2.6,,,,,27.65
2.1,,,,,27.66
1.5,,,,,27.67
1,,,,,27.68
0.9,,,,,27.69
0.8,,,,,27.7
0.7,,,,,27.71
0.6,,,,,27.72
0.5,,,,,27.73
0.4,,,,,27.74
0.3,,,,,27.75
0.2,,,,,27.76
0.1,,,,,27.77
0,,,,,27.78
0.3,,,,,27.79
0.6,,,,,27.8
0.9,,,,,27.81
1.2,,,,,27.82
1.5,,,,,27.83
1.8,,,,,27.84
2.1,,,,,27.85
2.4,,,,,27.86
2.7,,,,,27.87
3,,,,,27.88
3.2,,,,,27.89
3.4,,,,,27.9
3.5,,,,,27.91
3.7,,,,,27.92
3.9,,,,,27.93
4.1,,,,,27.94
4.3,,,,,27.95
4.4,,,,,27.96
4.6,,,,,27.97
4.8,,,,,27.98
6.3,,,,,27.99
7.9,,,,,28
9.5,,,,,28.01
11,,,,,28.02
12.6,,,,,28.03
14.1,,,,,28.04
15.7,,,,,28.05
17.2,,,,,28.06
18.7,,,,,28.07
20.3,,,,,28.08
21.5,,,,,28.09
22.6,,,,,28.1
23.8,,,,,28.11
24.9,,,,,28.12
26.1,,,,,28.13
27.3,,,,,28.14
28.4,,,,,28.15
29.6,,,,,28.16
30.7,,,,,28.17
31.9,,,,,28.18
32.2,,,,,28.19
32.6,,,,,28.2
32.9,,,,,28.21
33.3,,,,,28.22
33.6,,,,,28.23
33.9,,,,,28.24
34.3,,,,,28.25
34.6,,,,,28.26
35,,,,,28.27
35.3,,,,,28.28
35.3,,,,,28.29
35.2,,,,,28.3
35.2,,,,,28.31
35.2,,,,,28.32
35.2,,,,,28.33
35.1,,,,,28.34
35.1,,,,,28.35
35.1,,,,,28.36
35,,,,,28.37
35,,,,,28.38
34.7,,,,,28.39
34.5,,,,,28.4
34.2,,,,,28.41
33.9,,,,,28.42
33.7,,,,,28.43
33.4,,,,,28.44
33.1,,,,,28.45
32.8,,,,,28.46
32.6,,,,,28.47
32.3,,,,,28.48
32.2,,,,,28.49
32.1,,,,,28.5
32.1,,,,,28.51
32,,,,,28.52
31.9,,,,,28.53
31.8,,,,,28.54
31.7,,,,,28.55
31.7,,,,,28.56
31.6,,,,,28.57
31.5,,,,,28.58
32.5,,,,,28.59
33.5,,,,,28.6
34.4,,,,,28.61
35.4,,,,,28.62
36.4,,,,,28.63
37.4,,,,,28.64
38.4,,,,,28.65
39.3,,,,,28.66
40.3,,,,,28.67
41.3,,,,,28.68
41.3,,,,,28.69
41.4,,,,,28.7
41.4,,,,,28.71
41.4,,,,,28.72
41.5,,,,,28.73
41.5,,,,,28.74
41.5,,,,,28.75
41.5,,,,,28.76
41.6,,,,,28.77
41.6,,,,,28.78
41.4,,,,,28.79
41.1,,,,,28.8
40.9,,,,,28.81
40.6,,,,,28.82
40.4,,,,,28.83
40.2,,,,,28.84
39.9,,,,,28.85
39.7,,,,,28.86
39.4,,,,,28.87
39.2,,,,,28.88
39.4,,,,,28.89
39.6,,,,,28.9
39.7,,,,,28.91
39.9,,,,,28.92
40.1,,,,,28.93
40.3,,,,,28.94
40.5,,,,,28.95
40.6,,,,,28.96
40.8,,,,,28.97
41,,,,,28.98
41.2,,,,,28.99
41.5,,,,,29
41.7,,,,,29.01
42,,,,,29.02
42.2,,,,,29.03
42.4,,,,,29.04
42.7,,,,,29.05
42.9,,,,,29.06
43.2,,,,,29.07
43.4,,,,,29.08
43.4,,,,,29.09
43.4,,,,,29.1
43.4,,,,,29.11
43.4,,,,,29.12
43.4,,,,,29.13
43.3,,,,,29.14
43.3,,,,,29.15
43.3,,,,,29.16
43.3,,,,,29.17
43.3,,,,,29.18
43.1,,,,,29.19
42.8,,,,,29.2
42.6,,,,,29.21
42.4,,,,,29.22
42.2,,,,,29.23
41.9,,,,,29.24
41.7,,,,,29.25
41.5,,,,,29.26
41.2,,,,,29.27
41,,,,,29.28
41.3,,,,,29.29
41.5,,,,,29.3
41.8,,,,,29.31
42.1,,,,,29.32
42.4,,,,,29.33
42.6,,,,,29.34
42.9,,,,,29.35
43.2,,,,,29.36
43.4,,,,,29.37
43.7,,,,,29.38
43.8,,,,,29.39
43.9,,,,,29.4
44.1,,,,,29.41
44.2,,,,,29.42
44.3,,,,,29.43
44.4,,,,,29.44
44.5,,,,,29.45
44.7,,,,,29.46
44.8,,,,,29.47
44.9,,,,,29.48
44.9,,,,,29.49
44.8,,,,,29.5
44.8,,,,,29.51
44.7,,,,,29.52
44.7,,,,,29.53
44.7,,,,,29.54
44.6,,,,,29.55
44.6,,,,,29.56
44.5,,,,,29.57
44.5,,,,,29.58
45,,,,,29.59
45.4,,,,,29.6
45.9,,,,,29.61
46.4,,,,,29.62
46.9,,,,,29.63
47.3,,,,,29.64
47.8,,,,,29.65
48.3,,,,,29.66
48.7,,,,,29.67
49.2,,,,,29.68
50.2,,,,,29.69
51.2,,,,,29.7
52.2,,,,,29.71
53.2,,,,,29.72
54.2,,,,,29.73
55.2,,,,,29.74
56.2,,,,,29.75
57.2,,,,,29.76
58.2,,,,,29.77
59.2,,,,,29.78
59.3,,,,,29.79
59.4,,,,,29.8
59.5,,,,,29.81
59.6,,,,,29.82
59.7,,,,,29.83
59.8,,,,,29.84
59.9,,,,,29.85
60,,,,,29.86
60.1,,,,,29.87
60.2,,,,,29.88
59.6,,,,,29.89
59.1,,,,,29.9
58.5,,,,,29.91
57.9,,,,,29.92
57.4,,,,,29.93
56.8,,,,,29.94
56.2,,,,,29.95
55.6,,,,,29.96
55.1,,,,,29.97
54.5,,,,,29.98
54.4,,,,,29.99
54.3,,,,,30
54.3,,,,,30.01
54.2,,,,,30.02
54.1,,,,,30.03
54,,,,,30.04
53.9,,,,,30.05
53.9,,,,,30.06
53.8,,,,,30.07
53.7,,,,,30.08
53.6,,,,,30.09
53.4,,,,,30.1
53.3,,,,,30.11
53.2,,,,,30.12
53.1,,,,,30.13
52.9,,,,,30.14
52.8,,,,,30.15
52.7,,,,,30.16
52.5,,,,,30.17
52.4,,,,,30.18
52,,,,,30.19
51.5,,,,,30.2
51.1,,,,,30.21
50.6,,,,,30.22
50.2,,,,,30.23
49.8,,,,,30.24
49.3,,,,,30.25
48.9,,,,,30.26
48.4,,,,,30.27
48,,,,,30.28
47.6,,,,,30.29
47.3,,,,,30.3
46.9,,,,,30.31
46.5,,,,,30.32
46.2,,,,,30.33
45.8,,,,,30.34
45.4,,,,,30.35
45,,,,,30.36
44.7,,,,,30.37
44.3,,,,,30.38
44.2,,,,,30.39
44.2,,,,,30.4
44.1,,,,,30.41
44.1,,,,,30.42
44,,,,,30.43
43.9,,,,,30.44
43.9,,,,,30.45
43.8,,,,,30.46
43.8,,,,,30.47
43.7,,,,,30.48
44,,,,,30.49
44.4,,,,,30.5
44.7,,,,,30.51
45,,,,,30.52
45.4,,,,,30.53
45.7,,,,,30.54
46,,,,,30.55
46.3,,,,,30.56
46.7,,,,,30.57
47,,,,,30.58
47.7,,,,,30.59
48.4,,,,,30.6
49.1,,,,,30.61
49.8,,,,,30.62
50.5,,,,,30.63
51.2,,,,,30.64
51.9,,,,,30.65
52.6,,,,,30.66
53.3,,,,,30.67
54,,,,,30.68
53.4,,,,,30.69
52.9,,,,,30.7
52.3,,,,,30.71
51.7,,,,,30.72
51.2,,,,,30.73
50.6,,,,,30.74
50,,,,,30.75
49.4,,,,,30.76
48.9,,,,,30.77
48.3,,,,,30.78
48.2,,,,,30.79
48.1,,,,,30.8
48.1,,,,,30.81
48,,,,,30.82
47.9,,,,,30.83
47.8,,,,,30.84
47.7,,,,,30.85
47.7,,,,,30.86
47.6,,,,,30.87
47.5,,,,,30.88
46.2,,,,,30.89
44.9,,,,,30.9
43.6,,,,,30.91
42.3,,,,,30.92
41,,,,,30.93
39.7,,,,,30.94
38.4,,,,,30.95
37.1,,,,,30.96
35.8,,,,,30.97
34.5,,,,,30.98
31.3,,,,,30.99
28,,,,,31
24.8,,,,,31.01
21.6,,,,,31.02
18.4,,,,,31.03
15.1,,,,,31.04
11.9,,,,,31.05
8.7,,,,,31.06
5.4,,,,,31.07
2.2,,,,,31.08
2,,,,,31.09
1.8,,,,,31.1
1.5,,,,,31.11
1.3,,,,,31.12
1.1,,,,,31.13
0.9,,,,,31.14
0.7,,,,,31.15
0.4,,,,,31.16
0.2,,,,,31.17
0,,,,,31.18
0,,,,,31.19
0,,,,,31.2
0,,,,,31.21
0,,,,,31.22
0,,,,,31.23
0,,,,,31.24
0,,,,,31.25
0,,,,,31.26
0,,,,,31.27
0,,,,,31.28
0,,,,,31.29
0,,,,,31.3
0,,,,,31.31
0,,,,,31.32
0,,,,,31.33
0,,,,,31.34
0,,,,,31.35
0,,,,,31.36
0,,,,,31.37
0,,,,,31.38
0,,,,,31.39
0,,,,,31.4
0,,,,,31.41
0,,,,,31.42
0,,,,,31.43
0,,,,,31.44
0,,,,,31.45
0,,,,,31.46
0,,,,,31.47
0,,,,,31.48
0,,,,,31.49
0,,,,,31.5
0,,,,,31.51
0,,,,,31.52
0,,,,,31.53
0,,,,,31.54
0,,,,,31.55
0,,,,,31.56
0,,,,,31.57
0,,,,,31.58
0,,,,,31.59
0,,,,,31.6
0,,,,,31.61
0,,,,,31.62
0,,,,,31.63
0,,,,,31.64
0,,,,,31.65
0,,,,,31.66
0,,,,,31.67
0,,,,,31.68
0,,,,,31.69
0,,,,,31.7
0,,,,,31.71
0,,,,,31.72
0,,,,,31.73
0,,,,,31.74
0,,,,,31.75
0,,,,,31.76
0,,,,,31.77
0,,,,,31.78
0.3,,,,,31.79
0.6,,,,,31.8
0.9,,,,,31.81
1.2,,,,,31.82
1.6,,,,,31.83
1.9,,,,,31.84
2.2,,,,,31.85
2.5,,,,,31.86
2.8,,,,,31.87
3.1,,,,,31.88
3.9,,,,,31.89
4.7,,,,,31.9
5.5,,,,,31.91
6.3,,,,,31.92
7,,,,,31.93
7.8,,,,,31.94
8.6,,,,,31.95
9.4,,,,,31.96
10.2,,,,,31.97
11,,,,,31.98
11,,,,,31.99
11.1,,,,,32
11.2,,,,,32.01
11.2,,,,,32.02
11.2,,,,,32.03
11.3,,,,,32.04
11.3,,,,,32.05
11.4,,,,,32.06
11.4,,,,,32.07
11.5,,,,,32.08
11.6,,,,,32.09
11.8,,,,,32.1
12,,,,,32.11
12.1,,,,,32.12
12.2,,,,,32.13
12.4,,,,,32.14
12.5,,,,,32.15
12.7,,,,,32.16
12.9,,,,,32.17
13,,,,,32.18
14,,,,,32.19
15,,,,,32.2
16,,,,,32.21
17,,,,,32.22
18.1,,,,,32.23
19.1,,,,,32.24
20.1,,,,,32.25
21.1,,,,,32.26
22.1,,,,,32.27
23.1,,,,,32.28
22,,,,,32.29
20.9,,,,,32.3
19.9,,,,,32.31
18.8,,,,,32.32
17.7,,,,,32.33
16.6,,,,,32.34
15.5,,,,,32.35
14.5,,,,,32.36
13.4,,,,,32.37
12.3,,,,,32.38
12.3,,,,,32.39
12.3,,,,,32.4
12.3,,,,,32.41
12.3,,,,,32.42
12.2,,,,,32.43
12.2,,,,,32.44
12.2,,,,,32.45
12.2,,,,,32.46
12.2,,,,,32.47
12.2,,,,,32.48
12.2,,,,,32.49
12.2,,,,,32.5
12.2,,,,,32.51
12.2,,,,,32.52
12.2,,,,,32.53
12.2,,,,,32.54
12.2,,,,,32.55
12.2,,,,,32.56
12.2,,,,,32.57
12.2,,,,,32.58
12.2,,,,,32.59
12.2,,,,,32.6
12.2,,,,,32.61
12.2,,,,,32.62
12.2,,,,,32.63
12.2,,,,,32.64
12.2,,,,,32.65
12.2,,,,,32.66
12.2,,,,,32.67
12.2,,,,,32.68
12,,,,,32.69
11.8,,,,,32.7
11.7,,,,,32.71
11.5,,,,,32.72
11.3,,,,,32.73
11.1,,,,,32.74
10.9,,,,,32.75
10.8,,,,,32.76
10.6,,,,,32.77
10.4,,,,,32.78
10.2,,,,,32.79
10.1,,,,,32.8
9.9,,,,,32.81
9.8,,,,,32.82
9.7,,,,,32.83
9.5,,,,,32.84
9.4,,,,,32.85
9.2,,,,,32.86
9,,,,,32.87
8.9,,,,,32.88
8.8,,,,,32.89
8.6,,,,,32.9
8.5,,,,,32.91
8.3,,,,,32.92
8.2,,,,,32.93
8.1,,,,,32.94
7.9,,,,,32.95
7.8,,,,,32.96
7.6,,,,,32.97
7.5,,,,,32.98
7.7,,,,,32.99
7.8,,,,,33
8,,,,,33.01
8.2,,,,,33.02
8.4,,,,,33.03
8.5,,,,,33.04
8.7,,,,,33.05
8.9,,,,,33.06
9,,,,,33.07
9.2,,,,,33.08
9.2,,,,,33.09
9.2,,,,,33.1
9.1,,,,,33.11
9.1,,,,,33.12
9.1,,,,,33.13
9.1,,,,,33.14
9.1,,,,,33.15
9,,,,,33.16
9,,,,,33.17
9,,,,,33.18
8.9,,,,,33.19
8.8,,,,,33.2
8.7,,,,,33.21
8.6,,,,,33.22
8.6,,,,,33.23
8.5,,,,,33.24
8.4,,,,,33.25
8.3,,,,,33.26
8.2,,,,,33.27
8.1,,,,,33.28
8.1,,,,,33.29
8,,,,,33.3
8,,,,,33.31
7.9,,,,,33.32
7.9,,,,,33.33
7.9,,,,,33.34
7.8,,,,,33.35
7.8,,,,,33.36
7.7,,,,,33.37
7.7,,,,,33.38
9,,,,,33.39
10.2,,,,,33.4
11.5,,,,,33.41
12.8,,,,,33.42
14.1,,,,,33.43
15.3,,,,,33.44
16.6,,,,,33.45
17.9,,,,,33.46
19.1,,,,,33.47
20.4,,,,,33.48
21.6,,,,,33.49
22.9,,,,,33.5
24.1,,,,,33.51
25.4,,,,,33.52
26.6,,,,,33.53
27.8,,,,,33.54
29.1,,,,,33.55
30.3,,,,,33.56
31.6,,,,,33.57
32.8,,,,,33.58
33.6,,,,,33.59
34.4,,,,,33.6
35.2,,,,,33.61
36,,,,,33.62
36.8,,,,,33.63
37.5,,,,,33.64
38.3,,,,,33.65
39.1,,,,,33.66
39.9,,,,,33.67
40.7,,,,,33.68
41.1,,,,,33.69
41.5,,,,,33.7
41.9,,,,,33.71
42.3,,,,,33.72
42.8,,,,,33.73
43.2,,,,,33.74
43.6,,,,,33.75
44,,,,,33.76
44.4,,,,,33.77
44.8,,,,,33.78
44.2,,,,,33.79
43.6,,,,,33.8
42.9,,,,,33.81
42.3,,,,,33.82
41.7,,,,,33.83
41.1,,,,,33.84
40.5,,,,,33.85
39.8,,,,,33.86
39.2,,,,,33.87
38.6,,,,,33.88
38.4,,,,,33.89
38.2,,,,,33.9
37.9,,,,,33.91
37.7,,,,,33.92
37.5,,,,,33.93
37.3,,,,,33.94
37.1,,,,,33.95
36.8,,,,,33.96
36.6,,,,,33.97
36.4,,,,,33.98
36.6,,,,,33.99
36.7,,,,,34
36.9,,,,,34.01
37,,,,,34.02
37.2,,,,,34.03
37.4,,,,,34.04
37.5,,,,,34.05
37.7,,,,,34.06
37.8,,,,,34.07
38,,,,,34.08
38.3,,,,,34.09
38.6,,,,,34.1
38.9,,,,,34.11
39.2,,,,,34.12
39.5,,,,,34.13
39.8,,,,,34.14
40.1,,,,,34.15
40.4,,,,,34.16
40.7,,,,,34.17
41,,,,,34.18
40.8,,,,,34.19
40.7,,,,,34.2
40.5,,,,,34.21
40.3,,,,,34.22
40.2,,,,,34.23
40,,,,,34.24
39.8,,,,,34.25
39.6,,,,,34.26
39.5,,,,,34.27
39.3,,,,,34.28
39.4,,,,,34.29
39.4,,,,,34.3
39.5,,,,,34.31
39.5,,,,,34.32
39.6,,,,,34.33
39.7,,,,,34.34
39.7,,,,,34.35
39.8,,,,,34.36
39.8,,,,,34.37
39.9,,,,,34.38
40.3,,,,,34.39
40.6,,,,,34.4
41,,,,,34.41
41.4,,,,,34.42
41.8,,,,,34.43
42.1,,,,,34.44
42.5,,,,,34.45
42.9,,,,,34.46
43.2,,,,,34.47
43.6,,,,,34.48
44,,,,,34.49
44.4,,,,,34.5
44.8,,,,,34.51
45.2,,,,,34.52
45.5,,,,,34.53
45.9,,,,,34.54
46.3,,,,,34.55
46.7,,,,,34.56
47.1,,,,,34.57
47.5,,,,,34.58
47.1,,,,,34.59
46.8,,,,,34.6
46.4,,,,,34.61
46.1,,,,,34.62
45.7,,,,,34.63
45.3,,,,,34.64
45,,,,,34.65
44.6,,,,,34.66
44.3,,,,,34.67
43.9,,,,,34.68
43.6,,,,,34.69
43.4,,,,,34.7
43.1,,,,,34.71
42.9,,,,,34.72
42.6,,,,,34.73
42.3,,,,,34.74
42.1,,,,,34.75
41.8,,,,,34.76
41.6,,,,,34.77
41.3,,,,,34.78
41,,,,,34.79
40.8,,,,,34.8
40.5,,,,,34.81
40.3,,,,,34.82
40,,,,,34.83
39.7,,,,,34.84
39.5,,,,,34.85
39.2,,,,,34.86
39,,,,,34.87
38.7,,,,,34.88
38.6,,,,,34.89
38.5,,,,,34.9
38.4,,,,,34.91
38.3,,,,,34.92
38.2,,,,,34.93
38,,,,,34.94
37.9,,,,,34.95
37.8,,,,,34.96
37.7,,,,,34.97
37.6,,,,,34.98
36.8,,,,,34.99
36,,,,,35
35.3,,,,,35.01
34.5,,,,,35.02
33.7,,,,,35.03
32.9,,,,,35.04
32.1,,,,,35.05
31.4,,,,,35.06
30.6,,,,,35.07
29.8,,,,,35.08
29,,,,,35.09
28.3,,,,,35.1
27.5,,,,,35.11
26.7,,,,,35.12
26,,,,,35.13
25.2,,,,,35.14
24.4,,,,,35.15
23.6,,,,,35.16
22.9,,,,,35.17
22.1,,,,,35.18
21.7,,,,,35.19
21.4,,,,,35.2
21,,,,,35.21
20.6,,,,,35.22
20.2,,,,,35.23
19.9,,,,,35.24
19.5,,,,,35.25
19.1,,,,,35.26
18.8,,,,,35.27
18.4,,,,,35.28
18.1,,,,,35.29
17.8,,,,,35.3
17.6,,,,,35.31
17.3,,,,,35.32
17,,,,,35.33
16.7,,,,,35.34
16.4,,,,,35.35
16.2,,,,,35.36
15.9,,,,,35.37
15.6,,,,,35.38
15.8,,,,,35.39
16.1,,,,,35.4
16.3,,,,,35.41
16.6,,,,,35.42
16.8,,,,,35.43
17,,,,,35.44
17.3,,,,,35.45
17.5,,,,,35.46
17.8,,,,,35.47
18,,,,,35.48
19.1,,,,,35.49
20.2,,,,,35.5
21.4,,,,,35.51
22.5,,,,,35.52
23.6,,,,,35.53
24.7,,,,,35.54
25.8,,,,,35.55
27,,,,,35.56
28.1,,,,,35.57
29.2,,,,,35.58
29.8,,,,,35.59
30.4,,,,,35.6
30.9,,,,,35.61
31.5,,,,,35.62
32.1,,,,,35.63
32.7,,,,,35.64
33.3,,,,,35.65
33.8,,,,,35.66
34.4,,,,,35.67
35,,,,,35.68
34.5,,,,,35.69
34,,,,,35.7
33.5,,,,,35.71
33,,,,,35.72
32.5,,,,,35.73
32.1,,,,,35.74
31.6,,,,,35.75
31.1,,,,,35.76
30.6,,,,,35.77
30.1,,,,,35.78
28.6,,,,,35.79
27.2,,,,,35.8
25.7,,,,,35.81
24.3,,,,,35.82
22.9,,,,,35.83
21.4,,,,,35.84
20,,,,,35.85
18.5,,,,,35.86
17,,,,,35.87
15.6,,,,,35.88
15.6,,,,,35.89
15.5,,,,,35.9
15.5,,,,,35.91
15.4,,,,,35.92
15.4,,,,,35.93
15.3,,,,,35.94
15.2,,,,,35.95
15.2,,,,,35.96
15.1,,,,,35.97
15.1,,,,,35.98
15.9,,,,,35.99
16.8,,,,,36
17.7,,,,,36.01
18.5,,,,,36.02
19.4,,,,,36.03
20.2,,,,,36.04
21,,,,,36.05
21.9,,,,,36.06
22.7,,,,,36.07
23.6,,,,,36.08
25,,,,,36.09
26.4,,,,,36.1
27.8,,,,,36.11
29.2,,,,,36.12
30.6,,,,,36.13
31.9,,,,,36.14
33.3,,,,,36.15
34.7,,,,,36.16
36.1,,,,,36.17
37.5,,,,,36.18
38.1,,,,,36.19
38.7,,,,,36.2
39.3,,,,,36.21
39.9,,,,,36.22
40.5,,,,,36.23
41.2,,,,,36.24
41.8,,,,,36.25
42.4,,,,,36.26
43,,,,,36.27
43.6,,,,,36.28
42.6,,,,,36.29
41.6,,,,,36.3
40.6,,,,,36.31
39.6,,,,,36.32
38.7,,,,,36.33
37.7,,,,,36.34
36.7,,,,,36.35
35.7,,,,,36.36
34.7,,,,,36.37
33.7,,,,,36.38
33,,,,,36.39
32.3,,,,,36.4
31.6,,,,,36.41
30.9,,,,,36.42
30.2,,,,,36.43
29.6,,,,,36.44
28.9,,,,,36.45
28.2,,,,,36.46
27.5,,,,,36.47
26.8,,,,,36.48
27.1,,,,,36.49
27.5,,,,,36.5
27.9,,,,,36.51
28.2,,,,,36.52
28.6,,,,,36.53
28.9,,,,,36.54
29.2,,,,,36.55
29.6,,,,,36.56
29.9,,,,,36.57
30.3,,,,,36.58
30.5,,,,,36.59
30.8,,,,,36.6
31.1,,,,,36.61
31.3,,,,,36.62
31.6,,,,,36.63
31.8,,,,,36.64
32,,,,,36.65
32.3,,,,,36.66
32.6,,,,,36.67
32.8,,,,,36.68
33.5,,,,,36.69
34.1,,,,,36.7
34.8,,,,,36.71
35.5,,,,,36.72
36.2,,,,,36.73
36.8,,,,,36.74
37.5,,,,,36.75
38.2,,,,,36.76
38.8,,,,,36.77
39.5,,,,,36.78
40.5,,,,,36.79
41.4,,,,,36.8
42.4,,,,,36.81
43.3,,,,,36.82
44.2,,,,,36.83
45.2,,,,,36.84
46.1,,,,,36.85
47.1,,,,,36.86
48.1,,,,,36.87
49,,,,,36.88
48.7,,,,,36.89
48.4,,,,,36.9
48.1,,,,,36.91
47.8,,,,,36.92
47.5,,,,,36.93
47.2,,,,,36.94
46.9,,,,,36.95
46.6,,,,,36.96
46.3,,,,,36.97
46,,,,,36.98
46.3,,,,,36.99
46.6,,,,,37
47,,,,,37.01
47.3,,,,,37.02
47.6,,,,,37.03
47.9,,,,,37.04
48.2,,,,,37.05
48.6,,,,,37.06
48.9,,,,,37.07
49.2,,,,,37.08
48.9,,,,,37.09
48.5,,,,,37.1
48.2,,,,,37.11
47.8,,,,,37.12
47.5,,,,,37.13
47.2,,,,,37.14
46.8,,,,,37.15
46.5,,,,,37.16
46.1,,,,,37.17
45.8,,,,,37.18
45.8,,,,,37.19
45.7,,,,,37.2
45.7,,,,,37.21
45.6,,,,,37.22
45.6,,,,,37.23
45.6,,,,,37.24
45.5,,,,,37.25
45.5,,,,,37.26
45.4,,,,,37.27
45.4,,,,,37.28
45.6,,,,,37.29
45.8,,,,,37.3
46,,,,,37.31
46.2,,,,,37.32
46.4,,,,,37.33
46.6,,,,,37.34
46.8,,,,,37.35
47,,,,,37.36
47.2,,,,,37.37
47.4,,,,,37.38
47.7,,,,,37.39
48.1,,,,,37.4
48.4,,,,,37.41
48.7,,,,,37.42
49.1,,,,,37.43
49.4,,,,,37.44
49.7,,,,,37.45
50,,,,,37.46
50.4,,,,,37.47
50.7,,,,,37.48
49.7,,,,,37.49
48.8,,,,,37.5
47.8,,,,,37.51
46.8,,,,,37.52
45.9,,,,,37.53
44.9,,,,,37.54
43.9,,,,,37.55
42.9,,,,,37.56
42,,,,,37.57
41,,,,,37.58
40.6,,,,,37.59
40.1,,,,,37.6
39.7,,,,,37.61
39.3,,,,,37.62
38.9,,,,,37.63
38.4,,,,,37.64
38,,,,,37.65
37.6,,,,,37.66
37.1,,,,,37.67
36.7,,,,,37.68
34.3,,,,,37.69
32,,,,,37.7
29.6,,,,,37.71
27.2,,,,,37.72
24.9,,,,,37.73
22.5,,,,,37.74
20.1,,,,,37.75
17.7,,,,,37.76
15.4,,,,,37.77
13,,,,,37.78
11.7,,,,,37.79
10.4,,,,,37.8
9.1,,,,,37.81
7.8,,,,,37.82
6.5,,,,,37.83
5.2,,,,,37.84
3.9,,,,,37.85
2.6,,,,,37.86
1.3,,,,,37.87
0,,,,,37.88
0,,,,,37.89
0,,,,,37.9
0,,,,,37.91
0,,,,,37.92
0,,,,,37.93
0,,,,,37.94
0,,,,,37.95
0,,,,,37.96
0,,,,,37.97
0,,,,,37.98
0,,,,,37.99
0,,,,,38
0,,,,,38.01
0,,,,,38.02
0,,,,,38.03
0,,,,,38.04
0,,,,,38.05
0,,,,,38.06
0,,,,,38.07
0,,,,,38.08
0,,,,,38.09
0,,,,,38.1
0,,,,,38.11
0,,,,,38.12
0,,,,,38.13
0,,,,,38.14
0,,,,,38.15
0,,,,,38.16
0,,,,,38.17
0,,,,,38.18
0,,,,,38.19
0,,,,,38.2
0,,,,,38.21
0,,,,,38.22
0,,,,,38.23
0,,,,,38.24
0,,,,,38.25
0,,,,,38.26
0,,,,,38.27
0,,,,,38.28
0,,,,,38.29
0,,,,,38.3
0,,,,,38.31
0,,,,,38.32
0,,,,,38.33
0,,,,,38.34
0,,,,,38.35
0,,,,,38.36
0,,,,,38.37
0,,,,,38.38
0,,,,,38.39
0,,,,,38.4
0,,,,,38.41
0,,,,,38.42
0,,,,,38.43
0,,,,,38.44
0,,,,,38.45
0,,,,,38.46
0,,,,,38.47
0,,,,,38.48
0,,,,,38.49
0,,,,,38.5
0,,,,,38.51
0,,,,,38.52
0,,,,,38.53
0,,,,,38.54
0,,,,,38.55
0,,,,,38.56
0,,,,,38.57
0,,,,,38.58
0,,,,,38.59
0,,,,,38.6
0,,,,,38.61
0,,,,,38.62
0,,,,,38.63
0,,,,,38.64
0,,,,,38.65
0,,,,,38.66
0,,,,,38.67
0,,,,,38.68
0,,,,,38.69
0,,,,,38.7
0,,,,,38.71
0,,,,,38.72
0,,,,,38.73
0,,,,,38.74
0,,,,,38.75
0,,,,,38.76
0,,,,,38.77
0,,,,,38.78
0.3,,,,,38.79
0.5,,,,,38.8
0.8,,,,,38.81
1,,,,,38.82
1.2,,,,,38.83
1.5,,,,,38.84
1.7,,,,,38.85
2,,,,,38.86
2.3,,,,,38.87
2.5,,,,,38.88
3.3,,,,,38.89
4.1,,,,,38.9
4.9,,,,,38.91
5.7,,,,,38.92
6.6,,,,,38.93
7.4,,,,,38.94
8.2,,,,,38.95
9,,,,,38.96
9.8,,,,,38.97
10.6,,,,,38.98
11.1,,,,,38.99
11.6,,,,,39
12.1,,,,,39.01
12.6,,,,,39.02
13.2,,,,,39.03
13.7,,,,,39.04
14.2,,,,,39.05
14.7,,,,,39.06
15.2,,,,,39.07
15.7,,,,,39.08
15.9,,,,,39.09
16.1,,,,,39.1
16.2,,,,,39.11
16.4,,,,,39.12
16.6,,,,,39.13
16.8,,,,,39.14
17,,,,,39.15
17.1,,,,,39.16
17.3,,,,,39.17
17.5,,,,,39.18
17.6,,,,,39.19
17.7,,,,,39.2
17.7,,,,,39.21
17.8,,,,,39.22
17.9,,,,,39.23
18,,,,,39.24
18.1,,,,,39.25
18.1,,,,,39.26
18.2,,,,,39.27
18.3,,,,,39.28
18.4,,,,,39.29
18.4,,,,,39.3
18.5,,,,,39.31
18.6,,,,,39.32
18.6,,,,,39.33
18.7,,,,,39.34
18.8,,,,,39.35
18.9,,,,,39.36
18.9,,,,,39.37
19,,,,,39.38
19,,,,,39.39
19.1,,,,,39.4
19.1,,,,,39.41
19.1,,,,,39.42
19.1,,,,,39.43
19.2,,,,,39.44
19.2,,,,,39.45
19.2,,,,,39.46
19.3,,,,,39.47
19.3,,,,,39.48
18.8,,,,,39.49
18.3,,,,,39.5
17.9,,,,,39.51
17.4,,,,,39.52
16.9,,,,,39.53
16.4,,,,,39.54
15.9,,,,,39.55
15.5,,,,,39.56
15,,,,,39.57
14.5,,,,,39.58
15.4,,,,,39.59
16.2,,,,,39.6
17.1,,,,,39.61
17.9,,,,,39.62
18.8,,,,,39.63
19.7,,,,,39.64
20.5,,,,,39.65
21.4,,,,,39.66
22.2,,,,,39.67
23.1,,,,,39.68
22.4,,,,,39.69
21.7,,,,,39.7
21.1,,,,,39.71
20.4,,,,,39.72
19.7,,,,,39.73
19,,,,,39.74
18.3,,,,,39.75
17.7,,,,,39.76
17,,,,,39.77
16.3,,,,,39.78
16.1,,,,,39.79
15.8,,,,,39.8
15.6,,,,,39.81
15.4,,,,,39.82
15.2,,,,,39.83
14.9,,,,,39.84
14.7,,,,,39.85
14.5,,,,,39.86
14.2,,,,,39.87
14,,,,,39.88
14,,,,,39.89
14,,,,,39.9
14.1,,,,,39.91
14.1,,,,,39.92
14.1,,,,,39.93
14.1,,,,,39.94
14.1,,,,,39.95
14.2,,,,,39.96
14.2,,,,,39.97
14.2,,,,,39.98
14.1,,,,,39.99
14,,,,,40
14,,,,,40.01
13.9,,,,,40.02
13.8,,,,,40.03
13.7,,,,,40.04
13.6,,,,,40.05
13.6,,,,,40.06
13.5,,,,,40.07
13.4,,,,,40.08
13.4,,,,,40.09
13.4,,,,,40.1
13.4,,,,,40.11
13.4,,,,,40.12
13.4,,,,,40.13
13.3,,,,,40.14
13.3,,,,,40.15
13.3,,,,,40.16
13.3,,,,,40.17
13.3,,,,,40.18
13.5,,,,,40.19
13.6,,,,,40.2
13.8,,,,,40.21
14,,,,,40.22
14.2,,,,,40.23
14.3,,,,,40.24
14.5,,,,,40.25
14.7,,,,,40.26
14.8,,,,,40.27
15,,,,,40.28
15.1,,,,,40.29
15.1,,,,,40.3
15.2,,,,,40.31
15.2,,,,,40.32
15.3,,,,,40.33
15.4,,,,,40.34
15.4,,,,,40.35
15.5,,,,,40.36
15.5,,,,,40.37
15.6,,,,,40.38
15.2,,,,,40.39
14.8,,,,,40.4
14.4,,,,,40.41
14,,,,,40.42
13.6,,,,,40.43
13.2,,,,,40.44
12.8,,,,,40.45
12.4,,,,,40.46
12,,,,,40.47
11.6,,,,,40.48
11.5,,,,,40.49
11.3,,,,,40.5
11.2,,,,,40.51
11.1,,,,,40.52
11,,,,,40.53
10.8,,,,,40.54
10.7,,,,,40.55
10.6,,,,,40.56
10.4,,,,,40.57
10.3,,,,,40.58
10.3,,,,,40.59
10.4,,,,,40.6
10.4,,,,,40.61
10.4,,,,,40.62
10.5,,,,,40.63
10.5,,,,,40.64
10.5,,,,,40.65
10.5,,,,,40.66
10.6,,,,,40.67
10.6,,,,,40.68
10.6,,,,,40.69
10.6,,,,,40.7
10.5,,,,,40.71
10.5,,,,,40.72
10.5,,,,,40.73
10.5,,,,,40.74
10.5,,,,,40.75
10.4,,,,,40.76
10.4,,,,,40.77
10.4,,,,,40.78
10.4,,,,,40.79
10.4,,,,,40.8
10.4,,,,,40.81
10.4,,,,,40.82
10.4,,,,,40.83
10.4,,,,,40.84
10.4,,,,,40.85
10.4,,,,,40.86
10.4,,,,,40.87
10.4,,,,,40.88
10.4,,,,,40.89
10.4,,,,,40.9
10.4,,,,,40.91
10.4,,,,,40.92
10.4,,,,,40.93
10.4,,,,,40.94
10.4,,,,,40.95
10.4,,,,,40.96
10.4,,,,,40.97
10.4,,,,,40.98
10.4,,,,,40.99
10.4,,,,,41
10.4,,,,,41.01
10.4,,,,,41.02
10.4,,,,,41.03
10.3,,,,,41.04
10.3,,,,,41.05
10.3,,,,,41.06
10.3,,,,,41.07
10.3,,,,,41.08
10.5,,,,,41.09
10.7,,,,,41.1
10.9,,,,,41.11
11.1,,,,,41.12
11.3,,,,,41.13
11.5,,,,,41.14
11.7,,,,,41.15
11.9,,,,,41.16
12.1,,,,,41.17
12.3,,,,,41.18
12.2,,,,,41.19
12.1,,,,,41.2
12.1,,,,,41.21
12,,,,,41.22
11.9,,,,,41.23
11.8,,,,,41.24
11.7,,,,,41.25
11.7,,,,,41.26
11.6,,,,,41.27
11.5,,,,,41.28
11.5,,,,,41.29
11.5,,,,,41.3
11.5,,,,,41.31
11.5,,,,,41.32
11.5,,,,,41.33
11.5,,,,,41.34
11.5,,,,,41.35
11.5,,,,,41.36
11.5,,,,,41.37
11.5,,,,,41.38
11.6,,,,,41.39
11.7,,,,,41.4
11.7,,,,,41.41
11.8,,,,,41.42
11.9,,,,,41.43
12,,,,,41.44
12.1,,,,,41.45
12.1,,,,,41.46
12.2,,,,,41.47
12.3,,,,,41.48
12.5,,,,,41.49
12.7,,,,,41.5
13,,,,,41.51
13.2,,,,,41.52
13.4,,,,,41.53
13.6,,,,,41.54
13.8,,,,,41.55
14.1,,,,,41.56
14.3,,,,,41.57
14.5,,,,,41.58
14.5,,,,,41.59
14.5,,,,,41.6
14.5,,,,,41.61
14.5,,,,,41.62
14.5,,,,,41.63
14.5,,,,,41.64
14.5,,,,,41.65
14.5,,,,,41.66
14.5,,,,,41.67
14.5,,,,,41.68
14.5,,,,,41.69
14.5,,,,,41.7
14.4,,,,,41.71
14.4,,,,,41.72
14.4,,,,,41.73
14.4,,,,,41.74
14.4,,,,,41.75
14.3,,,,,41.76
14.3,,,,,41.77
14.3,,,,,41.78
14.7,,,,,41.79
15,,,,,41.8
15.4,,,,,41.81
15.7,,,,,41.82
16.1,,,,,41.83
16.4,,,,,41.84
16.7,,,,,41.85
17.1,,,,,41.86
17.5,,,,,41.87
17.8,,,,,41.88
18,,,,,41.89
18.2,,,,,41.9
18.5,,,,,41.91
18.7,,,,,41.92
18.9,,,,,41.93
19.1,,,,,41.94
19.3,,,,,41.95
19.6,,,,,41.96
19.8,,,,,41.97
20,,,,,41.98
20,,,,,41.99
20,,,,,42
20,,,,,42.01
20,,,,,42.02
20,,,,,42.03
20,,,,,42.04
20,,,,,42.05
20,,,,,42.06
20,,,,,42.07
20,,,,,42.08
20.2,,,,,42.09
20.3,,,,,42.1
20.5,,,,,42.11
20.6,,,,,42.12
20.8,,,,,42.13
21,,,,,42.14
21.1,,,,,42.15
21.3,,,,,42.16
21.4,,,,,42.17
21.6,,,,,42.18
21.7,,,,,42.19
21.9,,,,,42.2
22.1,,,,,42.21
22.2,,,,,42.22
22.4,,,,,42.23
22.5,,,,,42.24
22.6,,,,,42.25
22.8,,,,,42.26
23,,,,,42.27
23.1,,,,,42.28
23.2,,,,,42.29
23.2,,,,,42.3
23.3,,,,,42.31
23.3,,,,,42.32
23.4,,,,,42.33
23.4,,,,,42.34
23.4,,,,,42.35
23.5,,,,,42.36
23.6,,,,,42.37
23.6,,,,,42.38
23.3,,,,,42.39
23,,,,,42.4
22.6,,,,,42.41
22.3,,,,,42.42
22,,,,,42.43
21.7,,,,,42.44
21.4,,,,,42.45
21,,,,,42.46
20.7,,,,,42.47
20.4,,,,,42.48
20.2,,,,,42.49
19.9,,,,,42.5
19.7,,,,,42.51
19.4,,,,,42.52
19.2,,,,,42.53
19,,,,,42.54
18.7,,,,,42.55
18.5,,,,,42.56
18.2,,,,,42.57
18,,,,,42.58
18,,,,,42.59
17.9,,,,,42.6
17.9,,,,,42.61
17.8,,,,,42.62
17.8,,,,,42.63
17.8,,,,,42.64
17.7,,,,,42.65
17.7,,,,,42.66
17.6,,,,,42.67
17.6,,,,,42.68
18.1,,,,,42.69
18.6,,,,,42.7
19.2,,,,,42.71
19.7,,,,,42.72
20.2,,,,,42.73
20.7,,,,,42.74
21.2,,,,,42.75
21.8,,,,,42.76
22.3,,,,,42.77
22.8,,,,,42.78
22.9,,,,,42.79
23,,,,,42.8
23.2,,,,,42.81
23.3,,,,,42.82
23.4,,,,,42.83
23.5,,,,,42.84
23.6,,,,,42.85
23.8,,,,,42.86
23.9,,,,,42.87
24,,,,,42.88
22.3,,,,,42.89
20.5,,,,,42.9
18.8,,,,,42.91
17,,,,,42.92
15.3,,,,,42.93
13.6,,,,,42.94
11.8,,,,,42.95
10.1,,,,,42.96
8.3,,,,,42.97
6.6,,,,,42.98
6.1,,,,,42.99
5.7,,,,,43
5.2,,,,,43.01
4.7,,,,,43.02
4.2,,,,,43.03
3.8,,,,,43.04
3.3,,,,,43.05
2.8,,,,,43.06
2.4,,,,,43.07
1.9,,,,,43.08
1.9,,,,,43.09
1.8,,,,,43.1
1.8,,,,,43.11
1.8,,,,,43.12
1.8,,,,,43.13
1.7,,,,,43.14
1.7,,,,,43.15
1.7,,,,,43.16
1.6,,,,,43.17
1.6,,,,,43.18
1.4,,,,,43.19
1.3,,,,,43.2
1.1,,,,,43.21
1,,,,,43.22
0.8,,,,,43.23
0.6,,,,,43.24
0.5,,,,,43.25
0.3,,,,,43.26
0.2,,,,,43.27
0,,,,,43.28
0,,,,,43.29
0,,,,,43.3
0,,,,,43.31
0,,,,,43.32
0,,,,,43.33
0,,,,,43.34
0,,,,,43.35
0,,,,,43.36
0,,,,,43.37
0,,,,,43.38
0,,,,,43.39
0,,,,,43.4
0,,,,,43.41
0,,,,,43.42
0,,,,,43.43
0,,,,,43.44
0,,,,,43.45
0,,,,,43.46
0,,,,,43.47
0,,,,,43.48
0,,,,,43.49
0,,,,,43.5
0,,,,,43.51
0,,,,,43.52
0,,,,,43.53
0,,,,,43.54
0,,,,,43.55
0,,,,,43.56
0,,,,,43.57
0,,,,,43.58
0,,,,,43.59
0,,,,,43.6
0,,,,,43.61
0,,,,,43.62
0,,,,,43.63
0,,,,,43.64
0,,,,,43.65
0,,,,,43.66
0,,,,,43.67
0,,,,,43.68
0,,,,,43.69
0,,,,,43.7
0,,,,,43.71
0,,,,,43.72
0,,,,,43.73
0,,,,,43.74
0,,,,,43.75
0,,,,,43.76
0,,,,,43.77
0,,,,,43.78
0,,,,,43.79
0,,,,,43.8
0,,,,,43.81
0,,,,,43.82
0,,,,,43.83
0,,,,,43.84
0,,,,,43.85
0,,,,,43.86
0,,,,,43.87
0,,,,,43.88
0,,,,,43.89
0,,,,,43.9
0,,,,,43.91
0,,,,,43.92
0,,,,,43.93
0,,,,,43.94
0,,,,,43.95
0,,,,,43.96
0,,,,,43.97
0,,,,,43.98
0,,,,,43.99
0,,,,,44
0,,,,,44.01
0,,,,,44.02
0,,,,,44.03
0,,,,,44.04
0,,,,,44.05
0,,,,,44.06
0,,,,,44.07
0,,,,,44.08
0.1,,,,,44.09
0.2,,,,,44.1
0.3,,,,,44.11
0.4,,,,,44.12
0.6,,,,,44.13
0.7,,,,,44.14
0.8,,,,,44.15
0.9,,,,,44.16
1,,,,,44.17
1.1,,,,,44.18
1.1,,,,,44.19
1.1,,,,,44.2
1.2,,,,,44.21
1.2,,,,,44.22
1.2,,,,,44.23
1.2,,,,,44.24
1.2,,,,,44.25
1.3,,,,,44.26
1.3,,,,,44.27
1.3,,,,,44.28
1.3,,,,,44.29
1.4,,,,,44.3
1.4,,,,,44.31
1.4,,,,,44.32
1.5,,,,,44.33
1.5,,,,,44.34
1.5,,,,,44.35
1.5,,,,,44.36
1.6,,,,,44.37
1.6,,,,,44.38
1.7,,,,,44.39
1.9,,,,,44.4
2,,,,,44.41
2.2,,,,,44.42
2.4,,,,,44.43
2.5,,,,,44.44
2.7,,,,,44.45
2.8,,,,,44.46
3,,,,,44.47
3.1,,,,,44.48
3.2,,,,,44.49
3.3,,,,,44.5
3.5,,,,,44.51
3.6,,,,,44.52
3.7,,,,,44.53
3.8,,,,,44.54
3.9,,,,,44.55
4.1,,,,,44.56
4.2,,,,,44.57
4.3,,,,,44.58
4.1,,,,,44.59
3.9,,,,,44.6
3.7,,,,,44.61
3.5,,,,,44.62
3.4,,,,,44.63
3.2,,,,,44.64
3,,,,,44.65
2.8,,,,,44.66
2.6,,,,,44.67
2.4,,,,,44.68
2.2,,,,,44.69
1.9,,,,,44.7
1.7,,,,,44.71
1.4,,,,,44.72
1.2,,,,,44.73
1,,,,,44.74
0.7,,,,,44.75
0.5,,,,,44.76
0.2,,,,,44.77
0,,,,,44.78
0,,,,,44.79
0,,,,,44.8
0,,,,,44.81
0,,,,,44.82
0,,,,,44.83
0,,,,,44.84
0,,,,,44.85
0,,,,,44.86
0,,,,,44.87
0,,,,,44.88
0,,,,,44.89
0,,,,,44.9
0,,,,,44.91
0,,,,,44.92
0,,,,,44.93
0,,,,,44.94
0,,,,,44.95
0,,,,,44.96
0,,,,,44.97
0,,,,,44.98
0,,,,,44.99
0,,,,,45
0,,,,,45.01
0,,,,,45.02
0,,,,,45.03
0,,,,,45.04
0,,,,,45.05
0,,,,,45.06
0,,,,,45.07
0,,,,,45.08
0.4,,,,,45.09
0.8,,,,,45.1
1.3,,,,,45.11
1.7,,,,,45.12
2.1,,,,,45.13
2.5,,,,,45.14
2.9,,,,,45.15
3.4,,,,,45.16
3.8,,,,,45.17
4.2,,,,,45.18
4.1,,,,,45.19
4,,,,,45.2
4,,,,,45.21
3.9,,,,,45.22
3.8,,,,,45.23
3.7,,,,,45.24
3.6,,,,,45.25
3.6,,,,,45.26
3.5,,,,,45.27
3.4,,,,,45.28
3.7,,,,,45.29
3.9,,,,,45.3
4.2,,,,,45.31
4.4,,,,,45.32
4.7,,,,,45.33
4.9,,,,,45.34
5.1,,,,,45.35
5.4,,,,,45.36
5.7,,,,,45.37
5.9,,,,,45.38
6.5,,,,,45.39
7,,,,,45.4
7.6,,,,,45.41
8.2,,,,,45.42
8.8,,,,,45.43
9.3,,,,,45.44
9.9,,,,,45.45
10.5,,,,,45.46
11,,,,,45.47
11.6,,,,,45.48
11.6,,,,,45.49
11.6,,,,,45.5
11.6,,,,,45.51
11.6,,,,,45.52
11.6,,,,,45.53
11.6,,,,,45.54
11.6,,,,,45.55
11.6,,,,,45.56
11.6,,,,,45.57
11.6,,,,,45.58
11.5,,,,,45.59
11.5,,,,,45.6
11.4,,,,,45.61
11.4,,,,,45.62
11.3,,,,,45.63
11.2,,,,,45.64
11.2,,,,,45.65
11.1,,,,,45.66
11.1,,,,,45.67
11,,,,,45.68
11,,,,,45.69
11.1,,,,,45.7
11.1,,,,,45.71
11.1,,,,,45.72
11.2,,,,,45.73
11.2,,,,,45.74
11.2,,,,,45.75
11.2,,,,,45.76
11.3,,,,,45.77
11.3,,,,,45.78
11,,,,,45.79
10.7,,,,,45.8
10.4,,,,,45.81
10.1,,,,,45.82
9.9,,,,,45.83
9.6,,,,,45.84
9.3,,,,,45.85
9,,,,,45.86
8.7,,,,,45.87
8.4,,,,,45.88
8.2,,,,,45.89
8,,,,,45.9
7.7,,,,,45.91
7.5,,,,,45.92
7.3,,,,,45.93
7.1,,,,,45.94
6.9,,,,,45.95
6.6,,,,,45.96
6.4,,,,,45.97
6.2,,,,,45.98
6.2,,,,,45.99
6.2,,,,,46
6.1,,,,,46.01
6.1,,,,,46.02
6.1,,,,,46.03
6.1,,,,,46.04
6.1,,,,,46.05
6,,,,,46.06
6,,,,,46.07
6,,,,,46.08
6.5,,,,,46.09
7.1,,,,,46.1
7.6,,,,,46.11
8.1,,,,,46.12
8.7,,,,,46.13
9.2,,,,,46.14
9.7,,,,,46.15
10.2,,,,,46.16
10.8,,,,,46.17
11.3,,,,,46.18
12.2,,,,,46.19
13.1,,,,,46.2
14,,,,,46.21
14.9,,,,,46.22
15.9,,,,,46.23
16.8,,,,,46.24
17.7,,,,,46.25
18.6,,,,,46.26
19.5,,,,,46.27
20.4,,,,,46.28
20.6,,,,,46.29
20.8,,,,,46.3
21,,,,,46.31
21.2,,,,,46.32
21.4,,,,,46.33
21.6,,,,,46.34
21.8,,,,,46.35
22,,,,,46.36
22.2,,,,,46.37
22.4,,,,,46.38
22.5,,,,,46.39
22.7,,,,,46.4
22.8,,,,,46.41
23,,,,,46.42
23.2,,,,,46.43
23.3,,,,,46.44
23.5,,,,,46.45
23.6,,,,,46.46
23.8,,,,,46.47
23.9,,,,,46.48
25.1,,,,,46.49
26.3,,,,,46.5
27.6,,,,,46.51
28.8,,,,,46.52
30,,,,,46.53
31.2,,,,,46.54
32.4,,,,,46.55
33.7,,,,,46.56
34.9,,,,,46.57
36.1,,,,,46.58
37.6,,,,,46.59
39,,,,,46.6
40.5,,,,,46.61
42,,,,,46.62
43.5,,,,,46.63
44.9,,,,,46.64
46.4,,,,,46.65
47.9,,,,,46.66
49.3,,,,,46.67
50.8,,,,,46.68
50.8,,,,,46.69
50.8,,,,,46.7
50.9,,,,,46.71
50.9,,,,,46.72
50.9,,,,,46.73
50.9,,,,,46.74
50.9,,,,,46.75
51,,,,,46.76
51,,,,,46.77
51,,,,,46.78
50.6,,,,,46.79
50.3,,,,,46.8
49.9,,,,,46.81
49.5,,,,,46.82
49.2,,,,,46.83
48.8,,,,,46.84
48.4,,,,,46.85
48,,,,,46.86
47.7,,,,,46.87
47.3,,,,,46.88
47.7,,,,,46.89
48.2,,,,,46.9
48.6,,,,,46.91
49,,,,,46.92
49.5,,,,,46.93
49.9,,,,,46.94
50.3,,,,,46.95
50.7,,,,,46.96
51.2,,,,,46.97
51.6,,,,,46.98
52.2,,,,,46.99
52.8,,,,,47
53.3,,,,,47.01
53.9,,,,,47.02
54.5,,,,,47.03
55.1,,,,,47.04
55.7,,,,,47.05
56.2,,,,,47.06
56.8,,,,,47.07
57.4,,,,,47.08
57.8,,,,,47.09
58.2,,,,,47.1
58.5,,,,,47.11
58.9,,,,,47.12
59.3,,,,,47.13
59.7,,,,,47.14
60.1,,,,,47.15
60.4,,,,,47.16
60.8,,,,,47.17
61.2,,,,,47.18
61.4,,,,,47.19
61.6,,,,,47.2
61.8,,,,,47.21
62,,,,,47.22
62.2,,,,,47.23
62.5,,,,,47.24
62.7,,,,,47.25
62.9,,,,,47.26
63.1,,,,,47.27
63.3,,,,,47.28
63.1,,,,,47.29
62.9,,,,,47.3
62.7,,,,,47.31
62.5,,,,,47.32
62.2,,,,,47.33
62,,,,,47.34
61.8,,,,,47.35
61.6,,,,,47.36
61.4,,,,,47.37
61.2,,,,,47.38
61.2,,,,,47.39
61.2,,,,,47.4
61.2,,,,,47.41
61.2,,,,,47.42
61.2,,,,,47.43
61.3,,,,,47.44
61.3,,,,,47.45
61.3,,,,,47.46
61.3,,,,,47.47
61.3,,,,,47.48
61.6,,,,,47.49
62,,,,,47.5
62.4,,,,,47.51
62.7,,,,,47.52
63,,,,,47.53
63.4,,,,,47.54
63.7,,,,,47.55
64.1,,,,,47.56
64.4,,,,,47.57
64.8,,,,,47.58
64.7,,,,,47.59
64.6,,,,,47.6
64.4,,,,,47.61
64.3,,,,,47.62
64.2,,,,,47.63
64.1,,,,,47.64
64,,,,,47.65
63.8,,,,,47.66
63.7,,,,,47.67
63.6,,,,,47.68
63.7,,,,,47.69
63.8,,,,,47.7
63.9,,,,,47.71
64,,,,,47.72
64,,,,,47.73
64.1,,,,,47.74
64.2,,,,,47.75
64.3,,,,,47.76
64.4,,,,,47.77
64.5,,,,,47.78
65.1,,,,,47.79
65.7,,,,,47.8
66.3,,,,,47.81
66.9,,,,,47.82
67.6,,,,,47.83
68.2,,,,,47.84
68.8,,,,,47.85
69.4,,,,,47.86
70,,,,,47.87
70.6,,,,,47.88
70.4,,,,,47.89
70.1,,,,,47.9
69.9,,,,,47.91
69.7,,,,,47.92
69.5,,,,,47.93
69.2,,,,,47.94
69,,,,,47.95
68.8,,,,,47.96
68.5,,,,,47.97
68.3,,,,,47.98
67.7,,,,,47.99
67,,,,,48
66.3,,,,,48.01
65.7,,,,,48.02
65,,,,,48.03
64.4,,,,,48.04
63.8,,,,,48.05
63.1,,,,,48.06
62.5,,,,,48.07
61.8,,,,,48.08
62.2,,,,,48.09
62.7,,,,,48.1
63.1,,,,,48.11
63.6,,,,,48.12
64,,,,,48.13
64.4,,,,,48.14
64.9,,,,,48.15
65.3,,,,,48.16
65.8,,,,,48.17
66.2,,,,,48.18
66.6,,,,,48.19
67.1,,,,,48.2
67.6,,,,,48.21
68,,,,,48.22
68.5,,,,,48.23
68.9,,,,,48.24
69.3,,,,,48.25
69.8,,,,,48.26
70.3,,,,,48.27
70.7,,,,,48.28
72,,,,,48.29
73.3,,,,,48.3
74.7,,,,,48.31
76,,,,,48.32
77.3,,,,,48.33
78.6,,,,,48.34
79.9,,,,,48.35
81.3,,,,,48.36
82.6,,,,,48.37
83.9,,,,,48.38
84,,,,,48.39
84.1,,,,,48.4
84.2,,,,,48.41
84.3,,,,,48.42
84.4,,,,,48.43
84.5,,,,,48.44
84.6,,,,,48.45
84.7,,,,,48.46
84.8,,,,,48.47
84.9,,,,,48.48
76.6,,,,,48.49
68.3,,,,,48.5
60,,,,,48.51
51.7,,,,,48.52
43.4,,,,,48.53
35.1,,,,,48.54
26.8,,,,,48.55
18.5,,,,,48.56
10.2,,,,,48.57
1.9,,,,,48.58
1.7,,,,,48.59
1.5,,,,,48.6
1.3,,,,,48.61
1.1,,,,,48.62
1,,,,,48.63
0.8,,,,,48.64
0.6,,,,,48.65
0.4,,,,,48.66
0.2,,,,,48.67
0,,,,,48.68
0,,,,,48.69
0,,,,,48.7
0,,,,,48.71
0,,,,,48.72
0,,,,,48.73
0,,,,,48.74
0,,,,,48.75
0,,,,,48.76
0,,,,,48.77
0,,,,,48.78
0,,,,,48.79
0,,,,,48.8
0,,,,,48.81
0,,,,,48.82
0,,,,,48.83
0,,,,,48.84
0,,,,,48.85
0,,,,,48.86
0,,,,,48.87
0,,,,,48.88
0,,,,,48.89
0,,,,,48.9
0,,,,,48.91
0,,,,,48.92
0,,,,,48.93
0,,,,,48.94
0,,,,,48.95
0,,,,,48.96
0,,,,,48.97
0,,,,,48.98
0,,,,,48.99
0,,,,,49
0,,,,,49.01
0,,,,,49.02
0,,,,,49.03
0,,,,,49.04
0,,,,,49.05
0,,,,,49.06
0,,,,,49.07
0,,,,,49.08
0,,,,,49.09
0,,,,,49.1
0,,,,,49.11
0,,,,,49.12
0,,,,,49.13
0,,,,,49.14
0,,,,,49.15
0,,,,,49.16
0,,,,,49.17
0,,,,,49.18
0,,,,,49.19
0,,,,,49.2
0,,,,,49.21
0,,,,,49.22
0,,,,,49.23
0,,,,,49.24
0,,,,,49.25
0,,,,,49.26
0,,,,,49.27
0,,,,,49.28
0,,,,,49.29
0,,,,,49.3
0,,,,,49.31
0,,,,,49.32
0,,,,,49.33
0,,,,,49.34
0,,,,,49.35
0,,,,,49.36
0,,,,,49.37
0,,,,,49.38
0,,,,,49.39
0,,,,,49.4
0,,,,,49.41
0,,,,,49.42
0,,,,,49.43
0,,,,,49.44
0,,,,,49.45
0,,,,,49.46
0,,,,,49.47
0,,,,,49.48
0,,,,,49.49
0,,,,,49.5
0,,,,,49.51
0,,,,,49.52
0,,,,,49.53
0,,,,,49.54
0,,,,,49.55
0,,,,,49.56
0,,,,,49.57
0,,,,,49.58
0,,,,,49.59
0,,,,,49.6
0,,,,,49.61
0,,,,,49.62
0,,,,,49.63
0,,,,,49.64
0,,,,,49.65
0,,,,,49.66
0,,,,,49.67
0,,,,,49.68
0,,,,,49.69
0,,,,,49.7
0,,,,,49.71
0,,,,,49.72
0,,,,,49.73
0,,,,,49.74
0,,,,,49.75
0,,,,,49.76
0,,,,,49.77
0,,,,,49.78
0,,,,,49.79
0,,,,,49.8
0,,,,,49.81
0,,,,,49.82
0,,,,,49.83
0,,,,,49.84
0,,,,,49.85
0,,,,,49.86
0,,,,,49.87
0,,,,,49.88
0,,,,,49.89
0,,,,,49.9
0,,,,,49.91
0,,,,,49.92
0,,,,,49.93
0,,,,,49.94
0,,,,,49.95
0,,,,,49.96
0,,,,,49.97
0,,,,,49.98
0,,,,,49.99
0,,,,,50
0,,,,,50.01
0,,,,,50.02
0,,,,,50.03
0,,,,,50.04
0,,,,,50.05
0,,,,,50.06
0,,,,,50.07
0,,,,,50.08
0,,,,,50.09
0,,,,,50.1
0,,,,,50.11
0,,,,,50.12
0,,,,,50.13
0,,,,,50.14
0,,,,,50.15
0,,,,,50.16
0,,,,,50.17
0,,,,,50.18
0,,,,,50.19
0,,,,,50.2
0,,,,,50.21
0,,,,,50.22
0,,,,,50.23
0,,,,,50.24
0,,,,,50.25
0,,,,,50.26
0,,,,,50.27
0,,,,,50.28
0,,,,,50.29
0,,,,,50.3
0,,,,,50.31
0,,,,,50.32
0,,,,,50.33
0,,,,,50.34
0,,,,,50.35
0,,,,,50.36
0,,,,,50.37
0,,,,,50.38
0,,,,,50.39
0,,,,,50.4
0,,,,,50.41
0,,,,,50.42
0,,,,,50.43
0,,,,,50.44
0,,,,,50.45
0,,,,,50.46
0,,,,,50.47
0,,,,,50.48
0.1,,,,,50.49
0.1,,,,,50.5
0.2,,,,,50.51
0.2,,,,,50.52
0.3,,,,,50.53
0.4,,,,,50.54
0.4,,,,,50.55
0.5,,,,,50.56
0.5,,,,,50.57
0.6,,,,,50.58
0.7,,,,,50.59
0.7,,,,,50.6
0.8,,,,,50.61
0.9,,,,,50.62
1,,,,,50.63
1,,,,,50.64
1.1,,,,,50.65
1.2,,,,,50.66
1.2,,,,,50.67
1.3,,,,,50.68
2,,,,,50.69
2.6,,,,,50.7
3.3,,,,,50.71
4,,,,,50.72
4.7,,,,,50.73
5.3,,,,,50.74
6,,,,,50.75
6.7,,,,,50.76
7.3,,,,,50.77
8,,,,,50.78
8.2,,,,,50.79
8.4,,,,,50.8
8.5,,,,,50.81
8.7,,,,,50.82
8.9,,,,,50.83
9.1,,,,,50.84
9.3,,,,,50.85
9.4,,,,,50.86
9.6,,,,,50.87
9.8,,,,,50.88
9.9,,,,,50.89
10.1,,,,,50.9
10.2,,,,,50.91
10.4,,,,,50.92
10.5,,,,,50.93
10.6,,,,,50.94
10.8,,,,,50.95
10.9,,,,,50.96
11.1,,,,,50.97
11.2,,,,,50.98
11,,,,,50.99
10.8,,,,,51
10.5,,,,,51.01
10.3,,,,,51.02
10.1,,,,,51.03
9.9,,,,,51.04
9.7,,,,,51.05
9.4,,,,,51.06
9.2,,,,,51.07
9,,,,,51.08
8.1,,,,,51.09
7.2,,,,,51.1
6.3,,,,,51.11
5.4,,,,,51.12
4.5,,,,,51.13
3.6,,,,,51.14
2.7,,,,,51.15
1.8,,,,,51.16
0.9,,,,,51.17
0,,,,,51.18
0,,,,,51.19
0,,,,,51.2
0,,,,,51.21
0,,,,,51.22
0,,,,,51.23
0,,,,,51.24
0,,,,,51.25
0,,,,,51.26
0,,,,,51.27
0,,,,,51.28
0.2,,,,,51.29
0.5,,,,,51.3
0.7,,,,,51.31
1,,,,,51.32
1.2,,,,,51.33
1.4,,,,,51.34
1.7,,,,,51.35
1.9,,,,,51.36
2.2,,,,,51.37
2.4,,,,,51.38
4.1,,,,,51.39
5.8,,,,,51.4
7.5,,,,,51.41
9.2,,,,,51.42
10.9,,,,,51.43
12.5,,,,,51.44
14.2,,,,,51.45
15.9,,,,,51.46
17.6,,,,,51.47
19.3,,,,,51.48
19.5,,,,,51.49
19.7,,,,,51.5
20,,,,,51.51
20.2,,,,,51.52
20.4,,,,,51.53
20.6,,,,,51.54
20.8,,,,,51.55
21.1,,,,,51.56
21.3,,,,,51.57
21.5,,,,,51.58
21.5,,,,,51.59
21.5,,,,,51.6
21.4,,,,,51.61
21.4,,,,,51.62
21.4,,,,,51.63
21.4,,,,,51.64
21.4,,,,,51.65
21.3,,,,,51.66
21.3,,,,,51.67
21.3,,,,,51.68
21.2,,,,,51.69
21.2,,,,,51.7
21.1,,,,,51.71
21.1,,,,,51.72
21,,,,,51.73
20.9,,,,,51.74
20.9,,,,,51.75
20.8,,,,,51.76
20.8,,,,,51.77
20.7,,,,,51.78
20.8,,,,,51.79
20.8,,,,,51.8
20.9,,,,,51.81
20.9,,,,,51.82
21,,,,,51.83
21.1,,,,,51.84
21.1,,,,,51.85
21.2,,,,,51.86
21.2,,,,,51.87
21.3,,,,,51.88
21.2,,,,,51.89
21.1,,,,,51.9
21,,,,,51.91
20.9,,,,,51.92
20.9,,,,,51.93
20.8,,,,,51.94
20.7,,,,,51.95
20.6,,,,,51.96
20.5,,,,,51.97
20.4,,,,,51.98
20.5,,,,,51.99
20.6,,,,,52
20.7,,,,,52.01
20.8,,,,,52.02
21,,,,,52.03
21.1,,,,,52.04
21.2,,,,,52.05
21.3,,,,,52.06
21.4,,,,,52.07
21.5,,,,,52.08
21.6,,,,,52.09
21.8,,,,,52.1
22,,,,,52.11
22.1,,,,,52.12
22.2,,,,,52.13
22.4,,,,,52.14
22.5,,,,,52.15
22.7,,,,,52.16
22.9,,,,,52.17
23,,,,,52.18
22.8,,,,,52.19
22.5,,,,,52.2
22.3,,,,,52.21
22,,,,,52.22
21.8,,,,,52.23
21.6,,,,,52.24
21.3,,,,,52.25
21.1,,,,,52.26
20.8,,,,,52.27
20.6,,,,,52.28
20.3,,,,,52.29
20,,,,,52.3
19.7,,,,,52.31
19.4,,,,,52.32
19.1,,,,,52.33
18.8,,,,,52.34
18.5,,,,,52.35
18.2,,,,,52.36
17.9,,,,,52.37
17.6,,,,,52.38
17.1,,,,,52.39
16.5,,,,,52.4
16,,,,,52.41
15.4,,,,,52.42
14.9,,,,,52.43
14.3,,,,,52.44
13.7,,,,,52.45
13.2,,,,,52.46
12.6,,,,,52.47
12.1,,,,,52.48
10.9,,,,,52.49
9.7,,,,,52.5
8.6,,,,,52.51
7.4,,,,,52.52
6.2,,,,,52.53
5,,,,,52.54
3.8,,,,,52.55
2.7,,,,,52.56
1.5,,,,,52.57
0.3,,,,,52.58
0.3,,,,,52.59
0.4,,,,,52.6
0.4,,,,,52.61
0.4,,,,,52.62
0.5,,,,,52.63
0.5,,,,,52.64
0.5,,,,,52.65
0.5,,,,,52.66
0.6,,,,,52.67
0.6,,,,,52.68
1.1,,,,,52.69
1.5,,,,,52.7
2,,,,,52.71
2.4,,,,,52.72
2.9,,,,,52.73
3.4,,,,,52.74
3.8,,,,,52.75
4.3,,,,,52.76
4.7,,,,,52.77
5.2,,,,,52.78
5.5,,,,,52.79
5.8,,,,,52.8
6.1,,,,,52.81
6.4,,,,,52.82
6.7,,,,,52.83
6.9,,,,,52.84
7.2,,,,,52.85
7.5,,,,,52.86
7.8,,,,,52.87
8.1,,,,,52.88
8.7,,,,,52.89
9.3,,,,,52.9
9.9,,,,,52.91
10.5,,,,,52.92
11.2,,,,,52.93
11.8,,,,,52.94
12.4,,,,,52.95
13,,,,,52.96
13.6,,,,,52.97
14.2,,,,,52.98
14.8,,,,,52.99
15.4,,,,,53
16.1,,,,,53.01
16.7,,,,,53.02
17.3,,,,,53.03
17.9,,,,,53.04
18.5,,,,,53.05
19.2,,,,,53.06
19.8,,,,,53.07
20.4,,,,,53.08
20.2,,,,,53.09
20.1,,,,,53.1
19.9,,,,,53.11
19.7,,,,,53.12
19.6,,,,,53.13
19.4,,,,,53.14
19.2,,,,,53.15
19,,,,,53.16
18.9,,,,,53.17
18.7,,,,,53.18
18.4,,,,,53.19
18,,,,,53.2
17.7,,,,,53.21
17.3,,,,,53.22
17,,,,,53.23
16.7,,,,,53.24
16.3,,,,,53.25
16,,,,,53.26
15.6,,,,,53.27
15.3,,,,,53.28
15.5,,,,,53.29
15.8,,,,,53.3
16,,,,,53.31
16.2,,,,,53.32
16.5,,,,,53.33
16.7,,,,,53.34
16.9,,,,,53.35
17.1,,,,,53.36
17.4,,,,,53.37
17.6,,,,,53.38
18.6,,,,,53.39
19.6,,,,,53.4
20.6,,,,,53.41
21.6,,,,,53.42
22.6,,,,,53.43
23.5,,,,,53.44
24.5,,,,,53.45
25.5,,,,,53.46
26.5,,,,,53.47
27.5,,,,,53.48
27.9,,,,,53.49
28.3,,,,,53.5
28.7,,,,,53.51
29.1,,,,,53.52
29.5,,,,,53.53
29.9,,,,,53.54
30.3,,,,,53.55
30.7,,,,,53.56
31.1,,,,,53.57
31.5,,,,,53.58
31.7,,,,,53.59
31.8,,,,,53.6
32,,,,,53.61
32.1,,,,,53.62
32.3,,,,,53.63
32.5,,,,,53.64
32.6,,,,,53.65
32.8,,,,,53.66
32.9,,,,,53.67
33.1,,,,,53.68
32.5,,,,,53.69
32,,,,,53.7
31.4,,,,,53.71
30.8,,,,,53.72
30.2,,,,,53.73
29.7,,,,,53.74
29.1,,,,,53.75
28.5,,,,,53.76
28,,,,,53.77
27.4,,,,,53.78
28,,,,,53.79
28.5,,,,,53.8
29.1,,,,,53.81
29.6,,,,,53.82
30.2,,,,,53.83
30.8,,,,,53.84
31.3,,,,,53.85
31.9,,,,,53.86
32.4,,,,,53.87
33,,,,,53.88
33.6,,,,,53.89
34.2,,,,,53.9
34.9,,,,,53.91
35.5,,,,,53.92
36.1,,,,,53.93
36.7,,,,,53.94
37.3,,,,,53.95
38,,,,,53.96
38.6,,,,,53.97
39.2,,,,,53.98
39.1,,,,,53.99
39.1,,,,,54
39,,,,,54.01
39,,,,,54.02
38.9,,,,,54.03
38.8,,,,,54.04
38.8,,,,,54.05
38.7,,,,,54.06
38.7,,,,,54.07
38.6,,,,,54.08
39.3,,,,,54.09
40,,,,,54.1
40.7,,,,,54.11
41.4,,,,,54.12
42.2,,,,,54.13
42.9,,,,,54.14
43.6,,,,,54.15
44.3,,,,,54.16
45,,,,,54.17
45.7,,,,,54.18
45.7,,,,,54.19
45.7,,,,,54.2
45.6,,,,,54.21
45.6,,,,,54.22
45.6,,,,,54.23
45.6,,,,,54.24
45.6,,,,,54.25
45.5,,,,,54.26
45.5,,,,,54.27
45.5,,,,,54.28
45.3,,,,,54.29
45.1,,,,,54.3
45,,,,,54.31
44.8,,,,,54.32
44.6,,,,,54.33
44.4,,,,,54.34
44.2,,,,,54.35
44.1,,,,,54.36
43.9,,,,,54.37
43.7,,,,,54.38
43.7,,,,,54.39
43.7,,,,,54.4
43.7,,,,,54.41
43.7,,,,,54.42
43.7,,,,,54.43
43.6,,,,,54.44
43.6,,,,,54.45
43.6,,,,,54.46
43.6,,,,,54.47
43.6,,,,,54.48
43.5,,,,,54.49
43.4,,,,,54.5
43.3,,,,,54.51
43.2,,,,,54.52
43.2,,,,,54.53
43.1,,,,,54.54
43,,,,,54.55
42.9,,,,,54.56
42.8,,,,,54.57
42.7,,,,,54.58
43.1,,,,,54.59
43.4,,,,,54.6
43.8,,,,,54.61
44.1,,,,,54.62
44.5,,,,,54.63
44.9,,,,,54.64
45.2,,,,,54.65
45.6,,,,,54.66
45.9,,,,,54.67
46.3,,,,,54.68
46.7,,,,,54.69
47.2,,,,,54.7
47.6,,,,,54.71
48.1,,,,,54.72
48.5,,,,,54.73
48.9,,,,,54.74
49.4,,,,,54.75
49.8,,,,,54.76
50.3,,,,,54.77
50.7,,,,,54.78
51,,,,,54.79
51.3,,,,,54.8
51.6,,,,,54.81
51.9,,,,,54.82
52.2,,,,,54.83
52.4,,,,,54.84
52.7,,,,,54.85
53,,,,,54.86
53.3,,,,,54.87
53.6,,,,,54.88
54.5,,,,,54.89
55.4,,,,,54.9
56.2,,,,,54.91
57.1,,,,,54.92
58,,,,,54.93
58.9,,,,,54.94
59.8,,,,,54.95
60.6,,,,,54.96
61.5,,,,,54.97
62.4,,,,,54.98
63,,,,,54.99
63.6,,,,,55
64.2,,,,,55.01
64.8,,,,,55.02
65.3,,,,,55.03
65.9,,,,,55.04
66.5,,,,,55.05
67.1,,,,,55.06
67.7,,,,,55.07
68.3,,,,,55.08
67.7,,,,,55.09
67.2,,,,,55.1
66.6,,,,,55.11
66.1,,,,,55.12
65.5,,,,,55.13
64.9,,,,,55.14
64.4,,,,,55.15
63.8,,,,,55.16
63.3,,,,,55.17
62.7,,,,,55.18
61.9,,,,,55.19
61,,,,,55.2
60.1,,,,,55.21
59.3,,,,,55.22
58.5,,,,,55.23
57.6,,,,,55.24
56.8,,,,,55.25
55.9,,,,,55.26
55,,,,,55.27
54.2,,,,,55.28
54.6,,,,,55.29
54.9,,,,,55.3
55.3,,,,,55.31
55.6,,,,,55.32
56,,,,,55.33
56.4,,,,,55.34
56.7,,,,,55.35
57.1,,,,,55.36
57.4,,,,,55.37
57.8,,,,,55.38
57.9,,,,,55.39
57.9,,,,,55.4
58,,,,,55.41
58,,,,,55.42
58.1,,,,,55.43
58.2,,,,,55.44
58.2,,,,,55.45
58.3,,,,,55.46
58.3,,,,,55.47
58.4,,,,,55.48
58.3,,,,,55.49
58.2,,,,,55.5
58,,,,,55.51
57.9,,,,,55.52
57.8,,,,,55.53
57.7,,,,,55.54
57.6,,,,,55.55
57.4,,,,,55.56
57.3,,,,,55.57
57.2,,,,,55.58
56.7,,,,,55.59
56.3,,,,,55.6
55.8,,,,,55.61
55.3,,,,,55.62
54.9,,,,,55.63
54.4,,,,,55.64
53.9,,,,,55.65
53.4,,,,,55.66
53,,,,,55.67
52.5,,,,,55.68
52.2,,,,,55.69
51.9,,,,,55.7
51.6,,,,,55.71
51.3,,,,,55.72
51,,,,,55.73
50.7,,,,,55.74
50.4,,,,,55.75
50.1,,,,,55.76
49.8,,,,,55.77
49.5,,,,,55.78
49.9,,,,,55.79
50.3,,,,,55.8
50.6,,,,,55.81
51,,,,,55.82
51.4,,,,,55.83
51.8,,,,,55.84
52.2,,,,,55.85
52.5,,,,,55.86
52.9,,,,,55.87
53.3,,,,,55.88
53.4,,,,,55.89
53.5,,,,,55.9
53.6,,,,,55.91
53.7,,,,,55.92
53.8,,,,,55.93
53.8,,,,,55.94
53.9,,,,,55.95
54,,,,,55.96
54.1,,,,,55.97
54.2,,,,,55.98
52.8,,,,,55.99
51.5,,,,,56
50.1,,,,,56.01
48.7,,,,,56.02
47.4,,,,,56.03
46,,,,,56.04
44.6,,,,,56.05
43.2,,,,,56.06
41.9,,,,,56.07
40.5,,,,,56.08
38.2,,,,,56.09
35.8,,,,,56.1
33.5,,,,,56.11
31.2,,,,,56.12
28.9,,,,,56.13
26.5,,,,,56.14
24.2,,,,,56.15
21.9,,,,,56.16
19.5,,,,,56.17
17.2,,,,,56.18
15.5,,,,,56.19
13.8,,,,,56.2
12,,,,,56.21
10.3,,,,,56.22
8.6,,,,,56.23
6.9,,,,,56.24
5.2,,,,,56.25
3.4,,,,,56.26
1.7,,,,,56.27
0,,,,,56.28
0,,,,,56.29
0,,,,,56.3
0,,,,,56.31
0,,,,,56.32
0,,,,,56.33
0,,,,,56.34
0,,,,,56.35
0,,,,,56.36
0,,,,,56.37
0,,,,,56.38
0,,,,,56.39
0,,,,,56.4
0,,,,,56.41
0,,,,,56.42
0,,,,,56.43
0,,,,,56.44
0,,,,,56.45
0,,,,,56.46
0,,,,,56.47
0,,,,,56.48
0,,,,,56.49
0,,,,,56.5
0,,,,,56.51
0,,,,,56.52
0,,,,,56.53
0,,,,,56.54
0,,,,,56.55
0,,,,,56.56
0,,,,,56.57
0,,,,,56.58
0,,,,,56.59
0,,,,,56.6
0,,,,,56.61
0,,,,,56.62
0,,,,,56.63
0,,,,,56.64
0,,,,,56.65
0,,,,,56.66
0,,,,,56.67
0,,,,,56.68
0,,,,,56.69
0,,,,,56.7
0,,,,,56.71
0,,,,,56.72
0,,,,,56.73
0,,,,,56.74
0,,,,,56.75
0,,,,,56.76
0,,,,,56.77
0,,,,,56.78
0,,,,,56.79
0,,,,,56.8
0,,,,,56.81
0,,,,,56.82
0,,,,,56.83
0,,,,,56.84
0,,,,,56.85
0,,,,,56.86
0,,,,,56.87
0,,,,,56.88
0.1,,,,,56.89
0.3,,,,,56.9
0.4,,,,,56.91
0.5,,,,,56.92
0.7,,,,,56.93
0.8,,,,,56.94
0.9,,,,,56.95
1,,,,,56.96
1.2,,,,,56.97
1.3,,,,,56.98
1.4,,,,,56.99
1.6,,,,,57
1.7,,,,,57.01
1.9,,,,,57.02
2,,,,,57.03
2.1,,,,,57.04
2.3,,,,,57.05
2.4,,,,,57.06
2.6,,,,,57.07
2.7,,,,,57.08
2.8,,,,,57.09
2.8,,,,,57.1
2.9,,,,,57.11
3,,,,,57.12
3.1,,,,,57.13
3.1,,,,,57.14
3.2,,,,,57.15
3.3,,,,,57.16
3.3,,,,,57.17
3.4,,,,,57.18
3.4,,,,,57.19
3.4,,,,,57.2
3.5,,,,,57.21
3.5,,,,,57.22
3.5,,,,,57.23
3.5,,,,,57.24
3.5,,,,,57.25
3.6,,,,,57.26
3.6,,,,,57.27
3.6,,,,,57.28
3.6,,,,,57.29
3.6,,,,,57.3
3.6,,,,,57.31
3.6,,,,,57.32
3.6,,,,,57.33
3.6,,,,,57.34
3.6,,,,,57.35
3.6,,,,,57.36
3.6,,,,,57.37
3.6,,,,,57.38
3.6,,,,,57.39
3.6,,,,,57.4
3.5,,,,,57.41
3.5,,,,,57.42
3.5,,,,,57.43
3.5,,,,,57.44
3.5,,,,,57.45
3.4,,,,,57.46
3.4,,,,,57.47
3.4,,,,,57.48
3.4,,,,,57.49
3.4,,,,,57.5
3.4,,,,,57.51
3.4,,,,,57.52
3.4,,,,,57.53
3.4,,,,,57.54
3.4,,,,,57.55
3.4,,,,,57.56
3.4,,,,,57.57
3.4,,,,,57.58
3.6,,,,,57.59
3.8,,,,,57.6
4,,,,,57.61
4.2,,,,,57.62
4.5,,,,,57.63
4.7,,,,,57.64
4.9,,,,,57.65
5.1,,,,,57.66
5.3,,,,,57.67
5.5,,,,,57.68
6.1,,,,,57.69
6.7,,,,,57.7
7.3,,,,,57.71
7.9,,,,,57.72
8.5,,,,,57.73
9.1,,,,,57.74
9.7,,,,,57.75
10.3,,,,,57.76
10.9,,,,,57.77
11.5,,,,,57.78
12.5,,,,,57.79
13.6,,,,,57.8
14.6,,,,,57.81
15.7,,,,,57.82
16.7,,,,,57.83
17.7,,,,,57.84
18.8,,,,,57.85
19.8,,,,,57.86
20.9,,,,,57.87
21.9,,,,,57.88
22.7,,,,,57.89
23.6,,,,,57.9
24.4,,,,,57.91
25.3,,,,,57.92
26.2,,,,,57.93
27,,,,,57.94
27.9,,,,,57.95
28.7,,,,,57.96
29.6,,,,,57.97
30.4,,,,,57.98
31,,,,,57.99
31.6,,,,,58
32.2,,,,,58.01
32.8,,,,,58.02
33.4,,,,,58.03
34,,,,,58.04
34.6,,,,,58.05
35.2,,,,,58.06
35.8,,,,,58.07
36.4,,,,,58.08
36.9,,,,,58.09
37.5,,,,,58.1
38.1,,,,,58.11
38.6,,,,,58.12
39.2,,,,,58.13
39.7,,,,,58.14
40.2,,,,,58.15
40.8,,,,,58.16
41.4,,,,,58.17
41.9,,,,,58.18
41.7,,,,,58.19
41.5,,,,,58.2
41.4,,,,,58.21
41.2,,,,,58.22
41,,,,,58.23
40.8,,,,,58.24
40.6,,,,,58.25
40.5,,,,,58.26
40.3,,,,,58.27
40.1,,,,,58.28
40,,,,,58.29
39.9,,,,,58.3
39.8,,,,,58.31
39.7,,,,,58.32
39.7,,,,,58.33
39.6,,,,,58.34
39.5,,,,,58.35
39.4,,,,,58.36
39.3,,,,,58.37
39.2,,,,,58.38
39.3,,,,,58.39
39.4,,,,,58.4
39.6,,,,,58.41
39.7,,,,,58.42
39.8,,,,,58.43
39.9,,,,,58.44
40,,,,,58.45
40.2,,,,,58.46
40.3,,,,,58.47
40.4,,,,,58.48
40.7,,,,,58.49
40.9,,,,,58.5
41.2,,,,,58.51
41.5,,,,,58.52
41.8,,,,,58.53
42,,,,,58.54
42.3,,,,,58.55
42.6,,,,,58.56
42.8,,,,,58.57
43.1,,,,,58.58
43,,,,,58.59
42.8,,,,,58.6
42.7,,,,,58.61
42.5,,,,,58.62
42.4,,,,,58.63
42.3,,,,,58.64
42.1,,,,,58.65
42,,,,,58.66
41.8,,,,,58.67
41.7,,,,,58.68
41.6,,,,,58.69
41.4,,,,,58.7
41.3,,,,,58.71
41.2,,,,,58.72
41.1,,,,,58.73
40.9,,,,,58.74
40.8,,,,,58.75
40.7,,,,,58.76
40.5,,,,,58.77
40.4,,,,,58.78
40.5,,,,,58.79
40.6,,,,,58.8
40.7,,,,,58.81
40.8,,,,,58.82
40.9,,,,,58.83
40.9,,,,,58.84
41,,,,,58.85
41.1,,,,,58.86
41.2,,,,,58.87
41.3,,,,,58.88
39.1,,,,,58.89
36.9,,,,,58.9
34.7,,,,,58.91
32.5,,,,,58.92
30.3,,,,,58.93
28.1,,,,,58.94
25.9,,,,,58.95
23.7,,,,,58.96
21.5,,,,,58.97
19.3,,,,,58.98
19.1,,,,,58.99
19,,,,,59
18.8,,,,,59.01
18.6,,,,,59.02
18.5,,,,,59.03
18.3,,,,,59.04
18.1,,,,,59.05
17.9,,,,,59.06
17.8,,,,,59.07
17.6,,,,,59.08
17.1,,,,,59.09
16.7,,,,,59.1
16.2,,,,,59.11
15.8,,,,,59.12
15.3,,,,,59.13
14.8,,,,,59.14
14.4,,,,,59.15
13.9,,,,,59.16
13.5,,,,,59.17
13,,,,,59.18
13,,,,,59.19
13,,,,,59.2
13,,,,,59.21
13,,,,,59.22
13,,,,,59.23
13,,,,,59.24
13,,,,,59.25
13,,,,,59.26
13,,,,,59.27
13,,,,,59.28
13.6,,,,,59.29
14.1,,,,,59.3
14.7,,,,,59.31
15.2,,,,,59.32
15.8,,,,,59.33
16.4,,,,,59.34
16.9,,,,,59.35
17.5,,,,,59.36
18,,,,,59.37
18.6,,,,,59.38
18.3,,,,,59.39
18.1,,,,,59.4
17.8,,,,,59.41
17.6,,,,,59.42
17.3,,,,,59.43
17,,,,,59.44
16.8,,,,,59.45
16.5,,,,,59.46
16.3,,,,,59.47
16,,,,,59.48
16.4,,,,,59.49
16.8,,,,,59.5
17.1,,,,,59.51
17.5,,,,,59.52
17.9,,,,,59.53
18.3,,,,,59.54
18.7,,,,,59.55
19,,,,,59.56
19.4,,,,,59.57
19.8,,,,,59.58
21,,,,,59.59
22.2,,,,,59.6
23.4,,,,,59.61
24.6,,,,,59.62
25.9,,,,,59.63
27.1,,,,,59.64
28.3,,,,,59.65
29.5,,,,,59.66
30.7,,,,,59.67
31.9,,,,,59.68
32.5,,,,,59.69
33.1,,,,,59.7
33.7,,,,,59.71
34.3,,,,,59.72
35,,,,,59.73
35.6,,,,,59.74
36.2,,,,,59.75
36.8,,,,,59.76
37.4,,,,,59.77
38,,,,,59.78
37.1,,,,,59.79
36.1,,,,,59.8
35.2,,,,,59.81
34.3,,,,,59.82
33.4,,,,,59.83
32.4,,,,,59.84
31.5,,,,,59.85
30.6,,,,,59.86
29.6,,,,,59.87
28.7,,,,,59.88
28.4,,,,,59.89
28.1,,,,,59.9
27.8,,,,,59.91
27.5,,,,,59.92
27.2,,,,,59.93
26.8,,,,,59.94
26.5,,,,,59.95
26.2,,,,,59.96
25.9,,,,,59.97
25.6,,,,,59.98
25.7,,,,,59.99
25.9,,,,,60
26.1,,,,,60.01
26.2,,,,,60.02
26.4,,,,,60.03
26.5,,,,,60.04
26.6,,,,,60.05
26.8,,,,,60.06
26.9,,,,,60.07
27.1,,,,,60.08
27,,,,,60.09
27,,,,,60.1
26.9,,,,,60.11
26.9,,,,,60.12
26.8,,,,,60.13
26.7,,,,,60.14
26.7,,,,,60.15
26.6,,,,,60.16
26.6,,,,,60.17
26.5,,,,,60.18
24.8,,,,,60.19
23.2,,,,,60.2
21.5,,,,,60.21
19.8,,,,,60.22
18.1,,,,,60.23
16.5,,,,,60.24
14.8,,,,,60.25
13.1,,,,,60.26
11.5,,,,,60.27
9.8,,,,,60.28
9.1,,,,,60.29
8.5,,,,,60.3
7.8,,,,,60.31
7.2,,,,,60.32
6.6,,,,,60.33
5.9,,,,,60.34
5.3,,,,,60.35
4.6,,,,,60.36
3.9,,,,,60.37
3.3,,,,,60.38
4,,,,,60.39
4.7,,,,,60.4
5.3,,,,,60.41
6,,,,,60.42
6.7,,,,,60.43
7.4,,,,,60.44
8.1,,,,,60.45
8.7,,,,,60.46
9.4,,,,,60.47
10.1,,,,,60.48
10.1,,,,,60.49
10.2,,,,,60.5
10.2,,,,,60.51
10.3,,,,,60.52
10.3,,,,,60.53
10.3,,,,,60.54
10.4,,,,,60.55
10.4,,,,,60.56
10.5,,,,,60.57
10.5,,,,,60.58
11,,,,,60.59
11.6,,,,,60.6
12.2,,,,,60.61
12.7,,,,,60.62
13.2,,,,,60.63
13.8,,,,,60.64
14.3,,,,,60.65
14.9,,,,,60.66
15.5,,,,,60.67
16,,,,,60.68
16.6,,,,,60.69
17.2,,,,,60.7
17.8,,,,,60.71
18.4,,,,,60.72
19,,,,,60.73
19.5,,,,,60.74
20.1,,,,,60.75
20.7,,,,,60.76
21.3,,,,,60.77
21.9,,,,,60.78
22,,,,,60.79
22,,,,,60.8
22.1,,,,,60.81
22.1,,,,,60.82
22.2,,,,,60.83
22.3,,,,,60.84
22.3,,,,,60.85
22.4,,,,,60.86
22.4,,,,,60.87
22.5,,,,,60.88
22.2,,,,,60.89
21.9,,,,,60.9
21.6,,,,,60.91
21.3,,,,,60.92
21.1,,,,,60.93
20.8,,,,,60.94
20.5,,,,,60.95
20.2,,,,,60.96
19.9,,,,,60.97
19.6,,,,,60.98
19.4,,,,,60.99
19.2,,,,,61
19,,,,,61.01
18.8,,,,,61.02
18.6,,,,,61.03
18.3,,,,,61.04
18.1,,,,,61.05
17.9,,,,,61.06
17.7,,,,,61.07
17.5,,,,,61.08
17.4,,,,,61.09
17.3,,,,,61.1
17.2,,,,,61.11
17.1,,,,,61.12
17,,,,,61.13
16.9,,,,,61.14
16.8,,,,,61.15
16.7,,,,,61.16
16.6,,,,,61.17
16.5,,,,,61.18
17.3,,,,,61.19
18.1,,,,,61.2
18.8,,,,,61.21
19.6,,,,,61.22
20.4,,,,,61.23
21.2,,,,,61.24
22,,,,,61.25
22.7,,,,,61.26
23.5,,,,,61.27
24.3,,,,,61.28
24.5,,,,,61.29
24.6,,,,,61.3
24.8,,,,,61.31
24.9,,,,,61.32
25.1,,,,,61.33
25.3,,,,,61.34
25.4,,,,,61.35
25.6,,,,,61.36
25.7,,,,,61.37
25.9,,,,,61.38
25.2,,,,,61.39
24.5,,,,,61.4
23.7,,,,,61.41
23,,,,,61.42
22.3,,,,,61.43
21.6,,,,,61.44
20.9,,,,,61.45
20.1,,,,,61.46
19.4,,,,,61.47
18.7,,,,,61.48
18.6,,,,,61.49
18.6,,,,,61.5
18.5,,,,,61.51
18.4,,,,,61.52
18.4,,,,,61.53
18.3,,,,,61.54
18.2,,,,,61.55
18.1,,,,,61.56
18.1,,,,,61.57
18,,,,,61.58
19.8,,,,,61.59
21.7,,,,,61.6
23.5,,,,,61.61
25.4,,,,,61.62
27.2,,,,,61.63
29,,,,,61.64
30.9,,,,,61.65
32.7,,,,,61.66
34.6,,,,,61.67
36.4,,,,,61.68
37.2,,,,,61.69
38,,,,,61.7
38.9,,,,,61.71
39.7,,,,,61.72
40.5,,,,,61.73
41.3,,,,,61.74
42.1,,,,,61.75
43,,,,,61.76
43.8,,,,,61.77
44.6,,,,,61.78
44,,,,,61.79
43.3,,,,,61.8
42.7,,,,,61.81
42.1,,,,,61.82
41.5,,,,,61.83
40.8,,,,,61.84
40.2,,,,,61.85
39.6,,,,,61.86
38.9,,,,,61.87
38.3,,,,,61.88
38.1,,,,,61.89
37.8,,,,,61.9
37.6,,,,,61.91
37.4,,,,,61.92
37.2,,,,,61.93
36.9,,,,,61.94
36.7,,,,,61.95
36.5,,,,,61.96
36.2,,,,,61.97
36,,,,,61.98
36.6,,,,,61.99
37.1,,,,,62
37.7,,,,,62.01
38.2,,,,,62.02
38.8,,,,,62.03
39.4,,,,,62.04
39.9,,,,,62.05
40.5,,,,,62.06
41,,,,,62.07
41.6,,,,,62.08
41.8,,,,,62.09
42.1,,,,,62.1
42.3,,,,,62.11
42.5,,,,,62.12
42.8,,,,,62.13
43,,,,,62.14
43.2,,,,,62.15
43.4,,,,,62.16
43.7,,,,,62.17
43.9,,,,,62.18
43.5,,,,,62.19
43.1,,,,,62.2
42.7,,,,,62.21
42.3,,,,,62.22
41.9,,,,,62.23
41.4,,,,,62.24
41,,,,,62.25
40.6,,,,,62.26
40.2,,,,,62.27
39.8,,,,,62.28
39.7,,,,,62.29
39.6,,,,,62.3
39.4,,,,,62.31
39.3,,,,,62.32
39.2,,,,,62.33
39.1,,,,,62.34
39,,,,,62.35
38.8,,,,,62.36
38.7,,,,,62.37
38.6,,,,,62.38
39.1,,,,,62.39
39.6,,,,,62.4
40.1,,,,,62.41
40.6,,,,,62.42
41.2,,,,,62.43
41.7,,,,,62.44
42.2,,,,,62.45
42.7,,,,,62.46
43.2,,,,,62.47
43.7,,,,,62.48
44.1,,,,,62.49
44.4,,,,,62.5
44.8,,,,,62.51
45.1,,,,,62.52
45.5,,,,,62.53
45.9,,,,,62.54
46.2,,,,,62.55
46.6,,,,,62.56
46.9,,,,,62.57
47.3,,,,,62.58
47.1,,,,,62.59
46.9,,,,,62.6
46.8,,,,,62.61
46.6,,,,,62.62
46.4,,,,,62.63
46.2,,,,,62.64
46,,,,,62.65
45.9,,,,,62.66
45.7,,,,,62.67
45.5,,,,,62.68
44.8,,,,,62.69
44,,,,,62.7
43.3,,,,,62.71
42.5,,,,,62.72
41.8,,,,,62.73
41.1,,,,,62.74
40.3,,,,,62.75
39.6,,,,,62.76
38.8,,,,,62.77
38.1,,,,,62.78
38,,,,,62.79
38,,,,,62.8
37.9,,,,,62.81
37.9,,,,,62.82
37.8,,,,,62.83
37.7,,,,,62.84
37.7,,,,,62.85
37.6,,,,,62.86
37.6,,,,,62.87
37.5,,,,,62.88
37.6,,,,,62.89
37.7,,,,,62.9
37.7,,,,,62.91
37.8,,,,,62.92
37.9,,,,,62.93
38,,,,,62.94
38.1,,,,,62.95
38.1,,,,,62.96
38.2,,,,,62.97
38.3,,,,,62.98
36.9,,,,,62.99
35.5,,,,,63
34.2,,,,,63.01
32.8,,,,,63.02
31.4,,,,,63.03
30,,,,,63.04
28.6,,,,,63.05
27.3,,,,,63.06
25.9,,,,,63.07
24.5,,,,,63.08
22.1,,,,,63.09
19.6,,,,,63.1
17.2,,,,,63.11
14.7,,,,,63.12
12.3,,,,,63.13
9.9,,,,,63.14
7.4,,,,,63.15
5,,,,,63.16
2.5,,,,,63.17
0.1,,,,,63.18
0.1,,,,,63.19
0.1,,,,,63.2
0.1,,,,,63.21
0.1,,,,,63.22
0.1,,,,,63.23
0,,,,,63.24
0,,,,,63.25
0,,,,,63.26
0,,,,,63.27
0,,,,,63.28
0,,,,,63.29
0,,,,,63.3
0,,,,,63.31
0,,,,,63.32
0,,,,,63.33
0,,,,,63.34
0,,,,,63.35
0,,,,,63.36
0,,,,,63.37
0,,,,,63.38
0,,,,,63.39
0,,,,,63.4
0,,,,,63.41
0,,,,,63.42
0,,,,,63.43
0,,,,,63.44
0,,,,,63.45
0,,,,,63.46
0,,,,,63.47
0,,,,,63.48
0,,,,,63.49
0,,,,,63.5
0,,,,,63.51
0,,,,,63.52
0,,,,,63.53
0,,,,,63.54
0,,,,,63.55
0,,,,,63.56
0,,,,,63.57
0,,,,,63.58
0,,,,,63.59
0,,,,,63.6
0,,,,,63.61
0,,,,,63.62
0,,,,,63.63
0,,,,,63.64
0,,,,,63.65
0,,,,,63.66
0,,,,,63.67
0,,,,,63.68
0,,,,,63.69
0,,,,,63.7
0,,,,,63.71
0,,,,,63.72
0,,,,,63.73
0,,,,,63.74
0,,,,,63.75
0,,,,,63.76
0,,,,,63.77
0,,,,,63.78
0,,,,,63.79
0,,,,,63.8
0,,,,,63.81
0,,,,,63.82
0,,,,,63.83
0,,,,,63.84
0,,,,,63.85
0,,,,,63.86
0,,,,,63.87
0,,,,,63.88
0,,,,,63.89
0,,,,,63.9
0,,,,,63.91
0,,,,,63.92
0,,,,,63.93
0,,,,,63.94
0,,,,,63.95
0,,,,,63.96
0,,,,,63.97
0,,,,,63.98
0,,,,,63.99
0,,,,,64
0,,,,,64.01
0,,,,,64.02
0,,,,,64.03
0,,,,,64.04
0,,,,,64.05
0,,,,,64.06
0,,,,,64.07
0,,,,,64.08
0.2,,,,,64.09
0.4,,,,,64.1
0.6,,,,,64.11
0.8,,,,,64.12
1,,,,,64.13
1.1,,,,,64.14
1.3,,,,,64.15
1.5,,,,,64.16
1.7,,,,,64.17
1.9,,,,,64.18
1.9,,,,,64.19
1.9,,,,,64.2
1.9,,,,,64.21
1.9,,,,,64.22
1.9,,,,,64.23
1.8,,,,,64.24
1.8,,,,,64.25
1.8,,,,,64.26
1.8,,,,,64.27
1.8,,,,,64.28
1.7,,,,,64.29
1.6,,,,,64.3
1.4,,,,,64.31
1.3,,,,,64.32
1.2,,,,,64.33
1.1,,,,,64.34
1,,,,,64.35
0.8,,,,,64.36
0.7,,,,,64.37
0.6,,,,,64.38
0.8,,,,,64.39
1.1,,,,,64.4
1.3,,,,,64.41
1.6,,,,,64.42
1.9,,,,,64.43
2.1,,,,,64.44
2.4,,,,,64.45
2.6,,,,,64.46
2.9,,,,,64.47
3.1,,,,,64.48
3.4,,,,,64.49
3.7,,,,,64.5
4,,,,,64.51
4.3,,,,,64.52
4.7,,,,,64.53
5,,,,,64.54
5.3,,,,,64.55
5.6,,,,,64.56
5.9,,,,,64.57
6.2,,,,,64.58
6.2,,,,,64.59
6.2,,,,,64.6
6.2,,,,,64.61
6.2,,,,,64.62
6.2,,,,,64.63
6.3,,,,,64.64
6.3,,,,,64.65
6.3,,,,,64.66
6.3,,,,,64.67
6.3,,,,,64.68
5.9,,,,,64.69
5.6,,,,,64.7
5.2,,,,,64.71
4.9,,,,,64.72
4.5,,,,,64.73
4.1,,,,,64.74
3.8,,,,,64.75
3.4,,,,,64.76
3.1,,,,,64.77
2.7,,,,,64.78
2.5,,,,,64.79
2.2,,,,,64.8
2,,,,,64.81
1.8,,,,,64.82
1.6,,,,,64.83
1.3,,,,,64.84
1.1,,,,,64.85
0.9,,,,,64.86
0.6,,,,,64.87
0.4,,,,,64.88
0.7,,,,,64.89
1,,,,,64.9
1.3,,,,,64.91
1.6,,,,,64.92
1.9,,,,,64.93
2.1,,,,,64.94
2.4,,,,,64.95
2.7,,,,,64.96
3,,,,,64.97
3.3,,,,,64.98
3.3,,,,,64.99
3.3,,,,,65
3.3,,,,,65.01
3.3,,,,,65.02
3.4,,,,,65.03
3.4,,,,,65.04
3.4,,,,,65.05
3.4,,,,,65.06
3.4,,,,,65.07
3.4,,,,,65.08
3.6,,,,,65.09
3.9,,,,,65.1
4.2,,,,,65.11
4.4,,,,,65.12
4.7,,,,,65.13
4.9,,,,,65.14
5.1,,,,,65.15
5.4,,,,,65.16
5.7,,,,,65.17
5.9,,,,,65.18
6,,,,,65.19
6.1,,,,,65.2
6.2,,,,,65.21
6.3,,,,,65.22
6.4,,,,,65.23
6.5,,,,,65.24
6.6,,,,,65.25
6.7,,,,,65.26
6.8,,,,,65.27
6.9,,,,,65.28
7.3,,,,,65.29
7.7,,,,,65.3
8.1,,,,,65.31
8.5,,,,,65.32
8.9,,,,,65.33
9.4,,,,,65.34
9.8,,,,,65.35
10.2,,,,,65.36
10.6,,,,,65.37
11,,,,,65.38
10.4,,,,,65.39
9.7,,,,,65.4
9.1,,,,,65.41
8.4,,,,,65.42
7.8,,,,,65.43
7.1,,,,,65.44
6.4,,,,,65.45
5.8,,,,,65.46
5.1,,,,,65.47
4.5,,,,,65.48
4.6,,,,,65.49
4.7,,,,,65.5
4.9,,,,,65.51
5,,,,,65.52
5.1,,,,,65.53
5.2,,,,,65.54
5.3,,,,,65.55
5.5,,,,,65.56
5.6,,,,,65.57
5.7,,,,,65.58
6.2,,,,,65.59
6.7,,,,,65.6
7.1,,,,,65.61
7.6,,,,,65.62
8.1,,,,,65.63
8.6,,,,,65.64
9.1,,,,,65.65
9.5,,,,,65.66
10,,,,,65.67
10.5,,,,,65.68
10.8,,,,,65.69
11.1,,,,,65.7
11.4,,,,,65.71
11.7,,,,,65.72
12.1,,,,,65.73
12.4,,,,,65.74
12.7,,,,,65.75
13,,,,,65.76
13.3,,,,,65.77
13.6,,,,,65.78
13.7,,,,,65.79
13.7,,,,,65.8
13.8,,,,,65.81
13.8,,,,,65.82
13.9,,,,,65.83
14,,,,,65.84
14,,,,,65.85
14.1,,,,,65.86
14.1,,,,,65.87
14.2,,,,,65.88
14.2,,,,,65.89
14.2,,,,,65.9
14.2,,,,,65.91
14.2,,,,,65.92
14.2,,,,,65.93
14.2,,,,,65.94
14.2,,,,,65.95
14.2,,,,,65.96
14.2,,,,,65.97
14.2,,,,,65.98
14.5,,,,,65.99
14.8,,,,,66
15,,,,,66.01
15.3,,,,,66.02
15.6,,,,,66.03
15.9,,,,,66.04
16.2,,,,,66.05
16.4,,,,,66.06
16.7,,,,,66.07
17,,,,,66.08
17.1,,,,,66.09
17.1,,,,,66.1
17.2,,,,,66.11
17.3,,,,,66.12
17.4,,,,,66.13
17.4,,,,,66.14
17.5,,,,,66.15
17.6,,,,,66.16
17.6,,,,,66.17
17.7,,,,,66.18
17.7,,,,,66.19
17.7,,,,,66.2
17.6,,,,,66.21
17.6,,,,,66.22
17.6,,,,,66.23
17.6,,,,,66.24
17.6,,,,,66.25
17.5,,,,,66.26
17.5,,,,,66.27
17.5,,,,,66.28
17.5,,,,,66.29
17.6,,,,,66.3
17.6,,,,,66.31
17.6,,,,,66.32
17.6,,,,,66.33
17.7,,,,,66.34
17.7,,,,,66.35
17.7,,,,,66.36
17.8,,,,,66.37
17.8,,,,,66.38
17.7,,,,,66.39
17.5,,,,,66.4
17.4,,,,,66.41
17.3,,,,,66.42
17.1,,,,,66.43
17,,,,,66.44
16.9,,,,,66.45
16.8,,,,,66.46
16.6,,,,,66.47
16.5,,,,,66.48
16.2,,,,,66.49
15.9,,,,,66.5
15.7,,,,,66.51
15.4,,,,,66.52
15.1,,,,,66.53
14.8,,,,,66.54
14.5,,,,,66.55
14.3,,,,,66.56
14,,,,,66.57
13.7,,,,,66.58
13.8,,,,,66.59
13.9,,,,,66.6
13.9,,,,,66.61
14,,,,,66.62
14.1,,,,,66.63
14.2,,,,,66.64
14.3,,,,,66.65
14.3,,,,,66.66
14.4,,,,,66.67
14.5,,,,,66.68
14.5,,,,,66.69
14.5,,,,,66.7
14.4,,,,,66.71
14.4,,,,,66.72
14.4,,,,,66.73
14.4,,,,,66.74
14.4,,,,,66.75
14.3,,,,,66.76
14.3,,,,,66.77
14.3,,,,,66.78
14.4,,,,,66.79
14.6,,,,,66.8
14.7,,,,,66.81
14.8,,,,,66.82
15,,,,,66.83
15.1,,,,,66.84
15.2,,,,,66.85
15.3,,,,,66.86
15.5,,,,,66.87
15.6,,,,,66.88
15.6,,,,,66.89
15.6,,,,,66.9
15.6,,,,,66.91
15.6,,,,,66.92
15.7,,,,,66.93
15.7,,,,,66.94
15.7,,,,,66.95
15.7,,,,,66.96
15.7,,,,,66.97
15.7,,,,,66.98
15.8,,,,,66.99
15.8,,,,,67
15.9,,,,,67.01
15.9,,,,,67.02
16,,,,,67.03
16.1,,,,,67.04
16.1,,,,,67.05
16.2,,,,,67.06
16.2,,,,,67.07
16.3,,,,,67.08
16.9,,,,,67.09
17.6,,,,,67.1
18.2,,,,,67.11
18.9,,,,,67.12
19.5,,,,,67.13
20.1,,,,,67.14
20.8,,,,,67.15
21.4,,,,,67.16
22.1,,,,,67.17
22.7,,,,,67.18
22.2,,,,,67.19
21.6,,,,,67.2
21.1,,,,,67.21
20.6,,,,,67.22
20.1,,,,,67.23
19.5,,,,,67.24
19,,,,,67.25
18.5,,,,,67.26
17.9,,,,,67.27
17.4,,,,,67.28
17.1,,,,,67.29
16.9,,,,,67.3
16.6,,,,,67.31
16.4,,,,,67.32
16.1,,,,,67.33
15.8,,,,,67.34
15.6,,,,,67.35
15.3,,,,,67.36
15.1,,,,,67.37
14.8,,,,,67.38
14.7,,,,,67.39
14.7,,,,,67.4
14.6,,,,,67.41
14.6,,,,,67.42
14.5,,,,,67.43
14.4,,,,,67.44
14.4,,,,,67.45
14.3,,,,,67.46
14.3,,,,,67.47
14.2,,,,,67.48
14.2,,,,,67.49
14.2,,,,,67.5
14.1,,,,,67.51
14.1,,,,,67.52
14.1,,,,,67.53
14.1,,,,,67.54
14.1,,,,,67.55
14,,,,,67.56
14,,,,,67.57
14,,,,,67.58
14.1,,,,,67.59
14.3,,,,,67.6
14.4,,,,,67.61
14.5,,,,,67.62
14.7,,,,,67.63
14.8,,,,,67.64
14.9,,,,,67.65
15,,,,,67.66
15.2,,,,,67.67
15.3,,,,,67.68
15.4,,,,,67.69
15.4,,,,,67.7
15.5,,,,,67.71
15.5,,,,,67.72
15.6,,,,,67.73
15.7,,,,,67.74
15.7,,,,,67.75
15.8,,,,,67.76
15.8,,,,,67.77
15.9,,,,,67.78
15.7,,,,,67.79
15.6,,,,,67.8
15.4,,,,,67.81
15.2,,,,,67.82
15.1,,,,,67.83
14.9,,,,,67.84
14.7,,,,,67.85
14.5,,,,,67.86
14.4,,,,,67.87
14.2,,,,,67.88
14.2,,,,,67.89
14.3,,,,,67.9
14.3,,,,,67.91
14.4,,,,,67.92
14.4,,,,,67.93
14.4,,,,,67.94
14.5,,,,,67.95
14.5,,,,,67.96
14.6,,,,,67.97
14.6,,,,,67.98
14.5,,,,,67.99
14.5,,,,,68
14.4,,,,,68.01
14.3,,,,,68.02
14.2,,,,,68.03
14.2,,,,,68.04
14.1,,,,,68.05
14,,,,,68.06
14,,,,,68.07
13.9,,,,,68.08
13.5,,,,,68.09
13.2,,,,,68.1
12.8,,,,,68.11
12.5,,,,,68.12
12.1,,,,,68.13
11.7,,,,,68.14
11.4,,,,,68.15
11,,,,,68.16
10.7,,,,,68.17
10.3,,,,,68.18
9.3,,,,,68.19
8.2,,,,,68.2
7.2,,,,,68.21
6.2,,,,,68.22
5.2,,,,,68.23
4.1,,,,,68.24
3.1,,,,,68.25
2.1,,,,,68.26
1,,,,,68.27
0,,,,,68.28
0,,,,,68.29
0,,,,,68.3
0,,,,,68.31
0,,,,,68.32
0,,,,,68.33
0,,,,,68.34
0,,,,,68.35
0,,,,,68.36
0,,,,,68.37
0,,,,,68.38
0,,,,,68.39
0,,,,,68.4
0,,,,,68.41
0,,,,,68.42
0,,,,,68.43
0,,,,,68.44
0,,,,,68.45
0,,,,,68.46
0,,,,,68.47
0,,,,,68.48
0,,,,,68.49
0,,,,,68.5
0,,,,,68.51
0,,,,,68.52
0,,,,,68.53
0,,,,,68.54
0,,,,,68.55
0,,,,,68.56
0,,,,,68.57
0,,,,,68.58
0,,,,,68.59
0,,,,,68.6
0,,,,,68.61
0,,,,,68.62
0,,,,,68.63
0,,,,,68.64
0,,,,,68.65
0,,,,,68.66
0,,,,,68.67
0,,,,,68.68
0,,,,,68.69
0,,,,,68.7
0,,,,,68.71
0,,,,,68.72
0,,,,,68.73
0,,,,,68.74
0,,,,,68.75
0,,,,,68.76
0,,,,,68.77
0,,,,,68.78
0,,,,,68.79
0,,,,,68.8
0,,,,,68.81
0,,,,,68.82
0,,,,,68.83
0,,,,,68.84
0,,,,,68.85
0,,,,,68.86
0,,,,,68.87
0,,,,,68.88
0,,,,,68.89
0,,,,,68.9
0,,,,,68.91
0,,,,,68.92
0,,,,,68.93
0,,,,,68.94
0,,,,,68.95
0,,,,,68.96
0,,,,,68.97
0,,,,,68.98
0,,,,,68.99
0,,,,,69
0,,,,,69.01
0,,,,,69.02
0,,,,,69.03
0,,,,,69.04
0,,,,,69.05
0,,,,,69.06
0,,,,,69.07
0,,,,,69.08
0,,,,,69.09
0,,,,,69.1
0,,,,,69.11
0,,,,,69.12
0,,,,,69.13
0,,,,,69.14
0,,,,,69.15
0,,,,,69.16
0,,,,,69.17
0,,,,,69.18
0,,,,,69.19
0,,,,,69.2
0,,,,,69.21
0,,,,,69.22
0,,,,,69.23
0,,,,,69.24
0,,,,,69.25
0,,,,,69.26
0,,,,,69.27
0,,,,,69.28
0,,,,,69.29
0,,,,,69.3
0,,,,,69.31
0,,,,,69.32
0,,,,,69.33
0,,,,,69.34
0,,,,,69.35
0,,,,,69.36
0,,,,,69.37
0,,,,,69.38
0,,,,,69.39
0,,,,,69.4
0,,,,,69.41
0,,,,,69.42
0,,,,,69.43
0,,,,,69.44
0,,,,,69.45
0,,,,,69.46
0,,,,,69.47
0,,,,,69.48
0.1,,,,,69.49
0.2,,,,,69.5
0.3,,,,,69.51
0.4,,,,,69.52
0.6,,,,,69.53
0.7,,,,,69.54
0.8,,,,,69.55
0.9,,,,,69.56
1,,,,,69.57
1.1,,,,,69.58
2.3,,,,,69.59
3.6,,,,,69.6
4.9,,,,,69.61
6.1,,,,,69.62
7.4,,,,,69.63
8.6,,,,,69.64
9.8,,,,,69.65
11.1,,,,,69.66
12.4,,,,,69.67
13.6,,,,,69.68
14.4,,,,,69.69
15.1,,,,,69.7
15.9,,,,,69.71
16.6,,,,,69.72
17.4,,,,,69.73
18.2,,,,,69.74
18.9,,,,,69.75
19.7,,,,,69.76
20.4,,,,,69.77
21.2,,,,,69.78
21.2,,,,,69.79
21.2,,,,,69.8
21.1,,,,,69.81
21.1,,,,,69.82
21.1,,,,,69.83
21.1,,,,,69.84
21.1,,,,,69.85
21,,,,,69.86
21,,,,,69.87
21,,,,,69.88
21,,,,,69.89
21,,,,,69.9
21,,,,,69.91
21,,,,,69.92
21,,,,,69.93
20.9,,,,,69.94
20.9,,,,,69.95
20.9,,,,,69.96
20.9,,,,,69.97
20.9,,,,,69.98
20.7,,,,,69.99
20.6,,,,,70
20.4,,,,,70.01
20.3,,,,,70.02
20.1,,,,,70.03
19.9,,,,,70.04
19.8,,,,,70.05
19.6,,,,,70.06
19.5,,,,,70.07
19.3,,,,,70.08
18.1,,,,,70.09
17,,,,,70.1
15.8,,,,,70.11
14.7,,,,,70.12
13.5,,,,,70.13
12.3,,,,,70.14
11.2,,,,,70.15
10,,,,,70.16
8.9,,,,,70.17
7.7,,,,,70.18
8,,,,,70.19
8.3,,,,,70.2
8.6,,,,,70.21
8.9,,,,,70.22
9.2,,,,,70.23
9.4,,,,,70.24
9.7,,,,,70.25
10,,,,,70.26
10.3,,,,,70.27
10.6,,,,,70.28
10.6,,,,,70.29
10.6,,,,,70.3
10.6,,,,,70.31
10.6,,,,,70.32
10.6,,,,,70.33
10.6,,,,,70.34
10.6,,,,,70.35
10.6,,,,,70.36
10.6,,,,,70.37
10.6,,,,,70.38
10.7,,,,,70.39
10.8,,,,,70.4
10.9,,,,,70.41
11,,,,,70.42
11.1,,,,,70.43
11.2,,,,,70.44
11.3,,,,,70.45
11.4,,,,,70.46
11.5,,,,,70.47
11.6,,,,,70.48
11.5,,,,,70.49
11.4,,,,,70.5
11.3,,,,,70.51
11.2,,,,,70.52
11.2,,,,,70.53
11.1,,,,,70.54
11,,,,,70.55
10.9,,,,,70.56
10.8,,,,,70.57
10.7,,,,,70.58
11,,,,,70.59
11.2,,,,,70.6
11.5,,,,,70.61
11.8,,,,,70.62
12.1,,,,,70.63
12.3,,,,,70.64
12.6,,,,,70.65
12.9,,,,,70.66
13.1,,,,,70.67
13.4,,,,,70.68
13.7,,,,,70.69
14,,,,,70.7
14.3,,,,,70.71
14.6,,,,,70.72
14.9,,,,,70.73
15.1,,,,,70.74
15.4,,,,,70.75
15.7,,,,,70.76
16,,,,,70.77
16.3,,,,,70.78
15.8,,,,,70.79
15.4,,,,,70.8
14.9,,,,,70.81
14.4,,,,,70.82
14,,,,,70.83
13.5,,,,,70.84
13,,,,,70.85
12.5,,,,,70.86
12.1,,,,,70.87
11.6,,,,,70.88
11.1,,,,,70.89
10.6,,,,,70.9
10.1,,,,,70.91
9.6,,,,,70.92
9.1,,,,,70.93
8.5,,,,,70.94
8,,,,,70.95
7.5,,,,,70.96
7,,,,,70.97
6.5,,,,,70.98
6.6,,,,,70.99
6.6,,,,,71
6.7,,,,,71.01
6.7,,,,,71.02
6.8,,,,,71.03
6.9,,,,,71.04
6.9,,,,,71.05
7,,,,,71.06
7,,,,,71.07
7.1,,,,,71.08
7.4,,,,,71.09
7.7,,,,,71.1
8.1,,,,,71.11
8.4,,,,,71.12
8.7,,,,,71.13
9,,,,,71.14
9.3,,,,,71.15
9.7,,,,,71.16
10,,,,,71.17
10.3,,,,,71.18
10.4,,,,,71.19
10.5,,,,,71.2
10.6,,,,,71.21
10.7,,,,,71.22
10.8,,,,,71.23
10.9,,,,,71.24
11,,,,,71.25
11.1,,,,,71.26
11.2,,,,,71.27
11.3,,,,,71.28
11.8,,,,,71.29
12.2,,,,,71.3
12.7,,,,,71.31
13.2,,,,,71.32
13.7,,,,,71.33
14.1,,,,,71.34
14.6,,,,,71.35
15.1,,,,,71.36
15.5,,,,,71.37
16,,,,,71.38
16.6,,,,,71.39
17.2,,,,,71.4
17.8,,,,,71.41
18.4,,,,,71.42
19,,,,,71.43
19.5,,,,,71.44
20.1,,,,,71.45
20.7,,,,,71.46
21.3,,,,,71.47
21.9,,,,,71.48
21.8,,,,,71.49
21.7,,,,,71.5
21.6,,,,,71.51
21.5,,,,,71.52
21.5,,,,,71.53
21.4,,,,,71.54
21.3,,,,,71.55
21.2,,,,,71.56
21.1,,,,,71.57
21,,,,,71.58
21,,,,,71.59
21,,,,,71.6
21,,,,,71.61
21,,,,,71.62
21,,,,,71.63
20.9,,,,,71.64
20.9,,,,,71.65
20.9,,,,,71.66
20.9,,,,,71.67
20.9,,,,,71.68
20.6,,,,,71.69
20.3,,,,,71.7
20,,,,,71.71
19.7,,,,,71.72
19.4,,,,,71.73
19,,,,,71.74
18.7,,,,,71.75
18.4,,,,,71.76
18.1,,,,,71.77
17.8,,,,,71.78
17.3,,,,,71.79
16.8,,,,,71.8
16.3,,,,,71.81
15.8,,,,,71.82
15.3,,,,,71.83
14.8,,,,,71.84
14.3,,,,,71.85
13.8,,,,,71.86
13.3,,,,,71.87
12.8,,,,,71.88
13.3,,,,,71.89
13.9,,,,,71.9
14.4,,,,,71.91
14.9,,,,,71.92
15.5,,,,,71.93
16,,,,,71.94
16.5,,,,,71.95
17,,,,,71.96
17.6,,,,,71.97
18.1,,,,,71.98
18.9,,,,,71.99
19.8,,,,,72
20.6,,,,,72.01
21.5,,,,,72.02
22.3,,,,,72.03
23.1,,,,,72.04
24,,,,,72.05
24.8,,,,,72.06
25.7,,,,,72.07
26.5,,,,,72.08
26.9,,,,,72.09
27.4,,,,,72.1
27.8,,,,,72.11
28.3,,,,,72.12
28.7,,,,,72.13
29.1,,,,,72.14
29.6,,,,,72.15
30,,,,,72.16
30.5,,,,,72.17
30.9,,,,,72.18
30.9,,,,,72.19
31,,,,,72.2
31,,,,,72.21
31,,,,,72.22
31.1,,,,,72.23
31.1,,,,,72.24
31.1,,,,,72.25
31.1,,,,,72.26
31.2,,,,,72.27
31.2,,,,,72.28
31.2,,,,,72.29
31.3,,,,,72.3
31.3,,,,,72.31
31.4,,,,,72.32
31.4,,,,,72.33
31.4,,,,,72.34
31.5,,,,,72.35
31.5,,,,,72.36
31.6,,,,,72.37
31.6,,,,,72.38
31.9,,,,,72.39
32.2,,,,,72.4
32.6,,,,,72.41
32.9,,,,,72.42
33.2,,,,,72.43
33.5,,,,,72.44
33.8,,,,,72.45
34.2,,,,,72.46
34.5,,,,,72.47
34.8,,,,,72.48
34.8,,,,,72.49
34.7,,,,,72.5
34.7,,,,,72.51
34.7,,,,,72.52
34.7,,,,,72.53
34.6,,,,,72.54
34.6,,,,,72.55
34.6,,,,,72.56
34.5,,,,,72.57
34.5,,,,,72.58
34.6,,,,,72.59
34.7,,,,,72.6
34.9,,,,,72.61
35,,,,,72.62
35.1,,,,,72.63
35.2,,,,,72.64
35.3,,,,,72.65
35.5,,,,,72.66
35.6,,,,,72.67
35.7,,,,,72.68
36.3,,,,,72.69
36.8,,,,,72.7
37.4,,,,,72.71
37.9,,,,,72.72
38.5,,,,,72.73
39.1,,,,,72.74
39.6,,,,,72.75
40.2,,,,,72.76
40.7,,,,,72.77
41.3,,,,,72.78
42.2,,,,,72.79
43.2,,,,,72.8
44.1,,,,,72.81
45,,,,,72.82
46,,,,,72.83
46.9,,,,,72.84
47.8,,,,,72.85
48.7,,,,,72.86
49.7,,,,,72.87
50.6,,,,,72.88
50.6,,,,,72.89
50.6,,,,,72.9
50.5,,,,,72.91
50.5,,,,,72.92
50.5,,,,,72.93
50.5,,,,,72.94
50.5,,,,,72.95
50.4,,,,,72.96
50.4,,,,,72.97
50.4,,,,,72.98
50.2,,,,,72.99
50,,,,,73
49.8,,,,,73.01
49.6,,,,,73.02
49.4,,,,,73.03
49.2,,,,,73.04
49,,,,,73.05
48.8,,,,,73.06
48.6,,,,,73.07
48.4,,,,,73.08
48.5,,,,,73.09
48.6,,,,,73.1
48.7,,,,,73.11
48.8,,,,,73.12
48.9,,,,,73.13
48.9,,,,,73.14
49,,,,,73.15
49.1,,,,,73.16
49.2,,,,,73.17
49.3,,,,,73.18
49.8,,,,,73.19
50.4,,,,,73.2
51,,,,,73.21
51.5,,,,,73.22
52.1,,,,,73.23
52.6,,,,,73.24
53.1,,,,,73.25
53.7,,,,,73.26
54.3,,,,,73.27
54.8,,,,,73.28
55,,,,,73.29
55.2,,,,,73.3
55.4,,,,,73.31
55.6,,,,,73.32
55.9,,,,,73.33
56.1,,,,,73.34
56.3,,,,,73.35
56.5,,,,,73.36
56.7,,,,,73.37
56.9,,,,,73.38
58,,,,,73.39
59.1,,,,,73.4
60.1,,,,,73.41
61.2,,,,,73.42
62.3,,,,,73.43
63.4,,,,,73.44
64.5,,,,,73.45
65.5,,,,,73.46
66.6,,,,,73.47
67.7,,,,,73.48
67.5,,,,,73.49
67.3,,,,,73.5
67.2,,,,,73.51
67,,,,,73.52
66.8,,,,,73.53
66.6,,,,,73.54
66.4,,,,,73.55
66.3,,,,,73.56
66.1,,,,,73.57
65.9,,,,,73.58
64.9,,,,,73.59
63.9,,,,,73.6
62.8,,,,,73.61
61.8,,,,,73.62
60.8,,,,,73.63
59.8,,,,,73.64
58.8,,,,,73.65
57.7,,,,,73.66
56.7,,,,,73.67
55.7,,,,,73.68
56,,,,,73.69
56.3,,,,,73.7
56.6,,,,,73.71
56.9,,,,,73.72
57.2,,,,,73.73
57.5,,,,,73.74
57.8,,,,,73.75
58.1,,,,,73.76
58.4,,,,,73.77
58.7,,,,,73.78
59.6,,,,,73.79
60.5,,,,,73.8
61.4,,,,,73.81
62.3,,,,,73.82
63.2,,,,,73.83
64.2,,,,,73.84
65.1,,,,,73.85
66,,,,,73.86
66.9,,,,,73.87
67.8,,,,,73.88
66.5,,,,,73.89
65.2,,,,,73.9
63.9,,,,,73.91
62.6,,,,,73.92
61.3,,,,,73.93
60,,,,,73.94
58.7,,,,,73.95
57.4,,,,,73.96
56.1,,,,,73.97
54.8,,,,,73.98
49.3,,,,,73.99
43.8,,,,,74
38.4,,,,,74.01
32.9,,,,,74.02
27.4,,,,,74.03
21.9,,,,,74.04
16.4,,,,,74.05
11,,,,,74.06
5.5,,,,,74.07
0,,,,,74.08
0,,,,,74.09
0,,,,,74.1
0,,,,,74.11
0,,,,,74.12
0,,,,,74.13
0,,,,,74.14
0,,,,,74.15
0,,,,,74.16
0,,,,,74.17
0,,,,,74.18
0,,,,,74.19
0,,,,,74.2
0,,,,,74.21
0,,,,,74.22
0,,,,,74.23
0,,,,,74.24
0,,,,,74.25
0,,,,,74.26
0,,,,,74.27
0,,,,,74.28
0,,,,,74.29
0,,,,,74.3
0,,,,,74.31
0,,,,,74.32
0,,,,,74.33
0,,,,,74.34
0,,,,,74.35
0,,,,,74.36
0,,,,,74.37
0,,,,,74.38
0,,,,,74.39
0,,,,,74.4
0,,,,,74.41
0,,,,,74.42
0,,,,,74.43
0,,,,,74.44
0,,,,,74.45
0,,,,,74.46
0,,,,,74.47
0,,,,,74.48
0,,,,,74.49
0,,,,,74.5
0,,,,,74.51
0,,,,,74.52
0,,,,,74.53
0,,,,,74.54
0,,,,,74.55
0,,,,,74.56
0,,,,,74.57
0,,,,,74.58
0,,,,,74.59
0,,,,,74.6
0,,,,,74.61
0,,,,,74.62
0,,,,,74.63
0,,,,,74.64
0,,,,,74.65
0,,,,,74.66
0,,,,,74.67
0,,,,,74.68
0.1,,,,,74.69
0.1,,,,,74.7
0.2,,,,,74.71
0.3,,,,,74.72
0.4,,,,,74.73
0.4,,,,,74.74
0.5,,,,,74.75
0.6,,,,,74.76
0.6,,,,,74.77
0.7,,,,,74.78
0.6,,,,,74.79
0.6,,,,,74.8
0.5,,,,,74.81
0.4,,,,,74.82
0.4,,,,,74.83
0.3,,,,,74.84
0.2,,,,,74.85
0.1,,,,,74.86
0.1,,,,,74.87
0,,,,,74.88
0,,,,,74.89
0,,,,,74.9
0,,,,,74.91
0,,,,,74.92
0,,,,,74.93
0,,,,,74.94
0,,,,,74.95
0,,,,,74.96
0,,,,,74.97
0,,,,,74.98
0,,,,,74.99
0,,,,,75
0,,,,,75.01
0,,,,,75.02
0,,,,,75.03
0,,,,,75.04
0,,,,,75.05
0,,,,,75.06
0,,,,,75.07
0,,,,,75.08
0,,,,,75.09
0,,,,,75.1
0,,,,,75.11
0,,,,,75.12
0,,,,,75.13
0,,,,,75.14
0,,,,,75.15
0,,,,,75.16
0,,,,,75.17
0,,,,,75.18
0,,,,,75.19
0,,,,,75.2
0,,,,,75.21
0,,,,,75.22
0,,,,,75.23
0,,,,,75.24
0,,,,,75.25
0,,,,,75.26
0,,,,,75.27
0,,,,,75.28
0,,,,,75.29
0,,,,,75.3
0,,,,,75.31
0,,,,,75.32
0,,,,,75.33
0,,,,,75.34
0,,,,,75.35
0,,,,,75.36
0,,,,,75.37
0,,,,,75.38
0,,,,,75.39
0,,,,,75.4
0,,,,,75.41
0,,,,,75.42
0,,,,,75.43
0,,,,,75.44
0,,,,,75.45
0,,,,,75.46
0,,,,,75.47
0,,,,,75.48
0,,,,,75.49
0,,,,,75.5
0,,,,,75.51
0,,,,,75.52
0,,,,,75.53
0,,,,,75.54
0,,,,,75.55
0,,,,,75.56
0,,,,,75.57
0,,,,,75.58
0,,,,,75.59
0,,,,,75.6
0,,,,,75.61
0,,,,,75.62
0,,,,,75.63
0,,,,,75.64
0,,,,,75.65
0,,,,,75.66
0,,,,,75.67
0,,,,,75.68
0,,,,,75.69
0,,,,,75.7
0,,,,,75.71
0,,,,,75.72
0,,,,,75.73
0,,,,,75.74
0,,,,,75.75
0,,,,,75.76
0,,,,,75.77
0,,,,,75.78
0,,,,,75.79
0,,,,,75.8
0,,,,,75.81
0,,,,,75.82
0,,,,,75.83
0,,,,,75.84
0,,,,,75.85
0,,,,,75.86
0,,,,,75.87
0,,,,,75.88
0,,,,,75.89
0,,,,,75.9
0,,,,,75.91
0,,,,,75.92
0,,,,,75.93
0,,,,,75.94
0,,,,,75.95
0,,,,,75.96
0,,,,,75.97
0,,,,,75.98
0,,,,,75.99
0,,,,,76
0,,,,,76.01
0,,,,,76.02
0,,,,,76.03
0,,,,,76.04
0,,,,,76.05
0,,,,,76.06
0,,,,,76.07
0,,,,,76.08
1,,,,,76.09
2,,,,,76.1
3,,,,,76.11
4,,,,,76.12
5,,,,,76.13
6,,,,,76.14
7,,,,,76.15
8,,,,,76.16
9,,,,,76.17
10,,,,,76.18
9.3,,,,,76.19
8.7,,,,,76.2
8,,,,,76.21
7.4,,,,,76.22
6.7,,,,,76.23
6,,,,,76.24
5.4,,,,,76.25
4.7,,,,,76.26
4.1,,,,,76.27
3.4,,,,,76.28
3.1,,,,,76.29
2.7,,,,,76.3
2.4,,,,,76.31
2,,,,,76.32
1.7,,,,,76.33
1.4,,,,,76.34
1,,,,,76.35
0.7,,,,,76.36
0.3,,,,,76.37
0,,,,,76.38
0,,,,,76.39
0,,,,,76.4
0,,,,,76.41
0,,,,,76.42
0,,,,,76.43
0,,,,,76.44
0,,,,,76.45
0,,,,,76.46
0,,,,,76.47
0,,,,,76.48
0,,,,,76.49
0.1,,,,,76.5
0.1,,,,,76.51
0.1,,,,,76.52
0.2,,,,,76.53
0.2,,,,,76.54
0.2,,,,,76.55
0.2,,,,,76.56
0.3,,,,,76.57
0.3,,,,,76.58
0.5,,,,,76.59
0.8,,,,,76.6
1,,,,,76.61
1.3,,,,,76.62
1.5,,,,,76.63
1.7,,,,,76.64
2,,,,,76.65
2.2,,,,,76.66
2.5,,,,,76.67
2.7,,,,,76.68
2.7,,,,,76.69
2.7,,,,,76.7
2.7,,,,,76.71
2.7,,,,,76.72
2.8,,,,,76.73
2.8,,,,,76.74
2.8,,,,,76.75
2.8,,,,,76.76
2.8,,,,,76.77
2.8,,,,,76.78
2.8,,,,,76.79
2.7,,,,,76.8
2.7,,,,,76.81
2.7,,,,,76.82
2.7,,,,,76.83
2.6,,,,,76.84
2.6,,,,,76.85
2.6,,,,,76.86
2.5,,,,,76.87
2.5,,,,,76.88
2.5,,,,,76.89
2.5,,,,,76.9
2.5,,,,,76.91
2.5,,,,,76.92
2.5,,,,,76.93
2.5,,,,,76.94
2.5,,,,,76.95
2.5,,,,,76.96
2.5,,,,,76.97
2.5,,,,,76.98
3.3,,,,,76.99
4.1,,,,,77
4.9,,,,,77.01
5.7,,,,,77.02
6.5,,,,,77.03
7.2,,,,,77.04
8,,,,,77.05
8.8,,,,,77.06
9.6,,,,,77.07
10.4,,,,,77.08
10.1,,,,,77.09
9.7,,,,,77.1
9.4,,,,,77.11
9.1,,,,,77.12
8.8,,,,,77.13
8.4,,,,,77.14
8.1,,,,,77.15
7.8,,,,,77.16
7.4,,,,,77.17
7.1,,,,,77.18
6.6,,,,,77.19
6.2,,,,,77.2
5.7,,,,,77.21
5.2,,,,,77.22
4.8,,,,,77.23
4.3,,,,,77.24
3.8,,,,,77.25
3.3,,,,,77.26
2.9,,,,,77.27
2.4,,,,,77.28
2.7,,,,,77.29
3,,,,,77.3
3.2,,,,,77.31
3.5,,,,,77.32
3.8,,,,,77.33
4.1,,,,,77.34
4.4,,,,,77.35
4.6,,,,,77.36
4.9,,,,,77.37
5.2,,,,,77.38
5.8,,,,,77.39
6.5,,,,,77.4
7.1,,,,,77.41
7.8,,,,,77.42
8.4,,,,,77.43
9,,,,,77.44
9.7,,,,,77.45
10.3,,,,,77.46
11,,,,,77.47
11.6,,,,,77.48
12.4,,,,,77.49
13.2,,,,,77.5
14.1,,,,,77.51
14.9,,,,,77.52
15.7,,,,,77.53
16.5,,,,,77.54
17.3,,,,,77.55
18.2,,,,,77.56
19,,,,,77.57
19.8,,,,,77.58
19.3,,,,,77.59
18.7,,,,,77.6
18.2,,,,,77.61
17.7,,,,,77.62
17.1,,,,,77.63
16.6,,,,,77.64
16.1,,,,,77.65
15.6,,,,,77.66
15,,,,,77.67
14.5,,,,,77.68
15,,,,,77.69
15.5,,,,,77.7
16,,,,,77.71
16.5,,,,,77.72
17,,,,,77.73
17.5,,,,,77.74
18,,,,,77.75
18.5,,,,,77.76
19,,,,,77.77
19.5,,,,,77.78
19.6,,,,,77.79
19.7,,,,,77.8
19.9,,,,,77.81
20,,,,,77.82
20.1,,,,,77.83
20.2,,,,,77.84
20.3,,,,,77.85
20.5,,,,,77.86
20.6,,,,,77.87
20.7,,,,,77.88
20.5,,,,,77.89
20.2,,,,,77.9
20,,,,,77.91
19.8,,,,,77.92
19.6,,,,,77.93
19.3,,,,,77.94
19.1,,,,,77.95
18.9,,,,,77.96
18.6,,,,,77.97
18.4,,,,,77.98
18.3,,,,,77.99
18.3,,,,,78
18.2,,,,,78.01
18.2,,,,,78.02
18.1,,,,,78.03
18,,,,,78.04
18,,,,,78.05
17.9,,,,,78.06
17.9,,,,,78.07
17.8,,,,,78.08
17.4,,,,,78.09
17,,,,,78.1
16.7,,,,,78.11
16.3,,,,,78.12
15.9,,,,,78.13
15.5,,,,,78.14
15.1,,,,,78.15
14.8,,,,,78.16
14.4,,,,,78.17
14,,,,,78.18
14.1,,,,,78.19
14.2,,,,,78.2
14.3,,,,,78.21
14.4,,,,,78.22
14.5,,,,,78.23
14.6,,,,,78.24
14.7,,,,,78.25
14.8,,,,,78.26
14.9,,,,,78.27
15,,,,,78.28
15.6,,,,,78.29
16.2,,,,,78.3
16.9,,,,,78.31
17.5,,,,,78.32
18.1,,,,,78.33
18.7,,,,,78.34
19.3,,,,,78.35
20,,,,,78.36
20.6,,,,,78.37
21.2,,,,,78.38
21,,,,,78.39
20.9,,,,,78.4
20.7,,,,,78.41
20.5,,,,,78.42
20.4,,,,,78.43
20.2,,,,,78.44
20,,,,,78.45
19.8,,,,,78.46
19.7,,,,,78.47
19.5,,,,,78.48
19.4,,,,,78.49
19.4,,,,,78.5
19.3,,,,,78.51
19.3,,,,,78.52
19.2,,,,,78.53
19.1,,,,,78.54
19.1,,,,,78.55
19,,,,,78.56
19,,,,,78.57
18.9,,,,,78.58
18.5,,,,,78.59
18.1,,,,,78.6
17.7,,,,,78.61
17.3,,,,,78.62
16.9,,,,,78.63
16.4,,,,,78.64
16,,,,,78.65
15.6,,,,,78.66
15.2,,,,,78.67
14.8,,,,,78.68
14.2,,,,,78.69
13.6,,,,,78.7
13.1,,,,,78.71
12.5,,,,,78.72
11.9,,,,,78.73
11.3,,,,,78.74
10.7,,,,,78.75
10.2,,,,,78.76
9.6,,,,,78.77
9,,,,,78.78
9.1,,,,,78.79
9.1,,,,,78.8
9.2,,,,,78.81
9.2,,,,,78.82
9.2,,,,,78.83
9.3,,,,,78.84
9.3,,,,,78.85
9.4,,,,,78.86
9.5,,,,,78.87
9.5,,,,,78.88
10.6,,,,,78.89
11.7,,,,,78.9
12.7,,,,,78.91
13.8,,,,,78.92
14.9,,,,,78.93
16,,,,,78.94
17.1,,,,,78.95
18.1,,,,,78.96
19.2,,,,,78.97
20.3,,,,,78.98
19.9,,,,,78.99
19.4,,,,,79
19,,,,,79.01
18.6,,,,,79.02
18.1,,,,,79.03
17.7,,,,,79.04
17.3,,,,,79.05
16.9,,,,,79.06
16.4,,,,,79.07
16,,,,,79.08
16.3,,,,,79.09
16.6,,,,,79.1
17,,,,,79.11
17.3,,,,,79.12
17.6,,,,,79.13
17.9,,,,,79.14
18.2,,,,,79.15
18.6,,,,,79.16
18.9,,,,,79.17
19.2,,,,,79.18
19.8,,,,,79.19
20.4,,,,,79.2
20.9,,,,,79.21
21.5,,,,,79.22
22.1,,,,,79.23
22.7,,,,,79.24
23.3,,,,,79.25
23.8,,,,,79.26
24.4,,,,,79.27
25,,,,,79.28
25.2,,,,,79.29
25.3,,,,,79.3
25.5,,,,,79.31
25.6,,,,,79.32
25.8,,,,,79.33
26,,,,,79.34
26.1,,,,,79.35
26.3,,,,,79.36
26.4,,,,,79.37
26.6,,,,,79.38
26.6,,,,,79.39
26.5,,,,,79.4
26.5,,,,,79.41
26.5,,,,,79.42
26.5,,,,,79.43
26.4,,,,,79.44
26.4,,,,,79.45
26.4,,,,,79.46
26.3,,,,,79.47
26.3,,,,,79.48
26.2,,,,,79.49
26,,,,,79.5
25.8,,,,,79.51
25.7,,,,,79.52
25.6,,,,,79.53
25.4,,,,,79.54
25.3,,,,,79.55
25.1,,,,,79.56
25,,,,,79.57
24.8,,,,,79.58
25.5,,,,,79.59
26.2,,,,,79.6
26.9,,,,,79.61
27.6,,,,,79.62
28.3,,,,,79.63
29,,,,,79.64
29.7,,,,,79.65
30.4,,,,,79.66
31.1,,,,,79.67
31.8,,,,,79.68
32,,,,,79.69
32.2,,,,,79.7
32.3,,,,,79.71
32.5,,,,,79.72
32.7,,,,,79.73
32.9,,,,,79.74
33.1,,,,,79.75
33.2,,,,,79.76
33.4,,,,,79.77
33.6,,,,,79.78
33.5,,,,,79.79
33.5,,,,,79.8
33.4,,,,,79.81
33.4,,,,,79.82
33.4,,,,,79.83
33.3,,,,,79.84
33.3,,,,,79.85
33.2,,,,,79.86
33.1,,,,,79.87
33.1,,,,,79.88
33.7,,,,,79.89
34.3,,,,,79.9
35,,,,,79.91
35.6,,,,,79.92
36.2,,,,,79.93
36.8,,,,,79.94
37.4,,,,,79.95
38.1,,,,,79.96
38.7,,,,,79.97
39.3,,,,,79.98
39.3,,,,,79.99
39.3,,,,,80
39.3,,,,,80.01
39.3,,,,,80.02
39.3,,,,,80.03
39.3,,,,,80.04
39.3,,,,,80.05
39.3,,,,,80.06
39.3,,,,,80.07
39.3,,,,,80.08
39.5,,,,,80.09
39.7,,,,,80.1
39.8,,,,,80.11
40,,,,,80.12
40.2,,,,,80.13
40.4,,,,,80.14
40.6,,,,,80.15
40.7,,,,,80.16
40.9,,,,,80.17
41.1,,,,,80.18
40.9,,,,,80.19
40.8,,,,,80.2
40.6,,,,,80.21
40.5,,,,,80.22
40.3,,,,,80.23
40.1,,,,,80.24
40,,,,,80.25
39.8,,,,,80.26
39.7,,,,,80.27
39.5,,,,,80.28
39.2,,,,,80.29
39,,,,,80.3
38.7,,,,,80.31
38.5,,,,,80.32
38.2,,,,,80.33
38,,,,,80.34
37.8,,,,,80.35
37.5,,,,,80.36
37.2,,,,,80.37
37,,,,,80.38
37.2,,,,,80.39
37.3,,,,,80.4
37.5,,,,,80.41
37.6,,,,,80.42
37.8,,,,,80.43
38,,,,,80.44
38.1,,,,,80.45
38.3,,,,,80.46
38.4,,,,,80.47
38.6,,,,,80.48
39,,,,,80.49
39.3,,,,,80.5
39.7,,,,,80.51
40.1,,,,,80.52
40.5,,,,,80.53
40.8,,,,,80.54
41.2,,,,,80.55
41.6,,,,,80.56
41.9,,,,,80.57
42.3,,,,,80.58
42.3,,,,,80.59
42.2,,,,,80.6
42.2,,,,,80.61
42.2,,,,,80.62
42.2,,,,,80.63
42.1,,,,,80.64
42.1,,,,,80.65
42.1,,,,,80.66
42,,,,,80.67
42,,,,,80.68
41.9,,,,,80.69
41.9,,,,,80.7
41.8,,,,,80.71
41.8,,,,,80.72
41.7,,,,,80.73
41.6,,,,,80.74
41.6,,,,,80.75
41.5,,,,,80.76
41.5,,,,,80.77
41.4,,,,,80.78
41.9,,,,,80.79
42.5,,,,,80.8
43,,,,,80.81
43.5,,,,,80.82
44.1,,,,,80.83
44.6,,,,,80.84
45.1,,,,,80.85
45.6,,,,,80.86
46.2,,,,,80.87
46.7,,,,,80.88
46.8,,,,,80.89
46.9,,,,,80.9
46.9,,,,,80.91
47,,,,,80.92
47.1,,,,,80.93
47.2,,,,,80.94
47.3,,,,,80.95
47.3,,,,,80.96
47.4,,,,,80.97
47.5,,,,,80.98
47.3,,,,,80.99
47.1,,,,,81
46.9,,,,,81.01
46.7,,,,,81.02
46.5,,,,,81.03
46.3,,,,,81.04
46.1,,,,,81.05
45.9,,,,,81.06
45.7,,,,,81.07
45.5,,,,,81.08
45.5,,,,,81.09
45.5,,,,,81.1
45.5,,,,,81.11
45.5,,,,,81.12
45.5,,,,,81.13
45.4,,,,,81.14
45.4,,,,,81.15
45.4,,,,,81.16
45.4,,,,,81.17
45.4,,,,,81.18
45.5,,,,,81.19
45.5,,,,,81.2
45.6,,,,,81.21
45.6,,,,,81.22
45.7,,,,,81.23
45.8,,,,,81.24
45.8,,,,,81.25
45.9,,,,,81.26
45.9,,,,,81.27
46,,,,,81.28
45.6,,,,,81.29
45.2,,,,,81.3
44.9,,,,,81.31
44.5,,,,,81.32
44.1,,,,,81.33
43.7,,,,,81.34
43.3,,,,,81.35
43,,,,,81.36
42.6,,,,,81.37
42.2,,,,,81.38
43.1,,,,,81.39
44,,,,,81.4
44.9,,,,,81.41
45.8,,,,,81.42
46.7,,,,,81.43
47.6,,,,,81.44
48.5,,,,,81.45
49.4,,,,,81.46
50.3,,,,,81.47
51.2,,,,,81.48
51.5,,,,,81.49
51.9,,,,,81.5
52.2,,,,,81.51
52.6,,,,,81.52
52.9,,,,,81.53
53.2,,,,,81.54
53.6,,,,,81.55
53.9,,,,,81.56
54.3,,,,,81.57
54.6,,,,,81.58
53.8,,,,,81.59
53.1,,,,,81.6
52.3,,,,,81.61
51.6,,,,,81.62
50.8,,,,,81.63
50,,,,,81.64
49.3,,,,,81.65
48.5,,,,,81.66
47.8,,,,,81.67
47,,,,,81.68
45.9,,,,,81.69
44.8,,,,,81.7
43.7,,,,,81.71
42.6,,,,,81.72
41.5,,,,,81.73
40.5,,,,,81.74
39.4,,,,,81.75
38.3,,,,,81.76
37.2,,,,,81.77
36.1,,,,,81.78
36.8,,,,,81.79
37.5,,,,,81.8
38.2,,,,,81.81
38.9,,,,,81.82
39.6,,,,,81.83
40.3,,,,,81.84
41,,,,,81.85
41.7,,,,,81.86
42.4,,,,,81.87
43.1,,,,,81.88
39.1,,,,,81.89
35,,,,,81.9
31,,,,,81.91
26.9,,,,,81.92
22.9,,,,,81.93
18.9,,,,,81.94
14.8,,,,,81.95
10.8,,,,,81.96
6.7,,,,,81.97
2.7,,,,,81.98
2.4,,,,,81.99
2.2,,,,,82
1.9,,,,,82.01
1.6,,,,,82.02
1.4,,,,,82.03
1.1,,,,,82.04
0.8,,,,,82.05
0.5,,,,,82.06
0.3,,,,,82.07
0,,,,,82.08
0,,,,,82.09
0,,,,,82.1
0,,,,,82.11
0,,,,,82.12
0,,,,,82.13
0,,,,,82.14
0,,,,,82.15
0,,,,,82.16
0,,,,,82.17
0,,,,,82.18
0,,,,,82.19
0,,,,,82.2
0,,,,,82.21
0,,,,,82.22
0,,,,,82.23
0,,,,,82.24
0,,,,,82.25
0,,,,,82.26
0,,,,,82.27
0,,,,,82.28
0,,,,,82.29
0,,,,,82.3
0,,,,,82.31
0,,,,,82.32
0,,,,,82.33
0,,,,,82.34
0,,,,,82.35
0,,,,,82.36
0,,,,,82.37
0,,,,,82.38
0,,,,,82.39
0,,,,,82.4
0,,,,,82.41
0,,,,,82.42
0,,,,,82.43
0,,,,,82.44
0,,,,,82.45
0,,,,,82.46
0,,,,,82.47
0,,,,,82.48
0,,,,,82.49
0,,,,,82.5
0,,,,,82.51
0,,,,,82.52
0,,,,,82.53
0,,,,,82.54
0,,,,,82.55
0,,,,,82.56
0,,,,,82.57
0,,,,,82.58
0,,,,,82.59
0,,,,,82.6
0,,,,,82.61
0,,,,,82.62
0,,,,,82.63
0,,,,,82.64
0,,,,,82.65
0,,,,,82.66
0,,,,,82.67
0,,,,,82.68
0,,,,,82.69
0,,,,,82.7
0,,,,,82.71
0,,,,,82.72
0,,,,,82.73
0,,,,,82.74
0,,,,,82.75
0,,,,,82.76
0,,,,,82.77
0,,,,,82.78
0,,,,,82.79
0,,,,,82.8
0,,,,,82.81
0,,,,,82.82
0,,,,,82.83
0,,,,,82.84
0,,,,,82.85
0,,,,,82.86
0,,,,,82.87
0,,,,,82.88
0,,,,,82.89
0,,,,,82.9
0,,,,,82.91
0,,,,,82.92
0,,,,,82.93
0,,,,,82.94
0,,,,,82.95
0,,,,,82.96
0,,,,,82.97
0,,,,,82.98
0,,,,,82.99
0,,,,,83
0,,,,,83.01
0,,,,,83.02
0,,,,,83.03
0,,,,,83.04
0,,,,,83.05
0,,,,,83.06
0,,,,,83.07
0,,,,,83.08
0,,,,,83.09
0,,,,,83.1
0,,,,,83.11
0,,,,,83.12
0,,,,,83.13
0,,,,,83.14
0,,,,,83.15
0,,,,,83.16
0,,,,,83.17
0,,,,,83.18
0,,,,,83.19
0,,,,,83.2
0,,,,,83.21
0,,,,,83.22
0,,,,,83.23
0,,,,,83.24
0,,,,,83.25
0,,,,,83.26
0,,,,,83.27
0,,,,,83.28
0.1,,,,,83.29
0.2,,,,,83.3
0.3,,,,,83.31
0.4,,,,,83.32
0.5,,,,,83.33
0.6,,,,,83.34
0.7,,,,,83.35
0.8,,,,,83.36
0.9,,,,,83.37
1,,,,,83.38
2.6,,,,,83.39
4.1,,,,,83.4
5.7,,,,,83.41
7.2,,,,,83.42
8.8,,,,,83.43
10.4,,,,,83.44
11.9,,,,,83.45
13.5,,,,,83.46
15,,,,,83.47
16.6,,,,,83.48
17,,,,,83.49
17.4,,,,,83.5
17.7,,,,,83.51
18.1,,,,,83.52
18.5,,,,,83.53
18.9,,,,,83.54
19.3,,,,,83.55
19.6,,,,,83.56
20,,,,,83.57
20.4,,,,,83.58
19.5,,,,,83.59
18.7,,,,,83.6
17.8,,,,,83.61
17,,,,,83.62
16.2,,,,,83.63
15.3,,,,,83.64
14.4,,,,,83.65
13.6,,,,,83.66
12.7,,,,,83.67
11.9,,,,,83.68
11.6,,,,,83.69
11.4,,,,,83.7
11.1,,,,,83.71
10.8,,,,,83.72
10.6,,,,,83.73
10.3,,,,,83.74
10,,,,,83.75
9.7,,,,,83.76
9.5,,,,,83.77
9.2,,,,,83.78
9.4,,,,,83.79
9.7,,,,,83.8
9.9,,,,,83.81
10.2,,,,,83.82
10.4,,,,,83.83
10.6,,,,,83.84
10.9,,,,,83.85
11.1,,,,,83.86
11.4,,,,,83.87
11.6,,,,,83.88
12.3,,,,,83.89
13.1,,,,,83.9
13.8,,,,,83.91
14.5,,,,,83.92
15.3,,,,,83.93
16,,,,,83.94
16.7,,,,,83.95
17.4,,,,,83.96
18.2,,,,,83.97
18.9,,,,,83.98
19.8,,,,,83.99
20.7,,,,,84
21.5,,,,,84.01
22.4,,,,,84.02
23.3,,,,,84.03
24.2,,,,,84.04
25.1,,,,,84.05
25.9,,,,,84.06
26.8,,,,,84.07
27.7,,,,,84.08
27.7,,,,,84.09
27.6,,,,,84.1
27.6,,,,,84.11
27.6,,,,,84.12
27.6,,,,,84.13
27.5,,,,,84.14
27.5,,,,,84.15
27.5,,,,,84.16
27.4,,,,,84.17
27.4,,,,,84.18
28.1,,,,,84.19
28.8,,,,,84.2
29.5,,,,,84.21
30.2,,,,,84.22
30.9,,,,,84.23
31.5,,,,,84.24
32.2,,,,,84.25
32.9,,,,,84.26
33.6,,,,,84.27
34.3,,,,,84.28
34.4,,,,,84.29
34.4,,,,,84.3
34.5,,,,,84.31
34.5,,,,,84.32
34.6,,,,,84.33
34.6,,,,,84.34
34.7,,,,,84.35
34.7,,,,,84.36
34.8,,,,,84.37
34.8,,,,,84.38
34.8,,,,,84.39
34.9,,,,,84.4
34.9,,,,,84.41
34.9,,,,,84.42
35,,,,,84.43
35,,,,,84.44
35,,,,,84.45
35,,,,,84.46
35.1,,,,,84.47
35.1,,,,,84.48
35.1,,,,,84.49
35.1,,,,,84.5
35.1,,,,,84.51
35.1,,,,,84.52
35,,,,,84.53
35,,,,,84.54
35,,,,,84.55
35,,,,,84.56
35,,,,,84.57
35,,,,,84.58
35.3,,,,,84.59
35.6,,,,,84.6
35.8,,,,,84.61
36.1,,,,,84.62
36.4,,,,,84.63
36.7,,,,,84.64
37,,,,,84.65
37.2,,,,,84.66
37.5,,,,,84.67
37.8,,,,,84.68
38.9,,,,,84.69
40,,,,,84.7
41.1,,,,,84.71
42.2,,,,,84.72
43.2,,,,,84.73
44.3,,,,,84.74
45.4,,,,,84.75
46.5,,,,,84.76
47.6,,,,,84.77
48.7,,,,,84.78
48.7,,,,,84.79
48.7,,,,,84.8
48.7,,,,,84.81
48.7,,,,,84.82
48.7,,,,,84.83
48.6,,,,,84.84
48.6,,,,,84.85
48.6,,,,,84.86
48.6,,,,,84.87
48.6,,,,,84.88
47,,,,,84.89
45.5,,,,,84.9
43.9,,,,,84.91
42.4,,,,,84.92
40.8,,,,,84.93
39.2,,,,,84.94
37.7,,,,,84.95
36.1,,,,,84.96
34.6,,,,,84.97
33,,,,,84.98
33.3,,,,,84.99
33.6,,,,,85
33.9,,,,,85.01
34.2,,,,,85.02
34.5,,,,,85.03
34.7,,,,,85.04
35,,,,,85.05
35.3,,,,,85.06
35.6,,,,,85.07
35.9,,,,,85.08
37,,,,,85.09
38.2,,,,,85.1
39.3,,,,,85.11
40.5,,,,,85.12
41.6,,,,,85.13
42.7,,,,,85.14
43.9,,,,,85.15
45,,,,,85.16
46.2,,,,,85.17
47.3,,,,,85.18
46.9,,,,,85.19
46.6,,,,,85.2
46.2,,,,,85.21
45.8,,,,,85.22
45.5,,,,,85.23
45.1,,,,,85.24
44.7,,,,,85.25
44.3,,,,,85.26
44,,,,,85.27
43.6,,,,,85.28
43.3,,,,,85.29
43,,,,,85.3
42.7,,,,,85.31
42.4,,,,,85.32
42.2,,,,,85.33
41.9,,,,,85.34
41.6,,,,,85.35
41.3,,,,,85.36
41,,,,,85.37
40.7,,,,,85.38
40.7,,,,,85.39
40.8,,,,,85.4
40.8,,,,,85.41
40.8,,,,,85.42
40.9,,,,,85.43
40.9,,,,,85.44
40.9,,,,,85.45
40.9,,,,,85.46
41,,,,,85.47
41,,,,,85.48
41,,,,,85.49
40.9,,,,,85.5
40.9,,,,,85.51
40.8,,,,,85.52
40.8,,,,,85.53
40.7,,,,,85.54
40.7,,,,,85.55
40.6,,,,,85.56
40.6,,,,,85.57
40.5,,,,,85.58
40.4,,,,,85.59
40.4,,,,,85.6
40.3,,,,,85.61
40.3,,,,,85.62
40.2,,,,,85.63
40.1,,,,,85.64
40.1,,,,,85.65
40,,,,,85.66
40,,,,,85.67
39.9,,,,,85.68
39.8,,,,,85.69
39.6,,,,,85.7
39.5,,,,,85.71
39.3,,,,,85.72
39.2,,,,,85.73
39,,,,,85.74
38.9,,,,,85.75
38.7,,,,,85.76
38.6,,,,,85.77
38.4,,,,,85.78
38.3,,,,,85.79
38.2,,,,,85.8
38.1,,,,,85.81
38,,,,,85.82
37.9,,,,,85.83
37.8,,,,,85.84
37.7,,,,,85.85
37.6,,,,,85.86
37.5,,,,,85.87
37.4,,,,,85.88
38.9,,,,,85.89
40.4,,,,,85.9
42,,,,,85.91
43.5,,,,,85.92
45,,,,,85.93
46.5,,,,,85.94
48,,,,,85.95
49.6,,,,,85.96
51.1,,,,,85.97
52.6,,,,,85.98
52.8,,,,,85.99
52.9,,,,,86
53.1,,,,,86.01
53.2,,,,,86.02
53.4,,,,,86.03
53.6,,,,,86.04
53.7,,,,,86.05
53.9,,,,,86.06
54,,,,,86.07
54.2,,,,,86.08
53.1,,,,,86.09
51.9,,,,,86.1
50.8,,,,,86.11
49.6,,,,,86.12
48.5,,,,,86.13
47.4,,,,,86.14
46.2,,,,,86.15
45.1,,,,,86.16
43.9,,,,,86.17
42.8,,,,,86.18
42.8,,,,,86.19
42.7,,,,,86.2
42.7,,,,,86.21
42.6,,,,,86.22
42.6,,,,,86.23
42.6,,,,,86.24
42.5,,,,,86.25
42.5,,,,,86.26
42.4,,,,,86.27
42.4,,,,,86.28
41.4,,,,,86.29
40.4,,,,,86.3
39.4,,,,,86.31
38.4,,,,,86.32
37.5,,,,,86.33
36.5,,,,,86.34
35.5,,,,,86.35
34.5,,,,,86.36
33.5,,,,,86.37
32.5,,,,,86.38
31.9,,,,,86.39
31.3,,,,,86.4
30.6,,,,,86.41
30,,,,,86.42
29.4,,,,,86.43
28.8,,,,,86.44
28.2,,,,,86.45
27.5,,,,,86.46
26.9,,,,,86.47
26.3,,,,,86.48
26.5,,,,,86.49
26.8,,,,,86.5
27,,,,,86.51
27.2,,,,,86.52
27.5,,,,,86.53
27.7,,,,,86.54
27.9,,,,,86.55
28.1,,,,,86.56
28.4,,,,,86.57
28.6,,,,,86.58
28.5,,,,,86.59
28.5,,,,,86.6
28.4,,,,,86.61
28.4,,,,,86.62
28.3,,,,,86.63
28.2,,,,,86.64
28.2,,,,,86.65
28.1,,,,,86.66
28.1,,,,,86.67
28,,,,,86.68
28.1,,,,,86.69
28.2,,,,,86.7
28.3,,,,,86.71
28.4,,,,,86.72
28.5,,,,,86.73
28.6,,,,,86.74
28.7,,,,,86.75
28.8,,,,,86.76
28.9,,,,,86.77
29,,,,,86.78
29,,,,,86.79
29,,,,,86.8
29.1,,,,,86.81
29.1,,,,,86.82
29.1,,,,,86.83
29.1,,,,,86.84
29.1,,,,,86.85
29.2,,,,,86.86
29.2,,,,,86.87
29.2,,,,,86.88
29.2,,,,,86.89
29.3,,,,,86.9
29.3,,,,,86.91
29.3,,,,,86.92
29.4,,,,,86.93
29.4,,,,,86.94
29.4,,,,,86.95
29.4,,,,,86.96
29.5,,,,,86.97
29.5,,,,,86.98
29.7,,,,,86.99
29.9,,,,,87
30.1,,,,,87.01
30.3,,,,,87.02
30.6,,,,,87.03
30.8,,,,,87.04
31,,,,,87.05
31.2,,,,,87.06
31.4,,,,,87.07
31.6,,,,,87.08
31.6,,,,,87.09
31.7,,,,,87.1
31.7,,,,,87.11
31.7,,,,,87.12
31.8,,,,,87.13
31.8,,,,,87.14
31.8,,,,,87.15
31.8,,,,,87.16
31.9,,,,,87.17
31.9,,,,,87.18
31.9,,,,,87.19
31.9,,,,,87.2
31.9,,,,,87.21
31.9,,,,,87.22
31.9,,,,,87.23
31.8,,,,,87.24
31.8,,,,,87.25
31.8,,,,,87.26
31.8,,,,,87.27
31.8,,,,,87.28
31.7,,,,,87.29
31.6,,,,,87.3
31.5,,,,,87.31
31.4,,,,,87.32
31.4,,,,,87.33
31.3,,,,,87.34
31.2,,,,,87.35
31.1,,,,,87.36
31,,,,,87.37
30.9,,,,,87.38
28.9,,,,,87.39
26.8,,,,,87.4
24.7,,,,,87.41
22.7,,,,,87.42
20.7,,,,,87.43
18.6,,,,,87.44
16.6,,,,,87.45
14.5,,,,,87.46
12.4,,,,,87.47
10.4,,,,,87.48
11.8,,,,,87.49
13.2,,,,,87.5
14.7,,,,,87.51
16.1,,,,,87.52
17.5,,,,,87.53
18.9,,,,,87.54
20.3,,,,,87.55
21.8,,,,,87.56
23.2,,,,,87.57
24.6,,,,,87.58
25.7,,,,,87.59
26.8,,,,,87.6
27.9,,,,,87.61
29,,,,,87.62
30.1,,,,,87.63
31.2,,,,,87.64
32.3,,,,,87.65
33.4,,,,,87.66
34.5,,,,,87.67
35.6,,,,,87.68
36.4,,,,,87.69
37.3,,,,,87.7
38.1,,,,,87.71
39,,,,,87.72
39.8,,,,,87.73
40.6,,,,,87.74
41.5,,,,,87.75
42.3,,,,,87.76
43.2,,,,,87.77
44,,,,,87.78
43.8,,,,,87.79
43.6,,,,,87.8
43.5,,,,,87.81
43.3,,,,,87.82
43.1,,,,,87.83
42.9,,,,,87.84
42.7,,,,,87.85
42.6,,,,,87.86
42.4,,,,,87.87
42.2,,,,,87.88
42.1,,,,,87.89
42.1,,,,,87.9
42,,,,,87.91
42,,,,,87.92
41.9,,,,,87.93
41.8,,,,,87.94
41.8,,,,,87.95
41.7,,,,,87.96
41.7,,,,,87.97
41.6,,,,,87.98
42,,,,,87.99
42.4,,,,,88
42.8,,,,,88.01
43.2,,,,,88.02
43.5,,,,,88.03
43.9,,,,,88.04
44.3,,,,,88.05
44.7,,,,,88.06
45.1,,,,,88.07
45.5,,,,,88.08
45,,,,,88.09
44.4,,,,,88.1
43.9,,,,,88.11
43.4,,,,,88.12
42.9,,,,,88.13
42.3,,,,,88.14
41.8,,,,,88.15
41.3,,,,,88.16
40.7,,,,,88.17
40.2,,,,,88.18
39.8,,,,,88.19
39.3,,,,,88.2
38.9,,,,,88.21
38.5,,,,,88.22
38,,,,,88.23
37.6,,,,,88.24
37.2,,,,,88.25
36.8,,,,,88.26
36.3,,,,,88.27
35.9,,,,,88.28
36.3,,,,,88.29
36.8,,,,,88.3
37.2,,,,,88.31
37.6,,,,,88.32
38,,,,,88.33
38.5,,,,,88.34
38.9,,,,,88.35
39.3,,,,,88.36
39.8,,,,,88.37
40.2,,,,,88.38
40.4,,,,,88.39
40.6,,,,,88.4
40.8,,,,,88.41
41,,,,,88.42
41.2,,,,,88.43
41.3,,,,,88.44
41.5,,,,,88.45
41.7,,,,,88.46
41.9,,,,,88.47
42.1,,,,,88.48
38.6,,,,,88.49
35,,,,,88.5
31.5,,,,,88.51
27.9,,,,,88.52
24.4,,,,,88.53
20.9,,,,,88.54
17.3,,,,,88.55
13.8,,,,,88.56
10.2,,,,,88.57
6.7,,,,,88.58
6,,,,,88.59
5.4,,,,,88.6
4.7,,,,,88.61
4,,,,,88.62
3.4,,,,,88.63
2.7,,,,,88.64
2,,,,,88.65
1.3,,,,,88.66
0.7,,,,,88.67
0,,,,,88.68
0,,,,,88.69
0,,,,,88.7
0,,,,,88.71
0,,,,,88.72
0,,,,,88.73
0,,,,,88.74
0,,,,,88.75
0,,,,,88.76
0,,,,,88.77
0,,,,,88.78
0,,,,,88.79
0,,,,,88.8
0,,,,,88.81
0,,,,,88.82
0,,,,,88.83
0,,,,,88.84
0,,,,,88.85
0,,,,,88.86
0,,,,,88.87
0,,,,,88.88
0,,,,,88.89
0,,,,,88.9
0,,,,,88.91
0,,,,,88.92
0,,,,,88.93
0,,,,,88.94
0,,,,,88.95
0,,,,,88.96
0,,,,,88.97
0,,,,,88.98
0,,,,,88.99
0,,,,,89
0,,,,,89.01
0,,,,,89.02
0,,,,,89.03
0,,,,,89.04
0,,,,,89.05
0,,,,,89.06
0,,,,,89.07
0,,,,,89.08
0,,,,,89.09
0,,,,,89.1
0,,,,,89.11
0,,,,,89.12
0,,,,,89.13
0,,,,,89.14
0,,,,,89.15
0,,,,,89.16
0,,,,,89.17
0,,,,,89.18
0,,,,,89.19
0,,,,,89.2
0,,,,,89.21
0,,,,,89.22
0,,,,,89.23
0,,,,,89.24
0,,,,,89.25
0,,,,,89.26
0,,,,,89.27
0,,,,,89.28
0,,,,,89.29
0,,,,,89.3
0,,,,,89.31
0,,,,,89.32
0,,,,,89.33
0,,,,,89.34
0,,,,,89.35
0,,,,,89.36
0,,,,,89.37
0,,,,,89.38
0,,,,,89.39
0,,,,,89.4
0,,,,,89.41
0,,,,,89.42
0,,,,,89.43
0,,,,,89.44
0,,,,,89.45
0,,,,,89.46
0,,,,,89.47
0,,,,,89.48
0,,,,,89.49
0,,,,,89.5
0,,,,,89.51
0,,,,,89.52
0,,,,,89.53
0,,,,,89.54
0,,,,,89.55
0,,,,,89.56
0,,,,,89.57
0,,,,,89.58
0,,,,,89.59
0,,,,,89.6
0,,,,,89.61
0,,,,,89.62
0,,,,,89.63
0,,,,,89.64
0,,,,,89.65
0,,,,,89.66
0,,,,,89.67
0,,,,,89.68
0,,,,,89.69
0,,,,,89.7
0,,,,,89.71
0,,,,,89.72
0,,,,,89.73
0,,,,,89.74
0,,,,,89.75
0,,,,,89.76
0,,,,,89.77
0,,,,,89.78
0,,,,,89.79
0,,,,,89.8
0,,,,,89.81
0,,,,,89.82
0,,,,,89.83
0,,,,,89.84
0,,,,,89.85
0,,,,,89.86
0,,,,,89.87
0,,,,,89.88
0,,,,,89.89
0,,,,,89.9
0,,,,,89.91
0,,,,,89.92
0,,,,,89.93
0,,,,,89.94
0,,,,,89.95
0,,,,,89.96
0,,,,,89.97
0,,,,,89.98
0.1,,,,,89.99
0.1,,,,,90
0.2,,,,,90.01
0.2,,,,,90.02
0.3,,,,,90.03
0.4,,,,,90.04
0.4,,,,,90.05
0.5,,,,,90.06
0.5,,,,,90.07
0.6,,,,,90.08
0.7,,,,,90.09
0.7,,,,,90.1
0.8,,,,,90.11
0.9,,,,,90.12
1,,,,,90.13
1,,,,,90.14
1.1,,,,,90.15
1.2,,,,,90.16
1.2,,,,,90.17
1.3,,,,,90.18
1.6,,,,,90.19
1.9,,,,,90.2
2.2,,,,,90.21
2.5,,,,,90.22
2.8,,,,,90.23
3.1,,,,,90.24
3.4,,,,,90.25
3.7,,,,,90.26
4,,,,,90.27
4.3,,,,,90.28
4.5,,,,,90.29
4.7,,,,,90.3
5,,,,,90.31
5.2,,,,,90.32
5.4,,,,,90.33
5.6,,,,,90.34
5.8,,,,,90.35
6.1,,,,,90.36
6.3,,,,,90.37
6.5,,,,,90.38
6.5,,,,,90.39
6.5,,,,,90.4
6.5,,,,,90.41
6.5,,,,,90.42
6.5,,,,,90.43
6.5,,,,,90.44
6.5,,,,,90.45
6.5,,,,,90.46
6.5,,,,,90.47
6.5,,,,,90.48
6.4,,,,,90.49
6.3,,,,,90.5
6.2,,,,,90.51
6.1,,,,,90.52
6,,,,,90.53
5.9,,,,,90.54
5.8,,,,,90.55
5.7,,,,,90.56
5.6,,,,,90.57
5.5,,,,,90.58
5.3,,,,,90.59
5.1,,,,,90.6
5,,,,,90.61
4.8,,,,,90.62
4.6,,,,,90.63
4.4,,,,,90.64
4.2,,,,,90.65
4.1,,,,,90.66
3.9,,,,,90.67
3.7,,,,,90.68
3.6,,,,,90.69
3.6,,,,,90.7
3.5,,,,,90.71
3.5,,,,,90.72
3.4,,,,,90.73
3.3,,,,,90.74
3.3,,,,,90.75
3.2,,,,,90.76
3.2,,,,,90.77
3.1,,,,,90.78
3,,,,,90.79
3,,,,,90.8
2.9,,,,,90.81
2.9,,,,,90.82
2.8,,,,,90.83
2.7,,,,,90.84
2.7,,,,,90.85
2.6,,,,,90.86
2.6,,,,,90.87
2.5,,,,,90.88
2.5,,,,,90.89
2.5,,,,,90.9
2.5,,,,,90.91
2.5,,,,,90.92
2.5,,,,,90.93
2.4,,,,,90.94
2.4,,,,,90.95
2.4,,,,,90.96
2.4,,,,,90.97
2.4,,,,,90.98
2.4,,,,,90.99
2.4,,,,,91
2.4,,,,,91.01
2.4,,,,,91.02
2.4,,,,,91.03
2.4,,,,,91.04
2.4,,,,,91.05
2.4,,,,,91.06
2.4,,,,,91.07
2.4,,,,,91.08
2.3,,,,,91.09
2.3,,,,,91.1
2.2,,,,,91.11
2.2,,,,,91.12
2.2,,,,,91.13
2.1,,,,,91.14
2,,,,,91.15
2,,,,,91.16
1.9,,,,,91.17
1.9,,,,,91.18
1.9,,,,,91.19
1.8,,,,,91.2
1.8,,,,,91.21
1.8,,,,,91.22
1.8,,,,,91.23
1.7,,,,,91.24
1.7,,,,,91.25
1.7,,,,,91.26
1.6,,,,,91.27
1.6,,,,,91.28
1.7,,,,,91.29
1.9,,,,,91.3
2,,,,,91.31
2.2,,,,,91.32
2.3,,,,,91.33
2.4,,,,,91.34
2.6,,,,,91.35
2.7,,,,,91.36
2.9,,,,,91.37
3,,,,,91.38
3.2,,,,,91.39
3.5,,,,,91.4
3.7,,,,,91.41
4,,,,,91.42
4.2,,,,,91.43
4.4,,,,,91.44
4.7,,,,,91.45
4.9,,,,,91.46
5.2,,,,,91.47
5.4,,,,,91.48
5.4,,,,,91.49
5.4,,,,,91.5
5.4,,,,,91.51
5.4,,,,,91.52
5.4,,,,,91.53
5.4,,,,,91.54
5.4,,,,,91.55
5.4,,,,,91.56
5.4,,,,,91.57
5.4,,,,,91.58
5.5,,,,,91.59
5.6,,,,,91.6
5.7,,,,,91.61
5.8,,,,,91.62
5.9,,,,,91.63
5.9,,,,,91.64
6,,,,,91.65
6.1,,,,,91.66
6.2,,,,,91.67
6.3,,,,,91.68
6.7,,,,,91.69
7.2,,,,,91.7
7.6,,,,,91.71
8.1,,,,,91.72
8.5,,,,,91.73
8.9,,,,,91.74
9.4,,,,,91.75
9.8,,,,,91.76
10.3,,,,,91.77
10.7,,,,,91.78
10.2,,,,,91.79
9.8,,,,,91.8
9.3,,,,,91.81
8.8,,,,,91.82
8.4,,,,,91.83
7.9,,,,,91.84
7.4,,,,,91.85
6.9,,,,,91.86
6.5,,,,,91.87
6,,,,,91.88
6,,,,,91.89
6,,,,,91.9
6,,,,,91.91
6,,,,,91.92
6,,,,,91.93
6,,,,,91.94
6,,,,,91.95
6,,,,,91.96
6,,,,,91.97
6,,,,,91.98
5.9,,,,,91.99
5.9,,,,,92
5.8,,,,,92.01
5.7,,,,,92.02
5.7,,,,,92.03
5.6,,,,,92.04
5.5,,,,,92.05
5.4,,,,,92.06
5.4,,,,,92.07
5.3,,,,,92.08
5.6,,,,,92.09
5.8,,,,,92.1
6.1,,,,,92.11
6.3,,,,,92.12
6.6,,,,,92.13
6.8,,,,,92.14
7.1,,,,,92.15
7.3,,,,,92.16
7.6,,,,,92.17
7.8,,,,,92.18
7.9,,,,,92.19
8.1,,,,,92.2
8.2,,,,,92.21
8.4,,,,,92.22
8.5,,,,,92.23
8.6,,,,,92.24
8.8,,,,,92.25
8.9,,,,,92.26
9.1,,,,,92.27
9.2,,,,,92.28
9.2,,,,,92.29
9.1,,,,,92.3
9.1,,,,,92.31
9.1,,,,,92.32
9.1,,,,,92.33
9,,,,,92.34
9,,,,,92.35
9,,,,,92.36
8.9,,,,,92.37
8.9,,,,,92.38
8.9,,,,,92.39
9,,,,,92.4
9,,,,,92.41
9,,,,,92.42
9.1,,,,,92.43
9.1,,,,,92.44
9.1,,,,,92.45
9.1,,,,,92.46
9.2,,,,,92.47
9.2,,,,,92.48
9.4,,,,,92.49
9.6,,,,,92.5
9.7,,,,,92.51
9.9,,,,,92.52
10.1,,,,,92.53
10.3,,,,,92.54
10.5,,,,,92.55
10.6,,,,,92.56
10.8,,,,,92.57
11,,,,,92.58
11.4,,,,,92.59
11.7,,,,,92.6
12.1,,,,,92.61
12.4,,,,,92.62
12.8,,,,,92.63
13.2,,,,,92.64
13.5,,,,,92.65
13.9,,,,,92.66
14.2,,,,,92.67
14.6,,,,,92.68
14.6,,,,,92.69
14.6,,,,,92.7
14.7,,,,,92.71
14.7,,,,,92.72
14.7,,,,,92.73
14.7,,,,,92.74
14.7,,,,,92.75
14.8,,,,,92.76
14.8,,,,,92.77
14.8,,,,,92.78
14.8,,,,,92.79
14.8,,,,,92.8
14.8,,,,,92.81
14.8,,,,,92.82
14.8,,,,,92.83
14.8,,,,,92.84
14.8,,,,,92.85
14.8,,,,,92.86
14.8,,,,,92.87
14.8,,,,,92.88
14.7,,,,,92.89
14.6,,,,,92.9
14.4,,,,,92.91
14.3,,,,,92.92
14.2,,,,,92.93
14.1,,,,,92.94
14,,,,,92.95
13.8,,,,,92.96
13.7,,,,,92.97
13.6,,,,,92.98
13.6,,,,,92.99
13.6,,,,,93
13.5,,,,,93.01
13.5,,,,,93.02
13.5,,,,,93.03
13.5,,,,,93.04
13.5,,,,,93.05
13.4,,,,,93.06
13.4,,,,,93.07
13.4,,,,,93.08
13.4,,,,,93.09
13.4,,,,,93.1
13.5,,,,,93.11
13.5,,,,,93.12
13.5,,,,,93.13
13.5,,,,,93.14
13.5,,,,,93.15
13.6,,,,,93.16
13.6,,,,,93.17
13.6,,,,,93.18
13.5,,,,,93.19
13.5,,,,,93.2
13.4,,,,,93.21
13.4,,,,,93.22
13.3,,,,,93.23
13.2,,,,,93.24
13.2,,,,,93.25
13.1,,,,,93.26
13.1,,,,,93.27
13,,,,,93.28
12.9,,,,,93.29
12.9,,,,,93.3
12.8,,,,,93.31
12.7,,,,,93.32
12.7,,,,,93.33
12.6,,,,,93.34
12.5,,,,,93.35
12.4,,,,,93.36
12.4,,,,,93.37
12.3,,,,,93.38
12.5,,,,,93.39
12.7,,,,,93.4
12.9,,,,,93.41
13.1,,,,,93.42
13.2,,,,,93.43
13.4,,,,,93.44
13.6,,,,,93.45
13.8,,,,,93.46
14,,,,,93.47
14.2,,,,,93.48
14.3,,,,,93.49
14.4,,,,,93.5
14.4,,,,,93.51
14.5,,,,,93.52
14.6,,,,,93.53
14.7,,,,,93.54
14.8,,,,,93.55
14.8,,,,,93.56
14.9,,,,,93.57
15,,,,,93.58
15,,,,,93.59
15,,,,,93.6
15,,,,,93.61
15,,,,,93.62
15,,,,,93.63
15,,,,,93.64
15,,,,,93.65
15,,,,,93.66
15,,,,,93.67
15,,,,,93.68
16,,,,,93.69
16.9,,,,,93.7
17.9,,,,,93.71
18.8,,,,,93.72
19.8,,,,,93.73
20.8,,,,,93.74
21.7,,,,,93.75
22.7,,,,,93.76
23.6,,,,,93.77
24.6,,,,,93.78
25.8,,,,,93.79
27.1,,,,,93.8
28.3,,,,,93.81
29.6,,,,,93.82
30.8,,,,,93.83
32,,,,,93.84
33.3,,,,,93.85
34.5,,,,,93.86
35.8,,,,,93.87
37,,,,,93.88
35.4,,,,,93.89
33.8,,,,,93.9
32.2,,,,,93.91
30.6,,,,,93.92
29.1,,,,,93.93
27.5,,,,,93.94
25.9,,,,,93.95
24.3,,,,,93.96
22.7,,,,,93.97
21.1,,,,,93.98
19,,,,,93.99
16.9,,,,,94
14.8,,,,,94.01
12.7,,,,,94.02
10.6,,,,,94.03
8.4,,,,,94.04
6.3,,,,,94.05
4.2,,,,,94.06
2.1,,,,,94.07
0,,,,,94.08
0,,,,,94.09
0,,,,,94.1
0,,,,,94.11
0,,,,,94.12
0,,,,,94.13
0,,,,,94.14
0,,,,,94.15
0,,,,,94.16
0,,,,,94.17
0,,,,,94.18
0,,,,,94.19
0,,,,,94.2
0,,,,,94.21
0,,,,,94.22
0,,,,,94.23
0,,,,,94.24
0,,,,,94.25
0,,,,,94.26
0,,,,,94.27
0,,,,,94.28
0,,,,,94.29
0,,,,,94.3
0,,,,,94.31
0,,,,,94.32
0,,,,,94.33
0,,,,,94.34
0,,,,,94.35
0,,,,,94.36
0,,,,,94.37
0,,,,,94.38
0,,,,,94.39
0,,,,,94.4
0,,,,,94.41
0,,,,,94.42
0,,,,,94.43
0,,,,,94.44
0,,,,,94.45
0,,,,,94.46
0,,,,,94.47
0,,,,,94.48
0,,,,,94.49
0,,,,,94.5
0,,,,,94.51
0,,,,,94.52
0,,,,,94.53
0,,,,,94.54
0,,,,,94.55
0,,,,,94.56
0,,,,,94.57
0,,,,,94.58
0,,,,,94.59
0,,,,,94.6
0,,,,,94.61
0,,,,,94.62
0,,,,,94.63
0,,,,,94.64
0,,,,,94.65
0,,,,,94.66
0,,,,,94.67
0,,,,,94.68
0,,,,,94.69
0,,,,,94.7
0,,,,,94.71
0,,,,,94.72
0,,,,,94.73
0,,,,,94.74
0,,,,,94.75
0,,,,,94.76
0,,,,,94.77
0,,,,,94.78
0,,,,,94.79
0,,,,,94.8
0,,,,,94.81
0,,,,,94.82
0,,,,,94.83
0,,,,,94.84
0,,,,,94.85
0,,,,,94.86
0,,,,,94.87
0,,,,,94.88
0,,,,,94.89
0,,,,,94.9
0,,,,,94.91
0,,,,,94.92
0,,,,,94.93
0,,,,,94.94
0,,,,,94.95
0,,,,,94.96
0,,,,,94.97
0,,,,,94.98
0,,,,,94.99
0,,,,,95
0,,,,,95.01
0,,,,,95.02
0,,,,,95.03
0,,,,,95.04
0,,,,,95.05
0,,,,,95.06
0,,,,,95.07
0,,,,,95.08
0,,,,,95.09
0,,,,,95.1
0,,,,,95.11
0,,,,,95.12
0.1,,,,,95.13
0.1,,,,,95.14
0.1,,,,,95.15
0.1,,,,,95.16
0.1,,,,,95.17
0.1,,,,,95.18
0.4,,,,,95.19
0.6,,,,,95.2
0.9,,,,,95.21
1.2,,,,,95.22
1.5,,,,,95.23
1.7,,,,,95.24
2,,,,,95.25
2.3,,,,,95.26
2.5,,,,,95.27
2.8,,,,,95.28
2.9,,,,,95.29
2.9,,,,,95.3
3,,,,,95.31
3,,,,,95.32
3.1,,,,,95.33
3.1,,,,,95.34
3.2,,,,,95.35
3.2,,,,,95.36
3.3,,,,,95.37
3.3,,,,,95.38
3.3,,,,,95.39
3.3,,,,,95.4
3.2,,,,,95.41
3.2,,,,,95.42
3.2,,,,,95.43
3.2,,,,,95.44
3.2,,,,,95.45
3.1,,,,,95.46
3.1,,,,,95.47
3.1,,,,,95.48
3.5,,,,,95.49
3.9,,,,,95.5
4.3,,,,,95.51
4.7,,,,,95.52
5.1,,,,,95.53
5.5,,,,,95.54
5.9,,,,,95.55
6.3,,,,,95.56
6.7,,,,,95.57
7.1,,,,,95.58
7.9,,,,,95.59
8.7,,,,,95.6
9.5,,,,,95.61
10.3,,,,,95.62
11.1,,,,,95.63
11.8,,,,,95.64
12.6,,,,,95.65
13.4,,,,,95.66
14.2,,,,,95.67
15,,,,,95.68
15.2,,,,,95.69
15.5,,,,,95.7
15.7,,,,,95.71
16,,,,,95.72
16.2,,,,,95.73
16.5,,,,,95.74
16.7,,,,,95.75
17,,,,,95.76
17.2,,,,,95.77
17.5,,,,,95.78
16.6,,,,,95.79
15.6,,,,,95.8
14.7,,,,,95.81
13.7,,,,,95.82
12.8,,,,,95.83
11.9,,,,,95.84
10.9,,,,,95.85
10,,,,,95.86
9,,,,,95.87
8.1,,,,,95.88
7.7,,,,,95.89
7.3,,,,,95.9
6.8,,,,,95.91
6.4,,,,,95.92
6,,,,,95.93
5.6,,,,,95.94
5.2,,,,,95.95
4.7,,,,,95.96
4.3,,,,,95.97
3.9,,,,,95.98
4,,,,,95.99
4.2,,,,,96
4.3,,,,,96.01
4.5,,,,,96.02
4.7,,,,,96.03
4.8,,,,,96.04
4.9,,,,,96.05
5.1,,,,,96.06
5.2,,,,,96.07
5.4,,,,,96.08
5.5,,,,,96.09
5.7,,,,,96.1
5.8,,,,,96.11
6,,,,,96.12
6.1,,,,,96.13
6.2,,,,,96.14
6.4,,,,,96.15
6.5,,,,,96.16
6.7,,,,,96.17
6.8,,,,,96.18
6.7,,,,,96.19
6.5,,,,,96.2
6.4,,,,,96.21
6.3,,,,,96.22
6.2,,,,,96.23
6,,,,,96.24
5.9,,,,,96.25
5.8,,,,,96.26
5.6,,,,,96.27
5.5,,,,,96.28
5.7,,,,,96.29
6,,,,,96.3
6.2,,,,,96.31
6.4,,,,,96.32
6.7,,,,,96.33
6.9,,,,,96.34
7.1,,,,,96.35
7.3,,,,,96.36
7.6,,,,,96.37
7.8,,,,,96.38
8.5,,,,,96.39
9.2,,,,,96.4
9.9,,,,,96.41
10.6,,,,,96.42
11.3,,,,,96.43
12,,,,,96.44
12.7,,,,,96.45
13.4,,,,,96.46
14.1,,,,,96.47
14.8,,,,,96.48
14.8,,,,,96.49
14.9,,,,,96.5
14.9,,,,,96.51
14.9,,,,,96.52
15,,,,,96.53
15,,,,,96.54
15,,,,,96.55
15,,,,,96.56
15.1,,,,,96.57
15.1,,,,,96.58
15.3,,,,,96.59
15.4,,,,,96.6
15.6,,,,,96.61
15.8,,,,,96.62
16,,,,,96.63
16.1,,,,,96.64
16.3,,,,,96.65
16.5,,,,,96.66
16.6,,,,,96.67
16.8,,,,,96.68
17.1,,,,,96.69
17.4,,,,,96.7
17.8,,,,,96.71
18.1,,,,,96.72
18.4,,,,,96.73
18.7,,,,,96.74
19,,,,,96.75
19.4,,,,,96.76
19.7,,,,,96.77
20,,,,,96.78
20.3,,,,,96.79
20.6,,,,,96.8
20.8,,,,,96.81
21.1,,,,,96.82
21.4,,,,,96.83
21.7,,,,,96.84
22,,,,,96.85
22.2,,,,,96.86
22.5,,,,,96.87
22.8,,,,,96.88
22.8,,,,,96.89
22.8,,,,,96.9
22.8,,,,,96.91
22.8,,,,,96.92
22.8,,,,,96.93
22.8,,,,,96.94
22.8,,,,,96.95
22.8,,,,,96.96
22.8,,,,,96.97
22.8,,,,,96.98
22.9,,,,,96.99
22.9,,,,,97
23,,,,,97.01
23,,,,,97.02
23.1,,,,,97.03
23.2,,,,,97.04
23.2,,,,,97.05
23.3,,,,,97.06
23.3,,,,,97.07
23.4,,,,,97.08
23.4,,,,,97.09
23.4,,,,,97.1
23.4,,,,,97.11
23.4,,,,,97.12
23.4,,,,,97.13
23.3,,,,,97.14
23.3,,,,,97.15
23.3,,,,,97.16
23.3,,,,,97.17
23.3,,,,,97.18
22.7,,,,,97.19
22.2,,,,,97.2
21.6,,,,,97.21
21.1,,,,,97.22
20.5,,,,,97.23
19.9,,,,,97.24
19.4,,,,,97.25
18.8,,,,,97.26
18.3,,,,,97.27
17.7,,,,,97.28
17.6,,,,,97.29
17.5,,,,,97.3
17.4,,,,,97.31
17.3,,,,,97.32
17.2,,,,,97.33
17.2,,,,,97.34
17.1,,,,,97.35
17,,,,,97.36
16.9,,,,,97.37
16.8,,,,,97.38
17,,,,,97.39
17.2,,,,,97.4
17.4,,,,,97.41
17.6,,,,,97.42
17.8,,,,,97.43
17.9,,,,,97.44
18.1,,,,,97.45
18.3,,,,,97.46
18.5,,,,,97.47
18.7,,,,,97.48
20.1,,,,,97.49
21.5,,,,,97.5
22.9,,,,,97.51
24.3,,,,,97.52
25.6,,,,,97.53
27,,,,,97.54
28.4,,,,,97.55
29.8,,,,,97.56
31.2,,,,,97.57
32.6,,,,,97.58
33.4,,,,,97.59
34.1,,,,,97.6
34.9,,,,,97.61
35.6,,,,,97.62
36.4,,,,,97.63
37.1,,,,,97.64
37.9,,,,,97.65
38.6,,,,,97.66
39.4,,,,,97.67
40.1,,,,,97.68
40.5,,,,,97.69
40.8,,,,,97.7
41.2,,,,,97.71
41.5,,,,,97.72
41.9,,,,,97.73
42.3,,,,,97.74
42.6,,,,,97.75
43,,,,,97.76
43.3,,,,,97.77
43.7,,,,,97.78
43.7,,,,,97.79
43.7,,,,,97.8
43.8,,,,,97.81
43.8,,,,,97.82
43.8,,,,,97.83
43.8,,,,,97.84
43.8,,,,,97.85
43.9,,,,,97.86
43.9,,,,,97.87
43.9,,,,,97.88
44.4,,,,,97.89
45,,,,,97.9
45.5,,,,,97.91
46.1,,,,,97.92
46.6,,,,,97.93
47.1,,,,,97.94
47.7,,,,,97.95
48.2,,,,,97.96
48.8,,,,,97.97
49.3,,,,,97.98
49.9,,,,,97.99
50.5,,,,,98
51,,,,,98.01
51.6,,,,,98.02
52.2,,,,,98.03
52.8,,,,,98.04
53.4,,,,,98.05
53.9,,,,,98.06
54.5,,,,,98.07
55.1,,,,,98.08
55,,,,,98.09
55,,,,,98.1
54.9,,,,,98.11
54.9,,,,,98.12
54.9,,,,,98.13
54.8,,,,,98.14
54.7,,,,,98.15
54.7,,,,,98.16
54.6,,,,,98.17
54.6,,,,,98.18
54.9,,,,,98.19
55.3,,,,,98.2
55.6,,,,,98.21
56,,,,,98.22
56.3,,,,,98.23
56.6,,,,,98.24
57,,,,,98.25
57.3,,,,,98.26
57.7,,,,,98.27
58,,,,,98.28
58.2,,,,,98.29
58.3,,,,,98.3
58.5,,,,,98.31
58.6,,,,,98.32
58.8,,,,,98.33
59,,,,,98.34
59.1,,,,,98.35
59.3,,,,,98.36
59.4,,,,,98.37
59.6,,,,,98.38
60,,,,,98.39
60.5,,,,,98.4
60.9,,,,,98.41
61.3,,,,,98.42
61.8,,,,,98.43
62.2,,,,,98.44
62.6,,,,,98.45
63,,,,,98.46
63.5,,,,,98.47
63.9,,,,,98.48
62.1,,,,,98.49
60.4,,,,,98.5
58.6,,,,,98.51
56.9,,,,,98.52
55.1,,,,,98.53
53.3,,,,,98.54
51.6,,,,,98.55
49.8,,,,,98.56
48.1,,,,,98.57
46.3,,,,,98.58
46.1,,,,,98.59
45.9,,,,,98.6
45.8,,,,,98.61
45.6,,,,,98.62
45.4,,,,,98.63
45.2,,,,,98.64
45,,,,,98.65
44.9,,,,,98.66
44.7,,,,,98.67
44.5,,,,,98.68
44.7,,,,,98.69
45,,,,,98.7
45.2,,,,,98.71
45.5,,,,,98.72
45.7,,,,,98.73
45.9,,,,,98.74
46.2,,,,,98.75
46.4,,,,,98.76
46.7,,,,,98.77
46.9,,,,,98.78
46.8,,,,,98.79
46.7,,,,,98.8
46.7,,,,,98.81
46.6,,,,,98.82
46.5,,,,,98.83
46.4,,,,,98.84
46.3,,,,,98.85
46.3,,,,,98.86
46.2,,,,,98.87
46.1,,,,,98.88
46.1,,,,,98.89
46,,,,,98.9
46,,,,,98.91
46,,,,,98.92
46,,,,,98.93
45.9,,,,,98.94
45.9,,,,,98.95
45.9,,,,,98.96
45.8,,,,,98.97
45.8,,,,,98.98
45.6,,,,,98.99
45.4,,,,,99
45.1,,,,,99.01
44.9,,,,,99.02
44.7,,,,,99.03
44.5,,,,,99.04
44.3,,,,,99.05
44,,,,,99.06
43.8,,,,,99.07
43.6,,,,,99.08
42.2,,,,,99.09
40.7,,,,,99.1
39.3,,,,,99.11
37.9,,,,,99.12
36.5,,,,,99.13
35,,,,,99.14
33.6,,,,,99.15
32.2,,,,,99.16
30.7,,,,,99.17
29.3,,,,,99.18
30.3,,,,,99.19
31.3,,,,,99.2
32.3,,,,,99.21
33.3,,,,,99.22
34.2,,,,,99.23
35.2,,,,,99.24
36.2,,,,,99.25
37.2,,,,,99.26
38.2,,,,,99.27
39.2,,,,,99.28
40.3,,,,,99.29
41.5,,,,,99.3
42.6,,,,,99.31
43.8,,,,,99.32
44.9,,,,,99.33
46,,,,,99.34
47.2,,,,,99.35
48.3,,,,,99.36
49.5,,,,,99.37
50.6,,,,,99.38
48.6,,,,,99.39
46.7,,,,,99.4
44.7,,,,,99.41
42.8,,,,,99.42
40.8,,,,,99.43
38.8,,,,,99.44
36.9,,,,,99.45
34.9,,,,,99.46
33,,,,,99.47
31,,,,,99.48
27.9,,,,,99.49
24.8,,,,,99.5
21.7,,,,,99.51
18.6,,,,,99.52
15.5,,,,,99.53
12.4,,,,,99.54
9.3,,,,,99.55
6.2,,,,,99.56
3.1,,,,,99.57
0,,,,,99.58
0,,,,,99.59
0,,,,,99.6
0,,,,,99.61
0,,,,,99.62
0,,,,,99.63
0,,,,,99.64
0,,,,,99.65
0,,,,,99.66
0,,,,,99.67
0,,,,,99.68
0,,,,,99.69
0,,,,,99.7
0,,,,,99.71
0,,,,,99.72
0,,,,,99.73
0,,,,,99.74
0,,,,,99.75
0,,,,,99.76
0,,,,,99.77
0,,,,,99.78
0,,,,,99.79
0,,,,,99.8
0,,,,,99.81
0,,,,,99.82
0,,,,,99.83
0,,,,,99.84
0,,,,,99.85
0,,,,,99.86
0,,,,,99.87
0,,,,,99.88
0,,,,,99.89
0,,,,,99.9
0,,,,,99.91
0,,,,,99.92
0,,,,,99.93
0,,,,,99.94
0,,,,,99.95
0,,,,,99.96
0,,,,,99.97
0,,,,,99.98
0,,,,,99.99
0,,,,,100
0,,,,,100.01
0,,,,,100.02
0,,,,,100.03
0,,,,,100.04
0,,,,,100.05
0,,,,,100.06
0,,,,,100.07
0,,,,,100.08
0,,,,,100.09
0,,,,,100.1
0,,,,,100.11
0,,,,,100.12
0,,,,,100.13
0,,,,,100.14
0,,,,,100.15
0,,,,,100.16
0,,,,,100.17
0,,,,,100.18
0,,,,,100.19
0,,,,,100.2
0,,,,,100.21
0,,,,,100.22
0,,,,,100.23
0,,,,,100.24
0,,,,,100.25
0,,,,,100.26
0,,,,,100.27
0,,,,,100.28
0,,,,,100.29
0,,,,,100.3
0,,,,,100.31
0,,,,,100.32
0,,,,,100.33
0,,,,,100.34
0,,,,,100.35
0,,,,,100.36
0,,,,,100.37
0,,,,,100.38
0,,,,,100.39
0,,,,,100.4
0,,,,,100.41
0,,,,,100.42
0,,,,,100.43
0,,,,,100.44
0,,,,,100.45
0,,,,,100.46
0,,,,,100.47
0,,,,,100.48
0,,,,,100.49
0,,,,,100.5
0,,,,,100.51
0,,,,,100.52
0,,,,,100.53
0,,,,,100.54
0,,,,,100.55
0,,,,,100.56
0,,,,,100.57
0,,,,,100.58
0,,,,,100.59
0,,,,,100.6
0,,,,,100.61
0,,,,,100.62
0,,,,,100.63
0,,,,,100.64
0,,,,,100.65
0,,,,,100.66
0,,,,,100.67
0,,,,,100.68
0,,,,,100.69
0,,,,,100.7
0,,,,,100.71
0,,,,,100.72
0,,,,,100.73
0,,,,,100.74
0,,,,,100.75
0,,,,,100.76
0,,,,,100.77
0,,,,,100.78
0,,,,,100.79
0,,,,,100.8
0,,,,,100.81
0,,,,,100.82
0,,,,,100.83
0,,,,,100.84
0,,,,,100.85
0,,,,,100.86
0,,,,,100.87
0,,,,,100.88
0,,,,,100.89
0,,,,,100.9
0,,,,,100.91
0,,,,,100.92
0,,,,,100.93
0,,,,,100.94
0,,,,,100.95
0,,,,,100.96
0,,,,,100.97
0,,,,,100.98
0,,,,,100.99
0,,,,,101
0,,,,,101.01
0,,,,,101.02
0,,,,,101.03
0,,,,,101.04
0,,,,,101.05
0,,,,,101.06
0,,,,,101.07
0,,,,,101.08
0,,,,,101.09
0,,,,,101.1
0,,,,,101.11
0,,,,,101.12
0,,,,,101.13
0,,,,,101.14
0,,,,,101.15
0,,,,,101.16
0,,,,,101.17
0,,,,,101.18
0,,,,,101.19
0,,,,,101.2
0,,,,,101.21
0,,,,,101.22
0,,,,,101.23
0,,,,,101.24
0,,,,,101.25
0,,,,,101.26
0,,,,,101.27
0,,,,,101.28
0,,,,,101.29
0,,,,,101.3
0,,,,,101.31
0,,,,,101.32
0,,,,,101.33
0,,,,,101.34
0,,,,,101.35
0,,,,,101.36
0,,,,,101.37
0,,,,,101.38
0,,,,,101.39
0,,,,,101.4
0,,,,,101.41
0,,,,,101.42
0,,,,,101.43
0,,,,,101.44
0,,,,,101.45
0,,,,,101.46
0,,,,,101.47
0,,,,,101.48
0,,,,,101.49
0,,,,,101.5
0,,,,,101.51
0,,,,,101.52
0,,,,,101.53
0,,,,,101.54
0,,,,,101.55
0,,,,,101.56
0,,,,,101.57
0,,,,,101.58
0,,,,,101.59
0,,,,,101.6
0,,,,,101.61
0,,,,,101.62
0,,,,,101.63
0,,,,,101.64
0,,,,,101.65
0,,,,,101.66
0,,,,,101.67
0,,,,,101.68
0,,,,,101.69
0,,,,,101.7
0,,,,,101.71
0,,,,,101.72
0,,,,,101.73
0,,,,,101.74
0,,,,,101.75
0,,,,,101.76
0,,,,,101.77
0,,,,,101.78
0,,,,,101.79
0,,,,,101.8
0,,,,,101.81
0,,,,,101.82
0,,,,,101.83
0,,,,,101.84
0,,,,,101.85
0,,,,,101.86
0,,,,,101.87
0,,,,,101.88
0.1,,,,,101.89
0.3,,,,,101.9
0.4,,,,,101.91
0.6,,,,,101.92
0.7,,,,,101.93
0.8,,,,,101.94
1,,,,,101.95
1.1,,,,,101.96
1.3,,,,,101.97
1.4,,,,,101.98
1.4,,,,,101.99
1.4,,,,,102
1.5,,,,,102.01
1.5,,,,,102.02
1.5,,,,,102.03
1.5,,,,,102.04
1.5,,,,,102.05
1.6,,,,,102.06
1.6,,,,,102.07
1.6,,,,,102.08
1.4,,,,,102.09
1.3,,,,,102.1
1.1,,,,,102.11
1,,,,,102.12
0.8,,,,,102.13
0.6,,,,,102.14
0.5,,,,,102.15
0.3,,,,,102.16
0.2,,,,,102.17
0,,,,,102.18
0,,,,,102.19
0,,,,,102.2
0,,,,,102.21
0,,,,,102.22
0,,,,,102.23
0,,,,,102.24
0,,,,,102.25
0,,,,,102.26
0,,,,,102.27
0,,,,,102.28
0.4,,,,,102.29
0.9,,,,,102.3
1.3,,,,,102.31
1.7,,,,,102.32
2.1,,,,,102.33
2.6,,,,,102.34
3,,,,,102.35
3.4,,,,,102.36
3.9,,,,,102.37
4.3,,,,,102.38
5.4,,,,,102.39
6.6,,,,,102.4
7.7,,,,,102.41
8.9,,,,,102.42
10,,,,,102.43
11.1,,,,,102.44
12.3,,,,,102.45
13.4,,,,,102.46
14.6,,,,,102.47
15.7,,,,,102.48
15.7,,,,,102.49
15.6,,,,,102.5
15.6,,,,,102.51
15.5,,,,,102.52
15.5,,,,,102.53
15.5,,,,,102.54
15.4,,,,,102.55
15.4,,,,,102.56
15.3,,,,,102.57
15.3,,,,,102.58
15.4,,,,,102.59
15.5,,,,,102.6
15.7,,,,,102.61
15.8,,,,,102.62
15.9,,,,,102.63
16,,,,,102.64
16.1,,,,,102.65
16.3,,,,,102.66
16.4,,,,,102.67
16.5,,,,,102.68
16.3,,,,,102.69
16.2,,,,,102.7
16,,,,,102.71
15.8,,,,,102.72
15.7,,,,,102.73
15.5,,,,,102.74
15.3,,,,,102.75
15.1,,,,,102.76
15,,,,,102.77
14.8,,,,,102.78
14.2,,,,,102.79
13.6,,,,,102.8
13,,,,,102.81
12.4,,,,,102.82
11.8,,,,,102.83
11.1,,,,,102.84
10.5,,,,,102.85
9.9,,,,,102.86
9.3,,,,,102.87
8.7,,,,,102.88
8.4,,,,,102.89
8.1,,,,,102.9
7.9,,,,,102.91
7.6,,,,,102.92
7.3,,,,,102.93
7,,,,,102.94
6.7,,,,,102.95
6.5,,,,,102.96
6.2,,,,,102.97
5.9,,,,,102.98
5.4,,,,,102.99
4.9,,,,,103
4.4,,,,,103.01
3.9,,,,,103.02
3.5,,,,,103.03
3,,,,,103.04
2.5,,,,,103.05
2,,,,,103.06
1.5,,,,,103.07
1,,,,,103.08
1.3,,,,,103.09
1.5,,,,,103.1
1.8,,,,,103.11
2.1,,,,,103.12
2.4,,,,,103.13
2.6,,,,,103.14
2.9,,,,,103.15
3.2,,,,,103.16
3.4,,,,,103.17
3.7,,,,,103.18
4.5,,,,,103.19
5.3,,,,,103.2
6.2,,,,,103.21
7,,,,,103.22
7.8,,,,,103.23
8.6,,,,,103.24
9.4,,,,,103.25
10.3,,,,,103.26
11.1,,,,,103.27
11.9,,,,,103.28
12.1,,,,,103.29
12.3,,,,,103.3
12.4,,,,,103.31
12.6,,,,,103.32
12.8,,,,,103.33
13,,,,,103.34
13.2,,,,,103.35
13.3,,,,,103.36
13.5,,,,,103.37
13.7,,,,,103.38
13.9,,,,,103.39
14.1,,,,,103.4
14.3,,,,,103.41
14.5,,,,,103.42
14.7,,,,,103.43
14.9,,,,,103.44
15.1,,,,,103.45
15.3,,,,,103.46
15.5,,,,,103.47
15.7,,,,,103.48
16.3,,,,,103.49
16.9,,,,,103.5
17.4,,,,,103.51
18,,,,,103.52
18.6,,,,,103.53
19.2,,,,,103.54
19.8,,,,,103.55
20.3,,,,,103.56
20.9,,,,,103.57
21.5,,,,,103.58
21.1,,,,,103.59
20.8,,,,,103.6
20.4,,,,,103.61
20,,,,,103.62
19.6,,,,,103.63
19.3,,,,,103.64
18.9,,,,,103.65
18.5,,,,,103.66
18.2,,,,,103.67
17.8,,,,,103.68
17.8,,,,,103.69
17.8,,,,,103.7
17.7,,,,,103.71
17.7,,,,,103.72
17.7,,,,,103.73
17.7,,,,,103.74
17.7,,,,,103.75
17.6,,,,,103.76
17.6,,,,,103.77
17.6,,,,,103.78
17.7,,,,,103.79
17.8,,,,,103.8
17.9,,,,,103.81
18,,,,,103.82
18.1,,,,,103.83
18.3,,,,,103.84
18.4,,,,,103.85
18.5,,,,,103.86
18.6,,,,,103.87
18.7,,,,,103.88
18.5,,,,,103.89
18.2,,,,,103.9
18,,,,,103.91
17.7,,,,,103.92
17.5,,,,,103.93
17.3,,,,,103.94
17,,,,,103.95
16.8,,,,,103.96
16.5,,,,,103.97
16.3,,,,,103.98
15.7,,,,,103.99
15.2,,,,,104
14.6,,,,,104.01
14.1,,,,,104.02
13.5,,,,,104.03
12.9,,,,,104.04
12.4,,,,,104.05
11.8,,,,,104.06
11.3,,,,,104.07
10.7,,,,,104.08
10.8,,,,,104.09
10.9,,,,,104.1
10.9,,,,,104.11
11,,,,,104.12
11.1,,,,,104.13
11.2,,,,,104.14
11.3,,,,,104.15
11.3,,,,,104.16
11.4,,,,,104.17
11.5,,,,,104.18
11.7,,,,,104.19
12,,,,,104.2
12.2,,,,,104.21
12.5,,,,,104.22
12.7,,,,,104.23
12.9,,,,,104.24
13.2,,,,,104.25
13.4,,,,,104.26
13.7,,,,,104.27
13.9,,,,,104.28
14.2,,,,,104.29
14.6,,,,,104.3
14.9,,,,,104.31
15.3,,,,,104.32
15.6,,,,,104.33
15.9,,,,,104.34
16.3,,,,,104.35
16.6,,,,,104.36
17,,,,,104.37
17.3,,,,,104.38
17.3,,,,,104.39
17.3,,,,,104.4
17.3,,,,,104.41
17.3,,,,,104.42
17.2,,,,,104.43
17.2,,,,,104.44
17.2,,,,,104.45
17.2,,,,,104.46
17.2,,,,,104.47
17.2,,,,,104.48
17.4,,,,,104.49
17.6,,,,,104.5
17.7,,,,,104.51
17.9,,,,,104.52
18.1,,,,,104.53
18.3,,,,,104.54
18.5,,,,,104.55
18.6,,,,,104.56
18.8,,,,,104.57
19,,,,,104.58
19.5,,,,,104.59
20,,,,,104.6
20.5,,,,,104.61
21,,,,,104.62
21.5,,,,,104.63
22,,,,,104.64
22.5,,,,,104.65
23,,,,,104.66
23.5,,,,,104.67
24,,,,,104.68
23.9,,,,,104.69
23.8,,,,,104.7
23.6,,,,,104.71
23.5,,,,,104.72
23.4,,,,,104.73
23.3,,,,,104.74
23.2,,,,,104.75
23,,,,,104.76
22.9,,,,,104.77
22.8,,,,,104.78
23.9,,,,,104.79
24.9,,,,,104.8
26,,,,,104.81
27,,,,,104.82
28.1,,,,,104.83
29.1,,,,,104.84
30.2,,,,,104.85
31.2,,,,,104.86
32.3,,,,,104.87
33.3,,,,,104.88
34.3,,,,,104.89
35.4,,,,,104.9
36.4,,,,,104.91
37.4,,,,,104.92
38.5,,,,,104.93
39.5,,,,,104.94
40.5,,,,,104.95
41.5,,,,,104.96
42.6,,,,,104.97
43.6,,,,,104.98
43.8,,,,,104.99
44,,,,,105
44.3,,,,,105.01
44.5,,,,,105.02
44.7,,,,,105.03
44.9,,,,,105.04
45.1,,,,,105.05
45.4,,,,,105.06
45.6,,,,,105.07
45.8,,,,,105.08
45.4,,,,,105.09
45,,,,,105.1
44.6,,,,,105.11
44.2,,,,,105.12
43.9,,,,,105.13
43.5,,,,,105.14
43.1,,,,,105.15
42.7,,,,,105.16
42.3,,,,,105.17
41.9,,,,,105.18
41.8,,,,,105.19
41.8,,,,,105.2
41.7,,,,,105.21
41.6,,,,,105.22
41.6,,,,,105.23
41.5,,,,,105.24
41.4,,,,,105.25
41.3,,,,,105.26
41.3,,,,,105.27
41.2,,,,,105.28
41.6,,,,,105.29
42.1,,,,,105.3
42.5,,,,,105.31
42.9,,,,,105.32
43.4,,,,,105.33
43.8,,,,,105.34
44.2,,,,,105.35
44.6,,,,,105.36
45.1,,,,,105.37
45.5,,,,,105.38
45.8,,,,,105.39
46.1,,,,,105.4
46.4,,,,,105.41
46.7,,,,,105.42
47,,,,,105.43
47.2,,,,,105.44
47.5,,,,,105.45
47.8,,,,,105.46
48.1,,,,,105.47
48.4,,,,,105.48
48.6,,,,,105.49
48.8,,,,,105.5
48.9,,,,,105.51
49.1,,,,,105.52
49.3,,,,,105.53
49.5,,,,,105.54
49.7,,,,,105.55
49.8,,,,,105.56
50,,,,,105.57
50.2,,,,,105.58
50.9,,,,,105.59
51.6,,,,,105.6
52.4,,,,,105.61
53.1,,,,,105.62
53.8,,,,,105.63
54.5,,,,,105.64
55.2,,,,,105.65
56,,,,,105.66
56.7,,,,,105.67
57.4,,,,,105.68
57.1,,,,,105.69
56.8,,,,,105.7
56.4,,,,,105.71
56.1,,,,,105.72
55.8,,,,,105.73
55.5,,,,,105.74
55.2,,,,,105.75
54.8,,,,,105.76
54.5,,,,,105.77
54.2,,,,,105.78
53.8,,,,,105.79
53.4,,,,,105.8
53.1,,,,,105.81
52.7,,,,,105.82
52.3,,,,,105.83
51.9,,,,,105.84
51.5,,,,,105.85
51.2,,,,,105.86
50.8,,,,,105.87
50.4,,,,,105.88
50.1,,,,,105.89
49.9,,,,,105.9
49.6,,,,,105.91
49.4,,,,,105.92
49.1,,,,,105.93
48.8,,,,,105.94
48.6,,,,,105.95
48.3,,,,,105.96
48.1,,,,,105.97
47.8,,,,,105.98
47.9,,,,,105.99
48,,,,,106
48,,,,,106.01
48.1,,,,,106.02
48.2,,,,,106.03
48.3,,,,,106.04
48.4,,,,,106.05
48.4,,,,,106.06
48.5,,,,,106.07
48.6,,,,,106.08
49,,,,,106.09
49.4,,,,,106.1
49.8,,,,,106.11
50.2,,,,,106.12
50.6,,,,,106.13
51,,,,,106.14
51.4,,,,,106.15
51.8,,,,,106.16
52.2,,,,,106.17
52.6,,,,,106.18
52.6,,,,,106.19
52.6,,,,,106.2
52.7,,,,,106.21
52.7,,,,,106.22
52.7,,,,,106.23
52.7,,,,,106.24
52.7,,,,,106.25
52.8,,,,,106.26
52.8,,,,,106.27
52.8,,,,,106.28
51.5,,,,,106.29
50.3,,,,,106.3
49,,,,,106.31
47.8,,,,,106.32
46.5,,,,,106.33
45.2,,,,,106.34
44,,,,,106.35
42.7,,,,,106.36
41.5,,,,,106.37
40.2,,,,,106.38
40.4,,,,,106.39
40.6,,,,,106.4
40.7,,,,,106.41
40.9,,,,,106.42
41.1,,,,,106.43
41.3,,,,,106.44
41.5,,,,,106.45
41.6,,,,,106.46
41.8,,,,,106.47
42,,,,,106.48
41.6,,,,,106.49
41.3,,,,,106.5
40.9,,,,,106.51
40.5,,,,,106.52
40.2,,,,,106.53
39.8,,,,,106.54
39.4,,,,,106.55
39,,,,,106.56
38.7,,,,,106.57
38.3,,,,,106.58
37.9,,,,,106.59
37.5,,,,,106.6
37.1,,,,,106.61
36.7,,,,,106.62
36.2,,,,,106.63
35.8,,,,,106.64
35.4,,,,,106.65
35,,,,,106.66
34.6,,,,,106.67
34.2,,,,,106.68
33.8,,,,,106.69
33.4,,,,,106.7
33.1,,,,,106.71
32.7,,,,,106.72
32.3,,,,,106.73
31.9,,,,,106.74
31.5,,,,,106.75
31.2,,,,,106.76
30.8,,,,,106.77
30.4,,,,,106.78
30.7,,,,,106.79
31.1,,,,,106.8
31.4,,,,,106.81
31.7,,,,,106.82
32.1,,,,,106.83
32.4,,,,,106.84
32.7,,,,,106.85
33,,,,,106.86
33.4,,,,,106.87
33.7,,,,,106.88
34.2,,,,,106.89
34.6,,,,,106.9
35.1,,,,,106.91
35.6,,,,,106.92
36.1,,,,,106.93
36.5,,,,,106.94
37,,,,,106.95
37.5,,,,,106.96
37.9,,,,,106.97
38.4,,,,,106.98
38.4,,,,,106.99
38.4,,,,,107
38.4,,,,,107.01
38.4,,,,,107.02
38.4,,,,,107.03
38.4,,,,,107.04
38.4,,,,,107.05
38.4,,,,,107.06
38.4,,,,,107.07
38.4,,,,,107.08
37.8,,,,,107.09
37.2,,,,,107.1
36.7,,,,,107.11
36.1,,,,,107.12
35.5,,,,,107.13
34.9,,,,,107.14
34.3,,,,,107.15
33.8,,,,,107.16
33.2,,,,,107.17
32.6,,,,,107.18
29.8,,,,,107.19
27,,,,,107.2
24.2,,,,,107.21
21.4,,,,,107.22
18.6,,,,,107.23
15.8,,,,,107.24
13,,,,,107.25
10.2,,,,,107.26
7.4,,,,,107.27
4.6,,,,,107.28
4.1,,,,,107.29
3.7,,,,,107.3
3.2,,,,,107.31
2.8,,,,,107.32
2.3,,,,,107.33
1.8,,,,,107.34
1.4,,,,,107.35
0.9,,,,,107.36
0.5,,,,,107.37
0,,,,,107.38
0,,,,,107.39
0,,,,,107.4
0,,,,,107.41
0,,,,,107.42
0,,,,,107.43
0,,,,,107.44
0,,,,,107.45
0,,,,,107.46
0,,,,,107.47
0,,,,,107.48
0,,,,,107.49
0,,,,,107.5
0,,,,,107.51
0,,,,,107.52
0,,,,,107.53
0,,,,,107.54
0,,,,,107.55
0,,,,,107.56
0,,,,,107.57
0,,,,,107.58
0,,,,,107.59
0,,,,,107.6
0,,,,,107.61
0,,,,,107.62
0,,,,,107.63
0,,,,,107.64
0,,,,,107.65
0,,,,,107.66
0,,,,,107.67
0,,,,,107.68
0,,,,,107.69
0,,,,,107.7
0,,,,,107.71
0,,,,,107.72
0,,,,,107.73
0,,,,,107.74
0,,,,,107.75
0,,,,,107.76
0,,,,,107.77
0,,,,,107.78
0,,,,,107.79
0,,,,,107.8
0,,,,,107.81
0,,,,,107.82
0,,,,,107.83
0,,,,,107.84
0,,,,,107.85
0,,,,,107.86
0,,,,,107.87
0,,,,,107.88
0.1,,,,,107.89
0.2,,,,,107.9
0.3,,,,,107.91
0.4,,,,,107.92
0.6,,,,,107.93
0.7,,,,,107.94
0.8,,,,,107.95
0.9,,,,,107.96
1,,,,,107.97
1.1,,,,,107.98
1.2,,,,,107.99
1.4,,,,,108
1.5,,,,,108.01
1.7,,,,,108.02
1.8,,,,,108.03
1.9,,,,,108.04
2.1,,,,,108.05
2.2,,,,,108.06
2.4,,,,,108.07
2.5,,,,,108.08
3.3,,,,,108.09
4.1,,,,,108.1
5,,,,,108.11
5.8,,,,,108.12
6.6,,,,,108.13
7.4,,,,,108.14
8.2,,,,,108.15
9.1,,,,,108.16
9.9,,,,,108.17
10.7,,,,,108.18
10.8,,,,,108.19
11,,,,,108.2
11.1,,,,,108.21
11.3,,,,,108.22
11.5,,,,,108.23
11.6,,,,,108.24
11.7,,,,,108.25
11.9,,,,,108.26
12,,,,,108.27
12.2,,,,,108.28
12.2,,,,,108.29
12.1,,,,,108.3
12.1,,,,,108.31
12,,,,,108.32
12,,,,,108.33
12,,,,,108.34
11.9,,,,,108.35
11.9,,,,,108.36
11.8,,,,,108.37
11.8,,,,,108.38
12.4,,,,,108.39
13,,,,,108.4
13.5,,,,,108.41
14.1,,,,,108.42
14.7,,,,,108.43
15.3,,,,,108.44
15.9,,,,,108.45
16.4,,,,,108.46
17,,,,,108.47
17.6,,,,,108.48
17.9,,,,,108.49
18.2,,,,,108.5
18.5,,,,,108.51
18.8,,,,,108.52
19.1,,,,,108.53
19.4,,,,,108.54
19.7,,,,,108.55
20,,,,,108.56
20.3,,,,,108.57
20.6,,,,,108.58
20.6,,,,,108.59
20.6,,,,,108.6
20.6,,,,,108.61
20.6,,,,,108.62
20.7,,,,,108.63
20.7,,,,,108.64
20.7,,,,,108.65
20.7,,,,,108.66
20.7,,,,,108.67
20.7,,,,,108.68
20.4,,,,,108.69
20.2,,,,,108.7
19.9,,,,,108.71
19.6,,,,,108.72
19.4,,,,,108.73
19.1,,,,,108.74
18.8,,,,,108.75
18.5,,,,,108.76
18.3,,,,,108.77
18,,,,,108.78
18.1,,,,,108.79
18.3,,,,,108.8
18.4,,,,,108.81
18.5,,,,,108.82
18.6,,,,,108.83
18.8,,,,,108.84
18.9,,,,,108.85
19,,,,,108.86
19.2,,,,,108.87
19.3,,,,,108.88
19.3,,,,,108.89
19.3,,,,,108.9
19.4,,,,,108.91
19.4,,,,,108.92
19.4,,,,,108.93
19.4,,,,,108.94
19.4,,,,,108.95
19.5,,,,,108.96
19.5,,,,,108.97
19.5,,,,,108.98
19.5,,,,,108.99
19.5,,,,,109
19.5,,,,,109.01
19.5,,,,,109.02
19.5,,,,,109.03
19.5,,,,,109.04
19.5,,,,,109.05
19.5,,,,,109.06
19.5,,,,,109.07
19.5,,,,,109.08
19.5,,,,,109.09
19.5,,,,,109.1
19.5,,,,,109.11
19.5,,,,,109.12
19.5,,,,,109.13
19.5,,,,,109.14
19.5,,,,,109.15
19.5,,,,,109.16
19.5,,,,,109.17
19.5,,,,,109.18
19.6,,,,,109.19
19.7,,,,,109.2
19.8,,,,,109.21
19.9,,,,,109.22
20,,,,,109.23
20,,,,,109.24
20.1,,,,,109.25
20.2,,,,,109.26
20.3,,,,,109.27
20.4,,,,,109.28
20.3,,,,,109.29
20.2,,,,,109.3
20.2,,,,,109.31
20.1,,,,,109.32
20,,,,,109.33
19.9,,,,,109.34
19.8,,,,,109.35
19.8,,,,,109.36
19.7,,,,,109.37
19.6,,,,,109.38
19.8,,,,,109.39
19.9,,,,,109.4
20.1,,,,,109.41
20.3,,,,,109.42
20.5,,,,,109.43
20.6,,,,,109.44
20.8,,,,,109.45
21,,,,,109.46
21.1,,,,,109.47
21.3,,,,,109.48
22.8,,,,,109.49
24.3,,,,,109.5
25.8,,,,,109.51
27.3,,,,,109.52
28.8,,,,,109.53
30.3,,,,,109.54
31.8,,,,,109.55
33.3,,,,,109.56
34.8,,,,,109.57
36.3,,,,,109.58
36.8,,,,,109.59
37.3,,,,,109.6
37.7,,,,,109.61
38.2,,,,,109.62
38.7,,,,,109.63
39.2,,,,,109.64
39.7,,,,,109.65
40.1,,,,,109.66
40.6,,,,,109.67
41.1,,,,,109.68
40.8,,,,,109.69
40.6,,,,,109.7
40.3,,,,,109.71
40,,,,,109.72
39.8,,,,,109.73
39.5,,,,,109.74
39.2,,,,,109.75
38.9,,,,,109.76
38.7,,,,,109.77
38.4,,,,,109.78
38.4,,,,,109.79
38.5,,,,,109.8
38.5,,,,,109.81
38.5,,,,,109.82
38.6,,,,,109.83
38.6,,,,,109.84
38.6,,,,,109.85
38.6,,,,,109.86
38.7,,,,,109.87
38.7,,,,,109.88
38.6,,,,,109.89
38.4,,,,,109.9
38.3,,,,,109.91
38.1,,,,,109.92
38,,,,,109.93
37.9,,,,,109.94
37.7,,,,,109.95
37.6,,,,,109.96
37.4,,,,,109.97
37.3,,,,,109.98
36.9,,,,,109.99
36.5,,,,,110
36,,,,,110.01
35.6,,,,,110.02
35.2,,,,,110.03
34.8,,,,,110.04
34.4,,,,,110.05
33.9,,,,,110.06
33.5,,,,,110.07
33.1,,,,,110.08
33.1,,,,,110.09
33.1,,,,,110.1
33.1,,,,,110.11
33.1,,,,,110.12
33,,,,,110.13
33,,,,,110.14
33,,,,,110.15
33,,,,,110.16
33,,,,,110.17
33,,,,,110.18
33.2,,,,,110.19
33.5,,,,,110.2
33.7,,,,,110.21
34,,,,,110.22
34.2,,,,,110.23
34.4,,,,,110.24
34.7,,,,,110.25
34.9,,,,,110.26
35.2,,,,,110.27
35.4,,,,,110.28
35.2,,,,,110.29
35.1,,,,,110.3
34.9,,,,,110.31
34.7,,,,,110.32
34.5,,,,,110.33
34.4,,,,,110.34
34.2,,,,,110.35
34,,,,,110.36
33.9,,,,,110.37
33.7,,,,,110.38
33.7,,,,,110.39
33.7,,,,,110.4
33.7,,,,,110.41
33.7,,,,,110.42
33.7,,,,,110.43
33.7,,,,,110.44
33.7,,,,,110.45
33.7,,,,,110.46
33.7,,,,,110.47
33.7,,,,,110.48
33.7,,,,,110.49
33.7,,,,,110.5
33.7,,,,,110.51
33.7,,,,,110.52
33.7,,,,,110.53
33.7,,,,,110.54
33.7,,,,,110.55
33.7,,,,,110.56
33.7,,,,,110.57
33.7,,,,,110.58
33.4,,,,,110.59
33.1,,,,,110.6
32.9,,,,,110.61
32.6,,,,,110.62
32.3,,,,,110.63
32,,,,,110.64
31.7,,,,,110.65
31.5,,,,,110.66
31.2,,,,,110.67
30.9,,,,,110.68
30.9,,,,,110.69
30.9,,,,,110.7
30.9,,,,,110.71
30.9,,,,,110.72
31,,,,,110.73
31,,,,,110.74
31,,,,,110.75
31,,,,,110.76
31,,,,,110.77
31,,,,,110.78
31,,,,,110.79
31,,,,,110.8
31,,,,,110.81
31,,,,,110.82
31,,,,,110.83
31,,,,,110.84
31,,,,,110.85
31,,,,,110.86
31,,,,,110.87
31,,,,,110.88
30.7,,,,,110.89
30.4,,,,,110.9
30,,,,,110.91
29.7,,,,,110.92
29.4,,,,,110.93
29.1,,,,,110.94
28.8,,,,,110.95
28.4,,,,,110.96
28.1,,,,,110.97
27.8,,,,,110.98
27.7,,,,,110.99
27.5,,,,,111
27.4,,,,,111.01
27.3,,,,,111.02
27.1,,,,,111.03
27,,,,,111.04
26.9,,,,,111.05
26.8,,,,,111.06
26.6,,,,,111.07
26.5,,,,,111.08
26.4,,,,,111.09
26.4,,,,,111.1
26.3,,,,,111.11
26.3,,,,,111.12
26.2,,,,,111.13
26.1,,,,,111.14
26.1,,,,,111.15
26,,,,,111.16
26,,,,,111.17
25.9,,,,,111.18
25.9,,,,,111.19
25.9,,,,,111.2
25.9,,,,,111.21
25.9,,,,,111.22
26,,,,,111.23
26,,,,,111.24
26,,,,,111.25
26,,,,,111.26
26,,,,,111.27
26,,,,,111.28
25.2,,,,,111.29
24.5,,,,,111.3
23.7,,,,,111.31
23,,,,,111.32
22.2,,,,,111.33
21.4,,,,,111.34
20.7,,,,,111.35
19.9,,,,,111.36
19.2,,,,,111.37
18.4,,,,,111.38
17.9,,,,,111.39
17.4,,,,,111.4
16.9,,,,,111.41
16.4,,,,,111.42
15.9,,,,,111.43
15.4,,,,,111.44
14.9,,,,,111.45
14.4,,,,,111.46
13.9,,,,,111.47
13.4,,,,,111.48
14.4,,,,,111.49
15.4,,,,,111.5
16.4,,,,,111.51
17.4,,,,,111.52
18.4,,,,,111.53
19.3,,,,,111.54
20.3,,,,,111.55
21.3,,,,,111.56
22.3,,,,,111.57
23.3,,,,,111.58
23.4,,,,,111.59
23.4,,,,,111.6
23.5,,,,,111.61
23.6,,,,,111.62
23.6,,,,,111.63
23.7,,,,,111.64
23.8,,,,,111.65
23.9,,,,,111.66
23.9,,,,,111.67
24,,,,,111.68
24.1,,,,,111.69
24.3,,,,,111.7
24.4,,,,,111.71
24.5,,,,,111.72
24.6,,,,,111.73
24.8,,,,,111.74
24.9,,,,,111.75
25,,,,,111.76
25.2,,,,,111.77
25.3,,,,,111.78
25.5,,,,,111.79
25.7,,,,,111.8
25.8,,,,,111.81
26,,,,,111.82
26.2,,,,,111.83
26.4,,,,,111.84
26.6,,,,,111.85
26.7,,,,,111.86
26.9,,,,,111.87
27.1,,,,,111.88
26.8,,,,,111.89
26.5,,,,,111.9
26.2,,,,,111.91
25.9,,,,,111.92
25.7,,,,,111.93
25.4,,,,,111.94
25.1,,,,,111.95
24.8,,,,,111.96
24.5,,,,,111.97
24.2,,,,,111.98
24.7,,,,,111.99
25.3,,,,,112
25.8,,,,,112.01
26.3,,,,,112.02
26.9,,,,,112.03
27.4,,,,,112.04
27.9,,,,,112.05
28.4,,,,,112.06
29,,,,,112.07
29.5,,,,,112.08
30.1,,,,,112.09
30.8,,,,,112.1
31.4,,,,,112.11
32.1,,,,,112.12
32.7,,,,,112.13
33.3,,,,,112.14
34,,,,,112.15
34.6,,,,,112.16
35.3,,,,,112.17
35.9,,,,,112.18
35.4,,,,,112.19
35,,,,,112.2
34.5,,,,,112.21
34.1,,,,,112.22
33.6,,,,,112.23
33.1,,,,,112.24
32.7,,,,,112.25
32.2,,,,,112.26
31.8,,,,,112.27
31.3,,,,,112.28
30.7,,,,,112.29
30.1,,,,,112.3
29.5,,,,,112.31
28.9,,,,,112.32
28.4,,,,,112.33
27.8,,,,,112.34
27.2,,,,,112.35
26.6,,,,,112.36
26,,,,,112.37
25.4,,,,,112.38
25.1,,,,,112.39
24.9,,,,,112.4
24.6,,,,,112.41
24.4,,,,,112.42
24.1,,,,,112.43
23.8,,,,,112.44
23.6,,,,,112.45
23.3,,,,,112.46
23.1,,,,,112.47
22.8,,,,,112.48
23.1,,,,,112.49
23.4,,,,,112.5
23.8,,,,,112.51
24.1,,,,,112.52
24.4,,,,,112.53
24.7,,,,,112.54
25,,,,,112.55
25.4,,,,,112.56
25.7,,,,,112.57
26,,,,,112.58
27,,,,,112.59
28,,,,,112.6
29,,,,,112.61
30,,,,,112.62
30.9,,,,,112.63
31.9,,,,,112.64
32.9,,,,,112.65
33.9,,,,,112.66
34.9,,,,,112.67
35.9,,,,,112.68
36.6,,,,,112.69
37.3,,,,,112.7
38,,,,,112.71
38.7,,,,,112.72
39.4,,,,,112.73
40,,,,,112.74
40.7,,,,,112.75
41.4,,,,,112.76
42.1,,,,,112.77
42.8,,,,,112.78
42.9,,,,,112.79
42.9,,,,,112.8
43,,,,,112.81
43,,,,,112.82
43.1,,,,,112.83
43.2,,,,,112.84
43.2,,,,,112.85
43.3,,,,,112.86
43.3,,,,,112.87
43.4,,,,,112.88
43,,,,,112.89
42.6,,,,,112.9
42.2,,,,,112.91
41.8,,,,,112.92
41.5,,,,,112.93
41.1,,,,,112.94
40.7,,,,,112.95
40.3,,,,,112.96
39.9,,,,,112.97
39.5,,,,,112.98
39.5,,,,,112.99
39.4,,,,,113
39.4,,,,,113.01
39.4,,,,,113.02
39.4,,,,,113.03
39.3,,,,,113.04
39.3,,,,,113.05
39.3,,,,,113.06
39.2,,,,,113.07
39.2,,,,,113.08
38.9,,,,,113.09
38.7,,,,,113.1
38.4,,,,,113.11
38.2,,,,,113.12
37.9,,,,,113.13
37.6,,,,,113.14
37.4,,,,,113.15
37.1,,,,,113.16
36.9,,,,,113.17
36.6,,,,,113.18
36.6,,,,,113.19
36.5,,,,,113.2
36.5,,,,,113.21
36.4,,,,,113.22
36.4,,,,,113.23
36.3,,,,,113.24
36.3,,,,,113.25
36.2,,,,,113.26
36.2,,,,,113.27
36.1,,,,,113.28
36.5,,,,,113.29
36.8,,,,,113.3
37.2,,,,,113.31
37.6,,,,,113.32
38,,,,,113.33
38.3,,,,,113.34
38.7,,,,,113.35
39.1,,,,,113.36
39.4,,,,,113.37
39.8,,,,,113.38
40.1,,,,,113.39
40.4,,,,,113.4
40.8,,,,,113.41
41.1,,,,,113.42
41.4,,,,,113.43
41.7,,,,,113.44
42,,,,,113.45
42.4,,,,,113.46
42.7,,,,,113.47
43,,,,,113.48
42.6,,,,,113.49
42.1,,,,,113.5
41.7,,,,,113.51
41.2,,,,,113.52
40.8,,,,,113.53
40.4,,,,,113.54
39.9,,,,,113.55
39.5,,,,,113.56
39,,,,,113.57
38.6,,,,,113.58
38.7,,,,,113.59
38.7,,,,,113.6
38.8,,,,,113.61
38.8,,,,,113.62
38.9,,,,,113.63
39,,,,,113.64
39,,,,,113.65
39.1,,,,,113.66
39.1,,,,,113.67
39.2,,,,,113.68
35.3,,,,,113.69
31.4,,,,,113.7
27.4,,,,,113.71
23.5,,,,,113.72
19.6,,,,,113.73
15.7,,,,,113.74
11.8,,,,,113.75
7.8,,,,,113.76
3.9,,,,,113.77
0,,,,,113.78
0,,,,,113.79
0,,,,,113.8
0,,,,,113.81
0,,,,,113.82
0,,,,,113.83
0,,,,,113.84
0,,,,,113.85
0,,,,,113.86
0,,,,,113.87
0,,,,,113.88
0,,,,,113.89
0,,,,,113.9
0,,,,,113.91
0,,,,,113.92
0,,,,,113.93
0,,,,,113.94
0,,,,,113.95
0,,,,,113.96
0,,,,,113.97
0,,,,,113.98
0,,,,,113.99
0,,,,,114
0,,,,,114.01
0,,,,,114.02
0,,,,,114.03
0,,,,,114.04
0,,,,,114.05
0,,,,,114.06
0,,,,,114.07
0,,,,,114.08
0,,,,,114.09
0,,,,,114.1
0,,,,,114.11
0,,,,,114.12
0,,,,,114.13
0,,,,,114.14
0,,,,,114.15
0,,,,,114.16
0,,,,,114.17
0,,,,,114.18
0,,,,,114.19
0,,,,,114.2
0,,,,,114.21
0,,,,,114.22
0,,,,,114.23
0,,,,,114.24
0,,,,,114.25
0,,,,,114.26
0,,,,,114.27
0,,,,,114.28
0,,,,,114.29
0,,,,,114.3
0,,,,,114.31
0,,,,,114.32
0,,,,,114.33
0,,,,,114.34
0,,,,,114.35
0,,,,,114.36
0,,,,,114.37
0,,,,,114.38
0,,,,,114.39
0,,,,,114.4
0,,,,,114.41
0,,,,,114.42
0,,,,,114.43
0,,,,,114.44
0,,,,,114.45
0,,,,,114.46
0,,,,,114.47
0,,,,,114.48
0,,,,,114.49
0,,,,,114.5
0,,,,,114.51
0,,,,,114.52
0,,,,,114.53
0,,,,,114.54
0,,,,,114.55
0,,,,,114.56
0,,,,,114.57
0,,,,,114.58
0,,,,,114.59
0,,,,,114.6
0,,,,,114.61
0,,,,,114.62
0,,,,,114.63
0,,,,,114.64
0,,,,,114.65
0,,,,,114.66
0,,,,,114.67
0,,,,,114.68
0.1,,,,,114.69
0.2,,,,,114.7
0.3,,,,,114.71
0.4,,,,,114.72
0.5,,,,,114.73
0.5,,,,,114.74
0.6,,,,,114.75
0.7,,,,,114.76
0.8,,,,,114.77
0.9,,,,,114.78
0.8,,,,,114.79
0.8,,,,,114.8
0.7,,,,,114.81
0.7,,,,,114.82
0.6,,,,,114.83
0.5,,,,,114.84
0.5,,,,,114.85
0.4,,,,,114.86
0.4,,,,,114.87
0.3,,,,,114.88
0.5,,,,,114.89
0.7,,,,,114.9
1,,,,,114.91
1.2,,,,,114.92
1.4,,,,,114.93
1.6,,,,,114.94
1.8,,,,,114.95
2.1,,,,,114.96
2.3,,,,,114.97
2.5,,,,,114.98
2.5,,,,,114.99
2.6,,,,,115
2.6,,,,,115.01
2.6,,,,,115.02
2.7,,,,,115.03
2.7,,,,,115.04
2.7,,,,,115.05
2.7,,,,,115.06
2.8,,,,,115.07
2.8,,,,,115.08
2.7,,,,,115.09
2.6,,,,,115.1
2.5,,,,,115.11
2.4,,,,,115.12
2.3,,,,,115.13
2.2,,,,,115.14
2.1,,,,,115.15
2,,,,,115.16
1.9,,,,,115.17
1.8,,,,,115.18
1.7,,,,,115.19
1.7,,,,,115.2
1.6,,,,,115.21
1.5,,,,,115.22
1.5,,,,,115.23
1.4,,,,,115.24
1.3,,,,,115.25
1.2,,,,,115.26
1.2,,,,,115.27
1.1,,,,,115.28
1.2,,,,,115.29
1.4,,,,,115.3
1.5,,,,,115.31
1.7,,,,,115.32
1.8,,,,,115.33
1.9,,,,,115.34
2.1,,,,,115.35
2.2,,,,,115.36
2.4,,,,,115.37
2.5,,,,,115.38
2.5,,,,,115.39
2.5,,,,,115.4
2.5,,,,,115.41
2.5,,,,,115.42
2.5,,,,,115.43
2.4,,,,,115.44
2.4,,,,,115.45
2.4,,,,,115.46
2.4,,,,,115.47
2.4,,,,,115.48
2.4,,,,,115.49
2.4,,,,,115.5
2.4,,,,,115.51
2.4,,,,,115.52
2.4,,,,,115.53
2.4,,,,,115.54
2.4,,,,,115.55
2.4,,,,,115.56
2.4,,,,,115.57
2.4,,,,,115.58
2.4,,,,,115.59
2.4,,,,,115.6
2.4,,,,,115.61
2.4,,,,,115.62
2.4,,,,,115.63
2.4,,,,,115.64
2.4,,,,,115.65
2.4,,,,,115.66
2.4,,,,,115.67
2.4,,,,,115.68
2.4,,,,,115.69
2.4,,,,,115.7
2.4,,,,,115.71
2.4,,,,,115.72
2.4,,,,,115.73
2.4,,,,,115.74
2.4,,,,,115.75
2.4,,,,,115.76
2.4,,,,,115.77
2.4,,,,,115.78
2.5,,,,,115.79
2.5,,,,,115.8
2.6,,,,,115.81
2.7,,,,,115.82
2.8,,,,,115.83
2.8,,,,,115.84
2.9,,,,,115.85
3,,,,,115.86
3,,,,,115.87
3.1,,,,,115.88
3.9,,,,,115.89
4.6,,,,,115.9
5.4,,,,,115.91
6.1,,,,,115.92
6.9,,,,,115.93
7.7,,,,,115.94
8.4,,,,,115.95
9.2,,,,,115.96
9.9,,,,,115.97
10.7,,,,,115.98
10.9,,,,,115.99
11.2,,,,,116
11.4,,,,,116.01
11.7,,,,,116.02
11.9,,,,,116.03
12.1,,,,,116.04
12.4,,,,,116.05
12.6,,,,,116.06
12.9,,,,,116.07
13.1,,,,,116.08
12.9,,,,,116.09
12.7,,,,,116.1
12.5,,,,,116.11
12.3,,,,,116.12
12.2,,,,,116.13
12,,,,,116.14
11.8,,,,,116.15
11.6,,,,,116.16
11.4,,,,,116.17
11.2,,,,,116.18
11.2,,,,,116.19
11.2,,,,,116.2
11.2,,,,,116.21
11.2,,,,,116.22
11.2,,,,,116.23
11.2,,,,,116.24
11.2,,,,,116.25
11.2,,,,,116.26
11.2,,,,,116.27
11.2,,,,,116.28
11.4,,,,,116.29
11.6,,,,,116.3
11.7,,,,,116.31
11.9,,,,,116.32
12.1,,,,,116.33
12.3,,,,,116.34
12.5,,,,,116.35
12.6,,,,,116.36
12.8,,,,,116.37
13,,,,,116.38
13,,,,,116.39
12.9,,,,,116.4
12.9,,,,,116.41
12.8,,,,,116.42
12.8,,,,,116.43
12.8,,,,,116.44
12.7,,,,,116.45
12.7,,,,,116.46
12.6,,,,,116.47
12.6,,,,,116.48
12.6,,,,,116.49
12.6,,,,,116.5
12.6,,,,,116.51
12.6,,,,,116.52
12.6,,,,,116.53
12.5,,,,,116.54
12.5,,,,,116.55
12.5,,,,,116.56
12.5,,,,,116.57
12.5,,,,,116.58
12.5,,,,,116.59
12.6,,,,,116.6
12.6,,,,,116.61
12.6,,,,,116.62
12.7,,,,,116.63
12.7,,,,,116.64
12.7,,,,,116.65
12.7,,,,,116.66
12.8,,,,,116.67
12.8,,,,,116.68
12.8,,,,,116.69
12.9,,,,,116.7
12.9,,,,,116.71
12.9,,,,,116.72
13,,,,,116.73
13,,,,,116.74
13,,,,,116.75
13,,,,,116.76
13.1,,,,,116.77
13.1,,,,,116.78
13.1,,,,,116.79
13,,,,,116.8
13,,,,,116.81
13,,,,,116.82
13,,,,,116.83
12.9,,,,,116.84
12.9,,,,,116.85
12.9,,,,,116.86
12.8,,,,,116.87
12.8,,,,,116.88
12.9,,,,,116.89
13,,,,,116.9
13.1,,,,,116.91
13.2,,,,,116.92
13.4,,,,,116.93
13.5,,,,,116.94
13.6,,,,,116.95
13.7,,,,,116.96
13.8,,,,,116.97
13.9,,,,,116.98
14,,,,,116.99
14,,,,,117
14.1,,,,,117.01
14.2,,,,,117.02
14.2,,,,,117.03
14.3,,,,,117.04
14.4,,,,,117.05
14.5,,,,,117.06
14.5,,,,,117.07
14.6,,,,,117.08
14.2,,,,,117.09
13.9,,,,,117.1
13.5,,,,,117.11
13.2,,,,,117.12
12.8,,,,,117.13
12.4,,,,,117.14
12.1,,,,,117.15
11.7,,,,,117.16
11.4,,,,,117.17
11,,,,,117.18
11.3,,,,,117.19
11.5,,,,,117.2
11.8,,,,,117.21
12,,,,,117.22
12.3,,,,,117.23
12.6,,,,,117.24
12.8,,,,,117.25
13.1,,,,,117.26
13.3,,,,,117.27
13.6,,,,,117.28
13.8,,,,,117.29
13.9,,,,,117.3
14.1,,,,,117.31
14.3,,,,,117.32
14.5,,,,,117.33
14.6,,,,,117.34
14.8,,,,,117.35
15,,,,,117.36
15.1,,,,,117.37
15.3,,,,,117.38
15.6,,,,,117.39
15.9,,,,,117.4
16.1,,,,,117.41
16.4,,,,,117.42
16.7,,,,,117.43
17,,,,,117.44
17.3,,,,,117.45
17.5,,,,,117.46
17.8,,,,,117.47
18.1,,,,,117.48
18.1,,,,,117.49
18.1,,,,,117.5
18.2,,,,,117.51
18.2,,,,,117.52
18.2,,,,,117.53
18.2,,,,,117.54
18.2,,,,,117.55
18.3,,,,,117.56
18.3,,,,,117.57
18.3,,,,,117.58
18.1,,,,,117.59
17.9,,,,,117.6
17.7,,,,,117.61
17.5,,,,,117.62
17.3,,,,,117.63
17.1,,,,,117.64
16.9,,,,,117.65
16.7,,,,,117.66
16.5,,,,,117.67
16.3,,,,,117.68
16.4,,,,,117.69
16.4,,,,,117.7
16.5,,,,,117.71
16.5,,,,,117.72
16.6,,,,,117.73
16.7,,,,,117.74
16.7,,,,,117.75
16.8,,,,,117.76
16.8,,,,,117.77
16.9,,,,,117.78
16.5,,,,,117.79
16.1,,,,,117.8
15.7,,,,,117.81
15.3,,,,,117.82
14.9,,,,,117.83
14.4,,,,,117.84
14,,,,,117.85
13.6,,,,,117.86
13.2,,,,,117.87
12.8,,,,,117.88
12.8,,,,,117.89
12.9,,,,,117.9
13,,,,,117.91
13,,,,,117.92
13.1,,,,,117.93
13.1,,,,,117.94
13.1,,,,,117.95
13.2,,,,,117.96
13.3,,,,,117.97
13.3,,,,,117.98
13.3,,,,,117.99
13.2,,,,,118
13.2,,,,,118.01
13.2,,,,,118.02
13.2,,,,,118.03
13.1,,,,,118.04
13.1,,,,,118.05
13.1,,,,,118.06
13,,,,,118.07
13,,,,,118.08
12.3,,,,,118.09
11.7,,,,,118.1
11,,,,,118.11
10.4,,,,,118.12
9.8,,,,,118.13
9.1,,,,,118.14
8.4,,,,,118.15
7.8,,,,,118.16
7.1,,,,,118.17
6.5,,,,,118.18
6.2,,,,,118.19
5.9,,,,,118.2
5.5,,,,,118.21
5.2,,,,,118.22
4.9,,,,,118.23
4.6,,,,,118.24
4.3,,,,,118.25
3.9,,,,,118.26
3.6,,,,,118.27
3.3,,,,,118.28
3.2,,,,,118.29
3,,,,,118.3
2.9,,,,,118.31
2.7,,,,,118.32
2.6,,,,,118.33
2.5,,,,,118.34
2.3,,,,,118.35
2.2,,,,,118.36
2,,,,,118.37
1.9,,,,,118.38
1.9,,,,,118.39
1.9,,,,,118.4
1.9,,,,,118.41
1.9,,,,,118.42
1.9,,,,,118.43
1.8,,,,,118.44
1.8,,,,,118.45
1.8,,,,,118.46
1.8,,,,,118.47
1.8,,,,,118.48
1.7,,,,,118.49
1.7,,,,,118.5
1.6,,,,,118.51
1.5,,,,,118.52
1.5,,,,,118.53
1.4,,,,,118.54
1.3,,,,,118.55
1.2,,,,,118.56
1.2,,,,,118.57
1.1,,,,,118.58
1,,,,,118.59
0.9,,,,,118.6
0.8,,,,,118.61
0.7,,,,,118.62
0.6,,,,,118.63
0.4,,,,,118.64
0.3,,,,,118.65
0.2,,,,,118.66
0.1,,,,,118.67
0,,,,,118.68
0,,,,,118.69
0,,,,,118.7
0,,,,,118.71
0,,,,,118.72
0,,,,,118.73
0,,,,,118.74
0,,,,,118.75
0,,,,,118.76
0,,,,,118.77
0,,,,,118.78
0,,,,,118.79
0,,,,,118.8
0,,,,,118.81
0,,,,,118.82
0,,,,,118.83
0,,,,,118.84
0,,,,,118.85
0,,,,,118.86
0,,,,,118.87
0,,,,,118.88
0.3,,,,,118.89
0.7,,,,,118.9
1,,,,,118.91
1.3,,,,,118.92
1.7,,,,,118.93
2,,,,,118.94
2.3,,,,,118.95
2.6,,,,,118.96
3,,,,,118.97
3.3,,,,,118.98
4.3,,,,,118.99
5.3,,,,,119
6.3,,,,,119.01
7.3,,,,,119.02
8.3,,,,,119.03
9.3,,,,,119.04
10.3,,,,,119.05
11.3,,,,,119.06
12.3,,,,,119.07
13.3,,,,,119.08
13.2,,,,,119.09
13.2,,,,,119.1
13.1,,,,,119.11
13.1,,,,,119.12
13.1,,,,,119.13
13,,,,,119.14
12.9,,,,,119.15
12.9,,,,,119.16
12.8,,,,,119.17
12.8,,,,,119.18
12.1,,,,,119.19
11.3,,,,,119.2
10.6,,,,,119.21
9.8,,,,,119.22
9.1,,,,,119.23
8.4,,,,,119.24
7.6,,,,,119.25
6.9,,,,,119.26
6.1,,,,,119.27
5.4,,,,,119.28
4.9,,,,,119.29
4.5,,,,,119.3
4,,,,,119.31
3.5,,,,,119.32
3.1,,,,,119.33
2.6,,,,,119.34
2.1,,,,,119.35
1.6,,,,,119.36
1.2,,,,,119.37
0.7,,,,,119.38
0.7,,,,,119.39
0.6,,,,,119.4
0.6,,,,,119.41
0.6,,,,,119.42
0.6,,,,,119.43
0.5,,,,,119.44
0.5,,,,,119.45
0.5,,,,,119.46
0.4,,,,,119.47
0.4,,,,,119.48
1,,,,,119.49
1.6,,,,,119.5
2.2,,,,,119.51
2.8,,,,,119.52
3.5,,,,,119.53
4.1,,,,,119.54
4.7,,,,,119.55
5.3,,,,,119.56
5.9,,,,,119.57
6.5,,,,,119.58
7,,,,,119.59
7.5,,,,,119.6
8,,,,,119.61
8.5,,,,,119.62
9.1,,,,,119.63
9.6,,,,,119.64
10.1,,,,,119.65
10.6,,,,,119.66
11.1,,,,,119.67
11.6,,,,,119.68
11.3,,,,,119.69
11,,,,,119.7
10.7,,,,,119.71
10.4,,,,,119.72
10.1,,,,,119.73
9.8,,,,,119.74
9.5,,,,,119.75
9.2,,,,,119.76
8.9,,,,,119.77
8.6,,,,,119.78
7.9,,,,,119.79
7.1,,,,,119.8
6.4,,,,,119.81
5.7,,,,,119.82
5,,,,,119.83
4.2,,,,,119.84
3.5,,,,,119.85
2.8,,,,,119.86
2,,,,,119.87
1.3,,,,,119.88
1.3,,,,,119.89
1.2,,,,,119.9
1.2,,,,,119.91
1.1,,,,,119.92
1.1,,,,,119.93
1.1,,,,,119.94
1,,,,,119.95
1,,,,,119.96
0.9,,,,,119.97
0.9,,,,,119.98
0.9,,,,,119.99
0.9,,,,,120
0.8,,,,,120.01
0.8,,,,,120.02
0.8,,,,,120.03
0.8,,,,,120.04
0.8,,,,,120.05
0.7,,,,,120.06
0.7,,,,,120.07
0.7,,,,,120.08
0.6,,,,,120.09
0.6,,,,,120.1
0.5,,,,,120.11
0.4,,,,,120.12
0.4,,,,,120.13
0.3,,,,,120.14
0.2,,,,,120.15
0.1,,,,,120.16
0.1,,,,,120.17
0,,,,,120.18
0,,,,,120.19
0,,,,,120.2
0,,,,,120.21
0,,,,,120.22
0,,,,,120.23
0,,,,,120.24
0,,,,,120.25
0,,,,,120.26
0,,,,,120.27
0,,,,,120.28
0,,,,,120.29
0,,,,,120.3
0,,,,,120.31
0,,,,,120.32
0,,,,,120.33
0,,,,,120.34
0,,,,,120.35
0,,,,,120.36
0,,,,,120.37
0,,,,,120.38
0,,,,,120.39
0,,,,,120.4
0,,,,,120.41
0,,,,,120.42
0,,,,,120.43
0,,,,,120.44
0,,,,,120.45
0,,,,,120.46
0,,,,,120.47
0,,,,,120.48
0,,,,,120.49
0,,,,,120.5
0,,,,,120.51
0,,,,,120.52
0,,,,,120.53
0,,,,,120.54
0,,,,,120.55
0,,,,,120.56
0,,,,,120.57
0,,,,,120.58
0,,,,,120.59
0,,,,,120.6
0,,,,,120.61
0,,,,,120.62
0,,,,,120.63
0,,,,,120.64
0,,,,,120.65
0,,,,,120.66
0,,,,,120.67
0,,,,,120.68
0.2,,,,,120.69
0.4,,,,,120.7
0.6,,,,,120.71
0.8,,,,,120.72
1,,,,,120.73
1.1,,,,,120.74
1.3,,,,,120.75
1.5,,,,,120.76
1.7,,,,,120.77
1.9,,,,,120.78
2,,,,,120.79
2,,,,,120.8
2.1,,,,,120.81
2.1,,,,,120.82
2.2,,,,,120.83
2.3,,,,,120.84
2.3,,,,,120.85
2.4,,,,,120.86
2.4,,,,,120.87
2.5,,,,,120.88
2.5,,,,,120.89
2.5,,,,,120.9
2.6,,,,,120.91
2.6,,,,,120.92
2.6,,,,,120.93
2.6,,,,,120.94
2.6,,,,,120.95
2.7,,,,,120.96
2.7,,,,,120.97
2.7,,,,,120.98
2.4,,,,,120.99
2.2,,,,,121
1.9,,,,,121.01
1.6,,,,,121.02
1.4,,,,,121.03
1.1,,,,,121.04
0.8,,,,,121.05
0.5,,,,,121.06
0.3,,,,,121.07
0,,,,,121.08
0.1,,,,,121.09
0.3,,,,,121.1
0.4,,,,,121.11
0.5,,,,,121.12
0.7,,,,,121.13
0.8,,,,,121.14
0.9,,,,,121.15
1,,,,,121.16
1.2,,,,,121.17
1.3,,,,,121.18
1.6,,,,,121.19
2,,,,,121.2
2.3,,,,,121.21
2.7,,,,,121.22
3.1,,,,,121.23
3.4,,,,,121.24
3.7,,,,,121.25
4.1,,,,,121.26
4.4,,,,,121.27
4.8,,,,,121.28
5.5,,,,,121.29
6.1,,,,,121.3
6.8,,,,,121.31
7.4,,,,,121.32
8.1,,,,,121.33
8.7,,,,,121.34
9.4,,,,,121.35
10,,,,,121.36
10.7,,,,,121.37
11.3,,,,,121.38
11,,,,,121.39
10.7,,,,,121.4
10.4,,,,,121.41
10.1,,,,,121.42
9.9,,,,,121.43
9.6,,,,,121.44
9.3,,,,,121.45
9,,,,,121.46
8.7,,,,,121.47
8.4,,,,,121.48
7.9,,,,,121.49
7.4,,,,,121.5
6.9,,,,,121.51
6.4,,,,,121.52
5.9,,,,,121.53
5.4,,,,,121.54
4.9,,,,,121.55
4.4,,,,,121.56
3.9,,,,,121.57
3.4,,,,,121.58
3.3,,,,,121.59
3.2,,,,,121.6
3.1,,,,,121.61
3,,,,,121.62
2.9,,,,,121.63
2.8,,,,,121.64
2.7,,,,,121.65
2.6,,,,,121.66
2.5,,,,,121.67
2.4,,,,,121.68
2.4,,,,,121.69
2.3,,,,,121.7
2.3,,,,,121.71
2.2,,,,,121.72
2.2,,,,,121.73
2.1,,,,,121.74
2.1,,,,,121.75
2,,,,,121.76
2,,,,,121.77
1.9,,,,,121.78
1.9,,,,,121.79
1.9,,,,,121.8
1.9,,,,,121.81
1.9,,,,,121.82
1.9,,,,,121.83
1.9,,,,,121.84
1.9,,,,,121.85
1.9,,,,,121.86
1.9,,,,,121.87
1.9,,,,,121.88
1.9,,,,,121.89
2,,,,,121.9
2.1,,,,,121.91
2.1,,,,,121.92
2.2,,,,,121.93
2.2,,,,,121.94
2.2,,,,,121.95
2.3,,,,,121.96
2.4,,,,,121.97
2.4,,,,,121.98
2.5,,,,,121.99
2.6,,,,,122
2.7,,,,,122.01
2.8,,,,,122.02
2.9,,,,,122.03
3,,,,,122.04
3.1,,,,,122.05
3.2,,,,,122.06
3.3,,,,,122.07
3.4,,,,,122.08
3.5,,,,,122.09
3.6,,,,,122.1
3.6,,,,,122.11
3.7,,,,,122.12
3.8,,,,,122.13
3.9,,,,,122.14
4,,,,,122.15
4,,,,,122.16
4.1,,,,,122.17
4.2,,,,,122.18
5.1,,,,,122.19
6.1,,,,,122.2
7,,,,,122.21
8,,,,,122.22
8.9,,,,,122.23
9.8,,,,,122.24
10.8,,,,,122.25
11.7,,,,,122.26
12.7,,,,,122.27
13.6,,,,,122.28
14.2,,,,,122.29
14.8,,,,,122.3
15.4,,,,,122.31
16,,,,,122.32
16.6,,,,,122.33
17.2,,,,,122.34
17.8,,,,,122.35
18.4,,,,,122.36
19,,,,,122.37
19.6,,,,,122.38
19.5,,,,,122.39
19.4,,,,,122.4
19.2,,,,,122.41
19.1,,,,,122.42
19,,,,,122.43
18.9,,,,,122.44
18.8,,,,,122.45
18.6,,,,,122.46
18.5,,,,,122.47
18.4,,,,,122.48
17.8,,,,,122.49
17.2,,,,,122.5
16.5,,,,,122.51
15.9,,,,,122.52
15.3,,,,,122.53
14.7,,,,,122.54
14.1,,,,,122.55
13.4,,,,,122.56
12.8,,,,,122.57
12.2,,,,,122.58
11.3,,,,,122.59
10.5,,,,,122.6
9.6,,,,,122.61
8.8,,,,,122.62
8,,,,,122.63
7.1,,,,,122.64
6.2,,,,,122.65
5.4,,,,,122.66
4.5,,,,,122.67
3.7,,,,,122.68
3.8,,,,,122.69
4,,,,,122.7
4.1,,,,,122.71
4.3,,,,,122.72
4.5,,,,,122.73
4.6,,,,,122.74
4.7,,,,,122.75
4.9,,,,,122.76
5,,,,,122.77
5.2,,,,,122.78
6.6,,,,,122.79
7.9,,,,,122.8
9.3,,,,,122.81
10.7,,,,,122.82
12.1,,,,,122.83
13.4,,,,,122.84
14.8,,,,,122.85
16.2,,,,,122.86
17.5,,,,,122.87
18.9,,,,,122.88
19.9,,,,,122.89
20.9,,,,,122.9
21.9,,,,,122.91
22.9,,,,,122.92
23.9,,,,,122.93
24.9,,,,,122.94
25.9,,,,,122.95
26.9,,,,,122.96
27.9,,,,,122.97
28.9,,,,,122.98
29.8,,,,,122.99
30.7,,,,,123
31.7,,,,,123.01
32.6,,,,,123.02
33.5,,,,,123.03
34.4,,,,,123.04
35.3,,,,,123.05
36.3,,,,,123.06
37.2,,,,,123.07
38.1,,,,,123.08
37.7,,,,,123.09
37.3,,,,,123.1
36.8,,,,,123.11
36.4,,,,,123.12
36,,,,,123.13
35.6,,,,,123.14
35.2,,,,,123.15
34.7,,,,,123.16
34.3,,,,,123.17
33.9,,,,,123.18
33.8,,,,,123.19
33.6,,,,,123.2
33.5,,,,,123.21
33.4,,,,,123.22
33.2,,,,,123.23
33.1,,,,,123.24
33,,,,,123.25
32.9,,,,,123.26
32.7,,,,,123.27
32.6,,,,,123.28
32.6,,,,,123.29
32.6,,,,,123.3
32.6,,,,,123.31
32.6,,,,,123.32
32.6,,,,,123.33
32.6,,,,,123.34
32.6,,,,,123.35
32.6,,,,,123.36
32.6,,,,,123.37
32.6,,,,,123.38
32.8,,,,,123.39
33,,,,,123.4
33.2,,,,,123.41
33.4,,,,,123.42
33.5,,,,,123.43
33.7,,,,,123.44
33.9,,,,,123.45
34.1,,,,,123.46
34.3,,,,,123.47
34.5,,,,,123.48
34.8,,,,,123.49
35.2,,,,,123.5
35.5,,,,,123.51
35.8,,,,,123.52
36.2,,,,,123.53
36.5,,,,,123.54
36.8,,,,,123.55
37.1,,,,,123.56
37.5,,,,,123.57
37.8,,,,,123.58
37.8,,,,,123.59
37.8,,,,,123.6
37.7,,,,,123.61
37.7,,,,,123.62
37.7,,,,,123.63
37.7,,,,,123.64
37.7,,,,,123.65
37.6,,,,,123.66
37.6,,,,,123.67
37.6,,,,,123.68
37.6,,,,,123.69
37.6,,,,,123.7
37.6,,,,,123.71
37.6,,,,,123.72
37.7,,,,,123.73
37.7,,,,,123.74
37.7,,,,,123.75
37.7,,,,,123.76
37.7,,,,,123.77
37.7,,,,,123.78
38,,,,,123.79
38.2,,,,,123.8
38.5,,,,,123.81
38.8,,,,,123.82
39.1,,,,,123.83
39.3,,,,,123.84
39.6,,,,,123.85
39.9,,,,,123.86
40.1,,,,,123.87
40.4,,,,,123.88
41.2,,,,,123.89
42,,,,,123.9
42.9,,,,,123.91
43.7,,,,,123.92
44.5,,,,,123.93
45.3,,,,,123.94
46.1,,,,,123.95
47,,,,,123.96
47.8,,,,,123.97
48.6,,,,,123.98
48.6,,,,,123.99
48.6,,,,,124
48.6,,,,,124.01
48.6,,,,,124.02
48.7,,,,,124.03
48.7,,,,,124.04
48.7,,,,,124.05
48.7,,,,,124.06
48.7,,,,,124.07
48.7,,,,,124.08
48.9,,,,,124.09
49,,,,,124.1
49.2,,,,,124.11
49.4,,,,,124.12
49.6,,,,,124.13
49.7,,,,,124.14
49.9,,,,,124.15
50.1,,,,,124.16
50.2,,,,,124.17
50.4,,,,,124.18
50.2,,,,,124.19
50,,,,,124.2
49.9,,,,,124.21
49.7,,,,,124.22
49.5,,,,,124.23
49.3,,,,,124.24
49.1,,,,,124.25
49,,,,,124.26
48.8,,,,,124.27
48.6,,,,,124.28
47.1,,,,,124.29
45.7,,,,,124.3
44.2,,,,,124.31
42.8,,,,,124.32
41.3,,,,,124.33
39.8,,,,,124.34
38.4,,,,,124.35
36.9,,,,,124.36
35.5,,,,,124.37
34,,,,,124.38
34.2,,,,,124.39
34.3,,,,,124.4
34.5,,,,,124.41
34.7,,,,,124.42
34.9,,,,,124.43
35,,,,,124.44
35.2,,,,,124.45
35.4,,,,,124.46
35.5,,,,,124.47
35.7,,,,,124.48
36.2,,,,,124.49
36.7,,,,,124.5
37.2,,,,,124.51
37.7,,,,,124.52
38.2,,,,,124.53
38.8,,,,,124.54
39.3,,,,,124.55
39.8,,,,,124.56
40.3,,,,,124.57
40.8,,,,,124.58
40.8,,,,,124.59
40.8,,,,,124.6
40.8,,,,,124.61
40.8,,,,,124.62
40.8,,,,,124.63
40.8,,,,,124.64
40.8,,,,,124.65
40.8,,,,,124.66
40.8,,,,,124.67
40.8,,,,,124.68
41.2,,,,,124.69
41.5,,,,,124.7
41.9,,,,,124.71
42.3,,,,,124.72
42.7,,,,,124.73
43,,,,,124.74
43.4,,,,,124.75
43.8,,,,,124.76
44.1,,,,,124.77
44.5,,,,,124.78
44.1,,,,,124.79
43.7,,,,,124.8
43.4,,,,,124.81
43,,,,,124.82
42.6,,,,,124.83
42.2,,,,,124.84
41.8,,,,,124.85
41.5,,,,,124.86
41.1,,,,,124.87
40.7,,,,,124.88
36.6,,,,,124.89
32.6,,,,,124.9
28.5,,,,,124.91
24.4,,,,,124.92
20.4,,,,,124.93
16.3,,,,,124.94
12.2,,,,,124.95
8.1,,,,,124.96
4.1,,,,,124.97
0,,,,,124.98
0,,,,,124.99
0,,,,,125
0,,,,,125.01
0,,,,,125.02
0,,,,,125.03
0,,,,,125.04
0,,,,,125.05
0,,,,,125.06
0,,,,,125.07
0,,,,,125.08
0,,,,,125.09
0,,,,,125.1
0,,,,,125.11
0,,,,,125.12
0,,,,,125.13
0,,,,,125.14
0,,,,,125.15
0,,,,,125.16
0,,,,,125.17
0,,,,,125.18
0,,,,,125.19
0,,,,,125.2
0,,,,,125.21
0,,,,,125.22
0,,,,,125.23
0,,,,,125.24
0,,,,,125.25
0,,,,,125.26
0,,,,,125.27
0,,,,,125.28
0,,,,,125.29
0,,,,,125.3
0,,,,,125.31
0,,,,,125.32
0,,,,,125.33
0,,,,,125.34
0,,,,,125.35
0,,,,,125.36
0,,,,,125.37
0,,,,,125.38
0,,,,,125.39
0,,,,,125.4
0,,,,,125.41
0,,,,,125.42
0,,,,,125.43
0,,,,,125.44
0,,,,,125.45
0,,,,,125.46
0,,,,,125.47
0,,,,,125.48
0,,,,,125.49
0,,,,,125.5
0,,,,,125.51
0,,,,,125.52
0,,,,,125.53
0,,,,,125.54
0,,,,,125.55
0,,,,,125.56
0,,,,,125.57
0,,,,,125.58
0,,,,,125.59
0,,,,,125.6
0,,,,,125.61
0,,,,,125.62
0,,,,,125.63
0,,,,,125.64
0,,,,,125.65
0,,,,,125.66
0,,,,,125.67
0,,,,,125.68
0,,,,,125.69
0,,,,,125.7
0,,,,,125.71
0,,,,,125.72
0,,,,,125.73
0,,,,,125.74
0,,,,,125.75
0,,,,,125.76
0,,,,,125.77
0,,,,,125.78
0,,,,,125.79
0,,,,,125.8
0,,,,,125.81
0,,,,,125.82
0,,,,,125.83
0,,,,,125.84
0,,,,,125.85
0,,,,,125.86
0,,,,,125.87
0,,,,,125.88
0,,,,,125.89
0,,,,,125.9
0,,,,,125.91
0,,,,,125.92
0,,,,,125.93
0,,,,,125.94
0,,,,,125.95
0,,,,,125.96
0,,,,,125.97
0,,,,,125.98
0,,,,,125.99
0,,,,,126
0,,,,,126.01
0,,,,,126.02
0,,,,,126.03
0,,,,,126.04
0,,,,,126.05
0,,,,,126.06
0,,,,,126.07
0,,,,,126.08
0,,,,,126.09
0,,,,,126.1
0,,,,,126.11
0,,,,,126.12
0,,,,,126.13
0,,,,,126.14
0,,,,,126.15
0,,,,,126.16
0,,,,,126.17
0,,,,,126.18
0,,,,,126.19
0,,,,,126.2
0,,,,,126.21
0,,,,,126.22
0,,,,,126.23
0,,,,,126.24
0,,,,,126.25
0,,,,,126.26
0,,,,,126.27
0,,,,,126.28
0,,,,,126.29
0,,,,,126.3
0,,,,,126.31
0,,,,,126.32
0,,,,,126.33
0,,,,,126.34
0,,,,,126.35
0,,,,,126.36
0,,,,,126.37
0,,,,,126.38
0,,,,,126.39
0,,,,,126.4
0,,,,,126.41
0,,,,,126.42
0,,,,,126.43
0,,,,,126.44
0,,,,,126.45
0,,,,,126.46
0,,,,,126.47
0,,,,,126.48
0,,,,,126.49
0,,,,,126.5
0,,,,,126.51
0,,,,,126.52
0,,,,,126.53
0,,,,,126.54
0,,,,,126.55
0,,,,,126.56
0,,,,,126.57
0,,,,,126.58
0,,,,,126.59
0,,,,,126.6
0,,,,,126.61
0,,,,,126.62
0,,,,,126.63
0,,,,,126.64
0,,,,,126.65
0,,,,,126.66
0,,,,,126.67
0,,,,,126.68
0,,,,,126.69
0,,,,,126.7
0,,,,,126.71
0,,,,,126.72
0,,,,,126.73
0,,,,,126.74
0,,,,,126.75
0,,,,,126.76
0,,,,,126.77
0,,,,,126.78
0,,,,,126.79
0,,,,,126.8
0,,,,,126.81
0,,,,,126.82
0,,,,,126.83
0,,,,,126.84
0,,,,,126.85
0,,,,,126.86
0,,,,,126.87
0,,,,,126.88
0,,,,,126.89
0,,,,,126.9
0,,,,,126.91
0,,,,,126.92
0,,,,,126.93
0,,,,,126.94
0,,,,,126.95
0,,,,,126.96
0,,,,,126.97
0,,,,,126.98
0.4,,,,,126.99
0.8,,,,,127
1.3,,,,,127.01
1.7,,,,,127.02
2.1,,,,,127.03
2.5,,,,,127.04
2.9,,,,,127.05
3.4,,,,,127.06
3.8,,,,,127.07
4.2,,,,,127.08
4.5,,,,,127.09
4.7,,,,,127.1
5,,,,,127.11
5.3,,,,,127.12
5.6,,,,,127.13
5.8,,,,,127.14
6.1,,,,,127.15
6.4,,,,,127.16
6.6,,,,,127.17
6.9,,,,,127.18
6.8,,,,,127.19
6.6,,,,,127.2
6.5,,,,,127.21
6.3,,,,,127.22
6.2,,,,,127.23
6,,,,,127.24
5.9,,,,,127.25
5.7,,,,,127.26
5.6,,,,,127.27
5.4,,,,,127.28
5.4,,,,,127.29
5.4,,,,,127.3
5.5,,,,,127.31
5.5,,,,,127.32
5.5,,,,,127.33
5.5,,,,,127.34
5.5,,,,,127.35
5.6,,,,,127.36
5.6,,,,,127.37
5.6,,,,,127.38
5,,,,,127.39
4.5,,,,,127.4
3.9,,,,,127.41
3.4,,,,,127.42
2.8,,,,,127.43
2.2,,,,,127.44
1.7,,,,,127.45
1.1,,,,,127.46
0.6,,,,,127.47
0,,,,,127.48
0,,,,,127.49
0,,,,,127.5
0,,,,,127.51
0,,,,,127.52
0,,,,,127.53
0,,,,,127.54
0,,,,,127.55
0,,,,,127.56
0,,,,,127.57
0,,,,,127.58
0,,,,,127.59
0,,,,,127.6
0,,,,,127.61
0,,,,,127.62
0,,,,,127.63
0,,,,,127.64
0,,,,,127.65
0,,,,,127.66
0,,,,,127.67
0,,,,,127.68
0.3,,,,,127.69
0.7,,,,,127.7
1,,,,,127.71
1.3,,,,,127.72
1.7,,,,,127.73
2,,,,,127.74
2.3,,,,,127.75
2.6,,,,,127.76
3,,,,,127.77
3.3,,,,,127.78
4.1,,,,,127.79
4.9,,,,,127.8
5.7,,,,,127.81
6.5,,,,,127.82
7.3,,,,,127.83
8,,,,,127.84
8.8,,,,,127.85
9.6,,,,,127.86
10.4,,,,,127.87
11.2,,,,,127.88
11.7,,,,,127.89
12.2,,,,,127.9
12.7,,,,,127.91
13.2,,,,,127.92
13.8,,,,,127.93
14.3,,,,,127.94
14.8,,,,,127.95
15.3,,,,,127.96
15.8,,,,,127.97
16.3,,,,,127.98
15,,,,,127.99
13.6,,,,,128
12.3,,,,,128.01
10.9,,,,,128.02
9.6,,,,,128.03
8.2,,,,,128.04
6.9,,,,,128.05
5.5,,,,,128.06
4.2,,,,,128.07
2.8,,,,,128.08
2.5,,,,,128.09
2.2,,,,,128.1
2,,,,,128.11
1.7,,,,,128.12
1.4,,,,,128.13
1.1,,,,,128.14
0.8,,,,,128.15
0.6,,,,,128.16
0.3,,,,,128.17
0,,,,,128.18
0,,,,,128.19
0,,,,,128.2
0,,,,,128.21
0,,,,,128.22
0,,,,,128.23
0,,,,,128.24
0,,,,,128.25
0,,,,,128.26
0,,,,,128.27
0,,,,,128.28
0.3,,,,,128.29
0.6,,,,,128.3
0.9,,,,,128.31
1.2,,,,,128.32
1.6,,,,,128.33
1.9,,,,,128.34
2.2,,,,,128.35
2.5,,,,,128.36
2.8,,,,,128.37
3.1,,,,,128.38
4.1,,,,,128.39
5.2,,,,,128.4
6.3,,,,,128.41
7.3,,,,,128.42
8.4,,,,,128.43
9.4,,,,,128.44
10.4,,,,,128.45
11.5,,,,,128.46
12.6,,,,,128.47
13.6,,,,,128.48
14.2,,,,,128.49
14.7,,,,,128.5
15.3,,,,,128.51
15.8,,,,,128.52
16.4,,,,,128.53
17,,,,,128.54
17.5,,,,,128.55
18.1,,,,,128.56
18.6,,,,,128.57
19.2,,,,,128.58
19.7,,,,,128.59
20.2,,,,,128.6
20.7,,,,,128.61
21.2,,,,,128.62
21.7,,,,,128.63
22.2,,,,,128.64
22.7,,,,,128.65
23.2,,,,,128.66
23.7,,,,,128.67
24.2,,,,,128.68
24,,,,,128.69
23.9,,,,,128.7
23.7,,,,,128.71
23.5,,,,,128.72
23.4,,,,,128.73
23.2,,,,,128.74
23,,,,,128.75
22.8,,,,,128.76
22.7,,,,,128.77
22.5,,,,,128.78
22.2,,,,,128.79
22,,,,,128.8
21.7,,,,,128.81
21.5,,,,,128.82
21.2,,,,,128.83
21,,,,,128.84
20.7,,,,,128.85
20.5,,,,,128.86
20.2,,,,,128.87
20,,,,,128.88
20.2,,,,,128.89
20.5,,,,,128.9
20.7,,,,,128.91
21,,,,,128.92
21.2,,,,,128.93
21.4,,,,,128.94
21.7,,,,,128.95
21.9,,,,,128.96
22.2,,,,,128.97
22.4,,,,,128.98
22.4,,,,,128.99
22.4,,,,,129
22.4,,,,,129.01
22.4,,,,,129.02
22.5,,,,,129.03
22.5,,,,,129.04
22.5,,,,,129.05
22.5,,,,,129.06
22.5,,,,,129.07
22.5,,,,,129.08
22.8,,,,,129.09
23.1,,,,,129.1
23.4,,,,,129.11
23.7,,,,,129.12
24,,,,,129.13
24.2,,,,,129.14
24.5,,,,,129.15
24.8,,,,,129.16
25.1,,,,,129.17
25.4,,,,,129.18
25.7,,,,,129.19
26.1,,,,,129.2
26.4,,,,,129.21
26.7,,,,,129.22
27.1,,,,,129.23
27.4,,,,,129.24
27.7,,,,,129.25
28,,,,,129.26
28.4,,,,,129.27
28.7,,,,,129.28
28.7,,,,,129.29
28.8,,,,,129.3
28.8,,,,,129.31
28.8,,,,,129.32
28.9,,,,,129.33
28.9,,,,,129.34
28.9,,,,,129.35
28.9,,,,,129.36
29,,,,,129.37
29,,,,,129.38
28.5,,,,,129.39
28.1,,,,,129.4
27.6,,,,,129.41
27.1,,,,,129.42
26.6,,,,,129.43
26.2,,,,,129.44
25.7,,,,,129.45
25.2,,,,,129.46
24.8,,,,,129.47
24.3,,,,,129.48
24.2,,,,,129.49
24.2,,,,,129.5
24.1,,,,,129.51
24,,,,,129.52
24,,,,,129.53
23.9,,,,,129.54
23.8,,,,,129.55
23.7,,,,,129.56
23.7,,,,,129.57
23.6,,,,,129.58
23.4,,,,,129.59
23.2,,,,,129.6
23,,,,,129.61
22.8,,,,,129.62
22.6,,,,,129.63
22.4,,,,,129.64
22.2,,,,,129.65
22,,,,,129.66
21.8,,,,,129.67
21.6,,,,,129.68
21.6,,,,,129.69
21.7,,,,,129.7
21.7,,,,,129.71
21.7,,,,,129.72
21.8,,,,,129.73
21.8,,,,,129.74
21.8,,,,,129.75
21.8,,,,,129.76
21.9,,,,,129.77
21.9,,,,,129.78
22.3,,,,,129.79
22.8,,,,,129.8
23.2,,,,,129.81
23.7,,,,,129.82
24.1,,,,,129.83
24.5,,,,,129.84
25,,,,,129.85
25.4,,,,,129.86
25.9,,,,,129.87
26.3,,,,,129.88
25.9,,,,,129.89
25.4,,,,,129.9
24.9,,,,,129.91
24.5,,,,,129.92
24.1,,,,,129.93
23.6,,,,,129.94
23.2,,,,,129.95
22.7,,,,,129.96
22.2,,,,,129.97
21.8,,,,,129.98
22.7,,,,,129.99
23.6,,,,,130
24.5,,,,,130.01
25.4,,,,,130.02
26.4,,,,,130.03
27.3,,,,,130.04
28.2,,,,,130.05
29.1,,,,,130.06
30,,,,,130.07
30.9,,,,,130.08
31.2,,,,,130.09
31.4,,,,,130.1
31.7,,,,,130.11
32,,,,,130.12
32.2,,,,,130.13
32.5,,,,,130.14
32.8,,,,,130.15
33.1,,,,,130.16
33.3,,,,,130.17
33.6,,,,,130.18
33.6,,,,,130.19
33.6,,,,,130.2
33.5,,,,,130.21
33.5,,,,,130.22
33.5,,,,,130.23
33.5,,,,,130.24
33.5,,,,,130.25
33.4,,,,,130.26
33.4,,,,,130.27
33.4,,,,,130.28
33.9,,,,,130.29
34.5,,,,,130.3
35,,,,,130.31
35.5,,,,,130.32
36,,,,,130.33
36.6,,,,,130.34
37.1,,,,,130.35
37.6,,,,,130.36
38.2,,,,,130.37
38.7,,,,,130.38
38.8,,,,,130.39
38.9,,,,,130.4
39,,,,,130.41
39.1,,,,,130.42
39.2,,,,,130.43
39.2,,,,,130.44
39.3,,,,,130.45
39.4,,,,,130.46
39.5,,,,,130.47
39.6,,,,,130.48
39.8,,,,,130.49
40.1,,,,,130.5
40.3,,,,,130.51
40.5,,,,,130.52
40.8,,,,,130.53
41,,,,,130.54
41.2,,,,,130.55
41.4,,,,,130.56
41.7,,,,,130.57
41.9,,,,,130.58
42,,,,,130.59
42.1,,,,,130.6
42.2,,,,,130.61
42.3,,,,,130.62
42.4,,,,,130.63
42.4,,,,,130.64
42.5,,,,,130.65
42.6,,,,,130.66
42.7,,,,,130.67
42.8,,,,,130.68
43.3,,,,,130.69
43.9,,,,,130.7
44.4,,,,,130.71
45,,,,,130.72
45.6,,,,,130.73
46.1,,,,,130.74
46.6,,,,,130.75
47.2,,,,,130.76
47.7,,,,,130.77
48.3,,,,,130.78
48.9,,,,,130.79
49.4,,,,,130.8
50,,,,,130.81
50.5,,,,,130.82
51.1,,,,,130.83
51.7,,,,,130.84
52.2,,,,,130.85
52.8,,,,,130.86
53.3,,,,,130.87
53.9,,,,,130.88
53.8,,,,,130.89
53.8,,,,,130.9
53.7,,,,,130.91
53.7,,,,,130.92
53.6,,,,,130.93
53.5,,,,,130.94
53.5,,,,,130.95
53.4,,,,,130.96
53.4,,,,,130.97
53.3,,,,,130.98
53.3,,,,,130.99
53.4,,,,,131
53.4,,,,,131.01
53.4,,,,,131.02
53.5,,,,,131.03
53.5,,,,,131.04
53.5,,,,,131.05
53.5,,,,,131.06
53.6,,,,,131.07
53.6,,,,,131.08
53.6,,,,,131.09
53.6,,,,,131.1
53.5,,,,,131.11
53.5,,,,,131.12
53.5,,,,,131.13
53.5,,,,,131.14
53.5,,,,,131.15
53.4,,,,,131.16
53.4,,,,,131.17
53.4,,,,,131.18
53.4,,,,,131.19
53.4,,,,,131.2
53.4,,,,,131.21
53.4,,,,,131.22
53.4,,,,,131.23
53.3,,,,,131.24
53.3,,,,,131.25
53.3,,,,,131.26
53.3,,,,,131.27
53.3,,,,,131.28
53.2,,,,,131.29
53.1,,,,,131.3
53.1,,,,,131.31
53,,,,,131.32
52.9,,,,,131.33
52.8,,,,,131.34
52.7,,,,,131.35
52.7,,,,,131.36
52.6,,,,,131.37
52.5,,,,,131.38
52.9,,,,,131.39
53.3,,,,,131.4
53.7,,,,,131.41
54.1,,,,,131.42
54.5,,,,,131.43
54.9,,,,,131.44
55.3,,,,,131.45
55.7,,,,,131.46
56.1,,,,,131.47
56.5,,,,,131.48
56.1,,,,,131.49
55.6,,,,,131.5
55.2,,,,,131.51
54.8,,,,,131.52
54.4,,,,,131.53
53.9,,,,,131.54
53.5,,,,,131.55
53.1,,,,,131.56
52.6,,,,,131.57
52.2,,,,,131.58
52,,,,,131.59
51.8,,,,,131.6
51.7,,,,,131.61
51.5,,,,,131.62
51.3,,,,,131.63
51.1,,,,,131.64
50.9,,,,,131.65
50.8,,,,,131.66
50.6,,,,,131.67
50.4,,,,,131.68
49.2,,,,,131.69
48,,,,,131.7
46.9,,,,,131.71
45.7,,,,,131.72
44.5,,,,,131.73
43.3,,,,,131.74
42.1,,,,,131.75
41,,,,,131.76
39.8,,,,,131.77
38.6,,,,,131.78
37.9,,,,,131.79
37.3,,,,,131.8
36.6,,,,,131.81
36,,,,,131.82
35.4,,,,,131.83
34.7,,,,,131.84
34,,,,,131.85
33.4,,,,,131.86
32.7,,,,,131.87
32.1,,,,,131.88
31.5,,,,,131.89
30.9,,,,,131.9
30.4,,,,,131.91
29.8,,,,,131.92
29.2,,,,,131.93
28.6,,,,,131.94
28,,,,,131.95
27.5,,,,,131.96
26.9,,,,,131.97
26.3,,,,,131.98
26.7,,,,,131.99
27.1,,,,,132
27.4,,,,,132.01
27.8,,,,,132.02
28.2,,,,,132.03
28.6,,,,,132.04
29,,,,,132.05
29.3,,,,,132.06
29.7,,,,,132.07
30.1,,,,,132.08
30.9,,,,,132.09
31.8,,,,,132.1
32.6,,,,,132.11
33.4,,,,,132.12
34.2,,,,,132.13
35.1,,,,,132.14
35.9,,,,,132.15
36.7,,,,,132.16
37.6,,,,,132.17
38.4,,,,,132.18
35.6,,,,,132.19
32.7,,,,,132.2
29.9,,,,,132.21
27,,,,,132.22
24.2,,,,,132.23
21.4,,,,,132.24
18.5,,,,,132.25
15.7,,,,,132.26
12.8,,,,,132.27
10,,,,,132.28
9,,,,,132.29
8,,,,,132.3
7,,,,,132.31
6,,,,,132.32
5,,,,,132.33
4,,,,,132.34
3,,,,,132.35
2,,,,,132.36
1,,,,,132.37
0,,,,,132.38
0,,,,,132.39
0,,,,,132.4
0,,,,,132.41
0,,,,,132.42
0,,,,,132.43
0,,,,,132.44
0,,,,,132.45
0,,,,,132.46
0,,,,,132.47
0,,,,,132.48
0,,,,,132.49
0,,,,,132.5
0,,,,,132.51
0,,,,,132.52
0,,,,,132.53
0,,,,,132.54
0,,,,,132.55
0,,,,,132.56
0,,,,,132.57
0,,,,,132.58
0,,,,,132.59
0,,,,,132.6
0,,,,,132.61
0,,,,,132.62
0,,,,,132.63
0,,,,,132.64
0,,,,,132.65
0,,,,,132.66
0,,,,,132.67
0,,,,,132.68
0,,,,,132.69
0,,,,,132.7
0,,,,,132.71
0,,,,,132.72
0,,,,,132.73
0,,,,,132.74
0,,,,,132.75
0,,,,,132.76
0,,,,,132.77
0,,,,,132.78
0,,,,,132.79
0,,,,,132.8
0,,,,,132.81
0,,,,,132.82
0,,,,,132.83
0,,,,,132.84
0,,,,,132.85
0,,,,,132.86
0,,,,,132.87
0,,,,,132.88
0,,,,,132.89
0,,,,,132.9
0,,,,,132.91
0,,,,,132.92
0,,,,,132.93
0,,,,,132.94
0,,,,,132.95
0,,,,,132.96
0,,,,,132.97
0,,,,,132.98
0,,,,,132.99
0,,,,,133
0,,,,,133.01
0,,,,,133.02
0,,,,,133.03
0,,,,,133.04
0,,,,,133.05
0,,,,,133.06
0,,,,,133.07
0,,,,,133.08
0.1,,,,,133.09
0.2,,,,,133.1
0.3,,,,,133.11
0.4,,,,,133.12
0.6,,,,,133.13
0.7,,,,,133.14
0.8,,,,,133.15
0.9,,,,,133.16
1,,,,,133.17
1.1,,,,,133.18
2.1,,,,,133.19
3.1,,,,,133.2
4,,,,,133.21
5,,,,,133.22
6,,,,,133.23
7,,,,,133.24
8,,,,,133.25
8.9,,,,,133.26
9.9,,,,,133.27
10.9,,,,,133.28
10.8,,,,,133.29
10.8,,,,,133.3
10.7,,,,,133.31
10.7,,,,,133.32
10.7,,,,,133.33
10.6,,,,,133.34
10.5,,,,,133.35
10.5,,,,,133.36
10.4,,,,,133.37
10.4,,,,,133.38
10.1,,,,,133.39
9.9,,,,,133.4
9.6,,,,,133.41
9.4,,,,,133.42
9.1,,,,,133.43
8.8,,,,,133.44
8.6,,,,,133.45
8.3,,,,,133.46
8.1,,,,,133.47
7.8,,,,,133.48
7.6,,,,,133.49
7.4,,,,,133.5
7.2,,,,,133.51
7,,,,,133.52
6.9,,,,,133.53
6.7,,,,,133.54
6.5,,,,,133.55
6.3,,,,,133.56
6.1,,,,,133.57
5.9,,,,,133.58
5.5,,,,,133.59
5,,,,,133.6
4.6,,,,,133.61
4.2,,,,,133.62
3.8,,,,,133.63
3.3,,,,,133.64
2.9,,,,,133.65
2.5,,,,,133.66
2,,,,,133.67
1.6,,,,,133.68
1.6,,,,,133.69
1.7,,,,,133.7
1.7,,,,,133.71
1.7,,,,,133.72
1.8,,,,,133.73
1.8,,,,,133.74
1.8,,,,,133.75
1.8,,,,,133.76
1.9,,,,,133.77
1.9,,,,,133.78
3.5,,,,,133.79
5.2,,,,,133.8
6.8,,,,,133.81
8.5,,,,,133.82
10.1,,,,,133.83
11.7,,,,,133.84
13.4,,,,,133.85
15,,,,,133.86
16.7,,,,,133.87
18.3,,,,,133.88
19.6,,,,,133.89
20.9,,,,,133.9
22.3,,,,,133.91
23.6,,,,,133.92
24.9,,,,,133.93
26.2,,,,,133.94
27.5,,,,,133.95
28.9,,,,,133.96
30.2,,,,,133.97
31.5,,,,,133.98
32.3,,,,,133.99
33.2,,,,,134
34,,,,,134.01
34.8,,,,,134.02
35.7,,,,,134.03
36.5,,,,,134.04
37.3,,,,,134.05
38.1,,,,,134.06
39,,,,,134.07
39.8,,,,,134.08
39.9,,,,,134.09
40,,,,,134.1
40.1,,,,,134.11
40.2,,,,,134.12
40.3,,,,,134.13
40.4,,,,,134.14
40.5,,,,,134.15
40.6,,,,,134.16
40.7,,,,,134.17
40.8,,,,,134.18
40.6,,,,,134.19
40.5,,,,,134.2
40.3,,,,,134.21
40.2,,,,,134.22
40,,,,,134.23
39.8,,,,,134.24
39.7,,,,,134.25
39.5,,,,,134.26
39.4,,,,,134.27
39.2,,,,,134.28
38,,,,,134.29
36.8,,,,,134.3
35.7,,,,,134.31
34.5,,,,,134.32
33.3,,,,,134.33
32.1,,,,,134.34
30.9,,,,,134.35
29.8,,,,,134.36
28.6,,,,,134.37
27.4,,,,,134.38
27.3,,,,,134.39
27.2,,,,,134.4
27.1,,,,,134.41
27,,,,,134.42
26.9,,,,,134.43
26.7,,,,,134.44
26.6,,,,,134.45
26.5,,,,,134.46
26.4,,,,,134.47
26.3,,,,,134.48
26.9,,,,,134.49
27.5,,,,,134.5
28,,,,,134.51
28.6,,,,,134.52
29.2,,,,,134.53
29.8,,,,,134.54
30.4,,,,,134.55
30.9,,,,,134.56
31.5,,,,,134.57
32.1,,,,,134.58
32,,,,,134.59
31.9,,,,,134.6
31.8,,,,,134.61
31.7,,,,,134.62
31.6,,,,,134.63
31.4,,,,,134.64
31.3,,,,,134.65
31.2,,,,,134.66
31.1,,,,,134.67
31,,,,,134.68
31,,,,,134.69
31,,,,,134.7
31,,,,,134.71
31,,,,,134.72
31,,,,,134.73
30.9,,,,,134.74
30.9,,,,,134.75
30.9,,,,,134.76
30.9,,,,,134.77
30.9,,,,,134.78
31.2,,,,,134.79
31.4,,,,,134.8
31.7,,,,,134.81
32,,,,,134.82
32.2,,,,,134.83
32.5,,,,,134.84
32.8,,,,,134.85
33.1,,,,,134.86
33.3,,,,,134.87
33.6,,,,,134.88
34.2,,,,,134.89
34.8,,,,,134.9
35.4,,,,,134.91
36,,,,,134.92
36.5,,,,,134.93
37.1,,,,,134.94
37.7,,,,,134.95
38.3,,,,,134.96
38.9,,,,,134.97
39.5,,,,,134.98
39.8,,,,,134.99
40,,,,,135
40.3,,,,,135.01
40.6,,,,,135.02
40.9,,,,,135.03
41.1,,,,,135.04
41.4,,,,,135.05
41.7,,,,,135.06
41.9,,,,,135.07
42.2,,,,,135.08
42.2,,,,,135.09
42.3,,,,,135.1
42.3,,,,,135.11
42.3,,,,,135.12
42.4,,,,,135.13
42.4,,,,,135.14
42.4,,,,,135.15
42.4,,,,,135.16
42.5,,,,,135.17
42.5,,,,,135.18
44.7,,,,,135.19
46.9,,,,,135.2
49.1,,,,,135.21
51.3,,,,,135.22
53.6,,,,,135.23
55.8,,,,,135.24
58,,,,,135.25
60.2,,,,,135.26
62.4,,,,,135.27
64.6,,,,,135.28
64.6,,,,,135.29
64.7,,,,,135.3
64.7,,,,,135.31
64.8,,,,,135.32
64.8,,,,,135.33
64.8,,,,,135.34
64.9,,,,,135.35
64.9,,,,,135.36
65,,,,,135.37
65,,,,,135.38
64.1,,,,,135.39
63.1,,,,,135.4
62.2,,,,,135.41
61.3,,,,,135.42
60.4,,,,,135.43
59.4,,,,,135.44
58.5,,,,,135.45
57.6,,,,,135.46
56.6,,,,,135.47
55.7,,,,,135.48
55,,,,,135.49
54.2,,,,,135.5
53.5,,,,,135.51
52.7,,,,,135.52
52,,,,,135.53
51.3,,,,,135.54
50.5,,,,,135.55
49.8,,,,,135.56
49,,,,,135.57
48.3,,,,,135.58
48.1,,,,,135.59
48,,,,,135.6
47.8,,,,,135.61
47.7,,,,,135.62
47.5,,,,,135.63
47.3,,,,,135.64
47.2,,,,,135.65
47,,,,,135.66
46.9,,,,,135.67
46.7,,,,,135.68
46.5,,,,,135.69
46.3,,,,,135.7
46.2,,,,,135.71
46,,,,,135.72
45.8,,,,,135.73
45.6,,,,,135.74
45.4,,,,,135.75
45.3,,,,,135.76
45.1,,,,,135.77
44.9,,,,,135.78
43.7,,,,,135.79
42.6,,,,,135.8
41.4,,,,,135.81
40.3,,,,,135.82
39.2,,,,,135.83
38,,,,,135.84
36.8,,,,,135.85
35.7,,,,,135.86
34.5,,,,,135.87
33.4,,,,,135.88
32.9,,,,,135.89
32.3,,,,,135.9
31.8,,,,,135.91
31.3,,,,,135.92
30.8,,,,,135.93
30.2,,,,,135.94
29.7,,,,,135.95
29.2,,,,,135.96
28.6,,,,,135.97
28.1,,,,,135.98
28.2,,,,,135.99
28.3,,,,,136
28.4,,,,,136.01
28.5,,,,,136.02
28.7,,,,,136.03
28.8,,,,,136.04
28.9,,,,,136.05
29,,,,,136.06
29.1,,,,,136.07
29.2,,,,,136.08
29,,,,,136.09
28.8,,,,,136.1
28.7,,,,,136.11
28.5,,,,,136.12
28.3,,,,,136.13
28.1,,,,,136.14
27.9,,,,,136.15
27.8,,,,,136.16
27.6,,,,,136.17
27.4,,,,,136.18
26.7,,,,,136.19
26.1,,,,,136.2
25.4,,,,,136.21
24.8,,,,,136.22
24.1,,,,,136.23
23.4,,,,,136.24
22.8,,,,,136.25
22.1,,,,,136.26
21.5,,,,,136.27
20.8,,,,,136.28
20.7,,,,,136.29
20.6,,,,,136.3
20.4,,,,,136.31
20.3,,,,,136.32
20.2,,,,,136.33
20.1,,,,,136.34
20,,,,,136.35
19.8,,,,,136.36
19.7,,,,,136.37
19.6,,,,,136.38
19.6,,,,,136.39
19.5,,,,,136.4
19.5,,,,,136.41
19.4,,,,,136.42
19.4,,,,,136.43
19.4,,,,,136.44
19.3,,,,,136.45
19.3,,,,,136.46
19.2,,,,,136.47
19.2,,,,,136.48
19.2,,,,,136.49
19.2,,,,,136.5
19.1,,,,,136.51
19.1,,,,,136.52
19.1,,,,,136.53
19.1,,,,,136.54
19.1,,,,,136.55
19,,,,,136.56
19,,,,,136.57
19,,,,,136.58
19.1,,,,,136.59
19.1,,,,,136.6
19.2,,,,,136.61
19.2,,,,,136.62
19.3,,,,,136.63
19.4,,,,,136.64
19.4,,,,,136.65
19.5,,,,,136.66
19.5,,,,,136.67
19.6,,,,,136.68
19.7,,,,,136.69
19.9,,,,,136.7
20,,,,,136.71
20.1,,,,,136.72
20.2,,,,,136.73
20.4,,,,,136.74
20.5,,,,,136.75
20.6,,,,,136.76
20.8,,,,,136.77
20.9,,,,,136.78
21,,,,,136.79
21.1,,,,,136.8
21.2,,,,,136.81
21.3,,,,,136.82
21.4,,,,,136.83
21.4,,,,,136.84
21.5,,,,,136.85
21.6,,,,,136.86
21.7,,,,,136.87
21.8,,,,,136.88
22,,,,,136.89
22.2,,,,,136.9
22.4,,,,,136.91
22.6,,,,,136.92
22.9,,,,,136.93
23.1,,,,,136.94
23.3,,,,,136.95
23.5,,,,,136.96
23.7,,,,,136.97
23.9,,,,,136.98
23.9,,,,,136.99
23.9,,,,,137
23.9,,,,,137.01
23.9,,,,,137.02
24,,,,,137.03
24,,,,,137.04
24,,,,,137.05
24,,,,,137.06
24,,,,,137.07
24,,,,,137.08
23.9,,,,,137.09
23.9,,,,,137.1
23.8,,,,,137.11
23.8,,,,,137.12
23.7,,,,,137.13
23.6,,,,,137.14
23.6,,,,,137.15
23.5,,,,,137.16
23.5,,,,,137.17
23.4,,,,,137.18
23.6,,,,,137.19
23.8,,,,,137.2
24.1,,,,,137.21
24.3,,,,,137.22
24.5,,,,,137.23
24.7,,,,,137.24
24.9,,,,,137.25
25.2,,,,,137.26
25.4,,,,,137.27
25.6,,,,,137.28
26.1,,,,,137.29
26.5,,,,,137.3
27,,,,,137.31
27.5,,,,,137.32
28,,,,,137.33
28.4,,,,,137.34
28.9,,,,,137.35
29.4,,,,,137.36
29.8,,,,,137.37
30.3,,,,,137.38
30,,,,,137.39
29.7,,,,,137.4
29.5,,,,,137.41
29.2,,,,,137.42
28.9,,,,,137.43
28.6,,,,,137.44
28.3,,,,,137.45
28.1,,,,,137.46
27.8,,,,,137.47
27.5,,,,,137.48
28.3,,,,,137.49
29.2,,,,,137.5
30,,,,,137.51
30.9,,,,,137.52
31.7,,,,,137.53
32.5,,,,,137.54
33.4,,,,,137.55
34.2,,,,,137.56
35.1,,,,,137.57
35.9,,,,,137.58
36,,,,,137.59
36.1,,,,,137.6
36.2,,,,,137.61
36.3,,,,,137.62
36.4,,,,,137.63
36.5,,,,,137.64
36.6,,,,,137.65
36.7,,,,,137.66
36.8,,,,,137.67
36.9,,,,,137.68
36.3,,,,,137.69
35.6,,,,,137.7
35,,,,,137.71
34.3,,,,,137.72
33.6,,,,,137.73
33,,,,,137.74
32.4,,,,,137.75
31.7,,,,,137.76
31.1,,,,,137.77
30.4,,,,,137.78
30.3,,,,,137.79
30.1,,,,,137.8
30,,,,,137.81
29.8,,,,,137.82
29.7,,,,,137.83
29.6,,,,,137.84
29.4,,,,,137.85
29.3,,,,,137.86
29.1,,,,,137.87
29,,,,,137.88
29.8,,,,,137.89
30.5,,,,,137.9
31.3,,,,,137.91
32.1,,,,,137.92
32.9,,,,,137.93
33.6,,,,,137.94
34.4,,,,,137.95
35.2,,,,,137.96
35.9,,,,,137.97
36.7,,,,,137.98
37.3,,,,,137.99
37.9,,,,,138
38.5,,,,,138.01
39.1,,,,,138.02
39.8,,,,,138.03
40.4,,,,,138.04
41,,,,,138.05
41.6,,,,,138.06
42.2,,,,,138.07
42.8,,,,,138.08
43.3,,,,,138.09
43.8,,,,,138.1
44.3,,,,,138.11
44.8,,,,,138.12
45.3,,,,,138.13
45.8,,,,,138.14
46.3,,,,,138.15
46.8,,,,,138.16
47.3,,,,,138.17
47.8,,,,,138.18
46.8,,,,,138.19
45.8,,,,,138.2
44.8,,,,,138.21
43.8,,,,,138.22
42.8,,,,,138.23
41.8,,,,,138.24
40.8,,,,,138.25
39.8,,,,,138.26
38.8,,,,,138.27
37.8,,,,,138.28
37.5,,,,,138.29
37.2,,,,,138.3
37,,,,,138.31
36.7,,,,,138.32
36.4,,,,,138.33
36.1,,,,,138.34
35.8,,,,,138.35
35.6,,,,,138.36
35.3,,,,,138.37
35,,,,,138.38
35,,,,,138.39
34.9,,,,,138.4
34.9,,,,,138.41
34.8,,,,,138.42
34.8,,,,,138.43
34.8,,,,,138.44
34.7,,,,,138.45
34.7,,,,,138.46
34.6,,,,,138.47
34.6,,,,,138.48
34.6,,,,,138.49
34.7,,,,,138.5
34.7,,,,,138.51
34.8,,,,,138.52
34.9,,,,,138.53
34.9,,,,,138.54
34.9,,,,,138.55
35,,,,,138.56
35,,,,,138.57
35.1,,,,,138.58
32.8,,,,,138.59
30.5,,,,,138.6
28.1,,,,,138.61
25.8,,,,,138.62
23.5,,,,,138.63
21.2,,,,,138.64
18.9,,,,,138.65
16.5,,,,,138.66
14.2,,,,,138.67
11.9,,,,,138.68
11.3,,,,,138.69
10.7,,,,,138.7
10.1,,,,,138.71
9.5,,,,,138.72
8.9,,,,,138.73
8.4,,,,,138.74
7.8,,,,,138.75
7.2,,,,,138.76
6.6,,,,,138.77
6,,,,,138.78
5.4,,,,,138.79
4.8,,,,,138.8
4.2,,,,,138.81
3.6,,,,,138.82
3,,,,,138.83
2.4,,,,,138.84
1.8,,,,,138.85
1.2,,,,,138.86
0.6,,,,,138.87
0,,,,,138.88
0,,,,,138.89
0,,,,,138.9
0,,,,,138.91
0,,,,,138.92
0,,,,,138.93
0,,,,,138.94
0,,,,,138.95
0,,,,,138.96
0,,,,,138.97
0,,,,,138.98
0,,,,,138.99
0,,,,,139
0,,,,,139.01
0,,,,,139.02
0,,,,,139.03
0,,,,,139.04
0,,,,,139.05
0,,,,,139.06
0,,,,,139.07
0,,,,,139.08
0,,,,,139.09
0,,,,,139.1
0,,,,,139.11
0,,,,,139.12
0,,,,,139.13
0,,,,,139.14
0,,,,,139.15
0,,,,,139.16
0,,,,,139.17
0,,,,,139.18
0,,,,,139.19
0,,,,,139.2
0,,,,,139.21
0,,,,,139.22
0,,,,,139.23
0,,,,,139.24
0,,,,,139.25
0,,,,,139.26
0,,,,,139.27
0,,,,,139.28
0,,,,,139.29
0,,,,,139.3
0,,,,,139.31
0,,,,,139.32
0,,,,,139.33
0,,,,,139.34
0,,,,,139.35
0,,,,,139.36
0,,,,,139.37
0,,,,,139.38
0,,,,,139.39
0,,,,,139.4
0,,,,,139.41
0,,,,,139.42
0,,,,,139.43
0,,,,,139.44
0,,,,,139.45
0,,,,,139.46
0,,,,,139.47
0,,,,,139.48
0,,,,,139.49
0,,,,,139.5
0,,,,,139.51
0,,,,,139.52
0,,,,,139.53
0,,,,,139.54
0,,,,,139.55
0,,,,,139.56
0,,,,,139.57
0,,,,,139.58
0,,,,,139.59
0,,,,,139.6
0,,,,,139.61
0,,,,,139.62
0,,,,,139.63
0,,,,,139.64
0,,,,,139.65
0,,,,,139.66
0,,,,,139.67
0,,,,,139.68
0.2,,,,,139.69
0.5,,,,,139.7
0.7,,,,,139.71
1,,,,,139.72
1.2,,,,,139.73
1.5,,,,,139.74
1.7,,,,,139.75
2,,,,,139.76
2.2,,,,,139.77
2.5,,,,,139.78
2.6,,,,,139.79
2.8,,,,,139.8
2.9,,,,,139.81
3.1,,,,,139.82
3.2,,,,,139.83
3.3,,,,,139.84
3.5,,,,,139.85
3.6,,,,,139.86
3.8,,,,,139.87
3.9,,,,,139.88
3.8,,,,,139.89
3.7,,,,,139.9
3.6,,,,,139.91
3.5,,,,,139.92
3.5,,,,,139.93
3.4,,,,,139.94
3.3,,,,,139.95
3.2,,,,,139.96
3.1,,,,,139.97
3,,,,,139.98
3,,,,,139.99
3,,,,,140
2.9,,,,,140.01
2.9,,,,,140.02
2.9,,,,,140.03
2.9,,,,,140.04
2.9,,,,,140.05
2.8,,,,,140.06
2.8,,,,,140.07
2.8,,,,,140.08
2.5,,,,,140.09
2.2,,,,,140.1
2,,,,,140.11
1.7,,,,,140.12
1.4,,,,,140.13
1.1,,,,,140.14
0.8,,,,,140.15
0.6,,,,,140.16
0.3,,,,,140.17
0,,,,,140.18
0,,,,,140.19
0,,,,,140.2
0,,,,,140.21
0,,,,,140.22
0,,,,,140.23
0,,,,,140.24
0,,,,,140.25
0,,,,,140.26
0,,,,,140.27
0,,,,,140.28
0.3,,,,,140.29
0.6,,,,,140.3
0.9,,,,,140.31
1.2,,,,,140.32
1.5,,,,,140.33
1.8,,,,,140.34
2.1,,,,,140.35
2.4,,,,,140.36
2.7,,,,,140.37
3,,,,,140.38
3.3,,,,,140.39
3.6,,,,,140.4
4,,,,,140.41
4.3,,,,,140.42
4.6,,,,,140.43
4.9,,,,,140.44
5.2,,,,,140.45
5.6,,,,,140.46
5.9,,,,,140.47
6.2,,,,,140.48
6.2,,,,,140.49
6.2,,,,,140.5
6.2,,,,,140.51
6.2,,,,,140.52
6.2,,,,,140.53
6.3,,,,,140.54
6.3,,,,,140.55
6.3,,,,,140.56
6.3,,,,,140.57
6.3,,,,,140.58
6.3,,,,,140.59
6.3,,,,,140.6
6.3,,,,,140.61
6.3,,,,,140.62
6.3,,,,,140.63
6.3,,,,,140.64
6.3,,,,,140.65
6.3,,,,,140.66
6.3,,,,,140.67
6.3,,,,,140.68
6.2,,,,,140.69
6.1,,,,,140.7
5.9,,,,,140.71
5.8,,,,,140.72
5.7,,,,,140.73
5.6,,,,,140.74
5.5,,,,,140.75
5.3,,,,,140.76
5.2,,,,,140.77
5.1,,,,,140.78
5.1,,,,,140.79
5.2,,,,,140.8
5.2,,,,,140.81
5.3,,,,,140.82
5.3,,,,,140.83
5.3,,,,,140.84
5.4,,,,,140.85
5.4,,,,,140.86
5.5,,,,,140.87
5.5,,,,,140.88
5.5,,,,,140.89
5.5,,,,,140.9
5.5,,,,,140.91
5.5,,,,,140.92
5.5,,,,,140.93
5.5,,,,,140.94
5.5,,,,,140.95
5.5,,,,,140.96
5.5,,,,,140.97
5.5,,,,,140.98
5.5,,,,,140.99
5.5,,,,,141
5.6,,,,,141.01
5.6,,,,,141.02
5.6,,,,,141.03
5.6,,,,,141.04
5.6,,,,,141.05
5.7,,,,,141.06
5.7,,,,,141.07
5.7,,,,,141.08
5.8,,,,,141.09
6,,,,,141.1
6.1,,,,,141.11
6.3,,,,,141.12
6.4,,,,,141.13
6.5,,,,,141.14
6.7,,,,,141.15
6.8,,,,,141.16
7,,,,,141.17
7.1,,,,,141.18
7.3,,,,,141.19
7.5,,,,,141.2
7.6,,,,,141.21
7.8,,,,,141.22
8,,,,,141.23
8.2,,,,,141.24
8.4,,,,,141.25
8.5,,,,,141.26
8.7,,,,,141.27
8.9,,,,,141.28
9.2,,,,,141.29
9.5,,,,,141.3
9.8,,,,,141.31
10.1,,,,,141.32
10.4,,,,,141.33
10.7,,,,,141.34
11,,,,,141.35
11.3,,,,,141.36
11.6,,,,,141.37
11.9,,,,,141.38
12,,,,,141.39
12,,,,,141.4
12.1,,,,,141.41
12.2,,,,,141.42
12.2,,,,,141.43
12.3,,,,,141.44
12.4,,,,,141.45
12.5,,,,,141.46
12.5,,,,,141.47
12.6,,,,,141.48
12.4,,,,,141.49
12.2,,,,,141.5
12,,,,,141.51
11.8,,,,,141.52
11.6,,,,,141.53
11.3,,,,,141.54
11.1,,,,,141.55
10.9,,,,,141.56
10.7,,,,,141.57
10.5,,,,,141.58
10.4,,,,,141.59
10.4,,,,,141.6
10.3,,,,,141.61
10.2,,,,,141.62
10.2,,,,,141.63
10.1,,,,,141.64
10,,,,,141.65
9.9,,,,,141.66
9.9,,,,,141.67
9.8,,,,,141.68
9.7,,,,,141.69
9.5,,,,,141.7
9.4,,,,,141.71
9.2,,,,,141.72
9.1,,,,,141.73
9,,,,,141.74
8.8,,,,,141.75
8.7,,,,,141.76
8.5,,,,,141.77
8.4,,,,,141.78
7.9,,,,,141.79
7.5,,,,,141.8
7,,,,,141.81
6.5,,,,,141.82
6.1,,,,,141.83
5.6,,,,,141.84
5.1,,,,,141.85
4.6,,,,,141.86
4.2,,,,,141.87
3.7,,,,,141.88
3.8,,,,,141.89
3.8,,,,,141.9
3.9,,,,,141.91
3.9,,,,,141.92
4,,,,,141.93
4.1,,,,,141.94
4.1,,,,,141.95
4.2,,,,,141.96
4.2,,,,,141.97
4.3,,,,,141.98
4.4,,,,,141.99
4.5,,,,,142
4.7,,,,,142.01
4.8,,,,,142.02
4.9,,,,,142.03
5,,,,,142.04
5.1,,,,,142.05
5.3,,,,,142.06
5.4,,,,,142.07
5.5,,,,,142.08
5.5,,,,,142.09
5.5,,,,,142.1
5.6,,,,,142.11
5.6,,,,,142.12
5.6,,,,,142.13
5.6,,,,,142.14
5.6,,,,,142.15
5.7,,,,,142.16
5.7,,,,,142.17
5.7,,,,,142.18
5.7,,,,,142.19
5.8,,,,,142.2
5.8,,,,,142.21
5.8,,,,,142.22
5.8,,,,,142.23
5.9,,,,,142.24
5.9,,,,,142.25
5.9,,,,,142.26
6,,,,,142.27
6,,,,,142.28
6.2,,,,,142.29
6.5,,,,,142.3
6.7,,,,,142.31
7,,,,,142.32
7.2,,,,,142.33
7.4,,,,,142.34
7.7,,,,,142.35
7.9,,,,,142.36
8.2,,,,,142.37
8.4,,,,,142.38
8.5,,,,,142.39
8.6,,,,,142.4
8.6,,,,,142.41
8.7,,,,,142.42
8.8,,,,,142.43
8.9,,,,,142.44
9,,,,,142.45
9,,,,,142.46
9.1,,,,,142.47
9.2,,,,,142.48
9.9,,,,,142.49
10.7,,,,,142.5
11.4,,,,,142.51
12.1,,,,,142.52
12.9,,,,,142.53
13.6,,,,,142.54
14.3,,,,,142.55
15,,,,,142.56
15.8,,,,,142.57
16.5,,,,,142.58
15.9,,,,,142.59
15.3,,,,,142.6
14.7,,,,,142.61
14.1,,,,,142.62
13.4,,,,,142.63
12.8,,,,,142.64
12.2,,,,,142.65
11.6,,,,,142.66
11,,,,,142.67
10.4,,,,,142.68
9.7,,,,,142.69
8.9,,,,,142.7
8.2,,,,,142.71
7.5,,,,,142.72
6.8,,,,,142.73
6,,,,,142.74
5.3,,,,,142.75
4.6,,,,,142.76
3.8,,,,,142.77
3.1,,,,,142.78
3,,,,,142.79
2.9,,,,,142.8
2.7,,,,,142.81
2.6,,,,,142.82
2.5,,,,,142.83
2.4,,,,,142.84
2.3,,,,,142.85
2.1,,,,,142.86
2,,,,,142.87
1.9,,,,,142.88
1.9,,,,,142.89
1.8,,,,,142.9
1.7,,,,,142.91
1.7,,,,,142.92
1.7,,,,,142.93
1.6,,,,,142.94
1.6,,,,,142.95
1.5,,,,,142.96
1.4,,,,,142.97
1.4,,,,,142.98
1.6,,,,,142.99
1.8,,,,,143
2.1,,,,,143.01
2.3,,,,,143.02
2.5,,,,,143.03
2.7,,,,,143.04
2.9,,,,,143.05
3.2,,,,,143.06
3.4,,,,,143.07
3.6,,,,,143.08
3.8,,,,,143.09
4,,,,,143.1
4.2,,,,,143.11
4.4,,,,,143.12
4.7,,,,,143.13
4.9,,,,,143.14
5.1,,,,,143.15
5.3,,,,,143.16
5.5,,,,,143.17
5.7,,,,,143.18
6,,,,,143.19
6.2,,,,,143.2
6.5,,,,,143.21
6.7,,,,,143.22
7,,,,,143.23
7.3,,,,,143.24
7.5,,,,,143.25
7.8,,,,,143.26
8,,,,,143.27
8.3,,,,,143.28
8.6,,,,,143.29
8.9,,,,,143.3
9.2,,,,,143.31
9.5,,,,,143.32
9.8,,,,,143.33
10.1,,,,,143.34
10.4,,,,,143.35
10.7,,,,,143.36
11,,,,,143.37
11.3,,,,,143.38
11.6,,,,,143.39
11.9,,,,,143.4
12.2,,,,,143.41
12.5,,,,,143.42
12.8,,,,,143.43
13.1,,,,,143.44
13.4,,,,,143.45
13.7,,,,,143.46
14,,,,,143.47
14.3,,,,,143.48
14.9,,,,,143.49
15.5,,,,,143.5
16,,,,,143.51
16.6,,,,,143.52
17.2,,,,,143.53
17.8,,,,,143.54
18.4,,,,,143.55
18.9,,,,,143.56
19.5,,,,,143.57
20.1,,,,,143.58
19.9,,,,,143.59
19.8,,,,,143.6
19.6,,,,,143.61
19.4,,,,,143.62
19.2,,,,,143.63
19.1,,,,,143.64
18.9,,,,,143.65
18.7,,,,,143.66
18.6,,,,,143.67
18.4,,,,,143.68
17.6,,,,,143.69
16.7,,,,,143.7
15.9,,,,,143.71
15.1,,,,,143.72
14.3,,,,,143.73
13.4,,,,,143.74
12.6,,,,,143.75
11.8,,,,,143.76
10.9,,,,,143.77
10.1,,,,,143.78
9.3,,,,,143.79
8.4,,,,,143.8
7.6,,,,,143.81
6.8,,,,,143.82
6,,,,,143.83
5.1,,,,,143.84
4.3,,,,,143.85
3.5,,,,,143.86
2.6,,,,,143.87
1.8,,,,,143.88
2.1,,,,,143.89
2.5,,,,,143.9
2.9,,,,,143.91
3.2,,,,,143.92
3.6,,,,,143.93
3.9,,,,,143.94
4.2,,,,,143.95
4.6,,,,,143.96
5,,,,,143.97
5.3,,,,,143.98
6,,,,,143.99
6.8,,,,,144
7.5,,,,,144.01
8.2,,,,,144.02
9,,,,,144.03
9.7,,,,,144.04
10.4,,,,,144.05
11.1,,,,,144.06
11.9,,,,,144.07
12.6,,,,,144.08
11.9,,,,,144.09
11.1,,,,,144.1
10.4,,,,,144.11
9.6,,,,,144.12
8.9,,,,,144.13
8.2,,,,,144.14
7.4,,,,,144.15
6.7,,,,,144.16
5.9,,,,,144.17
5.2,,,,,144.18
4.8,,,,,144.19
4.4,,,,,144.2
4,,,,,144.21
3.6,,,,,144.22
3.2,,,,,144.23
2.7,,,,,144.24
2.3,,,,,144.25
1.9,,,,,144.26
1.5,,,,,144.27
1.1,,,,,144.28
1,,,,,144.29
0.9,,,,,144.3
0.8,,,,,144.31
0.7,,,,,144.32
0.6,,,,,144.33
0.5,,,,,144.34
0.4,,,,,144.35
0.3,,,,,144.36
0.2,,,,,144.37
0.1,,,,,144.38
0.1,,,,,144.39
0.1,,,,,144.4
0.1,,,,,144.41
0.1,,,,,144.42
0.1,,,,,144.43
0,,,,,144.44
0,,,,,144.45
0,,,,,144.46
0,,,,,144.47
0,,,,,144.48
0,,,,,144.49
0,,,,,144.5
0,,,,,144.51
0,,,,,144.52
0,,,,,144.53
0,,,,,144.54
0,,,,,144.55
0,,,,,144.56
0,,,,,144.57
0,,,,,144.58
0,,,,,144.59
0,,,,,144.6
0,,,,,144.61
0,,,,,144.62
0,,,,,144.63
0,,,,,144.64
0,,,,,144.65
0,,,,,144.66
0,,,,,144.67
0,,,,,144.68
0,,,,,144.69
0,,,,,144.7
0,,,,,144.71
0,,,,,144.72
0,,,,,144.73
0,,,,,144.74
0,,,,,144.75
0,,,,,144.76
0,,,,,144.77
0,,,,,144.78
0,,,,,144.79
0,,,,,144.8
0,,,,,144.81
0,,,,,144.82
0,,,,,144.83
0,,,,,144.84
0,,,,,144.85
0,,,,,144.86
0,,,,,144.87
0,,,,,144.88
0,,,,,144.89
0,,,,,144.9
0,,,,,144.91
0,,,,,144.92
0,,,,,144.93
0,,,,,144.94
0,,,,,144.95
0,,,,,144.96
0,,,,,144.97
0,,,,,144.98
0,,,,,144.99
0,,,,,145
0,,,,,145.01
0,,,,,145.02
0,,,,,145.03
0,,,,,145.04
0,,,,,145.05
0,,,,,145.06
0,,,,,145.07
0,,,,,145.08
0,,,,,145.09
0,,,,,145.1
0,,,,,145.11
0,,,,,145.12
0,,,,,145.13
0,,,,,145.14
0,,,,,145.15
0,,,,,145.16
0,,,,,145.17
0,,,,,145.18
0,,,,,145.19
0,,,,,145.2
0,,,,,145.21
0,,,,,145.22
0.1,,,,,145.23
0.1,,,,,145.24
0.1,,,,,145.25
0.1,,,,,145.26
0.1,,,,,145.27
0.1,,,,,145.28
0.4,,,,,145.29
0.6,,,,,145.3
0.9,,,,,145.31
1.2,,,,,145.32
1.5,,,,,145.33
1.7,,,,,145.34
2,,,,,145.35
2.3,,,,,145.36
2.5,,,,,145.37
2.8,,,,,145.38
2.9,,,,,145.39
3,,,,,145.4
3.1,,,,,145.41
3.2,,,,,145.42
3.2,,,,,145.43
3.3,,,,,145.44
3.4,,,,,145.45
3.5,,,,,145.46
3.6,,,,,145.47
3.7,,,,,145.48
4.6,,,,,145.49
5.6,,,,,145.5
6.5,,,,,145.51
7.5,,,,,145.52
8.4,,,,,145.53
9.3,,,,,145.54
10.3,,,,,145.55
11.2,,,,,145.56
12.2,,,,,145.57
13.1,,,,,145.58
13.2,,,,,145.59
13.3,,,,,145.6
13.4,,,,,145.61
13.5,,,,,145.62
13.6,,,,,145.63
13.6,,,,,145.64
13.7,,,,,145.65
13.8,,,,,145.66
13.9,,,,,145.67
14,,,,,145.68
13.9,,,,,145.69
13.8,,,,,145.7
13.6,,,,,145.71
13.5,,,,,145.72
13.4,,,,,145.73
13.3,,,,,145.74
13.2,,,,,145.75
13,,,,,145.76
12.9,,,,,145.77
12.8,,,,,145.78
12.4,,,,,145.79
11.9,,,,,145.8
11.5,,,,,145.81
11,,,,,145.82
10.6,,,,,145.83
10.2,,,,,145.84
9.7,,,,,145.85
9.3,,,,,145.86
8.8,,,,,145.87
8.4,,,,,145.88
8.3,,,,,145.89
8.1,,,,,145.9
8,,,,,145.91
7.9,,,,,145.92
7.8,,,,,145.93
7.6,,,,,145.94
7.5,,,,,145.95
7.4,,,,,145.96
7.2,,,,,145.97
7.1,,,,,145.98
6.6,,,,,145.99
6.2,,,,,146
5.7,,,,,146.01
5.2,,,,,146.02
4.8,,,,,146.03
4.3,,,,,146.04
3.8,,,,,146.05
3.3,,,,,146.06
2.9,,,,,146.07
2.4,,,,,146.08
2.2,,,,,146.09
1.9,,,,,146.1
1.7,,,,,146.11
1.4,,,,,146.12
1.2,,,,,146.13
1,,,,,146.14
0.7,,,,,146.15
0.5,,,,,146.16
0.2,,,,,146.17
0,,,,,146.18
0,,,,,146.19
0,,,,,146.2
0,,,,,146.21
0,,,,,146.22
0,,,,,146.23
0,,,,,146.24
0,,,,,146.25
0,,,,,146.26
0,,,,,146.27
0,,,,,146.28
0.2,,,,,146.29
0.3,,,,,146.3
0.5,,,,,146.31
0.6,,,,,146.32
0.8,,,,,146.33
1,,,,,146.34
1.1,,,,,146.35
1.3,,,,,146.36
1.4,,,,,146.37
1.6,,,,,146.38
1.7,,,,,146.39
1.9,,,,,146.4
2.1,,,,,146.41
2.2,,,,,146.42
2.4,,,,,146.43
2.5,,,,,146.44
2.6,,,,,146.45
2.8,,,,,146.46
3,,,,,146.47
3.1,,,,,146.48
3.3,,,,,146.49
3.4,,,,,146.5
3.6,,,,,146.51
3.8,,,,,146.52
4,,,,,146.53
4.1,,,,,146.54
4.3,,,,,146.55
4.5,,,,,146.56
4.6,,,,,146.57
4.8,,,,,146.58
5,,,,,146.59
5.1,,,,,146.6
5.3,,,,,146.61
5.5,,,,,146.62
5.7,,,,,146.63
5.8,,,,,146.64
6,,,,,146.65
6.2,,,,,146.66
6.3,,,,,146.67
6.5,,,,,146.68
6.6,,,,,146.69
6.7,,,,,146.7
6.9,,,,,146.71
7,,,,,146.72
7.1,,,,,146.73
7.2,,,,,146.74
7.3,,,,,146.75
7.5,,,,,146.76
7.6,,,,,146.77
7.7,,,,,146.78
7.6,,,,,146.79
7.5,,,,,146.8
7.4,,,,,146.81
7.3,,,,,146.82
7.2,,,,,146.83
7,,,,,146.84
6.9,,,,,146.85
6.8,,,,,146.86
6.7,,,,,146.87
6.6,,,,,146.88
6.5,,,,,146.89
6.5,,,,,146.9
6.4,,,,,146.91
6.3,,,,,146.92
6.2,,,,,146.93
6.2,,,,,146.94
6.1,,,,,146.95
6,,,,,146.96
6,,,,,146.97
5.9,,,,,146.98
5.9,,,,,146.99
5.8,,,,,147
5.8,,,,,147.01
5.7,,,,,147.02
5.7,,,,,147.03
5.7,,,,,147.04
5.6,,,,,147.05
5.6,,,,,147.06
5.5,,,,,147.07
5.5,,,,,147.08
5.5,,,,,147.09
5.5,,,,,147.1
5.6,,,,,147.11
5.6,,,,,147.12
5.6,,,,,147.13
5.6,,,,,147.14
5.6,,,,,147.15
5.7,,,,,147.16
5.7,,,,,147.17
5.7,,,,,147.18
5.7,,,,,147.19
5.7,,,,,147.2
5.6,,,,,147.21
5.6,,,,,147.22
5.6,,,,,147.23
5.6,,,,,147.24
5.6,,,,,147.25
5.5,,,,,147.26
5.5,,,,,147.27
5.5,,,,,147.28
5.8,,,,,147.29
6.1,,,,,147.3
6.5,,,,,147.31
6.8,,,,,147.32
7.1,,,,,147.33
7.4,,,,,147.34
7.7,,,,,147.35
8.1,,,,,147.36
8.4,,,,,147.37
8.7,,,,,147.38
9.9,,,,,147.39
11.1,,,,,147.4
12.3,,,,,147.41
13.5,,,,,147.42
14.8,,,,,147.43
16,,,,,147.44
17.2,,,,,147.45
18.4,,,,,147.46
19.6,,,,,147.47
20.8,,,,,147.48
21.1,,,,,147.49
21.4,,,,,147.5
21.7,,,,,147.51
22,,,,,147.52
22.2,,,,,147.53
22.5,,,,,147.54
22.8,,,,,147.55
23.1,,,,,147.56
23.4,,,,,147.57
23.7,,,,,147.58
24.9,,,,,147.59
26,,,,,147.6
27.2,,,,,147.61
28.4,,,,,147.62
29.6,,,,,147.63
30.7,,,,,147.64
31.9,,,,,147.65
33.1,,,,,147.66
34.2,,,,,147.67
35.4,,,,,147.68
36.4,,,,,147.69
37.4,,,,,147.7
38.3,,,,,147.71
39.3,,,,,147.72
40.3,,,,,147.73
41.3,,,,,147.74
42.3,,,,,147.75
43.2,,,,,147.76
44.2,,,,,147.77
45.2,,,,,147.78
44.2,,,,,147.79
43.2,,,,,147.8
42.1,,,,,147.81
41.1,,,,,147.82
40.1,,,,,147.83
39.1,,,,,147.84
38.1,,,,,147.85
37,,,,,147.86
36,,,,,147.87
35,,,,,147.88
34.5,,,,,147.89
34.1,,,,,147.9
33.6,,,,,147.91
33.2,,,,,147.92
32.7,,,,,147.93
32.2,,,,,147.94
31.8,,,,,147.95
31.3,,,,,147.96
30.9,,,,,147.97
30.4,,,,,147.98
31,,,,,147.99
31.7,,,,,148
32.3,,,,,148.01
33,,,,,148.02
33.6,,,,,148.03
34.3,,,,,148.04
34.9,,,,,148.05
35.6,,,,,148.06
36.2,,,,,148.07
36.9,,,,,148.08
38,,,,,148.09
39.1,,,,,148.1
40.2,,,,,148.11
41.3,,,,,148.12
42.5,,,,,148.13
43.6,,,,,148.14
44.7,,,,,148.15
45.8,,,,,148.16
46.9,,,,,148.17
48,,,,,148.18
49,,,,,148.19
49.9,,,,,148.2
50.9,,,,,148.21
51.9,,,,,148.22
52.9,,,,,148.23
53.8,,,,,148.24
54.8,,,,,148.25
55.8,,,,,148.26
56.7,,,,,148.27
57.7,,,,,148.28
57.9,,,,,148.29
58.1,,,,,148.3
58.4,,,,,148.31
58.6,,,,,148.32
58.8,,,,,148.33
59,,,,,148.34
59.2,,,,,148.35
59.5,,,,,148.36
59.7,,,,,148.37
59.9,,,,,148.38
60,,,,,148.39
60.2,,,,,148.4
60.3,,,,,148.41
60.5,,,,,148.42
60.6,,,,,148.43
60.7,,,,,148.44
60.9,,,,,148.45
61,,,,,148.46
61.2,,,,,148.47
61.3,,,,,148.48
61.4,,,,,148.49
61.4,,,,,148.5
61.5,,,,,148.51
61.5,,,,,148.52
61.6,,,,,148.53
61.7,,,,,148.54
61.7,,,,,148.55
61.8,,,,,148.56
61.8,,,,,148.57
61.9,,,,,148.58
62.3,,,,,148.59
62.8,,,,,148.6
63.2,,,,,148.61
63.6,,,,,148.62
64.1,,,,,148.63
64.5,,,,,148.64
64.9,,,,,148.65
65.3,,,,,148.66
65.8,,,,,148.67
66.2,,,,,148.68
66.1,,,,,148.69
65.9,,,,,148.7
65.8,,,,,148.71
65.6,,,,,148.72
65.5,,,,,148.73
65.4,,,,,148.74
65.2,,,,,148.75
65.1,,,,,148.76
64.9,,,,,148.77
64.8,,,,,148.78
64.4,,,,,148.79
64,,,,,148.8
63.6,,,,,148.81
63.2,,,,,148.82
62.8,,,,,148.83
62.3,,,,,148.84
61.9,,,,,148.85
61.5,,,,,148.86
61.1,,,,,148.87
60.7,,,,,148.88
60.5,,,,,148.89
60.3,,,,,148.9
60.1,,,,,148.91
59.9,,,,,148.92
59.7,,,,,148.93
59.5,,,,,148.94
59.3,,,,,148.95
59.1,,,,,148.96
58.9,,,,,148.97
58.7,,,,,148.98
58.2,,,,,148.99
57.7,,,,,149
57.2,,,,,149.01
56.7,,,,,149.02
56.2,,,,,149.03
55.7,,,,,149.04
55.2,,,,,149.05
54.7,,,,,149.06
54.2,,,,,149.07
53.7,,,,,149.08
53.6,,,,,149.09
53.6,,,,,149.1
53.5,,,,,149.11
53.4,,,,,149.12
53.4,,,,,149.13
53.3,,,,,149.14
53.2,,,,,149.15
53.1,,,,,149.16
53.1,,,,,149.17
53,,,,,149.18
53.7,,,,,149.19
54.4,,,,,149.2
55.2,,,,,149.21
55.9,,,,,149.22
56.6,,,,,149.23
57.3,,,,,149.24
58,,,,,149.25
58.8,,,,,149.26
59.5,,,,,149.27
60.2,,,,,149.28
60,,,,,149.29
59.7,,,,,149.3
59.5,,,,,149.31
59.2,,,,,149.32
59,,,,,149.33
58.8,,,,,149.34
58.5,,,,,149.35
58.3,,,,,149.36
58,,,,,149.37
57.8,,,,,149.38
57,,,,,149.39
56.1,,,,,149.4
55.2,,,,,149.41
54.4,,,,,149.42
53.6,,,,,149.43
52.7,,,,,149.44
51.9,,,,,149.45
51,,,,,149.46
50.1,,,,,149.47
49.3,,,,,149.48
49.2,,,,,149.49
49.2,,,,,149.5
49.1,,,,,149.51
49.1,,,,,149.52
49,,,,,149.53
48.9,,,,,149.54
48.9,,,,,149.55
48.8,,,,,149.56
48.8,,,,,149.57
48.7,,,,,149.58
49.7,,,,,149.59
50.7,,,,,149.6
51.7,,,,,149.61
52.7,,,,,149.62
53.7,,,,,149.63
54.7,,,,,149.64
55.7,,,,,149.65
56.7,,,,,149.66
57.7,,,,,149.67
58.7,,,,,149.68
59.4,,,,,149.69
60.1,,,,,149.7
60.9,,,,,149.71
61.6,,,,,149.72
62.3,,,,,149.73
63,,,,,149.74
63.7,,,,,149.75
64.5,,,,,149.76
65.2,,,,,149.77
65.9,,,,,149.78
62.5,,,,,149.79
59.1,,,,,149.8
55.7,,,,,149.81
52.3,,,,,149.82
48.9,,,,,149.83
45.5,,,,,149.84
42.1,,,,,149.85
38.7,,,,,149.86
35.3,,,,,149.87
31.9,,,,,149.88
28.7,,,,,149.89
25.5,,,,,149.9
22.3,,,,,149.91
19.1,,,,,149.92
16,,,,,149.93
12.8,,,,,149.94
9.6,,,,,149.95
6.4,,,,,149.96
3.2,,,,,149.97
0,,,,,149.98
0,,,,,149.99
0,,,,,150
0,,,,,150.01
0,,,,,150.02
0,,,,,150.03
0,,,,,150.04
0,,,,,150.05
0,,,,,150.06
0,,,,,150.07
0,,,,,150.08
0,,,,,150.09
0,,,,,150.1
0,,,,,150.11
0,,,,,150.12
0,,,,,150.13
0,,,,,150.14
0,,,,,150.15
0,,,,,150.16
0,,,,,150.17
0,,,,,150.18
0,,,,,150.19
0,,,,,150.2
0,,,,,150.21
0,,,,,150.22
0,,,,,150.23
0,,,,,150.24
0,,,,,150.25
0,,,,,150.26
0,,,,,150.27
0,,,,,150.28
0,,,,,150.29
0,,,,,150.3
0,,,,,150.31
0,,,,,150.32
0,,,,,150.33
0,,,,,150.34
0,,,,,150.35
0,,,,,150.36
0,,,,,150.37
0,,,,,150.38
0,,,,,150.39
0,,,,,150.4
0,,,,,150.41
0,,,,,150.42
0,,,,,150.43
0,,,,,150.44
0,,,,,150.45
0,,,,,150.46
0,,,,,150.47
0,,,,,150.48
0,,,,,150.49
0,,,,,150.5
0,,,,,150.51
0,,,,,150.52
0,,,,,150.53
0,,,,,150.54
0,,,,,150.55
0,,,,,150.56
0,,,,,150.57
0,,,,,150.58
0,,,,,150.59
0,,,,,150.6
0,,,,,150.61
0,,,,,150.62
0,,,,,150.63
0,,,,,150.64
0,,,,,150.65
0,,,,,150.66
0,,,,,150.67
0,,,,,150.68
0,,,,,150.69
0,,,,,150.7
0,,,,,150.71
0,,,,,150.72
0,,,,,150.73
0,,,,,150.74
0,,,,,150.75
0,,,,,150.76
0,,,,,150.77
0,,,,,150.78
0,,,,,150.79
0,,,,,150.8
0,,,,,150.81
0,,,,,150.82
0,,,,,150.83
0,,,,,150.84
0,,,,,150.85
0,,,,,150.86
0,,,,,150.87
0,,,,,150.88
0,,,,,150.89
0,,,,,150.9
0,,,,,150.91
0,,,,,150.92
0,,,,,150.93
0,,,,,150.94
0,,,,,150.95
0,,,,,150.96
0,,,,,150.97
0,,,,,150.98
0,,,,,150.99
0,,,,,151
0,,,,,151.01
0,,,,,151.02
0,,,,,151.03
0,,,,,151.04
0,,,,,151.05
0,,,,,151.06
0,,,,,151.07
0,,,,,151.08
0,,,,,151.09
0,,,,,151.1
0,,,,,151.11
0,,,,,151.12
0,,,,,151.13
0,,,,,151.14
0,,,,,151.15
0,,,,,151.16
0,,,,,151.17
0,,,,,151.18
0,,,,,151.19
0,,,,,151.2
0,,,,,151.21
0,,,,,151.22
0,,,,,151.23
0,,,,,151.24
0,,,,,151.25
0,,,,,151.26
0,,,,,151.27
0,,,,,151.28
0,,,,,151.29
0,,,,,151.3
0,,,,,151.31
0,,,,,151.32
0,,,,,151.33
0,,,,,151.34
0,,,,,151.35
0,,,,,151.36
0,,,,,151.37
0,,,,,151.38
0,,,,,151.39
0,,,,,151.4
0,,,,,151.41
0,,,,,151.42
0,,,,,151.43
0,,,,,151.44
0,,,,,151.45
0,,,,,151.46
0,,,,,151.47
0,,,,,151.48
0,,,,,151.49
0,,,,,151.5
0,,,,,151.51
0,,,,,151.52
0,,,,,151.53
0,,,,,151.54
0,,,,,151.55
0,,,,,151.56
0,,,,,151.57
0,,,,,151.58
0,,,,,151.59
0,,,,,151.6
0,,,,,151.61
0,,,,,151.62
0,,,,,151.63
0,,,,,151.64
0,,,,,151.65
0,,,,,151.66
0,,,,,151.67
0,,,,,151.68
0,,,,,151.69
0,,,,,151.7
0,,,,,151.71
0,,,,,151.72
0,,,,,151.73
0,,,,,151.74
0,,,,,151.75
0,,,,,151.76
0,,,,,151.77
0,,,,,151.78
0,,,,,151.79
0,,,,,151.8
0,,,,,151.81
0,,,,,151.82
0,,,,,151.83
0,,,,,151.84
0,,,,,151.85
0,,,,,151.86
0,,,,,151.87
0,,,,,151.88
0,,,,,151.89
0,,,,,151.9
0,,,,,151.91
0,,,,,151.92
0,,,,,151.93
0,,,,,151.94
0,,,,,151.95
0,,,,,151.96
0,,,,,151.97
0,,,,,151.98
0,,,,,151.99
0,,,,,152
0,,,,,152.01
0,,,,,152.02
0,,,,,152.03
0,,,,,152.04
0,,,,,152.05
0,,,,,152.06
0,,,,,152.07
0,,,,,152.08
0,,,,,152.09
0.1,,,,,152.1
0.1,,,,,152.11
0.1,,,,,152.12
0.2,,,,,152.13
0.2,,,,,152.14
0.2,,,,,152.15
0.2,,,,,152.16
0.3,,,,,152.17
0.3,,,,,152.18
0.3,,,,,152.19
0.2,,,,,152.2
0.2,,,,,152.21
0.2,,,,,152.22
0.2,,,,,152.23
0.1,,,,,152.24
0.1,,,,,152.25
0.1,,,,,152.26
0,,,,,152.27
0,,,,,152.28
0,,,,,152.29
0,,,,,152.3
0,,,,,152.31
0,,,,,152.32
0,,,,,152.33
0,,,,,152.34
0,,,,,152.35
0,,,,,152.36
0,,,,,152.37
0,,,,,152.38
0.4,,,,,152.39
0.8,,,,,152.4
1.2,,,,,152.41
1.6,,,,,152.42
2,,,,,152.43
2.3,,,,,152.44
2.7,,,,,152.45
3.1,,,,,152.46
3.5,,,,,152.47
3.9,,,,,152.48
4.2,,,,,152.49
4.4,,,,,152.5
4.7,,,,,152.51
5,,,,,152.52
5.2,,,,,152.53
5.5,,,,,152.54
5.8,,,,,152.55
6.1,,,,,152.56
6.3,,,,,152.57
6.6,,,,,152.58
6.4,,,,,152.59
6.2,,,,,152.6
6.1,,,,,152.61
5.9,,,,,152.62
5.7,,,,,152.63
5.5,,,,,152.64
5.3,,,,,152.65
5.2,,,,,152.66
5,,,,,152.67
4.8,,,,,152.68
5,,,,,152.69
5.2,,,,,152.7
5.4,,,,,152.71
5.6,,,,,152.72
5.9,,,,,152.73
6.1,,,,,152.74
6.3,,,,,152.75
6.5,,,,,152.76
6.7,,,,,152.77
6.9,,,,,152.78
7.6,,,,,152.79
8.2,,,,,152.8
8.9,,,,,152.81
9.6,,,,,152.82
10.2,,,,,152.83
10.9,,,,,152.84
11.6,,,,,152.85
12.3,,,,,152.86
12.9,,,,,152.87
13.6,,,,,152.88
13.9,,,,,152.89
14.3,,,,,152.9
14.6,,,,,152.91
15,,,,,152.92
15.3,,,,,152.93
15.6,,,,,152.94
16,,,,,152.95
16.3,,,,,152.96
16.7,,,,,152.97
17,,,,,152.98
17.2,,,,,152.99
17.3,,,,,153
17.5,,,,,153.01
17.7,,,,,153.02
17.9,,,,,153.03
18,,,,,153.04
18.2,,,,,153.05
18.4,,,,,153.06
18.5,,,,,153.07
18.7,,,,,153.08
18.2,,,,,153.09
17.7,,,,,153.1
17.2,,,,,153.11
16.7,,,,,153.12
16.1,,,,,153.13
15.6,,,,,153.14
15.1,,,,,153.15
14.6,,,,,153.16
14.1,,,,,153.17
13.6,,,,,153.18
13.3,,,,,153.19
12.9,,,,,153.2
12.6,,,,,153.21
12.3,,,,,153.22
12,,,,,153.23
11.6,,,,,153.24
11.3,,,,,153.25
11,,,,,153.26
10.6,,,,,153.27
10.3,,,,,153.28
10.3,,,,,153.29
10.3,,,,,153.3
10.3,,,,,153.31
10.3,,,,,153.32
10.3,,,,,153.33
10.3,,,,,153.34
10.3,,,,,153.35
10.3,,,,,153.36
10.3,,,,,153.37
10.3,,,,,153.38
10.7,,,,,153.39
11,,,,,153.4
11.4,,,,,153.41
11.7,,,,,153.42
12.1,,,,,153.43
12.5,,,,,153.44
12.8,,,,,153.45
13.2,,,,,153.46
13.5,,,,,153.47
13.9,,,,,153.48
14.7,,,,,153.49
15.6,,,,,153.5
16.4,,,,,153.51
17.3,,,,,153.52
18.2,,,,,153.53
19,,,,,153.54
19.8,,,,,153.55
20.7,,,,,153.56
21.5,,,,,153.57
22.4,,,,,153.58
21.9,,,,,153.59
21.4,,,,,153.6
20.9,,,,,153.61
20.4,,,,,153.62
19.9,,,,,153.63
19.4,,,,,153.64
18.9,,,,,153.65
18.4,,,,,153.66
17.9,,,,,153.67
17.4,,,,,153.68
17,,,,,153.69
16.5,,,,,153.7
16.1,,,,,153.71
15.7,,,,,153.72
15.3,,,,,153.73
14.8,,,,,153.74
14.4,,,,,153.75
14,,,,,153.76
13.5,,,,,153.77
13.1,,,,,153.78
12.8,,,,,153.79
12.6,,,,,153.8
12.3,,,,,153.81
12.1,,,,,153.82
11.9,,,,,153.83
11.6,,,,,153.84
11.3,,,,,153.85
11.1,,,,,153.86
10.8,,,,,153.87
10.6,,,,,153.88
11.1,,,,,153.89
11.7,,,,,153.9
12.2,,,,,153.91
12.7,,,,,153.92
13.2,,,,,153.93
13.8,,,,,153.94
14.3,,,,,153.95
14.8,,,,,153.96
15.4,,,,,153.97
15.9,,,,,153.98
17.1,,,,,153.99
18.3,,,,,154
19.4,,,,,154.01
20.6,,,,,154.02
21.8,,,,,154.03
23,,,,,154.04
24.2,,,,,154.05
25.3,,,,,154.06
26.5,,,,,154.07
27.7,,,,,154.08
27.5,,,,,154.09
27.4,,,,,154.1
27.2,,,,,154.11
27,,,,,154.12
26.9,,,,,154.13
26.7,,,,,154.14
26.5,,,,,154.15
26.3,,,,,154.16
26.2,,,,,154.17
26,,,,,154.18
26,,,,,154.19
25.9,,,,,154.2
25.9,,,,,154.21
25.9,,,,,154.22
25.9,,,,,154.23
25.8,,,,,154.24
25.8,,,,,154.25
25.8,,,,,154.26
25.7,,,,,154.27
25.7,,,,,154.28
25.1,,,,,154.29
24.6,,,,,154.3
24,,,,,154.31
23.5,,,,,154.32
22.9,,,,,154.33
22.3,,,,,154.34
21.8,,,,,154.35
21.2,,,,,154.36
20.7,,,,,154.37
20.1,,,,,154.38
19.9,,,,,154.39
19.7,,,,,154.4
19.6,,,,,154.41
19.4,,,,,154.42
19.2,,,,,154.43
19,,,,,154.44
18.8,,,,,154.45
18.7,,,,,154.46
18.5,,,,,154.47
18.3,,,,,154.48
19,,,,,154.49
19.7,,,,,154.5
20.4,,,,,154.51
21.1,,,,,154.52
21.9,,,,,154.53
22.6,,,,,154.54
23.3,,,,,154.55
24,,,,,154.56
24.7,,,,,154.57
25.4,,,,,154.58
25.6,,,,,154.59
25.7,,,,,154.6
25.9,,,,,154.61
26,,,,,154.62
26.2,,,,,154.63
26.3,,,,,154.64
26.5,,,,,154.65
26.6,,,,,154.66
26.8,,,,,154.67
26.9,,,,,154.68
27.1,,,,,154.69
27.3,,,,,154.7
27.4,,,,,154.71
27.6,,,,,154.72
27.8,,,,,154.73
28,,,,,154.74
28.2,,,,,154.75
28.3,,,,,154.76
28.5,,,,,154.77
28.7,,,,,154.78
29.1,,,,,154.79
29.5,,,,,154.8
29.9,,,,,154.81
30.3,,,,,154.82
30.7,,,,,154.83
31,,,,,154.84
31.4,,,,,154.85
31.8,,,,,154.86
32.2,,,,,154.87
32.6,,,,,154.88
32.8,,,,,154.89
33,,,,,154.9
33.2,,,,,154.91
33.4,,,,,154.92
33.5,,,,,154.93
33.7,,,,,154.94
33.9,,,,,154.95
34.1,,,,,154.96
34.3,,,,,154.97
34.5,,,,,154.98
34.9,,,,,154.99
35.2,,,,,155
35.6,,,,,155.01
35.9,,,,,155.02
36.3,,,,,155.03
36.7,,,,,155.04
37,,,,,155.05
37.4,,,,,155.06
37.7,,,,,155.07
38.1,,,,,155.08
38.1,,,,,155.09
38.1,,,,,155.1
38.1,,,,,155.11
38.1,,,,,155.12
38.1,,,,,155.13
38.1,,,,,155.14
38.1,,,,,155.15
38.1,,,,,155.16
38.1,,,,,155.17
38.1,,,,,155.18
38.1,,,,,155.19
38,,,,,155.2
38,,,,,155.21
38,,,,,155.22
38,,,,,155.23
37.9,,,,,155.24
37.9,,,,,155.25
37.9,,,,,155.26
37.8,,,,,155.27
37.8,,,,,155.28
37.9,,,,,155.29
38,,,,,155.3
38.1,,,,,155.31
38.2,,,,,155.32
38.4,,,,,155.33
38.5,,,,,155.34
38.6,,,,,155.35
38.7,,,,,155.36
38.8,,,,,155.37
38.9,,,,,155.38
39.7,,,,,155.39
40.4,,,,,155.4
41.2,,,,,155.41
42,,,,,155.42
42.8,,,,,155.43
43.5,,,,,155.44
44.3,,,,,155.45
45.1,,,,,155.46
45.8,,,,,155.47
46.6,,,,,155.48
46.8,,,,,155.49
46.9,,,,,155.5
47.1,,,,,155.51
47.3,,,,,155.52
47.5,,,,,155.53
47.6,,,,,155.54
47.8,,,,,155.55
48,,,,,155.56
48.1,,,,,155.57
48.3,,,,,155.58
48.3,,,,,155.59
48.4,,,,,155.6
48.4,,,,,155.61
48.5,,,,,155.62
48.5,,,,,155.63
48.5,,,,,155.64
48.6,,,,,155.65
48.6,,,,,155.66
48.7,,,,,155.67
48.7,,,,,155.68
48.7,,,,,155.69
48.8,,,,,155.7
48.8,,,,,155.71
48.9,,,,,155.72
49,,,,,155.73
49,,,,,155.74
49,,,,,155.75
49.1,,,,,155.76
49.1,,,,,155.77
49.2,,,,,155.78
48.8,,,,,155.79
48.4,,,,,155.8
48.1,,,,,155.81
47.7,,,,,155.82
47.3,,,,,155.83
46.9,,,,,155.84
46.5,,,,,155.85
46.2,,,,,155.86
45.8,,,,,155.87
45.4,,,,,155.88
45.5,,,,,155.89
45.5,,,,,155.9
45.6,,,,,155.91
45.6,,,,,155.92
45.7,,,,,155.93
45.8,,,,,155.94
45.8,,,,,155.95
45.9,,,,,155.96
45.9,,,,,155.97
46,,,,,155.98
46.5,,,,,155.99
47.1,,,,,156
47.6,,,,,156.01
48.1,,,,,156.02
48.7,,,,,156.03
49.2,,,,,156.04
49.7,,,,,156.05
50.2,,,,,156.06
50.8,,,,,156.07
51.3,,,,,156.08
52.2,,,,,156.09
53,,,,,156.1
53.9,,,,,156.11
54.7,,,,,156.12
55.6,,,,,156.13
56.5,,,,,156.14
57.3,,,,,156.15
58.2,,,,,156.16
59,,,,,156.17
59.9,,,,,156.18
59,,,,,156.19
58.1,,,,,156.2
57.2,,,,,156.21
56.3,,,,,156.22
55.5,,,,,156.23
54.6,,,,,156.24
53.7,,,,,156.25
52.8,,,,,156.26
51.9,,,,,156.27
51,,,,,156.28
51.6,,,,,156.29
52.1,,,,,156.3
52.7,,,,,156.31
53.2,,,,,156.32
53.8,,,,,156.33
54.3,,,,,156.34
54.9,,,,,156.35
55.4,,,,,156.36
56,,,,,156.37
56.5,,,,,156.38
57.3,,,,,156.39
58.2,,,,,156.4
59.1,,,,,156.41
59.9,,,,,156.42
60.8,,,,,156.43
61.6,,,,,156.44
62.4,,,,,156.45
63.3,,,,,156.46
64.2,,,,,156.47
65,,,,,156.48
66,,,,,156.49
67.1,,,,,156.5
68.1,,,,,156.51
69.1,,,,,156.52
70.2,,,,,156.53
71.2,,,,,156.54
72.2,,,,,156.55
73.2,,,,,156.56
74.3,,,,,156.57
75.3,,,,,156.58
73.7,,,,,156.59
72.1,,,,,156.6
70.5,,,,,156.61
68.9,,,,,156.62
67.2,,,,,156.63
65.6,,,,,156.64
64,,,,,156.65
62.4,,,,,156.66
60.8,,,,,156.67
59.2,,,,,156.68
57.4,,,,,156.69
55.6,,,,,156.7
53.9,,,,,156.71
52.1,,,,,156.72
50.3,,,,,156.73
48.5,,,,,156.74
46.7,,,,,156.75
45,,,,,156.76
43.2,,,,,156.77
41.4,,,,,156.78
41,,,,,156.79
40.6,,,,,156.8
40.2,,,,,156.81
39.8,,,,,156.82
39.4,,,,,156.83
38.9,,,,,156.84
38.5,,,,,156.85
38.1,,,,,156.86
37.7,,,,,156.87
37.3,,,,,156.88
37.2,,,,,156.89
37,,,,,156.9
36.9,,,,,156.91
36.8,,,,,156.92
36.7,,,,,156.93
36.5,,,,,156.94
36.4,,,,,156.95
36.3,,,,,156.96
36.1,,,,,156.97
36,,,,,156.98
32.4,,,,,156.99
28.8,,,,,157
25.2,,,,,157.01
21.6,,,,,157.02
18,,,,,157.03
14.4,,,,,157.04
10.8,,,,,157.05
7.2,,,,,157.06
3.6,,,,,157.07
0,,,,,157.08
0,,,,,157.09
0,,,,,157.1
0,,,,,157.11
0,,,,,157.12
0,,,,,157.13
0,,,,,157.14
0,,,,,157.15
0,,,,,157.16
0,,,,,157.17
0,,,,,157.18
0,,,,,157.19
0,,,,,157.2
0,,,,,157.21
0,,,,,157.22
0,,,,,157.23
0,,,,,157.24
0,,,,,157.25
0,,,,,157.26
0,,,,,157.27
0,,,,,157.28
0,,,,,157.29
0,,,,,157.3
0,,,,,157.31
0,,,,,157.32
0,,,,,157.33
0,,,,,157.34
0,,,,,157.35
0,,,,,157.36
0,,,,,157.37
0,,,,,157.38
0,,,,,157.39
0,,,,,157.4
0,,,,,157.41
0,,,,,157.42
0,,,,,157.43
0,,,,,157.44
0,,,,,157.45
0,,,,,157.46
0,,,,,157.47
0,,,,,157.48
0.2,,,,,157.49
0.3,,,,,157.5
0.5,,,,,157.51
0.6,,,,,157.52
0.8,,,,,157.53
1,,,,,157.54
1.1,,,,,157.55
1.3,,,,,157.56
1.4,,,,,157.57
1.6,,,,,157.58
1.7,,,,,157.59
1.8,,,,,157.6
2,,,,,157.61
2.1,,,,,157.62
2.2,,,,,157.63
2.3,,,,,157.64
2.4,,,,,157.65
2.6,,,,,157.66
2.7,,,,,157.67
2.8,,,,,157.68
2.8,,,,,157.69
2.8,,,,,157.7
2.8,,,,,157.71
2.8,,,,,157.72
2.8,,,,,157.73
2.8,,,,,157.74
2.8,,,,,157.75
2.8,,,,,157.76
2.8,,,,,157.77
2.8,,,,,157.78
2.5,,,,,157.79
2.2,,,,,157.8
2,,,,,157.81
1.7,,,,,157.82
1.4,,,,,157.83
1.1,,,,,157.84
0.8,,,,,157.85
0.6,,,,,157.86
0.3,,,,,157.87
0,,,,,157.88
0,,,,,157.89
0,,,,,157.9
0,,,,,157.91
0,,,,,157.92
0,,,,,157.93
0,,,,,157.94
0,,,,,157.95
0,,,,,157.96
0,,,,,157.97
0,,,,,157.98
0.1,,,,,157.99
0.2,,,,,158
0.3,,,,,158.01
0.4,,,,,158.02
0.5,,,,,158.03
0.6,,,,,158.04
0.7,,,,,158.05
0.8,,,,,158.06
0.9,,,,,158.07
1,,,,,158.08
1.1,,,,,158.09
1.2,,,,,158.1
1.2,,,,,158.11
1.3,,,,,158.12
1.4,,,,,158.13
1.5,,,,,158.14
1.6,,,,,158.15
1.6,,,,,158.16
1.7,,,,,158.17
1.8,,,,,158.18
3.6,,,,,158.19
5.4,,,,,158.2
7.1,,,,,158.21
8.9,,,,,158.22
10.7,,,,,158.23
12.5,,,,,158.24
14.3,,,,,158.25
16,,,,,158.26
17.8,,,,,158.27
19.6,,,,,158.28
20.2,,,,,158.29
20.8,,,,,158.3
21.3,,,,,158.31
21.9,,,,,158.32
22.5,,,,,158.33
23.1,,,,,158.34
23.7,,,,,158.35
24.2,,,,,158.36
24.8,,,,,158.37
25.4,,,,,158.38
25.4,,,,,158.39
25.4,,,,,158.4
25.4,,,,,158.41
25.4,,,,,158.42
25.4,,,,,158.43
25.4,,,,,158.44
25.4,,,,,158.45
25.4,,,,,158.46
25.4,,,,,158.47
25.4,,,,,158.48
24.2,,,,,158.49
23,,,,,158.5
21.8,,,,,158.51
20.6,,,,,158.52
19.4,,,,,158.53
18.1,,,,,158.54
16.9,,,,,158.55
15.7,,,,,158.56
14.5,,,,,158.57
13.3,,,,,158.58
12.2,,,,,158.59
11.2,,,,,158.6
10.1,,,,,158.61
9.1,,,,,158.62
8.1,,,,,158.63
7,,,,,158.64
5.9,,,,,158.65
4.9,,,,,158.66
3.8,,,,,158.67
2.8,,,,,158.68
2.7,,,,,158.69
2.5,,,,,158.7
2.4,,,,,158.71
2.2,,,,,158.72
2.1,,,,,158.73
1.9,,,,,158.74
1.8,,,,,158.75
1.6,,,,,158.76
1.5,,,,,158.77
1.3,,,,,158.78
1.5,,,,,158.79
1.6,,,,,158.8
1.8,,,,,158.81
1.9,,,,,158.82
2.1,,,,,158.83
2.2,,,,,158.84
2.4,,,,,158.85
2.5,,,,,158.86
2.7,,,,,158.87
2.8,,,,,158.88
4.7,,,,,158.89
6.5,,,,,158.9
8.4,,,,,158.91
10.3,,,,,158.92
12.2,,,,,158.93
14,,,,,158.94
15.9,,,,,158.95
17.8,,,,,158.96
19.6,,,,,158.97
21.5,,,,,158.98
22.8,,,,,158.99
24.1,,,,,159
25.3,,,,,159.01
26.6,,,,,159.02
27.9,,,,,159.03
29.2,,,,,159.04
30.5,,,,,159.05
31.7,,,,,159.06
33,,,,,159.07
34.3,,,,,159.08
35,,,,,159.09
35.7,,,,,159.1
36.3,,,,,159.11
37,,,,,159.12
37.7,,,,,159.13
38.4,,,,,159.14
39.1,,,,,159.15
39.7,,,,,159.16
40.4,,,,,159.17
41.1,,,,,159.18
40.4,,,,,159.19
39.7,,,,,159.2
39,,,,,159.21
38.3,,,,,159.22
37.5,,,,,159.23
36.8,,,,,159.24
36.1,,,,,159.25
35.4,,,,,159.26
34.7,,,,,159.27
34,,,,,159.28
33.9,,,,,159.29
33.8,,,,,159.3
33.7,,,,,159.31
33.6,,,,,159.32
33.5,,,,,159.33
33.4,,,,,159.34
33.3,,,,,159.35
33.2,,,,,159.36
33.1,,,,,159.37
33,,,,,159.38
33,,,,,159.39
33,,,,,159.4
32.9,,,,,159.41
32.9,,,,,159.42
32.9,,,,,159.43
32.9,,,,,159.44
32.9,,,,,159.45
32.8,,,,,159.46
32.8,,,,,159.47
32.8,,,,,159.48
32.9,,,,,159.49
33.1,,,,,159.5
33.2,,,,,159.51
33.4,,,,,159.52
33.6,,,,,159.53
33.7,,,,,159.54
33.8,,,,,159.55
34,,,,,159.56
34.1,,,,,159.57
34.3,,,,,159.58
34.3,,,,,159.59
34.2,,,,,159.6
34.2,,,,,159.61
34.2,,,,,159.62
34.2,,,,,159.63
34.1,,,,,159.64
34.1,,,,,159.65
34.1,,,,,159.66
34,,,,,159.67
34,,,,,159.68
34.4,,,,,159.69
34.9,,,,,159.7
35.3,,,,,159.71
35.7,,,,,159.72
36.2,,,,,159.73
36.6,,,,,159.74
37,,,,,159.75
37.4,,,,,159.76
37.9,,,,,159.77
38.3,,,,,159.78
39.3,,,,,159.79
40.3,,,,,159.8
41.3,,,,,159.81
42.3,,,,,159.82
43.4,,,,,159.83
44.4,,,,,159.84
45.4,,,,,159.85
46.4,,,,,159.86
47.4,,,,,159.87
48.4,,,,,159.88
48.3,,,,,159.89
48.2,,,,,159.9
48.2,,,,,159.91
48.1,,,,,159.92
48,,,,,159.93
47.9,,,,,159.94
47.8,,,,,159.95
47.8,,,,,159.96
47.7,,,,,159.97
47.6,,,,,159.98
47.5,,,,,159.99
47.5,,,,,160
47.4,,,,,160.01
47.3,,,,,160.02
47.2,,,,,160.03
47.2,,,,,160.04
47.1,,,,,160.05
47,,,,,160.06
47,,,,,160.07
46.9,,,,,160.08
47,,,,,160.09
47.2,,,,,160.1
47.3,,,,,160.11
47.5,,,,,160.12
47.6,,,,,160.13
47.7,,,,,160.14
47.9,,,,,160.15
48,,,,,160.16
48.2,,,,,160.17
48.3,,,,,160.18
48.4,,,,,160.19
48.5,,,,,160.2
48.7,,,,,160.21
48.8,,,,,160.22
48.9,,,,,160.23
49,,,,,160.24
49.1,,,,,160.25
49.3,,,,,160.26
49.4,,,,,160.27
49.5,,,,,160.28
49.4,,,,,160.29
49.4,,,,,160.3
49.3,,,,,160.31
49.3,,,,,160.32
49.2,,,,,160.33
49.2,,,,,160.34
49.1,,,,,160.35
49.1,,,,,160.36
49,,,,,160.37
49,,,,,160.38
48.9,,,,,160.39
48.8,,,,,160.4
48.6,,,,,160.41
48.5,,,,,160.42
48.4,,,,,160.43
48.3,,,,,160.44
48.2,,,,,160.45
48,,,,,160.46
47.9,,,,,160.47
47.8,,,,,160.48
48.1,,,,,160.49
48.4,,,,,160.5
48.7,,,,,160.51
49,,,,,160.52
49.3,,,,,160.53
49.6,,,,,160.54
49.9,,,,,160.55
50.2,,,,,160.56
50.5,,,,,160.57
50.8,,,,,160.58
50.8,,,,,160.59
50.9,,,,,160.6
50.9,,,,,160.61
51,,,,,160.62
51,,,,,160.63
51,,,,,160.64
51.1,,,,,160.65
51.1,,,,,160.66
51.2,,,,,160.67
51.2,,,,,160.68
51.2,,,,,160.69
51.2,,,,,160.7
51.2,,,,,160.71
51.2,,,,,160.72
51.2,,,,,160.73
51.3,,,,,160.74
51.3,,,,,160.75
51.3,,,,,160.76
51.3,,,,,160.77
51.3,,,,,160.78
50.9,,,,,160.79
50.5,,,,,160.8
50.2,,,,,160.81
49.8,,,,,160.82
49.4,,,,,160.83
49,,,,,160.84
48.6,,,,,160.85
48.3,,,,,160.86
47.9,,,,,160.87
47.5,,,,,160.88
44.1,,,,,160.89
40.7,,,,,160.9
37.3,,,,,160.91
33.9,,,,,160.92
30.6,,,,,160.93
27.2,,,,,160.94
23.8,,,,,160.95
20.4,,,,,160.96
17,,,,,160.97
13.6,,,,,160.98
12.2,,,,,160.99
10.9,,,,,161
9.5,,,,,161.01
8.2,,,,,161.02
6.8,,,,,161.03
5.4,,,,,161.04
4.1,,,,,161.05
2.7,,,,,161.06
1.4,,,,,161.07
0,,,,,161.08
0.1,,,,,161.09
0.2,,,,,161.1
0.3,,,,,161.11
0.4,,,,,161.12
0.6,,,,,161.13
0.7,,,,,161.14
0.8,,,,,161.15
0.9,,,,,161.16
1,,,,,161.17
1.1,,,,,161.18
1.5,,,,,161.19
1.8,,,,,161.2
2.2,,,,,161.21
2.6,,,,,161.22
3,,,,,161.23
3.3,,,,,161.24
3.7,,,,,161.25
4.1,,,,,161.26
4.4,,,,,161.27
4.8,,,,,161.28
5,,,,,161.29
5.3,,,,,161.3
5.5,,,,,161.31
5.8,,,,,161.32
6,,,,,161.33
6.2,,,,,161.34
6.5,,,,,161.35
6.7,,,,,161.36
7,,,,,161.37
7.2,,,,,161.38
7,,,,,161.39
6.8,,,,,161.4
6.6,,,,,161.41
6.4,,,,,161.42
6.2,,,,,161.43
6,,,,,161.44
5.8,,,,,161.45
5.6,,,,,161.46
5.4,,,,,161.47
5.2,,,,,161.48
5.7,,,,,161.49
6.2,,,,,161.5
6.6,,,,,161.51
7.1,,,,,161.52
7.6,,,,,161.53
8.1,,,,,161.54
8.6,,,,,161.55
9,,,,,161.56
9.5,,,,,161.57
10,,,,,161.58
11,,,,,161.59
12,,,,,161.6
13,,,,,161.61
14,,,,,161.62
15,,,,,161.63
16,,,,,161.64
17,,,,,161.65
18,,,,,161.66
19,,,,,161.67
20,,,,,161.68
19.8,,,,,161.69
19.5,,,,,161.7
19.3,,,,,161.71
19,,,,,161.72
18.8,,,,,161.73
18.5,,,,,161.74
18.3,,,,,161.75
18,,,,,161.76
17.8,,,,,161.77
17.5,,,,,161.78
17.8,,,,,161.79
18.1,,,,,161.8
18.4,,,,,161.81
18.7,,,,,161.82
19.1,,,,,161.83
19.4,,,,,161.84
19.7,,,,,161.85
20,,,,,161.86
20.3,,,,,161.87
20.6,,,,,161.88
19.4,,,,,161.89
18.1,,,,,161.9
16.9,,,,,161.91
15.7,,,,,161.92
14.5,,,,,161.93
13.2,,,,,161.94
12,,,,,161.95
10.8,,,,,161.96
9.5,,,,,161.97
8.3,,,,,161.98
7.5,,,,,161.99
6.7,,,,,162
5.9,,,,,162.01
5.1,,,,,162.02
4.3,,,,,162.03
3.5,,,,,162.04
2.7,,,,,162.05
1.9,,,,,162.06
1.1,,,,,162.07
0.3,,,,,162.08
0.3,,,,,162.09
0.2,,,,,162.1
0.2,,,,,162.11
0.2,,,,,162.12
0.2,,,,,162.13
0.1,,,,,162.14
0.1,,,,,162.15
0.1,,,,,162.16
0,,,,,162.17
0,,,,,162.18
0,,,,,162.19
0,,,,,162.2
0,,,,,162.21
0,,,,,162.22
0,,,,,162.23
0,,,,,162.24
0,,,,,162.25
0,,,,,162.26
0,,,,,162.27
0,,,,,162.28
0,,,,,162.29
0,,,,,162.3
0,,,,,162.31
0,,,,,162.32
0,,,,,162.33
0,,,,,162.34
0,,,,,162.35
0,,,,,162.36
0,,,,,162.37
0,,,,,162.38
0,,,,,162.39
0,,,,,162.4
0,,,,,162.41
0,,,,,162.42
0,,,,,162.43
0,,,,,162.44
0,,,,,162.45
0,,,,,162.46
0,,,,,162.47
0,,,,,162.48
0,,,,,162.49
0,,,,,162.5
0,,,,,162.51
0,,,,,162.52
0,,,,,162.53
0,,,,,162.54
0,,,,,162.55
0,,,,,162.56
0,,,,,162.57
0,,,,,162.58
0,,,,,162.59
0,,,,,162.6
0,,,,,162.61
0,,,,,162.62
0,,,,,162.63
0,,,,,162.64
0,,,,,162.65
0,,,,,162.66
0,,,,,162.67
0,,,,,162.68
0,,,,,162.69
0,,,,,162.7
0,,,,,162.71
0,,,,,162.72
0,,,,,162.73
0,,,,,162.74
0,,,,,162.75
0,,,,,162.76
0,,,,,162.77
0,,,,,162.78
0,,,,,162.79
0,,,,,162.8
0,,,,,162.81
0,,,,,162.82
0,,,,,162.83
0,,,,,162.84
0,,,,,162.85
0,,,,,162.86
0,,,,,162.87
0,,,,,162.88
0,,,,,162.89
0,,,,,162.9
0,,,,,162.91
0,,,,,162.92
0,,,,,162.93
0,,,,,162.94
0,,,,,162.95
0,,,,,162.96
0,,,,,162.97
0,,,,,162.98
0,,,,,162.99
0,,,,,163
0,,,,,163.01
0,,,,,163.02
0,,,,,163.03
0,,,,,163.04
0,,,,,163.05
0,,,,,163.06
0,,,,,163.07
0,,,,,163.08
0,,,,,163.09
0,,,,,163.1
0,,,,,163.11
0,,,,,163.12
0,,,,,163.13
0,,,,,163.14
0,,,,,163.15
0,,,,,163.16
0,,,,,163.17
0,,,,,163.18
0,,,,,163.19
0,,,,,163.2
0,,,,,163.21
0,,,,,163.22
0,,,,,163.23
0,,,,,163.24
0,,,,,163.25
0,,,,,163.26
0,,,,,163.27
0,,,,,163.28
0,,,,,163.29
0,,,,,163.3
0,,,,,163.31
0,,,,,163.32
0,,,,,163.33
0,,,,,163.34
0,,,,,163.35
0,,,,,163.36
0,,,,,163.37
0,,,,,163.38
0,,,,,163.39
0,,,,,163.4
0,,,,,163.41
0,,,,,163.42
0,,,,,163.43
0,,,,,163.44
0,,,,,163.45
0,,,,,163.46
0,,,,,163.47
0,,,,,163.48
0,,,,,163.49
0,,,,,163.5
0,,,,,163.51
0,,,,,163.52
0,,,,,163.53
0,,,,,163.54
0,,,,,163.55
0,,,,,163.56
0,,,,,163.57
0,,,,,163.58
0,,,,,163.59
0,,,,,163.6
0,,,,,163.61
0,,,,,163.62
0,,,,,163.63
0,,,,,163.64
0,,,,,163.65
0,,,,,163.66
0,,,,,163.67
0,,,,,163.68
0,,,,,163.69
0,,,,,163.7
0,,,,,163.71
0,,,,,163.72
0,,,,,163.73
0,,,,,163.74
0,,,,,163.75
0,,,,,163.76
0,,,,,163.77
0,,,,,163.78
0,,,,,163.79
0,,,,,163.8
0,,,,,163.81
0,,,,,163.82
0,,,,,163.83
0,,,,,163.84
0,,,,,163.85
0,,,,,163.86
0,,,,,163.87
0,,,,,163.88
0,,,,,163.89
0,,,,,163.9
0,,,,,163.91
0,,,,,163.92
0,,,,,163.93
0,,,,,163.94
0,,,,,163.95
0,,,,,163.96
0,,,,,163.97
0,,,,,163.98
0,,,,,163.99
0,,,,,164
0,,,,,164.01
0,,,,,164.02
0,,,,,164.03
0,,,,,164.04
0,,,,,164.05
0,,,,,164.06
0,,,,,164.07
0,,,,,164.08
0,,,,,164.09
0,,,,,164.1
0,,,,,164.11
0,,,,,164.12
0,,,,,164.13
0,,,,,164.14
0,,,,,164.15
0,,,,,164.16
0,,,,,164.17
0,,,,,164.18
0,,,,,164.19
0,,,,,164.2
0,,,,,164.21
0,,,,,164.22
0,,,,,164.23
0,,,,,164.24
0,,,,,164.25
0,,,,,164.26
0,,,,,164.27
0,,,,,164.28
0,,,,,164.29
0,,,,,164.3
0,,,,,164.31
0,,,,,164.32
0,,,,,164.33
0,,,,,164.34
0,,,,,164.35
0,,,,,164.36
0,,,,,164.37
0,,,,,164.38
0,,,,,164.39
0,,,,,164.4
0,,,,,164.41
0,,,,,164.42
0,,,,,164.43
0,,,,,164.44
0,,,,,164.45
0,,,,,164.46
0,,,,,164.47
0,,,,,164.48
0,,,,,164.49
0,,,,,164.5
0,,,,,164.51
0,,,,,164.52
0,,,,,164.53
0,,,,,164.54
0,,,,,164.55
0,,,,,164.56
0,,,,,164.57
0,,,,,164.58
0,,,,,164.59
0,,,,,164.6
0,,,,,164.61
0,,,,,164.62
0,,,,,164.63
0,,,,,164.64
0,,,,,164.65
0,,,,,164.66
0,,,,,164.67
0,,,,,164.68
0,,,,,164.69
0,,,,,164.7
0,,,,,164.71
0,,,,,164.72
0,,,,,164.73
0,,,,,164.74
0,,,,,164.75
0,,,,,164.76
0,,,,,164.77
0,,,,,164.78
0,,,,,164.79
0,,,,,164.8
0,,,,,164.81
0,,,,,164.82
0,,,,,164.83
0,,,,,164.84
0,,,,,164.85
0,,,,,164.86
0,,,,,164.87
0,,,,,164.88
0,,,,,164.89
0,,,,,164.9
0,,,,,164.91
0,,,,,164.92
0,,,,,164.93
0,,,,,164.94
0,,,,,164.95
0,,,,,164.96
0,,,,,164.97
0,,,,,164.98
0,,,,,164.99
0,,,,,165
0,,,,,165.01
0,,,,,165.02
0,,,,,165.03
0,,,,,165.04
0,,,,,165.05
0,,,,,165.06
0,,,,,165.07
0,,,,,165.08
0,,,,,165.09
0,,,,,165.1
0,,,,,165.11
0,,,,,165.12
0,,,,,165.13
0,,,,,165.14
0,,,,,165.15
0,,,,,165.16
0,,,,,165.17
0,,,,,165.18
0,,,,,165.19
0,,,,,165.2
0,,,,,165.21
0,,,,,165.22
0,,,,,165.23
0,,,,,165.24
0,,,,,165.25
0,,,,,165.26
0,,,,,165.27
0,,,,,165.28
0,,,,,165.29
0,,,,,165.3
0,,,,,165.31
0,,,,,165.32
0,,,,,165.33
0,,,,,165.34
0,,,,,165.35
0,,,,,165.36
0,,,,,165.37
0,,,,,165.38
0,,,,,165.39
0,,,,,165.4
0,,,,,165.41
0,,,,,165.42
0,,,,,165.43
0,,,,,165.44
0,,,,,165.45
0,,,,,165.46
0,,,,,165.47
0,,,,,165.48
0,,,,,165.49
0,,,,,165.5
0,,,,,165.51
0,,,,,165.52
0,,,,,165.53
0,,,,,165.54
0,,,,,165.55
0,,,,,165.56
0,,,,,165.57
0,,,,,165.58
0,,,,,165.59
0,,,,,165.6
0,,,,,165.61
0,,,,,165.62
0,,,,,165.63
0,,,,,165.64
0,,,,,165.65
0,,,,,165.66
0,,,,,165.67
0,,,,,165.68
0,,,,,165.69
0,,,,,165.7
0,,,,,165.71
0,,,,,165.72
0,,,,,165.73
0,,,,,165.74
0,,,,,165.75
0,,,,,165.76
0,,,,,165.77
0,,,,,165.78
0,,,,,165.79
0,,,,,165.8
0,,,,,165.81
0,,,,,165.82
0,,,,,165.83
0,,,,,165.84
0,,,,,165.85
0,,,,,165.86
0,,,,,165.87
0,,,,,165.88
0,,,,,165.89
0,,,,,165.9
0,,,,,165.91
0,,,,,165.92
0,,,,,165.93
0,,,,,165.94
0,,,,,165.95
0,,,,,165.96
0,,,,,165.97
0,,,,,165.98
0,,,,,165.99
0,,,,,166
0,,,,,166.01
0,,,,,166.02
0,,,,,166.03
0,,,,,166.04
0,,,,,166.05
0,,,,,166.06
0,,,,,166.07
0,,,,,166.08
0,,,,,166.09
0,,,,,166.1
0,,,,,166.11
0,,,,,166.12
0,,,,,166.13
0,,,,,166.14
0,,,,,166.15
0,,,,,166.16
0,,,,,166.17
0,,,,,166.18
0,,,,,166.19
0,,,,,166.2
0,,,,,166.21
0,,,,,166.22
0,,,,,166.23
0,,,,,166.24
0,,,,,166.25
0,,,,,166.26
0,,,,,166.27
0,,,,,166.28
0,,,,,166.29
0,,,,,166.3
0,,,,,166.31
0,,,,,166.32
0,,,,,166.33
0,,,,,166.34
0,,,,,166.35
0,,,,,166.36
0,,,,,166.37
0,,,,,166.38
0,,,,,166.39
0,,,,,166.4
0,,,,,166.41
0,,,,,166.42
0,,,,,166.43
0,,,,,166.44
0,,,,,166.45
0,,,,,166.46
0,,,,,166.47
0,,,,,166.48
0,,,,,166.49
0,,,,,166.5
0,,,,,166.51
0,,,,,166.52
0,,,,,166.53
0,,,,,166.54
0,,,,,166.55
0,,,,,166.56
0,,,,,166.57
0,,,,,166.58
0,,,,,166.59
0,,,,,166.6
0,,,,,166.61
0,,,,,166.62
0,,,,,166.63
0,,,,,166.64
0,,,,,166.65
0,,,,,166.66
0,,,,,166.67
0,,,,,166.68
0,,,,,166.69
0,,,,,166.7
0,,,,,166.71
0,,,,,166.72
0,,,,,166.73
0,,,,,166.74
0,,,,,166.75
0,,,,,166.76
0,,,,,166.77
0,,,,,166.78
0,,,,,166.79
0,,,,,166.8
0,,,,,166.81
0,,,,,166.82
0,,,,,166.83
0,,,,,166.84
0,,,,,166.85
0,,,,,166.86
0,,,,,166.87
0,,,,,166.88
0,,,,,166.89
0,,,,,166.9
0,,,,,166.91
0,,,,,166.92
0,,,,,166.93
0,,,,,166.94
0,,,,,166.95
0,,,,,166.96
0,,,,,166.97
0,,,,,166.98
0,,,,,166.99
0,,,,,167
0,,,,,167.01
0,,,,,167.02
0,,,,,167.03
0,,,,,167.04
0,,,,,167.05
0,,,,,167.06
0,,,,,167.07
0,,,,,167.08
0,,,,,167.09
0,,,,,167.1
0,,,,,167.11
0,,,,,167.12
0,,,,,167.13
0,,,,,167.14
0,,,,,167.15
0,,,,,167.16
0,,,,,167.17
0,,,,,167.18
0,,,,,167.19
0,,,,,167.2
0,,,,,167.21
0,,,,,167.22
0,,,,,167.23
0,,,,,167.24
0,,,,,167.25
0,,,,,167.26
0,,,,,167.27
0,,,,,167.28
0,,,,,167.29
0,,,,,167.3
0,,,,,167.31
0,,,,,167.32
0,,,,,167.33
0,,,,,167.34
0,,,,,167.35
0,,,,,167.36
0,,,,,167.37
0,,,,,167.38
0,,,,,167.39
0,,,,,167.4
0,,,,,167.41
0,,,,,167.42
0,,,,,167.43
0,,,,,167.44
0,,,,,167.45
0,,,,,167.46
0,,,,,167.47
0,,,,,167.48
0,,,,,167.49
0,,,,,167.5
0,,,,,167.51
0,,,,,167.52
0,,,,,167.53
0,,,,,167.54
0,,,,,167.55
0,,,,,167.56
0,,,,,167.57
0,,,,,167.58
0,,,,,167.59
0,,,,,167.6
0,,,,,167.61
0,,,,,167.62
0,,,,,167.63
0,,,,,167.64
0,,,,,167.65
0,,,,,167.66
0,,,,,167.67
0,,,,,167.68
0,,,,,167.69
0,,,,,167.7
0,,,,,167.71
0,,,,,167.72
0,,,,,167.73
0,,,,,167.74
0,,,,,167.75
0,,,,,167.76
0,,,,,167.77
0,,,,,167.78
0,,,,,167.79
0,,,,,167.8
0,,,,,167.81
0,,,,,167.82
0,,,,,167.83
0,,,,,167.84
0,,,,,167.85
0,,,,,167.86
0,,,,,167.87
0,,,,,167.88
0,,,,,167.89
0,,,,,167.9
0,,,,,167.91
0,,,,,167.92
0,,,,,167.93
0,,,,,167.94
0,,,,,167.95
0,,,,,167.96
0,,,,,167.97
0,,,,,167.98
0,,,,,167.99
0,,,,,168
0,,,,,168.01
0,,,,,168.02
0,,,,,168.03
0,,,,,168.04
0,,,,,168.05
0,,,,,168.06
0,,,,,168.07
0,,,,,168.08
0,,,,,168.09
0,,,,,168.1
0,,,,,168.11
0,,,,,168.12
0,,,,,168.13
0,,,,,168.14
0,,,,,168.15
0,,,,,168.16
0,,,,,168.17
0,,,,,168.18
0,,,,,168.19
0,,,,,168.2
0,,,,,168.21
0,,,,,168.22
0,,,,,168.23
0,,,,,168.24
0,,,,,168.25
0,,,,,168.26
0,,,,,168.27
0,,,,,168.28
0,,,,,168.29
0,,,,,168.3
0,,,,,168.31
0,,,,,168.32
0,,,,,168.33
0,,,,,168.34
0,,,,,168.35
0,,,,,168.36
0,,,,,168.37
0,,,,,168.38
0,,,,,168.39
0,,,,,168.4
0,,,,,168.41
0,,,,,168.42
0,,,,,168.43
0,,,,,168.44
0,,,,,168.45
0,,,,,168.46
0,,,,,168.47
0,,,,,168.48
0,,,,,168.49
0,,,,,168.5
0,,,,,168.51
0,,,,,168.52
0,,,,,168.53
0,,,,,168.54
0,,,,,168.55
0,,,,,168.56
0,,,,,168.57
0,,,,,168.58
0,,,,,168.59
0,,,,,168.6
0,,,,,168.61
0,,,,,168.62
0,,,,,168.63
0,,,,,168.64
0,,,,,168.65
0,,,,,168.66
0,,,,,168.67
0,,,,,168.68
0,,,,,168.69
0,,,,,168.7
0,,,,,168.71
0,,,,,168.72
0,,,,,168.73
0,,,,,168.74
0,,,,,168.75
0,,,,,168.76
0,,,,,168.77
0,,,,,168.78
0,,,,,168.79
0,,,,,168.8
0,,,,,168.81
0,,,,,168.82
0,,,,,168.83
0,,,,,168.84
0,,,,,168.85
0,,,,,168.86
0,,,,,168.87
0,,,,,168.88
0,,,,,168.89
0,,,,,168.9
0,,,,,168.91
0,,,,,168.92
0,,,,,168.93
0,,,,,168.94
0,,,,,168.95
0,,,,,168.96
0,,,,,168.97
0,,,,,168.98
0,,,,,168.99
0,,,,,169
0,,,,,169.01
0,,,,,169.02
0,,,,,169.03
0,,,,,169.04
0,,,,,169.05
0,,,,,169.06
0,,,,,169.07
0,,,,,169.08
0,,,,,169.09
0,,,,,169.1
0,,,,,169.11
0,,,,,169.12
0,,,,,169.13
0,,,,,169.14
0,,,,,169.15
0,,,,,169.16
0,,,,,169.17
0,,,,,169.18
0,,,,,169.19
0,,,,,169.2
0,,,,,169.21
0,,,,,169.22
0,,,,,169.23
0,,,,,169.24
0,,,,,169.25
0,,,,,169.26
0,,,,,169.27
0,,,,,169.28
0,,,,,169.29
0,,,,,169.3
0,,,,,169.31
0,,,,,169.32
0,,,,,169.33
0,,,,,169.34
0,,,,,169.35
0,,,,,169.36
0,,,,,169.37
0,,,,,169.38
0,,,,,169.39
0,,,,,169.4
0,,,,,169.41
0,,,,,169.42
0,,,,,169.43
0,,,,,169.44
0,,,,,169.45
0,,,,,169.46
0,,,,,169.47
0,,,,,169.48
0,,,,,169.49
0,,,,,169.5
0,,,,,169.51
0,,,,,169.52
0,,,,,169.53
0,,,,,169.54
0,,,,,169.55
0,,,,,169.56
0,,,,,169.57
0,,,,,169.58
0,,,,,169.59
0,,,,,169.6
0,,,,,169.61
0,,,,,169.62
0,,,,,169.63
0,,,,,169.64
0,,,,,169.65
0,,,,,169.66
0,,,,,169.67
0,,,,,169.68
0,,,,,169.69
0,,,,,169.7
0,,,,,169.71
0,,,,,169.72
0,,,,,169.73
0,,,,,169.74
0,,,,,169.75
0,,,,,169.76
0,,,,,169.77
0,,,,,169.78
0,,,,,169.79
0,,,,,169.8
0,,,,,169.81
0,,,,,169.82
0,,,,,169.83
0,,,,,169.84
0,,,,,169.85
0,,,,,169.86
0,,,,,169.87
0,,,,,169.88
0,,,,,169.89